<?xml version="1.0" encoding="utf-8"?>
<COLLADA xmlns="http://www.collada.org/2005/11/COLLADASchema" version="1.4.1" xmlns:xsi="http://www.w3.org/2001/XMLSchema-instance">
  <asset>
    <contributor>
      <author>Blender User</author>
      <authoring_tool>Blender 4.1.1 commit date:2024-04-15, commit time:15:11, hash:e1743a0317bc</authoring_tool>
    </contributor>
    <created>2026-09-28T10:19:16</created>
    <modified>2026-09-28T10:19:16</modified>
    <unit name="meter" meter="1"/>
    <up_axis>Z_UP</up_axis>
  </asset>
  <library_images/>
  <library_geometries>
    <geometry id="tree-mesh" name="tree">
      <mesh>
        <source id="tree-mesh-positions">
          <float_array id="tree-mesh-positions-array" count="10422">-0.1186797 -0.2048491 2.28105e-4 0.1169956 -0.2026425 0 0.2325835 -3.82901e-4 3.81921e-5 0.1153725 0.2010275 8.02103e-5 -0.1185747 0.2016469 3.73373e-5 -0.2370066 -0.002055287 2.43446e-4 0.1390143 -0.1665152 0.3959378 -0.08241593 -0.1673062 0.380864 0.2499005 0.02326524 0.34505 0.1379187 0.2144006 0.3645139 -0.08300942 0.2134364 0.4236381 -0.1930294 0.02059239 0.3848376 0.2062146 -0.008540868 0.5679259 0.09571599 0.1771083 0.5821798 -0.1456856 -0.2157406 0.520916 0.03496319 -0.2414606 0.6306263 0.09546375 -0.09577715 0.7703708 -0.01758539 0.08126693 0.7978008 -0.1957533 0.108285 0.6853089 -0.2516542 -0.0338732 0.5360795 -0.114012 -0.2587497 0.9687417 -0.4390662 -0.1990856 0.7464408 -0.334255 -0.3668605 0.7287589 -0.1666589 -0.393007 0.8325324 -0.2306854 -0.105773 0.9962796 -0.3830772 -0.06356126 0.8829622 -0.1499011 -0.2731969 0.9846861 -0.3732364 -0.3878682 0.8134767 -0.222001 -0.4065035 0.892593 -0.4086347 -0.1220767 0.9376543 -0.4640476 -0.2425011 0.8268925 -0.211581 -0.3096753 1.044534 -0.2780991 -0.1553156 1.040391 -0.3543343 -0.3715159 0.8090752 -0.3153155 -0.4312934 0.9472561 -0.3114007 -0.3391854 1.075522 -0.3443273 -0.1874623 1.066923 -0.3863485 -0.1287837 0.9274774 -0.400882 -0.2218775 0.8026434 -0.4207503 -0.3726107 0.8400827 -0.3829678 -0.207487 1.056354 -0.5029703 -0.2003884 0.9664582 -0.4298107 -0.3420211 1.065032 -0.4688129 -0.2407035 1.057329 -0.523808 -0.3942 1.009076 -0.5346301 -0.2634602 0.8955132 -0.542423 -0.3619771 0.9227474 -0.4940654 -0.3339279 1.080424 -0.5194581 -0.2693954 0.9075385 -0.4918626 -0.2400357 1.055889 -0.4807745 -0.2236295 0.9697064 -0.5906285 -0.3507631 1.012715 -0.5524921 -0.3024599 1.076646 -0.6189935 -0.2640125 0.9410032 -0.5777393 -0.2228093 0.9275484 -0.5628225 -0.2032612 1.027475 -0.6028979 -0.2433363 1.042497 -0.5500735 -0.1928254 0.9715004 -0.6305558 -0.2737888 1.000272 0.0469771 -0.1428485 0.6180912 0.1494343 0.01671755 0.6180949 0.1024626 0.1595398 0.5025151 -0.04696464 0.1428529 0.3869051 -0.1493573 -0.01673465 0.3869643 -0.1024314 -0.1595844 0.5025207 -0.4227505 0.375936 0.8498304 -0.3337816 0.1109237 1.060499 -0.2403414 0.2580459 1.061592 -0.2841928 0.3907766 0.9565462 -0.5239561 0.2353863 0.8655664 -0.472715 0.09545695 0.955644 -0.3658388 0.4065328 1.038894 -0.4888548 0.4005749 0.9614161 -0.5262071 0.1615754 1.04218 -0.3181297 0.2937631 1.121884 -0.4021806 0.1681135 1.121103 -0.5885695 0.2929961 0.9982308 -0.3169884 0.2758733 1.074093 -0.5389107 0.1898306 1.105176 -0.3985781 0.1712951 1.099367 -0.5003069 0.4210435 1.08666 -0.5767402 0.3236802 1.121917 -0.3684377 0.3996368 1.078485 -0.5109887 0.3598769 1.498476 -0.3947021 0.3415477 1.486906 -0.3238085 0.4336636 1.466555 -0.3712171 0.5370703 1.431084 -0.4855105 0.5583508 1.457179 -0.5580181 0.4646364 1.471172 -0.36116 0.3692854 1.644734 -0.2916859 0.4557518 1.622529 -0.3267802 0.5620785 1.638628 -0.4313486 0.5819388 1.676932 -0.5008227 0.4954724 1.699137 -0.4278452 0.3839534 1.777192 -0.3016648 0.3439918 1.762039 -0.234122 0.428602 1.746793 -0.2470416 0.5193607 1.801474 -0.3374778 0.537387 1.862025 -0.4040125 0.4509328 1.878709 -0.08470344 0.1934755 2.03823 -0.02572 0.2654408 2.020008 -0.02978038 0.3390602 2.082458 -0.06411433 0.320258 2.186783 -0.1545639 0.2771717 2.156392 -0.1672862 0.205938 2.083769 -0.02279287 0.1649764 2.262724 0.08972287 0.2053949 2.232087 0.0749455 0.2668014 2.257185 0.1491609 0.1351549 2.405991 0.09338408 0.189404 2.451871 0.1225625 0.233131 2.440701 0.1771891 0.1803522 2.39538 0.1054959 0.146237 2.436244 0.1646274 0.2276566 2.412198 -0.1384826 -0.1014057 0.6344573 0.07089686 -0.1563447 0.6344543 0.2093924 -0.05498474 0.5025308 0.1384704 0.1013243 0.3706098 -0.07089895 0.156336 0.3705429 -0.209347 0.05491209 0.5025136 0.09675627 0.7652218 1.026836 0.03527426 0.5283766 1.272634 0.2278023 0.477171 1.270875 0.355973 0.5701413 1.14977 0.2907602 0.7147876 1.027855 -0.03017431 0.6739053 1.152363 0.3552447 0.6782007 1.263908 0.08448779 0.6524741 1.377024 0.3005884 0.8084796 1.171056 0.1366226 0.8587353 1.179488 0.009376406 0.7339411 1.225892 0.2399258 0.5964441 1.364737 0.04534149 0.8085924 1.317317 0.2580946 0.6164527 1.373669 0.3185405 0.6582918 1.236868 0.1550111 0.7221422 1.447726 0.2922934 0.7950022 1.169191 0.2065615 0.9000698 1.24971 0.1250358 0.8635349 1.382267 0.3785253 0.7010535 1.279979 0.1998194 0.8814107 1.406734 0.3463085 0.8328463 1.513924 0.4287354 0.7665357 1.473403 0.2901551 0.9186993 1.451456 0.3644139 0.9528288 1.365481 0.4934938 0.8085308 1.388094 0.4690049 0.910721 1.343822 0.3036566 0.9150233 1.44598 0.451704 0.8462903 1.525687 0.5134046 0.886239 1.451897 0.4566838 1.036055 1.477641 0.3803193 1.041257 1.474956 0.369695 0.975783 1.594424 0.4930298 1.006098 1.543614 0.4491926 0.9749494 1.600206 0.3407773 1.027594 1.537922 0.3782093 1.058115 1.596684 0.450184 1.056301 1.599336 0.3859011 1.117207 1.566592 0.4452276 1.116189 1.569146 0.4766137 1.105188 1.519942 0.3901625 1.096361 1.466168 0.4490865 1.095371 1.468803 0.3583732 1.107316 1.515192 -0.1392284 0.1003814 0.6344489 -0.126779 -0.1157289 0.6344482 0.01242148 -0.2161185 0.5025205 0.139159 -0.1003679 0.3706051 0.1267753 0.1157394 0.3705429 -0.01246547 0.2160829 0.5025113 0.7920286 0.145855 1.061772 0.5459568 0.1315006 1.305588 0.5565759 -0.06741154 1.304 0.6841814 -0.1606987 1.182243 0.803404 -0.05362051 1.062244 0.6620685 0.2386143 1.18312 0.6680793 0.1244935 1.396955 0.8054219 -0.1235395 1.309133 0.780994 0.2131601 1.303432 0.8655182 -0.04000657 1.156064 0.9185514 0.1345087 1.23793 0.6812887 -0.04215002 1.397413 0.9429414 -0.02825599 1.266494 0.6643775 0.1108205 1.349868 0.7923282 0.2049321 1.331991 0.6799263 -0.04109489 1.362771 0.8198564 -0.1035305 1.386814 0.9512663 -0.01289749 1.392972 0.9372184 0.1427941 1.360099 0.9071502 0.1441288 1.441154 0.9216244 -7.89168e-4 1.459184 0.5789247 0.0942341 2.033606 0.6863192 0.2883349 1.939262 0.5429113 0.2601437 2.171389 0.6155212 0.170639 2.588657 0.7149587 0.2457513 2.598157 0.7217167 0.341888 2.468939 0.4556037 0.3338903 2.953463 0.4278696 0.4969972 3.10898 0.5248847 0.545296 3.041768 0.494797 0.4568008 3.519076 0.614792 0.4359828 3.2302 0.5535153 0.6574221 3.636718 0.3856738 0.6376048 3.615319 0.3892712 0.5500369 3.665735 0.5563697 0.5761105 3.702027 0.4643384 0.6994842 3.623254 0.4646147 0.5402032 3.744485 0.3245829 0.7575973 3.821878 0.3225396 0.6841067 3.880741 0.397711 0.6642357 3.933885 0.4749255 0.7178553 3.928166 0.4769688 0.791346 3.869303 0.4017975 0.811217 3.816159 0.2299313 0.9092047 3.962291 0.2172259 0.8553282 4.03328 0.2784689 0.8533272 4.09742 0.3526712 0.9006056 4.092138 0.3677486 0.9509822 4.01818 0.3031981 0.9578416 3.956995 -0.002337276 1.260291 4.129495 -0.01017677 1.305846 4.283399 0.05370801 1.374813 4.226964 -0.0501663 1.309327 4.237817 0.043118 1.338885 4.278358 0.01089692 1.375069 4.184093 -0.03693258 1.343053 4.191585 0.05246496 0.1634312 0.6344392 -0.1492248 0.08480459 0.6344349 -0.2016724 -0.07860499 0.5025022 -0.05247914 -0.1634428 0.3705429 0.1491736 -0.08477479 0.3705964 0.2016768 0.07863116 0.5025058 0.1428613 -0.6426367 0.9121457 0.2406471 -0.3426292 1.158361 0.05509835 -0.4154196 1.157717 0.005994081 -0.5660622 1.036875 0.3299542 -0.5711838 0.9139781 0.3786126 -0.4213186 1.037219 0.2659588 -0.4431009 1.228042 0.1909433 -0.7135984 1.041639 0.0622152 -0.6325169 1.120335 0.3378373 -0.6199516 0.9928215 0.3788571 -0.4818849 1.097266 0.1054931 -0.4999731 1.22756 0.1143357 -0.4839693 1.184178 0.3529257 -0.6848513 1.089296 0.3911642 -0.5467457 1.173892 0.2600384 -0.4704052 1.254219 0.0786789 -0.6120575 1.101983 0.1826731 -0.7320289 1.088901 0.3008266 -0.7368096 1.190056 0.3407277 -0.6072849 1.272155 0.1310387 -0.5530463 1.399403 -0.02489715 -0.7856007 1.41645 0.04516965 -0.5396506 1.297807 0.1856509 -0.6632847 1.429416 0.04872459 -0.7868078 1.510895 -0.07690757 -0.6011142 1.499022 -0.1189058 -0.6951878 1.464475 -0.07825106 -0.6242212 1.689232 -0.02898907 -0.7093431 1.706339 -0.3723014 -0.7298269 1.91747 -0.2297635 -0.7981688 1.915219 -0.3459355 -0.6622662 1.950205 -0.3275998 -0.7975977 1.921049 -0.2582103 -0.7289908 2.028282 -0.2929378 -0.6621174 2.010301 -0.4957559 -0.7568669 2.295773 -0.5445421 -0.7545828 2.262667 -0.5414423 -0.6524825 2.256944 -0.567565 -0.70366 2.243288 -0.4923023 -0.652262 2.289987 -0.4693318 -0.7033022 2.309355 -0.3334187 -0.2655963 0.9347319 -0.332979 -0.2823703 0.9279825 -0.317512 -0.2672448 0.9285963 -0.2982319 -0.3039229 0.9910088 -0.2754706 -0.312697 1.123564 -0.2414409 -0.3528887 1.227059 -0.2466306 -0.3394071 1.172703 -0.2267348 -0.342863 1.225524 -0.2042068 -0.3818369 1.246232 -0.1411813 -0.445752 1.311786 -0.1498759 -0.4597521 1.312494 -0.1464768 -0.4532567 1.297766 -0.009155333 -0.6165252 1.33831 0.01775616 -0.6699981 1.367731 0.00655657 -0.6617138 1.352642 0.02683621 -0.6678056 1.357867 0.02354615 -0.6617694 1.364547 0.03278213 -0.6743101 1.367115 0.1130616 -0.6528898 1.411298 0.1101881 -0.6470999 1.414262 0.11325 -0.6456593 1.408041 -0.4491627 0.2982248 1.067677 -0.4511173 0.2985098 1.037308 -0.4580785 0.2742728 1.049177 -0.5818149 0.3231689 1.076735 -0.591327 0.3482822 1.066517 -0.5386105 0.3097467 1.044686 -0.5585547 0.3302929 1.074761 -0.6120201 0.3487634 1.061411 -0.6031938 0.3238872 1.065036 -0.6385036 0.3540626 1.072213 -0.6192275 0.3674533 1.0742 -0.6700505 0.4451274 1.014 -0.6697316 0.4536831 1.033371 -0.6658859 0.4649766 1.016429 -0.6999468 0.491734 1.010387 -0.6958003 0.4920971 1.020461 -0.6789536 0.5107856 1.023094 -0.6868563 0.5124096 1.007415 -0.6596289 0.6617861 1.054723 -0.6669918 0.6606349 1.062891 -0.6574387 0.6584287 1.065311 0.1981799 0.7244775 1.303282 0.2111588 0.7421862 1.30308 0.2091507 0.7597209 1.288151 0.1920599 0.7576704 1.272642 0.1760812 0.7361246 1.272733 0.1826213 0.7235631 1.288438 0.07601237 0.8121533 1.401885 0.08157819 0.8562881 1.419381 0.02602529 0.8763819 1.482607 0.01485806 0.9055449 1.46982 0.02070397 0.9039657 1.498515 -0.03249639 0.9375669 1.517494 -0.0377652 0.936657 1.536266 -0.08496195 1.005286 1.598253 -0.04912114 0.9890657 1.571549 -0.07432913 1.004404 1.569736 -0.07147926 1.020974 1.593595 -0.07551908 1.009354 1.618449 -0.09074437 1.023227 1.613805 -0.08943128 1.006751 1.693411 -0.09161186 1.021862 1.692156 -0.1021466 1.011888 1.690818 0.8031137 0.052055 1.339543 0.8024098 0.03631627 1.340955 0.804758 0.02577215 1.324416 0.8072067 0.03635299 1.311057 0.8077399 0.05365544 1.311252 0.8056321 0.06250089 1.326187 1.028588 0.04372668 1.384391 1.009955 0.04132813 1.356394 1.035058 0.05558055 1.364677 1.026688 0.06159853 1.373358 1.023234 0.05557894 1.383341 1.037232 0.04023778 1.376133 1.048837 0.06019759 1.381825 1.107219 0.211904 1.520222 1.103733 0.2197035 1.512576 1.098405 0.214066 1.521992 0.2203883 -0.5886191 1.171196 0.218231 -0.60859 1.149871 0.2299371 -0.602514 1.132108 0.2428121 -0.5725244 1.143076 0.3645142 -0.6589087 1.225469 0.3826344 -0.6704497 1.201605 0.3599358 -0.6759437 1.22758 0.3681654 -0.6907621 1.217822 0.3546556 -0.6747806 1.190683 0.3771041 -0.6557809 1.213289 0.3919947 -0.6808958 1.226051 0.5216301 -0.5533635 1.492639 0.52377 -0.5637438 1.515571 0.5556527 -0.5564792 1.553439 0.5736191 -0.5460325 1.568926 0.6487274 -0.4641512 1.705199 0.688568 -0.4043219 1.827584 0.6592791 -0.4358811 1.745426 0.8017924 -0.315069 2.010878 0.7945959 -0.3034645 2.008657 0.8073621 -0.303411 2.00144 -0.4154078 0.4002453 1.734934 -0.3218427 0.4528186 1.734903 -0.3025038 0.5282298 1.660872 -0.3768821 0.5510224 1.586822 -0.4705548 0.4983773 1.586864 -0.489931 0.4230034 1.660833 -0.6411084 0.995453 2.191386 -0.7440368 0.8995062 2.069732 -0.7108407 0.9470152 2.186978 -0.5946049 1.015009 2.091539 -0.6566531 1.033266 2.02637 -0.7336442 0.9796883 2.017776 -0.6251147 1.042358 2.125355 -0.6774239 1.056296 2.071602 -0.751595 1.036815 2.085555 -0.7745949 1.012758 2.155298 -0.7170207 1.036154 2.212088 -0.6405097 1.182101 2.1529 -0.7226685 1.19118 2.130538 -0.7023095 1.172163 2.212355 -0.6548683 1.172366 2.200322 -0.6751121 1.190821 2.120309 -0.7363118 1.181296 2.178475 -0.2148287 -0.3813523 1.254428 -0.2010581 -0.3795553 1.254992 -0.208141 -0.3693621 1.251461 -0.2434622 -0.2291408 1.778775 -0.2478886 -0.236627 1.723344 -0.2483866 -0.2581096 1.692257 -0.2893383 -0.07126474 2.268962 -0.297881 -0.04376792 2.322831 -0.2862522 -0.04409503 2.322358 -0.3178778 0.09085154 2.686135 -0.3153664 0.09986299 2.68367 -0.3247637 0.09735715 2.682055 -0.3559474 0.2430648 3.1073 -0.3392595 0.1943303 2.975681 -0.3587658 0.2421789 3.093412 -0.3518069 0.2685707 3.134743 -0.3680157 0.3887761 3.291319 -0.3604478 0.3896897 3.290664 -0.365823 0.3942692 3.285692 -0.3702399 0.5224416 3.387269 -0.3617846 0.5563599 3.406256 -0.3645415 0.5605378 3.403212 -0.3655595 0.6751197 3.446426 -0.3511426 0.9646816 3.535992 -0.3548373 0.961592 3.543399 -0.348521 0.9622263 3.541607 -0.6140884 0.3490803 1.070699 -0.7149215 0.3243618 1.142172 -0.6150971 0.3485134 1.069048 -0.6155291 0.3457645 1.06745 -0.7094967 0.3272163 1.139676 -0.8000966 0.320332 1.214766 -0.7989256 0.3209807 1.216043 -0.798019 0.3212448 1.217022 0.3714017 -0.6675204 1.219698 0.3692616 -0.669208 1.219208 0.3711534 -0.6673942 1.216612 0.4544035 -0.7728448 1.207649 0.4403165 -0.7536565 1.2111 0.4766737 -0.7924305 1.207692 0.508377 -0.8216565 1.2114 0.5836982 -0.8905879 1.221962 0.583296 -0.8907406 1.223562 0.5839977 -0.8897629 1.224571 0.4010946 0.8788353 1.436335 0.3973008 0.8578505 1.429693 0.4028201 0.8695735 1.412997 0.5728558 0.8268685 1.464423 0.5427424 0.8273091 1.447283 0.5529794 0.8430497 1.448888 0.5824859 0.8397881 1.451546 0.5703924 0.844098 1.463308 0.6397891 0.8807219 1.477154 0.6399319 0.8842402 1.465284 0.6337595 0.8912164 1.472601 1.027406 0.05621546 1.376399 1.026609 0.05453145 1.376467 1.026908 0.05554401 1.374991 1.140204 0.004063308 1.365913 1.139529 0.004797935 1.364829 1.140419 0.005214154 1.365908 1.194551 -0.01183521 1.369612 1.194389 -0.01246684 1.368894 1.194675 -0.01158708 1.368779 -0.5082584 -0.2965019 0.9978488 -0.5236678 -0.2922263 0.9908124 -0.524207 -0.3027975 0.9828227 -0.5071538 -0.3074315 0.9907894 -0.5944629 -0.3935996 1.114803 -0.5948244 -0.3815708 1.12221 -0.6007761 -0.3817391 1.118582 0.3852255 0.8060681 3.904722 0.3315235 0.7526067 3.904748 0.3459869 0.684127 3.875022 0.4143689 0.6694837 3.845325 0.4680502 0.7229839 3.845321 0.4536327 0.7914588 3.875034 0.5562709 0.6207349 4.376832 0.5408889 0.5050455 4.396492 0.6279368 0.5488768 4.335618 0.5230733 0.5667734 4.404941 0.5913294 0.4982457 4.357093 0.620019 0.601327 4.371979 0.7204921 0.4183243 4.867999 0.7724688 0.366246 4.831416 0.7533372 0.45284 4.865932 0.7301148 0.375281 4.850798 0.8054808 0.4005329 4.829211 0.7958538 0.4438433 4.846496 0.02319425 -0.6649565 1.364199 0.02252805 -0.6651125 1.363504 0.02333927 -0.6652262 1.362782 0.02442955 -0.7232729 1.374647 0.02470779 -0.7238397 1.374173 0.02781796 -0.7788464 1.391907 0.02732002 -0.7787802 1.392199 0.02764129 -0.778919 1.391694 -0.6868777 0.4956161 1.017512 -0.6860638 0.4957678 1.016144 -0.6844186 0.4930434 1.012313 -0.8050586 0.5229539 0.9581364 -0.8053018 0.5242459 0.9596473 -0.8041011 0.521299 0.9546321 -0.6866168 1.017937 2.139697 -0.7014126 1.025488 2.131809 -0.6998402 1.009101 2.130285 -0.7355724 1.014567 2.195677 -0.7258886 1.017082 2.207264 -0.7306569 1.003312 2.19866 -0.8497712 0.9449182 2.285235 -0.8582372 0.9481576 2.275651 -0.8465942 0.9385614 2.274724 -1.099056 0.7758591 2.316558 -1.092922 0.771007 2.326378 -1.098419 0.7809422 2.329453 0.409259 1.01209 1.537495 0.4227036 1.015136 1.536231 0.4163963 1.024292 1.53442 0.4175537 1.027012 1.608769 0.4242884 1.034595 1.606731 0.4139875 1.036939 1.606671 -0.07649779 1.008688 1.597897 -0.07526344 1.009129 1.596158 -0.07752543 1.007904 1.595974 -0.1200002 1.088656 1.585959 -0.1192905 1.089233 1.587575 -0.118418 1.089494 1.58594 -0.3615359 0.3917242 3.290057 -0.3671223 0.3931882 3.289668 -0.3650392 0.3879069 3.28779 -0.451624 0.1869937 3.772836 -0.4548835 0.1843658 3.771121 -0.4506782 0.1828057 3.771219 0.566915 0.8383418 1.458434 0.5664824 0.8378222 1.457369 0.5676954 0.8384544 1.457191 0.5968186 0.7851228 1.472135 0.5964586 0.7846819 1.471216 0.5973808 0.7852092 1.47126 -0.7433766 1.00272 2.21437 -0.7414294 1.006531 2.21281 -0.7454864 1.006643 2.212977 -0.7329055 1.083355 2.423277 -0.7306942 1.085762 2.42224 -0.7341421 1.086314 2.422208 0.09463363 0.5114032 1.093704 0.150891 0.4864199 1.093582 0.1959201 0.5113992 1.060594 0.1853528 0.5615727 1.027386 0.1288711 0.5875959 1.026966 0.08410775 0.5613206 1.060675 0.2239048 0.6230086 1.137727 0.1289598 0.6225903 1.168549 0.155909 0.6201565 1.253077 0.1942904 0.5571043 1.206612 0.2350502 0.5766817 1.170568 0.1708875 0.6455515 1.136112 0.2009784 0.660448 1.281742 0.2421901 0.676409 1.249823 0.2276294 0.6982043 1.195091 0.1769887 0.6949155 1.17961 0.1355016 0.6798152 1.208868 0.08414214 0.8935527 1.294361 0.1479005 0.8292598 1.297582 0.1845569 0.8445816 1.268004 0.1343677 0.827871 1.198015 0.1252289 1.041879 1.282968 0.05279099 1.02163 1.293723 0.08695489 1.02796 1.265656 0.09159821 1.072271 1.3739 0.1241544 1.07714 1.344798 0.02932697 1.343006 1.422828 0.01298797 1.322268 1.477058 0.04298561 1.335017 1.494112 0.06701207 1.345266 1.473015 0.05764251 1.367625 1.449955 0.00279814 1.354997 1.459285 -0.009331405 1.647335 1.705452 1.10641e-5 1.677967 1.683182 0.02673333 1.657719 1.701401 0.02064549 1.675042 1.688678 -0.01492065 1.667816 1.694938 0.01117289 1.655614 1.719936 -0.008671164 1.927356 1.985263 0.004379332 1.936455 1.977175 -0.01344245 1.939381 1.973531 -0.4736403 0.2998948 1.063996 -0.4747567 0.3057721 1.048239 -0.4785704 0.2882037 1.050796 -0.752346 0.3549658 1.101673 -0.7636545 0.3759636 1.093996 -0.7510877 0.3589059 1.086613 -0.7431594 0.3676446 1.10368 -0.9506277 0.3873519 1.166986 -0.9446436 0.400733 1.162435 -0.9910787 0.414498 1.163979 -0.947372 0.3828039 1.151321 -1.063184 0.4640487 1.188976 -1.034983 0.426961 1.171872 -1.080908 0.5017841 1.169971 -1.097258 0.4952329 1.170954 -1.158085 0.6757986 1.156096 -1.172265 0.6788066 1.139369 -1.16886 0.6591042 1.159147 -1.323704 0.9145581 1.172429 -1.314621 0.9162687 1.156504 -1.435692 1.095722 1.1693 -1.335754 0.9149499 1.159242 -1.446857 1.096455 1.186753 -1.43569 1.111031 1.186547 -1.549882 1.169881 1.229553 -1.551157 1.18812 1.234631 -1.55813 1.187961 1.220118 -1.59066 1.174885 1.238943 -1.754102 1.15218 1.350975 -1.751397 1.169137 1.355581 -1.738602 1.165872 1.326398 -1.949462 1.195015 1.484784 -1.998542 1.186312 1.507906 -2.010528 1.197445 1.544021 -2.046923 1.21271 1.553376 -2.131433 1.261409 1.658311 -2.156441 1.258463 1.698471 -2.172906 1.254408 1.687814 -2.212215 1.268394 1.711127 -2.296263 1.227671 1.735754 -2.297753 1.244709 1.742701 -2.302065 1.240818 1.724816 -2.477035 1.13936 1.722913 -2.483298 1.155541 1.729152 -2.481355 1.149119 1.711641 0.3505215 -0.6513249 1.206499 0.3432553 -0.6669406 1.209742 0.3530882 -0.6641606 1.192964 0.470538 -0.6894097 1.263558 0.4777905 -0.7028272 1.251597 0.4851255 -0.6856002 1.250554 0.5361776 -0.7423784 1.326697 0.5360464 -0.747432 1.306956 0.5512827 -0.7366722 1.31691 0.55252 -0.7676159 1.329378 0.5295713 -0.8659126 1.446301 0.5341382 -0.8588162 1.415175 0.5474227 -0.8706046 1.446217 0.5536836 -1.020299 1.604223 0.564046 -1.02352 1.604147 0.5751193 -1.044441 1.642781 0.5595004 -1.06129 1.678726 0.5629665 -1.009507 1.619631 0.601061 -1.221622 1.952865 0.6021119 -1.238783 1.952751 0.6105763 -1.234521 1.939587 0.6260372 -1.262809 2.022956 0.6718961 -1.441824 2.447128 0.6421573 -1.39316 2.301464 0.666215 -1.426676 2.363444 0.6553593 -1.371539 2.269006 0.6766269 -1.469051 2.486527 0.6910799 -1.454105 2.478184 0.6620989 -1.450814 2.513375 0.6412286 -1.439631 2.57343 0.6302791 -1.453385 2.568724 0.6458873 -1.456772 2.578325 0.5314161 -1.397286 2.657984 0.5430086 -1.404131 2.670916 0.5420176 -1.387103 2.663092 -0.03997349 0.2803076 2.218473 -0.06696069 0.2345761 2.218439 -0.04260087 0.1882737 2.194768 0.002891778 0.1932501 2.175261 0.02987897 0.2389537 2.175283 0.009466469 0.2815212 2.196151 0.008323907 0.1928824 2.368124 0.07217234 0.1552599 2.333432 0.02793467 0.2367614 2.358789 0.1000691 0.1933842 2.343569 0.1514423 0.1891954 2.564359 0.1218402 0.1180102 2.600478 0.1169757 0.1885249 2.590977 0.1569886 0.1204315 2.58496 0.09822845 0.1540151 2.597022 0.1799203 0.1523546 2.600219 0.12229 0.1368501 2.710997 0.1547749 0.1657915 2.750797 0.1394574 0.1065102 2.704947 0.1891183 0.1066654 2.742429 0.193346 0.1373205 2.704671 0.183014 0.1655079 2.728446 0.1767395 0.1516802 2.785942 0.18764 0.1200474 2.779078 0.2429711 0.1636422 2.740994 0.3468369 0.2546076 2.822885 0.285659 0.1762803 2.809168 0.2922677 0.2228046 2.770842 0.396681 0.2180969 2.828347 0.369395 0.2411482 2.854876 0.4195889 0.2402788 2.874193 0.4000074 0.2359081 2.813485 0.4135346 0.2734994 2.836515 0.4020655 0.2918481 2.874179 0.4007974 0.277061 2.891667 0.4418672 0.2713457 2.88857 0.4437304 0.2868557 2.871317 0.4030719 0.3725392 2.944799 0.3815069 0.3644554 2.965471 0.4021135 0.3458508 2.974732 0.4237003 0.3597669 2.960412 0.4156935 0.4524888 3.034541 0.3889404 0.4458655 3.046297 0.4138103 0.4289687 3.048544 0.4247043 0.4755268 3.114135 0.4416993 0.4595535 3.10386 0.4237312 0.4495338 3.118458 0.496662 0.4093196 3.195611 0.4890592 0.4229344 3.205095 0.4824056 0.4056787 3.202841 -0.2391442 -0.7576489 1.945182 -0.2349566 -0.6989365 1.945732 -0.2760061 -0.6669371 1.918909 -0.3207294 -0.6939476 1.891926 -0.3240387 -0.7520775 1.892058 -0.28338 -0.7837653 1.918574 -0.3052208 -0.7608414 2.025619 -0.3160001 -0.7048195 2.048469 -0.3556988 -0.6753594 2.031356 -0.3823201 -0.7017176 1.975814 -0.4022552 -0.7538223 2.005867 -0.3646237 -0.7839831 2.028447 -0.3218485 -0.7405078 2.086192 -0.4040479 -0.6803787 2.059177 -0.4052962 -0.7085934 2.10832 -0.3618612 -0.734269 2.124132 -0.2778805 -0.636998 2.135927 -0.3138446 -0.606931 2.125302 -0.3293996 -0.56843 2.211546 -0.3259865 -0.583212 2.273258 -0.2474873 -0.5836714 2.29998 -0.2892396 -0.5983821 2.303627 -0.2392463 -0.5467036 2.282776 -0.2698134 -0.519083 2.276472 -0.2273215 -0.5202991 2.423967 -0.2235677 -0.4924712 2.400379 -0.2473524 -0.4644939 2.401365 -0.2896623 -0.4788176 2.400611 -0.2947288 -0.5094403 2.421432 -0.2742125 -0.546422 2.405083 -0.2252578 -0.5018573 2.465245 -0.2242971 -0.4377107 2.448377 -0.2278203 -0.4634009 2.473307 -0.08978116 -0.4553248 2.459256 -0.05945038 -0.4224029 2.447576 -0.1193982 -0.4119793 2.434232 -0.1065946 -0.3961185 2.469609 -0.1286507 -0.4230859 2.486969 -0.1049284 -0.4480409 2.485872 0.03543633 -0.3834841 2.500675 0.03637534 -0.4282196 2.513622 0.03098005 -0.3789467 2.527025 0.02704107 -0.3971514 2.544421 0.02318984 -0.4225274 2.535385 0.1254088 -0.4227259 2.534868 0.1709707 -0.4423158 2.581007 0.156861 -0.4024993 2.583847 0.1491837 -0.4157435 2.59646 0.1564503 -0.4373188 2.595202 0.1687346 -0.4044498 2.570871 0.1950626 -0.4161228 2.589823 0.2437005 -0.3349711 2.690291 0.2442405 -0.3610122 2.698308 0.2521131 -0.348484 2.692794 0.2311052 -0.334581 2.709275 0.2364928 -0.3558282 2.713006 0.3341852 -0.3165348 2.808002 0.3188807 -0.3139659 2.818935 0.3286201 -0.3290504 2.81554 1.180291 -0.004932105 1.378137 1.179933 -0.01709532 1.364692 1.18403 -0.002365469 1.362527 1.250605 -0.03270089 1.387263 1.254449 -0.03905993 1.368672 1.302505 -0.02288001 1.403046 1.300816 -0.04231154 1.397134 1.321154 -0.02467924 1.393553 1.395869 0.03969639 1.469838 1.307668 -0.01935261 1.391789 1.43128 0.0778492 1.517837 1.445032 0.07971692 1.502404 1.433476 0.08731681 1.506886 1.572026 0.171545 1.664489 1.572922 0.1574218 1.667745 1.575662 0.1509151 1.649764 1.58496 0.1704461 1.657167 1.703037 0.2096771 1.818844 1.700768 0.2242442 1.846457 1.708808 0.2095007 1.854664 1.722294 0.2257707 1.853728 1.805873 0.2291381 2.043541 1.813514 0.2362732 2.03923 1.802609 0.2488515 2.04276 -0.0821076 1.010058 1.605183 -0.06961822 1.017493 1.59336 -0.08501034 1.008369 1.589996 -0.1499014 1.123213 1.596791 -0.1677369 1.129988 1.598963 -0.15946 1.139813 1.583456 -0.154982 1.09899 1.585579 -0.1700344 1.198219 1.614956 -0.1591287 1.211893 1.603662 -0.152548 1.226966 1.629487 -0.1472727 1.205233 1.617473 -0.1078314 1.305395 1.65429 -0.08218789 1.44432 1.739598 -0.07705175 1.455586 1.72389 -0.09084784 1.45514 1.728294 -0.0497027 1.547494 1.796233 -0.03961789 1.704298 1.919875 -0.02543747 1.701772 1.922804 -0.03378248 1.695388 1.89319 -0.001260578 1.775217 1.981893 -0.0134328 1.787371 1.99456 -0.005112409 1.777174 2.008537 -0.01830208 1.845518 2.048457 -0.004981935 1.845916 2.032818 -0.02444607 1.846501 2.031687 -0.09558975 1.969017 2.042963 -0.1061981 1.963047 2.050822 -0.1045733 1.970985 2.031557 -0.1143274 1.962571 2.03848 -0.2250356 2.249216 2.128126 -0.2121438 2.252106 2.134025 -0.2072215 2.257669 2.121661 -0.2202205 2.25473 2.115801 0.7434639 0.4511607 4.84415 0.7188063 0.4083617 4.846625 0.7453972 0.3739745 4.830992 0.7787027 0.3826085 4.819782 0.7947378 0.4200166 4.8198 0.7838539 0.3823415 5.005737 0.8381142 0.359082 4.98322 0.8471875 0.4137586 5.037981 0.8167886 0.4073924 5.05898 0.851425 0.3932237 4.980132 0.8716582 0.3359012 5.235086 0.9062962 0.3389203 5.254679 0.9176039 0.3667583 5.250368 0.8585029 0.359493 5.263499 0.8892115 0.3809655 5.367768 0.9208339 0.3833854 5.401776 0.9157167 0.3510428 5.648095 0.9246722 0.3348005 5.611356 0.9384713 0.3400382 5.54654 0.9561224 0.356535 5.634687 0.9231699 0.3677179 5.634726 0.9453561 0.3682777 5.676952 0.9490603 0.3328831 5.659023 0.8988847 0.3737087 5.68917 0.9064218 0.3553227 5.719249 0.9302995 0.3722959 5.713801 0.8172035 0.4230279 5.752005 0.8202441 0.450671 5.737728 0.8094785 0.4384685 5.742606 0.8308612 0.4278211 5.761806 0.8377292 0.4451096 5.760443 0.8294973 0.460075 5.751552 0.7793296 0.5728487 5.845157 0.7633345 0.5627389 5.848008 0.7723404 0.5516988 5.860608 0.7884459 0.5579299 5.853851 0.7654805 0.6576284 5.927078 0.7673502 0.6458618 5.940496 0.7815457 0.6526147 5.934327 -0.6076095 -0.2564604 1.034958 -0.5667287 -0.2145713 1.036999 -0.5487706 -0.1902949 0.9835913 -0.5723084 -0.2091333 0.9347106 -0.6136289 -0.2515383 0.9347557 -0.6312343 -0.2748962 0.9828653 -0.6369442 -0.1500908 1.03798 -0.64786 -0.1397895 0.9484581 -0.7387633 -0.1234188 0.9663591 -0.75009 -0.1155597 1.055201 -0.7538548 -0.02918857 1.033332 -0.7588014 -0.1386455 1.013277 -0.7723852 -0.0426982 0.9989097 -0.8195704 -0.01876217 1.092558 -0.8718807 -0.04901492 1.070869 -0.8703684 -0.03319174 1.109288 -0.9071607 -0.006474435 1.069636 -0.8855921 0.01764255 1.068652 -0.9283162 0.05177223 1.142721 -0.9416974 0.008396923 1.160742 -0.9406563 0.03556913 1.171747 -0.955733 0.05019187 1.130059 -0.9585829 0.02280151 1.120542 -0.9520139 0.003018915 1.136029 -1.020749 0.01548272 1.154929 -1.024044 -0.02615624 1.157865 -1.041701 -0.01205325 1.167165 -1.029471 0.008392751 1.134713 -1.037467 -0.01495265 1.12701 -1.025813 -0.02854704 1.138038 -1.177494 -0.03838324 1.176746 -1.170959 -0.0535466 1.186974 -1.17439 -0.05501335 1.171839 0.1083005 0.2202388 2.444045 0.09471666 0.1705796 2.444011 0.121546 0.1366614 2.42405 0.1658457 0.1513991 2.401692 0.1797351 0.2012051 2.401602 0.1525148 0.2351869 2.421907 0.2598443 0.1118972 2.690881 0.2989116 0.121753 2.684328 0.3042959 0.1615086 2.67323 0.2537197 0.1737141 2.724607 0.2913787 0.183389 2.721832 0.2477519 0.1361775 2.73263 0.2702615 0.1250358 2.767106 0.3040974 0.1397008 2.770903 0.313762 0.1714402 2.754305 0.1947343 0.2205505 2.826409 0.2221437 0.1932343 2.835388 0.2431302 0.221987 2.855545 0.255388 0.2417979 2.833507 0.1900401 0.2763909 2.857013 0.208484 0.3053799 2.88781 0.1742458 0.3080337 2.996806 0.1624541 0.3512027 2.98956 0.203926 0.339711 2.991219 0.15798 0.3226703 2.990889 0.1992995 0.3274877 3.012966 0.1890086 0.353529 2.981206 0.1847963 0.3812301 3.023376 0.1988013 0.3659799 3.034018 0.2383244 0.4472309 3.010351 0.2643299 0.4481289 3.041303 0.2757182 0.4386853 3.031068 0.2838454 0.4525308 3.016807 0.2686188 0.4571155 3.00543 0.2723124 0.4886507 3.046942 0.3580853 0.6203871 3.098728 0.3708653 0.6096848 3.105597 0.3546249 0.6157852 3.111757 0.3882445 1.111476 1.568098 0.4472903 1.110036 1.568923 0.4762485 1.104145 1.510897 0.4466794 1.100954 1.465615 0.387786 1.102522 1.465999 0.3582004 1.107764 1.516821 0.4482998 1.260273 1.54937 0.3973494 1.314711 1.547673 0.4520227 1.371271 1.461208 0.397031 1.310693 1.4575 0.3790179 1.410961 1.505405 0.447075 1.528252 1.553342 0.4691796 1.536997 1.516379 0.4033963 1.565923 1.557645 0.4009771 1.528019 1.475854 0.4505792 1.581762 1.48708 0.3779898 1.531221 1.515706 0.4350919 1.6223 1.50913 0.4161031 1.618134 1.545913 0.4777281 1.571659 1.573837 0.491923 1.57531 1.536702 0.5924282 1.695292 1.679454 0.5667259 1.617461 1.588346 0.5352064 1.673186 1.575145 0.512633 1.667504 1.604766 0.643028 1.718452 1.637617 0.628754 1.690399 1.687147 0.6769616 1.725381 1.691642 0.6459032 1.767442 1.676782 0.6285313 1.763435 1.702995 0.7328866 1.805101 1.80987 0.7530081 1.882597 1.868285 0.7860549 1.873153 1.847935 0.8036975 1.921315 1.868091 0.7660779 1.907312 1.840162 0.7449752 1.895202 1.848032 0.7714999 1.874051 1.866487 0.7842398 1.917467 1.917495 0.8026956 1.893949 1.914903 0.8195653 1.899445 1.906791 0.812402 1.932663 1.91626 0.883578 1.864957 2.011984 0.8619536 1.869769 2.026755 0.8584045 1.854991 2.026637 0.8710245 1.844312 2.024298 0.8799503 1.8501 2.01134 0.8745968 1.875378 2.019457 0.9489807 1.854026 2.151757 0.9636282 1.857627 2.142268 0.9549981 1.870913 2.148187 -0.009767115 1.303675 4.276659 0.04232227 1.3323 4.278388 0.0545246 1.370543 4.234756 0.0121625 1.381444 4.185954 -0.03681427 1.350563 4.189796 -0.04928851 1.312473 4.232943 -0.03254419 1.509409 4.335616 -0.04394894 1.476493 4.375466 -0.1672112 1.600959 4.500985 -0.14995 1.564313 4.363755 -0.2153841 1.648483 4.505558 -0.1699323 1.701504 4.479816 -0.1515931 1.67067 4.551392 -0.1404077 1.694419 4.515285 -0.2175067 1.703361 4.509112 -0.1672216 1.76838 4.608265 -0.2215046 1.749555 4.66599 -0.1745784 1.742087 4.637309 -0.2133076 1.811436 4.622081 -0.2424534 1.786944 4.616122 -0.249406 1.760394 4.639937 -0.2318791 1.803128 4.688924 -0.2141491 1.821366 4.65951 -0.3870552 1.844176 4.68744 -0.3405025 1.880032 4.671772 -0.3469564 1.85752 4.693696 -0.406476 1.910358 4.652313 -0.3704289 1.85227 4.633397 -0.3952844 1.840441 4.657501 -0.4953104 1.977402 4.736526 -0.5116782 2.014978 4.728454 -0.5421158 2.001394 4.702523 -0.6224077 2.066332 4.760478 -0.6214911 2.077284 4.784842 -0.6144415 2.105878 4.799089 -0.6412567 2.147795 4.787798 -0.6402625 2.15833 4.810989 -0.6536491 2.136462 4.784833 -0.7600236 2.305304 4.904831 -0.7436835 2.31234 4.909473 -0.7476593 2.303807 4.918825 -0.4795415 -0.7374309 2.300606 -0.4755178 -0.6781455 2.29897 -0.5120877 -0.6447521 2.276129 -0.5593351 -0.6691372 2.250788 -0.5660006 -0.727978 2.250809 -0.5283568 -0.7619957 2.27447 -0.6290136 -0.6642322 2.383548 -0.6323662 -0.716874 2.378283 -0.6695151 -0.6452325 2.58489 -0.6518179 -0.7145721 2.628589 -0.6560089 -0.7366691 2.537375 -0.6466032 -0.673715 2.632838 -0.7157729 -0.6666569 2.612765 -0.7170045 -0.7084665 2.601696 -0.7406539 -0.7286251 2.817306 -0.7813939 -0.6883658 2.909862 -0.7865318 -0.7171065 2.921373 -0.7377661 -0.6953042 2.939496 -0.7374916 -0.7246086 2.927025 -0.7612466 -0.682546 2.953539 -0.7664052 -0.7373954 2.94292 -0.731696 -0.7063049 2.984466 -0.7717334 -0.6757104 2.979357 -0.7758904 -0.6978396 2.997337 -0.7250694 -0.6754889 2.978537 -0.7445608 -0.6980164 3.009666 -0.7077744 -0.6094343 3.017404 -0.7277336 -0.6334503 3.041623 -0.6506878 -0.5499898 3.121122 -0.651914 -0.5417408 3.106664 -0.6790513 -0.5511692 3.121522 -0.6645156 -0.557517 3.125348 -0.6776269 -0.5337318 3.117501 -0.6488553 -0.4508039 3.202622 -0.6512724 -0.4648849 3.215865 -0.6655487 -0.4595324 3.212621 0.1093269 -0.6410252 1.412967 0.109599 -0.6553031 1.417204 0.1180535 -0.6472781 1.40196 0.1762874 -0.6438639 1.455372 0.2978405 -0.6173817 1.538128 0.2106055 -0.6180166 1.474225 0.3161296 -0.6223755 1.568798 0.3171839 -0.6028172 1.566329 0.310918 -0.6139367 1.580332 0.4277749 -0.6127561 1.713773 0.4238019 -0.6266838 1.710948 0.4351544 -0.6287326 1.702359 0.4376133 -0.6143649 1.702802 0.5049186 -0.6519027 1.862712 0.5043634 -0.6613903 1.859065 0.5181294 -0.6644813 1.855268 0.514803 -0.6450456 1.853483 0.5749022 -0.6895557 2.026438 0.5585742 -0.6966127 2.030139 0.5735157 -0.705878 2.022993 -0.6642655 0.6572294 1.069789 -0.6523866 0.6614672 1.054357 -0.6702338 0.6645847 1.053637 -0.6296941 0.8013119 1.122387 -0.6291862 0.8860253 1.156997 -0.6176983 0.8854432 1.16355 -0.6085339 0.894932 1.150189 -0.6202371 0.9427089 1.175476 -0.6390932 0.941379 1.201377 -0.6197475 0.9386955 1.201193 -0.6359368 0.9632033 1.21493 -0.7100244 0.9713379 1.287028 -0.7065676 0.9846943 1.290293 -0.7273182 0.9797229 1.2849 -0.7276121 0.9984689 1.295808 -0.8676651 1.074237 1.502701 -0.8509839 1.086203 1.500679 -0.8708118 1.091021 1.505033 -0.8617158 1.079968 1.520982 -0.9066884 1.117642 1.612181 -0.9134456 1.102044 1.619986 -0.9201329 1.108978 1.60191 -0.9485257 1.153333 1.665284 -0.9286381 1.149116 1.664495 -0.9377657 1.159005 1.651096 -0.9548058 1.272581 1.688258 -0.9436073 1.270978 1.672955 -0.9623954 1.278729 1.672286 -0.9872942 1.413196 1.74207 -0.9903238 1.420362 1.729661 -1.008516 1.425844 1.751899 -1.010096 1.427785 1.737344 -1.044642 1.532975 1.810044 -1.054368 1.536781 1.795195 -1.06007 1.526228 1.809034 -0.09310668 1.004036 1.692706 -0.08598303 1.020759 1.692887 -0.1026792 1.019929 1.69103 -0.09293597 1.000582 1.813936 -0.09245485 1.013757 1.793372 -0.1093986 1.008286 1.791025 -0.1048036 0.9972239 1.816872 -0.1301406 1.036882 1.875563 -0.1190696 1.044191 1.861279 -0.1308022 1.03372 1.855139 -0.1765801 1.132007 1.913749 -0.1811365 1.13588 1.898086 -0.1741226 1.097413 1.891844 -0.2525646 1.222983 1.979043 -0.2832046 1.300177 2.049064 -0.2529725 1.248253 1.983385 -0.2875427 1.29051 2.057556 -0.3029971 1.293032 2.056058 -0.3144006 1.354019 2.080775 -0.2939847 1.359866 2.081095 -0.3027291 1.364261 2.096364 -0.2548854 1.47647 2.090834 -0.258871 1.492014 2.075742 -0.2697318 1.489176 2.091012 -0.2192872 1.699319 2.133116 -0.2336596 1.758227 2.147108 -0.2264649 1.733177 2.131055 -0.2279868 1.73717 2.153474 -0.1959809 1.856653 2.188829 -0.2047247 1.864446 2.174351 -0.2137188 1.881541 2.189647 -0.2100045 1.867044 2.195293 -0.2158138 1.925719 2.223354 -0.2356839 1.918257 2.243035 -0.2421349 1.925363 2.227384 -0.3023247 1.964665 2.300275 -0.310695 1.948239 2.302529 -0.316618 1.956475 2.290761 1.098687 0.2100944 1.525234 1.112416 0.2148565 1.514607 1.098047 0.2232695 1.512162 1.144618 0.2729481 1.596368 1.135676 0.2727081 1.570675 1.122925 0.2682968 1.582604 1.132705 0.3271567 1.623293 1.13046 0.3231505 1.605165 1.143918 0.3379965 1.612305 1.083681 0.4821256 1.636068 1.076312 0.52185 1.625421 1.102616 0.4045029 1.608839 1.082472 0.5176963 1.638245 1.066928 0.5004227 1.634713 1.095886 0.5577741 1.666367 1.097162 0.5761572 1.65969 1.078256 0.566812 1.665501 1.213217 0.6368703 1.777617 1.209095 0.6557458 1.772262 1.236249 0.6718698 1.812635 1.210234 0.6351104 1.756035 1.251986 0.6893137 1.800666 1.236018 0.6958815 1.799996 1.260686 0.7931292 1.801675 1.247208 0.7825098 1.808803 1.258174 0.790594 1.821824 1.283751 0.8729469 1.838186 1.269553 0.8846278 1.838146 1.277698 0.878076 1.822097 1.302295 0.9175782 1.849282 1.3207 0.9174159 1.83402 1.315896 0.931795 1.831047 1.328297 0.9393532 1.843802 1.422553 0.9367015 1.82214 1.422755 0.9457961 1.837761 1.415736 0.9534589 1.822275 1.541467 0.9859149 1.835659 1.537595 0.9963312 1.821295 1.535102 1.001236 1.838749 0.792815 -0.3048552 2.009821 0.8088803 -0.3139537 2.006295 0.8038306 -0.2979288 2.001353 0.8688632 -0.2439574 2.126823 0.8779092 -0.2209056 2.183186 0.8528105 -0.2590713 2.129862 0.9271773 -0.2053348 2.2682 0.930555 -0.1926631 2.327651 0.939399 -0.1783982 2.317181 0.9747607 -0.1722543 2.447937 0.9867899 -0.160898 2.442654 0.977635 -0.1518458 2.462347 0.9918272 -0.1555794 2.551318 1.005841 -0.1666679 2.551191 1.007454 -0.1528508 2.539924 1.014667 -0.1265715 2.576547 1.021679 -0.1257503 2.59679 1.079991 -0.02156931 2.631544 1.050372 -0.09548443 2.600999 1.057252 -0.06307834 2.595316 1.120854 -0.002101957 2.651334 1.112847 0.01369905 2.640234 1.209161 0.07460087 2.69999 1.213321 0.08649414 2.725298 1.218048 0.06871736 2.722083 1.337178 0.1203892 2.801308 1.331327 0.1375644 2.799029 1.327295 0.1241778 2.812327 -0.7139583 1.169495 2.207046 -0.6642665 1.166858 2.207607 -0.6385722 1.17886 2.167056 -0.6628338 1.19341 2.126215 -0.7120875 1.195872 2.126372 -0.7374399 1.18397 2.16657 -0.7138481 1.302477 2.240496 -0.6681639 1.287741 2.236813 -0.6439876 1.299364 2.20126 -0.6645273 1.330501 2.169654 -0.713091 1.313391 2.161418 -0.73931 1.278806 2.190405 -0.7054713 1.357291 2.236726 -0.6697167 1.376751 2.212675 -0.6043375 1.363697 2.333676 -0.5717891 1.34156 2.320158 -0.5509234 1.393266 2.279864 -0.5979267 1.405662 2.275244 -0.6030018 1.4041 2.322783 -0.4899178 1.404774 2.364994 -0.4721462 1.471523 2.495523 -0.4466408 1.522577 2.476073 -0.4263283 1.499918 2.459381 -0.4329274 1.47089 2.510911 -0.4706311 1.508935 2.494716 -0.4095699 1.487023 2.496531 -0.4127385 1.557454 2.607165 -0.3910854 1.54479 2.600383 -0.3722229 1.554914 2.580945 -0.3728921 1.584539 2.577884 -0.4038187 1.591091 2.569982 -0.4246684 1.578755 2.583661 -0.3717815 1.583213 2.644776 -0.3913744 1.566928 2.65727 -0.3756379 1.512193 2.691675 -0.3219646 1.501016 2.697078 -0.3311395 1.531686 2.689429 -0.3480475 1.493692 2.690648 -0.3383942 1.535827 2.711159 -0.3346188 1.511746 2.741475 -0.3138998 1.492159 2.740514 -0.2799322 1.524503 2.711822 -0.2690637 1.534146 2.734166 -0.2704184 1.492312 2.73565 -0.1731861 1.524228 2.738735 -0.1975749 1.528933 2.71936 -0.1948741 1.541654 2.75699 -0.08402031 1.579199 2.79166 -0.117419 1.580666 2.755264 -0.09858185 1.597156 2.779082 -0.07194775 1.592215 2.77172 -0.05635559 1.597999 2.791119 -0.07240819 1.611133 2.803323 0.00885719 1.68731 2.841233 0.006350576 1.697422 2.826197 -0.003629326 1.700231 2.837709 -0.3549474 0.9579288 3.549417 -0.3423203 0.9641728 3.537765 -0.36027 0.9658303 3.535481 -0.3399218 1.119539 3.633758 -0.3474515 1.14372 3.629555 -0.3574875 1.125098 3.636176 -0.3387184 1.361299 3.804393 -0.3499955 1.378581 3.834344 -0.3450069 1.407425 3.833903 -0.3588002 1.387252 3.821259 -0.3648548 1.595712 4.057907 -0.3573832 1.647331 4.105035 -0.3697169 1.619053 4.055415 -0.3761425 1.632028 4.085076 -0.3615161 1.632163 4.072843 -0.3871975 1.808721 4.360241 -0.4036353 1.807155 4.354054 -0.3985159 1.826036 4.356601 -0.3801125 1.783653 4.294839 -0.3999407 1.883059 4.476883 -0.4302774 1.947145 4.661129 -0.4162228 1.957195 4.658438 -0.4368699 1.955709 4.656383 -0.7911596 0.3245242 1.223394 -0.8030501 0.3297073 1.21268 -0.8008061 0.3116806 1.214165 -0.8570472 0.3051488 1.282127 -0.8479964 0.3228628 1.25614 -0.8512693 0.3082693 1.254007 -0.8461323 0.3185414 1.273731 -0.8763633 0.3297676 1.304245 -0.8699557 0.3137487 1.300173 -0.8588826 0.3331181 1.298325 -0.8621922 0.4053919 1.397578 -0.8524683 0.3881965 1.401522 -0.8484272 0.385638 1.365913 -0.8651332 0.3965574 1.402976 -0.8658249 0.4703183 1.505585 -0.8577027 0.4618822 1.512412 -0.8773818 0.4557126 1.494505 -0.8704736 0.4590946 1.529391 -0.8482759 0.4717239 1.547282 -0.8522074 0.4527379 1.535943 -0.7961655 0.4326874 1.589172 -0.8013845 0.4519603 1.577376 -0.8066087 0.4444288 1.605069 -0.818563 0.4398281 1.583531 -0.8002632 0.4278319 1.622435 -0.8189483 0.4237087 1.61309 -0.8717924 0.3388442 1.754446 -0.8640512 0.3529481 1.75567 -0.8760398 0.361917 1.742964 -0.8755371 0.3468431 1.73978 -0.9527024 0.3205713 1.902814 -0.9351535 0.3174913 1.910187 -0.9447276 0.3323522 1.908227 0.5894749 -0.8823568 1.227542 0.5779553 -0.8942163 1.230776 0.584783 -0.8926632 1.213564 0.6453244 -0.9330607 1.246229 0.6416348 -0.9440258 1.236608 0.6477321 -0.9352499 1.225835 0.6757638 -0.9811189 1.269399 0.672706 -0.9906758 1.253875 0.6722538 -0.9455453 1.239991 0.6864479 -1.002954 1.269131 0.6616417 -1.055915 1.321275 0.6561102 -1.086714 1.322215 0.6700227 -1.164894 1.388546 0.6698492 -1.154228 1.397137 0.6547842 -1.181466 1.421401 0.6582882 -1.272222 1.497285 0.6683762 -1.300962 1.519399 0.6794584 -1.30093 1.547918 0.6823402 -1.331155 1.561541 0.676988 -1.396409 1.663151 0.7141577 -1.513768 1.819369 0.7087752 -1.442869 1.72633 0.7059003 -1.518608 1.853244 0.7208811 -1.505348 1.841846 0.7236126 -1.504232 1.88998 0.7370836 -1.516256 1.882828 0.7319042 -1.514774 1.906087 0.7618138 -1.45729 1.964851 0.7776699 -1.464893 1.961008 0.7714715 -1.448572 1.954303 0.6342128 0.8860079 1.481456 0.6444411 0.8767282 1.469395 0.6342126 0.8935517 1.466533 0.750297 0.9532745 1.498835 0.7404972 0.9523549 1.516254 0.8169648 1.024742 1.532364 0.8415574 1.021896 1.539764 0.8153609 1.014393 1.546845 0.8571702 1.041344 1.568235 0.8742191 1.023108 1.575709 0.8966448 1.025031 1.579447 0.8925934 1.038031 1.584614 0.9630402 0.9898722 1.671205 0.9420666 0.982508 1.643936 0.9965413 0.9780858 1.683912 1.026289 0.9614779 1.748563 1.044136 0.9513577 1.750053 1.110839 0.9555009 1.808527 1.108202 0.9496414 1.824864 1.126135 0.9673092 1.832411 1.100111 0.9678072 1.819932 1.129489 0.9316195 1.876011 1.143737 0.9365383 1.877756 1.131436 0.9397022 1.897846 1.095842 0.8648808 1.974095 1.110923 0.8554377 1.973116 1.115386 0.8878521 1.961525 1.111651 0.8024939 2.088404 1.10289 0.7668111 2.138653 1.124552 0.7376025 2.180047 1.125679 0.7234502 2.246719 1.135482 0.7389893 2.234292 1.156073 0.6997065 2.340737 1.170653 0.6914155 2.333806 1.172397 0.7076244 2.338129 1.196539 -0.003122448 1.373696 1.191491 -0.02154332 1.369149 1.196598 -0.01087719 1.358925 1.317021 -0.06050097 1.395254 1.314816 -0.05119675 1.378484 1.361711 -0.06005477 1.408507 1.471112 -0.1025657 1.451531 1.465119 -0.08656811 1.432167 1.525933 -0.123559 1.468536 1.538962 -0.1221209 1.464302 1.584713 -0.1223171 1.508743 1.671103 -0.1525399 1.561178 1.678234 -0.1373416 1.548797 1.756669 -0.163202 1.622986 1.74242 -0.170642 1.591867 1.728854 -0.1726751 1.599911 1.74016 -0.1572619 1.591852 1.764692 -0.1680098 1.639646 1.78034 -0.1624796 1.638255 1.772884 -0.1523357 1.629079 1.794931 -0.1036943 1.711024 1.79224 -0.08899015 1.701726 1.78164 -0.09244608 1.715337 1.871093 -0.01218563 1.887123 1.875468 -0.030824 1.891533 1.885711 -0.02213078 1.88363 -0.5917143 -0.3782736 1.125229 -0.6040787 -0.3814426 1.117228 -0.5929299 -0.3955512 1.115186 -0.6596178 -0.4555757 1.263466 -0.6758189 -0.4650213 1.256103 -0.7397457 -0.5262723 1.411701 -0.6749367 -0.4849008 1.286403 -0.7435654 -0.5363195 1.459296 -0.7541264 -0.5622029 1.47095 -0.7348293 -0.547258 1.454972 -0.8118362 -0.5979261 1.630709 -0.7936149 -0.5896792 1.627755 -0.80537 -0.618151 1.662524 -0.8087242 -0.6204466 1.735557 -0.8277283 -0.6293039 1.744054 -0.8091737 -0.6365502 1.72676 -0.8494468 -0.6466817 1.795029 -0.8592789 -0.6315801 1.789009 -0.8615423 -0.6496093 1.781375 -0.9496538 -0.650765 1.819428 -0.9556884 -0.6427268 1.801296 -1.065305 -0.6491293 1.859225 -1.075254 -0.6474483 1.847903 -1.093934 -0.6656269 1.854083 -1.084078 -0.6670153 1.865552 -1.113759 -0.6920763 1.905271 -1.13016 -0.681928 1.903338 -1.129259 -0.7041531 1.901497 -1.122325 -0.7790866 1.991282 -1.14137 -0.7790675 2.00077 -1.130084 -0.7700157 1.963887 -1.178605 -0.8642745 2.094215 -1.172629 -0.8771145 2.085018 -1.161048 -0.8689247 2.096364 0.7476357 0.4526618 4.864861 0.7180956 0.414539 4.864475 0.7330469 0.3724688 4.848777 0.7776439 0.3675146 4.833084 0.8084025 0.3989536 4.831099 0.7926211 0.4466933 4.848649 0.7609913 0.3755378 4.972315 0.827306 0.4056999 4.954566 0.7837823 0.4133828 4.959864 0.7637122 0.3424952 4.925806 0.8075867 0.3365015 4.916918 0.7817466 0.3559299 5.007582 0.8238642 0.3526333 5.007805 0.8474538 0.3841736 4.986424 0.7763558 0.4908382 5.033951 0.8072365 0.4545921 5.099934 0.7490329 0.5145156 5.121955 0.8150665 0.4984381 5.046993 0.7654813 0.4936069 5.151797 0.8211482 0.531405 5.150807 0.8059312 0.5569055 5.133562 0.7782798 0.574779 5.146905 0.7760416 0.5770267 5.184464 0.7940827 0.5546094 5.203004 0.8216118 0.5378587 5.1887 0.885742 0.6657488 5.170351 0.8830633 0.6681829 5.199902 0.8810888 0.6305982 5.213342 0.9270663 0.6356101 5.174555 0.9324324 0.6729786 5.167244 1.002904 0.712547 5.243551 1.035039 0.769333 5.281908 1.048542 0.8023689 5.257326 1.132862 0.8607968 5.340763 1.162216 0.8396356 5.32912 1.156022 0.8565801 5.320476 1.131536 0.814114 5.33017 1.139927 0.8641935 5.32686 1.139502 0.8457483 5.353665 1.167148 0.8739261 5.353981 1.16506 0.9851872 5.351896 1.175836 0.9820272 5.333899 1.160845 0.9951943 5.324083 1.149063 0.9891068 5.340487 1.210875 1.100163 5.359505 1.20234 1.105014 5.344113 1.196224 1.104571 5.362166 0.0351361 -0.7760859 1.39769 0.02027922 -0.7773379 1.396412 0.0292502 -0.782855 1.382177 0.02703648 -0.9761145 1.481098 0.02994817 -0.9302573 1.447658 0.0435279 -0.917115 1.447927 0.03959214 -1.023801 1.528749 0.04593074 -1.043504 1.520051 0.04893612 -1.020402 1.514854 0.04112601 -1.140861 1.598255 0.05782705 -1.195345 1.669856 0.039985 -1.197607 1.6709 0.0543316 -1.206441 1.66066 0.05678862 -1.316783 1.828167 0.04791289 -1.319687 1.800784 0.06742346 -1.335288 1.828141 0.06353867 -1.355077 1.902125 0.05466181 -1.372329 1.899106 0.07302451 -1.36668 1.891474 0.05584406 -1.397187 1.937221 0.03380453 -1.400539 1.931028 0.04466664 -1.412529 1.92322 -0.007340669 -1.45471 1.949824 -0.007428288 -1.460465 1.932139 0.004376947 -1.466309 1.942564 -0.8067941 0.5271298 0.968541 -0.8017432 0.5328193 0.9555131 -0.8058018 0.5154084 0.9525561 -0.9270319 0.5526081 0.9351196 -0.9283832 0.5671809 0.9320943 -0.9286491 0.5599138 0.915999 -0.9803405 0.5626135 0.9167128 -1.124924 0.6227333 0.9230144 -1.101424 0.6214434 0.9134932 -1.18816 0.6319816 0.9236787 -1.111735 0.6135834 0.9035699 -1.285323 0.6791908 0.9450771 -1.297459 0.7014194 0.9360014 -1.284774 0.6773465 0.9296355 -1.31509 0.7015538 0.9548864 -1.329846 0.6816141 0.9591715 -1.341786 0.6833628 0.9497355 -1.34965 0.6948695 0.9612264 -1.393606 0.6374345 1.009743 -1.421066 0.6396369 1.034774 -1.434494 0.6346277 1.022181 -1.48268 0.6079795 1.077844 -1.489769 0.623549 1.084299 -1.547459 0.6106286 1.120715 -1.633191 0.5960474 1.229265 -1.639413 0.6089373 1.224261 -1.628184 0.6153983 1.234526 -1.095417 0.7804082 2.33401 -1.10312 0.781974 2.319062 -1.094277 0.7679297 2.318502 -1.223709 0.6932712 2.392331 -1.233574 0.6982105 2.378094 -1.290969 0.639786 2.41959 -1.303755 0.6393436 2.418286 -1.410241 0.5990011 2.488889 -1.386045 0.6028565 2.493224 -1.525576 0.5332889 2.600806 -1.527639 0.5478106 2.600649 -1.522543 0.5407903 2.574581 -1.608146 0.5276907 2.660221 -1.597042 0.5211995 2.674378 -1.609612 0.535966 2.677607 -1.645062 0.4927799 2.70893 -1.6597 0.5021115 2.713116 -1.659737 0.4932876 2.697208 -1.732837 0.3737355 2.723186 -1.718758 0.4177787 2.71769 -1.748192 0.3767643 2.708508 -1.707186 0.4053707 2.705734 -1.785437 0.3494827 2.73301 -1.77622 0.3351034 2.720957 -1.909553 0.2504413 2.753684 -1.909972 0.2385989 2.771126 -1.929061 0.2509101 2.776711 -1.972173 0.236965 2.785411 -1.985714 0.2475038 2.820589 -1.983569 0.2587651 2.81334 -1.99452 0.2409304 2.811652 -2.047998 0.3169423 2.865999 -2.055623 0.3006541 2.870388 -2.041529 0.3104792 2.878447 0.4191831 1.022957 1.608953 0.4297832 1.037609 1.606287 0.4095654 1.038341 1.606821 0.4141601 1.055252 1.77094 0.4206777 1.066785 1.757083 0.4269902 1.047837 1.759803 0.431501 1.072732 1.823797 0.4331713 1.06341 2.005243 0.416943 1.07807 1.994341 0.4341449 1.072482 2.227584 0.4171681 1.065553 2.045988 0.4176373 1.060582 2.281801 0.4239082 1.075055 2.233519 0.4346777 1.059899 2.256998 0.4391592 1.040972 2.450901 0.4332298 1.040342 2.544454 0.4301543 1.057084 2.479596 0.4476094 1.052181 2.520014 0.4428408 1.056944 2.639822 0.4264406 1.051377 2.64029 0.435985 1.036017 2.765219 0.4509082 1.044219 2.764776 0.4366785 1.054013 2.765951 -0.1168529 1.090345 1.596252 -0.1120335 1.092984 1.58029 -0.1266406 1.085225 1.579646 -0.1961697 1.233021 1.596822 -0.1899642 1.241562 1.581714 -0.2145799 1.249274 1.584748 -0.3072992 1.474362 1.638577 -0.3177568 1.463722 1.621947 -0.320048 1.459547 1.635901 -0.3122181 1.475719 1.624938 -0.4172652 1.686472 1.730608 -0.4109722 1.719412 1.742623 -0.4195557 1.714257 1.725497 -0.5016983 1.930192 1.888606 -0.4910632 1.940996 1.889318 -0.4953141 1.939942 1.872027 -0.5025566 1.918881 1.865333 -0.5390117 2.020619 1.959319 -0.5389164 2.015647 1.973896 -0.5243312 2.017136 1.97479 -0.5240816 2.024731 1.962024 -0.5261262 2.086871 1.998972 -0.5074578 2.086462 1.993611 -0.5215731 2.089429 1.981927 -0.463416 2.171518 1.988024 -0.4749431 2.177138 1.979519 -0.4778065 2.176894 1.998286 -0.4471954 0.1904588 3.774504 -0.4622046 0.1825521 3.769499 -0.446094 0.1763765 3.769738 -0.4805808 0.1417787 3.917032 -0.4792519 0.1250147 3.91568 -0.4949564 0.09441512 4.124033 -0.4893993 0.0820893 4.095717 -0.510368 0.08306503 4.129088 -0.5082086 0.06187307 4.372702 -0.5223498 0.05030256 4.371264 -0.5206086 0.07103425 4.393235 -0.5293286 0.06488895 4.413329 -0.5311768 0.05415773 4.652213 -0.5203715 0.05128687 4.652343 -0.5129405 0.06017738 4.637167 -0.5217831 0.07176125 4.676572 -0.5290944 0.06824916 4.721332 -0.5102765 0.07515037 4.784325 -0.5080765 0.0726124 4.910916 -0.5255481 0.06831449 4.910923 -0.5248872 0.08246767 4.910409 0.5976936 0.7890191 1.480739 0.5882125 0.7787247 1.467862 0.6049942 0.7872514 1.465607 0.6572185 0.676559 1.501773 0.6713011 0.671747 1.517232 0.6554035 0.6787898 1.523095 0.7086582 0.5753979 1.567451 0.768998 0.5202708 1.622586 0.750352 0.5266008 1.593113 0.7668739 0.5082267 1.629438 0.7577068 0.5425126 1.592926 0.8153777 0.4516413 1.673137 0.8400651 0.4547499 1.675502 0.8852924 0.4043147 1.726341 0.8985299 0.4095188 1.757493 0.952211 0.3693693 1.812554 0.9656239 0.375327 1.803315 0.9816932 0.3782646 1.824932 0.9771428 0.3806536 1.836865 1.07258 0.3480455 1.959286 1.015699 0.3545485 1.870083 1.086801 0.3619485 1.984174 1.106453 0.3500027 1.983376 1.155336 0.3747016 2.093134 1.158158 0.3566276 2.093102 1.168492 0.3696203 2.085605 -0.7364447 1.076349 2.425419 -0.7226738 1.08965 2.420784 -0.7398531 1.092695 2.42056 -0.7189714 1.124608 2.587386 -0.7320175 1.129731 2.610425 -0.735688 1.139574 2.613499 -0.7300089 1.146924 2.620021 -0.719204 1.150849 2.651189 -0.722912 1.144806 2.801519 -0.7151889 1.157457 2.87694 -0.7309791 1.162369 2.832044 -0.7365829 1.149151 2.839985 -0.7073082 1.142267 2.8971 -0.7268658 1.15516 2.917407 -0.725497 1.144591 2.891884 -0.7369586 1.1379 2.933343 -0.7238155 1.149887 2.937939 -0.7921863 1.161154 2.960858 -0.8002099 1.147666 2.95212 -0.818843 1.15089 2.98693 -0.9205008 1.189064 3.063916 -0.9083934 1.204151 3.06921 -0.9189012 1.204444 3.058093 0.1754172 0.6928076 1.239745 0.1417046 0.6467378 1.238725 0.1561317 0.6002532 1.210689 0.2039415 0.6003252 1.183953 0.2381083 0.6437135 1.183542 0.2237413 0.690737 1.211825 0.3078016 0.5237421 1.374918 0.3190435 0.608644 1.387751 0.3311058 0.5697386 1.510585 0.3733065 0.539146 1.446646 0.3371417 0.5157692 1.575369 0.3421366 0.4826487 1.541552 0.4214841 0.4609036 1.607756 0.4875316 0.4998158 1.746768 0.4902796 0.4720544 1.71105 0.4969524 0.427352 1.874294 0.5031264 0.487825 1.878589 0.4994229 0.4560081 1.916335 0.5312728 0.4251031 1.868166 0.6222082 0.4533653 2.040791 0.613101 0.48126 2.051812 0.5934396 0.4813479 2.087225 0.5692214 0.4587106 2.063816 0.580039 0.4332692 2.055329 0.6089769 0.4311943 2.050817 0.5713211 0.4351469 2.146009 0.5832958 0.4145659 2.137556 0.6077402 0.4080301 2.144079 0.6233482 0.4269165 2.158462 0.6104379 0.4474614 2.167297 0.5731104 0.4383242 2.179733 0.4945302 0.351266 2.242266 0.4964393 0.3249592 2.247543 0.5253273 0.3258147 2.257133 0.5029416 0.3514283 2.280606 0.4562715 0.26876 2.381123 0.4364129 0.2714175 2.422304 0.4263541 0.2881084 2.388054 0.4262129 0.2573556 2.390734 0.4220029 0.1991711 2.448557 0.4498204 0.2293893 2.418796 0.4416643 0.1781763 2.46256 0.4467611 0.171631 2.436115 0.4609652 0.1814287 2.453984 0.5087898 0.04499858 2.449123 0.5233164 0.05060541 2.442613 0.5193794 0.05151462 2.461245 0.5881145 0.4488791 2.13668 0.6058771 0.4276359 2.135856 0.6199904 0.4226157 2.114713 0.6188274 0.4372702 2.091854 0.6015974 0.458586 2.091356 0.5867555 0.4639744 2.113342 0.8648051 0.6772258 2.271019 0.9221403 0.6990644 2.27727 0.8791689 0.6685168 2.274492 0.8885695 0.6967166 2.257531 0.8750367 0.6957936 2.266554 1.016951 0.7756801 2.373948 1.004354 0.788478 2.376894 1.016479 0.7878168 2.362554 0.4313471 0.2194754 2.427566 0.4455198 0.2466315 2.42878 0.4222425 0.2360632 2.416509 0.3352788 0.274757 2.586989 0.3386843 0.2877433 2.585297 0.3269007 0.2892956 2.577035 0.3236492 0.275663 2.57898 -1.020985 0.4286584 1.178224 -1.029037 0.4388045 1.178316 -1.034484 0.4321942 1.166615 -1.19049 0.3136671 1.309944 -1.189312 0.2963322 1.31226 -1.25601 0.239644 1.394429 -1.330583 0.2137786 1.462018 -1.392688 0.1651052 1.510719 -1.408146 0.1543667 1.55685 -1.456725 0.1202748 1.594259 -1.590377 0.07876086 1.738168 -1.594372 0.06938719 1.767339 -1.59771 0.05531007 1.756932 -1.702131 -0.002634286 1.879675 -1.706928 0.01098167 1.87993 -1.722226 0.001450538 1.874681 -1.761124 0.007593691 1.985059 -1.75724 0.01428014 1.954662 -1.767229 -6.05496e-4 1.954901 -1.785798 0.05037117 2.024444 -1.77943 0.03054136 2.025832 -1.768399 0.1580492 2.114081 -1.780826 0.1480457 2.122811 -1.762629 0.1390761 2.116798 -1.774625 0.1842195 2.188626 -1.790234 0.1874104 2.183142 -1.785226 0.1697497 2.188043 -1.806834 0.1723634 2.266755 -1.827193 0.1770976 2.265926 -1.822236 0.1642186 2.261642 -1.91063 0.06795346 2.427792 -1.918075 0.0802657 2.423938 -1.909476 0.07754778 2.388693 -1.933333 0.05354124 2.446754 -2.063334 0.03097754 2.669258 -2.059127 0.01314836 2.667907 -2.050002 0.02782011 2.676054 -1.519814 1.159766 1.210541 -1.501964 1.158319 1.214743 -1.508911 1.157339 1.198033 -1.471511 1.461511 1.185661 -1.471492 1.368678 1.178797 -1.480906 1.457414 1.170199 -1.469517 1.516663 1.169726 -1.485551 1.557434 1.160345 -1.527659 1.694433 1.170584 -1.509481 1.702249 1.167185 -1.523421 1.687586 1.156226 -1.509055 1.83714 1.198602 -1.504579 1.781591 1.184589 -1.505144 1.840932 1.18385 -1.47583 1.853443 1.204201 -1.382112 1.978006 1.269987 -1.378072 1.995791 1.298873 -1.38875 1.953415 1.271007 -1.34204 2.035947 1.328145 -1.321951 2.081176 1.338497 -1.332251 2.115882 1.355576 -1.283095 2.286593 1.472363 -1.288035 2.296255 1.457917 -1.300188 2.292781 1.468909 -1.751269 5.14661e-4 1.963848 -1.76661 0.009717762 1.959728 -1.758773 0.001471221 1.947362 -1.892563 -0.2063081 1.995278 -1.890532 -0.2225283 2.008544 -1.892252 -0.2057979 2.016173 -1.894419 -0.1918933 2.003524 -2.045857 -0.3994779 2.075237 -2.059109 -0.40989 2.063881 -2.062556 -0.3918533 2.074575 -2.197767 -0.5177706 2.14564 -2.142085 -0.4717241 2.097382 -2.191779 -0.5260884 2.130031 -2.377611 -0.6282927 2.234914 -2.384974 -0.6272295 2.22155 -2.373645 -0.6423541 2.223733 -1.794256 0.1825959 2.188247 -1.776503 0.1778043 2.191878 -1.783054 0.1825467 2.17604 -1.71856 0.3676116 2.226828 -1.701776 0.3578737 2.230782 -1.713624 0.3707876 2.24289 -1.722087 0.4509715 2.254243 -1.714736 0.454897 2.239882 -1.730961 0.4481385 2.237993 -1.772276 0.512924 2.252081 -1.773036 0.5292709 2.240821 -1.780491 0.5110184 2.236381 -1.963889 0.5985795 2.219399 -1.957894 0.604617 2.204077 -1.966629 0.5909332 2.205445 -1.518639 1.776747 1.183953 -1.511302 1.791426 1.187158 -1.512062 1.785847 1.169891 -1.769647 1.90798 1.151376 -1.760123 1.922922 1.141218 -1.766887 1.910483 1.137181 -1.763113 1.920037 1.154687 -2.001521 2.07573 1.150344 -2.004035 2.07117 1.132927 -2.010242 2.061871 1.147017 -2.216608 1.251983 1.717394 -2.202457 1.253113 1.715263 -2.205055 1.264474 1.706882 -2.219206 1.263344 1.709013 -2.19428 1.440083 1.965437 -2.178573 1.44515 1.960181 -2.187974 1.45457 1.953884 -1.725848 0.4474865 2.252085 -1.714861 0.4478132 2.240312 -1.727499 0.4584096 2.240096 -1.578668 0.6188136 2.389267 -1.57174 0.6218569 2.378286 -1.586534 0.6306301 2.382586 0.5250424 -0.7263377 1.303891 0.5273043 -0.7313671 1.287849 0.5205379 -0.7147614 1.287895 0.7233746 -0.6517544 1.29067 0.8454292 -0.5945047 1.308182 0.7155857 -0.6371765 1.302335 0.8483479 -0.5745755 1.310238 0.8420103 -0.5852442 1.293149 0.9399197 -0.5760564 1.338974 0.9440103 -0.5929114 1.339436 0.9541652 -0.5811918 1.327329 0.9660465 -0.6064133 1.339936 1.053219 -0.6710962 1.412908 1.050577 -0.6925361 1.423217 1.097948 -0.7221739 1.437786 1.203612 -0.7943506 1.544089 1.219642 -0.7954728 1.532224 1.278542 -0.8355732 1.600363 1.333271 -0.8965038 1.651543 1.439419 -0.9636726 1.78051 1.546623 -1.045737 1.885573 1.480124 -0.9769833 1.803427 1.572865 -1.077409 1.947281 1.579227 -1.062086 1.951891 1.685101 -1.135679 2.104493 1.694211 -1.146702 2.09268 1.697159 -1.130204 2.098093 0.9038253 -0.5740147 1.325393 0.9178111 -0.5826149 1.328616 0.9123008 -0.581415 1.31129 1.019785 -0.3983986 1.303619 1.002824 -0.4189012 1.291363 1.004711 -0.4456478 1.305076 1.031156 -0.4013613 1.286506 1.111009 -0.263747 1.302929 1.11904 -0.2817676 1.30052 1.112204 -0.2750562 1.287363 1.208208 -0.2175844 1.299173 1.215721 -0.2329482 1.297202 1.201848 -0.2281329 1.283452 1.241331 -0.2207508 1.281158 1.36404 -0.2678923 1.278098 1.367951 -0.2793815 1.26391 1.578709 -0.3007096 1.259076 1.432558 -0.2803525 1.250881 1.577134 -0.2928982 1.244304 1.666458 -0.3286212 1.247107 1.755906 -0.3375081 1.249872 1.77874 -0.3464969 1.271639 2.024645 -0.4007407 1.293952 2.025005 -0.3855201 1.308782 2.027777 -0.381725 1.294789 1.16701 -0.2384046 1.301191 1.184157 -0.2388713 1.297484 1.174133 -0.233166 1.286266 1.190208 -0.06768709 1.372954 1.200968 -0.04834836 1.365225 1.184525 -0.04090076 1.36818 1.243923 0.08115333 1.437648 1.260952 0.07869237 1.431077 1.253666 0.1524643 1.490167 1.269024 0.1565544 1.495304 1.262754 0.1399093 1.460141 1.258158 0.1838097 1.505545 1.186629 0.2636368 1.620356 1.19612 0.2561101 1.627756 1.205917 0.2651422 1.624575 1.197644 0.2682496 1.611803 1.195758 0.3920725 1.784835 1.207023 0.4005344 1.777791 1.190574 0.4042262 1.774223 1.261295 0.1342486 1.47644 1.263646 0.122533 1.461821 1.260833 0.1401308 1.461765 1.466493 0.1638246 1.464158 1.465344 0.1638323 1.482775 1.669273 0.1906645 1.496912 1.669043 0.1995994 1.482106 1.666984 0.2041299 1.497708 0.6703326 -1.453179 2.523794 0.6635224 -1.463671 2.521566 0.6725165 -1.459212 2.506396 0.8261554 -1.581242 2.569639 0.8342196 -1.566852 2.576068 0.8258929 -1.573408 2.585431 0.20015 0.1362075 2.756724 0.1839553 0.1645519 2.758922 0.1590402 0.1673023 2.738271 0.1518991 0.1439828 2.718271 0.1692048 0.1172986 2.718111 0.1945443 0.1147889 2.739256 0.007556498 0.007075786 2.947727 -0.007103681 0.03708779 2.972313 -0.03636062 0.03309881 2.976534 -0.05009531 0.01409316 2.976093 -0.04402136 -0.003892362 2.981392 -0.01236379 0.0162093 2.990788 -0.04057145 0.01608198 3.04425 -0.04183536 0.03898173 3.032158 -0.05840569 0.05470925 3.046811 -0.06938391 0.03268325 3.053579 -0.02605462 0.09002155 3.113125 -0.03553044 0.1105835 3.114615 -0.04128205 0.08945596 3.132807 -0.04722583 0.1556659 3.226649 -0.03182518 0.1516964 3.228682 -0.03584897 0.1664882 3.220122 0.4124948 0.2677363 2.887093 0.4075346 0.2452072 2.847086 0.4181092 0.2872278 2.857194 0.5402545 0.2087193 2.864878 0.5348429 0.2403817 2.847213 0.5453934 0.2181211 2.882186 0.5897097 0.2120506 2.850084 0.5493345 0.2470886 2.864882 0.650117 0.2282183 2.88642 0.6949634 0.227733 2.86822 0.724318 0.20873 2.895382 0.8221989 0.2174876 2.908099 0.8173661 0.2212506 2.925881 0.8212841 0.2309468 2.910972 -0.04461842 0.02249836 3.032512 -0.05970704 0.03160536 3.011863 -0.03838849 0.01040381 3.004686 -0.1000932 -0.04074406 3.036086 -0.08999419 -0.05909425 3.031682 -0.1071529 -0.04123097 3.016445 -0.107694 -0.07194316 3.019412 -0.1558342 -0.06752973 3.036529 -0.1517926 -0.07129514 3.057401 -0.1648919 -0.08519011 3.049589 -0.2371607 -0.04439735 3.08748 -0.2382442 -0.05971622 3.089725 -0.231593 -0.0490089 3.099377 0.405383 0.4525495 3.083973 0.4293885 0.4605866 3.089102 0.4233087 0.4621887 3.069957 0.3670095 0.570452 3.099567 0.3754592 0.5707479 3.113843 0.3823861 0.5760889 3.10009 -0.1260614 -0.06988447 3.047233 -0.1404738 -0.06693547 3.030384 -0.1225345 -0.06671464 3.024627 -0.1377235 -0.1974503 3.00883 -0.1249532 -0.1989572 3.015629 -0.1332519 -0.1999493 3.02421 -0.3355932 -0.734509 2.089932 -0.3691443 -0.6937652 2.086733 -0.3922392 -0.6811458 2.046789 -0.3866585 -0.7068988 2.000669 -0.3544581 -0.7472987 2.000122 -0.3298809 -0.7604016 2.043261 -0.5178819 -0.8760194 2.143523 -0.5778549 -0.8431383 2.113147 -0.5736926 -0.8719213 2.161265 -0.6019716 -0.8965733 2.099966 -0.5752844 -0.9272023 2.099683 -0.5946447 -0.9756504 2.160423 -0.6496844 -1.00127 2.228801 -0.6703143 -0.9716869 2.227697 -0.6851003 -0.9612057 2.1945 -0.6812149 -0.9819004 2.166636 -0.6674402 -1.016941 2.171324 -0.686578 -1.0315 2.206399 -0.8062277 -1.006213 2.224047 -0.8951239 -0.9840838 2.221589 -0.8527356 -0.9683077 2.192297 -0.8440722 -0.984847 2.167742 -0.8752123 -1.017216 2.175654 -0.8254136 -1.025201 2.199837 -0.9765161 -1.036549 2.238757 -1.00465 -1.061037 2.225356 -1.141976 -1.068012 2.249355 -1.106157 -1.066326 2.224092 -1.179 -1.116334 2.257052 -1.150998 -1.10266 2.27947 -1.184705 -1.09812 2.286239 -1.197578 -1.132562 2.283562 -1.331451 -1.197154 2.361541 -1.342525 -1.192636 2.346123 -1.331293 -1.207487 2.350091 -0.2181465 -0.5030366 2.442972 -0.2450206 -0.4548048 2.419997 -0.2700092 -0.4728396 2.399961 -0.2725535 -0.5051194 2.398618 -0.2464953 -0.5292752 2.420549 -0.320131 -0.472936 2.554003 -0.3562845 -0.5194481 2.551248 -0.3323941 -0.5048755 2.566939 -0.3709945 -0.4614423 2.5768 -0.440223 -0.4846231 2.62999 -0.5067362 -0.5247836 2.746903 -0.4486758 -0.4960961 2.73065 -0.4663828 -0.5245239 2.76107 -0.5025699 -0.4962884 2.785905 -0.5010206 -0.5397535 2.785887 -0.5676816 -0.5334509 2.883302 -0.6226592 -0.5872288 3.08405 -0.5819905 -0.5478559 2.975064 -0.5766548 -0.5707014 2.94306 -0.6357489 -0.579867 3.080741 -0.6193907 -0.5716513 3.087909 -0.6612178 -0.9629451 2.217137 -0.7019166 -0.9797427 2.213215 -0.6829754 -1.01467 2.172941 -0.6488509 -1.003752 2.172912 -0.6378366 -0.9779717 2.194902 -0.6405652 -1.169012 2.375521 -0.5995694 -1.158646 2.343986 -0.6600471 -1.076961 2.315364 -0.6423333 -1.130406 2.29754 -0.6045232 -1.143987 2.403169 -0.5853782 -1.162032 2.393467 -0.6272539 -1.18161 2.434921 -0.6179109 -1.208173 2.400651 -0.6217725 -1.216585 2.460325 -0.6448695 -1.212738 2.421576 -0.6094537 -1.238383 2.425246 -0.6084944 -1.234285 2.449539 -0.7405426 -1.308249 2.456326 -0.7286253 -1.295769 2.432785 -0.7159045 -1.309667 2.423927 -0.7234119 -1.325896 2.471704 -0.7101042 -1.340925 2.444303 -0.7085086 -1.33142 2.460675 -0.7296873 -1.376832 2.459809 -0.6861882 -1.453476 2.539079 -0.6718382 -1.451543 2.545787 -0.6823179 -1.467681 2.523754 -0.660588 -1.46437 2.526501 -0.6597068 -1.456317 2.538718 -0.6810494 -1.583119 2.63077 -0.6689243 -1.590571 2.620152 -0.6668761 -1.579562 2.63482 -0.6369751 -1.194548 2.435359 -0.635125 -1.215446 2.436595 -0.6087219 -1.226776 2.420592 -0.6081748 -1.182839 2.415083 -0.5223475 -1.195586 2.536819 -0.5466054 -1.17019 2.53831 -0.5452051 -1.209845 2.530284 -0.4721326 -1.173674 2.618385 -0.4803483 -1.184596 2.648065 -0.48048 -1.19973 2.642216 -0.4655837 -1.203361 2.623477 -0.453037 -1.196865 2.670954 -0.4745025 -1.190531 2.695826 -0.4861211 -1.220744 2.707724 -0.4679804 -1.208693 2.717774 -0.5558891 -1.241944 2.77447 -0.5430448 -1.24753 2.781754 -0.5459988 -1.232163 2.785393 0.1715944 -0.4106406 2.598488 0.1430717 -0.4241425 2.592685 0.1630051 -0.4163667 2.56535 0.2279089 -0.5656853 2.579033 0.2267516 -0.5638739 2.606476 0.2706786 -0.6710759 2.60435 0.2789153 -0.664465 2.618987 0.2864365 -0.6629922 2.603539 -0.7207459 -1.32347 2.472823 -0.7201583 -1.309072 2.438965 -0.7150186 -1.344555 2.447405 -0.8789148 -1.354779 2.449308 -0.8874117 -1.333859 2.436089 -0.8780701 -1.35462 2.423519 -0.8850321 -1.341688 2.449525 -0.887416 -1.342242 2.423434 -0.8759545 -1.362434 2.43675 -1.030952 -1.418445 2.445933 -1.023205 -1.434081 2.442338 -1.02718 -1.426438 2.429755 -0.4706101 -1.1844 2.674502 -0.4676589 -1.210013 2.676052 -0.4631028 -1.195023 2.655594 -0.3245064 -1.178372 2.705254 -0.3276699 -1.186893 2.718669 -0.3299034 -1.170957 2.718936 1.293092 -0.03237622 1.39444 1.281509 -0.0388993 1.392149 1.292583 -0.03111481 1.380046 1.330414 -0.1079073 1.369081 1.358949 -0.1360476 1.375923 1.339955 -0.1416775 1.376514 1.383247 -0.1851474 1.387789 1.408213 -0.2211484 1.37163 1.451488 -0.2822694 1.401983 1.447717 -0.2847508 1.39006 1.498744 -0.3158251 1.41249 1.489685 -0.3002578 1.393937 1.537591 -0.3391777 1.420898 1.523216 -0.3539701 1.417481 1.535392 -0.3619275 1.413955 1.526669 -0.3606947 1.435382 1.514992 -0.4213561 1.471891 1.534538 -0.4218156 1.466311 1.52891 -0.4918257 1.50266 1.540911 -0.4824178 1.503195 1.537652 -0.4894658 1.524429 1.521717 -0.4825879 1.507691 1.540013 -0.507902 1.54662 1.557705 -0.5141009 1.54112 1.558809 -0.4981052 1.551505 1.558818 -0.5151529 1.563412 1.60456 -0.4744658 1.606158 1.599383 -0.4714482 1.624661 1.604521 -0.4880316 1.625006 1.661772 -0.4689608 1.693198 1.646446 -0.4698752 1.703019 1.654155 -0.4558956 1.695632 1.527053 -0.3484786 1.423963 1.526897 -0.353912 1.413001 1.525236 -0.3352763 1.414053 1.698681 -0.3256979 1.416796 1.675645 -0.3329421 1.398373 1.73792 -0.3405601 1.420093 1.754126 -0.3237221 1.411593 1.946445 -0.3545938 1.462141 1.942315 -0.3456959 1.477043 1.947945 -0.341017 1.45999 1.554775 -0.5054329 1.537553 1.538004 -0.5013086 1.541485 1.544095 -0.5042966 1.525408 1.518949 -0.6062641 1.555237 1.508108 -0.6075813 1.545633 1.51842 -0.6090055 1.535668 1.528399 -0.6077054 1.545294 1.538781 -0.7111029 1.570564 1.544862 -0.7125504 1.554281 1.555534 -0.7080867 1.565621 -0.1631262 1.155907 1.604075 -0.1598299 1.160151 1.590298 -0.1646748 1.142741 1.593336 -0.3721973 1.199172 1.553681 -0.3634098 1.206924 1.554776 -0.3623681 1.211564 1.568012 -0.4088845 1.206948 1.564177 -0.5028262 1.246362 1.570525 -0.5707901 1.285634 1.561707 -0.576243 1.269431 1.561932 -0.7742139 1.366935 1.603149 -0.7800897 1.38957 1.595411 -0.765857 1.377247 1.605914 -0.7898774 1.379852 1.592911 -0.8866506 1.4545 1.634306 -0.8781057 1.472409 1.630839 -0.9487516 1.477831 1.667697 -0.9502689 1.494247 1.67189 -0.932653 1.484465 1.643173 -0.9770814 1.488729 1.672488 -1.067134 1.437486 1.739261 -1.047387 1.4464 1.745083 -1.070085 1.454276 1.746184 -1.20925 1.465005 1.880213 -1.220475 1.460134 1.867767 -1.196794 1.444337 1.863216 -1.309664 1.493775 1.9764 -1.320664 1.485932 1.967176 -1.311655 1.476283 1.978837 -0.01146638 1.832875 2.028136 -0.01615715 1.818145 2.031877 -0.00123614 1.82181 2.020676 0.09791713 1.812533 2.175244 0.1120502 1.821583 2.168356 0.1043922 1.831388 2.185226 0.2245664 1.862497 2.358531 0.2078191 1.868727 2.362003 0.2259731 1.883113 2.366286 0.2806516 1.905878 2.505888 0.2915951 1.917438 2.49717 0.2750015 1.921634 2.503694 -0.9270436 1.483296 1.661418 -0.9179723 1.483687 1.64852 -0.932152 1.481131 1.643759 -0.9587121 1.681 1.645738 -0.9449634 1.663086 1.630913 -0.9623606 1.663411 1.631896 -1.011433 1.789125 1.631123 -0.9968436 1.807285 1.635266 -1.007545 1.838235 1.62726 -0.9882973 1.892613 1.666345 -0.9809774 1.893143 1.650064 -0.9977263 1.897778 1.650992 -0.9212415 1.982617 1.719604 -0.9152531 1.986023 1.706297 -0.9317253 1.993274 1.70955 -1.007937 1.832664 1.642977 -1.000336 1.848151 1.643242 -1.002641 1.839702 1.627897 -1.171794 1.922592 1.627781 -1.166337 1.931202 1.617773 -1.171957 1.917746 1.609419 0.9183698 0.3623663 5.69594 0.9234599 0.3422785 5.666492 0.940991 0.3698107 5.675182 1.002335 0.2978439 5.749589 0.9949101 0.272978 5.740223 1.008665 0.2921531 5.722882 1.000975 0.2793548 5.755832 1.015828 0.296915 5.740171 1.115888 0.2420772 5.801583 1.134077 0.2443078 5.833532 1.055294 0.244611 5.771068 1.190374 0.2105466 5.89245 1.199215 0.2052952 5.880377 1.197636 0.2233155 5.888605 -0.9476178 0.004158437 1.159665 -0.9282227 0.03824639 1.131687 -0.9750467 0.03051096 1.13848 -0.9576988 0.06435185 1.218236 -0.9261254 0.08260518 1.212485 -0.9572173 0.09417784 1.196915 -0.9371848 0.06861472 1.224112 -0.9399076 0.1095936 1.21757 -0.9687076 0.09023475 1.217661 -0.9995111 0.159266 1.362214 -0.9892883 0.1618324 1.364353 -0.9868116 0.1717808 1.360663 -1.003489 0.1724333 1.354895 0.2743422 0.1650487 2.767417 0.2522699 0.1263607 2.731805 0.2728946 0.1320482 2.701258 0.30671 0.1756171 2.722825 0.3568518 0.09463852 2.793041 0.3793281 0.0340653 2.81166 0.3251255 0.05658113 2.765341 0.3832301 0.06921911 2.746836 0.3599046 0.04759091 2.746652 0.3808636 0.09352195 2.768796 0.4800644 -0.04060578 2.849606 0.4753105 0.008273541 2.855433 0.5444292 -0.05924254 2.86437 0.5986407 -0.06030273 2.896863 0.5149716 -0.003930449 2.853057 0.5860878 -0.0654577 2.935605 0.6143392 -0.0568971 2.949425 0.6472364 -0.06381899 2.957468 0.6426085 -0.094343 2.971481 0.7396296 -0.1122007 3.049933 0.7297484 -0.1060468 3.061569 0.7384031 -0.09335392 3.055873 0.2063356 0.3360729 3.008391 0.1971662 0.3565496 3.008367 0.1785134 0.3613661 2.99676 0.1695436 0.3434579 2.984719 0.1785888 0.3245124 2.985098 0.1975186 0.3195468 2.996946 0.06498801 0.3159556 3.155741 0.06861245 0.2953459 3.15188 0.08359217 0.3114628 3.171555 0.07806253 0.2938368 3.163293 0.03804767 0.3312988 3.249421 0.02524209 0.320927 3.244983 0.04061865 0.317236 3.252877 0.4184645 1.559383 1.561387 0.4478244 1.584077 1.56105 0.4655288 1.593412 1.519662 0.4228672 1.553783 1.494316 0.4054542 1.54368 1.527502 0.3706904 1.655081 1.541539 0.3548672 1.674721 1.478853 0.3383178 1.610821 1.512778 0.3290281 1.652884 1.538887 0.3798902 1.671235 1.510952 0.329526 1.653538 1.478229 0.308035 1.684878 1.514051 0.3574448 1.715741 1.549319 0.3628572 1.814574 1.580792 0.3767697 1.746607 1.530413 0.3470508 1.810378 1.527118 0.3189991 1.768139 1.541263 0.3968014 1.803536 1.573118 0.3868237 1.810747 1.524894 0.4111577 1.804507 1.545561 0.3778308 1.847674 1.5594 0.4841198 1.886244 1.527809 0.5150635 1.895102 1.566024 0.5169932 1.866847 1.559888 0.5266264 1.867188 1.537398 0.5157024 1.879537 1.520694 0.4752137 1.889221 1.551259 0.5968535 1.993898 1.55619 0.6630483 2.055354 1.553521 0.6740403 2.060493 1.582249 0.6931177 2.055785 1.573979 0.6704266 2.042724 1.550348 0.7558976 2.190623 1.602499 0.7682661 2.182587 1.602867 0.7620859 2.189444 1.591149 0.3368949 1.658615 1.541505 0.348548 1.707067 1.521468 0.3554904 1.688821 1.483777 0.348104 1.646447 1.49102 0.2040136 1.704176 1.501903 0.1879578 1.662755 1.473289 0.1832695 1.6789 1.497612 0.2031375 1.719713 1.474772 0.1891206 1.67802 1.447044 0.1813327 1.712657 1.445667 0.0403757 1.741513 1.464343 0.04191005 1.766161 1.466236 0.04309862 1.780486 1.445117 0.06841981 1.76094 1.426014 0.04111808 1.729642 1.444641 0.03531312 1.742646 1.425487 -0.01650935 1.76149 1.439304 -0.09022206 1.721003 1.4682 -0.102898 1.708055 1.491755 -0.1110892 1.71625 1.512515 -0.1482087 1.736334 1.525249 -0.09302812 1.749519 1.489352 -0.1303197 1.736816 1.485319 -0.2064993 1.756735 1.530195 -0.231457 1.734399 1.527621 -0.2770885 1.761199 1.574902 -0.2861015 1.777888 1.555203 -0.2877793 1.78909 1.580662 -0.3080648 1.773108 1.574937 -0.3705652 1.85235 1.640924 -0.381662 1.848609 1.629264 -0.3816777 1.839228 1.639014 0.3908756 1.793638 1.572619 0.3953512 1.821747 1.548101 0.3725215 1.823358 1.527882 0.3520654 1.805997 1.528603 0.3663626 1.780861 1.565354 0.2821411 1.941403 1.699361 0.285224 1.873658 1.633924 0.2645801 1.995271 1.724032 0.2361967 1.978543 1.704513 0.2363079 1.992505 1.763185 0.2380163 2.021557 1.738097 0.1987969 2.046853 1.803418 0.199296 2.06232 1.852018 0.2138323 2.092313 1.845389 0.2129433 2.097566 1.882892 0.2226878 2.151756 1.903504 0.2418938 2.149694 1.890273 0.2082588 2.137574 1.87808 0.2954465 2.238692 1.908122 0.2969297 2.240985 1.89294 0.2835449 2.247051 1.901772 0.04380053 1.755958 1.470342 0.06051033 1.752994 1.44881 0.04580241 1.746446 1.427864 0.01528882 1.747712 1.448029 0.01406544 1.882425 1.402202 0.03177243 1.882247 1.434389 0.03685486 1.982522 1.399678 0.03098285 2.007004 1.385401 0.008162796 1.976561 1.40804 0.02279418 2.004615 1.412036 0.01095849 2.032703 1.384217 -0.009999275 2.044977 1.402136 -0.0163151 2.066023 1.42138 -0.006640136 2.072161 1.40191 -0.08746439 2.115905 1.448625 -0.08236551 2.125952 1.43819 -0.09340697 2.114992 1.436356 0.7982653 1.908137 1.910813 0.8084615 1.913325 1.880885 0.7742015 1.908912 1.885533 0.7690786 2.044121 1.921811 0.7881065 2.058656 1.905044 0.7685089 2.051489 1.898329 0.7835367 2.043802 1.921734 0.7618742 2.051362 1.910905 0.7881785 2.181202 1.950202 0.7828392 2.185068 1.934892 0.774043 2.181765 1.949563 0.2190154 2.097186 1.875185 0.2183341 2.117047 1.878867 0.2007235 2.106894 1.86444 0.1374158 2.081054 1.993006 0.1281509 2.091977 1.98893 0.123655 2.082188 1.983779 0.01156932 2.031811 1.412265 0.02073246 2.017898 1.39997 0.004525065 2.031631 1.389955 0.129519 2.131994 1.370581 0.1209118 2.140099 1.367474 0.1270946 2.129724 1.356586 -0.2524787 1.788199 4.657858 -0.2401765 1.751906 4.65767 -0.2147663 1.748993 4.641089 -0.194651 1.769057 4.623199 -0.2053315 1.802437 4.62297 -0.2368634 1.815231 4.6415 -0.07459908 1.817018 4.867774 -0.09122091 1.865559 4.865724 -0.09956836 1.853488 4.89035 -0.04834139 1.848521 4.884704 -0.03011709 1.898117 4.946424 -0.04825347 1.875355 4.981244 -0.04342496 1.912129 5.019698 -0.02937322 1.878076 4.980106 -0.04515117 1.917374 4.977533 3.20539e-4 1.900707 5.024427 -0.02506512 1.88229 5.0453 -0.009125769 1.880506 5.036848 -0.008859097 1.914817 5.050362 0.008680582 1.818053 5.143972 0.03210079 1.825492 5.139226 0.01156604 1.804978 5.137661 0.03347069 1.803098 5.137301 0.01935112 1.827626 5.145542 0.06719386 1.759754 5.268831 0.0829001 1.758187 5.261491 0.07907164 1.771646 5.268899 -0.03521084 1.896202 5.034376 -0.002969205 1.900033 5.028517 -0.02539205 1.905642 5.001414 -0.02520161 2.06411 5.075767 -0.0264849 2.078866 5.05409 -0.03973346 2.062242 5.075717 -0.03988605 2.239417 5.116877 -0.04100918 2.079797 5.054848 -0.05026859 2.233378 5.130915 -0.05773729 2.237686 5.115935 -0.7434914 -0.7018942 2.982599 -0.7651932 -0.6869205 2.983228 -0.7813984 -0.6877847 2.961363 -0.7759071 -0.7027246 2.940676 -0.7540174 -0.7176547 2.940428 -0.7379216 -0.7171543 2.96138 -0.9140671 -0.9023766 3.092853 -0.879504 -0.8916598 3.084643 -0.90458 -0.9000028 3.066302 -0.8944797 -0.9117085 3.069097 -0.8823418 -0.9081231 3.07832 -0.9626404 -0.9711829 3.158009 -0.9534658 -0.9797846 3.157007 -0.9683653 -0.9785397 3.144472 -0.628345 0.9358299 1.185509 -0.6170437 0.9235087 1.189087 -0.621399 0.9283443 1.173982 -0.5412548 0.9978026 1.185189 -0.5409328 0.9771919 1.174773 -0.5546486 0.987167 1.173574 -0.5245874 0.998354 1.187099 -0.5143067 1.043629 1.180262 -0.5266414 1.055957 1.199061 -0.5105352 1.053038 1.200403 -0.5343835 1.141828 1.240116 -0.537869 1.163604 1.235106 -0.5472552 1.145151 1.226909 -0.5501053 1.25728 1.293761 -0.5814188 1.318297 1.339277 -0.5648972 1.236649 1.285352 -0.5779007 1.328369 1.327243 -0.5949893 1.335778 1.333458 -0.5907664 1.370997 1.380032 -0.5734291 1.37199 1.381924 -0.5823831 1.378464 1.365496 -0.577195 1.391956 1.392101 -0.5145102 1.402311 1.464943 -0.5063222 1.410435 1.45366 -0.5164688 1.419859 1.46437 -0.4536216 1.482024 1.561365 -0.4599354 1.481468 1.58414 -0.4639277 1.498727 1.582036 -0.439687 1.539156 1.680618 -0.4287676 1.549673 1.671605 -0.4451565 1.550756 1.675 -0.5234211 1.013713 1.192191 -0.525445 1.010715 1.178323 -0.5255965 1.027027 1.181542 -0.3744374 1.021471 1.169699 -0.3731023 1.012987 1.155305 -0.3767457 1.02986 1.155555 -0.2325156 1.070832 1.154209 -0.2460517 1.051136 1.153205 -0.2642645 1.057319 1.139587 -0.1941321 1.046177 1.162673 -0.1777082 1.058999 1.161015 -0.1129607 1.016854 1.188479 -0.105252 1.022287 1.20847 -0.1041872 1.003664 1.208712 -0.01040083 1.008695 1.249562 0.003551185 1.000073 1.240632 -0.01181811 0.9928467 1.249399 0.09849655 1.00523 1.308877 0.169416 1.032843 1.338793 0.09523612 1.021424 1.307557 0.1940523 1.062957 1.383868 0.1996516 1.050736 1.383411 0.1998894 1.065641 1.371852 0.2679281 1.120871 1.457054 0.2813608 1.114232 1.44795 0.2724096 1.128337 1.446093 -0.2310926 1.062055 1.156428 -0.2153766 1.057577 1.160181 -0.2219949 1.057209 1.14492 -0.1696809 1.217857 1.136911 -0.1627009 1.212439 1.123046 -0.1856138 1.192375 1.126679 -0.151848 1.367056 1.124282 -0.1525908 1.365072 1.108391 -0.1432777 1.470439 1.119845 -0.1259489 1.475259 1.126367 -0.1297797 1.468941 1.112222 -0.1361916 1.647745 1.155419 -0.1344056 1.650185 1.140073 -0.1241993 1.647859 1.154008 -0.9189662 1.138661 1.650733 -0.9395682 1.141324 1.6482 -0.9317227 1.128643 1.640318 -0.956256 1.071318 1.743189 -0.9514006 1.058966 1.730359 -0.9439305 1.047607 1.758509 -1.008619 0.9759766 1.871735 -0.9967743 0.9667267 1.872161 -0.9963528 0.9728251 1.893933 -1.003067 0.9845489 1.882595 -1.065855 0.9514324 2.01144 -1.066819 0.9338774 2.006145 -1.05273 0.9413968 2.014738 -0.590297 1.356078 1.367908 -0.5816528 1.36855 1.370863 -0.5854027 1.36515 1.353924 -0.6872302 1.429452 1.380938 -0.7387177 1.477144 1.377558 -0.6884785 1.42065 1.366597 -0.8229503 1.529096 1.402132 -0.815171 1.539512 1.405389 -0.7760762 1.498671 1.376786 -0.916866 1.646807 1.431678 -0.9076576 1.648655 1.447656 -0.9194993 1.638998 1.445462 -0.1124276 1.025044 1.845994 -0.1194365 1.010339 1.834714 -0.1026448 1.020918 1.832852 -0.005364537 0.8651846 1.955888 -0.03807008 0.915199 1.937017 -0.03073048 0.92178 1.917801 0.06723743 0.7952762 2.042755 0.05037271 0.7937713 2.053481 0.06495815 0.8042762 2.054692 0.1034275 0.7300372 2.122957 0.1065735 0.7436741 2.135853 0.09528821 0.7296345 2.140909 0.1677539 0.7122845 2.188459 0.1678369 0.6966372 2.1813 0.1468248 0.7198807 2.158065 0.1925811 0.7140239 2.174675 0.3159193 0.7161189 2.180665 0.3135362 0.7314796 2.174176 0.3402635 0.7343868 2.195724 0.4219712 0.7440059 2.218145 0.4794352 0.7761908 2.220861 0.5911614 0.8268749 2.275315 0.4954679 0.7637999 2.231693 0.5461881 0.7912194 2.2385 0.746622 0.895841 2.349337 0.722666 0.8974218 2.326185 0.7362802 0.9092008 2.357519 0.8605182 1.007495 2.455638 0.8726152 0.9939264 2.453444 0.8706955 1.008053 2.442202 -0.2947182 1.327207 2.079978 -0.3038831 1.341854 2.076134 -0.3094325 1.32915 2.068882 -0.412288 1.307243 2.227061 -0.4861578 1.305513 2.30376 -0.4253065 1.289133 2.229022 -0.4800798 1.290883 2.318757 -0.5570871 1.306515 2.420153 -0.5667393 1.314782 2.404189 -0.573126 1.300615 2.422935 -0.5749691 1.338487 2.482706 -0.5867346 1.330793 2.485871 -0.558815 1.335259 2.497764 -0.5701712 1.32901 2.50919 -0.4968346 1.371581 2.587713 -0.499123 1.388146 2.581913 -0.5114681 1.380906 2.592149 -0.449341 1.446496 2.722581 -0.466215 1.451579 2.725784 -0.4636329 1.437932 2.731311 0.1508991 0.7124657 2.168123 0.1383608 0.7236455 2.169965 0.1377527 0.7067026 2.159776 0.09423965 0.6246946 2.318528 0.07325363 0.6253389 2.316128 0.04110985 0.5717055 2.394892 0.04619544 0.5816327 2.40886 0.02504616 0.5789417 2.405508 0.02886557 0.5747283 2.437157 0.03245609 0.5352186 2.485055 0.04763007 0.5452236 2.479062 0.04462903 0.5457373 2.505864 0.08885568 0.5183444 2.53424 0.1312095 0.5218784 2.603142 0.1558219 0.5025231 2.629983 0.1698686 0.5150062 2.627418 0.2251754 0.5205602 2.749936 0.2440628 0.5357477 2.758564 0.2551968 0.5211219 2.770872 0.2934778 0.5496206 2.895263 0.3085394 0.541021 2.88937 0.3032248 0.5594891 2.888844 0.03462189 0.5486162 2.461473 0.03398728 0.563044 2.4593 0.03028374 0.5553726 2.445212 -0.1112748 0.5561808 2.48342 -0.0783745 0.5421378 2.478688 -0.2600654 0.5631759 2.524236 -0.1739096 0.5479564 2.515989 -0.2847604 0.5756357 2.549196 -0.2885788 0.5871374 2.534131 -0.2463567 0.5775462 2.530559 -0.3113516 0.6330428 2.576603 -0.3089373 0.6351808 2.599342 -0.3259228 0.6371371 2.593737 -0.289825 0.7365161 2.670575 -0.3065585 0.7417672 2.663673 -0.3038097 0.7306417 2.677425 -0.5733688 1.313492 2.466467 -0.5778709 1.330449 2.462482 -0.5776911 1.319369 2.450315 -0.6821691 1.300401 2.48461 -0.7364989 1.284949 2.480581 -0.7325732 1.27672 2.497815 -0.6813032 1.282618 2.47488 -0.7665724 1.293522 2.502554 -0.7705905 1.275552 2.494013 -0.8913207 1.317876 2.532399 -0.8957874 1.306598 2.521307 -0.89239 1.30068 2.537652 -0.2115592 1.895952 2.215877 -0.2067633 1.88993 2.201303 -0.2185005 1.901022 2.201439 -0.1160481 2.009439 2.200417 -0.1038826 1.997673 2.197652 -0.1121062 2.004228 2.185889 -0.2978168 0.6003051 2.56847 -0.299226 0.6090269 2.553364 -0.2956956 0.5916795 2.553636 -0.452516 0.5687623 2.564927 -0.4538806 0.5772796 2.549705 -0.4504462 0.5604892 2.549261 1.133606 0.3088639 1.60793 1.14057 0.2919134 1.598634 1.147388 0.3027589 1.596829 1.243602 0.2569987 1.774192 1.23958 0.2689776 1.762297 1.264095 0.2456182 1.787176 1.287701 0.255557 1.814824 1.341806 0.2226093 1.948675 1.370418 0.2273772 2.028419 1.394894 0.2147425 2.042986 1.390597 0.2284724 2.02572 1.426278 0.2243623 2.135825 1.425493 0.2205255 2.168723 1.444605 0.2007706 2.215909 1.483833 0.2073854 2.303291 1.460772 0.2109844 2.294526 1.487236 0.206709 2.426156 1.477213 0.2187642 2.406033 1.495498 0.208429 2.413228 1.494309 0.223178 2.402937 1.516243 0.2045719 2.464467 1.523383 0.1803628 2.4602 1.535977 0.1951593 2.459703 1.589253 0.1250554 2.492427 1.599429 0.1288542 2.479691 1.599495 0.139684 2.494951 1.073225 0.535833 1.655383 1.084947 0.5489422 1.651309 1.078379 0.5401758 1.63879 0.9690586 0.6354988 1.649582 0.9767357 0.6400842 1.633865 0.9639161 0.6276894 1.634632 0.8829368 0.7605792 1.661277 0.8653276 0.8186339 1.660713 0.8818392 0.7624811 1.640943 0.8738438 0.7558862 1.650829 0.8415346 0.8820602 1.68885 0.840033 0.8821778 1.667853 0.8309708 0.8805824 1.679252 0.830855 1.019412 1.733344 0.8392751 1.033005 1.726354 0.8279338 1.028647 1.715073 0.8195603 1.020801 1.724681 0.8537836 1.072697 1.773423 0.8645152 1.069226 1.764636 0.8545465 1.078831 1.751649 0.8535418 1.086237 1.768781 0.9360493 1.081913 1.830626 0.9352793 1.099394 1.824807 0.9256111 1.092404 1.837951 1.225365 0.6677162 1.798655 1.235319 0.6645004 1.791758 1.240756 0.6798747 1.796811 1.292347 0.6087189 1.923212 1.288431 0.6299657 1.897631 1.306556 0.6058854 1.9158 1.38443 0.5768533 2.040871 1.382309 0.5711194 2.077089 1.393916 0.5834487 2.077198 1.394038 0.5653641 2.072586 1.444128 0.5672201 2.198659 1.459249 0.5673906 2.190953 1.450554 0.5813217 2.195726 1.29489 0.905263 1.844223 1.310595 0.9140876 1.840749 1.297702 0.9163479 1.830142 1.252751 1.022864 1.90442 1.244641 1.014299 1.913389 1.256389 1.013547 1.92264 1.264512 1.019828 1.912053 1.263925 1.127991 1.993853 1.245583 1.127614 1.993672 1.258484 1.119104 2.005071 1.507 0.2029316 2.443753 1.50655 0.2166453 2.432043 1.494806 0.208089 2.429584 1.429014 0.2693195 2.525384 1.42972 0.2840692 2.513756 1.441725 0.2830902 2.524314 0.8443428 1.061215 1.758497 0.852159 1.064542 1.744045 0.8372515 1.056459 1.744306 0.7803883 1.16111 1.747188 0.795408 1.169243 1.746751 0.7882459 1.164461 1.732768 1.019704 -0.1487953 2.567332 1.001473 -0.1388789 2.569005 1.006487 -0.1519746 2.558249 0.9751849 -0.2188338 2.62461 0.9771596 -0.2380119 2.659849 0.9546034 -0.269358 2.684401 0.965816 -0.3022623 2.735413 0.9666575 -0.3339808 2.741841 0.9666453 -0.3847134 2.816738 0.9893687 -0.3926039 2.851387 0.9878172 -0.3938734 2.823584 1.014017 -0.4475595 2.936987 1.020601 -0.4602322 2.926703 1.029529 -0.445852 2.932098 -0.7001286 1.298223 2.242415 -0.6663892 1.329006 2.248445 -0.6491363 1.341784 2.201021 -0.6642323 1.32655 2.170734 -0.6977586 1.296341 2.166786 -0.7153334 1.282676 2.205952 -0.785079 1.457205 2.2362 -0.8215612 1.498497 2.170865 -0.8823957 1.511617 2.180482 -0.9546762 1.565108 2.226616 -0.922964 1.55505 2.253977 -0.9277706 1.633803 2.237263 -0.9256526 1.604446 2.262979 -0.9440947 1.631864 2.21231 -0.9723004 1.612848 2.212771 -0.9715173 1.643953 2.266946 -0.9895907 1.653544 2.240455 -0.9302933 1.701282 2.25306 -0.9442236 1.777244 2.243299 -0.9501658 1.752938 2.198877 -0.9065617 1.755605 2.220467 -0.9181355 1.77384 2.195473 -0.9581544 1.776454 2.220709 -0.9182037 1.994219 2.24222 -0.9092673 2.002938 2.224706 -0.9407509 2.030533 2.211038 -0.9200004 2.002946 2.208164 -0.9495333 1.997562 2.226775 -0.940581 2.013332 2.245016 -0.944808 2.072028 2.257677 -0.9522811 2.077157 2.233425 -0.9695639 2.051628 2.252968 -1.066279 2.108651 2.299925 -1.04628 2.124287 2.301699 -1.063885 2.117529 2.330219 -1.128937 2.188827 2.384948 -1.138509 2.19211 2.370365 -1.143486 2.179644 2.377306 -0.9371834 1.632189 2.26376 -0.9520255 1.655462 2.237344 -0.9675915 1.625288 2.212531 -0.953345 1.599319 2.238273 -1.131164 1.625699 2.366723 -1.074138 1.644056 2.334116 -1.157568 1.649598 2.338335 -1.086446 1.6078 2.316145 -1.098329 1.620823 2.299453 -1.163832 1.667666 2.370023 -1.241276 1.688649 2.458263 -1.213385 1.650249 2.388419 -1.205329 1.640438 2.403896 -1.352208 1.728999 2.565866 -1.325755 1.737746 2.528484 -1.342823 1.73692 2.530556 -1.348126 1.725491 2.535204 -1.396128 1.784972 2.647626 -1.402692 1.794949 2.637741 -1.409608 1.7797 2.641593 -0.4009777 1.558812 2.618984 -0.3765236 1.564189 2.618336 -0.3657084 1.572165 2.593885 -0.4029008 1.568199 2.577045 -0.4138444 1.561164 2.597095 -0.4296801 1.790788 2.638343 -0.447485 1.784607 2.673599 -0.453853 1.829099 2.657248 -0.4328399 1.799051 2.677487 -0.4329896 1.843565 2.678312 -0.4598365 1.803174 2.665438 -0.4856575 2.024284 2.784518 -0.4807506 2.031447 2.773571 -0.4952985 2.02709 2.775152 -0.3099672 1.515536 2.723154 -0.3424183 1.530134 2.714763 -0.3482437 1.506354 2.699222 -0.3240547 1.489705 2.702236 -0.3788756 1.46887 2.827656 -0.367894 1.438665 2.820307 -0.3736692 1.448475 2.842738 -0.3923947 1.468439 2.813498 -0.3874575 1.432523 2.817302 -0.4491453 1.40848 2.889947 -0.4387365 1.407668 2.927942 -0.4547816 1.420289 2.91977 -0.4403262 1.392385 2.906327 -0.4681002 1.400521 2.947048 -0.4487687 1.407283 2.973297 -0.4582147 1.439168 2.984149 -0.4667983 1.418611 2.994215 -0.4199104 1.498424 3.053354 -0.4352885 1.495371 3.059879 -0.4233539 1.483813 3.06497 -0.9414002 2.043665 2.256616 -0.9327276 2.033356 2.225075 -0.9587954 2.054131 2.232957 -0.8590531 2.159141 2.235513 -0.8393955 2.14991 2.222695 -0.8600412 2.157806 2.210748 -0.8460199 2.154169 2.23545 -0.8468297 2.153004 2.210591 -0.8664872 2.162223 2.223369 -0.805608 2.293534 2.225003 -0.8125327 2.295148 2.208655 -0.82283 2.298822 2.221547 -0.4525834 1.410647 2.96017 -0.467119 1.416794 2.93938 -0.4517885 1.40014 2.936326 -0.5562465 1.322277 2.990162 -0.5441952 1.309665 2.988979 -0.5534535 1.313204 2.974818 -0.860473 0.3215544 1.293516 -0.8658624 0.3235272 1.279137 -0.8546084 0.3114862 1.281488 -0.9137783 0.2595562 1.304285 -0.9320204 0.2658057 1.305141 -0.9281278 0.2568124 1.291905 -0.9895398 0.2173932 1.336777 -0.9999153 0.2181818 1.322221 -0.9745767 0.2175787 1.318548 -1.010246 0.1971263 1.333944 -0.9956184 0.1893827 1.322186 -1.019955 0.1335564 1.330031 -1.003142 0.1348634 1.327596 -1.048455 0.03274846 1.335748 -1.057472 0.03708666 1.327184 -1.050268 0.03262448 1.316833 -1.04062 0.02902716 1.325251 -1.140716 -0.0847904 1.360749 -1.149897 -0.08171796 1.347604 -1.146501 -0.1027789 1.349423 -1.180198 -0.09336555 1.372786 -1.193755 -0.1030939 1.36825 -1.184042 -0.1068368 1.381992 -1.225622 -0.07043129 1.418917 -1.236911 -0.06246143 1.413349 -1.235015 -0.08038222 1.417991 -1.309992 -0.0576151 1.467319 -1.299917 -0.04967665 1.476971 -1.301586 -0.06622302 1.479073 -0.9961772 0.1975191 1.330746 -0.993665 0.2148776 1.32508 -1.001706 0.2047397 1.32029 -1.119921 0.2604067 1.441517 -1.109244 0.2463854 1.429202 -1.07972 0.2494258 1.392262 -1.160549 0.2605263 1.462289 -1.197256 0.2892342 1.51001 -1.267902 0.2893509 1.601848 -1.268561 0.2967727 1.584668 -1.295426 0.308275 1.646238 -1.31077 0.3262711 1.669199 -1.316828 0.3149555 1.651342 -1.315167 0.3053844 1.705708 -1.330567 0.3045855 1.691933 -1.330197 0.3038942 1.712287 -1.304799 0.2465481 1.752864 -1.31514 0.2565043 1.762097 -1.319978 0.2441498 1.752091 -0.8578124 0.4630099 1.527112 -0.8615915 0.4655845 1.512499 -0.8680804 0.4550521 1.516877 -0.9546188 0.5240253 1.564353 -0.9504732 0.5387944 1.553902 -0.9628046 0.5311135 1.551331 -0.9951095 0.5679289 1.587422 -1.042014 0.5855406 1.604929 -1.056222 0.6110802 1.605919 -1.054706 0.6187988 1.626308 -1.072873 0.5993712 1.635612 -1.079194 0.6166431 1.632563 -1.116101 0.5787785 1.69193 -1.110139 0.5673441 1.693696 -1.1225 0.5744894 1.680581 -1.118703 0.5616474 1.685157 -1.167092 0.5531731 1.76193 -1.174095 0.5665814 1.759003 -1.179844 0.5528574 1.751331 -0.8120546 0.4497298 1.59423 -0.8056683 0.433022 1.598267 -0.8052847 0.440589 1.581777 -0.7110528 0.48639 1.621811 -0.7387742 0.4579606 1.60016 -0.7309908 0.4805582 1.602975 -0.690568 0.4853159 1.624199 -0.640386 0.5409384 1.626579 -0.6533697 0.5434247 1.634253 -0.6026417 0.6111597 1.674631 -0.5980961 0.5912232 1.668272 -0.5789922 0.6399743 1.680148 -0.5937955 0.6518179 1.678507 -0.5857965 0.7143359 1.730028 -0.5708249 0.7178514 1.718509 -0.5887128 0.7214495 1.716818 -1.160372 -0.1017248 1.369174 -1.176342 -0.09802418 1.3654 -1.166384 -0.1000456 1.353773 -1.18899 -0.2067221 1.351011 -1.179707 -0.2102324 1.360348 -1.188813 -0.2063029 1.369866 -1.197356 -0.20312 1.360509 -1.256386 -0.2922651 1.370046 -1.24808 -0.2983183 1.35854 -1.242371 -0.3007336 1.373953 -1.071049 0.6062792 1.627436 -1.056663 0.6099922 1.630865 -1.062227 0.6089866 1.616864 -1.084552 0.6955637 1.636467 -1.076492 0.6995198 1.627896 -1.084926 0.6967447 1.619347 -1.092316 0.6930863 1.627902 -1.125507 0.7758499 1.643452 -1.1309 0.7744305 1.629424 -1.138491 0.7687441 1.639753 -1.317497 0.3120802 1.689894 -1.316552 0.3177527 1.673372 -1.326039 0.3081656 1.680885 -1.378846 0.3837 1.710592 -1.37052 0.3936343 1.698915 -1.381021 0.3865107 1.695568 0.6717316 -0.9752604 1.255304 0.6706014 -0.9690274 1.241573 0.6709894 -0.9584193 1.250931 0.7916985 -0.9558854 1.246503 0.7836188 -0.9710936 1.248001 0.8129253 -0.9643518 1.23104 0.8701425 -0.9653579 1.244896 0.8862576 -0.9831024 1.240785 0.9210001 -0.9616373 1.26066 0.9159786 -0.95581 1.244436 0.9429 -0.9537866 1.256955 0.9724648 -0.9017712 1.282135 0.9729346 -0.9080475 1.297656 1.048745 -0.8615789 1.326781 1.054169 -0.850351 1.320931 1.039929 -0.8504158 1.332994 1.080223 -0.8570271 1.360782 1.094921 -0.8470922 1.360091 1.084986 -0.8413121 1.370654 1.10009 -0.8931766 1.420945 1.118218 -0.8994404 1.416473 1.141803 -0.9163903 1.452565 1.135124 -0.9192656 1.434679 1.194917 -0.9087479 1.447643 1.243482 -0.9258807 1.446179 1.245125 -0.9158603 1.437375 1.246663 -0.9073609 1.447235 1.454991 -0.9834161 1.521624 1.45896 -0.9859005 1.508689 1.373789 -0.9442718 1.475084 1.46032 -0.9715736 1.518638 0.9090089 -0.9650797 1.249683 0.8977959 -0.9722418 1.243532 0.9095916 -0.9634525 1.241411 0.9969593 -1.103613 1.232311 0.9722623 -1.063778 1.223316 1.024269 -1.116449 1.239476 1.029488 -1.115348 1.224733 1.053562 -1.173903 1.229339 1.038828 -1.175126 1.230985 1.045098 -1.168316 1.218747 1.010777 -1.259457 1.21465 1.016943 -1.260265 1.201004 1.025768 -1.25771 1.214757 1.021882 -1.371037 1.199159 1.015643 -1.380739 1.208302 1.007053 -1.384336 1.200033 1.014979 -1.382228 1.19132 1.041078 -1.507246 1.208618 1.031327 -1.494905 1.214163 1.024765 -1.479996 1.202107 1.032791 -1.506716 1.198003 0.9688007 -1.597016 1.188308 0.9750605 -1.598197 1.177449 0.981943 -1.604222 1.190096 1.068296 -0.8436254 1.3557 1.082788 -0.8516597 1.35218 1.074287 -0.8465269 1.340645 1.115435 -0.7641485 1.361123 1.118897 -0.741737 1.347345 1.110926 -0.7376666 1.360975 1.168499 -0.722549 1.357367 1.183987 -0.7059981 1.352398 1.189676 -0.7180957 1.336575 1.273994 -0.7394602 1.338372 1.348268 -0.7311725 1.332962 1.371892 -0.7291173 1.319541 1.36648 -0.7446399 1.320815 1.431501 -0.7592384 1.34014 1.428108 -0.7752209 1.34252 1.424707 -0.7669503 1.325649 1.449287 -0.7807809 1.338091 1.467609 -0.8719145 1.379434 1.478762 -0.8698169 1.369419 1.480976 -0.86245 1.383775 1.041825 -1.147029 1.231652 1.0394 -1.160107 1.234083 1.044746 -1.156436 1.220926 1.150834 -1.166226 1.277192 1.219452 -1.181507 1.293296 1.150519 -1.159554 1.262622 1.231781 -1.17626 1.317336 1.244254 -1.174653 1.306194 1.286078 -1.214287 1.337834 1.276724 -1.212488 1.322422 1.286923 -1.202634 1.324693 1.322883 -1.327373 1.335995 1.297839 -1.302081 1.319673 1.314796 -1.300399 1.322777 1.350081 -1.340781 1.337849 1.355567 -1.328805 1.333019 1.431647 -1.338324 1.380005 1.435514 -1.343549 1.367059 1.436611 -1.329212 1.371456 1.13016 -0.9004219 1.438835 1.119906 -0.9059745 1.430811 1.130688 -0.9161859 1.43146 1.070049 -0.9468849 1.53762 1.070842 -0.9558905 1.520895 1.078302 -0.96227 1.544661 1.034807 -1.024023 1.649986 1.048678 -1.025065 1.666548 1.037329 -1.092241 1.757718 1.03469 -1.075821 1.766227 1.048053 -1.082709 1.763417 1.135002 -0.7301664 1.360268 1.150696 -0.7279478 1.35687 1.140692 -0.7244107 1.346472 1.133102 -0.6369768 1.39945 1.13937 -0.6120089 1.393686 1.123687 -0.6274799 1.39017 1.143613 -0.5408388 1.438444 1.148386 -0.5286217 1.429452 1.159122 -0.5418383 1.436106 1.187082 -0.484613 1.48009 1.1825 -0.4914435 1.455687 1.179978 -0.4745754 1.469704 1.248263 -0.4372043 1.528952 1.254138 -0.4327964 1.517625 1.240867 -0.4239947 1.523147 1.263901 -1.19543 1.329005 1.274933 -1.204849 1.32664 1.2747 -1.193411 1.319465 1.349873 -1.128555 1.417421 1.340126 -1.125523 1.423448 1.341825 -1.135167 1.430525 1.349794 -1.138838 1.422479 1.435416 -1.10678 1.526385 1.429827 -1.093182 1.526536 1.425755 -1.10606 1.533896 0.7223892 -1.511564 1.877068 0.7125186 -1.513235 1.861858 0.7294419 -1.518689 1.862121 0.6912764 -1.635983 1.910793 0.6741608 -1.630429 1.910646 0.6807503 -1.637358 1.895832 1.026404 -1.497282 1.213147 1.027364 -1.505969 1.201522 1.033737 -1.49251 1.201308 1.143042 -1.543474 1.257677 1.136825 -1.557125 1.257319 1.144067 -1.552194 1.245864 1.413639 -0.7548721 1.340157 1.416462 -0.7627789 1.326178 1.407099 -0.7496697 1.325932 1.512406 -0.6748496 1.314559 1.521866 -0.688127 1.314697 1.514983 -0.6823746 1.300705 1.321883 -1.31719 1.334308 1.3113 -1.31266 1.32699 1.325388 -1.316406 1.323812 1.279041 -1.431113 1.313772 1.276182 -1.428557 1.304261 1.290084 -1.432911 1.304845 0.8585183 1.030593 1.568098 0.8626648 1.029533 1.554313 0.8461638 1.032631 1.56247 0.8840754 1.201664 1.545284 0.9169941 1.298369 1.567228 0.8962621 1.293819 1.562151 0.9282181 1.384124 1.584508 0.9517945 1.436955 1.579529 0.9539844 1.428792 1.596617 1.012466 1.651748 1.65336 1.029109 1.643504 1.652428 1.018428 1.641686 1.666254 1.063142 1.681069 1.695856 1.046087 1.687844 1.675965 1.064346 1.69891 1.708461 1.150368 1.693742 1.75978 1.145751 1.682409 1.777366 1.156318 1.681057 1.768037 1.146145 1.69624 1.775594 1.23819 1.712765 1.874372 1.241767 1.727988 1.866444 1.229435 1.72792 1.877102 1.121442 0.9563743 1.861331 1.131986 0.942618 1.864415 1.128862 0.9522613 1.848464 1.235661 1.042453 1.901179 1.311256 1.089212 1.909667 1.24911 1.056981 1.887265 1.318515 1.111354 1.92772 1.337449 1.099201 1.93121 1.323839 1.100766 1.939533 1.361359 1.171501 1.952767 1.37819 1.164637 1.95349 1.372666 1.169506 1.938236 1.382004 1.300407 1.951782 1.366195 1.309761 1.948619 1.37558 1.299925 1.934419 1.432761 1.447284 1.964749 1.424308 1.45139 1.950766 1.415304 1.452625 1.966471 1.036315 1.676043 1.686787 1.051303 1.681007 1.68313 1.042213 1.677281 1.671897 0.9987304 1.801582 1.664662 0.9895006 1.799431 1.673685 0.9985671 1.801851 1.682917 1.00704 1.803849 1.67386 0.9903808 1.933694 1.678027 0.9806916 1.932436 1.666762 0.9747365 1.931419 1.681642 1.360285 1.153837 1.945667 1.352883 1.139352 1.948545 1.364014 1.142034 1.936886 1.448935 1.111909 2.034835 1.450796 1.101201 2.026806 1.458935 1.108648 2.019303 1.454995 1.119248 2.025503 1.540724 1.119375 2.122035 1.549823 1.107888 2.112835 1.54947 1.124405 2.112636 1.76809 -0.1569787 1.626312 1.754343 -0.1678165 1.630351 1.7603 -0.1646305 1.613862 1.824708 -0.2431685 1.641526 1.817849 -0.2501384 1.627205 1.824067 -0.2301377 1.625231 1.973392 -0.3578894 1.681382 1.911769 -0.3094431 1.640577 1.917116 -0.3010829 1.655722 1.982735 -0.350111 1.669838 1.981379 -0.3420786 1.685853 -0.8406444 -0.6270395 1.772704 -0.8384653 -0.6474489 1.769878 -0.8288574 -0.6367271 1.761089 -0.7543836 -0.6470706 1.861375 -0.7039832 -0.6465768 1.892827 -0.7425564 -0.629401 1.859043 -0.6521502 -0.6493154 1.955503 -0.6343023 -0.6625878 2.003413 -0.6659751 -0.6647368 1.957855 -0.6059907 -0.6962565 2.044622 -0.5635294 -0.7156618 2.085227 -0.5884481 -0.6833173 2.050987 -0.5576733 -0.734213 2.144663 -0.556504 -0.7514356 2.144156 -0.5386466 -0.7431668 2.156141 -0.5289778 -0.8161693 2.250046 -0.5112637 -0.8144865 2.245574 -0.5205616 -0.802786 2.255857 -1.111546 -0.6815379 1.882472 -1.103435 -0.6673281 1.886248 -1.106669 -0.6726464 1.870882 -1.220784 -0.6054622 1.890782 -1.217655 -0.596009 1.88136 -1.221591 -0.6050893 1.872016 -1.224466 -0.6137869 1.881423 -1.350197 -0.5754609 1.898153 -1.352529 -0.5811171 1.882753 -1.353688 -0.5914037 1.894138 0.8261666 0.3958472 4.993109 0.7769675 0.3839412 4.997917 0.7613672 0.3683539 4.965833 0.7817986 0.3609919 4.92936 0.8214424 0.3720561 4.929831 0.8700649 0.2610827 5.009914 0.8498731 0.2670766 5.039582 0.8050716 0.2263296 5.016222 0.8560594 0.1509609 5.087576 0.8670926 0.1213139 5.04182 0.9003713 0.1236382 5.045714 0.9226613 0.08819681 5.130933 0.9419972 0.07809251 5.110516 0.898056 0.0394681 5.124417 0.9437295 -0.001486957 5.133272 0.9864938 -0.03944748 5.225273 0.9984317 -0.02749282 5.165587 1.044449 -0.06284123 5.264705 1.057731 -0.0675283 5.248408 1.034238 -0.1013636 5.269864 1.04592 -0.105983 5.2526 1.154338 -0.1586777 5.357903 1.153517 -0.1594843 5.406937 1.195846 -0.1659178 5.420482 1.185234 -0.1610169 5.42976 1.170982 -0.1811248 5.423431 1.171458 -0.1805453 5.401431 1.270519 -0.2191224 5.543644 1.272082 -0.2018951 5.547645 1.282012 -0.2071387 5.538537 0.8191975 0.5587344 5.17715 0.7895627 0.5773788 5.158148 0.7661914 0.5523531 5.138628 0.7742635 0.523944 5.141372 0.8002089 0.5107431 5.158316 0.7410619 0.5131932 5.268947 0.7162951 0.5547096 5.250373 0.7394459 0.5450208 5.265754 0.7159845 0.5083914 5.213179 0.7284047 0.4949656 5.244485 0.6891426 0.551948 5.275972 0.6891507 0.5269563 5.290606 0.7166692 0.5275222 5.315283 0.7599967 0.5984695 5.376472 0.739416 0.6332113 5.357045 0.7208542 0.6336662 5.380281 0.7151165 0.6012969 5.37697 0.7610853 0.6208607 5.365567 0.7404505 0.5985586 5.400069 0.7972222 0.7190721 5.570236 0.7970585 0.7049883 5.584611 0.7811961 0.6964173 5.585887 0.7842035 0.7327139 5.579299 0.7684571 0.7111011 5.595413 0.7741397 0.7330842 5.606643 0.8482373 0.789352 5.83079 0.8334959 0.8005637 5.830233 0.8309757 0.7852321 5.835596 0.7350227 0.5251335 5.287696 0.7132574 0.5476073 5.285864 0.6990013 0.5519686 5.251636 0.7270902 0.517627 5.237097 0.7400355 0.5114384 5.260767 0.589668 0.4266108 5.2754 0.6153953 0.4155377 5.317739 0.5858544 0.4400428 5.296469 0.5791215 0.3792867 5.286962 0.5185623 0.3440455 5.353488 0.4955703 0.2712027 5.360643 0.4947217 0.2802838 5.380921 0.4240128 0.2338498 5.401775 0.4749212 0.2892844 5.346096 0.4097186 0.1280934 5.468434 0.3956234 0.13161 5.472121 0.4063665 0.1636148 5.421827 0.3996294 0.1079691 5.454103 0.410731 0.1023451 5.469121 0.3867157 0.07761806 5.490195 0.4071575 -0.003297626 5.562294 0.4051327 -0.01175355 5.550832 0.4224503 -0.007291913 5.554801 1.134154 0.86297 5.347014 1.146415 0.8427059 5.327637 1.156643 0.871183 5.332414 1.212267 0.8196267 5.435393 1.213115 0.8031627 5.425255 1.233089 0.808229 5.422627 1.222869 0.8274481 5.421619 1.289989 0.7989195 5.520258 1.298213 0.8125669 5.515347 1.303279 0.8008203 5.509212 0.05026412 -1.385162 1.922124 0.06382137 -1.388244 1.913586 0.0572341 -1.37332 1.913329 0.09983611 -1.353127 1.989114 0.1027716 -1.36597 1.991261 0.114012 -1.360733 1.981626 -1.326492 0.6883698 0.9512371 -1.310449 0.6954251 0.9552859 -1.316055 0.6916314 0.9387702 -1.358551 0.7936698 0.9493609 -1.349265 0.7961525 0.9346762 -1.366321 0.7908461 0.9333851 -1.40237 0.8629233 0.9362869 -1.424333 0.886868 0.9514864 -1.42835 0.8712504 0.9360894 -1.415051 0.9040983 0.9347644 -1.433742 0.905681 0.9396445 -1.400719 0.9989805 0.938064 -1.390649 1.002802 0.9277626 -1.40049 0.9973022 0.917915 -1.410288 0.9979827 0.9279498 -1.413911 1.106425 0.9289308 -1.420362 1.104408 0.9124363 -1.431213 1.103233 0.9248892 -1.420008 0.8764374 0.9453185 -1.41703 0.8934009 0.9473882 -1.425453 0.8868342 0.9299743 -1.531824 0.8911229 0.9822527 -1.524701 0.9078907 0.9913493 -1.626113 0.9243499 1.048713 -1.630746 0.9316998 1.036477 -1.634336 0.9130948 1.037381 -1.647859 0.5041195 2.698135 -1.629802 0.5057023 2.700681 -1.639843 0.5167544 2.690347 -1.670662 0.6070362 2.841961 -1.670351 0.5979578 2.808736 -1.651248 0.5965667 2.817006 -1.662534 0.6172543 2.824507 -1.734579 0.7039886 2.985672 -1.727881 0.7111566 3.022119 -1.738504 0.7359064 3.045924 -1.752316 0.7235605 3.065001 -1.813247 0.7932518 3.21821 -1.798305 0.7833068 3.226754 -1.812289 0.7740769 3.224621 -1.950398 0.2379057 2.795758 -1.963182 0.2458093 2.787149 -1.946277 0.2374235 2.781756 -2.030322 0.1001505 2.780203 -2.033368 0.1041114 2.761279 -2.020584 0.09620779 2.769888 -0.5242095 2.03621 1.982868 -0.5256209 2.053547 1.982699 -0.5368999 2.044019 1.973109 -0.6182873 2.029351 2.099043 -0.6191704 2.047271 2.099331 -0.630339 2.037544 2.089818 -0.7262707 1.143443 2.923911 -0.7191505 1.140727 2.91087 -0.7204161 1.156507 2.911641 -0.6556237 1.149906 2.962634 -0.6464049 1.140807 2.951464 -0.6545269 1.15925 2.952181 -0.5854703 1.182665 3.012349 -0.5918738 1.178775 2.984519 -0.5947731 1.195574 3.00442 -0.5635167 1.227144 3.050215 -0.5485417 1.219271 3.044856 -0.5576416 1.234379 3.038686</float_array>
          <technique_common>
            <accessor source="#tree-mesh-positions-array" count="3474" stride="3">
              <param name="X" type="float"/>
              <param name="Y" type="float"/>
              <param name="Z" type="float"/>
            </accessor>
          </technique_common>
        </source>
        <source id="tree-mesh-normals">
          <float_array id="tree-mesh-normals-array" count="10422">0.9987326 -0.02025568 -0.04607528 0.5752619 -0.8177756 0.01780521 0.4802141 -0.8755376 0.05318289 -0.4474309 -0.8785196 -0.1673588 -0.4999511 -0.8563275 0.1294296 -0.3211934 -0.741728 -0.5887906 -0.8867191 0.07350605 -0.4564279 -0.8823674 0.1321732 -0.4516171 0.6411947 -0.2728526 0.7172314 0.5525755 -0.8323259 -0.04351997 0.8245317 -0.1192623 0.5531041 0.1621879 0.5852899 0.7944374 0.3027075 0.684043 0.6636666 -0.6399996 0.7288023 0.2434083 -0.5158876 0.8384736 0.1755623 0.6156994 -0.2831172 0.7353632 0.4335349 -0.9009991 -0.01575434 -0.8053227 0.02628952 0.5922535 0.1617451 0.5303974 0.8321762 -0.4844756 -0.4828016 0.7295108 -0.8250505 -0.3264809 0.461196 -0.5616191 -0.7075549 0.4288942 0.3509821 -0.9282301 0.1232898 -0.1673729 0.4599999 0.8720015 -0.8320771 -0.4141094 0.3690001 -0.3191977 0.4685447 0.823759 -0.6703859 -0.3008884 0.678269 -0.8680819 0.4254414 0.2557999 0.04485905 -0.4205213 0.906173 0.09825348 -0.9855669 0.1378553 0.1532385 -0.4161709 0.8962811 -0.1189551 0.5595237 0.8202335 -0.4043627 -0.6206028 -0.6718207 -0.9568927 0.2100918 -0.2005439 -0.5619896 -0.6135909 -0.5546838 -0.9865826 0.1603779 0.03055536 -0.01799166 -0.331864 0.9431557 -0.3065327 -0.9138626 0.2662575 0.05186682 0.6871595 0.7246528 -0.6433883 -0.3117618 -0.6991825 0.1555241 0.7530588 0.639308 -0.3538145 -0.1037533 0.9295432 -0.873117 0.3599354 0.3288056 -0.4708659 0.09508132 0.877066 -0.7289797 -0.6383173 0.2472645 -0.01411342 0.3899502 -0.9207279 0.3896578 0.8903223 -0.2355697 -0.8794427 -0.4199531 0.2240982 -0.3272563 0.7954638 -0.51004 0.4527906 0.8860987 0.09904479 0.5272827 0.8495261 0.01668751 -0.8597658 -0.03471422 -0.5095073 -0.801326 -0.08005934 -0.5928466 0.376076 0.9168465 0.1340132 0.7149786 0.1334958 0.6862831 -0.4311594 0.8393811 -0.3309697 -0.1544528 0.3609696 0.9196985 -0.2511796 -0.03336834 0.9673653 0.1803561 -0.7046972 0.6862024 -0.6471024 -0.7030392 0.2949482 -0.6713181 -0.7259755 0.1493039 -0.5506194 0.4638961 0.6939876 -0.9712136 0.1010068 -0.2157357 -0.327335 0.3280057 0.8861513 0.6568192 0.7524765 -0.04865968 -0.6314029 -0.7146921 0.3009079 -0.9888377 0.1445467 0.0361424 0.379388 -0.8941415 0.2378563 -0.6900426 -0.6887338 0.2224566 -0.7802922 0.1326141 0.6111938 -0.9113211 0.2104339 0.3538523 -0.5031396 -0.8284001 0.2461785 -0.7284129 0.05414706 0.6829955 -0.5908203 -0.7896372 0.1655438 0.8412641 -0.1945952 -0.5043882 0.1756384 -0.8858678 -0.4294062 0.7989255 -0.1532459 -0.5815788 -0.7620992 0.06983494 0.6436832 -0.2010732 0.8821826 0.425821 -0.1216418 0.8549434 0.504257 0.6596307 0.7353575 -0.1553598 0.8706675 -0.09969311 -0.4816634 -0.544482 -0.7758405 0.3187645 0.610843 0.7759371 -0.1574563 -0.3014769 0.7937695 -0.528244 0.6541324 0.5444629 -0.5250439 0.6432161 0.479725 -0.5967722 -0.9420173 0.3268871 0.07581698 -0.964069 0.2653359 0.01296019 0.6296955 0.4425942 0.6384309 0.9805213 -0.1847512 0.06667011 -0.5909294 -0.3117126 0.7440684 -0.6222605 -0.409366 0.6672417 0.3445713 -0.660345 0.6672446 -0.916393 0.3750141 0.1399584 -0.2888073 0.8808799 -0.3750215 0.2706202 -0.5856767 0.7640338 0.3624606 -0.7204916 0.5911973 0.1364653 0.8209866 0.554399 0.4415836 0.3886217 0.8086885 0.50885 0.7823982 0.359061 -0.3897195 -0.1947764 0.9001005 -0.4557791 0.7153182 0.529703 -0.5578387 0.6786932 0.4776939 -0.1237583 0.9284554 -0.3502205 0.4463436 -0.692503 0.5667601 -0.3229011 -0.2990975 0.8979286 -0.1996555 0.7627912 0.6150506 -0.1387172 0.858004 -0.494557 -0.2038062 0.7780849 0.5941774 0.6488521 0.3182817 -0.6911497 0.6553952 0.3986466 -0.6415123 -0.5147538 -0.1861381 0.8368878 0.4605264 -0.5008423 0.7328523 0.9754026 0.06758219 0.2098156 0.9946416 -0.0700584 0.07602649 -0.9690278 0.210995 0.1283214 -0.5286391 0.4358481 0.7284073 -0.4938261 0.2515895 0.8323693 0.9843666 0.1749778 -0.02013224 -0.4391682 -0.06869202 -0.8957749 0.5038633 -0.06381738 -0.8614227 -0.976911 0.1853021 -0.1063392 0.6547197 0.5340776 -0.5348863 0.7155719 -0.4538745 -0.5309942 0.6544878 -0.4634383 -0.5973866 0.01293027 0.9974539 0.07013177 -0.04584908 0.9988734 0.01224642 -0.516339 -0.5281066 0.6741643 0.2201435 0.2358317 0.9465306 -0.5754405 0.4644835 0.6731444 0.2229962 -0.9648759 0.1388781 0.1202725 -0.9906113 0.06499165 0.1296511 0.9806633 0.1465955 0.7645635 -0.4464066 -0.4649344 0.7890264 0.510089 -0.342413 0.3337166 -0.2190994 0.916858 0.08678853 0.9932219 0.07731765 0.7092768 -0.670518 0.2175593 -0.07170337 0.2802756 -0.9572378 0.7969051 0.5834932 0.1564542 0.8977911 -0.3834316 0.2166832 0.8174268 0.5731546 0.05750924 0.8568825 -0.3875647 0.3399206 0.14132 -0.9641641 0.224536 -0.7927606 -0.6092694 0.01793366 -0.1020953 0.9756723 -0.1940113 0.03177261 -0.9637021 0.2650825 0.8385224 0.5447233 0.01252472 -0.8227164 -0.5641926 0.06946021 -0.9040682 0.3827478 -0.1901705 -0.9062387 0.3680227 -0.2080646 -0.1069259 0.9599992 -0.2587831 0.07314884 -0.9475677 0.3110706 0.8392815 0.5418874 -0.04432547 -0.7939748 -0.5975203 0.1121323 -0.02620643 0.9182862 -0.3950492 0.8614212 -0.3616807 0.3565679 0.0534355 -0.8755978 0.4800763 -0.2530644 -0.4954978 0.8309274 -0.8095446 -0.5757859 0.1144909 -0.1309441 -0.5807134 0.8035084 0.1393283 0.6385843 -0.756834 0.7792641 0.6214071 -0.0812456 0.8130614 0.5821645 -0.003955543 -0.6759834 0.03061711 -0.7362806 0.1150691 0.6100209 -0.7839859 -0.8805415 -0.4645807 0.09386974 0.6013039 0.08723199 0.7942444 0.6559967 -0.03418964 0.7539891 -0.7458064 0.1712239 -0.6437819 -0.2090698 -0.8311105 -0.5153109 -0.8926547 -0.4414981 0.09081399 -0.9260011 -0.3771681 0.01631993 0.717051 -0.4736205 -0.5113918 0.694792 -0.4053004 -0.5941343 0.2950641 0.6122158 0.7335729 0.9579765 0.272081 0.09084767 0.2677311 0.6727945 0.6896867 -0.1399725 -0.9016178 -0.4092592 -0.2687366 -0.7180764 0.6419869 0.9648257 0.2230694 0.1391096 0.7357418 -0.5256669 -0.4270344 -0.06173652 -0.4011817 0.9139157 -0.6562402 0.311343 0.6873241 0.2510756 0.6887697 0.6801156 0.9564199 0.1343539 0.2592492 0.6830762 0.7118318 -0.1634093 0.07603025 -0.9070047 0.4142004 0.244993 0.8153313 0.5246077 0.8113564 -0.04699987 0.5826593 0.5530205 -0.8288702 0.08451354 -0.3785789 -0.8692227 -0.3180093 -0.2407906 -0.8961662 -0.3727013 -0.5761955 0.816744 -0.03046184 0.7600308 -0.02706384 0.6493232 0.4340792 -0.8669438 0.2449158 -0.5374965 0.8325986 -0.1337058 -0.875941 -0.03212147 -0.4813479 0.3541514 0.8521441 0.3852626 0.8020899 -0.01074516 0.5971066 -0.8669004 -0.02894926 -0.4976403 0.3994486 -0.8715171 0.2844274 -0.4536882 0.8596723 -0.2347995 -0.4233801 -0.8815844 -0.2087062 0.8009966 -0.04938501 0.5966287 0.4042873 0.8609602 0.3087059 0.3467001 -0.8652792 0.3620648 -0.4838073 -0.852539 -0.1977568 -0.4096753 0.8649483 -0.2898805 0.416335 0.8693891 0.2661349 0.491792 -0.7955109 -0.3539819 -0.4241965 -0.8601814 -0.2830995 0.8566124 0.3835831 -0.3450788 -0.8583695 -0.08754599 0.5055072 -0.6582409 0.6574053 0.3667931 -0.6206966 0.6903426 0.3717029 0.3830795 0.8539999 0.3520435 0.5384418 -0.7773159 -0.325362 0.3737417 -0.40969 -0.8321486 0.5979294 0.2461994 -0.7628017 0.1972147 -0.301275 -0.93292 0.4537706 0.7194718 0.5257877 0.2484912 0.8814319 0.4016591 -0.4678977 -0.6999337 -0.5395967 -0.7721633 -0.358272 0.5247905 0.363924 -0.2566476 -0.8953722 -0.4450095 0.3810336 0.8104197 -0.5282106 -0.6072211 0.5935285 0.2833997 -0.9584554 0.03237289 0.1387419 -0.9865832 -0.08604955 0.3220242 0.6438341 -0.6941024 -0.1485531 -0.4720535 0.8689634 -0.2045427 -0.9731822 -0.105257 0.2934399 0.3999943 0.8682727 0.1709265 0.5101972 -0.8429015 0.3417873 0.8447279 -0.4118449 0.187309 0.4284698 0.8839282 -0.544144 -0.8174642 -0.188838 -0.2352938 -0.3077965 -0.9218993 0.5633593 0.3792179 -0.7340437 -0.7727656 -0.4389386 0.4584389 0.4316728 0.5069053 0.7461271 -0.1283204 -0.380885 -0.9156749 0.1355361 0.4225738 0.8961369 -0.8638131 -0.1609363 -0.4774166 0.8856649 0.2197538 -0.4090306 0.8662751 -0.0047369 0.499545 -0.717087 -0.1304611 0.684665 0.115462 0.283252 -0.9520698 -0.944598 0.09233319 0.3149748 0.279011 0.2702509 -0.9214757 -0.658101 -0.7505398 0.05994284 -0.7893003 -0.1598515 -0.5928342 -0.573351 -0.8136019 0.09654402 -0.1573962 0.6806027 -0.7155463 0.6160256 0.7868127 -0.03792649 -0.1613304 0.7236629 -0.6710325 -0.8218399 -0.1512482 -0.5492751 0.02145844 -0.7109764 0.7028884 -0.6241298 -0.7207772 0.3015663 0.8593968 0.344843 0.3775188 0.6779351 -0.07607913 0.7311745 -0.7891897 -0.6111426 -0.06069976 -0.4753336 0.4550712 -0.752973 0.3853523 0.9008993 -0.1997104 0.817506 -0.526732 0.2328891 -0.6937037 0.6931262 -0.1958349 0.3410019 0.9207493 0.1895745 -0.9727675 -0.2310315 -0.01864999 0.6011058 -0.7801151 0.1734713 -0.1722673 0.4799572 0.8602122 -0.2958902 0.904106 -0.3082879 -0.005472958 0.998983 0.04475748 0.05187326 -0.9971293 -0.05515813 -0.06550318 -0.6734147 0.7363573 -0.1528057 -0.4607409 0.8742815 0.2821243 -0.5531579 -0.783851 0.206026 -0.4424201 -0.8728218 0.5969873 -0.7851753 -0.1646394 0.9233629 -0.2230372 -0.3124985 0.7812624 -0.5317376 0.3269315 -0.6145853 0.3033971 0.7281724 0.1033625 0.6931906 -0.7133043 0.5684 -0.05354982 -0.8210079 -0.7927013 -0.1012625 0.6011412 -0.4108106 0.7190461 0.5605421 0.5476479 0.7957302 -0.2586412 -0.3365424 0.1707305 0.9260617 0.6775909 -0.1587294 -0.7181056 0.1168797 -0.4744369 -0.8724958 0.407297 0.8692291 -0.2802681 -0.6439334 -0.3668192 0.6714116 0.1039997 -0.642057 -0.7595704 -0.5693585 0.8217363 -0.02409273 -0.8418939 -0.1689742 0.5125063 -0.8899923 0.0657252 0.451214 0.01224184 0.8934202 -0.449055 0.8178731 0.2173955 -0.5327504 0.113887 -0.880096 0.4609349 -0.1017172 -0.888412 0.4476357 -0.8257901 0.517045 0.2252448 0.7010118 0.4302422 -0.5687479 0.7346666 -0.676616 -0.04955649 0.5857737 -0.1363031 0.798931 -0.1856583 -0.6856031 0.703903 0.6819453 -0.1923845 0.7056478 -0.2870157 -0.5268694 0.8000192 -0.9024284 -0.427583 0.05287593 0.8180367 0.5708354 0.07044821 0.86264 0.5055225 0.01730251 -0.7399557 0.3104051 -0.5967531 -0.6987065 0.2248602 -0.6791519 -0.9589864 -0.09360545 0.2675505 0.9075448 0.4199034 0.006619095 0.1349613 0.6648537 -0.7346802 0.9573029 0.1670363 -0.2359451 -0.6611027 0.3345858 -0.6715621 -0.7817295 0.3064151 -0.5431472 0.2847595 0.3220154 -0.9028943 -0.262245 0.02050948 0.9647834 -0.9448066 0.1766669 0.2759156 -0.8277412 -0.5545321 0.08566707 -0.2723969 0.9171065 -0.2910596 -0.04144012 0.9593828 -0.2790474 0.9147528 -0.3617646 0.1798716 -0.6804287 -0.716033 0.155928 0.9053893 -0.3852797 0.1784094 -0.1404446 -0.9398778 0.3112962 0.937682 0.3463875 -0.02772021 -0.8980203 0.398162 -0.1871539 0.2392497 -0.9039866 0.3543555 0.9189641 -0.3333614 0.2106539 0.7242197 0.6661614 -0.1781428 0.9982057 -0.004554212 0.05970495 -0.06196177 -0.8603917 0.5058526 -0.9868269 0.05581182 -0.1518483 -0.7163756 -0.4951041 0.4916075 -0.2266026 0.6695622 -0.7073456 -0.7546226 -0.3496189 0.5552581 0.6413283 -0.1703556 0.7481157 -0.9008673 -0.1143732 0.4187566 0.5615908 0.3058631 -0.7688066 0.01978707 0.3223572 -0.9464114 0.920682 -0.1539318 0.3586779 -0.4956243 0.757766 -0.4244379 -0.2240093 -0.8736182 -0.4319853 0.4166233 0.4984655 0.7602349 -0.2630833 -0.7828791 -0.5638151 0.5962461 -0.4631972 0.6556974 -0.2057792 0.9624223 -0.1771954 -0.01502799 -0.1488795 -0.9887412 -0.6340423 -0.5577019 -0.5356857 0.2446383 0.2831504 -0.9273501 -0.2033978 -0.2479935 0.9471688 -0.049923 0.08878213 0.9947992 0.04431331 -0.09692037 -0.9943052 -0.6731774 -0.6744607 0.3032081 0.2858294 0.4778398 0.8306447 0.2195104 0.5643497 -0.795817 0.1597735 0.1066808 -0.9813723 0.01379275 0.7352147 0.6776939 -0.002192795 -0.8538169 -0.5205689 0.2085094 -0.8460574 0.4906228 -0.279986 -0.912773 0.2974112 -0.2118341 0.7607404 0.6135149 0.362123 -0.1110503 -0.9254916 0.3415504 -0.5429064 0.7672002 0.3312544 -0.1261171 -0.9350749 -0.5737858 0.8083297 0.131807 0.3188495 0.8301017 0.4574562 -0.06183338 0.06362342 -0.9960566 0.3980215 0.7836331 0.4769676 -0.2746398 -0.8182612 0.5049968 -0.0860576 -0.1097128 -0.9902309 -0.3287877 -0.827455 0.455211 0.2772305 0.7277793 -0.6272804 0.01731985 0.2171412 0.9759866 -0.2394919 -0.9083266 -0.342909 -0.634256 0.7604014 0.1396754 0.4768146 0.5125714 0.7140858 0.5872173 0.4144381 0.6952819 0.1690993 -0.9379298 -0.302809 0.6534331 -0.7542692 -0.06405627 -0.8580464 0.4985123 -0.1234589 -0.8914617 0.189069 0.4117633 -0.1927104 0.8932228 0.4062214 -0.1816332 0.8912001 0.4156584 0.9022303 -0.2095502 -0.3769208 0.1995952 -0.9062738 -0.3725985 0.9078003 -0.2017642 -0.3676819 0.7089332 0.7052687 -0.003135681 0.7171178 0.6964315 0.02693182 -0.6882232 -0.7238631 0.04869401 -0.8898192 0.1802983 0.419183 0.2003397 -0.9131134 -0.3550885 -0.8827569 0.17869 0.4345232 0.2117726 -0.9180804 -0.3350834 -0.6797725 -0.7296052 0.07473713 -0.998775 -0.03612685 -0.03381335 -0.9990531 -0.03841257 -0.02043247 0.3240603 0.1734791 0.9299946 0.4568823 -0.1638505 -0.8743063 0.06602871 -0.26559 -0.9618223 0.9812567 0.1023615 0.1632708 -0.05428785 -0.3038219 -0.951181 -0.7046673 0.1803289 0.6862401 0.3214024 -0.4951711 -0.8071593 0.2754514 -0.4581325 -0.8451279 -0.4418761 0.149146 0.8845909 0.2740877 0.9521772 -0.1350356 -0.3928851 -0.8114145 0.4327217 -0.1976007 0.5747396 0.7941211 0.9112926 0.01861637 0.4113386 0.2219601 -0.9692208 -0.1065124 -0.4048372 -0.856239 -0.3208763 -0.7519984 0.5310772 -0.3904553 0.3845847 -0.8645859 -0.3233973 0.4784228 0.530938 0.6994401 -0.5785193 0.7238531 -0.3759685 -0.235795 0.02395498 -0.9715076 -0.3442268 0.644065 0.6831458 0.2657965 0.1957557 0.9439449 0.5611788 -0.7809466 0.2742281 0.9498084 0.3125756 -0.01267457 -0.1754854 -0.9329808 0.3142478 0.9327399 -0.3603959 0.01054757 -0.03071659 0.9659989 -0.2567151 -0.7397353 0.6728518 -0.007899403 -0.7975867 -0.5961241 0.09214919 -0.9641928 -0.138292 -0.2262912 -0.7480832 0.6492548 0.1372581 -0.1554527 -0.896404 -0.4150837 0.6581994 -0.7299979 -0.1840561 -0.1163064 0.1857418 0.975691 0.7852929 0.298139 -0.5426124 -0.1077319 0.1907429 0.9757105 -0.6838209 -0.5229648 -0.5088191 -0.7344487 -0.5258615 -0.4290159 0.8206954 0.3352732 -0.4626565 0.9356845 0.3139092 -0.1611071 0.01326328 -0.9346311 0.3553717 0.8464341 0.4813876 -0.2276303 -0.1627739 -0.9170148 0.3641271 -0.7509216 -0.3753232 0.5433685 -0.9298581 0.3679165 -0.001178145 -0.869251 0.4870458 0.08478945 0.7816689 0.3791628 -0.4952064 0.900098 -0.4312869 -0.06176769 0.7281008 0.4584177 -0.5096299 -0.1630313 0.7938209 -0.5858919 -0.1559918 0.8932535 -0.4216217 -0.5562273 -0.4324001 0.709677 -0.9567893 -0.00973314 -0.2906194 -0.8025488 -0.3322172 0.4955273 0.7692247 0.3495597 -0.5348846 0.8977555 0.1829415 0.400709 0.9260613 -0.01551771 0.3770539 -0.9347233 -0.02465999 -0.3545198 0.674396 0.4172994 -0.6091398 -0.2620086 0.4584712 -0.8492088 -0.2271394 0.3221281 -0.9190437 0.6733779 0.4895305 -0.5540056 -0.9545316 0.1058546 -0.2786833 0.2569381 -0.4668915 0.846165 -0.7369792 -0.4410831 0.5121595 -0.7312174 -0.3962393 0.5552617 -0.2567853 0.6493099 -0.7158618 0.6933139 0.5238257 -0.4948965 -0.9611825 0.1681241 -0.2187747 0.2754274 -0.6224019 0.7326362 0.9714744 -0.07582616 0.2246952 -0.2695788 -0.6511671 0.7094426 0.9637798 0.2477057 -0.09884577 -0.7130657 0.5352148 -0.4528604 -0.04788851 -0.8763001 0.4793798 -0.2306612 -0.9155267 -0.329555 0.2101235 0.1696125 0.9628498 0.2809947 0.4999612 0.8191953 -7.08346e-4 0.8586078 -0.5126327 -0.2531604 -0.4009783 -0.8804125 0.1102655 0.7701045 -0.6283158 -0.01020604 -0.5815337 0.8134585 -0.3627497 -0.779846 -0.5101499 0.3419461 0.5744753 0.743674 -0.1493272 -0.1273545 0.9805521 0.6317983 0.2445853 -0.7355331 0.8369461 0.4269058 0.3424514 -0.04049593 -0.06485968 -0.9970724 -0.8300597 -0.4840062 -0.2770183 0.08549469 -0.01982349 0.9961415 -0.7124165 -0.281852 0.642668 0.6734929 0.4750428 -0.5663406 -0.5293294 -0.6542509 0.5401539 -0.7805086 -0.4743238 -0.4072141 0.6715425 0.6641073 0.3286216 -0.1524042 -0.93509 0.3199682 -0.4057499 -0.4696142 -0.7841108 -0.1811859 0.5645608 -0.8052595 0.05462145 -0.98688 0.1519363 -0.5269775 0.2220311 -0.8203639 0.4961774 0.5969102 0.630481 0.4042667 -0.6311116 0.6620171 0.4238496 0.7980039 0.4284176 -0.6278495 0.2728373 -0.7289478 0.1494977 0.9731358 -0.1750917 -0.3089241 -0.7951122 -0.5218838 -0.03830432 0.9873368 0.1539447 0.5395867 0.04111212 0.8409257 0.2964819 -0.9229639 0.2454305 -0.1236914 0.5764004 0.8077518 -0.3052745 0.411996 -0.8585259 -0.3713454 0.617193 0.6936681 0.4222646 -0.8896579 0.1737859 -0.01802766 0.1483408 -0.988772 0.2144652 -0.3187896 -0.9232432 -0.05989056 -0.8567651 -0.5122175 -0.477423 -0.6141982 0.6283532 -0.3566433 0.2930485 0.8870898 0.6163261 0.6497427 -0.4449456 0.7942986 -0.4022185 -0.4553132 -0.1128717 -0.7009867 -0.7041859 0.8464762 0.530208 -0.04855692 -0.3400155 -0.6877067 -0.641443 0.9473911 0.2780924 0.1584768 0.3857786 0.7341483 0.5587496 -0.7970693 0.3954616 0.456389 -0.9935095 -0.04742521 0.1033907 -0.7241216 -0.5882044 -0.3600882 0.9264215 -0.2429429 -0.2876145 -0.7556079 0.5029596 0.4196289 0.9594766 0.2817524 0.004511415 -0.7436522 -0.6343214 -0.2112293 0.9303636 0.3643451 0.04094237 -0.5857095 0.7262346 0.3598996 -0.9340939 -0.3557837 -0.02977579 0.3142831 -0.8626928 -0.3962161 -0.03531795 -0.9983955 -0.04426473 0.9909592 0.1253336 0.04786825 -0.6695993 0.6194058 -0.4098455 0.3491605 0.9369994 0.01091343 -0.8018298 -0.4402353 -0.4040566 0.5423868 -0.5983997 0.5896902 0.2617126 -0.6525409 0.7111237 -0.7180854 -0.1423186 -0.681248 0.363273 0.9214262 -0.1378648 -0.461467 -0.8870893 0.01100033 -0.917972 -0.03350579 0.3952277 -0.8984138 -0.06084966 0.4349138 -0.4629088 0.7887179 0.404524 0.5329381 0.8458842 0.02138 -0.3809877 0.8146333 0.4372881 0.9422362 0.02055293 -0.3343181 0.3958727 -0.8631853 -0.3133624 0.9250366 0.03031826 -0.3786664 0.5562679 0.8308522 -0.01583927 -0.4515574 -0.8922201 0.006262302 -0.957042 -0.02092719 0.2891933 -0.4031811 0.8736877 0.2722404 -0.9294502 -0.05519431 0.3647958 -0.6378434 0.6814752 0.358814 0.07797616 -0.6880233 0.7214873 -0.5654179 0.0792576 0.8209878 -0.1717991 -0.71437 0.6783515 0.2917744 -0.9560859 0.02770751 0.6126926 -0.7768706 -0.1451897 0.4644802 -0.1193639 -0.8775023 0.6518806 -0.1020196 -0.7514279 -0.8774604 0.4291325 -0.2142629 0.3298595 0.5932793 -0.7343109 -0.4504065 0.8862926 0.1077935 0.408892 -0.7912881 0.4546101 -0.8680819 -0.2794381 0.4103025 -0.5544419 0.02830672 0.8317409 -0.0529617 0.750483 -0.6587642 -0.9985521 0.04031318 0.03561818 0.8895952 0.2303774 -0.3943941 0.9927383 0.07647901 0.09285241 0.8512865 -0.4343858 0.2943134 -0.9697929 0.2428964 0.02243202 -0.262808 0.9185116 0.2954124 0.4416492 0.7211669 -0.5337271 -0.6516551 -0.6613364 0.3714563 0.4307004 -0.8078228 0.4023926 0.9502888 0.0693593 -0.3035464 0.0588445 0.8616151 0.5041398 0.7154844 -0.3549202 -0.6017588 -0.702157 -0.7011728 0.1238234 0.6577728 -0.5980399 0.4579119 -0.02337294 -0.9995109 -0.02078157 0.6721057 -0.5153806 0.5316547 0.9457919 0.3182766 0.06463783 0.6847243 0.446662 0.5758869 0.6897128 -0.6576929 0.3028802 -0.2270609 -0.9593279 0.1677299 -0.8785399 -0.4258918 -0.2162956 -0.8310918 0.5201843 -0.1967099 -0.754177 0.4937292 -0.4329533 -0.1800144 -0.8024541 0.5689134 -0.9024054 -0.2331004 0.3623933 -0.9205733 -0.1249735 0.3700357 -0.6707611 0.7180655 -0.1856381 -0.1580118 -0.826917 0.5396672 -0.4731929 0.8644044 0.1699813 -0.009374678 0.8265015 -0.5628567 -0.7275744 0.6849914 0.03771406 -0.07380825 -0.6138952 0.7859294 -0.4492166 0.228004 0.8638395 -0.8190431 -0.09538197 0.5657481 0.282728 0.7413564 -0.6086506 0.4496371 -0.2786042 -0.8486497 0.4043269 -0.08366715 -0.9107797 -0.2815076 0.9545316 0.09809732 -0.08391511 0.9567614 0.2785066 0.4255184 0.6277149 -0.6518498 0.8489466 -0.215253 -0.4826549 0.4171118 -0.8852424 -0.2058244 0.2471701 0.831846 -0.4969299 0.8537719 -0.104303 -0.5100928 -0.6826134 0.66222 0.3090369 -0.6325834 0.1989906 0.7484924 -0.4922422 -0.6038266 0.6269698 -0.6541205 0.5520699 0.5170545 0.7329975 0.3979893 -0.5516514 0.1595486 -0.9594265 0.2324759 -0.3162081 -0.4110606 0.8550096 0.2936265 0.7397754 -0.6054056 1.35164e-4 0.3125324 0.9499071 0.03079664 -0.685254 -0.7276527 0.156967 -0.9614475 0.2257878 0.6719737 -0.2592753 -0.6937057 0.5314228 -0.8232619 0.1995744 -0.7211079 0.007668077 0.6927804 -0.6129605 0.4328871 0.6609752 0.6528571 0.101634 -0.750632 -0.03864967 0.8024364 -0.5954847 -0.6199214 0.766519 0.1677684 -0.3695017 0.8908894 -0.2641679 0.6365649 -0.7437331 -0.2040741 0.8334187 -0.2504938 -0.4926116 -0.3823692 -0.8550116 0.3503559 -0.3723737 0.9128315 0.1675605 0.6302893 0.6467391 -0.4294927 -0.6444475 0.7276186 0.2350715 -0.2655959 -0.9300919 0.2537477 0.6451007 0.3390855 0.684738 -0.21614 -0.1795924 0.9597031 0.8155626 0.5334746 -0.2241935 -0.8668711 -0.2211385 0.4468023 -0.7068847 -0.4729509 -0.5259578 -0.08523267 0.187148 -0.9786271 0.9165574 -0.05937564 -0.3954709 0.9903634 -0.1319703 0.04200339 -0.1881299 0.4694863 -0.8626644 -0.6362318 -0.1372161 0.7591975 -0.9445167 0.03706043 0.326366 -0.2725314 -0.4352229 0.8580837 -0.8939058 0.3527188 -0.2766261 0.4838296 0.3455258 -0.8040653 0.9723565 -0.03767728 -0.2304418 -0.94269 -0.02830117 0.3324676 -0.06324368 -0.6465645 0.7602333 -0.03343212 0.6395615 -0.7680127 0.8478029 0.2882966 -0.4451014 0.2009482 -0.5840867 0.7864239 0.8613767 0.464941 0.2045972 -0.1990401 -0.2964708 0.9340708 0.007930457 -0.216236 0.9763089 -0.7557932 -0.232566 -0.612119 0.09127438 0.2286714 -0.9692153 0.916287 0.3733538 -0.1450007 -0.8568859 -0.4218921 0.2962325 -0.8532804 -0.4338536 -0.2892815 0.8446307 0.4322519 -0.3158438 -0.3223907 -0.9465915 -0.005372464 -0.943456 -0.1014236 0.3156011 -0.9262966 -0.1077041 0.3610741 0.4391729 0.8983852 0.005591273 0.8989095 0.3158127 -0.3036845 -0.2312192 0.9466411 0.2245182 -0.528868 0.8094793 0.2550337 0.9522901 0.1301957 -0.2760301 0.5332184 -0.8101041 -0.2437407 -0.3509573 -0.9358081 0.03304922 -0.9572736 -0.2094846 0.1993575 0.9221817 0.327624 0.205532 0.9818295 0.1897653 -3.75344e-4 0.4350073 0.9004271 8.09597e-5 -0.7417622 0.01256757 -0.6705453 -0.5395676 0.8419161 0.006640553 0.5683104 -0.779616 0.2631012 -0.150802 -0.7954534 0.5869519 -0.3911854 -0.9199722 0.02500355 0.7661529 0.09292256 0.635905 -0.6637731 -0.722791 0.192298 0.1050195 -0.4950099 0.8625173 0.2460703 0.6762148 -0.694394 0.6029159 0.698346 -0.3857531 -0.2267912 0.488354 -0.8426601 -0.3268481 -0.6456977 0.6901049 -0.4120736 -0.5645425 0.7151834 -0.5501562 0.6299027 -0.5482252 -0.9505155 0.0791983 -0.3004132 0.9922846 0.1034125 0.06838959 0.6393491 0.7687766 -0.01467096 0.4175449 0.3459882 0.8402075 0.3363652 0.3529976 0.8730701 -0.4909547 -0.1343014 -0.860771 0.2098476 0.5188692 -0.828697 -0.4498699 -0.2516275 -0.8569136 -0.2025276 -0.5581069 0.8046734 -0.314417 -0.3932868 0.8639835 -0.6947334 -0.7189292 -0.02205252 -0.7284727 -0.6842856 -0.03287768 0.5180585 0.8553189 0.006730139 0.5300737 0.2240574 0.8178144 -0.6039577 -0.7944465 -0.06395268 0.02727574 -0.6952079 0.7182911 -0.6742966 -0.1084257 -0.7304575 -0.03426748 0.602575 -0.7973262 0.2429029 0.9402829 0.2384665 -0.1251881 0.734006 -0.6675052 0.1516749 0.4091301 0.8997819 -0.3317642 0.9050415 -0.2661437 -0.3842336 0.8385666 0.3862261 -0.4622378 0.8809024 -0.101722 -0.3830295 0.6975749 -0.6055392 0.07804763 0.0471149 0.9958357 0.277711 -0.7989542 0.5334312 -0.1359325 -0.6627796 -0.7363733 0.2193687 -0.8788076 -0.4237627 0.1563122 -0.4427515 0.8829144 -0.1584463 -0.1478313 -0.9762381 -0.1768751 -0.9799402 0.091829 -0.8605526 -0.2738281 0.4294968 -0.251555 -0.9669896 0.04063594 0.3072531 0.951496 0.01584362 0.9256461 0.2617085 -0.2732906 0.8939572 0.2471839 -0.3738189 -0.8673459 -0.4665568 0.1733089 -0.9475125 -0.2501509 -0.1991094 -0.7336985 0.6622895 -0.1518526 0.3768271 0.9023591 -0.2091637 0.9049817 0.3804964 0.1903432 0.9588406 0.2652875 0.1012294 -0.6873899 0.4960342 -0.5305143 0.2046033 0.8710964 -0.4464623 -0.3330489 -0.6915893 0.6409233 -0.3304498 -0.7837423 0.5258814 0.6656748 -0.4181339 0.6180949 -0.8680322 0.471949 -0.1542218 0.9703075 -0.01376831 -0.2414823 0.1316788 0.5982006 -0.7904536 -0.9348766 -0.2035969 0.2907819 0.4423454 -0.5840761 0.6805775 -0.7727992 0.3675015 0.5174206 -0.1456527 -0.2133061 0.9660672 -0.7762392 0.2632958 0.5728248 -0.6030387 0.6199013 -0.5020626 -0.2379832 0.625644 -0.7429224 0.9169229 -0.3920041 0.07473587 0.08979946 -0.3004673 0.9495555 0.7115485 -0.574104 0.4050967 0.1780731 0.2638621 -0.9479804 0.8233239 -0.288388 -0.4888457 0.4972074 0.04724407 0.8663445 -0.4966041 0.1216573 0.8594091 0.5208061 0.1067335 0.8469764 0.9979581 0.01141786 -0.06284314 -0.5014394 0.04595881 0.8639714 0.5566327 0.05137282 -0.8291689 0.4722995 -0.03545778 -0.8807247 0.429907 -0.2535967 0.8665269 -0.6628902 0.05897921 0.7463901 -0.4867566 0.224723 -0.8441372 -0.4917892 0.02786231 -0.8702684 0.3105947 0.2439921 -0.918694 0.2449154 -0.7490226 0.615615 -0.5259824 -0.2050757 0.8254009 -0.1057631 0.811541 -0.5746437 -0.3264958 0.7192957 -0.6132 0.6342856 0.1471838 -0.7589591 0.6989595 -0.6789353 -0.2247276 0.1929179 -0.7905418 0.5812284 0.8319554 -0.5307256 -0.1618046 0.289821 -0.7645225 0.5757683 -0.6612842 -0.249505 0.7074254 0.8401268 -0.5292683 -0.1185837 0.06017601 -0.802198 0.5940179 -0.8022943 0.3576827 0.4778987 -0.7732152 0.6191742 0.1369726 0.538861 0.6634739 -0.5190678 0.5478065 -0.7225223 -0.421746 0.8579602 0.255855 -0.4454692 0.2928499 0.951021 0.09898453 0.2094071 0.9741044 0.08525985 -0.5848633 0.5805622 0.566465 -0.5702168 -0.6255789 0.5324507 -0.8109979 -0.3947311 0.4318215 0.8443781 -0.3276654 -0.4238644 0.5228034 -0.6916116 -0.4983474 -0.2018412 -0.979418 8.08158e-4 -0.04921996 0.9856027 0.161755 0.1444459 0.6828281 -0.7161572 0.8354799 0.5481109 -0.03934597 0.8563704 0.5155191 0.02949696 0.7260519 -0.111984 0.6784602 -0.2208919 -0.6351344 0.7401427 0.6347569 -0.1320421 0.7613465 -0.2340103 -0.7071779 0.6671872 -0.6804705 0.2678816 -0.6820553 -0.7096349 0.1789926 -0.6814544 0.0997228 0.7595978 -0.6427026 0.7531018 -0.3104858 0.5800313 0.8812868 0.471422 -0.03308993 -0.9217899 -0.3876881 0.001167178 -0.7676584 0.3558369 -0.5329923 0.3100312 0.7922291 -0.5255985 0.8793641 0.4754381 0.02602821 -0.3525113 -0.6760109 0.6471051 -0.7270998 -0.6835242 -0.06419074 -0.03064399 -0.6415778 0.7664456 0.5123465 0.8104855 0.2839272 0.6518087 0.7021767 0.2865195 0.2084615 0.1362519 0.9684933 0.3430539 0.1008015 0.9338914 -0.4915367 -0.02775532 -0.8704145 0.1317008 0.5603293 -0.8177323 -0.2850685 -0.1366136 -0.9487217 -0.8223968 -0.4741975 -0.3143252 -0.6265506 -0.717994 -0.3031815 -0.4126822 -0.6265069 0.6611979 0.7459416 0.589196 0.3105146 0.4083417 -0.1666334 0.8974912 0.4351274 0.1168504 0.8927543 0.2147912 0.6597966 -0.7200925 0.8283135 0.5576729 0.05383086 -0.6086158 0.1239953 -0.7837168 0.1836831 -0.3749985 0.9086455 -0.8817691 -0.06622946 -0.4670087 -0.8442093 -0.4032787 -0.3530967 -0.7225593 0.6043021 -0.3357486 -0.8285894 -0.3953871 -0.3963695 -0.004259109 0.998921 0.04624539 0.7995408 0.4327046 0.4165347 0.1057874 0.9936972 0.03708153 0.7641948 -0.5690876 0.303555 0.7102242 -0.570247 0.4127954 -0.1719865 -0.985046 0.01025277 -0.1541584 -0.9880437 0.002270519 -0.1641467 -0.9846871 -0.05871391 -0.8759641 -0.4080999 -0.2571796 0.8882778 0.4590561 -0.0151627 0.8446777 0.4102075 0.3438742 0.7736547 -0.618242 0.1386914 0.1007322 0.9504265 -0.2941815 -0.2227861 -0.9534579 0.2031859 -0.9406957 -0.3372576 -0.03673195 0.733212 -0.6549639 0.1828183 0.03886121 -0.6913449 0.7214791 0.830074 0.09329128 -0.5497944 -0.7857441 -0.2741539 0.554478 0.1806733 0.6484183 -0.7395343 -0.71953 -0.1650146 0.6745716 -0.8136019 0.5801536 -0.03839153 0.7944195 0.3111534 -0.5216143 -0.9725486 0.1858782 0.139995 -0.7587573 -0.2494128 0.6017314 0.4926797 0.7271071 -0.4781027 0.4920572 -0.5903052 0.6398591 0.09469372 -0.7059161 0.7019371 0.886597 -0.4149368 0.2043853 -0.9704837 0.03482288 0.2386395 0.4839427 1.66993e-4 -0.8750998 0.0584405 -0.9943131 0.08902966 -0.2375397 -0.7348352 0.6352891 0.1834394 0.875587 -0.4468751 -0.3790606 0.8710238 0.312459 0.6661478 -0.1306992 -0.7342785 0.2708052 0.9370223 -0.2205762 -0.715928 0.003454923 0.6981657 -0.4061229 0.8210524 0.4011695 0.4825465 -0.7509089 -0.450871 0.02164584 -0.9991812 0.0341854 -0.6942905 -0.610804 0.38063 -0.7366244 0.5136212 0.4399748 -0.7145887 -0.680478 0.1622124 0.5521411 0.8325263 -0.04516857 0.6984127 0.5958949 -0.396395 0.5944424 0.804001 0.01486033 0.5986973 -0.6932302 -0.4012399 -0.9397339 0.04389923 0.339077 0.4049074 -0.8476207 -0.342913 0.8940703 -0.001422345 -0.4479244 0.6118897 -0.3838026 0.6915826 -0.177143 -0.3785717 0.9084624 -0.8446248 -0.1894087 0.5007327 -0.7712376 0.3455312 -0.5346035 0.8118736 0.1979858 -0.5492386 0.3527372 -0.5287598 0.7720037 0.2691131 0.7023222 -0.6590309 -0.6219732 -0.7781244 -0.08758991 0.779156 -0.1526723 0.6079533 0.577004 0.801912 0.154931 0.131394 -0.8781199 0.4600448 -0.1201351 0.8685296 -0.4808574 0.7767426 0.2514228 0.5774578 -0.7935878 -0.3821873 -0.4734463 -0.6950865 -0.7057268 -0.1371294 0.6109521 -0.6194863 0.4929242 -0.5366523 0.6687022 -0.5146277 0.67798 0.7236697 0.1290171 0.8029488 0.5952444 -0.03094315 0.08984929 -0.8507835 0.5177785 -0.8210283 -0.3713614 0.4335936 -0.8927354 0.0139032 -0.4503668 0.6830635 -0.1959587 0.7035799 -0.02155768 0.4593594 -0.8879889 -0.7173422 0.08418214 -0.6916166 0.8812159 0.2734225 -0.3856146 0.8085479 0.04753357 0.5865076 -0.06690102 -0.2585481 0.963679 0.8294214 0.1344934 0.5421918 -0.7194045 -0.5468605 0.4282532 -0.1585983 0.5036266 -0.8492391 0.524199 0.5257387 -0.6699361 0.05513399 -0.9893599 -0.1346378 -0.9504263 0.1971855 -0.240432 -0.8604623 0.5079712 -0.03962224 0.8172391 -0.4967542 0.2921568 -0.252714 -0.9363725 0.2436028 0.6562367 0.7537125 -0.03565007 0.7722691 0.6327645 0.05665361 0.8279711 0.5581313 -0.05434483 -0.9079307 -0.09900826 -0.4072582 0.02424263 -0.6068894 0.7944165 0.7565974 0.06706374 0.650433 0.05087852 0.5849574 -0.8094666 -0.895251 -0.4449185 -0.02394723 -0.8570024 -0.5119327 -0.05892109 0.02111798 0.6812665 -0.7317308 0.9483891 0.2359125 0.2119045 0.41196 -0.4846616 0.7716165 -0.8601741 -0.4469194 0.2456898 -0.982729 -0.04169124 -0.1802932 0.8970346 -0.03464168 -0.4406009 -0.9930533 -0.01917028 0.1160933 -0.9908679 0.07066619 -0.1148356 0.8468102 -0.2458908 0.4716464 -0.1149197 -0.145527 0.9826573 -0.8973672 0.1450566 0.4167621 0.1533672 0.1195482 -0.9809112 -0.2412115 -0.2445211 0.9391626 -0.9657927 0.2010087 -0.1638286 0.9923036 -0.1193233 -0.03310275 -0.754351 0.2788698 -0.5942948 0.2841802 0.4334902 -0.8551771 0.7226927 0.6863452 -0.08151978 0.9317682 -0.122691 0.3416944 0.1332929 -0.6829368 0.7182133 -0.6154297 -0.4624 0.6383045 0.5492687 0.7742483 0.3143939 -0.03162831 -0.8960366 0.4428521 -0.6537458 -0.02438467 -0.7563214 -0.7113965 0.1667806 -0.6827147 -0.4893842 -0.6115133 0.6217352 -0.9390771 -0.05516278 0.3392511 -0.5111145 0.7132431 -0.4796314 0.6672846 -0.5145666 0.5384724 0.4000379 0.5151128 -0.7580427 -0.1649475 -0.2706177 0.9484505 0.9615841 0.2491739 -0.1151883 -0.7783798 0.2790536 -0.5623646 0.01019197 -0.1334522 0.9910029 -0.9751267 -0.1856306 0.1211169 -0.1058973 0.4133453 -0.9043957 -0.5130306 -0.1300578 -0.8484601 0.7628653 -0.1939291 -0.6167886 0.5684469 -0.6879335 0.4512381 0.183743 0.6088773 -0.771691 -0.3466315 0.8460832 -0.4049567 -0.9061313 0.3122144 0.2853913 -0.00347954 -0.4375565 0.8991842 0.3145825 -0.8184238 0.4808539 -0.7570738 0.3381385 -0.5590185 0.9520621 -0.1444199 -0.2696678 -0.3927572 -0.1086012 0.9132073 0.2142484 0.1779947 -0.9604247 -0.8294563 0.4051979 0.3844698 -0.9659253 0.2002087 -0.1640265 -0.4316675 0.2402828 0.8694409 0.6193242 -0.4800535 0.6212781 -0.02162337 0.1856728 -0.9823737 0.4159917 -0.7668299 -0.4887974 -0.231576 0.8312313 0.5053981 -0.441978 0.5870135 -0.6782851 0.05785965 -0.07960206 0.9951462 0.2081502 -0.8311135 -0.5156782 -0.2404685 0.7865611 -0.5687677 0.4075679 -0.8376559 0.3636221 -0.2459246 0.704666 0.6655576 0.03347218 0.2076585 -0.9776285 -0.6564967 -0.5319492 0.5348292 -0.926997 0.01224565 0.3748691 0.6043379 -0.7965753 -0.01560646 0.239963 0.8163661 -0.5253229 0.6709416 0.524635 -0.5240187 -0.5271296 0.8461409 -0.07861393 0.8979255 -0.3811809 -0.2200703 0.2640267 0.91214 -0.3135131 -0.5550231 -0.7840903 0.2777626 -0.6486291 -0.670979 0.3592596 0.8955891 0.3268427 -0.301818 -0.2774423 0.9604685 -0.02293831 -0.9492446 0.05895775 0.3089641 0.2684468 -0.9280151 0.2583104 0.7099322 0.5648722 -0.4206135 -0.7024937 0.6993578 -0.131914 -0.3042885 -0.3134695 0.8995251 0.8292533 -0.5511077 0.09284049 -0.14946 0.3620598 -0.9200949 -0.8121974 0.3700644 0.4509855 -0.3216803 0.7860511 -0.5278689 -0.6514771 0.6406455 0.4063878 0.3960517 0.3510826 -0.8484599 0.1445129 -0.9012625 0.408463 0.2489477 -0.7596649 0.6007781 -0.451875 -0.2487714 0.8566924 0.6195744 -0.7097725 -0.3351872 -0.666578 -0.1267206 0.7345855 -0.9999251 -0.01195418 0.002627074 -0.4984195 -0.2110893 0.8408444 0.3020344 -0.6122946 0.7306646 0.490183 -0.1934921 0.8498715 -0.2002665 0.8805928 -0.429476 0.3719725 0.4150224 -0.8302968 -0.5097026 0.4805424 -0.7136402 -0.7858999 0.5744149 0.22893 0.6535665 0.2471097 -0.7153933 0.9335876 -0.2723314 -0.2329164 0.8284483 -0.4885022 -0.2739325 -0.6123197 -0.3837808 0.6912142 -0.7331961 0.5941248 0.3308161 -0.5458265 -0.3263637 0.7717255 -0.1481562 0.8631087 -0.4827972 -0.09282535 0.9185214 -0.38432 0.7004418 0.343449 -0.625639 -0.8518827 0.4855222 0.1963776 0.2317693 -0.8421533 0.4868891 0.2787483 -0.9013761 0.3313921 0.8834547 -0.45381 -0.1164661 -0.8241698 -0.3762748 0.4232748 -0.6789712 0.4856368 0.5505951 -0.7887203 0.5746955 0.2182786 0.2095963 0.9318147 0.296295 0.6902831 0.6397622 -0.3379552 -0.1208527 0.9543586 -0.2731198 0.4593734 -0.4970918 -0.7361223 -0.04520195 -0.9974637 0.05498099 0.8817407 -0.3810741 -0.2780572 0.7760802 0.559413 -0.29113 -0.8257279 -0.4577249 0.3296384 -0.4840737 0.04533439 0.8738522 -0.1598466 -0.9668089 -0.1993232 0.1841004 -0.934907 0.3034076 -0.1017056 -0.6911674 0.7155025 0.1024605 0.6831929 -0.7230142 0.264288 -0.1838932 -0.9467498 -0.3074238 0.1246649 0.9433714 -0.2104064 0.9680086 0.1367062 0.02971726 0.6041689 -0.796302 -0.6044523 0.7939795 0.06506937 0.5860172 -0.2994028 -0.7529555 0.4785454 -0.8490256 -0.2239418 0.7551504 -0.6555481 0.002138972 0.2643371 -0.7527103 0.6029539 0.3502749 0.314616 -0.8822269 0.5427439 -0.5609812 0.6250834 -0.4909431 0.04211848 0.8701729 0.9448341 0.09192109 -0.3143867 0.8498279 -0.2794792 0.4468603 -0.2214767 -0.5077956 0.8325213 -0.9044784 -0.2347354 0.3561153 0.07331699 0.5570294 -0.8272503 -0.1463397 -0.6736105 0.724454 -0.8937112 0.2621909 -0.3640554 0.9906731 0.09094369 -0.1014698 -0.427358 0.6569649 -0.6210977 0.4444871 0.6414443 -0.6252843 0.4694092 0.713038 -0.5207992 0.6359918 -0.6481205 0.4188726 -0.8747848 -0.4509487 0.1771916 -0.1455108 -0.7339723 0.6634088 -0.2967635 0.8241088 -0.4824687 -0.9947482 0.002520978 -0.1023219 0.7109893 0.6174619 -0.3365042 0.9922057 0.1245915 -0.002190291 -0.1667622 -0.8930664 0.417879 0.9321282 0.359718 0.0417149 -0.8898686 0.4004734 -0.2185294 0.04949957 -0.9651846 0.2568433 -0.04123568 -0.9271317 -0.37246 0.678884 0.2742358 0.6811103 0.8090837 0.2897627 0.5112936 -0.4844259 0.8131991 -0.3225507 -0.6732213 -0.5327065 -0.5128323 -0.4161818 0.8159652 -0.4012402 -0.5914814 -0.7843728 0.1868401 0.4845528 -0.7215926 0.4944823 -0.9164997 -0.3555822 0.1832751 -0.5569792 0.6999799 -0.4469928 -0.9683595 0.1940444 -0.1569297 -0.05911272 0.9778053 -0.2010036 0.7139571 0.5459157 -0.4384533 0.9829114 -0.07027077 -0.1701393 -0.8971902 -0.2208238 0.3824744 -0.9704605 0.2161064 -0.1072593 -0.02461361 -0.9633783 -0.2670139 -0.1640822 0.9344647 0.3159953 0.7965778 -0.501448 -0.3376596 -0.7251077 -0.6628434 0.1867017 0.02383673 0.8786072 0.4769498 0.8943724 0.1317145 0.427492 0.8003773 0.5200423 -0.2982489 -0.8442885 -0.2558776 -0.470854 -0.5801203 -0.5810822 -0.5707924 -0.650901 0.7589764 0.01682054 0.3230638 -0.9388957 -0.1187635 -0.8478721 -0.3665025 -0.3831302 0.7596467 -0.5600275 0.3306149 0.8714763 0.2407364 0.4272881 -0.03695094 0.977723 0.2066216 -0.07170593 -0.2277705 -0.9710711 -0.7275601 -0.6810319 -0.08277601 -0.5961508 -0.4723975 0.6491879 -0.06531298 0.2942364 0.9534984 0.874582 0.4146125 -0.2514019 0.2333416 5.64661e-4 -0.9723947 0.4427394 0.8225733 0.3568683 -0.02905571 0.4482528 0.8934345 -0.3413375 -0.5309659 -0.7756056 0.9742105 -0.1645501 -0.1543934 -0.6823839 -0.4048495 -0.6086454 -0.8588168 0.3588557 0.3655906 -0.5448304 0.5864017 0.5994106 0.7373003 0.4145981 0.5333825 0.7975952 0.4830583 0.3612432 0.6701949 -0.5524338 -0.4956368 0.5376534 -0.5849979 -0.6072119 -0.9897798 -0.1364855 0.04132294 -0.8869875 -0.3457385 -0.3061341 0.2080478 -0.8603391 -0.4653309 -0.1857967 -0.758687 -0.6243985 0.9153777 -0.2599507 -0.3074238 -0.8592639 -0.4843569 0.1645112 0.5678818 0.8208875 0.06044846 -0.6582699 0.7523375 0.02586698 -0.2950573 -0.7845543 0.5453585 0.8216772 -0.4770237 -0.3119216 -0.8226478 0.06541687 0.5647754 0.1212233 0.7955449 -0.5936441 0.7824599 -0.5959475 0.1805633 0.544663 -0.7857688 -0.2931039 -0.07890135 -0.3413985 0.9366011 -0.3385714 0.04954326 0.9396355 -0.3240758 0.743992 -0.584338 -0.2854907 0.8179793 -0.4994045 0.5651556 -0.4078026 -0.7171446 0.5861751 -0.1986163 -0.7854619 -0.3944408 -0.1141257 0.9118069 -0.1990054 0.9460766 0.2556094 -0.3570097 -0.9031245 0.2385586 0.5598913 -0.1494221 -0.8149816 -0.431916 0.6036022 0.670159 0.3129323 0.9417973 -0.122846 0.7034965 0.1062115 -0.7027175 -0.3287203 -0.9409564 -0.08089601 -0.7334341 -0.3391001 0.5891396 0.696067 -0.4043685 -0.5932764 0.05992734 -0.9796262 -0.1916802 -0.4498395 -0.8916237 0.05149567 0.6709082 0.7320882 -0.1180217 0.9879217 -0.08619993 -0.1287648 -0.07286632 0.8169034 0.5721533 -0.4371556 -0.8371983 -0.3286247 -0.9954487 -0.01201659 -0.09453862 0.3931983 -0.7816494 -0.484169 -0.9827871 -0.1775552 -0.05102705 0.3033604 0.8349693 0.4591284 0.2561603 0.9471609 0.1930497 0.3099402 -0.8655379 -0.3934224 -0.9348104 0.005577862 0.3551036 -0.9469875 -0.2590496 0.1900213 0.4334027 -0.8358358 -0.3369579 0.5880567 0.8046638 0.08188807 -0.3762761 -0.8987604 0.2250469 -0.3229861 -0.876512 0.3569408 0.1270027 0.7893062 0.6007213 -0.2748885 0.01660895 0.9613327 0.2165731 -0.06365758 -0.9741888 0.4200302 0.5777195 -0.6998677 -0.2204146 0.6778015 0.701429 -0.439671 -0.4062011 0.8010556 0.4750821 0.7334928 -0.4860919 0.3483933 -0.4402546 -0.8275252 -0.4801282 -0.7512133 0.4529412 -0.2685872 -0.9623959 -0.04068613 0.5004234 -0.6281926 -0.5957772 -0.3962993 -0.8509781 0.3446493 0.5849236 0.6497244 -0.4855127 -0.9438366 0.162612 0.2876278 -0.6672573 0.6208906 0.4114154 -0.3212058 -0.8496198 0.4182978 0.2520263 0.7468126 -0.6154298 0.5898947 -0.7475692 0.3052291 0.8378813 -0.5394298 -0.08348912 -0.5456226 0.8378803 -0.01589655 0.9066007 0.03369694 -0.4206421 -0.2158873 -0.8383484 0.5005643 0.7262773 0.4227274 0.5420543 0.3229796 -0.8716754 -0.3686006 0.5020948 0.6259896 0.5966892 -0.8912647 0.3700482 -0.262129 -0.8066577 -0.2790187 -0.5210106 -0.9291374 0.2486566 -0.2736303 0.9282456 -0.2913548 0.2312413 0.421782 -0.8770067 -0.2301288 -0.2585544 -0.8858733 -0.3851989 0.152976 -0.9463347 -0.284691 0.4782143 0.778071 0.4073286 -0.9720084 0.1616724 -0.1704751 -0.7699453 0.3772881 -0.514624 0.6197536 0.6429412 0.4500358 0.5406438 -0.38152 0.7497646 0.4649676 -0.8841392 -0.04585725 -0.06490629 0.9821577 0.1765033 0.2976787 -0.5341897 0.7912198 -0.2855853 -0.7421946 -0.6062906 -0.3073397 0.3842223 -0.8705835 0.1710169 0.6809382 0.712093 -0.5638585 -0.2664247 -0.7817171 0.4766775 -0.8783988 -0.03455609 -0.4105794 0.7873178 -0.4599516 -0.7071416 0.6647257 0.2410198 0.8530302 -0.06084769 0.5183023 -0.1007212 -0.694216 -0.7126847 -0.4881715 -0.6033607 -0.6305907 -0.5762615 0.7060144 0.4116629 0.965189 -0.02577859 0.2602803 0.8909927 0.08711749 0.4455813 -0.1759487 -0.7200179 -0.6712797 -0.7741271 0.5775003 0.2592698 -0.661164 -0.7498698 -0.02361011 -0.9717 -0.1144581 0.2066364 -0.910708 0.1037962 0.3997966 0.6750567 0.7011222 -0.2296218 0.9337337 -0.1386248 -0.3300373 0.6454697 0.7593164 0.08250749 -0.4553719 0.8813145 -0.1261795 -0.2705978 0.8544665 0.4434682 0.4620042 -0.617138 0.6369402 -0.4587405 -0.7674 0.4479447 0.4504086 -0.7841916 0.4268204 0.9915462 -0.1294631 0.008701443 -0.9910528 0.1332548 0.007580459 -0.461597 0.6504142 -0.6032326 -0.5268352 -0.5480262 0.6497017 0.9576679 -0.2159535 -0.1903588 0.4013214 0.4676765 -0.7875406 0.5551781 0.6808639 -0.4777045 -0.588528 0.6841853 -0.4307264 0.4274408 -0.6575778 0.6203918 -0.2868149 0.05164569 0.9565929 -0.3267482 -0.200129 0.9236796 0.3196442 -0.7283848 0.6060389 -0.2108055 0.7877584 -0.5787898 0.2863166 0.222693 -0.9318963 -0.4147283 0.6936439 -0.588947 -0.2821696 -0.3312988 0.9003452 -0.8553273 0.3953701 0.33481 -0.6745997 0.6489918 0.3517457 0.4634706 0.1073157 -0.8795899 0.8725506 -0.4855703 -0.05363875 0.3504509 -0.7885766 0.5053032 -0.5332681 0.5083942 -0.6761364 -0.0916807 -0.2801533 0.9555674 0.1279436 -0.05720496 0.9901304 0.9543691 -0.1121815 -0.276758 -0.2604907 0.2046883 -0.9435292 0.7038077 -0.1599521 0.6921489 -0.04198044 0.2805033 -0.9589346 -0.7049588 0.2462378 0.6651316 -0.961183 0.2166222 0.170886 0.8751788 -0.2430098 0.4183399 0.8418219 -0.2038831 -0.4997675 0.09392029 -0.3286895 -0.9397565 0.780229 0.3353643 0.5279901 -0.8509969 -0.3677798 -0.37489 0.09539818 0.6293275 0.7712627 -0.8984476 0.1932026 0.3942901 0.3185224 -0.5594958 -0.7651849 -0.3700744 -0.4366328 -0.8199982 -0.4202752 -0.6090646 -0.6726137 0.7980009 0.4562579 0.3937299 0.9888116 0.1113681 0.09924179 -0.9028339 0.280359 0.3260213 0.3492881 -0.6760963 -0.6487617 -0.09610319 0.8168511 0.568787 0.8493242 -0.4408388 -0.2903613 0.06961053 0.8135035 0.5773791 0.9291917 -0.3289623 -0.1684837 0.6037467 0.06613522 0.7944282 -0.8127225 -0.1213561 -0.5698727 -0.808247 0.582162 0.08845436 0.3393673 -0.5868253 -0.7351639 0.7089157 -0.6968851 0.1085805 -0.4931094 0.421489 0.7610456 -0.4034081 0.0257439 -0.914658 -0.2814135 -0.4133962 0.8659734 -0.01427847 -0.8622524 -0.5062776 -0.1620773 0.1114264 0.9804668 0.1982425 0.8757734 0.4401372 0.3900823 0.8189078 -0.4209822 0.2242451 0.1377038 -0.9647549 -0.2237632 -0.8735033 -0.432345 -0.09313327 -0.1964609 -0.9760785 -0.3364894 -0.9345049 0.1160849 0.1911816 0.475158 0.8588798 -0.08707022 -0.7744097 0.6266646 0.04852139 0.8521678 -0.5210142 0.2920752 0.9361934 -0.1955351 -0.3175793 -0.5511944 -0.7715751 0.1563231 0.809012 0.5666241 0.4327201 -0.8445023 0.315546 -0.370473 -0.3108398 -0.8752876 -0.4965744 0.8511391 -0.1702238 0.2654427 0.5816475 0.7689126 -0.6765461 0.04147493 -0.7352314 0.3282622 0.7909357 0.5163959 0.2674458 -0.9575815 0.1072877 0.4796507 -0.8756476 0.05636107 -0.7073181 -0.05546224 -0.7047163 0.05041217 -0.9959453 0.07450854 0.4684427 0.7340179 0.4917105 -0.7131246 0.3111379 -0.628209 0.3129838 0.2863645 0.9055588 0.3370895 -0.8182235 -0.4657049 0.2382091 0.3125016 0.9195647 -0.596632 0.5669947 -0.5679327 -0.6146557 0.5822514 -0.5321481 -0.3016635 -0.4689869 -0.8300906 0.4849151 -0.8704612 -0.08458566 0.2822494 0.5565857 0.7813756 -0.4300504 -0.5090547 -0.7456005 -0.6309943 0.456615 -0.6271755 0.4906209 -0.7890192 0.3697836 0.4865434 0.4626106 0.7411255 -0.6108571 -0.09330904 -0.7862234 -0.08885419 0.910067 0.4048249 -0.3641156 0.08118391 -0.9278087 -0.6352815 0.522177 0.5689892 -0.4000414 0.6576736 0.6383044 0.6542531 -0.521457 0.5477551 0.5860424 -0.5072172 -0.6318901 0.72991 -0.4667527 0.4993731 0.4250681 -0.7309281 -0.5339113 -0.3361736 0.1257576 -0.9333661 -0.2705432 -0.2012528 -0.941437 0.03917413 0.9494957 0.3113251 -0.3996738 0.7019653 0.5894961 0.3926264 -0.8590574 0.3284278 -0.4545611 -0.5615512 -0.6914005 -0.7569949 -0.6534178 -0.001998543 -0.4949532 -0.8677104 -0.0458281 0.6177641 0.7813681 0.08849698 0.7036156 0.1152201 0.7011773 0.4379435 -0.4682915 0.7674038 0.05725628 0.7794493 -0.6238433 -0.9573542 -0.2874851 0.02872878 -0.8656155 0.488134 -0.1115128 -0.02674692 -0.9923329 0.1206651 -0.2236825 -0.969443 0.10073 0.8961352 0.4218243 -0.1378634 -0.3179863 0.9405982 -0.1189954 0.6189196 0.7838715 -0.04983943 0.7348214 -0.677462 0.03290551 -0.802733 -0.5962104 0.01237505 -0.5700103 0.8216101 0.006721019 -0.9228006 -0.3849946 -0.01477795 -0.4079313 0.9122133 0.03819704 0.7778676 0.6283548 0.009612679 0.656655 -0.7522876 -0.05354958 0.3352733 -0.9397891 -0.06624507 -0.3060778 -0.9511662 -0.03999108 0.9789773 0.2039527 0.002618908 -0.6313455 0.7712422 0.08116972 0.3721539 0.9280732 0.01348173 -0.52543 -0.8492247 0.05235385 -0.9660965 0.2576924 0.01588869 0.9983836 -0.05321836 0.0199508 -0.4476592 0.8857872 0.1224021 0.03471243 -0.06829804 0.9970609 -0.763264 -0.4154531 -0.4947999 0.1274888 0.03754335 0.9911293 0.725027 0.3810717 -0.5736901 0.7268965 0.3867031 -0.5675229 -0.7850183 -0.3534138 -0.5087683 -0.7098996 -0.4541557 0.538317 -0.58357 -0.05850231 -0.8099529 0.4279747 0.4753512 -0.7686866 0.804514 0.1984861 0.5597861 -0.2391293 0.3850395 -0.8913819 0.2006986 0.67109 -0.7136935 0.9479289 0.1594107 0.2757158 0.9320243 0.04486286 0.3596084 -0.2070253 -0.6770543 0.7062139 -0.7044843 -0.3885073 0.5939394 -0.9107468 -0.03202277 -0.4117218 0.7195013 0.3608966 -0.5933563 -0.8141176 0.2927643 -0.5014993 0.8925089 -0.3408018 0.2954353 0.5830806 -0.4268406 0.6912483 -0.3869565 0.3383241 -0.8577887 -0.4399912 0.2965648 0.8476185 -0.6644801 0.1089054 0.739328 -0.3249065 0.1470896 -0.9342379 0.8928329 -0.4457049 -0.06478142 0.6081485 -0.7646086 -0.2133758 -0.4215371 -0.8544737 -0.303614 -0.971035 -0.03106898 -0.2369086 0.4713411 0.8307364 0.2961666 0.5790404 -0.8111018 -0.08262091 0.3633443 0.9147038 0.1769121 -0.9773475 -0.1798219 -0.1116071 -0.3126764 -0.9470909 -0.07247239 0.9947638 -0.07004439 0.0744242 0.03482592 0.9988813 0.03198939 -0.9603269 0.2780906 -0.02092611 -0.8318826 -0.5545558 0.02096194 0.08391207 0.9949565 -0.0549584 0.9996103 -0.02765172 -0.003827691 -0.8926656 0.4505438 -0.01258736 -0.6352532 -0.768907 0.07235664 0.3039913 -0.9523205 0.0259819 -0.4781616 0.8780313 0.02055782 0.9854769 -0.1422374 0.09275734 0.7494046 0.6608743 -0.04047137 -0.8042758 -0.4980123 -0.3242289 -0.1071201 0.3681963 0.9235566 0.02007395 0.4113402 0.9112608 0.855708 0.5120431 -0.07467061 -0.1987791 -0.7206296 -0.6642138 -0.7965416 -0.591557 -0.1248275 0.0427283 -0.4105244 -0.910848 -0.7912765 -0.114984 0.6005501 0.8459964 0.2537871 -0.468916 -0.6341186 -0.7721815 -0.0403667 0.1789132 0.7076743 0.683511 0.7347537 0.1052877 -0.6701131 -0.003504216 -0.8589772 -0.5120018 -0.4834744 0.4896397 0.725607 -0.4094143 -0.9115837 0.0373516 0.6828848 0.6105974 -0.4010477 0.469313 -0.6197184 -0.6290425 0.3271499 -0.8659659 -0.3782542 -0.7997294 0.2306694 0.5542785 0.3544059 0.9326586 -0.06741279 -0.4390779 -0.8539512 0.2792456 0.6991115 -0.5642734 -0.4391342 0.8326686 0.2615696 -0.4881027 -0.2008584 -0.9328821 0.2989765 0.941794 0.3007894 -0.1501657 0.7896333 -0.5979458 0.1376233 -0.2966331 -0.9288421 0.2219487 -0.6403458 -0.7600987 0.1104864 -0.9757829 0.213078 -0.04945123 -0.2459682 0.9513146 -0.1857426 -0.7044543 0.6886739 -0.1716756 0.2279541 -0.9705168 0.07831996 -0.3955155 0.9182668 0.01880383 0.6296583 0.7725574 -0.08176487 -0.9356783 -0.3350703 0.1106081 0.6296529 0.7768744 0.00188601 -0.6894078 -0.7223624 -0.05393964 -0.2737843 0.9567972 -0.09788531 0.8894218 -0.447661 0.0923506 0.01707965 -0.999854 -4.7857e-4 0.7292257 0.1804836 0.6600421 0.02648246 0.9975935 -0.06407892 -0.5542013 -0.3913214 -0.7346622 0.2019805 -0.8038216 0.5595309 -0.4288516 -0.9020367 0.04915332 -0.4113814 0.5965441 -0.6891303 0.6316593 0.7752407 -0.002925455 0.8764295 -0.0513941 -0.4787797 0.6246805 0.7804546 0.02578753 -0.3161131 0.8325524 0.4548947 -0.2521866 0.8135871 0.5239065 -0.8573737 0.008120596 0.5146306 0.8916883 -0.08060669 -0.445415 -0.8943246 0.00368309 0.4474037 0.6360825 0.7593828 -0.1368823 0.3310831 -0.887076 -0.3216834 -0.5409064 -0.8391994 0.05625563 0.2588029 -0.8625065 -0.4348605 0.9091449 -0.1352077 -0.3939217 -0.5180718 -0.8376526 0.1730309 0.422084 -0.882121 -0.209064 0.9706189 -0.08564728 -0.2248638 0.6295496 0.7763769 -0.03010451 -0.1734449 0.9461309 0.2734104 -0.4274817 0.858746 0.2825149 0.4746347 -0.8628236 -0.1739464 -0.9631622 0.1819182 -0.1980519 -0.9551358 0.09867966 0.2792456 -0.4021943 0.8327557 0.3804704 0.1545391 0.782585 0.6030578 0.5057344 0.6555168 0.5608304 0.7229865 -0.6826789 0.1060197 0.4764786 -0.8466787 -0.2368617 0.9510116 -0.1141796 0.287298 -0.881975 0.3145099 -0.3510038 -0.8004587 0.5919295 0.09426331 0.9334841 -0.0396834 -0.3564165 -0.7038252 -0.4498919 -0.5497521 0.8255609 -0.5639975 0.01887238 0.01094329 0.621168 0.7836011 -0.9221269 -0.07737326 0.3790717 -0.3167269 -0.03366494 0.9479191 -0.08735626 -0.3116852 -0.9461613 0.8781351 0.3412772 0.3352743 -0.8049768 -0.5424681 -0.2402937 0.359881 0.07582378 0.9299121 0.5893685 0.1820561 -0.7870835 0.7489822 -0.372996 -0.5476309 0.1173651 -0.5842025 0.8030772 0.6638385 -0.7469874 0.03644698 0.119408 -0.6661173 0.7362266 -0.5934916 0.1718247 0.786285 -0.6895828 0.4504728 0.5670536 -0.6145 0.7886628 -0.0200234 0.4710268 -0.8044512 0.3619282 0.4260133 0.462561 -0.7775282 0.1034086 0.5785404 -0.8090723 -0.4379224 0.7720975 -0.4605318 0.7080904 0.6701855 0.2223953 -0.7741138 0.2349553 -0.5878298 0.4108889 -0.7372244 0.5363493 -0.7584197 -0.6041299 -0.2445954 -0.02819448 -0.9657982 0.2577577 -0.5658649 -0.1048873 -0.8177993 -0.7657285 0.3276302 -0.5534605 -0.1488395 0.8308715 0.5361896 -0.06534242 -0.7360388 -0.6737784 0.6124578 -0.7785266 0.1370842 0.7836592 -0.5201348 0.3396148 -0.1665995 0.9032211 0.3955202 0.1020544 -0.953127 -0.2848403 -0.5006923 -0.4267645 -0.7531132 -0.7168213 0.5823154 -0.3835051 0.5858005 -0.7697272 0.2536885 0.2228544 -0.9282058 -0.2979428 0.5156606 0.4667938 0.718469 -0.7535986 -0.2155182 -0.6210001 -0.09212255 0.9747647 -0.2033405 0.1999258 0.9027478 0.3808887 -0.8707029 0.2952653 -0.3933129 -0.729656 -0.634638 -0.2546308 0.5957217 -0.6220526 0.5081006 -0.3618791 -0.7565268 0.5447116 0.2526969 0.7982757 -0.5467178 -0.9723621 -0.2295795 -0.0424897 0.850693 0.4707092 0.2339969 0.8337669 -0.3845435 0.3961809 -0.5953898 0.7607805 -0.2583104 -0.1352754 -0.9778833 0.1595144 0.8570384 0.1464445 0.4940032 -0.6098488 0.7920153 -0.02822172 -0.06167936 0.9566968 0.2844768 -0.3145212 -0.8217974 -0.4751058 -0.4842951 -0.5906801 -0.645411 -0.1567863 -0.9579342 -0.2403753 -0.02932053 -0.9750699 -0.2199522 0.7830652 0.3339579 0.5246725 0.8853576 -0.3498724 0.3061556 -0.6668638 0.7137306 -0.2141992 0.7414203 -0.07930916 0.6663377 0.2849718 0.003224134 0.9585306 -0.9457361 0.1224217 0.3009922 -0.7479931 -0.0624144 -0.6607654 0.8684259 -0.1262546 -0.4794751 -0.8146045 -0.002811074 0.5800101 0.1474975 0.02092278 -0.9888412 0.9918915 0.01139193 0.1265761 0.9672484 0.08432179 -0.239417 -0.4372464 -0.02601188 -0.8989656 -0.351967 0.437793 -0.8273189 0.791625 -0.6054664 -0.08210134 0.8680297 -0.1726915 0.465513 -0.7035582 0.4447796 -0.5542355 0.2988839 0.4423756 -0.8455603 -0.7890275 -0.06690341 0.6107041 0.2544618 0.4836523 -0.8374543 0.9130936 0.00411725 -0.4077292 0.6723107 -0.4339919 0.5997077 -0.9610465 0.0714327 0.2669966 0.1566428 0.1879531 0.9696065 0.7244881 -0.2670388 0.6354582 -0.7597204 0.5799173 0.2941442 0.7881538 -0.6153113 -0.01434123 -0.8266478 0.5623199 -0.02121418 -0.1059682 -0.1638496 -0.9807773 0.03595042 -0.2241665 -0.9738876 -0.309114 0.6085582 0.7308253 0.6694883 -0.3783212 0.6392641 0.2406989 -0.5915424 -0.7695075 -0.5119177 0.07025474 -0.856157 0.3240017 0.2467623 0.9133079 0.3826131 -0.8417856 -0.3807942 0.4064282 -0.878799 -0.2500571 -0.6311637 0.5229301 -0.572867 0.1576132 0.4345737 0.8867378 0.6543179 -0.4698226 0.5925664 -0.1281179 -0.08906292 0.9877518 -0.9240081 0.2497352 0.2895537 -0.5974129 0.2765403 -0.7527438 -0.1880189 0.01517927 0.9820482 -0.05041283 -0.03747588 0.9980251 0.5589405 0.8176384 -0.1380328 -0.3485206 -0.6252622 -0.6982698 0.3696658 0.6932693 -0.6186477 0.2217316 0.0949285 -0.970476 0.4601941 0.7290865 -0.5066106 0.288442 0.6823378 0.6717265 0.1979036 0.4523674 0.8695966 -0.4645601 -0.7362218 0.492099 -0.2054891 -0.4667541 -0.860183 -0.4517602 -0.8177782 0.3565829 0.3727622 0.6329097 0.6785821 -0.5251439 -0.7753756 0.3507372 0.08208256 0.1757049 -0.981015 -0.5776257 -0.624563 0.5256135 -0.6629088 -0.5380353 0.5206438 -0.8153464 0.4910765 -0.3066826 0.8113072 -0.5014141 0.300607 -0.1746669 0.8097376 -0.5601934 0.5772334 0.6171376 -0.5347361 -0.7076915 0.7019551 -0.08019858 -0.5028806 0.7447019 -0.4387826 -0.3492398 -0.4152655 0.8399918 -0.31278 0.7461093 0.5877838 -0.3590058 0.8192294 -0.4471892 0.0265727 -0.1753047 0.9841555 0.1764946 -0.8809203 0.4391232 0.3258212 -0.7564162 -0.5671643 0.3129399 -0.7500516 -0.5826588 0.07363063 0.1859155 -0.9798031 -0.04849922 -0.6272733 -0.7772878 -0.605835 -0.7837842 0.136552 0.5360268 0.4155801 -0.7348255 0.4599313 0.7996154 0.3861069 -0.06143969 0.8169699 0.5733981 -0.7821183 -0.4516711 0.4292834 0.1757144 -0.6030668 -0.778097 -0.6981472 -0.1238031 0.705169 0.6878534 0.06206321 -0.7231915 -0.01445466 -0.8342821 -0.5511486 -0.6669502 0.1468938 0.730479 0.3815404 0.8893163 0.2520785 0.7115348 0.6465156 -0.2752016 0.5235351 -0.4979469 -0.6913465 -0.6628039 -0.7357099 0.1393633 -0.740826 0.1237884 0.6601919 0.6111726 0.7892783 -0.05922782 -0.1565846 0.8490461 0.5045809 0.08042854 -0.2427341 -0.9667531 0.7737244 -0.4294072 0.4657897 0.661113 -0.3456388 0.6659306 -0.5192449 0.3785824 0.7661986 -0.7009328 0.3911399 -0.5964084 0.39167 -0.2960476 -0.8711777 -0.5266348 0.6894488 0.497309 -0.1456067 0.1154575 -0.9825825 0.1678606 0.8662481 -0.470571 -0.2012051 0.1421061 -0.9691866 -0.1292586 0.8345682 0.535526 0.01787304 -0.7148693 0.6990297 0.2065795 0.03609615 0.9777638 -0.262278 -0.9027674 -0.3409125 -0.1741085 -0.8162116 -0.5508948 0.07763534 0.3095857 0.9476969 -0.00962913 0.3460692 -0.9381596 0.08506703 0.7839924 -0.6149142 -0.1823215 -0.3688856 0.9114177 0.1349771 0.09522438 -0.9862625 -0.07032626 -0.9171652 -0.3922529 0.2244159 0.7925351 -0.5670323 -0.05900144 -0.3628151 0.9299914 -0.7809456 -0.2140278 0.5867845 0.9312114 -0.2404961 0.2738739 -0.8554243 0.4275025 -0.2923883 0.7490022 0.03598058 -0.6615899 0.9349162 -0.2442355 -0.2574507 0.2184987 0.578745 -0.7856925 -0.62628 -0.6770443 0.3865029 -0.3337638 -0.3274623 0.8839516 -0.1364074 -0.7715811 0.621334 -0.9864477 -0.06477838 -0.1507473 0.8979771 -0.2614325 0.3539636 -0.2241262 -0.7205454 0.6561874 -0.7040556 0.570283 -0.4231821 0.9741525 0.185889 -0.1283444 0.1231205 -0.8968389 -0.424878 -0.07470035 -0.05756467 0.9955432 -0.05274325 0.152471 0.9868996 -0.1203024 0.8248699 -0.5523742 0.0847792 0.1362867 -0.9870352 0.09626466 -0.1033903 -0.9899715 0.1274272 -0.8742717 0.4684137 -0.1613129 0.7711374 0.6158941 0.2214055 0.7123733 0.6659609 0.6490884 0.7430064 -0.1631745 0.2675026 -0.002025544 -0.963555 -0.3331099 -0.02708297 0.942499 -0.6568097 -0.639075 0.4002302 0.4007109 -0.9159005 -0.0236051 -0.2617213 -0.766862 -0.5860244 0.5339546 -0.8444384 0.04261946 0.3020045 0.7737156 0.5569178 0.857869 -0.03799021 0.5124623 0.7653188 -0.1344018 0.6294628 0.4350584 -0.7561532 0.4888319 -0.5285166 0.8215112 -0.2139853 0.8444001 0.5357024 -0.003369569 -0.3902264 -0.9079623 -0.1527352 -0.5388461 0.7320783 -0.416781 -0.9130207 -0.3198417 0.253169 -0.8819062 -0.01633608 -0.471142 -0.09175401 -0.828908 0.5518086 -0.9622946 -0.1791837 0.204652 0.6964098 -0.577313 0.42629 0.9937807 -0.1008492 0.04721641 0.2442786 0.857156 -0.4534441 0.2039772 0.8541045 -0.4784336 0.1317701 0.408398 -0.9032429 -0.3167451 -0.739492 -0.5939901 0.2082373 0.9174323 -0.3390505 -0.0682218 0.008490025 0.9976341 0.1765716 0.969131 -0.1720686 -0.1860714 -0.9820396 -0.03123641 -0.1172822 -0.5799666 0.8061536 0.09367769 -0.5845111 -0.8059599 -0.09766227 0.2713775 0.9575053 -0.04691803 -0.9580688 0.2826711 0.3177174 -0.6820059 -0.6587288 0.2479422 0.273065 -0.9294947 0.6081343 -0.42469 -0.6706797 -0.5738511 0.4371901 -0.6925026 -0.7699395 0.5848044 -0.2553371 -0.2157917 0.4445493 0.8693734 0.6648395 -0.6033455 0.4404121 0.1674667 -0.814526 -0.55543 0.4286119 0.1161303 0.8959942 -0.5220984 0.4289668 -0.7371572 -0.164376 -0.9803466 -0.1090917 -0.452731 -0.8761031 -0.1657653 -0.143253 0.811981 -0.5658318 0.4859256 0.2653579 0.8327434 0.7372604 0.1193332 0.6649863 0.003986239 -0.06791633 0.9976831 -0.882179 -0.4313865 0.1888549 0.270208 0.2719489 -0.923597 0.7419917 0.4960949 -0.4509304 0.6439168 0.1101043 -0.7571316 -0.6452839 0.06602168 -0.7610848 -0.9654412 0.0225352 -0.2596452 0.9844556 -0.08213353 -0.155246 0.2446323 -0.1780336 0.9531313 -0.2537781 -0.1549774 0.9547663 0.4858742 -0.1390328 0.8628999 0.5952519 -0.8030415 -0.02827638 0.4607948 -0.2738772 0.8441917 -0.1832322 0.5262527 0.8303518 -0.5466721 0.2275409 -0.8058379 -0.7030138 0.7081885 -0.06511932 -0.6487603 0.7599194 0.0404067 -0.1051834 0.5815461 0.806685 0.6352286 -0.7712389 -0.04092901 0.1525649 -0.7726244 -0.6162593 0.03195446 -0.5840263 -0.8111055 0.4369238 -0.4186555 0.7961315 0.1480007 -0.9573966 0.247967 -0.02154105 0.4800852 0.8769574 5.73916e-4 -0.4039095 0.9147989 0.07035404 -0.9925189 0.09978324 -0.1568909 0.7600665 0.6306221 0.2593145 -0.3681045 0.8928914 0.3445587 -0.9119672 0.2227001 -0.252438 -0.4210985 -0.871178 -0.04963904 -0.5203401 -0.8525152 -0.7118547 0.4978824 -0.4953544 -0.530865 0.8097994 -0.2498146 -0.3374447 0.2287229 -0.9131358 0.2646608 0.2162457 0.9397832 0.4520384 -0.8918571 -0.01588433 0.3543466 -0.2610202 0.897946 -0.1460937 0.7332274 0.6641041 0.2999773 -0.9107459 -0.2838236 0.1485945 0.9839372 0.09893208 0.6452291 0.5234475 0.556491 0.7641292 -0.1854205 0.6178396 0.03605014 -0.9993306 -0.006217777 -0.737932 -0.4101735 -0.5359237 -0.02826863 -0.9982825 0.05131405 0.673125 -0.5444617 0.500464 -0.1037051 0.994489 0.01539283 0.6719722 0.5232251 0.5241078 0.7860273 -0.4662893 0.4058761 -0.2177519 0.9709588 0.09911113 -0.7879303 0.4392852 -0.4315025 0.06869101 -0.987509 -0.1418009 -0.8192725 -0.3523622 -0.4523643 -0.9090381 0.3395358 -0.2415887 0.2325121 0.9086163 0.3469215 -0.9711042 0.02458673 -0.2373864 -0.4502491 -0.7176107 -0.5313292 -0.9348011 -0.3471075 -0.07525688 -0.8803109 0.1664391 0.444242 -0.6714795 0.3936408 0.6278234 0.2361426 0.7262977 0.645545 0.6890532 -0.4893106 -0.5345848 -0.2809704 -0.7547566 -0.5927885 0.3384853 0.6669608 0.6637703 0.9800673 0.09710478 0.1733171 0.959133 0.2829402 -0.002984106 -0.4250608 0.6159054 0.6633128 -0.306093 -0.5891905 -0.7477712 -0.7842257 0.391619 -0.4812743 -0.9327498 0.2760098 0.2319405 -0.05523651 0.3278526 0.9431128 0.2293605 0.2742496 0.9339063 0.6174252 -0.4624891 -0.6363097 -0.2252939 -0.2392246 -0.9444652 0.7324576 -0.5931582 -0.3341696 -0.6970325 -0.5304236 -0.48249 -0.7712996 0.3504873 -0.5312773 -0.8465695 0.09373116 0.5239605 -0.4961301 -0.5862473 -0.6404444 0.1360681 0.5721519 0.8087816 0.5999324 0.4101839 0.6868991 0.9083524 0.3277162 0.2598037 -0.9668889 0.05831211 0.2484465 0.4360649 0.7802065 -0.4484701 0.7946525 -0.2817485 -0.5377222 0.4705811 -0.8506247 -0.2345015 0.2408403 -0.9692634 -0.05024415 -0.6292168 -0.5720921 0.526115 -0.2582357 0.9531205 0.1577203 0.5439062 0.8242102 -0.1576187 -0.8061488 0.5048815 0.3085755 -0.7198134 0.5448664 0.430104 -0.7842016 -0.606045 0.1331828 0.6972972 -0.6471275 -0.308225 0.9924845 0.03151357 0.118243 -0.1839073 -0.8603495 -0.4753702 -0.1918867 0.9432644 0.2709832 0.8420791 -0.04487055 0.5374844 0.4474718 -0.8651737 0.2263706 -0.7807182 -0.1177109 -0.6136963 0.02409893 0.7975007 0.6028366 0.8202744 0.2422552 -0.5181337 0.1837937 0.02937018 -0.982526 0.6603864 0.3585785 0.6597813 -0.1156606 -0.03317916 0.9927345 -0.0927447 -0.1699794 -0.9810736 -0.7358847 -0.5421175 -0.4056875 -0.8607421 -0.3714513 0.3480618 0.02547574 0.1363961 0.9903268 0.1528571 -0.4054849 -0.9012306 0.005084097 0.7690791 -0.6391334 0.1940473 -0.9358623 -0.2941219 0.07029742 -0.4569986 0.8866853 0.2758445 -0.9611945 -0.003872394 -0.3285595 0.9442136 -0.02257204 -0.2160931 0.4878252 0.8457721 -0.08608502 0.1249032 0.9884274 -0.1863455 0.4833959 -0.8553385 -0.4710423 0.6453925 0.6013216 -0.1125789 -0.02215409 -0.9933958 0.3644154 -0.8552321 0.3684827 0.3441995 0.04474842 -0.9378296 -0.01943355 -0.8763892 0.4812116 0.3276017 0.08074355 -0.9413595 -0.001708805 -0.8766182 0.4811838 -0.2260003 0.8327194 0.5054724 -0.2268896 0.8622162 0.4528845 0.8102652 0.502614 -0.3014125 0.2615851 0.387844 -0.8838272 0.5562706 0.3206074 0.7666642 -0.1411918 0.01876759 -0.9898043 -0.8072691 -0.566926 -0.1640477 -0.8703987 -0.3966921 0.2916191 -0.09430408 0.03076201 0.9950681 -0.1019715 -0.1687896 -0.9803633 -0.5873152 -0.6864748 -0.4287344 0.6184742 0.3431642 -0.7069144 -0.5475794 -0.4057171 0.7318133 -0.0641362 0.3816894 0.9220629 0.8261857 0.5510289 0.1174075 -0.7667288 -0.5984992 -0.232219 0.4672852 -0.41516 -0.7805683 -0.4003804 0.4573076 0.7940815 -0.9761317 0.128601 0.1750109 0.9992423 0.03237801 0.02159851 -0.2959496 -0.7355814 -0.6093718 -0.9734917 -0.1090323 0.2010622 0.456983 -0.7643139 -0.4549625 0.8843331 -0.1440654 -0.4440725 -0.1622498 -0.9088621 0.3842458 -0.8859038 -0.3094069 0.3456036 -0.7021519 0.6481143 0.29484 0.2299811 0.9145055 -0.332849 -0.4934877 -0.6911234 0.5280326 0.4809297 0.6709403 -0.5643985 0.8233143 -0.4503844 -0.3454092 -0.6426476 -0.4499627 0.620111 0.01441794 0.995303 -0.09572976 -0.04746145 0.8388159 0.5423425 -0.200103 0.9389016 -0.2800407 -0.001744508 -0.2253286 0.9742813 -0.135807 -0.9331121 0.3329541 -0.05087798 -0.8330084 -0.5509161 0.02605408 0.08857399 -0.9957288 0.1959989 0.7073032 -0.6791956 0.06704109 -0.8902385 -0.4505343 -0.1807225 0.1269359 0.9753085 0.2296503 0.7095916 -0.6661385 -0.6935427 0.3323771 0.6391589 -0.06910717 0.1360085 0.9882945 0.9432013 -0.1623169 0.28987 0.9983538 -0.003074467 -0.0572738 -0.9999957 -0.002896308 -4.08652e-4 -0.1028365 -0.1376179 -0.9851325 -0.1424488 -0.0154094 -0.9896822 -0.142798 -0.255138 -0.9563019 -0.6916484 -0.1503078 0.7064206 0.9421064 0.241301 0.2328289 -0.2911313 -0.8711901 0.3953106 -0.1450046 -0.9580866 -0.2470703 -0.04503405 0.2878336 0.9566211 -0.1233401 -0.5964306 -0.7931316 0.2400674 0.5134947 -0.823827 0.3201788 0.7080942 -0.6293554 0.2884896 0.7147723 -0.6370826 -0.1249624 -0.293307 0.9478161 0.1615184 0.8598973 0.4842403 -0.3787414 -0.7629757 -0.5238541 0.3579181 0.6941614 -0.6245276 0.3492066 0.3488841 0.869675 -0.3629714 -0.8036609 0.4715727 -0.06744199 -0.5382109 0.8401076 -0.4858924 -0.3918568 -0.7812534 0.5544672 0.8261995 -0.09980249 -0.3583216 0.3350604 -0.8714013 0.4659876 -0.7392961 0.4861037 0.5955141 -0.2835775 0.7516295 -0.3249292 -0.8082513 -0.4910714 0.3443497 0.8312024 0.4364927 -0.5366247 0.6765803 -0.5042549 -0.306774 0.887443 -0.3439982 0.5442151 0.7170383 0.4355297 -0.6794036 0.1977988 -0.7066021 0.2049219 -0.8560402 0.4745547 0.05746299 -0.9682971 0.2431025 -0.7062153 0.05023628 -0.7062128 0.4503282 0.8566552 0.2516873 -0.6484466 -0.6226393 0.4379925 -0.5260261 0.8358769 0.1568642 -0.1770851 0.9742123 0.1398258 0.8339253 -0.05677735 -0.548949 -0.3078832 -0.8931171 0.327948 0.7607595 -0.2379088 -0.6038579 -0.8401563 -0.1451529 0.5225592 0.6274942 -0.7664058 -0.1373798 0.2626726 0.8652123 -0.4270958 -0.1442429 -0.901709 0.407572 -0.7088513 0.6842001 0.1714649 0.8798764 0.2546134 -0.401235 -0.821901 -0.1878229 -0.5377746 -0.6771056 -0.1949509 -0.7095929 -0.1580845 0.04593348 0.9863567 0.08635222 0.03641909 0.9955989 0.8464652 0.1592052 -0.5080852 -0.9637064 -0.2546022 -0.0802983 0.759041 0.01372587 0.6508982 -0.5537759 0.2291566 -0.8005121 -0.1588045 -0.3578598 0.9201726 0.7928761 0.02587056 -0.6088336 -0.744846 0.6515192 -0.1439697 -0.8034002 0.4714598 -0.3636949 0.7711542 -0.1750965 -0.6120968 0.1267456 -0.5577495 0.820275 0.3678576 0.7760365 0.512297 -0.2546434 -0.1716567 0.9516779 -0.3976165 -0.7732252 0.4939877 -0.2433176 -0.5407861 -0.8052 0.1295288 -0.05846929 -0.9898504 0.5635096 -0.136868 -0.8146926 -0.2725099 -0.702849 -0.6570706 0.7098772 0.6588995 -0.2488493 -0.03831368 0.6686669 0.7425743 0.5539957 0.8295975 -0.06969082 -0.510972 -0.8521195 -0.1131375 -0.6130903 -0.2046512 0.7630453 -0.5240458 0.240548 0.8170145 -0.1501742 -0.9384922 -0.3109345 0.2742283 0.9524998 0.1324502 -0.6428543 -0.3336517 0.6895034 0.6503504 -0.01969128 -0.7593792 0.4205674 -0.7081638 -0.5671218 0.2664171 0.951235 0.1554796 -0.3950087 0.7296862 -0.5581454 0.7664641 0.3908484 -0.5096766 -0.9490103 0.1910638 -0.2507473 -0.5278444 -0.6738321 0.5170403 -0.9851519 0.01666271 -0.1708746 0.9920859 0.06729435 0.1060044 0.5453844 -0.6136472 0.5709579 0.112828 -0.8152406 0.5680252 0.4869019 0.8133781 -0.3183436 -0.5820428 -0.7405922 0.3357819 0.7804153 0.6246917 0.02669221 -0.7164332 0.5795851 -0.3883358 0.5686435 0.07808911 -0.8188693 -0.0519436 -0.443966 -0.8945368 0.7111654 0.6444446 -0.2809536 0.196983 0.5811821 0.7895728 0.6863378 0.7265019 -0.03369861 -0.07554745 -0.6705375 -0.7380191 -0.6883109 -0.7179462 0.1038333 -0.4657519 -0.8846557 0.02143704 -0.5808686 -0.2833368 0.7630937 0.02113801 0.7255485 0.6878464 0.1651684 -0.7546117 -0.6350439 0.5099983 0.8590762 -0.04347348 0.6644075 -0.1273439 -0.7364417 -0.6009536 -0.1110589 0.7915306 -0.2128757 0.755405 0.6197157 -0.2570069 -0.9661983 0.02020782 0.4542193 -0.7568524 -0.4699569 0.545589 0.7992787 -0.2519648 0.3683334 0.9265488 0.07640624 -0.617214 -0.7147279 -0.3289545 -0.8455237 0.1033486 -0.5238404 -0.470928 -0.7623782 -0.4438539 0.7961358 0.3748048 0.4750677 0.8035358 -0.2045829 0.5589957 0.4488303 0.7277535 0.518581 -0.6758681 0.6721382 -0.3023782 0.3009015 -0.9140912 0.2718372 0.3289551 -0.9406799 0.08312731 0.5560497 -0.645722 0.5233088 0.3042246 0.9455071 0.1160342 0.3428689 0.2882816 0.8940552 -0.4269415 -0.2032413 0.8811435 0.2785189 0.5237787 0.8050361 -0.1004887 -0.3473376 -0.9323404 0.2467941 0.249487 -0.9364022 0.7125939 0.6386922 -0.2903138 -0.6155438 -0.2543393 0.745934 -0.7870293 -0.6160786 -0.03212982 0.8747972 0.4796028 -0.06863749 -0.5663077 -0.1583277 -0.8088437 -0.9953018 0.01364356 -0.09585595 0.5674473 -0.2431231 0.7866986 0.9627757 -0.2703018 -1.60209e-4 0.2351739 -0.03730094 -0.9712374 0.6294149 -0.7446686 -0.2220491 0.4112996 -0.4497482 0.7928172 -0.3658497 0.5655697 -0.739111 -0.605332 0.5663058 -0.5593488 -0.4738485 0.8548731 0.2113285 -0.5115849 0.8332202 0.2098212 -0.699356 0.6867963 0.1980209 -0.3066301 0.4535919 -0.8367989 0.6138456 -0.7418695 -0.2698581 0.7938228 -0.5593567 0.2386744 0.4579518 -0.6017836 0.6543215 -0.05841928 -0.1364141 0.9889279 -0.7057406 0.4788869 0.5221087 0.754466 -0.4744335 0.453535 0.09118556 0.2743782 -0.9572888 0.4617462 -0.1921443 -0.8659509 -0.1274181 0.4909362 0.8618273 -0.2143428 -0.4382218 0.8729369 0.04842972 0.9368768 0.3462895 -0.3417243 -0.4854134 0.804735 -0.2674758 -0.9633378 -0.02090328 0.207565 0.9776639 0.03301531 0.2692461 0.4468491 -0.853131 0.00368911 -0.5190458 -0.8547385 0.06940412 -0.8327077 -0.5493462 0.3062075 0.4302975 -0.8491649 -0.1818127 -0.9787933 -0.09438097 -0.1473916 -0.3079704 -0.9399096 0.201717 0.4850623 -0.8508965 -0.3472654 0.5387182 -0.7675868 0.1790643 -0.6216238 0.7625745 -0.0357635 -0.9966987 -0.07288795 -0.01428765 -0.4973493 0.8674328 -0.2688407 -0.5003185 -0.8230469 -0.332803 0.4118844 -0.8482887 0.2755193 0.9608538 -0.02913731 -0.1676339 0.9858474 -0.001975297 -0.4546824 -0.7625173 -0.4602517 0.007006525 -0.670671 0.7417219 0.3479493 0.4028468 0.8465493 0.6477604 0.682224 0.3390825 -0.3332187 0.4303371 -0.8389132 0.7241387 0.5181206 0.4551638 -0.4583035 0.3524413 -0.8159308 -0.7032192 -0.6978019 -0.1362184 -0.814913 0.1601538 -0.5570169 -0.01247227 0.7191493 -0.6947437 -0.8073518 -0.05474132 -0.5875257 -0.07027518 0.7839449 -0.6168403 -0.9673698 0.02139967 -0.2524633 -0.8396913 -0.542905 0.0131433 -0.6427123 -0.527014 0.5560371 -0.2365615 -0.770192 0.5923202 0.6544083 0.5674552 -0.4997442 0.8256143 0.5557695 -0.09737306 0.8724125 -0.4824398 -0.07841295 -0.005624532 -0.5200247 0.8541328 -0.4036304 0.04387557 0.9138695 -0.8209359 0.4782928 -0.3119298 0.5105003 -0.3018562 0.8051536 -0.7358735 0.6756415 0.04470729 0.5142313 -0.1181005 -0.8494812 -0.9124026 0.01822727 0.4088879 -0.9920122 -0.1251896 -0.01547753 0.1099527 0.2537727 0.9609942 0.3529667 0.2620892 0.8981781 0.9922471 0.1238232 0.0106666 0.9838476 0.140553 0.1108555 -0.5999749 -0.1505588 -0.785724 0.7333469 0.2405673 -0.6358693 0.2087318 -0.2120664 -0.9547036 0.4289846 0.2642905 0.8637841 0.01231169 0.2321212 -0.9726091 -0.7822772 -0.6225589 -0.0215165 0.349648 -0.07562047 0.9338243 0.5365934 0.7465918 -0.3932789 0.4304406 0.8682243 -0.2467946 0.01498401 -0.3653658 0.9307434 -0.7026338 -0.455379 -0.5467502 -0.5271752 -0.158294 0.8348828 -0.9317052 -0.1241126 -0.3413527 0.2353019 -0.1184666 0.9646755 0.593479 -0.07124483 0.80169 0.8394078 0.1443287 -0.5239884 -0.4244827 0.1890142 -0.8854874 0.7735252 0.1584763 -0.6136319 -0.9998883 0.01457029 0.003375291 -0.8656002 0.01370948 0.5005481 0.7912125 -0.08413606 0.6057261 0.4086855 0.805725 0.4286997 0.7252151 -0.4641906 0.5085176 0.4585717 -0.8660898 0.1989992 -0.2014386 0.9688995 0.143723 -0.8351098 -0.02511817 -0.5495095 -0.7073349 -0.4453175 -0.5489715 0.6551258 -0.7500044 -0.09112417 0.5985237 -0.2648336 0.7560638 -0.09140133 0.3904707 0.916067 0.2155201 -0.3401192 -0.9153525 -0.5703682 0.3059515 -0.762282 -0.5437037 0.809253 0.2224766 -0.837496 0.190364 0.5122129 -0.5396978 0.841279 0.03124213 -0.3236405 0.9461777 -0.002158582 0.368113 -0.9161964 0.1583573 -0.4174168 -0.7574786 0.5019854 0.3685426 -0.928229 0.05066978 -0.856432 0.4182393 0.302655 -0.3930587 -0.7931499 0.4652079 0.3189526 -0.9318155 0.173174 0.93067 -0.1900719 -0.3126118 0.6519667 0.6087774 -0.4520283 0.9255532 0.2278679 -0.3023699 -0.6350116 -0.7638662 -0.115191 -0.7664807 0.5247313 0.3703573 0.2410302 -0.8647248 -0.4406311 -0.2045085 0.9703114 -0.1291206 0.1979738 0.8958219 0.3978813 -0.8884887 0.1086061 0.4458616 0.8377594 0.5402601 0.07923513 -0.1714376 0.785778 0.5942745 0.5846832 -0.6325528 -0.5079593 -0.8682577 -0.379953 0.3190053 -0.6242149 -0.7590439 -0.1849548 0.3021066 0.9021393 0.3080205 -0.8401092 0.1693253 -0.5153111 -0.2049883 0.2109226 -0.9557675 -0.7324755 -0.2306235 0.6405408 -0.118823 -0.2594229 0.9584262 0.4129098 -0.2012287 0.8882638 0.5987493 0.3069843 -0.7397702 0.8741514 0.3050965 -0.3778567 0.9392828 -0.05122005 0.3392999 -0.6397574 0.1987898 -0.7424238 -0.07790642 -0.2510135 0.9648435 0.56317 0.07949501 0.8225085 0.7597562 -0.4956945 0.4207823 0.7713093 -0.636355 0.01159191 -0.2846164 0.7054732 0.6490771 -0.7075095 -0.3283726 -0.6257811 -0.6243449 0.7179862 0.3077164 -0.7016442 -0.06120616 -0.7098938 0.1209216 -0.7126951 -0.690973 0.3807181 -0.6222687 0.683985 -0.5110232 0.3506738 0.7847824 -0.6044677 0.7300768 0.3187581 -0.372882 0.5169563 -0.7705292 0.6129419 -0.5975255 -0.5169773 0.7739315 -0.4621295 0.4329738 0.4108238 0.1889359 -0.8919233 0.832179 -0.04862213 0.5523715 0.7042467 -0.1962257 0.6822991 -0.9034497 -0.2489956 0.3489699 -0.7701599 0.1388887 -0.6225461 -0.955219 -0.2711388 0.1184926 0.1274877 -0.5695945 0.8119786 0.9655943 0.2545138 -0.05339115 -0.8895201 0.1456526 -0.4330581 0.6580113 0.4182109 -0.6261954 -0.8878415 -0.1133978 0.4459581 0.6539941 -0.7559769 0.02811884 -0.03750795 0.7650449 -0.6428837 -0.5517699 0.8301006 0.08051699 -0.05804681 -0.8408412 0.5381605 0.8441289 0.02396434 -0.5356045 -0.6651321 0.7461221 -0.03001993 0.8957562 0.1114056 -0.4303597 -0.1027498 -0.8015969 0.5889695 -0.7033525 0.6779412 -0.2137546 0.8847455 0.3175293 -0.3411753 -0.1507191 -0.8342167 0.5304396 -0.8408184 0.5294427 -0.1127614 0.1263164 -0.3281491 0.9361423 0.1175455 -0.06005555 0.99125 -0.1007308 0.9680953 -0.229445 -0.2311536 0.8182258 -0.5263788 0.06216216 -0.8786664 -0.4733723 0.3365078 0.9345377 0.1157659 -0.3881829 -0.8664146 -0.3140698 0.09519964 -0.8807118 0.4639868 -0.02526593 0.2017452 -0.9791122 -0.07699453 0.8094596 0.5821057 0.369163 0.7054217 -0.6050611 0.4614009 -0.1141533 -0.8798172 -0.2511531 -0.8706339 0.4229882 -0.3485258 -0.8753888 0.334999 -0.02083289 -0.9528281 0.3027945 0.6219031 -0.410507 -0.6668738 -0.7389968 0.3893712 0.5497944 0.09174555 0.7818003 -0.6167424 -0.4628261 0.7562792 0.4624216 0.1370481 -0.8446021 0.5175569 0.7800278 -0.6030346 -0.1670513 -0.6247756 -0.04796326 0.7793299 -0.1360403 0.8391975 -0.5265365 0.7300115 -0.1942485 0.6552486 0.1599488 0.02387923 0.9868366 -0.9018335 0.3023006 0.3087247 -0.8097731 0.1991633 -0.5519071 0.8167002 -0.2545099 -0.5179049 -0.4648044 0.09994548 0.8797544 0.9179286 -0.08965772 0.3864823 -0.2026836 0.009020864 -0.9792028 0.4565944 0.03462249 -0.8890011 -0.6975941 -0.07754051 0.712285 -0.7349893 -0.03107661 0.6773662 -0.2481801 0.2278589 -0.9415344 0.9122664 -0.05089563 0.4064231 -0.8629796 0.4999967 0.07259273 0.9116113 0.2529802 0.3239844 -0.837729 0.5126325 0.1881973 -0.329766 -0.700956 -0.6323884 0.9334902 -0.3537274 0.05893123 -0.1253631 -0.7580519 -0.6400325 0.9000761 0.03562104 0.4342746 -0.8991727 -0.1302787 -0.4177513 -0.2466621 0.9173541 0.3124408 0.2768065 -0.9100676 -0.3084722 -0.4202883 0.9043275 0.07449442 0.8983104 -0.09656149 0.4286191 -0.5030387 -0.7853213 -0.3608636 0.1106822 0.1486018 -0.9826835 0.5803171 0.7816379 -0.2286359 0.4853836 0.5623702 0.6694344 -0.1051696 -0.2411397 0.9647752 -0.2103777 0.09581327 -0.9729137 -0.557589 -0.688107 -0.4643311 -0.6924164 -0.6892969 0.2131413 0.5325608 0.1932647 0.8240315 0.7006198 0.4201384 0.5767285 -0.5782717 -0.6835927 0.4453122 -0.6794553 -0.6766756 -0.2836381 -0.1659805 0.6364344 0.7532608 -0.1360986 0.5967908 0.7907706 0.8705374 0.3759216 -0.3175653 -0.0922808 -0.7380377 -0.6684195 0.8327046 0.1859375 -0.5215653 0.4203652 0.7854887 0.4542032 -0.8754195 -0.1731606 0.4512829 0.7354912 -0.2541718 -0.628052 0.2448383 -0.6551952 -0.7146841 -0.801869 -0.3283982 0.49916 -0.1975662 0.3684836 0.9083984 0.2934296 0.9221289 0.2521456 -0.1126431 -0.977856 0.1763783 0.6828724 0.3452433 -0.6438109 0.0113638 0.4993073 -0.8663504 0.2221575 -0.9512607 -0.2138909 -0.3486675 0.3376619 0.8743087 -0.01048535 0.6727653 -0.7397817 0.03776377 0.548187 -0.8355028 0.3321428 -0.9430574 -0.01799708 0.01845675 -0.773648 0.6333468 0.5096434 -0.3237881 -0.7971355 -0.5330229 0.3873962 0.7522039 0.2066607 0.4670261 -0.8597546 0.5607275 -0.8261817 0.05484998 -0.6828091 0.2029922 0.7018304 0.4471678 -0.8434659 0.2976682 -0.7276142 0.420013 0.5423713 0.3055591 0.489556 -0.8166815 0.525698 0.6762884 0.5160191 0.7559606 -0.5105797 0.4096732 -0.05768877 0.9932553 0.1005787 0.4737384 -0.7847926 0.3995906 -0.1580164 -0.9598373 -0.2318261 -0.6625159 0.5678736 -0.4884592 -0.6358336 -0.4088174 -0.6546632 -0.5136269 0.6651324 -0.5420206 -0.07230436 0.9378319 -0.3394752 0.8815489 -0.1410233 0.4505375 -0.5826707 -0.8102889 0.06266397 -0.9889042 0.03176623 0.1451186 0.8883776 -0.296831 -0.3502523 -0.3092672 -0.7609273 0.5703888 0.6273626 -0.7760455 0.06457322 0.382885 0.7370565 -0.5569083 -0.8989818 0.04544848 0.4356219 -0.3413565 -0.7756924 0.5308271 -0.6726909 0.7354802 -0.08096867 -0.439873 -0.6664474 -0.6019631 -0.9295908 0.3174242 -0.1873582 -0.3738864 0.8707638 0.3193422 0.7536725 0.5892249 0.2911905 0.9361833 -0.2470673 0.2500372 0.9498867 -0.1962626 0.2433029 0.1001425 -0.8940291 -0.4366734 -0.9488804 0.247915 -0.1953566 -0.5149585 0.7627165 0.391256 -0.7330785 -0.6798657 -0.01946157 -0.5100112 0.6395956 0.5751574 0.9385599 -0.1102062 -0.3270474 0.2794278 -0.8625317 -0.4218522 0.7983071 0.0886777 -0.5956863 -0.2014481 -0.9762647 0.07953709 0.2143075 0.9363455 -0.2780818 -0.517959 0.6655554 0.5373589 0.697966 -0.6766095 -0.2346125 0.6216966 -0.7754393 -0.1103957 -0.7567074 -0.345705 0.5548712 -0.8927153 -0.09392666 0.4407238 0.1956659 0.9468089 -0.255476 0.05715942 -0.8531504 0.5185244 -0.1057309 -0.9181433 -0.3818819 0.2438649 -0.7599004 0.6025623 -0.3950931 -0.7403675 -0.5438359 -0.2401316 0.1976962 -0.9503962 -0.613314 0.07336664 -0.7864245 0.1215147 0.6500779 -0.7500886 -0.3559485 -0.7625869 0.5401499 0.2319744 0.9221253 0.3096333 0.5511536 -0.5837777 0.5961824 -0.9814134 -0.1809906 0.0637995 -0.3392986 -0.501673 0.7957392 0.9973738 -0.01410233 -0.07104086 -0.5175582 0.6388992 -0.5691586 -0.08114266 0.7828006 0.6169596 0.3732056 -0.6721645 0.6394627 -0.1490745 0.9424375 0.2993132 0.1945006 -0.7121124 0.6745854 0.1211036 -0.9050485 -0.4077025 -0.2108613 0.092372 -0.9731418 0.2492319 0.8334988 0.4931157 -0.001840949 -0.6927801 0.7211466 -0.3400107 -0.1699333 -0.9249408 -0.2001482 -0.9148011 -0.3508274 0.1907114 0.9560012 0.2229146 0.03236293 -0.005986809 0.9994583 -0.5021123 0.6212323 0.6016259 -0.6959413 0.5275222 -0.487223 -0.1302844 0.0870167 -0.9876509 0.7445441 -0.5829803 0.3252508 0.5581443 -0.6499728 -0.515762 -0.09866786 -0.9746033 -0.20103 -0.8374443 -0.3930916 0.3796922 -0.610817 0.627873 0.4823673 0.8456616 0.3652029 -0.3892088 0.8203572 0.3160805 -0.4765579 -0.4398853 0.7631899 0.4733308 -0.7234546 0.5954754 0.3493172 0.6141711 -0.736072 -0.284591 -0.1489403 -0.9875606 -0.05040627 0.1989366 -0.9224366 -0.3309607 0.7403283 0.603136 -0.2968857 -0.09653687 -0.9952872 -0.009172201 0.9262105 -0.3214254 -0.1970278 0.5101914 0.851655 -0.1199527 0.538746 0.8416927 -0.03614205 0.4694536 -0.7929411 -0.3884041 -0.8285074 -0.4544032 0.3272508 -0.8510634 0.4506666 0.2694265 -0.2902758 0.5731508 0.7663148 -0.4760772 -0.8731001 -0.1051042 0.7589605 0.5358627 -0.3699057 -0.6479551 -0.6811818 0.3408015 0.456938 0.6850496 0.5673754 0.3030138 -0.1969022 -0.9324228 -0.04805791 -0.03036177 0.9983831 -0.4687873 -0.5917875 0.6557638 0.6476652 0.6965844 0.3087071 -0.6568413 -0.588659 -0.4712113 0.5836122 0.5617921 -0.5863333 -0.1703433 0.104456 -0.9798328 -0.1987771 0.195001 -0.9604491 0.929929 0.3495436 -0.1142424 0.9071938 -0.07971322 -0.4130921 0.6935638 -0.698411 -0.1766108 0.04157978 -0.3842993 0.9222717 -0.6090537 -0.3560727 0.7087072 -0.6076966 0.1048604 0.7872161 -0.596993 0.7943066 0.1125895 0.4200553 0.7383062 -0.5276907 0.05313587 0.6396266 -0.7668471 0.3453177 -0.9316598 -0.1129858 -0.9035253 -0.2267927 0.3636032 0.2123517 0.919084 0.3319508 0.5487251 0.8349218 0.04250282 0.5174891 -0.6382065 -0.5699979 0.3007763 -0.7776591 -0.5520688 -0.8564229 -0.2921603 0.425655 -0.8582459 -0.4155825 0.3011733 0.2195652 -0.953948 -0.2043883 0.8254329 -0.2076334 -0.5249277 0.04708629 0.99562 0.08077067 0.8159233 -0.4488583 -0.3644111 -0.7501324 -0.5206917 0.4076538 -0.05566984 0.9958633 0.07181501 0.1288043 -0.5482782 0.8263175 -0.5330204 -0.6808863 0.502278 0.9519717 0.192725 0.2379224 -0.9693246 -0.2397125 0.05429375 0.9544084 0.2857071 -0.08646535 -0.2544495 0.5322331 -0.8074549 -0.3244555 0.4081408 -0.8533169 0.8357601 0.355919 -0.4181228 0.2053001 -0.6048964 0.7693843 -0.4358769 -0.7956572 0.4206438 -0.7921394 -0.2100746 -0.5730479 0.4141236 -0.6069924 0.6782786 0.8107528 0.4329422 0.3940063 -0.8036597 -0.3211924 0.5009656 -0.7188646 -0.5019301 -0.4809365 0.01135611 -0.009676754 0.9998888 0.8042668 0.32358 -0.4984489 0.723721 0.504023 0.471369 -0.01346981 0.007022082 -0.9998847 -0.6312708 0.6826875 0.3680148 0.9093544 -0.3589949 -0.2102317 0.9520717 -0.1573568 0.2622946 -0.4543018 -0.5622059 -0.6910387 -0.3238286 -0.5857951 -0.742953 -0.2732617 0.6973183 0.6626276 -0.941343 -0.3374346 0.003373086 -0.989393 -0.00224322 -0.1452462 0.6477586 -0.5622355 -0.5141013 -0.1928296 -0.7408233 -0.6434265 -0.7520078 0.3356627 0.5672874 0.1880031 0.8839428 0.4281355 0.858983 0.5101207 0.04387634 -0.04540693 -0.8974312 -0.4388117 0.4120444 0.3215246 0.8525499 -0.4174077 -0.339403 0.842957 0.3156711 0.3754892 0.8714125 0.7218345 0.6848597 -0.0996105 -0.3692758 -0.2921538 -0.8822028 0.3154683 0.4042745 -0.8585115 0.3650209 0.334655 -0.8687726 -0.3761522 -0.3947834 0.8382455 -0.8362352 -0.5482026 0.01358133 0.3674064 0.1237664 0.9217888 -0.7168015 -0.1807158 -0.6734519 -0.4714443 -0.2242454 -0.8529093 0.9559869 0.2514728 -0.1511642 0.5573566 0.04496127 0.829055 -0.6080572 0.112416 0.7858939 -0.4763258 -0.06537199 0.8768354 -0.514013 0.02234905 -0.8574913 0.3387547 0.1246725 -0.9325782 -0.9908215 0.1320145 0.02906948 -0.9978422 0.006523549 0.06533306 -0.1861588 0.266408 -0.9457123 0.4865785 -0.03176772 -0.8730592 0.4857767 0.2121611 -0.8479438 0.5864892 0.02570122 0.8095493 -0.3058449 -0.2744641 0.9116625 -0.285385 -0.7409382 0.6079195 -0.9983776 -0.05317425 -0.02036446 0.9717481 0.2293096 -0.05588227 0.710617 0.3833894 0.5899459 -0.7326432 -0.4172689 -0.5376994 0.2455004 -0.5070272 0.8262283 0.2775193 0.7304753 -0.6240104 0.2550424 0.9222 -0.29069 -0.1905739 0.6667695 -0.7204861 0.6144721 0.259573 0.745014 -0.05704885 -0.9955764 0.07465392 -0.5240124 -0.516968 -0.6768715 -0.5095601 -0.04909253 -0.8590335 0.2926687 -0.6978685 0.6537008 -0.266439 -0.9507536 0.1583604 -0.7137982 -0.3931686 -0.5795781 -0.5626938 0.2846444 -0.7761142 0.7082126 0.446232 0.5470941 -0.1656438 -0.8967388 0.4103924 0.1815897 0.933045 -0.3105677 0.04973763 0.963546 -0.2628793 0.7199136 -0.1307219 0.6816422 -0.7772538 -0.6291645 0.005368232 -0.05349391 0.9093506 -0.4125772 -0.5297111 0.5277371 -0.6640028 -0.8109346 -0.4508039 -0.3730432 -0.9846712 -0.1722789 -0.02725243 -0.4726744 0.3304981 -0.8169149 -0.3546437 0.1770113 -0.918093 0.4998946 -0.1910663 0.844748 -0.4543659 -0.3438009 0.8217985 0.5734008 -0.06425929 0.8167511 0.3321041 0.3780916 -0.8641492 0.9605617 0.2727437 -0.05414849 0.904692 0.2819638 -0.3194196 -0.9824956 -0.1742714 -0.06581765 0.2075259 -0.3436939 0.9158644 0.7260486 0.5060113 -0.4656245 0.131405 0.8364142 0.5321129 0.8435537 0.2287682 0.485883 -0.4917926 0.8456816 0.2072744 0.7750813 0.09987574 0.6239183 0.7140756 -0.6960743 0.0746774 -0.6122252 0.7849428 0.09510636 -0.8342294 -0.2070627 -0.5110642 -0.03778016 -0.894332 -0.445806 0.2949066 -0.8868529 -0.3556996 -0.8204945 -0.264115 -0.5069833 -0.5011159 0.8649681 0.02670371 0.1083957 -0.9911625 -0.07646906 -0.8239204 -0.5661886 0.02420037 0.7159291 -0.6401934 0.2785641 -0.7497355 -0.4571568 0.4784396 -0.8868267 0.4413058 0.1370682 -0.3073674 0.7752767 -0.5517894 0.6130003 0.5438561 -0.5731067 0.3936409 -0.6523281 0.6476997 -0.4028844 0.164627 -0.9003233 0.5128826 -0.572334 -0.6398322 -0.7850569 0.5448337 -0.2946899 -0.3418392 0.2869173 0.8948881 -0.8731014 0.4875097 0.005319595 0.8995451 -0.4361553 -0.02423387 0.5134977 -0.1784819 0.8393237 0.1433653 -0.03310501 0.989116 0.4417108 -0.2525122 -0.8608886 0.7778792 -0.07752704 0.6236133 0.1440208 0.03230273 -0.9890474 -0.8723233 0.3672274 0.3227943 0.3265967 0.1263954 0.9366744 0.6387741 -0.6129 0.4651035 0.4279425 -0.6486291 -0.6294009 -0.2963528 -0.2526882 -0.9210449 -0.7050532 0.5834332 -0.4031203 0.6073666 -0.5989047 0.5219378 0.6567836 -0.6707828 -0.3445081 0.05234473 0.3324533 0.941666 -0.4602011 0.816761 0.3480182 -0.1189733 -0.2633021 -0.9573493 -0.7170736 0.5526519 -0.4247133 0.07118302 0.2852516 0.9558058 0.6611444 -0.1485219 -0.7354111 0.429788 -0.8245408 -0.3679873 -0.8531339 0.202333 0.4808576 -0.5445507 0.1409221 0.8268044 0.178074 -0.01064574 0.9839596 0.9337003 -0.3071163 0.1840743 -0.05379223 -0.0451104 -0.9975327 -0.5728116 0.5499973 -0.6077746 -0.8627133 0.5033841 0.04827332 0.8707651 -0.476383 -0.1217679 0.3378623 -0.8312336 -0.4414745 0.2768852 -0.76186 0.5855801 0.373487 0.1181802 0.9200767 -0.01221698 0.966735 0.255488 -0.5768104 -0.3968552 -0.7139999 0.6845059 0.3224352 0.6538251 0.2121719 -0.7720199 0.5991398 -0.6977872 0.006820619 -0.7162726 -0.04175579 0.9019067 -0.4299078 0.3568685 0.8728603 0.3328062 0.4402463 0.8972582 -0.03333008 0.7121925 0.4515703 0.5374627 0.196456 -0.829159 0.5233549 0.3931905 -0.5783633 0.7147707 -0.691985 -0.4133818 -0.5918381 -0.1241421 0.9258623 -0.3568864 -0.1202473 0.8639754 -0.4889655 -0.09995949 -0.9716647 0.2141867 0.4478355 -0.7180671 0.5327505 -0.7974693 0.01700979 -0.6031197 -0.8512345 -0.03763043 -0.5234348 0.9236 0.3392382 0.1785517 0.09593385 0.9867509 0.130842 -0.838568 -0.2836599 -0.4651246 -0.6692259 0.5781275 0.4668033 0.9023313 -0.2446964 -0.3548547 -0.6935306 -0.6022065 -0.3954272 -0.1209177 0.5977578 0.7925053 -0.003940939 -0.5330408 0.8460805 -0.583216 -0.7856211 -0.2065398 0.5606703 0.1213992 0.8190917 0.1762067 0.5741485 -0.7995654 0.3893224 0.8019345 -0.4531327 -0.5367132 -0.1736154 -0.8257098 0.5943588 0.3725051 0.7127255 -0.5112018 -0.8398356 0.1826169 -0.3006504 0.483708 -0.8219708 0.5392952 0.7612103 0.3601661 0.5026459 -0.8644915 0.001369893 -0.5639303 0.8133156 -0.1431797 -0.7861865 0.2214763 -0.5769393 0.7878884 -0.3717749 0.4909331 0.09929209 0.8771075 0.4699187 0.6852127 -0.489705 0.5391406 -0.694448 -0.4818222 -0.5344058 -0.04134207 -0.9013087 -0.4312002 -0.07911616 0.9773575 0.1962472 0.05018025 -0.7794366 0.6244683 -0.4318729 0.2057427 0.8781548 -0.4838356 0.8257961 0.2897652 -0.1423938 0.7181035 -0.6812132 0.4812573 -0.7142465 -0.5081765 0.4906594 -0.8014888 0.3418614 0.5341017 -0.1256693 -0.8360279 -0.5877336 -0.1478934 0.7954225 -0.482963 0.6739689 -0.5590283 0.7499219 -0.5542148 0.3611968 -0.3724804 0.4335453 -0.8205467 0.9700863 -0.09836572 -0.2219386 0.9700673 0.07043504 -0.2323968 -0.3501684 -0.3492304 0.8691492 -0.7131355 0.4299173 -0.5537228 0.07192718 -0.006398975 0.9973894 0.7506697 -0.08191287 0.6555801 -0.9279227 0.2272557 0.2954897 0.9242283 -0.3807633 -0.02865767 -0.9240697 0.3810506 -0.02992677 0.03943574 -0.04083442 -0.9983875 0.1540758 0.03733628 -0.9873534 0.06737381 -0.1755145 -0.9821688 -0.8141795 0.5042081 0.2878995 0.6017908 -0.4430968 0.6644645 0.757224 0.07469832 0.6488699 0.06575608 -0.04779565 0.9966904 -0.9120443 -0.2861242 0.2937828 -0.9237116 -0.381471 -0.03517019 0.9230483 0.3841368 -0.02051198 0.01153945 0.08085626 -0.996659 0.1455478 0.01703643 -0.9892045 0.0628376 0.2180582 -0.9739108 0.6232307 0.3974684 0.6735001 -0.8315213 -0.480734 0.2783293 -0.2424584 -0.3284832 0.9128597 -0.7724214 -0.6208925 -0.1336325 0.3740238 -0.06300395 0.9252766 0.0286709 0.8931056 0.4489324 -0.04690778 0.9727369 0.2271184 0.03743982 -0.7719498 0.63458 0.0374335 -0.8025686 0.5953842 -0.02960854 0.119081 -0.992443 0.06480503 -0.9732144 -0.2205768 -0.1051442 0.3294503 0.9383002 -0.1967836 -0.3384186 0.9201897 0.03341215 0.6426258 -0.7654514 0.7167187 -0.5936868 -0.3658556 -0.5098228 -0.07436805 0.8570591 -0.4116205 0.7531858 -0.5131078 -0.6686849 0.5427132 0.5082547 0.393446 -0.9038909 0.1678734 -0.3024781 -0.9531316 0.006874859 -0.8417155 -0.2431038 0.482095 -0.1738027 0.8699921 0.4614179 -0.3152632 -0.1680361 0.9340092 -0.2398315 -0.9244081 -0.2965648 0.3339668 -0.5310063 -0.7787802 0.03302758 0.9218783 0.3860695 -0.1316509 -0.936016 -0.326408 -0.3859097 -0.4696462 0.7940443 0.3887479 0.5011851 -0.7731032 0.1408255 0.1014721 -0.9848206 0.1217565 0.9925575 -0.002272188 0.3315268 0.9141686 0.2332077 0.2401378 -0.5859001 -0.7739863 -0.8756845 -0.4658188 -0.127239 -0.7333719 -0.6798226 0.002664268 0.4703782 0.1896888 0.8618369 -0.2599915 -0.06794506 -0.9632174 0.936233 -0.07854765 0.342488 0.6406119 0.3685874 -0.6736169 0.3833557 0.1967608 0.9023988 -0.718989 -0.07933843 0.6904783 0.8457693 -0.2332129 0.4798812 -0.121106 0.1816622 -0.9758751 0.03490322 0.009840607 0.9993423 0.9902912 0.01497644 -0.138199 -0.860132 0.1215099 0.4953871 -0.3076348 -0.02716112 0.9511169 0.9240232 -0.2588828 0.2813553 -0.9673622 -0.1943798 -0.1625639 -0.9970274 -0.0769664 0.003558754 0.1059253 0.11559 -0.9876329 -0.04958289 0.01099336 -0.9987095 0.6636168 -0.5616167 0.4941655 0.008051633 0.2143686 -0.9767197 -0.8163337 0.3925254 0.4237018 0.6736736 -0.3521729 0.6497216 -0.7371852 0.2186335 0.6393413 0.8681684 -0.4089482 0.2811497 -0.1882223 0.1907464 -0.9634252 -0.6476079 0.6236819 0.4377499 -0.05395686 0.06608504 -0.9963541 0.2128309 -0.4701858 0.8565211 -0.04441916 0.943415 0.3286261 -0.2118757 -0.0431227 -0.9763448 -0.07531076 -0.9424538 0.325744 0.104479 0.3492045 0.9312039 0.2261682 0.8141286 -0.5348296 0.5089042 0.7763702 0.3718414 -0.7181743 -0.2351025 0.6549447 -0.3113254 -0.7108431 -0.630697 0.1527238 -0.1482336 -0.9770888 0.8560749 0.3297452 -0.3980001 0.5300444 0.4383277 0.7258938 0.3575314 -0.3188813 -0.8777734 -0.9042908 -0.365769 0.2201618 0.2581248 -0.2275276 -0.9389371 0.1056604 -0.7880175 -0.6065183 -0.3482665 -0.7084807 0.6138123 -0.2918078 0.2197488 0.9308913 0.344079 0.7758056 -0.5289003 0.5229808 0.7690577 -0.3674797 -0.470378 -0.5899487 -0.6562814 0.722427 0.2230378 -0.6544872 -0.7690161 -0.4199967 -0.4818892 0.7365891 0.6311786 -0.2430027 0.1315144 0.1318426 0.9825078 0.1702994 0.4543527 -0.8743922 -0.3246142 -0.1240991 0.9376701 0.1975099 0.9628015 -0.1843994 -0.4184921 -0.7938914 0.441136 0.2944371 -0.7314124 -0.6150957 -0.2313356 -0.9431577 -0.2386153 0.4272345 0.7575233 0.4935881 0.9684041 -0.2040531 0.1433727 0.4523992 -0.8501272 -0.2694791 -0.6894603 -0.5020416 -0.5221099 -0.4015052 0.8456575 0.3516489 -0.8733971 0.2105575 -0.4391391 0.2698331 0.8142971 0.5139167 -0.2681025 -0.8438962 -0.4647154 -0.9887891 -0.01030105 -0.1489639 -0.5577313 0.7086743 0.4321071 0.9927687 0.1002385 0.06605082 0.02278375 -0.3240717 0.9457582 -0.7238598 -0.3835489 0.5735132 0.9590498 -0.08850789 0.2690538 -0.938187 0.1764207 -0.2977935 0.6356235 0.1815889 -0.7503387 -0.5093871 0.5771536 -0.6382935 0.4325502 -0.5540748 0.7112675 -0.75834 -0.08434373 0.6463797 -0.1627882 -0.5861023 0.7937155 -0.644597 0.7549976 -0.1203054 0.6625581 0.1661721 -0.7303448 -0.6180802 0.7852631 0.036592 0.7161592 -0.1537658 -0.6807879 0.0253117 -0.716368 0.6972634 -0.5953432 -0.411248 0.6902475 -0.8758518 0.2445033 0.4160552 0.443773 -0.8736525 0.1994913 -0.5614189 0.8257044 0.05496591 0.6006012 -0.7959946 -0.07530564 0.5511618 0.4898853 -0.6754503 0.4142187 0.548856 -0.7260715 0.7045207 -0.6103194 -0.3621614 -0.6149968 -0.4714295 0.6320864 0.1064162 0.3432925 0.9331805 0.848446 -0.1983686 0.4907031 0.7983303 -0.3457537 -0.4930752 -0.7911015 0.3480119 0.503037 -0.8402155 0.1853245 -0.5096005 -0.1360532 -0.331335 -0.9336523 0.247178 0.833864 0.493532 0.4810422 0.7264673 -0.4907584 -0.3750591 0.1801154 0.9093345 -0.2563676 -0.842957 -0.4729687 -0.4801633 -0.7441604 0.4644012 0.3795096 -0.1681728 -0.909775 0.07460182 0.05987465 0.9954144 -0.3820103 0.7839346 0.4894026 -0.6141792 0.614223 -0.4954938 0.6212702 -0.6237824 0.4742563 0.3860703 -0.78869 -0.4784534 -0.09466719 -0.03510689 -0.9948899 -0.3215467 -0.1073498 0.9407889 0.3032799 -0.2254385 0.9258503 -0.9208024 0.3431355 -0.1854212 0.9086289 -0.250297 -0.3342831 -0.7347747 0.3379824 -0.5881106 0.03964149 -0.2457063 0.9685334 -0.8881714 0.3010263 -0.3471813 -0.9924352 0.1187641 0.03110635 0.06207793 0.2219871 -0.9730715 0.9721995 -0.2327288 0.02579724 -0.1637929 0.05702137 -0.9848455 -0.1459138 -0.2245113 0.9634853 -0.7039924 0.6024228 -0.3761402 0.780407 -0.1869652 -0.596665 -0.2525393 -0.3001932 0.9198412 0.3966689 -0.9120312 0.1041769 -0.1514025 0.811616 -0.5642313 0.5349426 0.5276625 -0.6598551 -0.4635727 -0.674735 0.574311 -0.4883854 0.7772817 0.396627 0.5787398 0.5334953 -0.6168007 0.2129338 -0.9494543 0.2306421 0.5180319 -0.7698065 -0.372882 -0.7074431 0.5133649 0.4857786 0.373386 -0.7499385 0.5460542 -0.1616148 -0.1645494 0.9730387 -0.6831787 0.6182213 0.3886765 -0.1988693 0.5938231 -0.7796316 0.4152647 -0.1506626 -0.8971377 0.1499405 0.1196628 -0.9814268 0.7305922 -0.681676 0.03940641 -0.1897942 -0.283283 0.9400687 -0.7844167 0.2570731 0.5644501 -0.7523584 0.6576713 0.03775405 0.7896732 -0.2808215 0.5454868 0.7209306 -0.1634902 0.6734464 -0.7992953 0.2420664 0.5500282 -0.941392 0.1839353 0.2827527 0.01490807 0.1250187 -0.9920425 0.8517522 -0.3049001 0.4260919 0.06156891 -0.01980245 -0.9979064 -0.03771847 0.01160246 0.9992211 -0.6981486 -0.2858359 0.6564194 0.9052438 0.301508 0.2993773 -0.9715447 -0.2352913 -0.02718269 0.9722317 0.2333945 -0.01710641 -0.009396433 -0.02198386 -0.9997142 -0.1137915 -0.1350796 -0.9842789 -0.1542122 0.03041279 -0.9875696 0.9405905 0.1558723 0.301651 -0.7576563 -0.03915351 0.6514784 -0.6960046 -0.5576898 0.4522827 -0.6358314 0.129858 0.7608253 0.1099923 0.9701865 0.2159631 0.2433223 0.9660927 -0.08636778 -0.1985743 -0.9779728 0.06432425 0.6255429 -0.2444237 -0.7409138 0.5176426 -0.3313295 -0.788839 -0.6839665 0.1934711 0.703391 0.3620615 0.8406665 -0.4027298 -0.6774048 -0.3562701 0.6435794 -0.1637747 0.07236301 0.9838402 0.6816548 0.6675432 0.2995545 0.6626494 0.4792495 -0.5755135 -0.582417 -0.6870725 -0.4344213 -0.5884182 -0.7585065 0.2800571 0.5654647 0.8103923 0.1533427 0.1208806 -0.2958939 -0.9475414 0.4178824 -0.01698625 -0.9083423 -0.3290597 -0.9152883 0.2323083 -0.4503138 0.814548 0.3656902 -0.2899535 -0.9354946 0.201933 0.678596 -0.2948756 -0.6727228 0.6286751 0.7115858 -0.3137091 0.2586631 0.9560105 -0.1383382 -0.421815 0.7193058 0.5519704 0.6030919 0.7975727 -0.01256924 0.8185532 -0.2441998 -0.5199396 -0.5819686 -0.7707377 0.259376 -0.6568603 -0.750418 0.07353502 -0.5419675 0.6123437 0.5755923 -0.699542 -0.6901393 -0.1853344 -0.00941044 0.8005868 0.599143 0.7979976 0.5949553 0.09606331 0.8408907 -0.371523 -0.3935398 -0.8495773 -0.5255942 -0.04437625 0.4524446 0.6071842 0.6531625 0.0626173 0.04106497 0.9971925 -0.4547438 -0.8400177 0.2959366 -0.3489155 -0.9367566 -0.02729737 0.3487278 0.9370304 -0.01905322 -0.02394312 0.06691378 -0.9974715 0.0975815 0.1107918 -0.9890415 -0.08421975 0.1794463 -0.9801561 0.1113008 0.734233 0.669712 -0.1812291 -0.942218 0.2817472 0.9579226 0.2862139 -0.02158653 0.6617696 -0.09826892 -0.7432391 0.6841445 0.4434884 0.5790203 0.4538235 0.445966 0.7714652 -0.5248695 0.1400081 0.8395892 -0.4073866 -0.4692814 -0.783461 -0.9214226 -0.3823715 -0.06908434 -0.9593749 -0.2778511 0.04897743 -0.6458936 0.09479176 0.7575197 -0.3975985 -0.5970914 -0.6967046 -0.8504183 -0.5192568 0.08462375 -0.2501874 -0.7648304 -0.5936672 0.5459754 -0.2532547 -0.7986069 -0.6740096 0.0849201 0.7338254 0.559343 -0.3368138 -0.7574245 0.5829796 -0.4551874 -0.6730076 -0.07985311 -0.8546804 -0.5129767 0.7606145 0.6351118 -0.1345317 -0.6864284 0.1807571 0.7043742 0.2135936 0.8568919 0.4691631 0.0599417 0.9373739 0.3431288 0.7313109 0.6230946 -0.2773766 -0.6690449 -0.6707375 0.3201408 -0.7491166 -0.6095702 0.2593233 0.02275335 -0.9398943 -0.3407067 -0.3477329 -0.9309601 0.1113335 -0.300868 0.7661737 0.5678524 0.8485525 0.1772769 -0.4985293 0.6927095 -0.5782462 0.4310278 0.3752626 -0.9254151 0.0527727 0.7207897 0.3293612 0.6099045 -0.7853805 0.3302149 -0.5235798 -0.04824727 0.9829813 -0.177257 -0.1724358 0.9795383 0.1037821 0.8564184 0.5148779 0.03806006 -0.05960154 -0.7993017 0.597967 -0.07552516 -0.9903275 0.1163941 0.8660831 -0.4754415 0.1544528 0.05362421 0.8428094 -0.5355342 -0.887946 -0.211703 0.4083305 -0.8411483 -0.4958869 0.2157911 -0.04592174 -0.8474753 0.5288448 0.8673427 0.3867866 -0.3132297 0.8709775 0.329373 -0.3645707 -0.7932963 0.5955314 -0.1265843 0.009380817 0.9411274 -0.3379219 -0.8920501 -0.3081853 0.3305581 -0.3544457 0.9256963 -0.1321167 -0.80216 0.5970243 0.01007151 -0.6220225 -0.6602676 0.4208738 0.4581281 -0.1283875 0.8795654 0.6678791 -0.7440325 -0.01879435 0.4551317 -0.2636595 0.8504934 -0.2909483 0.5346215 0.7934286 -0.5379229 0.1711559 -0.825436 -0.7422498 0.6698169 0.02026444 -0.67256 0.6120637 -0.4159823 0.07674115 -0.5131356 -0.85487 0.1230877 -0.4045189 -0.9062085 0.7669102 -0.6381804 -0.06763553 -0.2464143 0.5690487 0.784515 0.7549168 -0.1537762 0.6375371 -0.8743659 0.4827461 0.04940235 -0.6355498 0.03048437 -0.771458 -0.7419362 -0.1871341 -0.6438257 0.892327 -0.2867437 -0.3486127 -0.2916033 -0.546912 -0.7847642 -0.9602749 -0.2484313 -0.1270993 -0.4163819 0.4162971 0.8082841 0.9904531 -0.007017374 -0.137672 -0.6799665 0.4965034 0.5395647 0.6764011 -0.4469745 -0.585402 -0.006784915 -0.8664907 -0.4991473 0.6495732 0.7308295 -0.2096259 -0.6637949 0.3307963 0.6707832 0.4698292 0.882133 -0.03319662 -0.3979091 -0.9127557 0.09244215 -0.7057058 0.2401647 0.6665586 0.1303023 0.9859427 0.1045875 0.6919057 -0.4078065 -0.5957855 -0.7655922 -0.3343294 0.5496295 -0.5407919 0.8096557 0.2280391 -0.02106851 0.9255284 -0.3780919 0.8866329 -0.03026497 -0.4614828 0.6770696 -0.6520711 -0.3411453 0.708908 0.2480381 0.6602474 -0.01133632 0.1038187 0.9945317 -0.8637562 -0.3974142 0.309818 -0.6939774 -0.3783181 -0.6125936 0.7693126 0.4575437 -0.4458834 0.675947 0.4469793 -0.5859226 -0.173932 -0.03711605 0.984058 -0.8018713 -0.4418984 -0.4021545 0.9231498 -0.1759571 -0.3418092 0.1006623 -0.1074508 -0.9891014 0.1000753 0.02975219 0.9945349 -0.9989749 0.02740561 -0.0360316 -0.9929683 0.11606 -0.02332597 0.1373454 0.02471017 -0.990215 0.7142394 0.2686469 0.6462903 0.999978 0.006478905 -0.001414 -0.9488403 -0.120623 0.2918086 -0.3295977 0.1197041 -0.9365022 0.3786101 0.8411859 0.3860839 0.3357343 0.7446746 0.5768381 0.08598989 -0.9044342 0.4178572 -0.3892135 -0.871645 -0.2979058 -0.4096623 -0.7617412 -0.5019236 -0.104812 0.8671365 -0.4869177 0.4391657 0.0863676 0.894245 0.873872 -0.3249482 0.3616027 -0.2307469 -0.8671566 0.4413564 -0.8460849 -0.5086109 0.1595473 -0.9161033 0.2165064 -0.3374611 0.3215971 0.8478503 -0.421575 0.9533588 -0.09578561 0.2862378 -0.04070782 0.7686625 -0.638358 0.8713573 -0.2287504 0.4340619 0.4899864 0.8564925 -0.1622777 -0.7796889 0.386253 -0.4928427 -0.1506385 -0.9551982 0.2547638 -0.4568684 0.8131766 -0.3605764 0.9300827 0.03618294 0.3655641 -0.4709115 -0.8690763 0.1514893 -0.3078698 -0.0144006 0.9513195 0.3057896 -0.2402883 0.9212787 -0.8309738 0.5460572 -0.1063206 0.6855753 -0.2196245 -0.6940834 -0.5160802 0.2895231 -0.8061251 -0.5046069 -0.2853043 0.8148458 -0.5138576 -0.2273527 0.8272008 0.1233568 0.9273574 -0.3532583 -0.5385194 0.5363407 0.6498736 0.4019156 -0.8562306 -0.3245508 0.7062923 -0.06524562 -0.7049072 0.07075822 -0.7863979 0.6136543 -0.7230061 0.6878806 0.06389486 -0.7236375 0.0332151 0.6893806 -0.02873885 0.8080707 -0.5883841 0.9975237 0.03112256 0.06307035 0.4871963 0.8709275 -0.06422793 0.5166572 0.8522321 0.08225476 -0.5254425 0.8505533 0.02166903 -0.4316636 0.8984484 0.08035516 0.941022 -0.01371067 0.3380676 0.4482282 0.7976036 0.4036337 -0.3572195 -0.7403076 -0.5695077 0.574247 -0.2915399 0.765013 -0.5537421 -0.8325149 0.0169959 -0.6094462 -0.7889254 0.07856225 -0.2600457 0.7610525 -0.5942858 0.7731555 0.09741657 0.6266904 -0.4198666 0.8802275 -0.2211599 0.9915322 -0.1074003 -0.07300138 0.5581988 0.7879167 -0.2600029 -0.398097 0.9052548 -0.1484338 -0.9792715 0.1798502 0.09317344 0.3266519 -0.9398157 -0.1002262 0.9405935 -0.1291387 -0.314018 0.5797305 0.7999314 -0.1549913 -0.3155668 0.9336766 0.1693095 0.8381718 -0.09783673 -0.5365594 0.1398459 -0.8849505 -0.4441911 0.6483101 0.7579473 -0.07218098 -0.1599674 0.8633814 0.4785218 0.6920881 0.7174392 -0.07934099 0.2872274 -0.9218605 -0.260142 -0.3244143 0.7333285 -0.597482 -0.6359948 -0.4552854 0.6230777 0.9703989 -0.2411167 0.01374155 -0.844313 0.4664182 0.2637983 0.7602666 -0.5420193 -0.3580641 0.8979979 -0.4000383 -0.1832187 0.401168 -0.2441046 0.88288 0.4497882 0.2326503 0.8623018 -0.5398471 0.4014651 -0.7398587 0.4701637 0.4303098 0.7705709 -0.6304125 0.4641392 0.6222178 0.596849 0.5352373 -0.5977394 -0.5727029 -0.5335097 0.6223977 0.8715744 -0.4208223 -0.2515292 0.8838429 -0.3955652 0.2496997 0.8858903 -0.3945499 0.2439854 -0.8934968 0.3418021 -0.2912646 -0.8167018 0.2057959 -0.5391162 0.04219883 0.7987203 -0.600221 -0.803906 -0.5842114 0.1115001 -0.008659303 -0.75953 0.6504148 0.7808656 -0.2114273 0.5878328 0.8335439 0.5523151 -0.012362 -0.7024284 0.03369545 -0.7109565 0.9370883 0.3487331 0.0158376 -0.2369981 -0.7684415 -0.5944154 0.2479616 0.7394543 0.6258773 0.7447026 -0.6229194 -0.2395614 -0.8569687 2.45177e-4 -0.5153685 0.7999823 0.01905024 0.5997211 0.6609916 -0.2937628 0.6905024 0.1043161 -0.7223573 0.6836068 0.6130543 0.7899039 0.0147075 0.7240853 0.04617267 0.6881632 0.1905891 0.4817635 -0.8553243 -0.5180543 -0.8524193 0.07072031 -0.05247825 -0.9974135 -0.04911679 0.6810131 -0.6949054 -0.2309279 0.09805452 0.8150136 -0.5710851 -0.8784605 -0.4776938 0.01076233 0.1720467 0.7155553 -0.6770382 -0.2865788 -0.08677005 0.9541193 0.6913148 0.01779448 0.7223346 -0.9429453 0.284812 -0.1724429 0.8985641 -0.2902461 0.3291501 -0.7708784 -0.178166 0.6115583 -0.1935878 0.9016044 0.3868246 0.6999524 0.7138361 -0.0224632 -0.7465713 -0.3188524 -0.5839217 0.6441288 0.2428869 0.7253303 -0.7289872 -0.6175023 0.2954125 0.5510456 0.3659997 0.7499287 -0.6439014 -0.3934693 -0.6561805 -0.7017688 -0.7121846 0.01771271 0.9022896 -0.196298 -0.3838497 -0.5454367 0.7974131 -0.2581303 0.7799817 0.3557975 -0.5148174 -0.7367831 -0.4537158 -0.5012911 -0.7380101 -0.4504708 -0.5024114 -0.05261671 0.1054167 0.9930351 0.824289 0.3867847 -0.4134553 -0.07703202 0.08640444 0.9932777 -0.7808187 0.5975044 -0.1825128 0.2940697 0.8549303 0.4273374 0.9296952 0.2485312 0.2718437 -0.8478879 0.5087556 -0.1491782 0.2256518 -0.7561393 0.6142758 0.142753 -0.8641648 0.4825357 0.9227539 -0.3735535 0.09477853 0.2324414 -0.2798475 0.9314808 -0.1708427 0.3868131 -0.9061945 0.178883 -0.1308022 0.9751368 0.9406238 0.09241092 0.3266302 0.3038298 -0.3046507 0.9027046 -0.2346 0.1865558 -0.954023 0.9596798 0.004915356 0.2810526 0.02305531 0.4422461 -0.8965974 -0.5473757 -0.8203052 -0.1657687 -0.06122672 0.169503 -0.983626 0.4676901 0.7022154 0.536805 -0.5398629 -0.6566954 -0.526592 0.03786844 0.9466006 0.3201773 -0.5583884 0.5065205 0.6569928 0.3367953 -0.7246084 -0.6012585 0.4471958 -0.7465361 -0.4926459 0.157796 0.9180775 -0.3636401 0.44032 -0.8099614 -0.387403 0.5046601 -0.83063 -0.2353127 0.9799689 0.02279329 -0.1978422 -0.4726269 -0.8642762 0.1721929 0.9265148 -0.06869137 -0.3699349 -0.005634188 0.7013328 -0.7128118 -0.06771755 -0.6657198 0.7431229 0.0200318 0.9948963 0.09889537 0.01105546 0.9537938 -0.3002588 -0.7212198 -0.4555374 -0.5218502 0.1742619 0.7871227 -0.5916677 0.9138583 0.1152849 -0.3893233 0.7676043 -0.6107474 0.1943486 0.1938811 0.8612298 -0.4697803 0.9272113 0.2228976 -0.3009915 -0.2157351 -0.8112881 0.5433875 0.7446705 -0.001486003 -0.6674307 0.5723588 -0.8126034 0.1099145 0.3805484 -0.9026265 -0.2011184 -0.005434334 -0.657382 0.753538 0.02013838 0.6419305 -0.7664985 -0.300753 0.3262319 0.8961699 -0.2418629 0.9637856 0.1123378 -0.2312897 -0.7001327 0.6755142 -0.3555551 0.2942073 0.8871431 0.05488568 -0.9965301 -0.06257253 -0.2600646 -0.7701883 0.5823886 0.5292962 -0.8414721 0.1084911 -0.341448 -0.875884 -0.3409409 -0.5440686 -0.5561001 0.628285 0.5048472 0.5806866 -0.638696 0.9077763 -0.08639383 -0.4104613 -0.5366706 -0.4492064 -0.7142817 -0.8916493 0.3077363 -0.3320541 0.3799101 -0.108755 0.918608 -0.4041233 0.105067 -0.9086503 0.9753261 0.1476722 -0.1641098 0.5946916 -0.794301 -0.1242094 0.582696 -0.7472997 -0.3193879 -0.5636081 0.813972 0.1406965 -0.9810996 -0.1242145 -0.1483727 0.6375682 -0.7668974 -0.07331526 0.7735501 0.2102251 0.597851 -0.8500114 -0.183577 -0.4937412 0.9257293 -0.04521811 0.3754739 -0.1218957 -0.9649642 -0.232348 0.2102909 -0.6546626 0.7260817 0.246831 0.4400913 -0.8633621 -0.4168688 -0.03372448 -0.9083408 0.6283071 -0.6860703 -0.3667941 0.7102172 -0.6878452 -0.1498685 -0.1240832 -0.8984743 0.4211262 0.7043142 -0.534455 0.4672251 -0.59332 0.6859313 0.4212717 -0.9980205 0.06224101 -0.009008824 -0.9991144 0.03501391 -0.02333694 -0.6208586 0.08855408 0.7789049 0.9766446 -0.1692577 -0.1323524 -0.9852727 0.1701482 -0.01695084 -0.7567962 0.6237205 0.1955311 0.7464101 -0.6026681 -0.2822467 -0.6328085 0.738085 0.2340598 -0.106924 0.8035717 -0.5855253 -0.7741926 0.6212309 0.1212361 -0.1347479 0.8716745 -0.471197 -0.3228278 -0.9347547 0.1483783 -0.8882347 -0.4593427 0.006608188 0.7307487 -0.2565849 0.6325904 -0.5428737 0.1552118 -0.825347 -0.8055155 0.5599268 -0.1939767 0.6922918 0.6824728 -0.2344419 -0.7109106 0.5821301 -0.3946274 -0.7955388 0.6028394 -0.06085032 -0.7808294 0.001808166 -0.6247416 -0.4988141 -0.5682017 0.6544703 0.05257576 0.264827 -0.9628617 0.9063506 -0.1873418 -0.3787237 0.9177862 0.1036012 -0.3833215 0.9982575 0.03674578 0.04617094 0.00899285 0.9176922 -0.3971905 -0.9923511 0.1230882 -0.009417057 0.5338978 0.2601792 -0.8045248 -0.468128 0.2364434 -0.8514405 0.04963922 0.9127708 0.4054448 -0.736585 0.5828181 0.34317 -0.7651903 0.2873007 -0.5761442 0.5393579 0.7869966 -0.2995487 0.4410108 0.7940967 -0.4182344 -0.5430452 0.6651722 0.512492 0.3689808 0.6571118 0.6573107 0.2103572 0.1479671 -0.9663621 0.4091655 0.6010245 -0.6865517 0.2194229 0.8955742 0.3870406 -0.5544813 -0.8290928 0.07180404 0.2380282 -0.8786805 -0.4138396 0.4210181 -0.8895606 -0.1772728 -0.7972815 0.4268716 0.4267585 0.688161 -0.5474682 -0.4761441 -0.7427066 -0.5703094 -0.3509048 0.6634877 -0.5964659 0.4516775 -0.7475627 -0.5034034 0.4332841 -0.8986452 0.4386757 7.1848e-4 0.7497614 0.2561084 -0.6101364 -0.5702392 0.7766084 0.2677812 0.6271585 0.4512485 0.6348599 0.2772864 -0.8301371 -0.4837197 -0.5836271 -0.8118586 0.01628679 -0.9042368 0.008718252 0.4269427 -0.530831 -0.8454789 0.05817151 -0.5109254 -0.720357 -0.4690855 -0.4176301 -0.6678516 -0.616084 0.6147709 -0.1830604 -0.7671673 -0.5582502 0.2031992 0.8044046 -0.6132783 0.7891737 -0.03308689 -0.02981621 0.5952479 -0.8029888 0.7280817 0.5948083 0.3407347 0.7584674 -0.1163469 0.6412414 0.1318182 -0.1706885 -0.9764679 -0.7912382 0.1601228 0.5901719 0.7125761 -0.6756594 0.1889966 0.4948267 -0.6148156 0.6141241 -0.7535242 -0.271909 -0.598554 0.1543234 9.38968e-4 0.98802 0.09796303 0.167591 -0.9809773 0.9815586 -0.1571643 -0.1088213 0.8486565 0.3786841 -0.3692973 -0.2974488 -0.8562688 -0.4222892 0.9740361 -0.2074477 0.09065967 -0.001762211 -0.6114301 0.7912966 0.8286005 -0.3658859 -0.4237321 0.7873559 -0.1448012 -0.5992523 -0.2253934 0.890052 0.3962389 0.6038653 -0.6484649 0.4635084 0.2169971 -0.8549711 -0.4711017 -0.7874479 0.4985139 0.362505 -0.1008186 0.2740797 0.9564079 -0.1182615 0.3403114 -0.9328464 0.9836514 0.03181672 0.1772503 0.5439622 0.7403569 -0.3949391 -0.05143392 0.7714294 -0.6342329 -0.802146 0.06626886 -0.5934396 -0.1928432 -0.7199766 -0.6666673 0.2470455 0.7183863 0.6502998 -0.566425 0.8240723 0.008223176 0.186249 0.9193367 -0.3465996 -0.0704379 -0.1582892 0.9848772 0.1624927 0.0949369 0.982132 -0.6229993 0.1056493 -0.7750549 0.07946723 -0.5539826 -0.8287269 -0.8637992 -0.1056718 -0.4926302 -0.3917692 0.9198616 -0.01928067 -0.3784496 0.1792483 -0.9081002 -0.1826316 0.9702408 -0.1589917 -0.1283193 0.3823647 -0.9150581 -0.6813917 0.540442 -0.4935867 -0.296084 -0.9205447 -0.2548174 0.4235087 -0.9053208 0.03216767 0.5786063 0.737936 0.3473691 0.6564198 -0.4554074 -0.6014292 0.794192 -0.3215648 0.5156115 0.8671312 -0.09616249 0.4887088 0.7704733 -0.2771162 -0.5740884 0.3086754 -0.6726134 -0.6725405 -0.1664705 0.807401 0.5660314 0.9456963 0.1123439 -0.3050203 0.4256616 0.8955837 -0.1293917 0.6267611 -0.5211607 0.5792772 -0.1337885 0.3142756 0.9398573 -0.7206131 -0.673765 0.1635775 -0.6251891 -0.2739832 0.7308022 -0.3991137 0.9166083 -0.02318722 -0.9602895 -0.1832591 -0.2103813 -0.9654017 0.2267941 0.1287011 -0.4311948 0.2273187 0.8731537 -0.7094624 -0.7043669 0.02303159 -0.09891754 0.1211324 0.9876955 0.1998412 -0.1961733 -0.9599894 0.0871905 0.538122 0.8383452 0.04515355 0.9895915 -0.1366376 -0.3792843 -0.8261159 0.4167445 0.7706494 -0.1030306 0.6288755 -0.42486 -0.7803477 0.4588587 0.5790623 -0.2417335 0.7786217 0.7860732 0.6181163 0.004607081 0.1099473 0.3769344 -0.9196913 0.573948 0.6558172 -0.4903953 0.8580783 -0.3116596 -0.4081298 0.6899289 -0.5481209 -0.472823 -0.8486506 0.5288544 -0.01027095 -0.2198213 0.5587562 0.7996687 0.6080316 -0.02018004 0.7936563 0.8001369 -0.5997256 0.01049673 0.1737433 -0.6260911 -0.7601469 -0.03670221 -0.1576088 -0.9868193 0.5673889 0.481103 -0.6682888 -0.1137719 -0.7122479 -0.6926464 0.391112 -0.1789075 -0.9027865 -0.186386 0.8674725 0.4612504 0.09064263 -0.2437176 -0.9656013 -0.4381614 -0.820039 0.3681722 -0.2021175 0.227873 -0.9524822 0.9532729 0.1348724 -0.2703335 0.1900986 -0.8533077 -0.4855188 -0.02477878 -0.01229608 0.9996173 0.1783976 -0.8335192 -0.5228958 -0.1574211 -0.02243453 -0.9872767 0.1188534 0.8923153 0.4354853 -0.06466495 -0.1518908 -0.9862798 -0.02447384 7.84639e-4 0.9997003 -0.1625427 0.8553378 -0.4919118 -0.1581997 0.8496938 -0.5029844 -0.9500228 0.2245064 0.2169182 -0.1823481 0.975313 0.1245545 -0.8921788 -0.4508379 -0.02760791 -0.1024704 -0.17812 0.9786589 -0.0115146 -0.2033152 -0.9790456 -0.9770877 -0.2075408 0.04718524 -0.1010116 -0.3126571 0.9444799 -0.9872392 0.07578223 0.1400566 -0.2372207 0.5128623 -0.8250446 -0.9159779 0.2932993 -0.2737883 -0.7602785 -0.6493524 -0.01783597 0.4967361 0.802253 -0.3311244 -0.4509733 0.5321512 -0.716546 0.9948986 -0.1003342 0.0104838 -0.7259687 -0.6810684 0.09547436 0.4982531 0.0797348 0.8633576 -0.02043282 -0.9970736 0.07366794 0.4755964 0.4169856 0.7745522 0.002543449 0.9967176 -0.08091682 -0.4523634 -0.2966063 0.8410662 -0.9575144 0.06337755 -0.2813355 0.8997121 0.1968735 0.3895626 -0.5620952 0.6125203 0.5557588 -0.5403711 0.5532535 -0.6339635 0.1779226 -0.8493133 0.4970015 -0.644499 -0.1473177 -0.750279 0.1320863 -0.09082275 -0.9870686 0.6947945 0.6813724 -0.2302004 -0.6171521 -0.1843436 -0.7649449 0.4230057 0.430711 -0.7972165 -0.06511676 -0.2136597 -0.9747356 0.4474353 0.4636507 -0.7647417 0.8143975 0.3130469 -0.4886291 0.07518631 0.1512851 -0.9856267 0.5685886 0.4761817 -0.6707891 -0.0742895 0.9474645 0.3111144 -0.3991681 0.334351 0.8537413 -0.1594033 0.2762308 -0.9477802 -0.02710008 0.9789213 -0.2024323 0.7261425 -0.1095458 -0.6787613 0.6176981 -0.2315565 -0.7515522 0.3899731 -0.08218216 0.9171516 0.3420456 0.07116484 -0.9369848 -0.5315674 0.7620878 0.3696733 0.3525111 -0.9081141 -0.2259752 -0.1235814 -0.09439557 -0.9878346 0.1675394 0.7407606 0.6505416 0.6828053 0.07044744 -0.7271961 0.3787031 0.6620074 0.6467846 0.8748173 0.4806773 -0.06036597 -0.7280057 -0.522652 -0.4436696 -0.5204769 -0.6431083 -0.5617077 -0.9043134 0.3480752 -0.2471055 0.8322396 -0.5511234 0.06033539 -0.02264541 -0.9074569 0.4195348 0.9798792 -0.1905893 -0.05926901 0.5951256 0.2703755 0.7567844 -0.5956573 -0.5314074 -0.6023277 -0.6002183 -0.5237878 0.6044703 -0.2858128 -0.7993083 0.5285995 0.2063623 -0.0896371 -0.9743613 0.8652623 -0.4845762 -0.1284801 0.4615589 -0.8277528 0.3190432 0.3317342 0.8875606 0.3196697 0.4283269 -0.8515141 0.3024235 0.3246934 0.8934426 0.3103781 -0.7777337 -0.04469597 -0.627003 -0.7749874 -0.0573278 -0.6293712 0.3356337 -0.7261719 -0.6000204 0.8101313 -0.5737543 0.1203888 0.2328426 -0.7435063 0.6268834 0.3309407 -0.7083256 0.6235007 0.06972891 -0.9974887 0.012416 -0.6830285 0.3760291 0.6261584 -0.6846576 0.5737241 -0.4495382 -0.4990512 -0.01321393 -0.8664718 -0.6461967 -0.06286191 -0.7605776</float_array>
          <technique_common>
            <accessor source="#tree-mesh-normals-array" count="3474" stride="3">
              <param name="X" type="float"/>
              <param name="Y" type="float"/>
              <param name="Z" type="float"/>
            </accessor>
          </technique_common>
        </source>
        <source id="tree-mesh-map-0">
          <float_array id="tree-mesh-map-0-array" count="34812">-5.68336e-6 0.3333333 0.08025485 0.1666666 0 0.1666666 0.08025485 0.1666666 0.0855925 0 -1.20312e-5 0 0.1320133 1 0.2115434 0.8333333 0.1293974 0.8333333 0.2011837 0.3333333 0.1316239 0.1666666 0.1329453 0.3333333 0.2427471 0.5 0.2011837 0.3333333 0.1332474 0.5 0.2115434 0.8333333 0.2019123 0.6666667 0.1332644 0.6666667 0.3304845 0.3333333 0.2029499 0.1666666 0.2011837 0.3333333 0.2427471 0.5 0.3304845 0.3333333 0.2011837 0.3333333 0.2115434 0.8333333 0.3496443 0.6666667 0.2019123 0.6666667 0.3496443 0.6666667 0.3836934 0.5 0.2427471 0.5 0.4213493 1 0.3537084 0.8333333 0.3565631 1 0.3455845 0.1666666 0.4213493 0 0.3565631 0 0.3496443 0.6666667 0.444833 0.5 0.3836934 0.5 0.4420391 0.6666667 0.5504322 0.5 0.444833 0.5 0.4707797 0.8333334 0.7481352 0.6666666 0.4420391 0.6666667 0.7158663 0.3333333 0.4632964 0.1666666 0.4649541 0.3333333 0.7727498 0.5 0.7158663 0.3333333 0.5504322 0.5 0.7481352 0.6666666 0.7727498 0.5 0.5504322 0.5 0.5617972 1 0.7430817 0.8333333 0.4707797 0.8333334 0.7879841 1 0.7430817 0.8333333 0.5617972 1 0.7879841 1 0.825271 0.8333334 0.7430817 0.8333333 0.7889342 0.3333333 0.7836903 0.1666666 0.7158663 0.3333333 0.825271 0.8333334 0.7481352 0.6666666 0.7430817 0.8333333 0.8217012 0.5 0.7889342 0.3333333 0.7727498 0.5 0.999554 1 0.825271 0.8333334 0.7879841 1 1.000168 0.5 0.8426703 0.3333334 0.8217012 0.5 0.8419315 0.6666667 1.000168 0.5 0.8217012 0.5 1.000041 0.3333333 0.8504625 0.1666666 0.8426703 0.3333334 0.999707 0.8333333 1.000085 0.6666667 0.8419315 0.6666667 1.000041 0.3333333 1.000017 0.1666666 0.8504625 0.1666666 0.1168299 0.5 0.1132812 0.3333333 0 0.3333333 0.1481222 0.6666666 0.1168299 0.5 0 0.6666666 0.3301443 0.3333333 0.1092132 0.1666666 0.1132812 0.3333333 0.1481222 0.6666666 0.2983718 0.5 0.1168299 0.5 0.2771064 0.1666666 0.2835884 0 0.10701 0 0.2835884 1 0.3723915 0.8333333 0.3016576 0.8333333 0.3301443 0.3333333 0.372205 0.1666666 0.2771064 0.1666666 0.3723915 0.8333333 0.3247138 0.6666667 0.3016576 0.8333333 0.372205 0.1666666 0.3845819 0 0.2835884 0 0.4390001 0.3333334 0.372205 0.1666666 0.3301443 0.3333333 0.5209173 0.8333333 0.4272407 0.6666667 0.3723915 0.8333333 0.5205602 1 0.5209173 0.8333333 0.3845819 1 0.5766126 0.8333333 0.5913161 0.6666667 0.5555556 0.6666667 0.8629919 0.8333334 0.7223469 0.6666667 0.6756567 0.8333333 0.8811886 0.1666666 0.6920704 0 0.6858431 0.1666666 0.8629919 0.8333334 1.000041 0.6666667 0.7223469 0.6666667 1.000041 0.6666667 1.000015 0.5 0.7780457 0.5 0.8821472 0.3333333 1.000005 0.1666666 0.8811886 0.1666666 1.000005 0.8333333 1.000041 0.6666667 0.8629919 0.8333334 1.000015 0.5 1 0.3333333 0.8821472 0.3333333 0.1153652 0.6666667 0.1137869 0.5 0 0.5 0.1172931 0.8333333 0.1153652 0.6666667 0 0.8333333 0.1137869 0.5 0.2855804 0.3333333 0.110822 0.3333333 0.3010236 1 0.1172931 0.8333333 0.1120416 1 0.1090103 0.1666666 0.3010236 0 0.1120416 0 0.3010236 1 0.2522352 0.8333333 0.1172931 0.8333333 0.2522352 0.8333333 0.3035577 0.6666667 0.1172931 0.8333333 0.2855804 0.3333333 0.3049551 0.1666666 0.1090103 0.1666666 0.3680767 0.1666666 0.3010236 0 0.3049551 0.1666666 0.2855804 0.3333333 0.3680767 0.1666666 0.3049551 0.1666666 0.3815903 0.5 0.3755349 0.3333333 0.3035806 0.5 0.3035577 0.6666667 0.3815903 0.5 0.3035806 0.5 0.3773679 1 0.4788022 0.8333334 0.3763057 0.8333333 0.4788022 0.8333334 0.4010236 0.6666666 0.3763057 0.8333333 0.6432346 0.1666666 0.6778893 0 0.3680767 0.1666666 0.6172278 0.8333333 0.6805946 0.6666667 0.4010236 0.6666666 0.6778893 1 0.7068764 0.8333333 0.6172278 0.8333333 0.6805946 0.6666667 0.914386 0.5 0.6701565 0.5 0.8680025 1 0.7068764 0.8333333 0.6778893 1 0.7244668 0.1666666 0.8680025 0 0.6778893 0 0.914386 0.5 0.883539 0.3333333 0.7135997 0.3333333 0.8680025 1 0.8974502 0.8333334 0.7068764 0.8333333 1.000003 1 0.8974502 0.8333334 0.9255897 1 0.914386 0.5 1.000026 0.3333333 0.883539 0.3333333 1.000005 0.6666667 1 0.5 0.914386 0.5 1 0.8333333 1.000005 0.6666667 0.8974502 0.8333334 0.1218522 0.6666667 0.1184082 0.5 0 0.5 0.1136117 0.8333333 0.1218522 0.6666667 0 0.8333333 0.1102615 0.1666666 0.2902381 0 0.1126681 0 0.1184082 0.5 0.3042526 0.3333333 0.1115511 0.3333333 0.3054696 0.8333333 0.1218522 0.6666667 0.1136117 0.8333333 0.2501681 0.5 0.3042526 0.3333333 0.1184082 0.5 0.3054696 0.8333333 0.3120033 0.6666667 0.1218522 0.6666667 0.2813373 0.1666666 0.2902381 0 0.1102615 0.1666666 0.2902381 1 0.3565762 0.8333333 0.3054696 0.8333333 0.3565762 0.8333333 0.3120033 0.6666667 0.3054696 0.8333333 0.3721923 0.1666666 0.3598611 0 0.2813373 0.1666666 0.3042526 0.3333333 0.3721923 0.1666666 0.2813373 0.1666666 0.446013 0.6666667 0.377067 0.5 0.3693257 0.6666667 0.3565762 0.8333333 0.446013 0.6666667 0.3693257 0.6666667 0.4442159 0.5 0.3811966 0.3333333 0.377067 0.5 0.3811966 0.3333333 0.5252243 0.1666666 0.3721923 0.1666666 0.5176529 0.8333333 0.446013 0.6666667 0.3565762 0.8333333 0.5913985 0.3333333 0.5252243 0.1666666 0.3811966 0.3333333 0.5176529 0.8333333 0.5802867 0.6666667 0.446013 0.6666667 0.5913985 0.3333333 0.6429899 0.1666666 0.5252243 0.1666666 0.6429899 0.1666666 0.6684579 0 0.5453142 0 0.6605148 0.8333334 0.5802867 0.6666667 0.5176529 0.8333333 0.7176261 0.3333333 0.6429899 0.1666666 0.5913985 0.3333333 0.6605148 0.8333334 0.7410022 0.6666667 0.5802867 0.6666667 0.7176261 0.3333333 0.7430567 0.1666666 0.6429899 0.1666666 0.7441604 0.8333333 0.7410022 0.6666667 0.6605148 0.8333334 0.7445292 0.5 0.75 0.3333333 0.7176261 0.3333333 0.9997879 0.3333333 0.8136934 0.1666666 0.813616 0.3333333 0.8129771 0.8333333 0.9997915 0.6666667 0.8120111 0.6666667 0.8908941 1 0.9997893 0.8333333 0.8129771 0.8333333 0.9997645 0.1666666 0.8908941 0 0.8136934 0.1666666 0.9999889 0.5 0.9997879 0.3333333 0.8130006 0.5 0.9997915 0.6666667 0.9999889 0.5 0.8130006 0.5 1.000015 1 0.9997893 0.8333333 0.8908941 1 0.1115894 0.5 0.1131196 0.3333333 0 0.3333333 0.1126379 0.6666667 0.1115894 0.5 0 0.6666667 0.3028807 1 0.1139964 0.8333333 0.1121147 1 0.1126379 0.6666667 0.3077004 0.5 0.1115894 0.5 0.3077004 0.5 0.2742683 0.3333333 0.1131196 0.3333333 0.3028807 1 0.2566944 0.8333333 0.1139964 0.8333333 0.2566944 0.8333333 0.2496353 0.6666666 0.1139964 0.8333333 0.2742683 0.3333333 0.2721636 0.1666666 0.1120318 0.1666666 0.3573006 1 0.3200833 0.8333333 0.3028807 1 0.3523153 0.1666666 0.3573006 0 0.3028807 0 0.3391109 0.3333333 0.3523153 0.1666666 0.2742683 0.3333333 0.3077004 0.5 0.3391109 0.3333333 0.2742683 0.3333333 0.5610185 1 0.3827 0.8333333 0.3573006 1 0.3819946 0.6666668 0.6297006 0.5 0.3665598 0.5 0.3391109 0.3333333 0.5412523 0.1666666 0.3523153 0.1666666 0.5610185 1 0.5746635 0.8333334 0.3827 0.8333333 0.5746635 0.8333334 0.3819946 0.6666668 0.3827 0.8333333 0.6553418 0.6666667 0.6297006 0.5 0.3819946 0.6666668 0.6745018 0.1666666 0.5610185 0 0.5412523 0.1666666 0.3391109 0.3333333 0.6745018 0.1666666 0.5412523 0.1666666 0.6788153 0.3333333 0.6745018 0.1666666 0.3391109 0.3333333 0.6297006 0.5 0.6788153 0.3333333 0.3391109 0.3333333 0.6745018 0.1666666 0.7441723 0 0.5610185 0 0.7420853 0.8333333 0.6553418 0.6666667 0.5746635 0.8333334 0.8760103 0.3333334 0.6745018 0.1666666 0.6788153 0.3333333 0.8503164 0.6666668 0.6297006 0.5 0.6553418 0.6666667 0.7420853 0.8333333 0.8503164 0.6666668 0.6553418 0.6666667 0.8814885 0.1666666 0.7441723 0 0.6745018 0.1666666 0.8760103 0.3333334 0.8814885 0.1666666 0.6745018 0.1666666 0.8503164 0.6666668 0.868292 0.5 0.6297006 0.5 0.8864971 0.8333333 0.8503164 0.6666668 0.7420853 0.8333333 0.8889744 1 0.8864971 0.8333333 0.7441723 1 0.9999843 0.6666667 0.868292 0.5 0.8503164 0.6666668 1.000002 0.5 0.8760103 0.3333334 0.868292 0.5 0.9999999 0.1666666 1 0 0.8889744 0 0.1720323 0.6220757 1.10484e-5 0.3805671 1.99724e-5 0.7939754 0.3119056 0.2402932 0.002736389 0.06104034 1.10484e-5 0.3805671 0.2446918 1 0.3099814 0.9452739 1.99724e-5 0.7939754 0.2830757 0.6036711 0.3119056 0.2402932 0.1720323 0.6220757 0.3333333 0.5835088 0.3119056 0.2402932 0.2830757 0.6036711 0.3099814 0.9452739 0.3333333 0.5835088 0.2830757 0.6036711 0.5010195 0.7278823 0.3846271 0.5857454 0.3851512 0.9687554 0.6641452 0.9090204 0.5010195 0.7278823 0.3851512 0.9687554 0.3846271 0.5857454 0.607158 0.3930343 0.3836809 0.2556815 0.5010195 0.7278823 0.607158 0.3930343 0.3846271 0.5857454 0.6703523 0.6666666 0.607158 0.3930343 0.5010195 0.7278823 1 0.08356899 0.6513349 0 0.6662324 0.1666666 0.6703523 0.6666666 0.9999978 0.3915622 0.69995 0.4210713 0.9999999 1 1 0.7715141 0.6641452 0.9090204 0.6641452 0.9090204 1 0.7715141 0.6703523 0.6666666 0.2579634 1 3.86673e-6 0.801359 0 1 1.38152e-5 0.5 0.294094 0.3333333 -4.99174e-7 0.1657237 0.2221665 0.1666666 0.2579634 0 -4.99174e-7 0.1657237 0.294094 0.3333333 0.2221665 0.1666666 -4.99174e-7 0.1657237 0.2925509 0.7694232 0.1660978 0.6666667 3.86673e-6 0.801359 0.3316309 0.5 0.294094 0.3333333 1.38152e-5 0.5 0.1660978 0.6666667 0.3316309 0.5 1.38152e-5 0.5 0.2579634 1 0.3658089 0.9000765 0.2925509 0.7694232 0.3316309 0.5 0.3697807 0.2087053 0.294094 0.3333333 0.5702927 0.6666667 0.3316309 0.5 0.2925509 0.7694232 0.3697807 0.2087053 0.5756586 0.1211862 0.364441 0 0.4817128 1 0.6629799 0.8333333 0.3658089 0.9000765 0.5952275 0.3766463 0.3697807 0.2087053 0.3316309 0.5 0.6629799 0.8333333 0.5702927 0.6666667 0.3658089 0.9000765 0.6955114 0.2461687 0.6644456 0 0.5756586 0.1211862 0.6955114 0.2461687 0.5756586 0.1211862 0.5952275 0.3766463 0.5702927 0.6666667 0.6970949 0.5905 0.5952275 0.3766463 0.6629799 0.8333333 0.6970949 0.5905 0.5702927 0.6666667 0.6644456 1 1 0.9057562 0.6629799 0.8333333 1 0.5680117 0.6955114 0.2461687 0.6970949 0.5905 1 0.9057562 1 0.5680117 0.6970949 0.5905 0.2958135 0.8333333 1.19503e-5 0.6666667 -7.18005e-7 0.8333333 0.5142419 0.5 0.349676 0.3333334 2.02588e-5 0.5 1.19503e-5 0.6666667 0.5142419 0.5 2.02588e-5 0.5 0.6384018 0.6666667 0.5142419 0.5 1.19503e-5 0.6666667 0.4886429 1 0.6605602 0.8333334 0.2958135 0.8333333 0.6605602 0.8333334 0.6384018 0.6666667 0.2958135 0.8333333 0.764308 0.1928164 0.5376526 0.1666666 0.349676 0.3333334 0.8365052 0.8380771 0.6605602 0.8333334 0.4886429 1 0.794822 0.6005007 0.8330289 0.3333333 0.764308 0.1928164 0.764308 0.1928164 0.8666287 0.09803426 0.781668 0 0.8330289 0.3333333 0.8666287 0.09803426 0.764308 0.1928164 0.8365052 0.8380771 0.8732153 0.5359421 0.794822 0.6005007 1.000022 0.3993718 0.8666287 0.09803426 0.8330289 0.3333333 0.8365052 0.8380771 1.000015 0.7244822 0.8732153 0.5359421 1.000008 1 1.000015 0.7244822 0.8365052 0.8380771 1.000015 0.7244822 1.000022 0.3993718 0.8732153 0.5359421 8.46982e-5 1 0.4997435 0.8333333 4.29668e-5 0.8333333 -7.2647e-6 0.3333333 0.4996641 0.1666666 4.03914e-5 0.1666666 0.4440847 0.5 -7.2647e-6 0.3333333 2.54702e-6 0.5 0.4984792 0.3333333 0.4996641 0.1666666 -7.2647e-6 0.3333333 0.5375962 0.5 0.9999865 0.3333333 0.4984792 0.3333333 0.5024239 1 1 0.6884905 0.4997435 0.8333333 1 0.6884905 0.5006102 0.6666667 0.4997435 0.8333333 1 0.09419888 0.5024239 0 0.4996641 0.1666666 0.5006102 0.6666667 1 0.6884905 0.5375962 0.5 1 1 1 0.6884905 0.5024239 1 0.331404 1 5.59432e-6 0.7798697 -7.37841e-7 1 0.3291406 0.6666667 6.12452e-7 0.5 5.59432e-6 0.7798697 0.331404 1 0.3325114 0.8333333 5.59432e-6 0.7798697 0.3311985 0.1666666 0.331404 0 5.29044e-6 0.114123 0.3291406 0.6666667 0.2815428 0.5 6.12452e-7 0.5 0.6234067 1.067635 0.3325114 0.8333333 0.331404 1 0.6234067 1.067635 0.3291406 0.6666667 0.3325114 0.8333333 0.6352686 0.1666666 0.8536188 0.2235099 0.6188444 0 0.7997464 0.8333334 0.7727975 0.6666666 0.6234067 1.067635 0.9998875 0.4389705 0.8536188 0.2235099 0.6614348 0.3333333 1 1 0.7997464 0.8333334 0.8011482 1 0.9998875 0.4389705 1 0.05515623 0.8536188 0.2235099 1 0.7055659 0.9998875 0.4389705 0.6762551 0.5 0.4834508 0.1666666 0 0 0 0.1666666 0.4325971 1 0.2555177 0.8333333 0 1 0.2872278 0.3333333 0.4834508 0.1666666 -1.62611e-7 0.3333333 0.2555177 0.8333333 0.2728333 0.6666666 2.25944e-7 0.6666666 0.4325971 1 0.5322875 0.8333333 0.2555177 0.8333333 0.5499872 0.3333333 0.4834508 0.1666666 0.2872278 0.3333333 0.5706546 0.5 0.9998322 0.3333333 0.5499872 0.3333333 0.9997783 0.6666667 0.5706546 0.5 0.5194011 0.6666667 1.00003 0.5 0.9998322 0.3333333 0.5706546 0.5 1.000061 1 1.000018 0.8333333 0.5322875 0.8333333 -2.37373e-7 0.8890335 0.1995599 0.5559803 -1.27504e-7 0.5379768 0.2176406 0.07837712 0.1848405 0 -1.39979e-7 0.2277767 0.1995599 0.5559803 0.2176406 0.07837712 -1.27504e-7 0.5379768 0.2176406 0.07837712 0.3868644 0 0.1848405 0 0.1995599 0.5559803 0.4104032 0.419302 0.2176406 0.07837712 0.3868644 1 0.4066973 0.8085273 0.1874971 0.9807012 0.4104032 0.419302 0.3868644 0 0.2176406 0.07837712 0.4066973 0.8085273 0.4104032 0.419302 0.1995599 0.5559803 0.4104032 0.419302 0.5234569 0.04029822 0.3868644 0 0.625 0.4634038 0.5234569 0.04029822 0.523882 0.3824976 0.6875 0.3966935 0.6749305 0 0.625 0.4634038 0.6728762 0.750797 0.6875 0.3966935 0.625 0.4634038 0.6749305 1 0.75 0.916157 0.6728762 0.750797 0.6728762 0.750797 0.75 0.5836183 0.6875 0.3966935 0.8125 0.8870793 0.75 0.5836183 0.75 0.916157 0.8268491 0.250839 0.8814312 0 0.8125 0 0.8814313 0.9476411 0.8300007 0.5 0.8125 0.8870793 1.000019 0.5755012 1 0.2656105 0.8268491 0.250839 1.32504e-5 0.5554429 0.5874187 0.001814424 -1.2503e-7 0.2049779 2.43249e-4 0.8940103 0.504568 0.2482023 1.32504e-5 0.5554429 1.000004 0.4381189 0.5874187 0.001814424 0.504568 0.2482023 0.5264895 0.610438 0.434184 0.4505901 2.97813e-5 0.6115005 0.4128119 1 0.6615464 0.8345179 0.5264895 0.610438 0.434184 0.4505901 0.6770994 0 0.3594539 0.08127462 0.9998556 0.7273871 0.434184 0.4505901 0.5264895 0.610438 0.999993 0.3902418 0.6770994 0 0.434184 0.4505901 0.9998556 0.7273871 0.999993 0.3902418 0.434184 0.4505901 1 1 0.9998556 0.7273871 0.6615464 0.8345179 0.5937854 0.6767049 1.0106e-5 0.5807569 2.46921e-5 0.9861673 0.5581297 0.3936614 0.6805134 0.2426986 2.99063e-6 0.2980341 1.0106e-5 0.5807569 0.5581297 0.3936614 2.99063e-6 0.2980341 0.6805134 0.2426986 0.6775071 0 2.69269e-5 0 0.6934399 0.9473177 0.730451 0.5073898 0.5937854 0.6767049 1.000036 0.2312561 0.6775071 0 0.6805134 0.2426986 1.000034 0.5585632 1.000036 0.2312561 0.6805134 0.2426986 1.000011 0.8690629 1.000034 0.5585632 0.730451 0.5073898 0.686186 0.9104571 4.44587e-5 0.611121 4.43708e-5 0.9618518 0.6872726 0.2881332 0.7066142 0 4.69296e-5 0 0.681657 0.49083 0.6872726 0.2881332 8.13911e-6 0.2722771 0.686186 0.9104571 1.000002 0.7252433 0.681657 0.49083 1.000001 1 1.000002 0.7252433 0.686186 0.9104571 1.000002 0.7252433 1.000001 0.3950843 0.681657 0.49083 5.23181e-5 0.3333334 0.9998001 0.1270788 0.003371596 0.1258216 0.00337249 1 0.9986627 0.7648978 4.21851e-5 0.8333333 1.000001 0.3587884 0.9998001 0.1270788 5.23181e-5 0.3333334 -3.95689e-7 0.1666666 0.4656246 0 0 0 0.4725695 0.6666667 1.47844e-7 0.5 0 0.6666667 0.4656246 1 0.4855345 0.8333333 -1.1234e-6 0.8333333 0.5044295 0.3333333 0.4870431 0.1666666 -3.95689e-7 0.1666666 0.4875526 0.5 0.5044295 0.3333333 1.47844e-7 0.5 0.4855345 0.8333333 0.4725695 0.6666667 -1.1234e-6 0.8333333 1.000002 0.1666666 0.4656246 0 0.4870431 0.1666666 0.4725695 0.6666667 1.000003 0.5 0.4875526 0.5 1.000003 0.3333333 1.000002 0.1666666 0.5044295 0.3333333 1.000003 0.5 1.000003 0.3333333 0.5044295 0.3333333 -1.93432e-6 0.3902969 0.5030016 0.3400129 -4.14265e-7 0.03614848 0.5030016 0.3400129 0.4188277 0 -4.14265e-7 0.03614848 0.5095912 0.5235312 0.5030016 0.3400129 -1.93432e-6 0.3902969 0.9999566 0.9643616 1.000001 0.6038582 0.5095912 0.5235312 1 0.2272685 0.9999568 0 0.5030016 0.3400129 1.000001 0.6038582 0.5030016 0.3400129 0.5095912 0.5235312 0.9989734 0.4389997 6.77013e-4 0.7751212 0 1 1.85682e-5 0.4387715 0.342231 0 -1.72034e-6 0.1303592 0.9999645 7.32635e-6 0.342231 0 1.85682e-5 0.4387715 0.9989734 0.4389997 1.000001 0.1666666 6.77013e-4 0.7751212 -7.63191e-5 1 0.4045132 0.7580397 -3.77509e-5 0.6999717 0.4045132 0.7580397 0.3965298 0.5 -3.77509e-5 0.6999717 0.6531752 0.767844 0.4045132 0.7580397 0.4306038 1 0.3965298 0.5 0.6516798 0.4218428 0.40296 0.1506799 0.6531752 0.767844 1.000064 0.5939425 0.6516798 0.4218428 0.6516798 0.4218428 1 0.2419307 0.6581652 0.1482253 1.000064 0.5939425 1 0.2419307 0.6516798 0.4218428 1 0.9012836 1.000064 0.5939425 0.6531752 0.767844 1.000003 0.412157 1.000003 0.0906589 -3.77463e-7 0.3333333 1.000003 0.412157 -3.77463e-7 0.3333333 -5.49483e-7 0.590682 1.000003 0.7454922 -5.49483e-7 0.590682 -6.43117e-7 0.9338588 1 0.4286736 0 0.2733586 1.5489e-7 0.6274629 0.9999999 0.75735 1 0.4286736 1.5489e-7 0.6274629 1.000001 1 -4.55689e-7 0.7272419 0 1 0.9999999 0.4240134 1 0.08013099 1.65046e-7 0.3939233 0.9999998 0.757367 0.9999999 0.4240134 -4.55689e-7 0.7272419 1 0.4062846 0 0.1060731 0 0.4607931 1 0.4062846 0.9999999 0.0759806 0 0.1060731 -3.68917e-5 1 0.07802188 0.8333333 0 0.8333333 0.07644271 0.5 -8.70664e-6 0.3333333 0 0.5 0.07716947 0.6666668 0.07644271 0.5 -1.48438e-5 0.6666667 0.07802188 0.8333333 0.07716947 0.6666668 -1.48438e-5 0.6666667 0.1121069 1 0.1323885 0.8333333 0.07802188 0.8333333 0.2710143 1 0.1323885 0.8333333 0.1121069 1 0.1321599 0.5 0.2261624 0.3333333 0.1309795 0.3333333 0.2710143 1 0.3418418 0.8333333 0.1323885 0.8333333 0.3422008 0.5 0.2261624 0.3333333 0.1321599 0.5 0.5362855 0.6666667 0.3422008 0.5 0.3358752 0.6666667 0.3418418 0.8333333 0.5362855 0.6666667 0.3358752 0.6666667 0.5362855 0.6666667 0.5537176 0.5 0.3422008 0.5 0.5539526 0.8333333 0.5362855 0.6666667 0.3418418 0.8333333 0.5525137 0.1666666 0.7726384 0 0.5431182 0 0.7764946 0.6666666 0.5537176 0.5 0.5362855 0.6666667 0.5539526 0.8333333 0.7764946 0.6666666 0.5362855 0.6666667 0.7764946 0.6666666 0.7767004 0.5 0.5537176 0.5 0.77702 0.8333334 0.7764946 0.6666666 0.5539526 0.8333333 0.78089 0.1666666 0.7726384 0 0.5525137 0.1666666 0.7743362 0.3333334 0.78089 0.1666666 0.5525137 0.1666666 0.78089 0.1666666 1.000001 0.07856541 0.7726384 0 0.9999986 0.4066714 0.78089 0.1666666 0.7743362 0.3333334 0.9999986 0.4066714 1.000001 0.07856541 0.78089 0.1666666 0.7764946 0.6666666 0.9999986 0.4066714 0.7767004 0.5 1.000002 1 1 0.7501743 0.77702 0.8333334 1 0.7501743 0.9999986 0.4066714 0.7764946 0.6666666 0.77702 0.8333334 1 0.7501743 0.7764946 0.6666666 0.1090963 0.9472144 -4.46422e-7 0.7780211 0 1 0.1072343 0.1666666 0.1112067 0 -1.80612e-7 0.128305 0.1139789 0.4121548 0.1072343 0.1666666 -1.80612e-7 0.128305 0.1079803 0.6666667 0.1139789 0.4121548 -1.61664e-7 0.4388251 0.1090963 0.9472144 0.1079803 0.6666667 -4.46422e-7 0.7780211 0.1889902 1 0.1852704 0.7754996 0.1090963 0.9472144 0.1886789 0.2647413 0.1072343 0.1666666 0.1139789 0.4121548 0.2394741 0.05628842 0.1889902 0 0.1886789 0.2647413 0.2547242 0.4302068 0.3270483 0.2453579 0.2394741 0.05628842 0.3317221 0.5586028 0.2547242 0.4302068 0.2554585 0.736143 0.3270483 0.2453579 0.4364176 0.1202058 0.3242953 0 0.4354988 0.3870062 0.3270483 0.2453579 0.3317221 0.5586028 0.433487 1 0.5207362 0.934181 0.4391276 0.7702559 0.4354988 0.3870062 0.5218216 0.2647396 0.4364176 0.1202058 0.5729423 0.9615791 0.5888344 0.7433169 0.5758599 0.5249608 0.6640076 0.9103575 0.5888344 0.7433169 0.5729423 0.9615791 0.5888344 0.7433169 0.6548985 0.6341314 0.5758599 0.5249608 0.6642512 0.224053 0.7854274 0.09393322 0.6618728 0 0.7545793 0.3333333 0.7854274 0.09393322 0.6642512 0.224053 0.7986252 0.5831675 0.7545793 0.3333333 0.6548985 0.6341314 0.8529826 0.4090839 0.7854274 0.09393322 0.7545793 0.3333333 0.8720775 0.7564063 0.8529826 0.4090839 0.7986252 0.5831675 0.8888888 0.3945221 0.8686509 0.08835709 0.8529826 0.4090839 0.9231696 0.9154412 0.8720775 0.7564063 0.8682319 1 0.8888888 0.3945221 0.9232427 0.2310696 0.8686509 0.08835709 0.8720775 0.7564063 0.9236058 0.5756502 0.8888888 0.3945221 0.9236058 0.5756502 1.000007 0.2691383 0.9232427 0.2310696 1 0.8882909 1.000011 0.6336601 0.9231696 0.9154412 -2.45454e-5 0.5683959 0.07605278 0.4209516 -9.93816e-6 0.202697 0.07605278 0.4209516 0.07676666 0.07589364 -9.93816e-6 0.202697 0.07637506 0.7465952 0.07605278 0.4209516 -2.45454e-5 0.5683959 0.1440008 0.5947166 0.1243375 0.3889076 0.1284373 0.7924422 0.2093011 0.4069609 0.1243375 0.3889076 0.1440008 0.5947166 0.1284373 0.7924422 0.2257637 0.7870997 0.1440008 0.5947166 0.3450111 0.9817525 0.2257637 0.7870997 0.2100102 1 0.3864256 0.1666666 0.3388669 0 0.2198389 0.2306159 0.3412838 0.3333334 0.3864256 0.1666666 0.2198389 0.2306159 0.3450111 0.9817525 0.3665099 0.6666666 0.2257637 0.7870997 0.3864256 0.1666666 0.5584224 0.05033147 0.3388669 0 0.602745 0.684821 0.3665099 0.6666666 0.3450111 0.9817525 0.562391 0.3333333 0.5584224 0.05033147 0.3864256 0.1666666 0.5521074 1 0.74781 0.7667098 0.602745 0.684821 0.8515124 1 0.74781 0.7667098 0.5521074 1 0.562391 0.3333333 0.7675625 0.2798888 0.5584224 0.05033147 0.8051914 0.5 0.873675 0.4261471 0.7675625 0.2798888 0.8669832 0.7430872 0.873675 0.4261471 0.8051914 0.5 0.8888889 1 0.8669832 0.7430872 0.8515124 1 0.873675 0.4261471 0.8888889 0.0831691 0.8503847 0.06670427 0.8888889 1 0.9230232 0.9178375 0.8669832 0.7430872 0.9233772 0.2599617 0.8888889 0.0831691 0.873675 0.4261471 0.923203 0.6009154 0.873675 0.4261471 0.8669832 0.7430872 1.000009 0.5625892 0.9233772 0.2599617 0.923203 0.6009154 1.000012 0.1996362 1 0 0.9226951 0 1.08255e-5 0.3333333 0.1328333 0.1666666 0 0.1666666 0.1252449 1 1.2715e-5 0.8333333 -5.35302e-7 1 0.1328333 0.1666666 0.1252449 0 -5.35302e-7 0 0.141179 0.6666666 0.1327533 0.5 0 0.6666667 0.1252449 1 0.3065547 0.8333333 1.2715e-5 0.8333333 0.3351626 0.3333333 0.1328333 0.1666666 1.08255e-5 0.3333333 0.3245789 0.1666666 0.3195856 0 0.1328333 0.1666666 0.3351626 0.3333333 0.3245789 0.1666666 0.1328333 0.1666666 0.3351626 0.3333333 0.4107892 0.1666666 0.3245789 0.1666666 0.4107892 0.1666666 0.4450815 0 0.3195856 0 0.5433194 0.3333333 0.466875 0.1666666 0.4629324 0.3333333 0.4456498 0.5 0.5433194 0.3333333 0.4629324 0.3333333 0.6287632 0.5 0.5433194 0.3333333 0.4456498 0.5 0.4935003 0.6666667 0.6287632 0.5 0.4456498 0.5 0.6308003 0.6666667 0.6287632 0.5 0.4935003 0.6666667 0.685313 1 0.6586418 0.8333334 0.6108476 1 0.6640312 0.3333334 0.6870266 0.1666666 0.6320945 0.1666666 0.685313 1 0.7689167 0.8333333 0.6586418 0.8333334 0.7684103 0.1101398 0.685313 0 0.6870266 0.1666666 0.6864145 0.6666668 0.7640155 0.6219943 0.6869651 0.5 0.7689167 0.8333333 0.7640155 0.6219943 0.6864145 0.6666668 0.853666 1 0.9120326 0.9231601 0.8530088 0.7548483 0.9169206 0.2617728 0.8591951 0.06884402 0.8524275 0.4180701 0.8530088 0.7548483 0.9103818 0.5946121 0.8524275 0.4180701 1.000011 0.8946153 0.9103818 0.5946121 0.9120326 0.9231601 1.00001 0.5414244 1 0.2679899 0.9169206 0.2617728 0.07719838 1 -1.51592e-5 0.8333333 0 1 0.1122155 0.1666666 0.07719838 0 -1.84637e-5 0.1666666 0.1324462 1 0.09168195 0.8333333 0.07719838 1 0.09088528 0.6666666 0.1307085 0.5 0.07562673 0.5 0.1324462 1 0.1523007 0.8333333 0.09168195 0.8333333 0.145923 0.6666666 0.1307085 0.5 0.09088528 0.6666666 0.3071989 0.6666667 0.27403 0.5 0.145923 0.6666666 0.1523007 0.8333333 0.3071989 0.6666667 0.145923 0.6666666 0.3270674 0.8333333 0.3071989 0.6666667 0.1523007 0.8333333 0.481521 0.5 0.4441231 0.3333333 0.4240226 0.5 0.4665316 0.8333333 0.4770658 0.6666667 0.4239872 0.6666666 0.6684658 0.3333333 0.7386358 0.1666666 0.590618 0.1666666 0.7773606 0.5 0.6684658 0.3333333 0.6726036 0.5 0.7776868 0.3333333 0.7386358 0.1666666 0.6684658 0.3333333 0.7965623 0.1666666 0.7787434 0 0.7386358 0.1666666 0.7773606 0.5 0.8917652 0.3333333 0.7776868 0.3333333 0.8917652 0.3333333 0.8930991 0.1666666 0.7965623 0.1666666 0.894268 0.5474293 0.7773606 0.5 0.7780699 0.6666667 0.8966429 0.8333333 1.000002 0.6078399 0.894268 0.5474293 1 0.234062 0.9999998 0 0.8930991 0.1666666 1 0.234062 0.8930991 0.1666666 0.8917652 0.3333333 0.07700979 1 1.72344e-4 0.6671405 -1.01184e-5 0.960662 0.07652562 0.465725 0.1284137 0.3231865 0.07728999 0.07588523 0.1412174 0.5520654 0.2634025 0.3333334 0.1284137 0.3231865 0.1284137 0.3231865 0.3308883 0.09241741 0.1328954 0 0.2634025 0.3333334 0.3308883 0.09241741 0.1284137 0.3231865 0.3325622 0.5834904 0.2634025 0.3333334 0.1412174 0.5520654 0.3325622 0.5834904 0.1412174 0.5520654 0.1326739 0.8308169 0.3288679 1 0.550411 0.8977045 0.3308158 0.8333333 0.5391355 0.4322857 0.2634025 0.3333334 0.3325622 0.5834904 0.755743 0.5 0.7877441 0.2129567 0.5391355 0.4322857 0.9996085 0.7479529 0.7966392 0.6666667 0.780153 0.8944786 0.999561 0.2277098 1 0 0.7877441 0.2129567 0.09069615 0.2004565 -4.03075e-5 0 -2.28316e-5 0.3795201 0.09851342 0.9481546 0.07638859 0.7672131 -4.03075e-5 1 0.1012834 0.5537645 0.09069615 0.2004565 -2.28316e-5 0.3795201 0.2284639 0.3417379 0.1516441 0.3181723 0.1507123 0.6116097 0.2095494 0.9537192 0.1507123 0.6116097 0.1437487 0.9097846 0.3381994 0.07591491 0.1497026 0.1518033 0.1516441 0.3181723 0.2095494 0.9537192 0.3410353 0.7295494 0.1507123 0.6116097 0.3408485 0.5 0.4209336 0.3333333 0.2284639 0.3417379 0.5548328 0.8870664 0.3410353 0.7295494 0.3388373 1 0.4209336 0.3333333 0.5573109 0.1666666 0.3381994 0.07591491 0.5396975 0.6192559 0.3408485 0.5 0.3410353 0.7295494 0.6231161 0.432711 0.5573109 0.1666666 0.4209336 0.3333333 0.5396975 0.6192559 0.6231161 0.432711 0.4209336 0.3333333 0.5573109 0.1666666 0.6342514 0.09072047 0.5444102 0 0.7826667 0.3333333 0.7840498 0.08765488 0.6867399 0.08640795 0.6860876 0.7561126 0.7855243 0.5816281 0.6815502 0.3876379 0.9999969 0.9179833 0.784892 0.8333333 0.785167 1 0.7855243 0.5816281 0.9999961 0.4180215 0.7826667 0.3333333 9.76013e-6 0.3333333 0.1347636 0.1666666 0 0.1666666 0.1699647 0.8333334 2.95333e-7 0.6666667 -2.97763e-7 0.9605968 0.1792302 1 0.1699647 0.8333334 -2.97763e-7 0.9605968 0.1347636 0.1666666 0.1792302 0 -3.89956e-7 0 0.1312129 0.6666668 0.133592 0.5 2.95333e-7 0.6666667 0.3242255 0.3333333 0.1347636 0.1666666 9.76013e-6 0.3333333 0.3430562 0.1666666 0.1792302 0 0.1347636 0.1666666 0.3242255 0.3333333 0.3430562 0.1666666 0.1347636 0.1666666 0.6631308 0.8333333 0.6306859 0.6666667 0.4543985 0.8333334 0.6875537 1 0.6631308 0.8333333 0.6326988 1 0.6458598 0.5 0.6927834 0.4515126 0.6133473 0.3333334 0.6880264 0.6666667 0.6927834 0.4515126 0.6458598 0.5 0.7765823 0.3333333 0.691237 0.06785726 0.6927834 0.4515126 0.7764937 0.5 0.7765823 0.3333333 0.6927834 0.4515126 0.9070827 0.9050061 0.7898164 0.8333333 0.7834159 1 0.7764937 0.5 0.9038549 0.4180644 0.7765823 0.3333333 1.000002 0.3931711 1.000002 0.0581786 0.9063346 0.1666666 1 0.705147 1.000002 0.3931711 0.9038549 0.4180644 2.98338e-5 0.3333333 0.1365513 0.1666666 0 0.1666666 0.2431703 0.6666666 0.1380268 0.5 1.05938e-6 0.6666667 0.1365513 0.1666666 0.2967941 0 9.72215e-5 0 0.2967941 1 0.2686349 0.8333334 6.8465e-5 0.8333333 0.2686349 0.8333334 0.2431703 0.6666666 6.8465e-5 0.8333333 0.3577717 0.3333333 0.4681474 0.1666666 0.1365513 0.1666666 0.2967941 1 0.4897567 0.8333333 0.2686349 0.8333334 0.4897567 0.8333333 0.2431703 0.6666666 0.2686349 0.8333334 0.4681474 0.1666666 0.5254279 0 0.2967941 0 0.5489374 0.6666667 0.351192 0.5 0.2431703 0.6666666 0.4897567 0.8333333 0.5489374 0.6666667 0.2431703 0.6666666 0.6459187 0.3333333 0.4681474 0.1666666 0.3577717 0.3333333 0.5410682 0.5 0.6459187 0.3333333 0.3577717 0.3333333 0.6459187 0.3333333 0.6670507 0.1666666 0.4681474 0.1666666 0.6672499 0.5 0.6459187 0.3333333 0.5410682 0.5 0.6672499 0.5 0.7657881 0.3333334 0.6459187 0.3333333 0.9999836 0.43032 0.7657881 0.3333334 0.7771345 0.5 0.9999836 0.43032 0.8073515 0.1666666 0.7657881 0.3333334 0.7906833 1 1.000003 0.7645449 0.7911207 0.8333333 0.8073515 0.1666666 1.000001 0.04239851 0.7906833 0 1.000003 0.7645449 0.9999836 0.43032 0.7980477 0.6666668 0.2898679 0.3333333 6.14723e-5 0.1666666 3.72693e-6 0.3333333 3.58066e-5 0.8333333 0.2862734 0.6666667 1.03785e-6 0.6666667 0.2898679 0.3333333 0.3305493 0.1666666 6.14723e-5 0.1666666 0.4693247 0.1666666 0.3303974 0 0.3305493 0.1666666 0.3336571 0.8333334 0.4653328 0.6666666 0.3531289 0.6666667 0.4693247 0.1666666 0.5206581 0 0.3303974 0 0.5530667 0.8333334 0.4653328 0.6666666 0.3336571 0.8333334 0.6429635 0.3333334 0.4693247 0.1666666 0.4504617 0.3333333 0.474042 0.5 0.6429635 0.3333334 0.4504617 0.3333333 0.4693247 0.1666666 0.6630865 0 0.5206581 0 0.6650919 0.6666667 0.474042 0.5 0.4653328 0.6666666 0.5530667 0.8333334 0.6650919 0.6666667 0.4653328 0.6666666 0.6630865 1 0.6662476 0.8333333 0.5530667 0.8333334 0.6429635 0.3333334 0.6462549 0.1666666 0.4693247 0.1666666 0.6672855 0.5 0.6429635 0.3333334 0.474042 0.5 0.6662476 0.8333333 0.6650919 0.6666667 0.5530667 0.8333334 0.7022086 0.1666666 0.6630865 0 0.6462549 0.1666666 0.6672855 0.5 0.6995072 0.3333333 0.6429635 0.3333334 0.8377824 0.1666666 0.7782297 0 0.7022086 0.1666666 0.8377824 0.1666666 1.000043 0 0.7782297 0 1.000001 0.5684002 0.8000234 0.3333333 0.7967613 0.5 0.8007854 0.8333334 1.000001 0.5684002 0.8080152 0.6666668 0.1112765 0.1666666 1.07014e-5 0 -9.313e-7 0.1666666 5.78045e-5 0.3333333 0.1112765 0.1666666 -9.313e-7 0.1666666 0.1112765 0.1666666 0.1495701 0 1.07014e-5 0 0.1891452 0.5 5.78045e-5 0.3333333 5.02108e-6 0.5 0.312653 0.1666666 0.330056 0 0.1495701 0 0.2959293 0.6666667 0.1891452 0.5 0.1459619 0.6666667 0.2959293 0.6666667 0.3352324 0.5 0.1891452 0.5 0.370704 0.1666666 0.5157063 0 0.330056 0 0.4383421 0.6666667 0.3352324 0.5 0.353926 0.6666667 0.5288013 0.5 0.4400433 0.3333333 0.3352324 0.5 0.5320245 0.1666666 0.5157063 0 0.370704 0.1666666 0.5288013 0.5 0.5680231 0.3333333 0.4400433 0.3333333 0.6725754 0.1666666 0.7416734 0 0.5157063 0 0.7385231 0.3333333 0.6725754 0.1666666 0.5680231 0.3333333 0.7439464 0.1666666 0.7416734 0 0.6725754 0.1666666 0.7385231 0.3333333 0.7439464 0.1666666 0.6725754 0.1666666 0.7930172 0.8976501 0.7334835 0.8333334 0.7416734 1 0.7696323 0.5 0.7969053 0.3333333 0.7385231 0.3333333 0.8903713 0.5 0.7969053 0.3333333 0.7696323 0.5 0.8895585 0.6666667 0.8903713 0.5 0.7974948 0.6666667 0.8902367 0.8333333 0.8895585 0.6666667 0.7974948 0.6666667 1.000004 1 0.8902367 0.8333333 0.8907836 1 0.8903713 0.5 1.000002 0.3925652 0.8905946 0.3333333 1.000002 0.3925652 1.000003 0.05929625 0.8952434 0.1666666 0.9999999 0.7060942 1.000002 0.3925652 0.8903713 0.5 2.38827e-6 0.5 0.1333624 0.3333334 0 0.3333333 0.1363314 0.1666666 2.28537e-5 0 -8.09078e-7 0.1666666 0.1333624 0.3333334 0.1363314 0.1666666 -8.09078e-7 0.1666666 0.1363314 0.1666666 0.2824928 0 2.28537e-5 0 0.2004358 0.6666667 2.38827e-6 0.5 -5.33599e-7 0.6666666 0.3176792 0.5 0.1333624 0.3333334 2.38827e-6 0.5 0.3363502 0.1666666 0.2824928 0 0.1363314 0.1666666 0.3176792 0.5 0.3269873 0.3333333 0.1333624 0.3333334 0.3151075 0.8333333 0.3407505 0.6666667 0.2004358 0.6666667 0.4446711 0.5 0.4087358 0.3333334 0.3176792 0.5 0.564275 1 0.4452998 0.8333333 0.4376221 1 0.4446711 0.5 0.5487182 0.3333333 0.4572771 0.3333334 0.5466461 0.1666666 0.564275 0 0.4646492 0.1666666 0.5487182 0.3333333 0.5466461 0.1666666 0.4646492 0.1666666 0.7104359 0.6666668 0.5954235 0.5 0.5523023 0.6666667 0.564275 1 0.7878737 0.8333333 0.5640977 0.8333333 0.7994597 1 0.7878737 0.8333333 0.564275 1 0.7088602 0.3333333 0.8150362 0.1666666 0.6855033 0.1666666 0.8421491 0.5 0.7088602 0.3333333 0.5954235 0.5 0.8542015 0.3333334 0.8150362 0.1666666 0.7088602 0.3333333 0.8421491 0.5 0.8542015 0.3333334 0.7088602 0.3333333 0.7878737 0.8333333 0.8397133 0.6666668 0.7104359 0.6666668 1 0.1457129 0.7994597 0 0.8150362 0.1666666 0.8542015 0.3333334 1 0.1457129 0.8150362 0.1666666 1.000001 0.7344328 0.8421491 0.5 0.8397133 0.6666668 0.7994597 1 1.000001 0.7344328 0.7878737 0.8333333 0.1293682 0.6666667 0.1343538 0.5 4.51991e-7 0.6666667 0.3126375 0.3333333 8.52767e-5 0.1666666 3.73035e-6 0.3333333 0.1343538 0.5 0.3126375 0.3333333 3.73035e-6 0.3333333 8.52767e-5 0.1666666 0.3457366 0 4.23578e-5 0 0.3457366 1 0.2681269 0.8333333 2.68577e-5 0.8333333 0.5352294 0.8333333 0.3411498 0.6666666 0.2681269 0.8333333 0.6463954 0.1666666 0.3457366 0 0.3474115 0.1666666 0.3126375 0.3333333 0.6463954 0.1666666 0.3474115 0.1666666 0.6463954 0.1666666 0.6312137 0 0.3457366 0 0.6656942 0.3333333 0.6463954 0.1666666 0.3126375 0.3333333 0.6438431 0.8333333 0.6303045 0.6666667 0.5352294 0.8333333 0.6885982 1 0.6438431 0.8333333 0.6312137 1 0.6885982 1 0.7031861 0.8333333 0.6438431 0.8333333 0.6656942 0.3333333 0.7045611 0.1666666 0.6463954 0.1666666 0.7031861 0.8333333 0.6875831 0.6666667 0.6438431 0.8333333 0.7745438 0.3333333 0.7045611 0.1666666 0.6656942 0.3333333 0.7642702 0.6666667 0.6886423 0.5 0.6875831 0.6666667 0.7031861 0.8333333 0.7642702 0.6666667 0.6875831 0.6666667 0.7745438 0.3333333 0.8814968 0.1666666 0.7045611 0.1666666 0.8890901 0.5 0.7745438 0.3333333 0.6886423 0.5 0.8804171 0.6666667 0.8890901 0.5 0.6886423 0.5 1.000101 0.2740212 0.8814968 0.1666666 0.7745438 0.3333333 1 0.90187 0.8816727 0.8333333 0.8859461 1 1 0.90187 1 0.6270996 0.8816727 0.8333333 6.08324e-6 0.5818768 0.1029649 0.4134824 5.79997e-6 0.1865184 0.1464771 0.6716781 6.08324e-6 0.5818768 1.2744e-5 0.8939613 0.2836564 0.5 0.1029649 0.4134824 6.08324e-6 0.5818768 1.2744e-5 0.8939613 0.3277484 0.7393466 0.1464771 0.6716781 0.3277484 0.7393466 0.2836564 0.5 0.1464771 0.6716781 0.3339145 1 0.3277484 0.7393466 1.2744e-5 0.8939613 0.3339145 1 0.5488994 0.9063909 0.3277484 0.7393466 0.5511519 0.4145413 0.3262579 0.3333333 0.2836564 0.5 0.5516715 0.1666666 0.7716043 0 0.5483829 0 0.7697767 0.1666666 0.7716043 0 0.5516715 0.1666666 0.7734403 0.769149 0.551067 0.6666666 0.5488994 0.9063909 0.9999997 0.7117652 0.7751515 0.4201493 0.7734403 0.769149 1 1 0.9999997 0.7117652 0.7716043 1 1 0.06060475 0.7716043 0 0.7697767 0.1666666 0.9999997 0.7117652 1 0.4166653 0.7751515 0.4201493 2.5499e-6 0.4424156 0.115538 0.2897399 -1.2526e-7 0.0387789 0.18353 0.8372668 1.01411e-4 0.7822527 -1.63242e-7 1 0.115538 0.2897399 0.1136571 0 -1.2526e-7 0.0387789 0.1868212 0.4233079 0.115538 0.2897399 2.5499e-6 0.4424156 1.01411e-4 0.7822527 0.1868212 0.4233079 2.5499e-6 0.4424156 0.115538 0.2897399 0.1880488 0.07426631 0.1136571 0 0.2241955 0.6169284 0.1868212 0.4233079 1.01411e-4 0.7822527 0.1874484 1 0.2430346 0.9117828 0.18353 0.8372668 0.1868212 0.4233079 0.2344611 0.2179656 0.1880488 0.07426631 0.2430346 0.9117828 0.2241955 0.6169284 0.18353 0.8372668 0.2241955 0.6169284 0.2562809 0.4197538 0.2344611 0.2179656 0.329936 0.02861219 0.2434128 0 0.2344611 0.2179656 0.3501628 0.492075 0.3322379 0.3333333 0.2562809 0.4197538 0.2241955 0.6169284 0.3501628 0.492075 0.2562809 0.4197538 0.3378897 0.8333333 0.3501628 0.492075 0.2241955 0.6169284 0.5411218 0.8538948 0.3378897 0.8333333 0.3261508 1 0.5512577 0.1666666 0.5747146 0 0.329936 0.02861219 0.546678 0.6666667 0.5368134 0.4474142 0.3501628 0.492075 0.6316217 0.4166865 0.5512577 0.1666666 0.5368134 0.4474142 0.546678 0.6666667 0.6316217 0.4166865 0.5368134 0.4474142 0.6334384 0.0736792 0.5747146 0 0.5512577 0.1666666 0.6344787 1 0.6871575 0.9214082 0.631633 0.8050172 0.6815402 0.2166565 0.6334384 0.0736792 0.6316217 0.4166865 0.631633 0.8050172 0.6833894 0.5931831 0.6316217 0.4166865 0.7779681 0.7386536 0.769997 0.4260933 0.6833894 0.5931831 0.7779681 0.7386536 0.6833894 0.5931831 0.6871575 0.9214082 0.769997 0.4260933 0.8916363 0.2622546 0.7740741 0.07997775 1 0.2724052 1 0 0.8916363 0.2622546 1.000001 0.6110978 1 0.2724052 0.8901808 0.5 -1.14963e-5 0.8968049 0.076478 0.5953865 -1.02628e-5 0.5316092 0.08857107 1 0.09169608 0.8333334 -1.14963e-5 0.8968049 0.07661873 0.2632359 0.08857107 0.02919244 -2.35728e-5 0.2334613 0.076478 0.5953865 0.07661873 0.2632359 -1.02628e-5 0.5316092 0.1347525 0.2864719 0.07661873 0.2632359 0.076478 0.5953865 0.09169608 0.8333334 0.1339619 0.6339315 0.076478 0.5953865 0.1442996 0.924023 0.09169608 0.8333334 0.08857107 1 0.1442996 0.924023 0.1339619 0.6339315 0.09169608 0.8333334 0.1347525 0.2864719 0.2257189 0.09472703 0.1427062 0 0.1339619 0.6339315 0.2235314 0.4191893 0.1347525 0.2864719 0.2171832 1 0.2009494 0.6032978 0.1442996 0.924023 0.3273742 0.6824524 0.3421599 0.416171 0.2235314 0.4191893 0.3421599 0.416171 0.4068297 0.2453172 0.2257189 0.09472703 0.4079012 1 0.3273742 0.6824524 0.3273619 1 0.410874 0.7668099 0.4552316 0.6947498 0.3421599 0.416171 0.4552316 0.6947498 0.4640277 0.24313 0.4068297 0.2453172 -2.49333e-5 0.8333333 0.0855925 1 0.08419108 0.8333333 0.4640277 0.24313 0.5586971 0.09481447 0.4571399 0 0.5654909 1 0.5655613 0.8011329 0.4679346 0.9029702 0.5664312 0.4002643 0.4640277 0.24313 0.4552316 0.6947498 0.5655613 0.8011329 0.4552316 0.6947498 0.4679346 0.9029702 0.5655613 0.8011329 0.5664312 0.4002643 0.4552316 0.6947498 0.5654909 1 0.7613995 0.9018329 0.5655613 0.8011329 0.7613995 0.9018329 0.77357 0.6666668 0.5655613 0.8011329 0.7305632 0.1666666 0.7677929 0 0.5586971 0.09481447 0.8760141 0.6090818 0.8543371 0.3938373 0.77357 0.6666668 0.8543371 0.3938373 0.9120978 0.2538803 0.8572114 0.1191648 0.9228603 0.9234485 0.8660095 0.8333333 0.8681418 1 1.000009 0.2276924 0.9229752 0 0.9120978 0.2538803 1.000011 0.8669389 1 0.6107324 0.9238068 0.5793701 -3.67253e-5 1 0.07682329 0.9027059 -8.85854e-6 0.7048027 0.08864736 0.2392291 0.07692128 0 -2.23143e-5 0.0654 0.07682329 0.9027059 0.07606887 0.5726475 -8.85854e-6 0.7048027 0.08864736 0.2392291 0.1365819 0.08707869 0.07692128 0 0.1414494 0.3836209 0.08864736 0.2392291 0.07606887 0.5726475 0.07682329 0.9027059 0.130224 0.7570682 0.07606887 0.5726475 0.1414494 0.3836209 0.2800009 0.1666666 0.1365819 0.08707869 0.2951864 0.8615128 0.3080945 0.6413775 0.2053242 0.6815763 0.5079713 0.3899257 0.3601692 0.2299139 0.3661145 0.6280696 0.5204007 0.7567964 0.3661145 0.6280696 0.3559883 0.9064378 0.5627971 1 0.5204007 0.7567964 0.3559883 0.9064378 0.5079713 0.3899257 0.5173519 0.1666666 0.3601692 0.2299139 0.5627971 1 0.5746212 0.7563274 0.5204007 0.7567964 0.5765035 0.3781029 0.6633389 0.08402329 0.5618608 0.07206499 0.5746212 0.7563274 0.6629986 0.5736533 0.5765035 0.3781029 0.7434952 0.9080658 0.6542249 0.8333333 0.6744124 1 0.7837134 0.04931169 0.742077 0 0.7409353 0.2425391 0.7430033 0.6015528 0.7948464 0.4291189 0.7409353 0.2425391 0.809993 0.9178971 0.7978218 0.6666668 0.7777778 0.9170498 0.7837134 0.04931169 0.8895196 0.09193032 0.8102319 0 0.8875691 0.4227483 0.8895196 0.09193032 0.7837134 0.04931169 0.8877202 0.7577449 0.7978218 0.6666668 0.809993 0.9178971 1 0.2724537 0.8895196 0.09193032 0.8875691 0.4227483 1 0.2724537 1 0 0.8895196 0.09193032 1.000001 0.6113295 1 0.2724537 0.8875691 0.4227483 0.1285425 0.1381952 2.91917e-6 0 2.05822e-6 0.332917 2.50143e-6 0.6666667 0.1347869 0.5778219 2.05822e-6 0.332917 0.1884384 0.8333334 2.50143e-6 0.6666667 1.83861e-6 0.9457953 0.2760533 0.5893403 0.1285425 0.1381952 2.05822e-6 0.332917 0.1884384 0.8333334 0.1347869 0.5778219 2.50143e-6 0.6666667 0.1884384 0.8333334 0.3237966 0.6666667 0.1347869 0.5778219 0.2760533 0.5893403 0.4429591 0.1666666 0.3258903 -0.004021346 0.3237966 0.6666667 0.4421997 0.5 0.2760533 0.5893403 0.4550207 0.6968352 0.3237966 0.6666667 0.1884384 0.8333334 0.5344811 0.9929985 0.4550207 0.6968352 0.324959 1 0.4421997 0.5 0.5357477 0.2059798 0.2760533 0.5893403 0.5317531 0.5402056 0.5357477 0.2059798 0.4421997 0.5 0.5317531 0.5402056 0.4421997 0.5 0.4550207 0.6968352 0.5344811 0.9929985 0.574904 0.7551483 0.5317531 0.5402056 0.5909205 1 0.574904 0.7551483 0.5344811 0.9929985 0.5885986 0.09874236 0.531695 0 0.5357477 0.2059798 0.5317531 0.5402056 0.6190434 0.3363628 0.5357477 0.2059798 0.574904 0.7551483 0.6190434 0.3363628 0.5317531 0.5402056 0.574904 0.7551483 0.6507301 0.7782462 0.6190434 0.3363628 0.6956805 1 0.7365366 0.7502737 0.6507301 0.7782462 0.8668556 0.9098624 0.7365366 0.7502737 0.6956805 1 0.848166 0.599649 0.8626168 0.2414888 0.7371066 0.2523258 0.8626168 0.2414888 1 0.1061325 0.8645625 0 1 0.3721274 1 0.1061325 0.8626168 0.2414888 0.1086745 1 -7.40497e-6 0.8333333 0 1 0.1130875 0.1666666 0.1086745 0 -1.53673e-5 0.1666666 0.1437383 0.6666667 0.1122018 0.5 0.09074246 0.6666666 0.1338884 0.8333334 0.1437383 0.6666667 0.09074246 0.6666666 0.2418202 0.5 0.1109352 0.3333333 0.1122018 0.5 0.2418202 0.5 0.318005 0.3333333 0.1109352 0.3333333 0.4253261 1 0.2415478 0.8333333 0.2338886 1 0.2415478 0.8333333 0.44433 0.6666667 0.219025 0.6666666 0.4314433 0.5 0.318005 0.3333333 0.2418202 0.5 0.4253261 1 0.4415113 0.8333334 0.2415478 0.8333333 0.318005 0.3333333 0.4471074 0.1666666 0.2361906 0.1666666 0.4415113 0.8333334 0.44433 0.6666667 0.2415478 0.8333333 0.4527769 0.3333333 0.4471074 0.1666666 0.318005 0.3333333 0.553987 1 0.5934739 0.8333334 0.5363509 0.8333334 0.5860583 0.6666668 0.5474858 0.5 0.536388 0.6666667 0.6678264 0.3333333 0.5558202 0.1666666 0.5467804 0.3333333 0.5860583 0.6666668 0.6488839 0.5 0.5474858 0.5 0.6363638 1 0.6745548 0.8333333 0.5934739 0.8333334 0.6510874 0.1666666 0.6363638 0 0.5558202 0.1666666 0.7149171 0.1330437 0.687057 0 0.6510874 0.1666666 0.6678264 0.3333333 0.7149171 0.1330437 0.6510874 0.1666666 0.7065981 0.5 0.7723395 0.3333333 0.6678264 0.3333333 0.7838478 0.8333334 0.7211089 0.6666667 0.6745548 0.8333333 0.8506968 0.5 0.7723395 0.3333333 0.7065981 0.5 0.7838478 0.8333334 0.8758347 0.6666666 0.7211089 0.6666667 0.8874698 0.3333333 0.7910545 0.1666666 0.7723395 0.3333333 0.9040055 0.1666666 0.8799077 0 0.7910545 0.1666666 0.999921 0.3924147 0.8874698 0.3333333 0.8506968 0.5 1.000005 1 0.9053403 0.8333333 0.8799077 1 0.999921 0.3924147 1.000003 0.05948507 0.9040055 0.1666666 -3.58888e-7 0.388254 0.1203022 0.2550072 -1.36067e-7 0.03879314 0.1203022 0.2550072 0.1324289 0 -1.36067e-7 0.03879314 0.1310456 0.5807843 0.1203022 0.2550072 -3.58888e-7 0.388254 0.3316843 1 0.3316503 0.6835793 0.1243122 0.8943927 0.1203022 0.2550072 0.3342088 0.08031725 0.1324289 0 0.3127449 0.3333334 0.3342088 0.08031725 0.1203022 0.2550072 0.5471735 0.6666668 0.3477082 0.5 0.3316503 0.6835793 0.5471735 0.6666668 0.5609177 0.5 0.3477082 0.5 0.7814633 0.1666666 0.7609564 0 0.5396436 0.07337212 0.7779653 0.8580043 0.7858209 0.6666666 0.567747 0.8333334 0.7372273 0.531286 0.7814633 0.1666666 0.5831307 0.3333333 0.7814633 0.1666666 0.999994 0.03899699 0.7609564 0 0.999966 0.3882065 0.7814633 0.1666666 0.7372273 0.531286 0.999994 1 0.9999615 0.7727706 0.7779653 0.8580043 0.9999615 0.7727706 0.7858209 0.6666666 0.7779653 0.8580043 0.1038844 0.9641658 -1.08855e-5 0.7715884 0 1 0.09212255 0.1666666 0.1041304 0 -9.90222e-6 0.1338929 0.0766555 0.4033443 0.09212255 0.1666666 -9.90222e-6 0.1338929 0.07650911 0.6666667 0.0766555 0.4033443 -2.31328e-5 0.4327121 0.1038844 0.9641658 0.07650911 0.6666667 -1.08855e-5 0.7715884 0.1269569 0.7889132 0.07650911 0.6666667 0.1038844 0.9641658 0.1038844 0.9641658 0.2751526 0.8994538 0.1269569 0.7889132 0.2820429 0.6666667 0.2826693 0.5 0.1387905 0.5966523 0.2751526 0.8994538 0.2820429 0.6666667 0.1387905 0.5966523 0.2826693 0.5 0.4308873 0.3974959 0.2391089 0.2652091 0.4308873 0.3974959 0.4374703 0.1391453 0.2391089 0.2652091 0.4499326 0.7147467 0.2820429 0.6666667 0.2751526 0.8994538 0.4100683 1 0.4499326 0.7147467 0.2751526 0.8994538 0.4110034 0.5835571 0.2826693 0.5 0.2820429 0.6666667 0.4666222 0.9329527 0.4499326 0.7147467 0.4100683 1 0.4790938 0.4365302 0.4374703 0.1391453 0.4308873 0.3974959 0.4499326 0.7147467 0.4790938 0.4365302 0.4308873 0.3974959 0.5592359 1 0.5427986 0.7622665 0.4666222 0.9329527 0.4666222 0.9329527 0.5427986 0.7622665 0.4499326 0.7147467 0.5671222 0.5 0.5926899 0.2530724 0.5398649 0.2268334 0.5923281 0.7366694 0.5671222 0.5 0.5427986 0.7622665 0.781263 0.8333334 0.7787644 0.5762415 0.5923281 0.7366694 0.7974176 1 0.9999861 0.7321411 0.781263 0.8333334 0.9999948 0.1340808 0.7974176 0 0.7903807 0.2438621 0.9999952 0.4799417 0.7903807 0.2438621 0.7787644 0.5762415 0.9999861 0.7321411 0.9999952 0.4799417 0.7787644 0.5762415 1 1 0.9999861 0.7321411 0.7974176 1 -2.46235e-5 0.5662564 0.07542103 0.3333333 -9.74373e-6 0.2052317 0.07542103 0.3333333 0.07668215 0.07563436 -9.74373e-6 0.2052317 0.09363597 0.7928921 0.07602316 0.6033478 -7.25827e-6 0.8925312 0.1308469 1 0.09363597 0.7928921 0.07644802 1 0.07602316 0.6033478 0.1308544 0.4199286 0.07542103 0.3333333 0.1308469 1 0.1496093 0.7508507 0.09363597 0.7928921 0.1496093 0.7508507 0.1308544 0.4199286 0.09363597 0.7928921 0.2403689 0.4252876 0.3655265 0.1666666 0.2183529 0.1363131 0.3655265 0.1666666 0.3904818 0 0.2183529 0.1363131 0.5284909 0.9140691 0.5562893 0.6666666 0.3339021 0.6666666 0.3655265 0.1666666 0.5546283 0 0.3904818 0 0.6665481 0.2587967 0.5546283 0 0.3655265 0.1666666 0.4742909 0.3333334 0.6665481 0.2587967 0.3655265 0.1666666 0.8456994 0.5654351 0.6665481 0.2587967 0.5078974 0.5 0.7421636 0.7211026 0.8456994 0.5654351 0.5562893 0.6666666 0.8700541 0.3759388 0.8434774 0 0.6665481 0.2587967 0.8700541 0.3759388 0.9108632 0.09447371 0.8434774 0 0.9233845 0.4259189 0.9108632 0.09447371 0.8700541 0.3759388 0.9097854 0.6717138 0.9233845 0.4259189 0.8700541 0.3759388 1.000012 0.2715752 0.9108632 0.09447371 0.9233845 0.4259189 1.000012 0.2715752 1.000014 0 0.9108632 0.09447371 1.000026 0.5993754 1.000012 0.2715752 0.9233845 0.4259189 2.01309e-5 0.3882382 0.1068935 0.0434283 -1.46517e-7 0.03884381 0.1049887 1 6.32564e-6 0.7510804 -1.91041e-7 1 0.1049887 1 0.1858265 0.7609816 6.32564e-6 0.7510804 0.1858265 0.7609816 0.1072354 0.5 6.32564e-6 0.7510804 0.2008554 0.4962435 0.1068935 0.0434283 2.01309e-5 0.3882382 0.1072354 0.5 0.2008554 0.4962435 2.01309e-5 0.3882382 0.1887076 1 0.1858265 0.7609816 0.1049887 1 0.2008554 0.4962435 0.1880385 0.09213089 0.1068935 0.0434283 0.1858265 0.7609816 0.2008554 0.4962435 0.1072354 0.5 0.2288343 0.8334124 0.1858265 0.7609816 0.1887076 1 0.2430936 0.2549749 0.1880385 0.09213089 0.2008554 0.4962435 0.2575008 0.5 0.2430936 0.2549749 0.2008554 0.4962435 0.2288343 0.8334124 0.3498571 0.9489058 0.2564736 0.7478787 0.3787139 0.5882883 0.3256937 0.2444264 0.2575008 0.5 0.3787139 0.5882883 0.2575008 0.5 0.2564736 0.7478787 0.3498571 0.9489058 0.3787139 0.5882883 0.2564736 0.7478787 0.3256937 0.2444264 0.4374614 0.1596442 0.3287465 0 0.5141826 0.5 0.4451412 0.3333333 0.3787139 0.5882883 0.4451412 0.3333333 0.5225632 0.2542004 0.4374614 0.1596442 0.5141826 0.5 0.5225632 0.2542004 0.4451412 0.3333333 0.533935 0.6973111 0.5746017 0.5 0.5141826 0.5 0.5853602 0.7918566 0.5746017 0.5 0.533935 0.6973111 0.5748224 0.2561792 0.6729574 0.1168097 0.5756002 0 0.6751508 0.3907393 0.5748224 0.2561792 0.5746017 0.5 0.8086764 1 0.7764647 0.7414485 0.6640353 1 0.9077567 0.7715136 0.8651365 0.4169551 0.7764647 0.7414485 1.000002 1 0.9077567 0.7715136 0.9117491 1 1.000001 0.3942698 1.000001 0.05591726 0.9145451 0.1249271 1 0.7047798 1.000001 0.3942698 0.8651365 0.4169551 -7.16394e-7 0.3333333 0.1358438 0.3492967 -2.4585e-7 0.03891646 0.1358438 0.3492967 0.1843674 0 -2.4585e-7 0.03891646 0.1293127 0.5602502 0.1358438 0.3492967 -7.16394e-7 0.3333333 0.1843674 1 0.2950766 0.7351555 5.15633e-6 0.8972699 0.4453776 1 0.2950766 0.7351555 0.1843674 1 0.3127833 0.1666666 0.4453776 0 0.1843674 0 0.4453776 1 0.5487698 0.7606837 0.2950766 0.7351555 0.5487698 0.7606837 0.383941 0.5 0.2950766 0.7351555 0.383941 0.5 0.5525127 0.2744098 0.3741907 0.3333333 0.6315913 0.5 0.5525127 0.2744098 0.383941 0.5 0.5487698 0.7606837 0.6315913 0.5 0.383941 0.5 0.6315913 0.5 0.6321924 0.2611176 0.5525127 0.2744098 0.6322523 0.7340932 0.6315913 0.5 0.5487698 0.7606837 0.7840254 0.002587795 0.6645071 0 0.681831 0.2771871 0.7781759 0.7546372 0.7801434 0.4243587 0.6867712 0.5 0.9996361 0.9445544 0.7781759 0.7546372 0.7794628 1 0.9999831 0.5984608 0.7801434 0.4243587 0.7781759 0.7546372 0.9999831 0.5984608 0.9999442 0.294548 0.7801434 0.4243587 0.1313855 1 2.6906e-6 0.7229712 0 1 3.00505e-6 0.383886 0.1292892 0.05693459 0 0.1277584 2.6906e-6 0.7229712 0.1333708 0.5 3.00505e-6 0.383886 0.2660769 0.4132487 0.1292892 0.05693459 3.00505e-6 0.383886 0.1313855 1 0.2996002 0.8458505 0.1553642 0.6339077 0.3176956 0.6666666 0.1333708 0.5 0.1553642 0.6339077 0.3176956 0.6666666 0.2660769 0.4132487 0.1333708 0.5 0.4669564 0.5730749 0.3176956 0.6666666 0.2996002 0.8458505 0.4571502 1 0.4669564 0.5730749 0.2996002 0.8458505 0.4669564 0.5730749 0.4466194 0.4467229 0.3176956 0.6666666 0.5351646 0.4128332 0.5220556 0.08966106 0.4466194 0.4467229 0.5760054 0.9205995 0.522437 0.7688245 0.5231285 1 0.5788453 0.197158 0.6477058 0 0.5754687 0 0.5787218 0.6346004 0.6493152 0.4551303 0.5788453 0.197158 0.647087 0.9196113 0.5787218 0.6346004 0.5760054 0.9205995 0.740824 0.08514767 0.6477058 0 0.5788453 0.197158 0.647087 0.9196113 0.7557246 0.5132432 0.5787218 0.6346004 0.7418159 1 0.7571712 0.8333333 0.647087 0.9196113 0.7557246 0.5132432 0.7415234 0.3333333 0.6493152 0.4551303 0.7571712 0.8333333 0.7557246 0.5132432 0.647087 0.9196113 0.7415234 0.3333333 0.7995222 0.2579348 0.740824 0.08514767 0.8022738 0.9542348 0.8803001 0.7428436 0.8082393 0.5526351 0.8988255 0.2247666 0.8845327 0 0.7995222 0.2579348 0.8988255 0.2247666 1 0 0.8845327 0 1 0.6059066 1 0.2946445 0.8803001 0.7428436 1 0.9448903 1 0.6059066 0.8927394 0.9068453 -2.27779e-5 0.3333333 0.1105277 0.1666666 0 0.1666666 0.1109752 0.8333333 5.44046e-4 0.6666667 0 0.8333333 0.1141262 1 0.1109752 0.8333333 -1.9089e-5 1 0.1105277 0.1666666 0.1141262 0 -1.9089e-5 0 0.2424222 0.5 0.1327865 0.3333334 0.1321477 0.5 0.1316341 0.6666667 0.2424222 0.5 0.1321477 0.5 0.2903037 0.1666666 0.2232002 0 0.1105277 0.1666666 0.2424222 0.5 0.2989785 0.3333334 0.1327865 0.3333334 0.3311905 0.6666667 0.2424222 0.5 0.1316341 0.6666667 0.2232002 1 0.3331634 0.8333333 0.2305526 0.8333333 0.3331634 0.8333333 0.3311905 0.6666667 0.2305526 0.8333333 0.2903037 0.1666666 0.341253 0 0.2232002 0 0.3532674 0.5 0.4487445 0.3333333 0.3541631 0.3333333 0.5812777 0.5 0.4487445 0.3333333 0.3532674 0.5 0.6581923 1 0.4953261 0.8333333 0.4637942 1 0.6446717 0.3333333 0.7765681 0.1666666 0.4688134 0.1666666 0.6581923 1 0.7775536 0.8333334 0.4953261 0.8333333 0.7697144 0.6666668 0.7440687 0.5 0.5812777 0.5 0.7785398 1 0.7775536 0.8333334 0.6581923 1 0.7765681 0.1666666 0.7785398 0 0.6581923 0 0.7440687 0.5 0.7714365 0.3333333 0.6446717 0.3333333 0.8886113 0.4037189 0.7765681 0.1666666 0.7714365 0.3333333 0.7775536 0.8333334 0.8894526 0.6666666 0.7697144 0.6666668 0.7785398 1 0.8923642 0.950401 0.7775536 0.8333334 0.8894526 0.6666666 0.8886113 0.4037189 0.7977728 0.5 1.000002 0.89107 0.8894526 0.6666666 0.8923642 0.950401 0.8886113 0.4037189 1 0.2674685 0.891166 0.1666666 0.9999999 0.5394876 1 0.2674685 0.8886113 0.4037189 0.1582646 0.6102328 4.52061e-6 0.6109011 4.28714e-6 0.9471153 0.2352843 0.3333334 0.3085724 0.1131963 6.51705e-5 0.2499772 0.3194899 0.6666667 0.1748329 0.5 0.1582646 0.6102328 0.4539893 0.5 0.2352843 0.3333334 0.1748329 0.5 0.3188455 1 0.5518738 0.911226 0.2960885 0.8580543 0.553242 0.2490627 0.3085724 0.1131963 0.2352843 0.3333334 0.5520275 0.6666668 0.4539893 0.5 0.3194899 0.6666667 0.7636972 1 0.7722655 0.6998185 0.5518738 0.911226 0.7662799 0.1054807 0.5554639 0 0.553242 0.2490627 0.8549235 1 0.8576565 0.7871224 0.7722655 0.6998185 0.8549235 1 0.9113247 0.9132376 0.8576565 0.7871224 0.8686153 0.4106284 0.9228587 0.2640482 0.8600553 0.05898821 0.9233834 0.5954088 0.8686153 0.4106284 0.8576565 0.7871224 1.000009 0.7728015 0.9233834 0.5954088 0.9113247 0.9132376 1 1 1.000009 0.7728015 0.9113247 0.9132376 1.000009 0.7728015 1.00001 0.4631264 0.9233834 0.5954088 0.1305155 1 3.78338e-6 0.7249687 0 1 0.1360818 0.2408373 0.1305155 0 -2.08498e-7 0.1278213 7.24654e-6 0.3839229 0.1360818 0.2408373 -2.08498e-7 0.1278213 3.78338e-6 0.7249687 0.1371082 0.5546984 7.24654e-6 0.3839229 0.1870765 0.8333333 0.1371082 0.5546984 3.78338e-6 0.7249687 0.1870765 0.8333333 0.3289875 0.6248508 0.1371082 0.5546984 0.407626 0.8747332 0.1870765 0.8333333 0.1305155 1 0.407626 0.8747332 0.3289875 0.6248508 0.1870765 0.8333333 0.3447425 0.1666666 0.520659 0 0.3173014 0 0.5341153 0.4358662 0.3447425 0.1666666 0.3214175 0.3333333 0.407626 0.8747332 0.5167388 0.7121214 0.3289875 0.6248508 0.520659 1 0.5167388 0.7121214 0.407626 0.8747332 0.5341153 0.4358662 0.5560874 0.1666666 0.3447425 0.1666666 0.520659 1 0.5728354 0.9292427 0.5167388 0.7121214 0.5560874 0.1666666 0.5759599 0 0.520659 0 0.5784904 0.6666667 0.5341153 0.4358662 0.5167388 0.7121214 0.5879269 0.4097384 0.5560874 0.1666666 0.5341153 0.4358662 0.5784904 0.6666667 0.5879269 0.4097384 0.5341153 0.4358662 0.7031514 0.1848782 0.5560874 0.1666666 0.5879269 0.4097384 0.5784904 0.6666667 0.7070603 0.5626518 0.5879269 0.4097384 0.7070603 0.5626518 0.7907827 0.3048555 0.7031514 0.1848782 0.7843526 0.8259568 0.7070603 0.5626518 0.6700724 0.8922817 0.7843526 0.8259568 0.8602383 0.5966063 0.7070603 0.5626518 0.9999775 0.8333333 0.8602383 0.5966063 0.7843526 0.8259568 0.8602383 0.5966063 0.9999965 0.25275 0.7907827 0.3048555 1 0.5548943 0.9999965 0.25275 0.8602383 0.5966063 0.9999775 0.8333333 1 0.5548943 0.8602383 0.5966063 0.1293522 1 2.67653e-6 0.723962 0 1 0.1238819 0.4686434 0.1281667 0.07005053 -1.62833e-7 0.1278964 2.67653e-6 0.723962 0.1238819 0.4686434 -2.51631e-7 0.4392405 0.2040228 0.6666667 0.1238819 0.4686434 2.67653e-6 0.723962 0.1974382 0.8333333 0.2040228 0.6666667 2.67653e-6 0.723962 0.2965116 1 0.1974382 0.8333333 0.1293522 1 0.4235569 0.6337369 0.3066084 0.4086043 0.2040228 0.6666667 0.1974382 0.8333333 0.4235569 0.6337369 0.2040228 0.6666667 0.4373173 0.9016663 0.1974382 0.8333333 0.2965116 1 0.3066084 0.4086043 0.4373171 0.1666666 0.2923848 0.06230294 0.4373173 0.9016663 0.4235569 0.6337369 0.1974382 0.8333333 0.4235569 0.6337369 0.5155102 0.5720693 0.3066084 0.4086043 0.522858 0.2375569 0.4373171 0.1666666 0.5155102 0.5720693 0.574395 0.5782126 0.6508621 0.262758 0.5731998 0.2375731 0.6508621 0.262758 0.6839044 0 0.5731998 0.2375731 0.6523966 0.7534269 0.574395 0.5782126 0.5704274 0.9398217 0.6839044 1 0.7272063 0.7497009 0.6523966 0.7534269 0.7272063 0.7497009 0.6887455 0.5 0.6523966 0.7534269 0.7272063 0.7497009 0.849519 0.5860854 0.6887455 0.5 0.849519 0.5860854 0.86601 0.2530653 0.7277289 0.255194 0.8557197 0.8849044 0.8995409 0.6320635 0.849519 0.5860854 1.000008 0.7263097 0.8995409 0.6320635 0.9233807 0.7538916 0.9233835 0.238022 1 0.1133511 0.9231733 0 1.000013 0.3682286 1 0.1133511 0.9233835 0.238022 0.1419988 0.8889859 -1.97678e-7 0.7786247 0 1 0.1326573 0.1666666 0.129591 0 0 0.1276764 6.15335e-6 0.4392026 0.1326573 0.1666666 0 0.1276764 0.1321575 0.6666666 0.1895398 0.5 6.15335e-6 0.4392026 0.1419988 0.8889859 0.1321575 0.6666666 -1.97678e-7 0.7786247 0.3449867 0.2282242 0.3219997 0 0.1326573 0.1666666 6.15335e-6 0.4392026 0.3449867 0.2282242 0.1326573 0.1666666 0.1895398 0.5 0.3449867 0.2282242 6.15335e-6 0.4392026 0.3319698 0.6999815 0.1321575 0.6666666 0.1419988 0.8889859 0.3449867 0.2282242 0.5424143 0 0.3219997 0 0.540973 0.6666666 0.5357296 0.5 0.3319698 0.6999815 0.3793636 0.9220236 0.540973 0.6666666 0.3319698 0.6999815 0.5594209 0.3256499 0.5424143 0 0.3449867 0.2282242 0.5357296 0.5 0.5594209 0.3256499 0.3449867 0.2282242 0.5776388 0.7161183 0.540973 0.6666666 0.3793636 0.9220236 0.7296786 0.1666666 0.8098154 0.07968568 0.5424143 0 0.7873598 0.3005841 0.5594209 0.3256499 0.5357296 0.5 0.5776388 0.7161183 0.7534795 0.7304784 0.540973 0.6666666 0.7534795 0.7304784 0.8919206 0.5 0.7873598 0.3005841 0.999625 1 0.8921286 0.8333334 0.7345482 1 0.9999862 0.3723238 0.8098154 0.07968568 0.7873598 0.3005841 0.8919206 0.5 0.9999862 0.3723238 0.7873598 0.3005841 0.8921286 0.8333334 0.9999765 0.7215423 0.7534795 0.7304784 0.999625 1 0.9999765 0.7215423 0.8921286 0.8333334 0.9999862 0.3723238 0.999625 0.1057069 0.8098154 0.07968568 0.1292236 1 3.25026e-6 0.7244625 0 1 0.1328466 0.4420487 0.1273134 0.06679189 -2.26394e-7 0.1278975 3.25026e-6 0.7244625 0.1328466 0.4420487 -1.69392e-7 0.4391316 0.1433404 0.6896914 0.1328466 0.4420487 3.25026e-6 0.7244625 0.1292236 1 0.332974 0.8628145 0.1433404 0.6896914 0.3304526 0.6666668 0.1328466 0.4420487 0.1433404 0.6896914 0.3304526 0.6666668 0.3373252 0.5 0.1328466 0.4420487 0.3373252 0.5 0.3381748 0.2271795 0.1328466 0.4420487 0.3304526 0.6666668 0.553855 0.5812422 0.3373252 0.5 0.7691237 0.5 0.5591821 0.2922901 0.553855 0.5812422 0.7691237 0.5 0.7765205 0.2800596 0.5591821 0.2922901 0.7728804 1 0.8676462 0.9241839 0.7557762 0.7694278 0.8677638 0.4124453 0.7765205 0.2800596 0.7691237 0.5 0.8657612 0.6666668 0.8677638 0.4124453 0.7691237 0.5 0.8677638 0.4124453 0.923108 0.2414035 0.8692559 0.1666666 0.9237918 0.5877078 0.8677638 0.4124453 0.8657612 0.6666668 0.923108 0.2414035 1.000011 0 0.9226364 0 1 0.554355 1.000011 0.2975268 0.9237918 0.5877078 3.75063e-6 0.7511246 0.1359446 0.5677207 0 0.4392397 3.3733e-4 1 0.2942101 0.7422058 3.75063e-6 0.7511246 0.3083485 1 0.2942101 0.7422058 3.3733e-4 1 0.2942101 0.7422058 0.3280297 0.5539378 0.1359446 0.5677207 0.5348856 0.6026688 0.3280297 0.5539378 0.2942101 0.7422058 0.3083485 1 0.5385722 0.9216743 0.2942101 0.7422058 0.5523706 0.1666666 0.5388516 0 0.3176418 0.0555579 0.5348856 0.6026688 0.5701768 0.3333333 0.3280297 0.5539378 0.7760966 0.5 0.5701768 0.3333333 0.5348856 0.6026688 0.7977936 0.1666666 0.7709476 0 0.5523706 0.1666666 0.7760966 0.5 0.8360949 0.3333333 0.5701768 0.3333333 0.9999659 0.5389893 0.8360949 0.3333333 0.7760966 0.5 0.7763368 0.6666668 0.9999659 0.5389893 0.7760966 0.5 0.8360949 0.3333333 1 0.2273032 0.7977936 0.1666666 1 0.2273032 1 0 0.891362 0 0.9999659 0.5389893 1 0.2273032 0.8360949 0.3333333 -3.55395e-6 0.3882743 0.1299285 0.09318906 -1.20722e-7 0.03886127 0.129216 1 0.1429498 0.8333333 -1.57429e-7 1 0.3211469 0.5 0.2545662 0.3333333 0.1277513 0.5520526 0.2545662 0.3333333 0.3609124 0.1666666 0.1299285 0.09318906 0.3112068 0.6861152 0.1277513 0.5520526 0.1429498 0.8333333 0.3112068 0.6861152 0.3211469 0.5 0.1277513 0.5520526 0.3211469 0.5 0.4456148 0.3333334 0.2545662 0.3333333 0.3507198 1 0.4636259 0.7587046 0.3112068 0.6861152 0.4636259 0.7587046 0.3211469 0.5 0.3112068 0.6861152 0.5422681 0.5 0.4456148 0.3333334 0.3211469 0.5 0.4636259 0.7587046 0.5422681 0.5 0.3211469 0.5 0.5376218 1 0.4636259 0.7587046 0.3507198 1 0.5680751 0.1587603 0.3507198 0 0.3609124 0.1666666 0.4456148 0.3333334 0.5680751 0.1587603 0.3609124 0.1666666 0.6536056 0.3333333 0.5680751 0.1587603 0.4456148 0.3333334 0.5376218 1 0.6793943 0.8333334 0.4636259 0.7587046 0.6793943 0.8333334 0.6544018 0.6666666 0.4636259 0.7587046 0.7381889 0.5 0.6536056 0.3333333 0.5422681 0.5 0.6544018 0.6666666 0.7381889 0.5 0.5422681 0.5 0.8709258 0.09505516 0.6852672 0 0.8422343 0.3050114 0.6793943 0.8333334 0.8803548 0.6045851 0.6544018 0.6666666 0.8752589 1 0.6793943 0.8333334 0.6852672 1 0.8752589 1 0.9999379 0.72756 0.6793943 0.8333334 0.8803548 0.6045851 0.8422343 0.3050114 0.7381889 0.5 1.000001 0.3885472 0.8709258 0.09505516 0.8422343 0.3050114 0.9999379 0.72756 1.000001 0.3885472 0.8803548 0.6045851 1.13193e-5 0.3998314 0.2262685 0.2492871 0 0.03907489 0.2262685 0.2492871 0.2574594 0 0 0.03907489 0.2636904 0.8333334 0.2736273 0.6666667 2.34502e-6 0.724023 0.5133752 0.1666666 0.2574594 0 0.2262685 0.2492871 0.5526985 0.6666666 0.3149859 0.5 0.2736273 0.6666667 0.2636904 0.8333334 0.5526985 0.6666666 0.2736273 0.6666667 0.5575745 0.8571904 0.2636904 0.8333334 0.2574594 1 0.5526985 0.6666666 0.6124754 0.4736864 0.3149859 0.5 0.5133752 0.1666666 0.6315205 0 0.5509065 0 0.6719427 0.7151227 0.6124754 0.4736864 0.5526985 0.6666666 0.6396738 0.2514942 0.695688 0.09815573 0.6315205 0 0.6124754 0.4736864 0.6883092 0.3852375 0.6396738 0.2514942 0.6719427 0.7151227 0.7795672 0.5807352 0.6883092 0.3852375 0.7790164 0.9165519 0.6719427 0.7151227 0.6835096 1 0.8258085 0.2540276 0.7784633 0 0.695688 0.09815573 0.8258085 0.2540276 0.695688 0.09815573 0.6883092 0.3852375 0.7795672 0.5807352 0.8258085 0.2540276 0.6883092 0.3852375 0.8258085 0.2540276 0.9992827 0.1108289 0.7784633 0 0.9999682 0.7485776 0.7795672 0.5807352 0.7790164 0.9165519 0.1340009 0.8333333 4.2693e-6 0.6666666 0 0.8333333 0.2085169 1 0.1340009 0.8333333 -5.69446e-7 1 1.57279e-5 0.1666666 0.2085169 0 -5.69446e-7 0 0.1340009 0.8333333 0.1906616 0.6666667 4.2693e-6 0.6666666 0.2527946 0.1666666 0.2085169 0 1.57279e-5 0.1666666 0.2085169 1 0.3863458 0.8333333 0.1340009 0.8333333 0.2985213 0.5 0.240422 0.3333333 0.1401882 0.5 0.1906616 0.6666667 0.2985213 0.5 0.1401882 0.5 0.3697285 0.6666666 0.2985213 0.5 0.1906616 0.6666667 0.4633221 0.3333333 0.2527946 0.1666666 0.240422 0.3333333 0.4682149 0.5 0.4633221 0.3333333 0.2985213 0.5 0.5826587 0.6666667 0.4682149 0.5 0.3697285 0.6666666 0.5862753 0.8333333 0.5826587 0.6666667 0.3863458 0.8333333 0.6027251 1 0.5862753 0.8333333 0.4649266 1 0.5826587 0.6666667 0.5880705 0.5 0.4682149 0.5 0.6476857 0.1666666 0.6027251 0 0.5884569 0.1666666 0.6476857 0.1666666 0.6632742 0 0.6027251 0 0.6632742 1 0.7532528 0.9477613 0.6481531 0.8333333 0.7406613 0.5264219 0.6472398 0.5 0.6470564 0.6666666 0.7410358 0.1666666 0.7599977 0 0.6632742 0 0.837101 0.06670224 0.7599977 0 0.7410358 0.1666666 0.875 0.5839421 0.8514863 0.3333333 0.8359892 0.5857619 0.8572243 0.8796513 0.875 0.5839421 0.8359892 0.5857619 0.8978332 0.1666666 0.913134 0 0.875 0 0.875 0.5839421 0.9134631 0.4089374 0.8514863 0.3333333 0.9131656 0.7360658 0.875 0.5839421 0.8572243 0.8796513 0.9134631 0.4089374 1.000018 0.2243406 0.8978332 0.1666666 1.000018 0.2243406 1 0 0.913134 0 1.000011 0.5315557 1.000018 0.2243406 0.9134631 0.4089374 0.7275698 0.6008948 8.44611e-5 0.1666666 2.33539e-5 0.3333333 0.6600869 0.1666666 0.6483601 0 8.44611e-5 0.1666666 0.7275698 0.6008948 0.6600869 0.1666666 8.44611e-5 0.1666666 0.6483601 1 1 0.9365772 0.6740681 0.8333333 0.9999782 0.2766084 1 0 0.6483601 0 1 0.5839293 0.9999782 0.2766084 0.7275698 0.6008948 1 0.5839293 0.7275698 0.6008948 0.6829333 0.6666667 1.000005 0.5 -2.69914e-7 0.278394 -3.0445e-7 0.6263599 1.000005 1 1.000004 0.7501554 -4.16538e-7 0.868902 1.000004 0.7501554 1.000005 0.5 -3.0445e-7 0.6263599 -4.16538e-7 0.868902 1.000004 0.7501554 -3.0445e-7 0.6263599 -4.94913e-7 0.5555172 0.1161509 0.6050313 2.75296e-5 0.2049868 0.1250509 0.6666667 0.1161509 0.6050313 -4.94913e-7 0.5555172 0.1832771 0.8499128 0.1250509 0.6666667 -3.128e-7 0.8941982 0.2324457 0.2482228 2.75296e-5 0.2049868 0.1161509 0.6050313 0.1832771 0.8499128 0.3325482 0.6904003 0.2775745 0.5346261 0.2775745 0.5346261 0.4293142 0.3557182 0.2324457 0.2482228 0.5265341 0.8800379 0.4414607 0.7503786 0.4422133 1 0.4414607 0.7503786 0.5279524 0.548376 0.4293142 0.3557182 0.5279524 0.548376 0.5714286 0.2511462 0.525425 0.1666666 0.6079454 0.4665883 0.5714286 0.2511462 0.5714286 0.5816873 0.5841373 0.9317622 0.6071154 0.7506032 0.5714286 0.5816873 0.6779318 0.2451843 0.5841373 0.02889984 0.6079454 0.4665883 0.6785714 0.5800678 0.6779318 0.2451843 0.6079454 0.4665883 0.6785714 0.5800678 0.6079454 0.4665883 0.6071154 0.7506032 0.6779318 0.2451843 0.7142857 0.08139121 0.6782928 0 0.7142857 0.3945541 0.6779318 0.2451843 0.6785714 0.5800678 0.6783952 0.9387626 0.7142857 0.7507314 0.6785714 0.5800678 0.7555029 0.9356915 0.7142857 0.7507314 0.7142857 1 0.755628 0.3952687 0.8578656 0.227747 0.7555885 0.06668722 0.7568522 0.6666668 0.8425101 0.6052294 0.755628 0.3952687 0.8425101 0.6052294 0.7568522 0.6666668 0.7555029 0.9356915 1.000001 0.7236238 0.8425101 0.6052294 0.8734562 0.744602 0.8578656 0.227747 1 0.1063644 0.8594514 0 1.000001 0.3713363 1 0.1063644 0.8578656 0.227747 -5.38546e-6 0.2234845 0.2428487 0.08503729 0 0 0.2425366 1 0.2412177 0.806509 -2.25046e-6 0.8705986 0.1707732 0.3858762 0.2428487 0.08503729 -5.38546e-6 0.2234845 0.4293182 0.9002617 0.2412177 0.806509 0.2425366 1 0.3155961 0.5562642 0.4336862 0.3281637 0.2831492 0.3764861 0.4240707 0.6666668 0.4336862 0.3281637 0.3155961 0.5562642 0.4240707 0.6666668 0.5411598 0.6398627 0.4336862 0.3281637 0.5654302 0.3314539 0.5 0.250052 0.5411598 0.6398627 0.83068 0.7406039 0.7002018 0.5835483 0.7210842 0.9397844 0.83068 0.7406039 1.000004 0.5619408 0.8032552 0.4420087 1.000004 0.5619408 1.000007 0.2254076 0.8032552 0.4420087 1.000003 0.869099 1.000004 0.5619408 0.83068 0.7406039 0.2746906 0.1093115 -6.18531e-6 0 -1.69626e-6 0.2956415 0.2629117 1 0.2855493 0.8333333 -4.10277e-6 0.9438847 0.2626045 0.3333333 0.2746906 0.1093115 -1.69626e-6 0.2956415 0.2717881 0.6048341 0.2626045 0.3333333 -1.69626e-6 0.2956415 0.2855493 0.8333333 0.2717881 0.6048341 -1.35923e-6 0.604939 0.5446147 0.3049237 0.5548186 0 0.2746906 0.1093115 0.5537459 0.6666667 0.6675761 0.5084059 0.2717881 0.6048341 0.5423493 0.897512 0.5537459 0.6666667 0.2855493 0.8333333 0.754046 0.08143591 0.5548186 0 0.5446147 0.3049237 0.7484965 0.7747377 0.5537459 0.6666667 0.5423493 0.897512 0.7722806 1 0.7484965 0.7747377 0.5423493 0.897512 0.6675761 0.5084059 0.754046 0.08143591 0.5446147 0.3049237 0.7722806 1 1.000002 0.7757024 0.7484965 0.7747377 1 0.3934763 1.000003 0.1289234 0.6675761 0.5084059 -6.91488e-5 0.2368556 0.3718332 0.0800237 0 0 0.3718829 0.9983617 0.3494083 0.7322973 -6.64966e-5 0.8603903 1.000078 0.100404 0.6279718 0.08036631 0.6609764 0.3623178 0.6525139 0.7468873 1.000139 0.4247629 0.6609764 0.3623178 1.000139 0.4247629 1.000078 0.100404 0.6609764 0.3623178 -2.07879e-6 0.5555964 0.501643 0.4105985 -7.87402e-7 0.2049125 0.5019427 0.1666666 0.5013831 0 -7.87402e-7 0.2049125 0.501643 0.4105985 0.5019427 0.1666666 -7.87402e-7 0.2049125 0.5014124 0.6666668 0.501643 0.4105985 -2.07879e-6 0.5555964 0.5016301 0.9253767 0.5014124 0.6666668 -1.40228e-6 0.894275 1.000001 0.2046874 1 0 0.5013831 0 1.000001 0.8943627 1.000002 0.5558032 0.5014124 0.6666668 0 1 1 0.9461819 0 0.7500008 1 0.0833323 0 0 0 0.2499991 0.9999999 0.5907597 0 0.5 0 0.7500008 1 0.8359416 0 0.7500001 -1.77359e-7 1 0.1262171 0.9193398 8.97873e-6 0.7459337 0 1 0.2076968 0.2339667 0.1145406 0 -2.07893e-7 0.1281578 0.1267308 0.4064587 0.2076968 0.2339667 -2.07893e-7 0.1281578 8.97873e-6 0.7459337 0.1267308 0.4064587 -4.06758e-7 0.4392929 0.2059245 0.6039355 0.1267308 0.4064587 8.97873e-6 0.7459337 0.2883105 0.4222505 0.2734912 0.1983708 0.2733918 0.64206 0.3659047 0.8333333 0.2733918 0.64206 0.2693297 0.8842083 0.2734912 0.1983708 0.3748409 0.3218864 0.2723936 0 0.4083963 0.5612543 0.2883105 0.4222505 0.2733918 0.64206 0.5018652 1 0.3659047 0.8333333 0.3614999 1 0.3659047 0.8333333 0.5094776 0.6666667 0.4083963 0.5612543 0.6255356 0.4278988 0.5071308 0.04700446 0.4083963 0.5612543 0.7241904 1 0.5681279 0.8333333 0.5018652 1 0.6255356 0.4278988 0.7323846 0.1197901 0.5071308 0.04700446 0.7590085 0.6910323 0.5094776 0.6666667 0.5681279 0.8333333 0.7590085 0.6910323 0.8344604 0.5421829 0.6255356 0.4278988 0.8344604 0.5421829 0.8782097 0.2546102 0.7323846 0.1197901 1 1 1 0.794598 0.8799913 0.9549998 1 0.06057286 0.8781306 0 0.8782097 0.2546102 -2.22912e-6 0.5558202 0.1283214 0.2457436 -9.33255e-7 0.2048115 0.1283214 0.2457436 0.1622459 0 -9.33255e-7 0.2048115 0.1449696 0.736226 0.1656895 0.5 -2.22912e-6 0.5558202 0.281866 0.9002633 0.1449696 0.736226 0.1622459 1 0.1449696 0.736226 0.2796075 0.6126738 0.1656895 0.5 0.3843635 0.7443128 0.3565211 0.5498275 0.3593624 0.9603841 0.3623967 0.2511156 0.4821978 0.09744745 0.3593624 0 0.4883452 0.3875162 0.3623967 0.2511156 0.3565211 0.5498275 0.7176033 0.48699 0.6475849 0.01802784 0.4883452 0.3875162 0.5365799 0.5868337 0.7176033 0.48699 0.4883452 0.3875162 0.6466217 0.762722 0.7176033 0.48699 0.5365799 0.5868337 0.7176033 0.48699 0.8056904 0.131814 0.6475849 0.01802784 0.7853742 0.6666667 0.7176033 0.48699 0.6466217 0.762722 0.9999604 0.3885916 0.8056904 0.131814 0.7176033 0.48699 0.854512 1 0.9999625 0.7274431 0.6466217 0.762722 0.9999625 0.7274431 0.7853742 0.6666667 0.6466217 0.762722 0.225845 0.08035385 -6.91696e-6 0 -1.8314e-6 0.2954521 0.2234814 1 0.2487735 0.7781485 -4.58065e-6 0.9437056 0.2435058 0.4293465 0.225845 0.08035385 -1.8314e-6 0.2954521 0.2435058 0.4293465 0.4274902 0.3476965 0.225845 0.08035385 0.5012199 0.5879751 0.4274902 0.3476965 0.2487735 0.7781485 0.535832 0.9594521 0.5012199 0.5879751 0.4246911 0.9287096 0.7526754 1 0.7547966 0.8333333 0.535832 0.9594521 0.7561441 0.04259938 0.535832 0 0.5418462 0.2544161 1.000006 1 1.000005 0.7240634 0.7547966 0.8333333 1.000002 0.3703147 1.000004 0.06114524 0.7561441 0.04259938 -7.99083e-5 0.3880889 0.5013992 0.09244453 -1.36039e-7 0.0389049 0.5017276 1 1.20429e-5 0.7275108 -1.77464e-7 1 1.20429e-5 0.7275108 1 0.6116669 0.5017223 0.5704848 1 0.2272596 1 0 0.5013992 0.09244453 1 0.2272596 0.5013992 0.09244453 -7.99083e-5 0.3880889 -4.65402e-7 1 1 0.8333333 0 0.6028497 1 0.09467369 -4.65402e-7 0 1.43609e-7 0.226668 1 1 1 0.8333333 -4.65402e-7 1 0.4694213 0.8333333 -7.13277e-6 0.6666668 -4.04082e-7 0.8333333 0.5052674 0.1666666 0.5388993 0 6.15019e-5 0 0.6365479 0.9094315 0.4694213 0.8333333 0.5388993 1 0.5394495 0.3333333 0.6355332 0.1666666 0.5052674 0.1666666 0.6365479 0.9094315 0.5520167 0.6666668 0.4694213 0.8333333 0.6719014 0.3477516 0.6355332 0.1666666 0.5394495 0.3333333 0.5520167 0.6666668 0.6603762 0.5848514 0.5495498 0.5 0.6365479 0.9094315 0.6603762 0.5848514 0.5520167 0.6666668 0.808072 0.7275095 1 0.5827083 0.6719014 0.3477516 1 0.8967639 0.808072 0.7275095 0.7943777 1 1 0.5827083 1 0.2497421 0.8102121 0.2539948 1 0.8967639 1 0.5827083 0.808072 0.7275095 0.3002794 0.6666667 2.71835e-7 0.4449037 -4.53158e-6 0.794893 1.32292e-4 1 0.3339278 0.8333333 -4.53158e-6 0.794893 0.3270878 0.3333333 0.3375487 0.1666666 8.84321e-5 0.05217295 0.4361292 0.5 0.3270878 0.3333333 2.71835e-7 0.4449037 0.3339278 0.8333333 0.3002794 0.6666667 -4.53158e-6 0.794893 0.3375487 0.1666666 0.5838398 0 8.84321e-5 0.05217295 0.7132173 0.3604527 0.5838398 0 0.3375487 0.1666666 0.7132173 0.3604527 0.3375487 0.1666666 0.3270878 0.3333333 0.4361292 0.5 0.7132173 0.3604527 0.3270878 0.3333333 0.9999986 0.5 0.7132173 0.3604527 0.4361292 0.5 0.6820756 0.6666667 0.9999986 0.5 0.4361292 0.5 -2.57173e-5 0.7231368 0.3437251 0.4333979 -6.17423e-5 0.3637364 0.3437251 0.4333979 0.3478831 0.1666666 -6.17423e-5 0.3637364 0.3677434 0.8914108 0.4226216 0.7089405 -2.57173e-5 0.7231368 0.6255427 0.09407806 0.4107298 0 0.3478831 0.1666666 0.4226216 0.7089405 0.5940019 0.4286186 0.3437251 0.4333979 0.6548841 0.7641587 0.5940019 0.4286186 0.4226216 0.7089405 1.000047 0.7276948 0.5940019 0.4286186 0.6548841 0.7641587 1.000041 0.3751434 1 0.1005783 0.6255427 0.09407806 -5.84626e-7 0.2426956 1.000005 0.08345699 -6.78368e-7 0 -3.50069e-7 0.5 1.000006 0.4123848 -5.84626e-7 0.2426956 -3.5976e-7 0.6666667 1.000005 0.4914582 0 0.3948678 1.000005 0.8333333 -3.5976e-7 0.6666667 -4.3052e-7 0.9596111 1.000005 1 1.000005 0.8333333 -4.3052e-7 0.9596111 1.000005 0.4914582 1.000005 0.08346337 -6.11747e-7 0.07056123 1.000005 0.8333333 1.000005 0.4914582 -3.5976e-7 0.6666667 0.2077851 1 5.3564e-5 0.8333333 -1.0014e-6 1 5.13098e-5 0.1666666 0.2077851 0 -1.0014e-6 0 -1.96123e-6 0.5 0.2143976 0.3333333 -3.99289e-7 0.3333333 0.2437603 0.1666666 0.2077851 0 5.13098e-5 0.1666666 0.2143976 0.3333333 0.2437603 0.1666666 5.13098e-5 0.1666666 0.3097751 0.8333334 0.3752464 0.6666667 0.2527545 0.6666668 0.3697932 1 0.3951261 0.8333333 0.3097751 0.8333334 0.3754711 0.1666666 0.4909327 0 0.3697932 0 0.4909327 1 0.50875 0.8333333 0.3951261 0.8333333 0.5647655 0.1666666 0.6447893 0 0.4909327 0 0.6447893 1 0.6713802 0.8333334 0.50875 0.8333333 0.6713802 0.8333334 0.8291329 0.6666668 0.5492624 0.6666667 0.9996914 0.3763574 0.7840288 0.3333333 0.7512971 0.5 0.9999952 1 0.8561689 0.8333334 0.8106648 1 0.8352698 0.1666666 0.9999974 0.05733144 0.8106648 0 0.9996914 0.3763574 0.8352698 0.1666666 0.7840288 0.3333333 0.9999952 1 1 0.7695445 0.8561689 0.8333334 0.8561689 0.8333334 1 0.7695445 0.8291329 0.6666668 1.19059e-5 0.3333333 0.1954561 0.1666666 -1.44874e-6 0.03938353 0.222782 0.8333334 9.93914e-5 0.6666667 0 0.8333333 0.2203792 1 0.222782 0.8333334 -1.89701e-6 1 0.1954561 0.1666666 0.2203792 0 -1.44874e-6 0.03938353 0.2542929 0.3333333 0.1954561 0.1666666 1.19059e-5 0.3333333 0.4780876 0.1666666 0.2203792 0 0.1954561 0.1666666 0.5282263 1 0.222782 0.8333334 0.2203792 1 0.5719531 0.3333333 0.4780876 0.1666666 0.2542929 0.3333333 0.3619661 0.5 0.5719531 0.3333333 0.2542929 0.3333333 0.5282263 1 0.5805672 0.8333334 0.222782 0.8333334 0.5805672 0.8333334 0.5376514 0.6666667 0.222782 0.8333334 0.725418 0.5 0.5719531 0.3333333 0.3619661 0.5 0.725418 0.5 0.8175272 0.4141604 0.5719531 0.3333333 0.9999865 0.599299 0.725418 0.5 0.5376514 0.6666667 0.9999865 0.599299 0.8175272 0.4141604 0.725418 0.5 -1.24378e-6 0.5 0.3224745 0.3333333 -1.1142e-6 0.2073826 0.1854012 0.1666666 1.50424e-5 0 -1.1142e-6 0.2073826 0.3224745 0.3333333 0.1854012 0.1666666 -1.1142e-6 0.2073826 0.2898231 0.6666667 0.2144571 0.5 -1.24378e-6 0.5 0.1854012 0.1666666 0.3296152 0 1.50424e-5 0 0.3371257 0.8333333 0.2898231 0.6666667 4.28506e-6 0.8333333 0.3893913 0.1666666 0.3296152 0 0.1854012 0.1666666 0.2898231 0.6666667 0.3885099 0.5 0.2144571 0.5 0.4227328 0.3333333 0.3893913 0.1666666 0.3224745 0.3333333 0.3885099 0.5 0.4227328 0.3333333 0.3224745 0.3333333 0.5919714 0.1666666 0.6098302 0 0.4290878 0 0.6119002 0.6666667 0.5739728 0.5 0.4270353 0.6666667 0.658545 0.4147135 0.5919714 0.1666666 0.5697843 0.3333334 0.5739728 0.5 0.658545 0.4147135 0.5697843 0.3333334 0.6119002 0.6666667 0.658545 0.4147135 0.5739728 0.5 0.7998115 0.1666666 0.6098302 0 0.5919714 0.1666666 0.8030295 0.4154284 0.7998115 0.1666666 0.658545 0.4147135 0.8056474 1 1 0.9329904 0.8080131 0.8333333 1 0.2055966 1 0 0.8056474 0 6.44538e-7 0.7218496 0.339922 0.5 -3.20802e-6 0.3722835 0.2981204 0.3333333 1.43291e-4 0.1666666 -3.20802e-6 0.3722835 0.339922 0.5 0.2981204 0.3333333 -3.20802e-6 0.3722835 0.315105 0.8333333 0.5419011 0.7326831 6.44538e-7 0.7218496 1.43291e-4 0.1666666 0.6096655 0 4.94437e-5 0 0.6000192 0.1666666 0.6096655 0 1.43291e-4 0.1666666 0.339922 0.5 0.5764887 0.4395612 0.2981204 0.3333333 0.5419011 0.7326831 0.5764887 0.4395612 0.339922 0.5 0.5419011 0.7326831 0.6666667 0.5828543 0.5764887 0.4395612 0.7677436 0.2537214 0.6000192 0.1666666 0.5764887 0.4395612 0.7324114 0.8516221 0.7695928 0.5940333 0.6666667 0.5828543 1.000044 0.4453333 0.7677436 0.2537214 0.7695928 0.5940333 1.000044 0.4453333 1.000032 0.1333035 0.7677436 0.2537214 1.00009 0.7569006 1.000044 0.4453333 0.7695928 0.5940333 1.00047 0.7696061 -2.61223e-7 0.6117808 -2.47619e-6 0.9598324 0.4905494 1 1.00047 0.7696061 -2.47619e-6 0.9598324 0.51692 0.6079943 0.9978493 0.4992555 -7.33539e-7 0.2709389 0.9999995 0.1062781 0.4914674 0.09998184 0.9978493 0.4992555 0.5002087 0.6666668 -3.55093e-6 0.4447277 -1.1022e-5 0.7960026 0.4999142 1 0.4998642 0.8333334 -1.1022e-5 0.7960026 0.5047085 0.3333333 0.5045582 0.1666666 -1.37393e-5 0.1017255 0.5133308 0.5 0.5047085 0.3333333 -3.55093e-6 0.4447277 0.4998642 0.8333334 0.5002087 0.6666668 -1.1022e-5 0.7960026 1.000016 0.2264402 0.4999142 0 0.5045582 0.1666666 0.5002087 0.6666668 1 0.5981788 0.5133308 0.5 1.000001 0.8715075 1 0.5981788 0.5002087 0.6666668 1.000006 0.5801521 -3.23588e-7 0.2500196 0 0.6049611 1.000005 0.2501459 1.000007 0 -3.23588e-7 0.2500196 1.000006 0.5801521 1.000005 0.2501459 -3.23588e-7 0.2500196 1.000006 0.923909 1.000006 0.5801521 -1.9915e-7 0.8944754 0.1566559 0.8333333 -8.50888e-7 0.6666666 7.77837e-5 0.9612699 0.1116147 0.5163062 0.1498798 0.3333333 2.11589e-5 0.2437797 0.2244648 0.06006777 7.7711e-5 0 2.11589e-5 0.2437797 0.1566559 0.8333333 0.2788938 0.5291138 0.1116147 0.5163062 0.2788938 0.5291138 0.3720535 0.3437464 0.1498798 0.3333333 0.2361124 1 0.4217589 0.741396 0.1566559 0.8333333 0.4217589 0.741396 0.2788938 0.5291138 0.1566559 0.8333333 0.3741471 0.1666666 0.4490822 0.1379489 0.2244648 0.06006777 0.4996123 0.916343 0.4217589 0.741396 0.3806228 1 0.5067387 0.3333333 0.4490822 0.1379489 0.3720535 0.3437464 0.4217589 0.741396 0.5156173 0.5792513 0.3720535 0.3437464 0.5267105 0.158958 0.4989645 0 0.4490822 0.1379489 0.4996123 0.916343 0.5156173 0.5792513 0.4217589 0.741396 0.5067387 0.3333333 0.6151782 0.2018234 0.5267105 0.158958 0.6115077 0.7456932 0.5156173 0.5792513 0.4996123 0.916343 0.7068533 0.5 0.6151782 0.2018234 0.5156173 0.5792513 0.6115077 0.7456932 0.7068533 0.5 0.5156173 0.5792513 0.7068533 0.5 0.706236 0.3047352 0.6151782 0.2018234 0.7652654 0.6176465 0.7068533 0.5 0.7081558 0.7162281 0.7881643 0.4235358 0.760309 0.2588909 0.7652654 0.6176465 0.8815057 0.02362567 0.7879541 0 0.760309 0.2588909 0.8831747 0.4191819 0.8815057 0.02362567 0.7881643 0.4235358 0.8718822 0.8333333 0.9993901 0.56112 0.7652654 0.6176465 0.9993901 0.56112 1 0.294373 0.8831747 0.4191819 1 0.9450739 0.9993901 0.56112 0.8718822 0.8333333 0.4080407 1 2.08058e-5 0.7782622 0 1 0.4992029 0.252246 0.4080407 0 1.33757e-4 0.1279214 2.1414e-4 0.439187 0.4992029 0.252246 1.33757e-4 0.1279214 0.3517528 0.5430813 0.4992029 0.252246 2.1414e-4 0.439187 0.534926 0.7214058 0.3517528 0.5430813 2.08058e-5 0.7782622 0.99777 0.4987758 0.4992029 0.252246 0.3517528 0.5430813 0.999934 0.9610477 0.534926 0.7214058 0.4080407 1 0.9999571 0.6666667 0.99777 0.4987758 0.534926 0.7214058 -2.6482e-5 0.2250395 0.5024881 0.07831555 0 0 0.5022436 1 0.5028409 0.8333333 -1.05214e-5 0.8704422 0.5022317 0.3333333 0.5024881 0.07831555 -2.6482e-5 0.2250395 0.5024918 0.5918197 0.5022317 0.3333333 -1.61289e-5 0.5612197 0.5028409 0.8333333 0.5024918 0.5918197 -1.05214e-5 0.8704422 1.000017 0.5613391 1.000028 0.2248842 0.5022317 0.3333333 1.000011 0.8702819 1.000017 0.5613391 0.5024918 0.5918197 0.1864842 0.8531596 1.34835e-5 0.8048792 0 1 0.1605288 0.6666667 0.1560094 0.5 -4.12049e-7 0.4392718 0.3148525 0.5535429 0.2608645 0.03072112 0.1555675 0.2884446 0.3135764 0.7177866 0.1605288 0.6666667 0.1864842 0.8531596 0.4891702 0.4188234 0.2608645 0.03072112 0.3148525 0.5535429 0.4786401 0.1666666 0.4832553 0 0.2608645 0.03072112 0.4891702 0.4188234 0.4786401 0.1666666 0.2608645 0.03072112 0.5858896 0.9124266 0.4921209 0.6666667 0.4797022 0.9382079 0.4891702 0.4188234 0.5876169 0.3447963 0.4786401 0.1666666 0.6252079 0.5749968 0.5876169 0.3447963 0.4921209 0.6666667 0.6437312 0.9608725 0.6252079 0.5749968 0.5858896 0.9124266 0.7352412 1 0.7499529 0.7514139 0.6437312 0.9608725 0.7410414 0.04632723 0.6437312 0 0.6468401 0.2539114 0.6620849 0.5 0.752161 0.4202867 0.6468401 0.2539114 0.7499529 0.7514139 0.752161 0.4202867 0.6620849 0.5 0.752161 0.4202867 0.8956853 0.2383979 0.7410414 0.04632723 0.8958235 0.5771041 0.752161 0.4202867 0.7499529 0.7514139 0.8956853 0.2383979 1.000001 0 0.8479085 0 1 0.6056146 1 0.2950588 0.8958235 0.5771041 1.000001 0.9444473 1 0.6056146 0.8777338 0.89472 -7.40864e-6 0.1666666 0.3521918 0 0 0 0.3298848 0.483659 0.3258433 0.2901234 4.38173e-5 0.5795385 0.3450551 0.9221584 4.38173e-5 0.5795385 -1.84445e-6 0.871464 0.3450551 0.9221584 0.3298848 0.483659 4.38173e-5 0.5795385 0.7104517 0.1232132 0.3521918 0 0.3258433 0.2901234 0.3298848 0.483659 0.7113659 0.4241648 0.3258433 0.2901234 0.7385597 1 0.7291311 0.7320889 0.3450551 0.9221584 0.7291311 0.7320889 0.7113659 0.4241648 0.3298848 0.483659 1.000001 0.2726246 0.7104517 0.1232132 0.7113659 0.4241648 1.000001 0.2726246 1.000001 0 0.7104517 0.1232132 1.000001 0.6110355 1.000001 0.2726246 0.7113659 0.4241648 0.3381273 0.7550129 -3.5608e-6 0.6666666 -8.53437e-7 0.9614813 0.317029 1 0.3381273 0.7550129 -8.53437e-7 0.9614813 0.3381273 0.7550129 0.3310431 0.4349818 -3.5608e-6 0.6666666 0.3310431 0.4349818 0.3608883 0.1366888 2.54957e-5 0.09564185 0.5791133 0.8195459 0.3381273 0.7550129 0.317029 1 0.6044945 0.2503625 0.3608883 0.1366888 0.3310431 0.4349818 0.5791133 0.8195459 0.6558859 0.6805611 0.3310431 0.4349818 0.6044945 0.2503625 0.7694011 0.07473891 0.607944 0 0.7718766 0.4206075 0.6044945 0.2503625 0.6558859 0.6805611 0.7698805 1 1.000021 0.7725081 0.7705251 0.7488412 1 0.3888944 1.000029 0.132031 0.7718766 0.4206075 1.53368e-7 0.2455502 1 0.07590812 0 0 0.9999999 0.6640589 0 0.5833329 0 0.9166681 0.3031718 0.6666667 6.41839e-5 0.4702737 -4.6703e-6 0.7953423 0.321064 1 0.3346043 0.8333334 -4.6703e-6 0.7953423 0.3252851 0.3333333 0.3505629 0.1666666 -5.96254e-6 0.1030981 0.3346043 0.8333334 0.3031718 0.6666667 -4.6703e-6 0.7953423 0.5112357 0.4525862 0.3252851 0.3333333 6.41839e-5 0.4702737 0.7230746 0.8170114 0.3346043 0.8333334 0.321064 1 0.5112357 0.4525862 0.3505629 0.1666666 0.3252851 0.3333333 0.999948 0.2301235 0.7087054 0 0.3505629 0.1666666 0.5112357 0.4525862 0.999948 0.2301235 0.3505629 0.1666666 0.6798549 0.6666668 0.9998438 0.5 0.5112357 0.4525862 0.7230746 0.8170114 0.9999997 0.8942717 0.6798549 0.6666668 0.3231685 0.6666668 1.96084e-6 0.4443445 -9.80988e-6 0.7936831 0.3202911 1 0.3815158 0.8333333 -9.80988e-6 0.7936831 0.3306098 0.3333334 0.3383859 0.1666666 -6.6584e-6 0.09919738 0.4064416 0.5 0.3306098 0.3333334 1.96084e-6 0.4443445 0.3815158 0.8333333 0.3231685 0.6666668 -9.80988e-6 0.7936831 1.000093 1 0.3815158 0.8333333 0.3202911 1 0.4064416 0.5 0.9967396 0.4981299 0.3306098 0.3333334 0.3815158 0.8333333 0.9963982 0.7902274 0.3231685 0.6666668 0.9963982 0.7902274 0.9967396 0.4981299 0.4064416 0.5 1.000093 1 0.9963982 0.7902274 0.3815158 0.8333333 0.2066029 0.6666667 8.57612e-7 0.5 -2.05879e-6 0.7938026 0.1800472 1 0.1940762 0.8333333 -2.05879e-6 0.7938026 0.2010481 0.5 0.1654385 0.3333333 8.57612e-7 0.5 0.1940762 0.8333333 0.2066029 0.6666667 -2.05879e-6 0.7938026 0.4735853 0.3333333 0.2738153 0.1666666 0.1654385 0.3333333 0.2010481 0.5 0.4735853 0.3333333 0.1654385 0.3333333 0.440338 1 0.1940762 0.8333333 0.1800472 1 0.5715043 0.5 0.4735853 0.3333333 0.2010481 0.5 0.440338 1 0.4958927 0.8333334 0.1940762 0.8333333 0.6645085 0.6666668 0.5715043 0.5 0.2066029 0.6666667 0.4735853 0.3333333 0.6888051 0.1666666 0.2738153 0.1666666 0.732697 1 0.4958927 0.8333334 0.440338 1 0.801502 0.3333333 0.6888051 0.1666666 0.4735853 0.3333333 0.5715043 0.5 0.801502 0.3333333 0.4735853 0.3333333 0.9999502 0.5 0.801502 0.3333333 0.5715043 0.5 0.7818598 0.8333333 1 0.8930356 0.6645085 0.6666668 0.6553573 0.6666666 2.60005e-4 0.5 5.98497e-5 0.6666667 0.6710383 0.05507326 2.03549e-4 0 3.14982e-4 0.1666666 0.6603137 0.4350168 0.6710383 0.05507326 3.14982e-4 0.1666666 0.6553573 0.6666666 0.6603137 0.4350168 2.60005e-4 0.5 0.6728194 0.8333333 0.6553573 0.6666666 3.02356e-5 0.8333333 0.6758905 1 1 0.9305635 0.6728194 0.8333333 0.9999992 0.2071058 1 0 0.6710383 0.05507326 0.1331777 0.1666666 -6.56143e-5 0 0 0.1666666 -1.43858e-5 0.6666666 0.159126 0.5 -2.16794e-5 0.363826 0.1530202 1 0.1129974 0.8333334 -6.56143e-5 1 0.1474898 0.3333333 0.1331777 0.1666666 -2.16794e-5 0.363826 0.159126 0.5 0.1474898 0.3333333 -2.16794e-5 0.363826 0.1129974 0.8333334 0.1502581 0.6666668 -1.43858e-5 0.6666666 0.1853085 0.8333333 0.1502581 0.6666668 0.1129974 0.8333334 0.1474898 0.3333333 0.2259161 0.1666666 0.1331777 0.1666666 0.2658134 0.3333333 0.2259161 0.1666666 0.1474898 0.3333333 0.3443451 0.5 0.2658134 0.3333333 0.159126 0.5 0.3649051 0.3333333 0.352826 0.1666666 0.2658134 0.3333333 0.3443451 0.5 0.3649051 0.3333333 0.2658134 0.3333333 0.4967537 0.6666667 0.3443451 0.5 0.3157084 0.6666667 0.4886551 0.8333333 0.4967537 0.6666667 0.3667787 0.8333333 0.6882807 0.8333334 0.4967537 0.6666667 0.4886551 0.8333333 0.6882807 0.8333334 0.7948256 0.6666667 0.4967537 0.6666667 0.5245093 0.3333334 0.8031486 0.1711225 0.5155876 0.1666666 0.8128821 1 0.9999763 0.8735949 0.6882807 0.8333334 0.9999763 0.8735949 0.7948256 0.6666667 0.6882807 0.8333334 1.000001 0.2513198 0.8128821 0 0.8031486 0.1711225 0.7948256 0.6666667 1.000002 0.5440716 0.7868346 0.5 0.9999763 0.8735949 1.000002 0.5440716 0.7948256 0.6666667 0.1793544 0.1666666 -5.61844e-6 0 -2.91926e-6 0.2926441 0.1959367 1 0.1925719 0.8333333 -5.61844e-6 1 0.1923375 0.3333333 0.1793544 0.1666666 -2.91926e-6 0.2926441 5.67042e-5 0.5 0.1923375 0.3333333 -2.91926e-6 0.2926441 0.1925719 0.8333333 0.2026668 0.6666668 -1.93194e-7 0.7216024 0.222061 0.5 0.1923375 0.3333333 5.67042e-5 0.5 0.2026668 0.6666668 0.222061 0.5 5.67042e-5 0.5 0.3939018 0.8333333 0.2026668 0.6666668 0.1925719 0.8333333 0.4003136 0.6666667 0.3686493 0.5 0.2026668 0.6666668 0.4003136 0.6666667 0.4587302 0.5 0.3686493 0.5 0.6021966 1 0.5853473 0.8333333 0.3987302 1 0.5612537 0.6666668 0.6121746 0.5 0.4587302 0.5 0.6121746 0.5 0.723747 0.3333333 0.5706647 0.3333333 0.7340779 0.6609544 0.6121746 0.5 0.5612537 0.6666668 0.8220538 1 0.7340779 0.6609544 0.6021966 1 0.6510638 0.1666666 0.8220538 0 0.6021966 0 0.850077 0.2325192 0.8220538 0 0.6510638 0.1666666 0.723747 0.3333333 0.850077 0.2325192 0.6510638 0.1666666 0.8280382 0.5 0.850077 0.2325192 0.723747 0.3333333 0.850077 0.2325192 1.000002 0.2277687 0.8220538 0 1 0.5706316 1.000002 0.2277687 0.8280382 0.5 1 0.5706316 0.8280382 0.5 0.853581 0.7421961 0.4218235 0.6666667 1.66569e-4 0.5 4.98333e-5 0.6666667 0.4218235 0.6666667 0.4969309 0.5 1.66569e-4 0.5 0.6104005 0.7092199 0.4218235 0.6666667 0.2194187 0.8333333 0.6729719 0.9053667 0.6104005 0.7092199 0.4985959 1 0.4969309 0.5 0.7045715 0.4159724 0.4438318 0.3333333 0.6104005 0.7092199 0.7045715 0.4159724 0.4969309 0.5 0.7045715 0.4159724 0.8267353 0.246466 0.740141 0.03361517 0.827675 0.9046017 0.7975416 0.662037 0.75 0.9172223 0.8267353 0.246466 1.00003 0.05700492 0.8260589 0 1.000046 1 1.000045 0.7381432 0.827675 0.9046017 1.000015 0.3666118 1.00003 0.05700492 0.8267353 0.246466 0.5440342 0.8474703 1.71143e-5 0.8333333 0 1 0.3130484 0.1666666 0.3504633 0 -1.76218e-6 0.1263307 2.26785e-5 0.3333333 0.3130484 0.1666666 -1.76218e-6 0.1263307 0.5550833 0.3333333 0.3130484 0.1666666 2.26785e-5 0.3333333 0.3297231 0.6666666 0.6069687 0.4602007 6.09421e-6 0.5320046 0.5440342 0.8474703 0.3297231 0.6666666 1.71143e-5 0.8333333 0.3130484 0.1666666 0.6049411 0.09585899 0.3504633 0 0.5550833 0.3333333 0.6049411 0.09585899 0.3130484 0.1666666 0.6730391 0.6666666 0.6069687 0.4602007 0.3297231 0.6666666 0.6036858 1 0.7291265 0.8333333 0.5440342 0.8474703 0.7291265 0.8333333 0.6730391 0.6666666 0.5440342 0.8474703 0.7692654 1 0.7291265 0.8333333 0.6036858 1 0.6730391 0.6666666 0.7709165 0.426546 0.6069687 0.4602007 1.000026 0.3940111 0.7697739 0.08838838 0.7709165 0.426546 1.00003 1 1 0.767681 0.7291265 0.8333333 0.7291265 0.8333333 1 0.767681 0.6730391 0.6666666 0.4989015 1 5.11848e-7 0.7781807 0 1 0.4959151 0.1666666 0.4989015 0 -5.24008e-6 0.1277021 0.5023523 0.4338751 0.4959151 0.1666666 -5.24008e-6 0.1277021 0.5083138 0.6666668 0.5023523 0.4338751 -4.77137e-6 0.4366955 0.5166206 0.8333333 0.5083138 0.6666668 5.11848e-7 0.7781807 0.4989015 1 1 0.9344622 0.5166206 0.8333333 0.9999994 0.2061859 1 0 0.4989015 0 -2.88397e-7 0.1666666 1.000005 0.07603275 0 0 1.000006 0.3333333 -2.88397e-7 0.1666666 -2.44832e-7 0.5615462 1.000006 0.3333333 1.000005 0.07603275 -2.88397e-7 0.1666666 1.000006 0.9419299 1.000006 0.5760931 -2.44832e-7 0.5615462 -9.82562e-7 0.3333333 1.000005 0.1666666 0 0.04027402 1.000004 0.4983755 -9.82562e-7 0.3333333 -2.4232e-7 0.6873331 1.000005 0.1666666 1.000005 0 0 0.04027402 1.000004 0.4983755 1.000005 0.1666666 -9.82562e-7 0.3333333 1.000005 0.9094175 1.000004 0.4983755 -2.4232e-7 0.6873331 1.36387e-4 1 0.3691318 0.8333334 2.9438e-5 0.8333333 0.3582456 0.3333333 8.05298e-5 0.1666666 8.41282e-6 0.3333333 0.3873631 1 0.3691318 0.8333334 1.36387e-4 1 0.5304346 0.1666666 0.3873631 0 8.05298e-5 0.1666666 0.5397801 0.3333334 0.5304346 0.1666666 0.3582456 0.3333333 0.4055704 0.5 0.5397801 0.3333334 0.3582456 0.3333333 0.505219 0.6666667 0.6137281 0.5 0.4055704 0.5 0.6352499 0.1666666 0.5880867 0 0.5304346 0.1666666 0.6137281 0.5 0.6329537 0.3333333 0.5397801 0.3333334 0.5427321 0.8333333 0.6314296 0.7731384 0.505219 0.6666667 0.6352499 0.1666666 0.8013867 0 0.5880867 0 0.8013175 0.6666667 0.6137281 0.5 0.6314296 0.7731384 0.8013867 1 0.8009266 0.8333334 0.6314296 0.7731384 0.8062545 0.3994269 0.6329537 0.3333333 0.6137281 0.5 0.8009266 0.8333334 0.8013175 0.6666667 0.6314296 0.7731384 1 0.08629995 0.8013867 0 0.8043622 0.1666666 0.8009266 0.8333334 1 0.7500086 0.8013175 0.6666667 1.00031 0.770653 -4.40783e-7 0.6118764 -1.6544e-6 0.9601445 0.4899767 1 1.00031 0.770653 -1.6544e-6 0.9601445 0.4918097 0.1666666 0.4899767 0 -2.17436e-6 0 0.5124119 0.5 0.9985304 0.499491 -4.31905e-7 0.2715378 0.5189046 0.6666666 0.5124119 0.5 -4.40783e-7 0.6118764 0.9999998 0.1054009 0.4918097 0.1666666 0.9985304 0.499491 0.6520128 1 1 0.9345817 0.6750548 0.8333334 1.000001 0.1666666 1 0 0.6520128 0 1 0.5013014 1.000001 0.1666666 0.7147025 0.39905 1 0.5013014 0.7147025 0.39905 0.6747996 0.5 1 0.5013014 0.6747996 0.5 0.6849977 0.6666667 -3.62441e-5 0.2352286 0.1163226 0 0 0 0.1163226 0.9671508 0.09812164 0.7393537 -1.43361e-5 0.8714731 0.0983299 0.3996224 0.1262921 0.2177734 -3.62441e-5 0.2352286 0.1690226 0.5518353 0.0983299 0.3996224 0.09812164 0.7393537 0.1690226 0.5518353 0.1856097 0.257079 0.1262921 0.2177734 0.2910937 0.2303435 0.18857 0 0.1856097 0.257079 0.1884684 0.9278842 0.2895326 0.7078034 0.1690226 0.5518353 0.4082939 0.8462799 0.2895326 0.7078034 0.1884684 0.9278842 0.2910937 0.2303435 0.5176036 0.09736365 0.2893942 0 0.4283707 0.3338677 0.5176036 0.09736365 0.2910937 0.2303435 0.5275703 0.7703461 0.5165574 0.4672061 0.4082939 0.8462799 0.5165574 0.4672061 0.5176036 0.09736365 0.4283707 0.3338677 0.5864741 0.9481757 0.5275703 0.7703461 0.5139505 1 0.5956898 0.2418406 0.5176036 0.09736365 0.5165574 0.4672061 0.5275703 0.7703461 0.5834112 0.5857678 0.5165574 0.4672061 0.6133456 0.759361 0.5834112 0.5857678 0.5864741 0.9481757 0.5956898 0.2418406 0.7139713 0.1011092 0.5864741 0 0.7079976 0.402381 0.5956898 0.2418406 0.5834112 0.5857678 0.718436 0.7892434 0.7079976 0.402381 0.6133456 0.759361 0.718436 0.7892434 0.8585039 0.4084714 0.7079976 0.402381 0.8585039 0.4084714 0.8735523 0.08597171 0.7139713 0.1011092 0.8778463 0.7440786 1 0.4443722 0.8585039 0.4084714 1 1 1.000001 0.7947596 0.8733631 1 -4.3545e-6 0.1666666 0.1625273 0.1093522 0 0 0.1509291 1 0.1645376 0.7467114 -2.58143e-6 0.7846159 0.1658255 0.4061904 0.1625273 0.1093522 -4.3545e-6 0.1666666 0.3240952 0.8452714 0.1645376 0.7467114 0.1509291 1 0.3681616 0.2768715 0.3374015 0 0.3079668 0.2934075 0.3681616 0.2768715 0.3079668 0.2934075 0.2898775 0.6273993 0.3240952 0.8452714 0.4775099 0.937687 0.3799308 0.7616051 0.603985 0.5906202 0.5996292 0.2712116 0.4874955 0.2586424 0.603985 0.5906202 0.7291797 0.2642079 0.5996292 0.2712116 0.8119665 0.492215 0.7291797 0.2642079 0.603985 0.5906202 0.8698708 1 0.8669916 0.7183945 0.7284651 0.9380526 0.8119665 0.492215 0.8711099 0.2573127 0.7291797 0.2642079 0.8669916 0.7183945 1.000001 0.4434216 0.8119665 0.492215 1 1 1.000002 0.7951388 0.8698708 1 1 0.05977463 0.8698708 0 0.8711099 0.2573127 -2.19538e-6 0.2220238 0.2781907 0.1787514 0 0 0.2148657 1 0.2359918 0.7284375 -8.73121e-7 0.8718771 0.2774216 0.3964377 0.2781907 0.1787514 -2.19538e-6 0.2220238 0.5293754 1 0.2359918 0.7284375 0.2148657 1 0.709999 0.2599258 0.5293754 0 0.2781907 0.1787514 0.5262444 0.6666666 0.6977238 0.5 0.2774216 0.3964377 0.9998762 0.9616819 0.7003393 0.8333333 0.5293754 1 0.709999 0.2599258 0.9998763 0 0.5293754 0 1.000013 0.6111776 0.6977238 0.5 0.5262444 0.6666666 1.000001 0.2723299 0.9998763 0 0.709999 0.2599258 1.000013 0.6111776 1.000001 0.2723299 0.6977238 0.5 0.2718068 0.2232101 -8.67936e-5 0 -1.47876e-6 0.294835 0.2697702 0.617447 0.2718068 0.2232101 -1.47876e-6 0.294835 0.3256732 0.8333333 0.2697702 0.617447 -1.3087e-6 0.6056827 0.6884569 0.9187213 0.3256732 0.8333333 -8.50039e-5 0.944474 0.6548425 0.4065875 0.663765 0.1666666 0.2718068 0.2232101 0.6525405 0.6666666 0.6548425 0.4065875 0.2697702 0.617447 0.6884569 0.9187213 0.6525405 0.6666666 0.3256732 0.8333333 1.000003 0.2043169 1 0 0.6781968 0 1.000005 0.8944311 1.000007 0.5565981 0.6525405 0.6666666 -1.41372e-5 0.55532 0.433923 0.3333333 -7.59253e-7 0.2052184 0.433923 0.3333333 0.2862035 0.09035813 -7.59253e-7 0.2052184 0.5455529 0.7504579 0.433923 0.3333333 -1.41372e-5 0.55532 0.5455529 0.7504579 -1.41372e-5 0.55532 0.2682275 0.7510399 0.6653593 0.8691963 0.2682275 0.7510399 0.2884436 1 0.433923 0.3333333 0.6618503 0.1666666 0.2862035 0.09035813 0.6653593 0.8691963 0.5455529 0.7504579 0.2682275 0.7510399 1.000002 0.2048256 1 0 0.6769477 0 1.34047e-6 0.3884134 0.1175718 0.1263042 -1.24696e-7 0.03875458 0.1073515 1 0.110828 0.7087693 -1.62476e-7 1 0.110828 0.7087693 0.1607533 0.5 -2.69256e-7 0.727329 0.255119 0.8708587 0.110828 0.7087693 0.1073515 1 0.1607533 0.5 0.2584973 0.254406 1.34047e-6 0.3884134 0.2543427 0.6666667 0.1607533 0.5 0.110828 0.7087693 0.2584973 0.254406 0.2418767 0 0.1175718 0.1263042 0.3351912 0.5419415 0.2584973 0.254406 0.1607533 0.5 0.3374624 0.2463353 0.3984881 0.08734524 0.3380194 0 0.3979282 0.3676925 0.3374624 0.2463353 0.3351912 0.5419415 0.3371924 0.907454 0.375 0.7497827 0.3351912 0.5419415 0.4155883 0.742433 0.5019396 0.4877145 0.3979282 0.3676925 0.5704887 1 0.6301059 0.8333333 0.5001538 0.6890378 0.6399354 0.422376 0.5847822 0.3072708 0.5019396 0.4877145 0.6301059 0.8333333 0.6804885 0.5787259 0.5001538 0.6890378 0.6879864 1 0.6301059 0.8333333 0.5704887 1 0.5847822 0.3072708 0.7274793 0.08243381 0.523054 0.1006675 0.6879864 1 0.8416722 0.7265579 0.6301059 0.8333333 0.8607554 0.4733222 0.7274793 0.08243381 0.6399354 0.422376 0.6301059 0.8333333 0.8416722 0.7265579 0.6804885 0.5787259 0.856411 1 0.8416722 0.7265579 0.6879864 1 1.000001 0.3887627 0.8638435 0.03178018 0.8607554 0.4733222 1 1 1 0.7276634 0.8416722 0.7265579 1 0.7276634 1.000001 0.3887627 0.8607554 0.4733222 0.2404791 0.1666666 -3.41001e-5 0 8.96195e-5 0.2947483 0.382304 0.8924279 0.2531677 0.7520468 -3.35038e-5 0.9447593 0.2531677 0.7520468 0.3711079 0.4080942 8.3994e-6 0.6057117 0.5369883 0.4314112 0.6327427 0.3198332 0.5374264 0.05817663 0.552723 0.7170037 0.6309194 0.538657 0.5369883 0.4314112 0.6572569 0.07625609 0.6 0 0.6327427 0.3198332 0.552723 0.7170037 0.6580845 0.7621016 0.6309194 0.538657 0.6565505 1 0.8017843 0.9239785 0.6580845 0.7621016 0.8014202 0.2577649 0.6572569 0.07625609 0.6327427 0.3198332 0.8004712 0.583881 0.6309194 0.538657 0.6580845 0.7621016 1 0.7270527 1.000001 0.4615134 0.8004712 0.583881 1 0.7270527 0.8004712 0.583881 0.8017843 0.9239785 1.8276e-6 0.6100197 0.213839 0.4703028 0 0.2056134 0.3345431 0.005015909 0.196822 0 0 0.2056134 0.213839 0.4703028 0.3345431 0.005015909 0 0.2056134 0.2081089 0.8804115 1.8276e-6 0.6100197 0 0.893984 0.2081089 0.8804115 0.3293984 0.6666667 1.8276e-6 0.6100197 0.3395707 0.404622 0.3731725 0.1605288 0.3345431 0.005015909 0.3394782 0.920216 0.3293984 0.6666667 0.2081089 0.8804115 0.4376873 0.5321742 0.3395707 0.404622 0.3293984 0.6666667 0.4376873 0.5321742 0.4593074 0.2594435 0.3731725 0.1605288 0.433968 0.8799794 0.5244085 0.7421094 0.4376873 0.5321742 0.6580695 0.8617303 0.5244085 0.7421094 0.433968 0.8799794 0.5244085 0.7421094 0.650381 0.6418141 0.4376873 0.5321742 0.8303114 0.1024793 0.6221807 0 0.6097441 0.2229567 0.6580695 0.8617303 0.8460805 0.7641659 0.650381 0.6418141 1.000001 0.7225282 0.8107699 0.4367724 0.8460805 0.7641659 1.000001 0.3718066 1 0.1062839 0.8303114 0.1024793 0.4006226 0.899101 0.2260401 0.7617734 -8.26977e-6 0.943295 0.5534038 0.722089 0.2803342 0.5 0.2260401 0.7617734 0.5534038 0.722089 0.6202495 0.5468603 0.2803342 0.5 0.7415822 0.3731196 0.6202761 -0.001253962 0.5442399 0.2850415 0.6202495 0.5468603 0.7415822 0.3731196 0.5442399 0.2850415 0.7705886 0.06745356 0.6202761 -0.001253962 0.7415822 0.3731196 0.619751 0.9496413 0.7698273 0.7392184 0.6202495 0.5468603 0.7716995 1 1.000035 0.8957127 0.7698273 0.7392184 1.000041 0.2017654 1 0 0.7705886 0.06745356 1.000035 0.8957127 1.000099 0.5705435 0.7698273 0.7392184 0.3405852 0.2315149 -2.78359e-5 0 -7.06248e-6 0.2960857 0.5024343 1 0.3406686 0.7708874 -1.82015e-5 0.9423144 0.5018943 0.5 0.3405852 0.2315149 -7.06248e-6 0.2960857 0.5993631 0.2357522 0.5024343 0 0.3405852 0.2315149 0.5018943 0.5 0.5993631 0.2357522 0.3405852 0.2315149 0.5993631 0.2357522 1.000029 0 0.5024343 0 1.00001 0.6051854 0.5018943 0.5 0.6008487 0.7674022 1.00001 0.6051854 1.000007 0.2963991 0.5018943 0.5 1.000019 0.9422506 1.00001 0.6051854 0.6008487 0.7674022 0 1 0.9999999 0.924093 -1.84042e-7 0.7455508 1 0.6121784 0.9999998 0.2941186 0 0.4240934 2.13915e-6 0.4442663 0.1959066 0.1666666 -1.26837e-7 0.03893589 0.2486976 0.6667515 1.2115e-5 0.6666667 -1.35253e-7 0.9695399 0.1824774 1 0.2486976 0.6667515 -1.35253e-7 0.9695399 0.1959066 0.1666666 0.1824774 0 -1.26837e-7 0.03893589 0.1959066 0.1666666 0.4668726 0.1287373 0.1824774 0 0.489839 0.5 0.3876013 0.3333334 0.2163031 0.4933384 0.4718389 0.686658 0.489839 0.5 0.2486976 0.6667515 0.489839 0.5 0.6592428 0.3333333 0.3876013 0.3333334 0.7466629 0.5936285 0.489839 0.5 0.4718389 0.686658 0.5814304 0.8333333 0.7466629 0.5936285 0.4718389 0.686658 0.8408528 0.7508518 0.7466629 0.5936285 0.5814304 0.8333333 0.8530631 0.5 0.8613872 0.2651659 0.7466629 0.5936285 0.8391369 1 0.9004755 0.9715173 0.8408528 0.7508518 0.8530631 0.5 0.9138762 0.3311673 0.8613872 0.2651659 0.9136406 0.736985 0.8408528 0.7508518 0.9004755 0.9715173 1.000017 0.229788 1 0 0.9004755 0 1.000011 0.5329262 1.000017 0.229788 0.9138762 0.3311673 0.1942451 0.07014429 -3.6538e-6 0 -9.95886e-7 0.2946955 0.1982263 1 0.1924668 0.7566465 -2.43618e-6 0.9444585 0.1941925 0.4306846 0.1942451 0.07014429 -9.95886e-7 0.2946955 0.3969945 0.5781427 0.1941925 0.4306846 0.1924668 0.7566465 0.5731752 0.5859547 0.4800258 0.3333333 0.3969945 0.5781427 0.7858735 0.3333333 0.8703952 0.2183074 0.7711537 0.08271002 0.8693396 1 1.000017 0.8951359 0.8725295 0.7708619 1.000038 0.5669106 0.8703952 0.2183074 0.8552747 0.5465307 1.000016 0.2014418 1 0 0.8693396 0 1.000017 0.8951359 1.000038 0.5669106 0.8725295 0.7708619 2.76625e-5 0.2794073 0.2690498 0 0 0 0.325107 0.4951624 3.28727e-5 0.5 -7.6302e-7 0.8346786 0.2646698 0.9140518 0.325107 0.4951624 -7.6302e-7 0.8346786 0.7091858 0.2626234 0.2690498 0 0.3198445 0.3284078 0.7142301 0.5 0.3198445 0.3284078 0.325107 0.4951624 0.64398 0.6666668 0.7142301 0.5 0.325107 0.4951624 0.7192055 0.9170995 1.000002 0.611355 0.64398 0.6666668 1.000001 0.2724583 1.000001 0 0.7091858 0.2626234 1.000002 0.611355 1.000001 0.2724583 0.7142301 0.5 0.5070286 0.07689034 -2.24157e-5 0 -5.82784e-6 0.2952361 0.5116048 1 0.5017415 0.8333334 -1.47959e-5 0.9433445 0.502308 0.3333333 0.5070286 0.07689034 -5.82784e-6 0.2952361 0.501911 0.5730162 0.502308 0.3333333 -5.82784e-6 0.2952361 0.5017415 0.8333334 0.501911 0.5730162 -5.56973e-6 0.6056249 1.000006 0.3712737 1 0.10658 0.5070286 0.07689034 0.9999998 0.9166669 -7.60846e-7 0.6666667 0 0.9166663 0.9999998 0.2754241 1 0 1.77017e-7 0.1149058 0.9999999 0.9166668 -1.58781e-7 0.7544485 -3.07385e-7 1 -1.82878e-7 0.4166678 1 0.2574263 -2.78202e-7 0.08333295 0.9999998 0.5833327 -1.82878e-7 0.4166678 -1.58781e-7 0.7544485 4.05167e-4 0.2230151 0.2137188 0 0 0 0.2071591 0.5570313 4.05167e-4 0.2230151 -2.1665e-6 0.5609578 0.2767696 0.8615559 0.2071591 0.5570313 -1.88585e-6 0.87162 0.4816051 0.09287428 0.2137188 0 4.05167e-4 0.2230151 0.7092586 0.4339979 0.4816051 0.09287428 0.3625251 0.3949087 0.5030746 1 0.7412553 0.7847931 0.2767696 0.8615559 0.7412553 0.7847931 0.5343216 0.6666667 0.2767696 0.8615559 0.7412553 0.7847931 0.7092586 0.4339979 0.5343216 0.6666667 1.000002 0.2723926 0.7834159 0.0823782 0.7092586 0.4339979 1.000002 0.2723926 1.000001 0 0.7834159 0.0823782 1.000003 0.6108461 1.000002 0.2723926 0.7092586 0.4339979 0.160347 0.1666666 8.8373e-5 0 -9.16925e-7 0.1666666 5.70833e-5 0.3333333 0.160347 0.1666666 -9.16925e-7 0.1666666 6.75304e-6 0.6666667 0.2039083 0.5 2.14584e-7 0.5 0.3098174 1 0.3283563 0.8333333 8.8373e-5 1 0.3485423 0.1666666 0.3098174 0 0.160347 0.1666666 0.3283563 0.8333333 0.3663826 0.6666667 0.2481999 0.6666667 0.3729159 0.3333333 0.4406965 0.1666666 0.3485423 0.1666666 0.4406965 0.1666666 0.507826 0 0.3895218 0 0.4890465 0.6666667 0.3759638 0.5 0.3663826 0.6666667 0.507826 1 0.5074792 0.8333333 0.3984 0.8333333 0.5074792 0.8333333 0.4890465 0.6666667 0.3984 0.8333333 0.7328308 0.6666667 0.5110039 0.5 0.4890465 0.6666667 0.7328308 0.6666667 0.7074796 0.5 0.5110039 0.5 0.7041358 0.1666666 0.7261009 0 0.507826 0 0.7261009 1 0.7776883 0.8957424 0.7092589 0.8333333 0.7081199 0.3333333 0.7726646 0.2487791 0.7041358 0.1666666 0.7776883 0.8957424 0.7328308 0.6666667 0.7092589 0.8333333 0.7776883 0.8957424 0.8777979 0.7532687 0.7328308 0.6666667 0.8850312 -0.004499435 0.7874205 0 0.7726646 0.2487791 0.772875 0.5 0.8733688 0.433896 0.7726646 0.2487791 0.8777979 0.7532687 0.8733688 0.433896 0.772875 0.5 0.8848938 1 0.8777979 0.7532687 0.7776883 0.8957424 1 0.5643144 0.9999999 0.2276955 0.8733688 0.433896 1 0.5643144 0.8733688 0.433896 0.8777979 0.7532687 0.2399713 0.8333334 0.243227 0.6666667 2.66945e-7 0.6044825 0.3421753 1 0.4671475 0.8333334 0.2399713 0.8333334 0.4652138 0.6666667 0.3551728 0.5 0.243227 0.6666667 0.584239 0.1666666 0.7343931 0 0.3421753 0 0.7719022 0.3333333 0.584239 0.1666666 0.3972518 0.3333333 0.9999876 0.07979077 0.7343931 0 0.584239 0.1666666 0.7719022 0.3333333 0.9999876 0.07979077 0.584239 0.1666666 0.9999846 1 1 0.7487851 0.8179422 0.7161816 1 0.3975778 0.9999876 0.07979077 0.7719022 0.3333333 1 0.3975778 0.7719022 0.3333333 0.788385 0.5 0.8179422 0.7161816 1 0.7487851 0.7916138 0.6666667 5.74415e-5 0.8333333 0.5413408 0.6666666 7.40316e-6 0.6666667 0.4947406 0.1666666 0.4709897 0 7.04804e-5 0.1666666 0.4520462 0.5 0.5751164 0.3333334 2.41593e-5 0.3548682 0.5026675 0.8333334 0.5413408 0.6666666 5.74415e-5 0.8333333 0.4947406 0.1666666 0.9999951 0.08550375 0.4709897 0 1.000002 0.417308 0.9999951 0.08550375 0.5751164 0.3333334 1.000002 0.417308 0.5751164 0.3333334 0.4520462 0.5 0.5413408 0.6666666 1.000002 0.417308 0.4520462 0.5 0.3076601 0.1666666 -5.04765e-6 0 -3.18905e-6 0.2929992 0.3448957 1 0.3109183 0.8333333 -5.04765e-6 1 0.2971739 0.3333333 0.3076601 0.1666666 -3.18905e-6 0.2929992 6.42309e-5 0.5 0.2971739 0.3333333 -3.18905e-6 0.2929992 0.3109183 0.8333333 0.3306933 0.6666667 0 0.7216005 0.5436453 0.5 0.2971739 0.3333333 6.42309e-5 0.5 0.2971739 0.3333333 0.6022258 0.261467 0.3076601 0.1666666 0.5436453 0.5 0.6022258 0.261467 0.2971739 0.3333333 0.5644794 0.7392188 0.3306933 0.6666667 0.3109183 0.8333333 0.5644794 0.7392188 0.6666667 0.5827369 0.5436453 0.5 0.7319389 0.8496732 0.7695209 0.5941587 0.6666667 0.5827369 1.000046 0.4446188 0.7675431 0.2541111 0.7695209 0.5941587 1.000046 0.4446188 1.000033 0.1333882 0.7675431 0.2541111 1.000089 0.7576733 1.000046 0.4446188 0.7695209 0.5941587 0.5002289 0.6666667 -8.20575e-6 0.4447702 -1.2543e-5 0.7959387 0.5003228 1 0.5006117 0.8333333 -1.2543e-5 0.7959387 0.5052872 0.3333333 0.5050297 0.1666666 -1.39241e-5 0.1014174 0.5057014 0.5 0.5052872 0.3333333 -8.20575e-6 0.4447702 0.5006117 0.8333333 0.5002289 0.6666667 -1.2543e-5 0.7959387 1.000018 0.2265361 0.5003228 0 0.5050297 0.1666666 0.5002289 0.6666667 1.000014 0.559132 0.5057014 0.5 1.000014 0.559132 1.000018 0.2265361 0.5052872 0.3333333 1.000002 0.8717696 1.000014 0.559132 0.5002289 0.6666667 -6.44353e-7 1 1.000005 0.9047775 -2.81336e-7 0.7023809 -2.81336e-7 0.7023809 1.000005 0.5834514 -6.15482e-7 0.416651 1.000005 0.9047775 1.000005 0.5834514 -2.81336e-7 0.7023809 0.1178136 0.8869529 -4.23674e-7 0.7783401 0 1 0.1245555 0.2929781 0.1226334 0 -1.81615e-7 0.1278308 0.1178136 0.8869529 0.1249981 0.5940771 -4.23674e-7 0.7783401 0.2378699 0.4482891 0.1245555 0.2929781 0.1249981 0.5940771 0.2505984 1 0.2700098 0.7349557 0.2128548 0.7492695 0.2378699 0.4482891 0.268898 0.2674733 0.2361509 0.05991524 0.2700098 0.7349557 0.2378699 0.4482891 0.2128548 0.7492695 0.3568539 0.2312542 0.2361509 0.05991524 0.268898 0.2674733 0.2378699 0.4482891 0.3568539 0.2312542 0.268898 0.2674733 0.3568539 0.2312542 0.5000154 0.08426517 0.3585723 0 0.4983043 0.5827727 0.2378699 0.4482891 0.2700098 0.7349557 0.7090565 0.4169691 0.5003585 0.3333333 0.4983043 0.5827727 0.4983038 0.8333334 0.7220102 0.7366962 0.4983043 0.5827727 0.7799037 0.9050163 0.7220102 0.7366962 0.710121 1 0.772288 0.2431632 0.7103258 0.08721679 0.7090565 0.4169691 0.7220102 0.7366962 0.781569 0.5959963 0.7090565 0.4169691 0.772288 0.2431632 0.8733797 0.1201255 0.7722341 0 0.8731662 0.8333333 0.781569 0.5959963 0.7799037 0.9050163 0.9999971 0.5607717 0.8779751 0.3333333 0.781569 0.5959963 0.9999971 0.5607717 1.000001 0.221974 0.8779751 0.3333333 -2.30995e-7 0.3881052 0.2994664 0.1666666 -1.31911e-7 0.038998 0.2994664 0.1666666 0.2671535 0 -1.31911e-7 0.038998 0.2671535 1 0.3692779 0.7771471 6.65278e-6 0.8922571 0.3692779 0.7771471 0.4783366 0.4576909 0.1954482 0.4847066 0.4783366 0.4576909 0.2994664 0.1666666 0.1954482 0.4847066 0.2994664 0.1666666 0.6082286 0 0.2671535 0 0.7618609 0.02222782 0.6082286 0 0.2994664 0.1666666 0.4783366 0.4576909 0.7618609 0.02222782 0.2994664 0.1666666 0.6667364 0.8457502 0.653281 0.6703604 0.3692779 0.7771471 0.7881483 0.636523 0.653281 0.6703604 0.6667364 0.8457502 0.8632115 1 0.7881483 0.636523 0.7792868 1 0.8049578 0.3068463 0.877137 0.1648795 0.7618609 0.02222782 0.8643842 0.6701938 0.885779 0.5 0.8049578 0.3068463 1.000021 1 1.000038 0.7323874 0.8643842 0.6701938 1.000038 0.7323874 1.000022 0.3971366 0.885779 0.5 0.2665087 1 2.86213e-4 0.7274975 -2.23875e-7 1 8.78339e-6 0.5 0.2656028 0.4921708 8.90607e-4 0.2476221 0.2790983 0.6666666 8.78339e-6 0.5 2.86213e-4 0.7274975 0.4026597 0.2709257 0.2665087 0 8.90607e-4 0.2476221 0.2656028 0.4921708 0.4026597 0.2709257 8.90607e-4 0.2476221 0.5157401 0.896938 0.2790983 0.6666666 2.86213e-4 0.7274975 0.5649453 0.61277 0.4026597 0.2709257 0.2656028 0.4921708 0.2790983 0.6666666 0.5649453 0.61277 0.2656028 0.4921708 0.5649453 0.61277 0.593732 0.2514209 0.4026597 0.2709257 0.593732 0.2514209 0.6369348 0 0.5380599 0 0.6320537 0.5 0.593732 0.2514209 0.5649453 0.61277 0.6336345 0.9190075 0.5649453 0.61277 0.5157401 0.896938 0.6336345 0.9190075 0.8002302 0.5954874 0.5649453 0.61277 0.8057225 0.08696693 0.6369348 0 0.593732 0.2514209 0.8002302 0.5954874 0.8003494 0.3333333 0.6320537 0.5 1.000003 1 1.000004 0.7226232 0.805047 0.8333333 1.000002 0.37159 1.000002 0.06097692 0.8057225 0.08696693 -7.03755e-6 0.2232561 0.2748233 0 0 0 0.2748233 1 0.2134312 0.7247431 -2.7003e-6 0.8714054 0.1794365 0.3908586 0.311895 0.2535303 -7.03755e-6 0.2232561 0.2134312 0.7247431 0.4879881 0.5286461 0.1794365 0.3908586 0.7067999 1 0.4746595 0.8333333 0.2748233 1 0.4879881 0.5286461 0.6651734 0.2345164 0.311895 0.2535303 0.7990245 0.7163226 0.7900216 0.4358646 0.4879881 0.5286461 0.7990245 0.7163226 1.000003 0.4439249 0.7900216 0.4358646 1 1 1.000005 0.7950597 0.7067999 1 1 0.05938714 0.7067999 0 0.6651734 0.2345164 0.5021189 0.08849602 -2.63169e-5 0 -6.63108e-6 0.2955795 0.5024076 1 0.5018745 0.8333334 -1.72954e-5 0.942866 0.5024587 0.3333333 0.5021189 0.08849602 -6.63108e-6 0.2955795 0.5021066 0.5743064 0.5024587 0.3333333 -6.63108e-6 0.2955795 0.5018745 0.8333334 0.5021066 0.5743064 -9.07094e-6 0.6056344 1.000009 0.6054762 1.000007 0.2957793 0.5021066 0.5743064 1.000018 0.9429082 1.000009 0.6054762 0.5018745 0.8333334 -1.17238e-5 0.222951 0.5019201 0.07766133 0 0 0.5016557 1 0.502252 0.8333333 -4.56182e-6 0.8715339 0.5016849 0.3333333 0.5019201 0.07766133 -1.17238e-5 0.222951 0.5018971 0.5921737 0.5016849 0.3333333 -5.54261e-6 0.5609155 0.502252 0.8333333 0.5018971 0.5921737 -4.56182e-6 0.8715339 1.000006 0.5610479 1.000012 0.22294 0.5016849 0.3333333 1.000004 0.8713729 1.000006 0.5610479 0.5018971 0.5921737 0.9999999 0.9166665 -2.47608e-7 0.8333334 -2.47608e-7 1 0.1278997 0.9248253 -6.56103e-7 0.8333333 0 1 0.1214557 0.1982477 0.1294201 0 4.86916e-6 0.2489297 0.1278997 0.9248253 0.1521764 0.6375033 -6.56103e-7 0.8333333 0.1521764 0.6375033 0.1214557 0.1982477 4.86916e-6 0.2489297 0.225728 0.4102301 0.1214557 0.1982477 0.1521764 0.6375033 0.2117663 0.9231613 0.1521764 0.6375033 0.1278997 0.9248253 0.225728 0.4102301 0.2721943 0.09424751 0.2125719 0 0.2646487 0.746059 0.225728 0.4102301 0.1521764 0.6375033 0.2646487 0.746059 0.1521764 0.6375033 0.2117663 0.9231613 0.2943669 0.4086019 0.2721943 0.09424751 0.225728 0.4102301 0.2646487 0.746059 0.2943669 0.4086019 0.225728 0.4102301 0.3648551 1 0.3591554 0.7596151 0.2731197 1 0.4608684 0.945499 0.3591554 0.7596151 0.3648551 1 0.4594315 0.3333333 0.4605169 0.07697165 0.3660457 0.03889703 0.4594315 0.3333333 0.5142738 0.2600594 0.4605169 0.07697165 0.5142738 0.2600594 0.5913478 0.09759384 0.5142073 0 0.5889794 1 0.6472485 0.9830346 0.5210307 0.8585933 0.6369084 0.2869614 0.5913478 0.09759384 0.6033692 0.493628 0.6981788 0.8574759 0.6033692 0.493628 0.6472485 0.9830346 0.6369084 0.2869614 0.7507536 0.2530158 0.6477646 0.05715429 0.7507536 0.2530158 0.9998724 0.1279891 0.7505004 0 0.894643 0.597586 0.750061 0.5 0.751518 0.7527186 1.000011 0.7781356 0.9999368 0.4390679 0.894643 0.597586 -3.56826e-7 0.388234 0.2385703 0.3356735 5.27583e-4 0.03872323 0.1689363 0.5704266 0.2385703 0.3356735 -3.56826e-7 0.388234 0.3598663 0.902735 0.2823888 0.6912347 0.2806102 1 0.361697 0.2449944 0.2815277 0.03489261 0.2385703 0.3356735 0.361697 0.2449944 0.4871003 0 0.3581344 0 0.4845394 0.9380731 0.4898709 0.5872697 0.3598663 0.902735 0.6660062 1 0.6493409 0.8333334 0.4845394 0.9380731 0.662629 0.07760554 0.4871003 0 0.4904477 0.2556208 0.8106061 1 0.8422771 0.8686971 0.6660062 1 0.809476 0.4260024 0.823754 0.1082712 0.6667254 0.3333333 0.8422771 0.8686971 0.8461409 0.6719684 0.6669623 0.574339 0.823754 0.1082712 1.000011 0 0.8844787 0 1 0.5581973 1.000008 0.2972654 0.8461409 0.6719684 0.1735293 0.2439033 -5.05665e-5 0 -2.66596e-5 0.3029318 0.199461 0.5866299 0.1735293 0.2439033 -2.66596e-5 0.3029318 0.1987864 0.9107936 0.199461 0.5866299 -5.86763e-5 0.5992236 0.3005236 0.2408295 0.1998431 0 0.1735293 0.2439033 0.3005236 0.2408295 0.3311015 0 0.1998431 0 0.3403005 0.6404339 0.3005236 0.2408295 0.199461 0.5866299 0.4950452 0.2498432 0.6309486 0.05198293 0.3311015 0 0.6290898 0.9888393 0.3403005 0.6404339 0.3311052 0.9125506 0.6290898 0.9888393 0.6638785 0.7627437 0.3403005 0.6404339 0.7820234 0.95168 0.6638785 0.7627437 0.6290898 0.9888393 0.7987853 0.196473 0.6309486 0.05198293 0.6659546 0.4278454 0.6638785 0.7627437 0.7762307 0.545648 0.6659546 0.4278454 0.8276487 0.7670084 0.7762307 0.545648 0.7820234 0.95168 0.7987853 0.196473 1.000095 0 0.7820234 0 1.000021 0.604817 0.7762307 0.545648 0.8276487 0.7670084 1.000021 0.604817 1.000023 0.297864 0.7762307 0.545648 1.000057 0.9334594 1.000021 0.604817 0.8276487 0.7670084 -1.97918e-6 0.5552356 0.3747804 0.3623164 -9.20741e-7 0.2053061 0.3747804 0.3623164 0.2368499 0.07088273 -9.20741e-7 0.2053061 0.2270286 0.7130131 0.3747804 0.3623164 -1.97918e-6 0.5552356 0.2270286 0.7130131 0.4228776 0.7031442 0.3747804 0.3623164 0.4228776 0.7031442 0.5277746 0.4285382 0.3747804 0.3623164 0.7225577 0.7389618 0.7064712 0.4233862 0.5239694 0.7170314 0.7225577 0.7389618 0.5239694 0.7170314 0.5365549 0.9511417 0.7225577 0.7389618 0.8276357 0.6642813 0.7064712 0.4233862 1 1 1.000024 0.8022138 0.7555071 1 1.000036 0.4342031 1.00005 0.1019465 0.8266311 0.3333333 -9.43484e-6 0.1666666 0.3537054 0 0 0 0.2975783 0.4930292 0.3262984 0.28189 -2.45718e-6 0.4441503 0.3459447 0.9219713 0.2975783 0.4930292 5.39394e-5 0.7541142 0.7107216 0.1214191 0.3537054 0 0.3262984 0.28189 0.7379313 1 0.9993218 0.6113631 0.3459447 0.9219713 0.9993218 0.6113631 0.6779635 0.4776657 0.2975783 0.4930292 1.000002 0.2725573 0.7107216 0.1214191 0.6779635 0.4776657 1.000002 0.2725573 1.000001 0 0.7107216 0.1214191 0.9993218 0.6113631 1.000002 0.2725573 0.6779635 0.4776657 0.2726518 0.09047412 -1.8492e-5 0 -4.61436e-6 0.295714 0.2649173 1 0.2815205 0.7989489 -1.21296e-5 0.9426558 0.3233451 0.4740457 0.2726518 0.09047412 -4.61436e-6 0.295714 0.5611727 0.6666667 0.3233451 0.4740457 0.2815205 0.7989489 0.5451596 0.2800103 0.5603306 0 0.2726518 0.09047412 0.546155 0.9022745 0.5611727 0.6666667 0.2815205 0.7989489 0.7549263 0.07242482 0.5603306 0 0.5451596 0.2800103 0.7484064 0.7725557 0.5611727 0.6666667 0.546155 0.9022745 0.7713915 1 0.7484064 0.7725557 0.546155 0.9022745 0.7100266 0.5067011 0.7549263 0.07242482 0.5451596 0.2800103 0.7713915 1 1.000007 0.7761135 0.7484064 0.7725557 1 0.3920776 1.00001 0.1290447 0.7100266 0.5067011 0.5075992 0.07408708 -1.35913e-5 0 -3.67419e-6 0.2951206 0.5124889 1 0.501574 0.8333333 -9.02277e-6 0.9439777 0.5021229 0.3333333 0.5075992 0.07408708 -3.67419e-6 0.2951206 0.5016952 0.5724952 0.5021229 0.3333333 -3.67419e-6 0.2951206 0.501574 0.8333333 0.5016952 0.5724952 -2.87138e-6 0.6054651 1.000004 0.371573 1 0.1064761 0.5075992 0.07408708 1.35268e-7 1 1 0.9166652 0 0.7500021 1 0.2500001 0 0.08333313 -3.70549e-7 0.4211145 1 0.5759078 -3.70549e-7 0.4211145 0 0.7500021 1 0.916667 -1.5605e-7 0.7499999 0 1 0 0.4122172 1 0.2574254 1.69999e-7 0.08333426 -1.5605e-7 0.7499999 1 0.583334 0 0.4122172 0 1 1 0.9166677 4.24681e-7 0.7455515 0.9999998 0.2499986 -1.37108e-7 0.08333295 -2.74218e-7 0.4166666 4.24681e-7 0.7455515 1 0.5907583 -2.74218e-7 0.4166666 1.000001 0.1666666 -2.90387e-7 0 3.32327e-7 0.3493102 0.9999998 0.7809496 1 0.3939387 3.32327e-7 0.3493102 0.3736059 1 0.2728033 0.8333334 2.99945e-4 0.8337143 0.4300273 0.5812054 0.2828945 0.3205357 0.1773697 0.6319918 0.4269431 0.1666666 0.3736059 0 0.2828945 0.3205357 0.3736059 1 0.6659491 0.7547727 0.2728033 0.8333334 0.4300273 0.5812054 0.6717235 0.4714172 0.2828945 0.3205357 0.4269431 0.1666666 0.6685615 0.08438944 0.3736059 0 0.7403293 0.2548882 0.6685615 0.08438944 0.6717235 0.4714172 0.6659491 0.7547727 0.7198589 0.6688193 0.6717235 0.4714172 0.856635 0.5829738 0.7403293 0.2548882 0.7198589 0.6688193 0.7403293 0.2548882 0.8611784 0.09659498 0.7393215 0 1.000001 0.5608846 1.000002 0.2226879 0.8604043 0.3333333 1.000001 0.8713784 1.000001 0.5608846 0.856635 0.5829738 4.41054e-6 0.221931 0.2402934 -0.02697813 -3.489e-7 0 0.2585458 0.6666667 0.37131 0.5514252 -2.25502e-7 0.6116926 0.4231607 0.3333333 0.2402934 -0.02697813 0.37131 0.5514252 0.4231607 0.3333333 0.423763 0.1017163 0.2402934 -0.02697813 0.4262399 1 0.5421774 0.9213346 0.4129512 0.8333334 0.4231607 0.3333333 0.5398609 0.2597335 0.423763 0.1017163 0.7513871 0.2395739 0.5432289 0 0.5398609 0.2597335 0.7513871 0.2395739 1.000005 0 0.75106 0 1.000002 0.6055229 1.000001 0.2953179 0.7533316 0.615028 1.000004 0.9440076 1.000002 0.6055229 0.7575271 0.8879644 0.5017434 0.08885616 -9.29913e-6 0 -2.68347e-6 0.2949934 0.5020539 1 0.5015203 0.8333333 -6.18897e-6 0.9442571 0.5020663 0.3333333 0.5017434 0.08885616 -2.68347e-6 0.2949934 0.5017063 0.5741738 0.5020663 0.3333333 -2.68347e-6 0.2949934 0.5015203 0.8333333 0.5017063 0.5741738 -2.92489e-6 0.6056928 1.000003 0.6055529 1.000002 0.2951833 0.5017063 0.5741738 1.000007 0.9441825 1.000003 0.6055529 0.5015203 0.8333333 -1.20556e-5 0.223088 0.5069556 0.09096521 0 0 0.5016216 1 0.5022392 0.8333334 -4.68869e-6 0.8714385 0.5016781 0.3333333 0.5069556 0.09096521 -1.20556e-5 0.223088 0.5018528 0.5934054 0.5016781 0.3333333 -4.82547e-6 0.56106 0.5022392 0.8333334 0.5018528 0.5934054 -4.68869e-6 0.8714385 1 1 1.000005 0.7953336 0.5016216 1 -5.84216e-6 0.2224104 0.3493402 0.07076579 0 0 0.3589419 1 0.3152393 0.7310008 -2.29008e-6 0.8719192 0.3451159 0.3969712 0.3493402 0.07076579 -5.84216e-6 0.2224104 0.9999993 0.2725246 0.7362771 0 0.3493402 0.07076579 0.700848 0.5377414 0.9999993 0.2725246 0.3451159 0.3969712 0.7259547 0.8930969 1.000003 0.6110929 0.700848 0.5377414 1.000003 0.6110929 0.9999993 0.2725246 0.700848 0.5377414 0.2009972 0.2233756 -5.28904e-5 0 -8.98667e-7 0.2948532 0.2936252 0.5 0.2009972 0.2233756 -8.98667e-7 0.2948532 0.4187212 0.6995563 0.2936252 0.5 0.2084673 0.8087859 0.4995541 1 0.6058831 0.7449242 0.4187212 0.6995563 0.6869453 0.5 0.4132151 0.2657219 0.2936252 0.5 0.6869453 0.5 0.5935118 0.24023 0.4132151 0.2657219 0.5935118 0.24023 0.7814905 0 0.4995541 0 0.795476 0.2712609 0.7814905 0 0.5935118 0.24023 0.7814905 1 1.000002 0.8944997 0.8089169 0.7303681 1.000004 0.5562233 0.795476 0.2712609 0.6869453 0.5 1.000002 0.204541 1 0 0.7814905 0 1.000002 0.8944997 1.000004 0.5562233 0.8089169 0.7303681 -1.48864e-5 0.2237647 0.502058 0.07813829 0 0 0.5018059 1 0.5023832 0.8333333 -5.6177e-6 0.8709133 0.5018141 0.3333333 0.502058 0.07813829 -1.48864e-5 0.2237647 0.5020484 0.5923165 0.5018141 0.3333333 -8.40492e-6 0.5611284 0.5023832 0.8333333 0.5020484 0.5923165 -5.6177e-6 0.8709133 1.000009 0.5612587 1.000015 0.2238149 0.5018141 0.3333333 1.000006 0.8706825 1.000009 0.5612587 0.5020484 0.5923165 0.1422306 0.8333333 3.32266e-5 0.6666667 -8.38754e-7 0.9597175 0.1421279 1 0.1422306 0.8333333 -8.38754e-7 0.9597175 3.44304e-5 0.1666666 0.1421279 0 -1.10609e-6 0 9.60831e-6 0.5 0.1555638 0.3333333 0 0.3333334 0.2640075 0.1666666 0.1421279 0 3.44304e-5 0.1666666 0.2707944 0.5 0.3826053 0.3333333 0.1555638 0.3333333 0.4358572 0.5 0.3826053 0.3333333 0.2707944 0.5 0.2831151 0.6666667 0.4358572 0.5 0.2707944 0.5 0.3826053 0.3333333 0.5340724 0.1666666 0.2640075 0.1666666 0.4973536 0.6666666 0.4358572 0.5 0.2831151 0.6666667 0.7748146 0.6666666 0.6186651 0.5 0.4973536 0.6666666 0.6041342 0.8333333 0.7748146 0.6666666 0.4973536 0.6666666 0.8106462 0.1666666 0.605112 0 0.5340724 0.1666666 0.8467484 1 0.8477657 0.8333333 0.605112 1 0.8395529 0.3333334 0.8106462 0.1666666 0.6209658 0.3333333 0.7748146 0.6666666 0.8232786 0.5 0.6186651 0.5 1 0.417423 0.8106462 0.1666666 0.8395529 0.3333334 1 0.417423 0.8395529 0.3333334 0.8232786 0.5 0.7748146 0.6666666 1 0.417423 0.8232786 0.5 1 1 1 0.7702404 0.8477657 0.8333333 0.8477657 0.8333333 1 0.7702404 0.7748146 0.6666666 0.1623672 1 -2.7655e-5 0.8333334 0 1 8.42551e-4 0.5 0.1635707 0.3333333 0 0.3333333 0.1692124 0.1666666 0.1623672 0 -2.16207e-5 0.1354678 0.1635707 0.3333333 0.1692124 0.1666666 -2.16207e-5 0.1354678 0.1623672 1 0.2206766 0.8333333 0.1377211 0.8333334 0.1692124 0.1666666 0.3457665 0 0.1623672 0 0.3441634 0.3333333 0.1692124 0.1666666 0.1635707 0.3333333 0.2206766 0.8333333 0.3364836 0.6666667 0.1983325 0.6666667 0.3457665 1 0.3660981 0.8333333 0.2206766 0.8333333 0.6443349 0.1666666 0.3457665 0 0.3484533 0.1666666 0.3637934 0.5 0.6579129 0.3333333 0.3441634 0.3333333 0.663515 0.6666666 0.3637934 0.5 0.3364836 0.6666667 1.000001 0.4163049 0.6579129 0.3333333 0.6869177 0.5 1 0.7278491 1.000001 0.4163049 0.663515 0.6666666 0.2320665 1 5.54292e-5 0.8333333 -1.47779e-6 1 5.44131e-5 0.1666666 0.2320665 0 -1.47779e-6 0 0.2290449 0.5 0.227442 0.3333334 -2.68178e-7 0.3880156 0.2866573 0.6666666 0.2290449 0.5 -1.03881e-6 0.6666667 0.2320665 1 0.498332 0.8333333 5.54292e-5 0.8333333 0.4029855 0.1666666 0.2320665 0 5.44131e-5 0.1666666 0.5016864 1 0.498332 0.8333333 0.2320665 1 0.6087028 0.3333333 0.4029855 0.1666666 0.227442 0.3333334 0.2866573 0.6666666 0.4863392 0.5 0.2290449 0.5 0.7032963 0.4948413 0.4863392 0.5 0.2866573 0.6666666 0.7032963 0.4948413 0.6087028 0.3333333 0.4863392 0.5 0.8058213 0.8333333 0.7889574 0.6666668 0.498332 0.8333333 0.7032963 0.4948413 0.8445859 0.4301988 0.6087028 0.3333333 1 0.2365814 1.000003 0 0.7770957 0.1666666 1 0.2365814 0.7770957 0.1666666 0.8445859 0.4301988 0.8058213 0.8333333 1.000002 0.8942808 0.7889574 0.6666668 0.5098606 0.5506373 -7.98522e-7 0.4449754 -7.02883e-6 0.7950068 0.4987606 1 0.4984751 0.8333334 -7.02883e-6 0.7950068 0.5061557 0.3333334 0.5022022 0.08614194 -7.60698e-6 0.1029319 0.5098606 0.5506373 0.5061557 0.3333334 -7.98522e-7 0.4449754 0.4984751 0.8333334 0.5098606 0.5506373 -7.02883e-6 0.7950068 1 0.8724296 1 0.6003827 0.5098606 0.5506373 -1.21468e-7 1 1 0.9092417 0 0.7455524 0 0.7455524 0.9999999 0.4988502 0 0.4122173 -3.72687e-6 0.2222001 0.2490546 0.07401525 0 0 0.2474768 1 0.2499606 0.7386608 -1.4304e-6 0.8719913 0.2438833 0.4064801 0.2490546 0.07401525 -3.72687e-6 0.2222001 0.2499606 0.7386608 0.4296609 0.4256369 0.2438833 0.4064801 0.4968759 1 0.4736745 0.7309615 0.2474768 1 0.538721 0.4210665 0.4948574 0.02022242 0.4296609 0.4256369 0.4736745 0.7309615 0.538721 0.4210665 0.4296609 0.4256369 0.7551143 0.5931074 0.538721 0.4210665 0.4736745 0.7309615 0.7546048 1 0.7550159 0.8333333 0.5412948 0.8333333 0.7550159 0.8333333 0.7551143 0.5931074 0.5412948 0.8333333 1.000005 0.5611352 1.000008 0.2236089 0.7662422 0.3333333 1.000003 0.8709222 1.000005 0.5611352 0.7551143 0.5931074 -3.06811e-4 0.5548804 0.5015652 0.2593367 -6.42984e-7 0.205581 0.5015652 0.2593367 4.47452e-5 0 -6.42984e-7 0.205581 4.4052e-5 0.8941687 1.000001 0.7783228 0.5016061 0.736901 1 0.3938478 1.000001 0.1277027 0.5015652 0.2593367 1 0.3938478 0.5015652 0.2593367 -3.06811e-4 0.5548804 -2.25636e-6 0.2221119 0.2884635 0 0 0 0.2884635 1 0.2379748 0.7298758 -8.28651e-7 0.8718273 0.2713792 0.5 0.2445266 0.2872505 -9.4015e-7 0.5609636 0.6335642 0.1666666 0.2884635 0 0.2445266 0.2872505 0.2713792 0.5 0.6837457 0.4656069 0.2445266 0.2872505 0.5822183 0.7418991 0.6837457 0.4656069 0.2713792 0.5 0.6335642 0.1666666 0.7125715 0 0.2884635 0 1.000015 0.6114524 0.6837457 0.4656069 0.5822183 0.7418991 1.000001 0.2726446 0.6335642 0.1666666 0.6837457 0.4656069 1.000001 0.2726446 1.000001 0 0.6335642 0.1666666 1.000015 0.6114524 1.000001 0.2726446 0.6837457 0.4656069 1 0.09075927 0 0 0 0.3311327 -1.45646e-7 0.7455498 0.9999997 0.5026054 0 0.3311327 -2.3395e-5 0.1666666 0.3472896 0.07606858 0 0 0.3559365 1 0.3382033 0.8333334 1.65597e-4 0.7506271 0.3472977 0.3944745 0.3472896 0.07606858 -2.3395e-5 0.1666666 0.3382033 0.8333334 0.6427636 0.5837133 1.65597e-4 0.7506271 0.7285891 0.2706068 0.7381123 0 0.3472896 0.07606858 0.6427636 0.5837133 0.7285891 0.2706068 0.3472977 0.3944745 1.000005 1 1 0.7732703 0.7283621 0.8989151 0.7283621 0.8989151 1 0.7732703 0.6427636 0.5837133 0 0.1666666 0.08025485 0.1666666 -1.20312e-5 0 0.06804424 0.3333333 -8.55917e-6 0.5 0.07070529 0.5 -5.68336e-6 0.3333333 0.06804424 0.3333333 0.08025485 0.1666666 -2.50958e-5 0.6666667 0.07070529 0.5 -8.55917e-6 0.5 -2.50958e-5 0.6666667 0.08419108 0.8333333 0.08265358 0.6666667 0.1 0.3333333 0.07070529 0.5 0.1 0.5 0.06804424 0.3333333 0.1 0.3333333 0.08025485 0.1666666 0.1293974 0.8333333 0.0855925 1 0.1320133 1 0.08265358 0.6666667 0.1 0.5 0.07070529 0.5 0.0855925 0 0.1316239 0.1666666 0.1320133 0 0.1 0.3333333 0.1316239 0.1666666 0.08025485 0.1666666 0.1 0.5 0.1329453 0.3333333 0.1 0.3333333 0.1 0.5 0.1332644 0.6666667 0.1332474 0.5 0.1332644 0.6666667 0.08419108 0.8333333 0.1293974 0.8333333 0.1320133 0 0.2029499 0.1666666 0.2143271 0 0.1332474 0.5 0.2011837 0.3333333 0.1329453 0.3333333 0.1293974 0.8333333 0.2115434 0.8333333 0.1332644 0.6666667 0.1320133 1 0.2143271 1 0.2115434 0.8333333 0.2427471 0.5 0.1332644 0.6666667 0.2019123 0.6666667 0.2011837 0.3333333 0.2029499 0.1666666 0.1316239 0.1666666 0.2143271 0 0.3455845 0.1666666 0.3565631 0 0.2143271 1 0.3565631 1 0.2115434 0.8333333 0.3304845 0.3333333 0.3836934 0.5 0.3926244 0.3333333 0.3304845 0.3333333 0.3455845 0.1666666 0.2029499 0.1666666 0.2019123 0.6666667 0.3496443 0.6666667 0.2427471 0.5 0.3565631 1 0.3537084 0.8333333 0.2115434 0.8333333 0.2115434 0.8333333 0.3537084 0.8333333 0.3496443 0.6666667 0.3304845 0.3333333 0.3926244 0.3333333 0.3455845 0.1666666 0.4632964 0.1666666 0.3926244 0.3333333 0.4649541 0.3333333 0.4213493 1 0.4707797 0.8333334 0.3537084 0.8333333 0.3455845 0.1666666 0.4632964 0.1666666 0.4213493 0 0.3926244 0.3333333 0.444833 0.5 0.4649541 0.3333333 0.3496443 0.6666667 0.4707797 0.8333334 0.4420391 0.6666667 0.3496443 0.6666667 0.4420391 0.6666667 0.444833 0.5 0.7727498 0.5 0.8419315 0.6666667 0.8217012 0.5 0.4213493 1 0.5617972 1 0.4707797 0.8333334 0.4632964 0.1666666 0.5617972 0 0.4213493 0 0.444833 0.5 0.5504322 0.5 0.4649541 0.3333333 0.4420391 0.6666667 0.7481352 0.6666666 0.5504322 0.5 0.5504322 0.5 0.7158663 0.3333333 0.4649541 0.3333333 0.4632964 0.1666666 0.7836903 0.1666666 0.5617972 0 0.7158663 0.3333333 0.7836903 0.1666666 0.4632964 0.1666666 0.4707797 0.8333334 0.7430817 0.8333333 0.7481352 0.6666666 0.7836903 0.1666666 0.7879841 0 0.5617972 0 0.7727498 0.5 0.7889342 0.3333333 0.7158663 0.3333333 0.7836903 0.1666666 0.8426703 0.3333334 0.8504625 0.1666666 0.825271 0.8333334 0.8419315 0.6666667 0.7481352 0.6666666 0.7836903 0.1666666 0.8504625 0.1666666 0.7879841 0 0 0.8333333 0.10701 1 0.1113966 0.8333333 0.8217012 0.5 0.8426703 0.3333334 0.7889342 0.3333333 0.8504625 0.1666666 0.999554 0 0.7879841 0 0.999554 1 0.999707 0.8333333 0.825271 0.8333334 0.825271 0.8333334 0.999707 0.8333333 0.8419315 0.6666667 1.000168 0.5 1.000041 0.3333333 0.8426703 0.3333334 0.8419315 0.6666667 1.000085 0.6666667 1.000168 0.5 0.8504625 0.1666666 1.000017 0.1666666 0.999554 0 0 0.5 0.1168299 0.5 0 0.3333333 0 0.6666666 0.1168299 0.5 0 0.5 0.10701 0 0 0.1666666 0.1092132 0.1666666 0.1092132 0.1666666 0 0.3333333 0.1132812 0.3333333 0 0.6666666 0.1113966 0.8333333 0.1481222 0.6666666 0.3301443 0.3333333 0.1168299 0.5 0.2983718 0.5 0.10701 1 0.3016576 0.8333333 0.1113966 0.8333333 0.4309199 0.5 0.3247138 0.6666667 0.4272407 0.6666667 0.1113966 0.8333333 0.3016576 0.8333333 0.1481222 0.6666666 0.1092132 0.1666666 0.2771064 0.1666666 0.10701 0 0.3301443 0.3333333 0.2771064 0.1666666 0.1092132 0.1666666 0.10701 1 0.2835884 1 0.3016576 0.8333333 0.1481222 0.6666666 0.3247138 0.6666667 0.2983718 0.5 0.3016576 0.8333333 0.3247138 0.6666667 0.1481222 0.6666666 0.2771064 0.1666666 0.372205 0.1666666 0.2835884 0 0.2835884 1 0.3845819 1 0.3723915 0.8333333 0.2983718 0.5 0.4309199 0.5 0.3301443 0.3333333 0.5205602 0 0.372205 0.1666666 0.5231087 0.1666666 0.3723915 0.8333333 0.4272407 0.6666667 0.3247138 0.6666667 0.4309199 0.5 0.4390001 0.3333334 0.3301443 0.3333333 0.3845819 1 0.5209173 0.8333333 0.3723915 0.8333333 0.5231087 0.1666666 0.4390001 0.3333334 0.5206446 0.3333333 0.5206446 0.3333333 0.4309199 0.5 0.5232337 0.5 0.4309199 0.5 0.5201905 0.6666667 0.5232337 0.5 0.5209173 0.8333333 0.5555556 1 0.5766126 0.8333333 0.5209173 0.8333333 0.5201905 0.6666667 0.4272407 0.6666667 0.5555556 0 0.5231087 0.1666666 0.5555556 0.1666666 0.5231087 0.1666666 0.5555556 0.3333333 0.5555556 0.1666666 0.5555556 0.3333333 0.5232337 0.5 0.5555556 0.5 0.5232337 0.5 0.5555556 0.6666667 0.5555556 0.5 0.5209173 0.8333333 0.5555556 0.6666667 0.5201905 0.6666667 0.5555556 0 0.5889592 0.1666666 0.589858 0 0.5555556 1 0.589858 1 0.5766126 0.8333333 0.5555556 0.1666666 0.590776 0.3333333 0.5889592 0.1666666 0.5555556 0.3333333 0.5898506 0.5 0.590776 0.3333333 0.5898506 0.5 0.5555556 0.6666667 0.5913161 0.6666667 0.6756567 0.8333333 0.589858 1 0.6920704 1 0.589858 0 0.6858431 0.1666666 0.6920704 0 0.590776 0.3333333 0.6858431 0.1666666 0.5889592 0.1666666 0.5898506 0.5 0.7120934 0.3333333 0.590776 0.3333333 0.5898506 0.5 0.7223469 0.6666667 0.7780457 0.5 0.5913161 0.6666667 0.6756567 0.8333333 0.7223469 0.6666667 0.7120934 0.3333333 0.8811886 0.1666666 0.6858431 0.1666666 0.6920704 1 0.8629919 0.8333334 0.6756567 0.8333333 0 0.8333333 0.1120416 1 0.1172931 0.8333333 0.7780457 0.5 0.8821472 0.3333333 0.7120934 0.3333333 0.6920704 1 0.9998843 1 0.8629919 0.8333334 0.8811886 0.1666666 0.9998843 0 0.6920704 0 0.7223469 0.6666667 1.000041 0.6666667 0.7780457 0.5 0.7780457 0.5 1.000015 0.5 0.8821472 0.3333333 0.9998843 1 1.000005 0.8333333 0.8629919 0.8333334 0.8811886 0.1666666 1.000005 0.1666666 0.9998843 0 0.8821472 0.3333333 1 0.3333333 1.000005 0.1666666 0 0.6666667 0.1153652 0.6666667 0 0.5 0 0.8333333 0.1153652 0.6666667 0 0.6666667 0 0 0.1090103 0.1666666 0.1120416 0 0.1090103 0.1666666 0 0.3333333 0.110822 0.3333333 0.110822 0.3333333 0 0.5 0.1137869 0.5 0.1153652 0.6666667 0.3035806 0.5 0.1137869 0.5 0.110822 0.3333333 0.2855804 0.3333333 0.1090103 0.1666666 0.1137869 0.5 0.3035806 0.5 0.2855804 0.3333333 0.3246348 0.8333333 0.3773679 1 0.3763057 0.8333333 0.1172931 0.8333333 0.3035577 0.6666667 0.1153652 0.6666667 0.1090103 0.1666666 0.3049551 0.1666666 0.3010236 0 0.3010236 1 0.3246348 0.8333333 0.2522352 0.8333333 0.2522352 0.8333333 0.3246348 0.8333333 0.3035577 0.6666667 0.2855804 0.3333333 0.3755349 0.3333333 0.3680767 0.1666666 0.3035806 0.5 0.3755349 0.3333333 0.2855804 0.3333333 0.4010236 0.6666666 0.3246348 0.8333333 0.3763057 0.8333333 0.3680767 0.1666666 0.3773679 0 0.3010236 0 0.3035577 0.6666667 0.4010236 0.6666666 0.3815903 0.5 0.4687537 0.3333333 0.6701565 0.5 0.6517745 0.3333333 0.3755349 0.3333333 0.4687537 0.3333333 0.3680767 0.1666666 0.3815903 0.5 0.4687537 0.3333333 0.3755349 0.3333333 0.3773679 1 0.6778893 1 0.4788022 0.8333334 0.3680767 0.1666666 0.6778893 0 0.3773679 0 0.6778893 1 0.6172278 0.8333333 0.4788022 0.8333334 0.4687537 0.3333333 0.6432346 0.1666666 0.3680767 0.1666666 0.4788022 0.8333334 0.6172278 0.8333333 0.4010236 0.6666666 0.4010236 0.6666666 0.6805946 0.6666667 0.3815903 0.5 0.4687537 0.3333333 0.6517745 0.3333333 0.6432346 0.1666666 0.6432346 0.1666666 0.7135997 0.3333333 0.7244668 0.1666666 0.6805946 0.6666667 0.6701565 0.5 0.3815903 0.5 0.6172278 0.8333333 0.7068764 0.8333333 0.6805946 0.6666667 0.6432346 0.1666666 0.7244668 0.1666666 0.6778893 0 0.9255897 0 0.8734543 0.1666666 0.9255939 0.1666666 0.6701565 0.5 0.7135997 0.3333333 0.6517745 0.3333333 0.6701565 0.5 0.914386 0.5 0.7135997 0.3333333 0.6805946 0.6666667 0.9238011 0.6666666 0.914386 0.5 0.7068764 0.8333333 0.9238011 0.6666666 0.6805946 0.6666667 0.7135997 0.3333333 0.883539 0.3333333 0.7244668 0.1666666 0.7244668 0.1666666 0.8734543 0.1666666 0.8680025 0 0.883539 0.3333333 0.8734543 0.1666666 0.7244668 0.1666666 0.7068764 0.8333333 0.8974502 0.8333334 0.9238011 0.6666666 0.8680025 1 0.9255897 1 0.8974502 0.8333334 0.9255897 0 1 0.1666666 1.000003 0 0.883539 0.3333333 0.9255939 0.1666666 0.8734543 0.1666666 0.9255939 0.1666666 1.000026 0.3333333 1 0.1666666 0 1 0.1136117 0.8333333 0 0.8333333 0.9238011 0.6666666 1.000005 0.6666667 0.914386 0.5 0.8974502 0.8333334 1.000005 0.6666667 0.9238011 0.6666666 1.000003 1 1 0.8333333 0.8974502 0.8333334 0.914386 0.5 1 0.5 1.000026 0.3333333 0 0.6666667 0.1218522 0.6666667 0 0.5 0 0.8333333 0.1218522 0.6666667 0 0.6666667 0 0 0.1102615 0.1666666 0.1126681 0 0 0.1666666 0.1115511 0.3333333 0.1102615 0.1666666 0.1115511 0.3333333 0 0.5 0.1184082 0.5 0.1136117 0.8333333 0.2902381 1 0.3054696 0.8333333 0.2501681 0.5 0.1218522 0.6666667 0.3120033 0.6666667 0.1115511 0.3333333 0.3042526 0.3333333 0.1102615 0.1666666 0.3811966 0.3333333 0.3241121 0.5 0.377067 0.5 0.3042526 0.3333333 0.2813373 0.1666666 0.1102615 0.1666666 0.2501681 0.5 0.3241121 0.5 0.3042526 0.3333333 0.3120033 0.6666667 0.3241121 0.5 0.2501681 0.5 0.2902381 1 0.3598611 1 0.3565762 0.8333333 0.2813373 0.1666666 0.3598611 0 0.2902381 0 0.3042526 0.3333333 0.3811966 0.3333333 0.3721923 0.1666666 0.3241121 0.5 0.3693257 0.6666667 0.377067 0.5 0.4442159 0.5 0.5913985 0.3333333 0.3811966 0.3333333 0.3565762 0.8333333 0.3693257 0.6666667 0.3120033 0.6666667 0.446013 0.6666667 0.4442159 0.5 0.377067 0.5 0.3598611 1 0.5176529 0.8333333 0.3565762 0.8333333 0.3721923 0.1666666 0.5252243 0.1666666 0.3598611 0 0.3598611 1 0.5453142 1 0.5176529 0.8333333 0.5252243 0.1666666 0.5453142 0 0.3598611 0 0.4442159 0.5 0.5802867 0.6666667 0.5931625 0.5 0.5453142 1 0.6605148 0.8333334 0.5176529 0.8333333 0.5252243 0.1666666 0.6429899 0.1666666 0.5453142 0 0.5913985 0.3333333 0.6782937 0.5 0.7176261 0.3333333 0.6782937 0.5 0.5802867 0.6666667 0.7410022 0.6666667 0.6684579 1 0.7441604 0.8333333 0.6605148 0.8333334 0.6684579 0 0.7430567 0.1666666 0.741531 0 0.7441604 0.8333333 0.7777778 1 0.7777778 0.8333333 0.6782937 0.5 0.7445292 0.5 0.7176261 0.3333333 0.7410022 0.6666667 0.7445292 0.5 0.6782937 0.5 0.7176261 0.3333333 0.75 0.3333333 0.7430567 0.1666666 0.7777778 0 0.7430567 0.1666666 0.7777778 0.1666666 0.7777778 0.1666666 0.75 0.3333333 0.7777778 0.3333333 0.75 0.3333333 0.7777778 0.5 0.7777778 0.3333333 0.7445292 0.5 0.7777778 0.6666667 0.7777778 0.5 0.7441604 0.8333333 0.7777778 0.6666667 0.7410022 0.6666667 0.8129771 0.8333333 0.7777778 1 0.8134528 1 0.7777778 0 0.8136934 0.1666666 0.8134528 0 0.7777778 0.1666666 0.813616 0.3333333 0.8136934 0.1666666 0.7777778 0.3333333 0.8130006 0.5 0.813616 0.3333333 0.7777778 0.5 0.8120111 0.6666667 0.8130006 0.5 0.8120111 0.6666667 0.7777778 0.8333333 0.8129771 0.8333333 0 0.8333334 0.1121147 1 0.1139964 0.8333333 0.8134528 1 0.8908941 1 0.8129771 0.8333333 0.8136934 0.1666666 0.8908941 0 0.8134528 0 0.8130006 0.5 0.9997879 0.3333333 0.813616 0.3333333 0.8120111 0.6666667 0.9997915 0.6666667 0.8130006 0.5 0.9997879 0.3333333 0.9997645 0.1666666 0.8136934 0.1666666 0.8129771 0.8333333 0.9997893 0.8333333 0.9997915 0.6666667 0.9997645 0.1666666 1.000015 0 0.8908941 0 0 0.5 0.1115894 0.5 0 0.3333333 0 0.6666667 0.1115894 0.5 0 0.5 0 0 0.1120318 0.1666666 0.1121147 0 0.1120318 0.1666666 0 0.3333333 0.1131196 0.3333333 0 0.8333334 0.1126379 0.6666667 0 0.6666667 0.2496353 0.6666666 0.3200833 0.8333333 0.3240125 0.6666667 0.1120318 0.1666666 0.3028807 0 0.1121147 0 0.1115894 0.5 0.3077004 0.5 0.1131196 0.3333333 0.1131196 0.3333333 0.2742683 0.3333333 0.1120318 0.1666666 0.1126379 0.6666667 0.2496353 0.6666666 0.3077004 0.5 0.1139964 0.8333333 0.2496353 0.6666666 0.1126379 0.6666667 0.1120318 0.1666666 0.2721636 0.1666666 0.3028807 0 0.3028807 1 0.3200833 0.8333333 0.2566944 0.8333333 0.2721636 0.1666666 0.3523153 0.1666666 0.3028807 0 0.2742683 0.3333333 0.3523153 0.1666666 0.2721636 0.1666666 0.2496353 0.6666666 0.3240125 0.6666667 0.3077004 0.5 0.3665598 0.5 0.3240125 0.6666667 0.3819946 0.6666668 0.3573006 1 0.3827 0.8333333 0.3200833 0.8333333 0.3077004 0.5 0.3665598 0.5 0.3391109 0.3333333 0.3240125 0.6666667 0.3827 0.8333333 0.3819946 0.6666668 0.5746635 0.8333334 0.7441723 1 0.7420853 0.8333333 0.3523153 0.1666666 0.5610185 0 0.3573006 0 0.3665598 0.5 0.6297006 0.5 0.3391109 0.3333333 0.3523153 0.1666666 0.5412523 0.1666666 0.5610185 0 0.5746635 0.8333334 0.6553418 0.6666667 0.3819946 0.6666668 0.8814885 0.1666666 1.000001 0.3333333 0.9999999 0.1666666 0.6297006 0.5 0.8760103 0.3333334 0.6788153 0.3333333 0.7441723 1 0.8864971 0.8333333 0.7420853 0.8333333 0.6297006 0.5 0.868292 0.5 0.8760103 0.3333334 0.8814885 0.1666666 0.8889744 0 0.7441723 0 0.8864971 0.8333333 0.9999843 0.6666667 0.8503164 0.6666668 0.9999843 0.6666667 1.000002 0.5 0.868292 0.5 0.8814885 0.1666666 0.9999999 0.1666666 0.8889744 0 1 0.8333333 0.8889744 1 1 1 1.000002 0.5 1.000001 0.3333333 0.8760103 0.3333334 0.1720323 0.6220757 0.3099814 0.9452739 0.2830757 0.6036711 0.8864971 0.8333333 1 0.8333333 0.9999843 0.6666667 8.75854e-4 1 0.2446918 1 1.99724e-5 0.7939754 0.1720323 0.6220757 0.3119056 0.2402932 1.10484e-5 0.3805671 0.3119056 0.2402932 0.2489914 0.1350011 0.002736389 0.06104034 0.3834432 0 0.3119056 0.2402932 0.3836809 0.2556815 0.3119056 0.2402932 0.310859 0 0.2489914 0.1350011 0.3836809 0.2556815 0.3333333 0.5835088 0.3846271 0.5857454 0.3333333 0.5835088 0.3851512 0.9687554 0.3846271 0.5857454 0.3836809 0.2556815 0.6513349 0 0.3834432 0 0.2579634 0 0.3697807 0.2087053 0.364441 0 0.607158 0.3930343 0.6662324 0.1666666 0.3836809 0.2556815 0.6641452 0.9090204 0.6703523 0.6666666 0.5010195 0.7278823 0.607158 0.3930343 0.69995 0.4210713 0.6662324 0.1666666 0.6703523 0.6666666 0.69995 0.4210713 0.607158 0.3930343 0.69995 0.4210713 0.9999978 0.3915622 0.6662324 0.1666666 0.9999978 0.3915622 1 0.08356899 0.6662324 0.1666666 0.6703523 0.6666666 1 0.7715141 0.9999978 0.3915622 3.86673e-6 0.801359 0.1660978 0.6666667 1.38152e-5 0.5 0.2579634 1 0.2925509 0.7694232 3.86673e-6 0.801359 0.1660978 0.6666667 0.2925509 0.7694232 0.3316309 0.5 1 0 0.6955114 0.2461687 1 0.2064571 0.294094 0.3333333 0.3697807 0.2087053 0.2221665 0.1666666 0.3658089 0.9000765 0.5702927 0.6666667 0.2925509 0.7694232 0.5702927 0.6666667 0.5952275 0.3766463 0.3316309 0.5 0.4817128 1 0.6644456 1 0.6629799 0.8333333 0.5952275 0.3766463 0.5756586 0.1211862 0.3697807 0.2087053 0.5952275 0.3766463 0.6970949 0.5905 0.6955114 0.2461687 0.6629799 0.8333333 1 0.9057562 0.6970949 0.5905 0.4886429 0 0.764308 0.1928164 0.781668 0 1 0.5680117 1 0.2064571 0.6955114 0.2461687 1.40218e-5 1 0.2958135 0.8333333 -7.18005e-7 0.8333333 2.15606e-5 0.3333334 0.349676 0.3333334 4.74663e-5 0.1666666 2.02588e-5 0.5 0.349676 0.3333334 2.15606e-5 0.3333334 1.40218e-5 1 0.4886429 1 0.2958135 0.8333333 4.74663e-5 0.1666666 0.4886429 0 1.40218e-5 0 4.74663e-5 0.1666666 0.5376526 0.1666666 0.4886429 0 0.349676 0.3333334 0.5376526 0.1666666 4.74663e-5 0.1666666 0.2958135 0.8333333 0.6384018 0.6666667 1.19503e-5 0.6666667 0.5142419 0.5 0.764308 0.1928164 0.349676 0.3333334 0.6605602 0.8333334 0.794822 0.6005007 0.6384018 0.6666667 0.5142419 0.5 0.794822 0.6005007 0.764308 0.1928164 0.6384018 0.6666667 0.794822 0.6005007 0.5142419 0.5 2.14096e-5 0.6666666 0.4440847 0.5 2.54702e-6 0.5 0.794822 0.6005007 0.8732153 0.5359421 0.8330289 0.3333333 0.8632327 1 1.000008 1 0.8365052 0.8380771 0.8732153 0.5359421 1.000022 0.3993718 0.8330289 0.3333333 1.000022 0.3993718 1.000007 0.03550612 0.8666287 0.09803426 4.03914e-5 0.1666666 0.4996641 0.1666666 8.46982e-5 0 2.14096e-5 0.6666666 0.4997435 0.8333333 0.5006102 0.6666667 5.89509e-6 0.3333334 0.3311985 0.1666666 5.29044e-6 0.114123 8.46982e-5 1 0.5024239 1 0.4997435 0.8333333 0.4996641 0.1666666 0.5024239 0 8.46982e-5 0 0.4440847 0.5 0.4984792 0.3333333 -7.2647e-6 0.3333333 0.4440847 0.5 0.5375962 0.5 0.4984792 0.3333333 0.5006102 0.6666667 0.5375962 0.5 0.4440847 0.5 0.4984792 0.3333333 0.9999865 0.3333333 0.4996641 0.1666666 0.9999865 0.3333333 1 0.09419888 0.4996641 0.1666666 0.5375962 0.5 1 0.6884905 0.9999865 0.3333333 5.89509e-6 0.3333334 0.2815428 0.5 0.3308663 0.3333333 0.6188444 0 0.3311985 0.1666666 0.6352686 0.1666666 5.59432e-6 0.7798697 0.3325114 0.8333333 0.3291406 0.6666667 0.2815428 0.5 0.3703026 0.5 0.3308663 0.3333333 0.3291406 0.6666667 0.3703026 0.5 0.2815428 0.5 0.6352686 0.1666666 0.3308663 0.3333333 0.6614348 0.3333333 0.6614348 0.3333333 0.3703026 0.5 0.6762551 0.5 -1.62611e-7 0.3333333 0.2823877 0.5 0.2872278 0.3333333 0.3291406 0.6666667 0.6762551 0.5 0.3703026 0.5 0.3291406 0.6666667 0.7727975 0.6666666 0.6762551 0.5 0.6234067 1.067635 0.7727975 0.6666666 0.3291406 0.6666667 0.6234067 1.067635 0.8011482 1 0.7997464 0.8333334 0.6614348 0.3333333 0.8536188 0.2235099 0.6352686 0.1666666 0.6762551 0.5 0.9998875 0.4389705 0.6614348 0.3333333 0.7727975 0.6666666 1 0.7055659 0.6762551 0.5 0.7997464 0.8333334 1 0.7055659 0.7727975 0.6666666 1 1 1 0.7055659 0.7997464 0.8333334 0 1 0.2555177 0.8333333 0 0.8333333 -1.62611e-7 0.3333333 0.4834508 0.1666666 0 0.1666666 0 0.8333333 0.2555177 0.8333333 2.25944e-7 0.6666666 0.4834508 0.1666666 0.4325971 0 0 0 0 0.5 0.2728333 0.6666666 0.2823877 0.5 0.2872278 0.3333333 0.5706546 0.5 0.5499872 0.3333333 0.5706546 0.5 0.2728333 0.6666666 0.5194011 0.6666667 0.5194011 0.6666667 0.2555177 0.8333333 0.5322875 0.8333333 0.5983219 0 1.000067 0.1666666 1.000061 0 0.4325971 1 0.5983219 1 0.5322875 0.8333333 0.4834508 0.1666666 0.5983219 0 0.4325971 0 0.5499872 0.3333333 0.9998322 0.3333333 0.4834508 0.1666666 0.5322875 0.8333333 0.9997783 0.6666667 0.5194011 0.6666667 0.5983219 1 1.000061 1 0.5322875 0.8333333 0.4066973 0.8085273 0.5237457 1 0.5234773 0.7309588 0.9998322 0.3333333 1.000067 0.1666666 0.4834508 0.1666666 0.9997783 0.6666667 1.00003 0.5 0.5706546 0.5 0.5322875 0.8333333 1.000018 0.8333333 0.9997783 0.6666667 -1.39979e-7 0.2277767 0.1848405 0 0 0 -1.27504e-7 0.5379768 0.2176406 0.07837712 -1.39979e-7 0.2277767 -2.37373e-7 0.8890335 0.1874971 0.9807012 0.1995599 0.5559803 0.1874971 0.9807012 0.4066973 0.8085273 0.1995599 0.5559803 0.4104032 0.419302 0.5234773 0.7309588 0.523882 0.3824976 0.4104032 0.419302 0.523882 0.3824976 0.5234569 0.04029822 0.6728762 0.750797 0.5237457 1 0.6749305 1 0.625 0.4634038 0.5234773 0.7309588 0.6728762 0.750797 0.625 0.4634038 0.6749305 0 0.5234569 0.04029822 0.6875 0.3966935 0.75 0 0.6749305 0 0.8125 0 0.75 0.2273828 0.8268491 0.250839 0.75 0.5836183 0.75 0.2273828 0.6875 0.3966935 0.6728762 0.750797 0.75 0.916157 0.75 0.5836183 0.8268491 0.250839 0.75 0.5836183 0.8300007 0.5 0.8814312 0 1 0.2656105 1 0 0.8125 0.8870793 0.8300007 0.5 0.75 0.5836183 0.8300007 0.5 1.000019 0.5755012 0.8268491 0.250839 0.8814313 0.9476411 1.000019 0.5755012 0.8300007 0.5 0.4855345 0.8333333 1.000001 1 0.9999998 0.8333333 1 0.9236086 1.000019 0.5755012 0.8814313 0.9476411 -1.2503e-7 0.2049779 0.5874187 0.001814424 0 0 1.32504e-5 0.5554429 0.504568 0.2482023 0.5874187 0.001814424 2.43249e-4 0.8940103 0.9998313 0.7750205 0.504568 0.2482023 2.43249e-4 0.8940103 0.5304636 0.8944188 0.9998313 0.7750205 0.9998313 0.7750205 1.000004 0.4381189 0.504568 0.2482023 1.000004 0.4381189 1 0.1306472 0.5874187 0.001814424 0.5304636 0.8944188 1 1 0.9998313 0.7750205 0 0.2724449 0.3594539 0.08127462 1.20044e-5 0 2.97813e-5 0.6115005 0.434184 0.4505901 0 0.2724449 0 0.2724449 0.434184 0.4505901 0.3594539 0.08127462 1.2089e-5 0.9614797 0.4128119 1 2.97813e-5 0.6115005 0.4128119 1 0.5264895 0.610438 2.97813e-5 0.6115005 0.5264895 0.610438 0.6615464 0.8345179 0.9998556 0.7273871 0.999993 0.3902418 1 0.0375598 0.6770994 0 2.99063e-6 0.2980341 0.6805134 0.2426986 2.69269e-5 0 1.0106e-5 0.5807569 0.5937854 0.6767049 0.5581297 0.3936614 2.46921e-5 0.9861673 0.6934399 0.9473177 0.5937854 0.6767049 0.730451 0.5073898 0.6805134 0.2426986 0.5581297 0.3936614 0.5937854 0.6767049 0.730451 0.5073898 0.5581297 0.3936614 0.730451 0.5073898 1.000034 0.5585632 0.6805134 0.2426986 0.6934399 0.9473177 1.000011 0.8690629 0.730451 0.5073898 1.000036 0.2312561 1 0 0.6775071 0 8.13911e-6 0.2722771 0.6872726 0.2881332 4.69296e-5 0 4.44587e-5 0.611121 0.681657 0.49083 8.13911e-6 0.2722771 0.686186 0.9104571 0.681657 0.49083 4.44587e-5 0.611121 0.6872726 0.2881332 1.000001 0.03508561 0.7066142 0 0.681657 0.49083 1.000001 0.3950843 0.6872726 0.2881332 1.000001 0.3950843 1.000001 0.03508561 0.6872726 0.2881332 4.21851e-5 0.8333333 0.9986627 0.7648978 2.39221e-4 0.5548232 2.39221e-4 0.5548232 1.000001 0.3587884 5.23181e-5 0.3333334 0.00337249 1 1 1 0.9986627 0.7648978 0.9986627 0.7648978 1.000001 0.3587884 2.39221e-4 0.5548232 0 1 0.4656246 1 -1.1234e-6 0.8333333 0 0.3333333 0.5044295 0.3333333 -3.95689e-7 0.1666666 1.47844e-7 0.5 0.5044295 0.3333333 0 0.3333333 -1.1234e-6 0.8333333 0.4725695 0.6666667 0 0.6666667 -3.95689e-7 0.1666666 0.4870431 0.1666666 0.4656246 0 0.4725695 0.6666667 0.4875526 0.5 1.47844e-7 0.5 0.5044295 0.3333333 1.000002 0.1666666 0.4870431 0.1666666 0.4875526 0.5 1.000003 0.5 0.5044295 0.3333333 1.000001 0.6666667 0.4855345 0.8333333 0.9999998 0.8333333 1.000002 0.1666666 1.000001 0 0.4656246 0 0.4725695 0.6666667 1.000001 0.6666667 1.000003 0.5 0.3965298 0.5 0.6531752 0.767844 0.6516798 0.4218428 3.39845e-5 0.7295331 0.5095912 0.5235312 -1.93432e-6 0.3902969 0.5030016 0.3400129 0.9999568 0 0.4188277 0 3.39845e-5 0.7295331 0.9999566 0.9643616 0.5095912 0.5235312 1.000001 0.6038582 1 0.2272685 0.5030016 0.3400129 1.85682e-5 0.4387715 6.77013e-4 0.7751212 0.9999645 7.32635e-6 6.77013e-4 0.7751212 1.000001 0.1666666 0.9999645 7.32635e-6 -5.7914e-5 0.4018715 0.40296 0.1506799 -4.89286e-5 0.05981576 -3.77509e-5 0.6999717 0.3965298 0.5 -5.7914e-5 0.4018715 -7.63191e-5 1 0.4306038 1 0.4045132 0.7580397 0.3965298 0.5 0.40296 0.1506799 -5.7914e-5 0.4018715 0.6581652 0.1482253 0.625 0 0.40296 0.1506799 0.40296 0.1506799 0.6516798 0.4218428 0.6581652 0.1482253 0.6581652 0.1482253 1 0 0.875 0 1 0.4270498 -4.57205e-7 0.7727433 0.9999997 0.7426479 -3.77463e-7 0.3333333 1.000003 0.0906589 -5.84813e-7 0.06088483 1.000003 1 1.000003 0.7454922 -6.43117e-7 0.9338588 1.000003 0.7454922 1.000003 0.412157 -5.49483e-7 0.590682 -4.57205e-7 0.7727433 0.9999997 1 0.9999997 0.7426479 1.72597e-7 0.3725399 0.9999999 0.08325016 -4.64035e-7 0.08332192 0 0.4607931 1 0.7499241 1 0.4062846 0 0.2733586 0.9999999 0.09502077 0 0 0 0.9463562 0.9999999 0.75735 1.5489e-7 0.6274629 0 0.9463562 0.9999999 1 0.9999999 0.75735 0 0.2733586 1 0.4286736 0.9999999 0.09502077 1.000001 1 0.9999998 0.757367 -4.55689e-7 0.7272419 1.65046e-7 0.3939233 1 0.08013099 0 0.1060447 -4.55689e-7 0.7272419 0.9999999 0.4240134 1.65046e-7 0.3939233 0 1 1 1 0 0.7499851 1 1 1 0.7499241 0 0.7499851 -3.68917e-5 0 0.07860499 0.1666666 0.1121069 0 -1.48438e-5 0.6666667 0.07644271 0.5 0 0.5 0 0.8333333 0.07802188 0.8333333 -1.48438e-5 0.6666667 -3.68917e-5 1 0.1121069 1 0.07802188 0.8333333 -1.42023e-5 0.1666666 0.07575035 0.3333333 0.07860499 0.1666666 0.07860499 0.1666666 0.1309795 0.3333333 0.1318219 0.1666666 0.07644271 0.5 0.07575035 0.3333333 -8.70664e-6 0.3333333 0.07860499 0.1666666 0.1318219 0.1666666 0.1121069 0 0.07575035 0.3333333 0.1321599 0.5 0.1309795 0.3333333 0.07644271 0.5 0.1300068 0.6666667 0.1321599 0.5 0.1300068 0.6666667 0.07802188 0.8333333 0.1323885 0.8333333 0.1121069 0 0.2268562 0.1666666 0.2710143 0 0.1318219 0.1666666 0.2261624 0.3333333 0.2268562 0.1666666 0.2268562 0.1666666 0.3736974 0.3333334 0.3813144 0.1666666 0.1300068 0.6666667 0.2172725 0.6666667 0.1321599 0.5 0.1323885 0.8333333 0.2172725 0.6666667 0.1300068 0.6666667 0.2172725 0.6666667 0.3422008 0.5 0.1321599 0.5 0.1323885 0.8333333 0.3418418 0.8333333 0.2172725 0.6666667 0.2172725 0.6666667 0.3358752 0.6666667 0.3422008 0.5 0.3418418 0.8333333 0.3358752 0.6666667 0.2172725 0.6666667 0.2268562 0.1666666 0.3813144 0.1666666 0.2710143 0 0.5431182 0 0.3813144 0.1666666 0.5525137 0.1666666 0.3422008 0.5 0.3736974 0.3333334 0.2261624 0.3333333 0.2710143 1 0.5431182 1 0.3418418 0.8333333 0.3813144 0.1666666 0.5495607 0.3333333 0.5525137 0.1666666 0.7743362 0.3333334 0.5537176 0.5 0.7767004 0.5 0.3422008 0.5 0.5495607 0.3333333 0.3736974 0.3333334 0.5431182 1 0.5539526 0.8333333 0.3418418 0.8333333 0.3422008 0.5 0.5537176 0.5 0.5495607 0.3333333 0.5431182 1 0.7726384 1 0.5539526 0.8333333 0.7726384 1 0.77702 0.8333334 0.5539526 0.8333333 0.5495607 0.3333333 0.7743362 0.3333334 0.5525137 0.1666666 0.1112067 0 0.1886789 0.2647413 0.1889902 0 0.7726384 1 1.000002 1 0.77702 0.8333334 0.7767004 0.5 0.9999986 0.4066714 0.7743362 0.3333334 -1.61664e-7 0.4388251 0.1139789 0.4121548 -1.80612e-7 0.128305 -4.46422e-7 0.7780211 0.1079803 0.6666667 -1.61664e-7 0.4388251 0.1090963 0.9472144 0.1852704 0.7754996 0.1079803 0.6666667 0.1139789 0.4121548 0.1852704 0.7754996 0.205985 0.4582806 0.1139789 0.4121548 0.205985 0.4582806 0.1886789 0.2647413 0.2222222 0.7720757 0.1889902 1 0.2388928 1 0.2222222 0.7720757 0.2547242 0.4302068 0.205985 0.4582806 0.205985 0.4582806 0.2394741 0.05628842 0.1886789 0.2647413 0.1852704 0.7754996 0.2222222 0.7720757 0.205985 0.4582806 0.2388928 1 0.2554585 0.736143 0.2222222 0.7720757 0.205985 0.4582806 0.2547242 0.4302068 0.2394741 0.05628842 0.4354988 0.3870062 0.4391276 0.7702559 0.5166898 0.5638453 0.2388928 1 0.3233255 0.9622184 0.2554585 0.736143 0.2394741 0.05628842 0.3270483 0.2453579 0.3242953 0 0.3317221 0.5586028 0.3270483 0.2453579 0.2547242 0.4302068 0.3233255 0.9622184 0.3317221 0.5586028 0.2554585 0.736143 0.3233255 0.9622184 0.4391276 0.7702559 0.3317221 0.5586028 0.3233255 0.9622184 0.433487 1 0.4391276 0.7702559 0.3270483 0.2453579 0.4354988 0.3870062 0.4364176 0.1202058 0.5729423 0 0.5218216 0.2647396 0.5762974 0.2574079 0.4364176 0.1202058 0.5218216 0.2647396 0.5218125 0 0.5166898 0.5638453 0.5218216 0.2647396 0.4354988 0.3870062 0.5207362 0.934181 0.5166898 0.5638453 0.4391276 0.7702559 0.5218216 0.2647396 0.5758599 0.5249608 0.5762974 0.2574079 0.5207362 0.934181 0.5758599 0.5249608 0.5166898 0.5638453 0.5762974 0.2574079 0.6618728 0 0.5729423 0 0.5762974 0.2574079 0.6548985 0.6341314 0.6642512 0.224053 0.8720775 0.7564063 0.7848112 1 0.8682319 1 0.5888344 0.7433169 0.6640076 0.9103575 0.6548985 0.6341314 0.6548985 0.6341314 0.7545793 0.3333333 0.6642512 0.224053 0.6640076 0.9103575 0.7730877 0.7707492 0.6548985 0.6341314 0.6640076 0.9103575 0.7848112 1 0.7730877 0.7707492 0.7730877 0.7707492 0.7986252 0.5831675 0.6548985 0.6341314 0.7986252 0.5831675 0.8529826 0.4090839 0.7545793 0.3333333 0.9234298 0 1.000007 0.2691383 1 0 0.8529826 0.4090839 0.8686509 0.08835709 0.7854274 0.09393322 0.7730877 0.7707492 0.8720775 0.7564063 0.7986252 0.5831675 0.8720775 0.7564063 0.8888888 0.3945221 0.8529826 0.4090839 0.9232427 0.2310696 0.9234298 0 0.8686509 0.08835709 0.8888888 0.3945221 0.9236058 0.5756502 0.9232427 0.2310696 0.9231696 0.9154412 0.9236058 0.5756502 0.8720775 0.7564063 0.9231696 0.9154412 1.000011 0.6336601 0.9236058 0.5756502 0.07664155 1 0.1284373 0.7924422 0.07637506 0.7465952 0.9236058 0.5756502 1.000011 0.6336601 1.000007 0.2691383 -9.93816e-6 0.202697 0.07676666 0.07589364 0 0 -8.52664e-6 0.8947436 0.07637506 0.7465952 -2.45454e-5 0.5683959 0.07664155 1 0.07637506 0.7465952 -8.52664e-6 0.8947436 0.07676666 0.07589364 0.1243375 0.3889076 0.1324864 0.07403385 0.1243375 0.3889076 0.07637506 0.7465952 0.1284373 0.7924422 0.2257637 0.7870997 0.131818 1 0.2100102 1 0.1324864 0.07403385 0.2093011 0.4069609 0.2198389 0.2306159 0.342862 0.5 0.2257637 0.7870997 0.3665099 0.6666666 0.2257637 0.7870997 0.2093011 0.4069609 0.1440008 0.5947166 0.2093011 0.4069609 0.3412838 0.3333334 0.2198389 0.2306159 0.2093011 0.4069609 0.342862 0.5 0.3412838 0.3333334 0.3412838 0.3333334 0.5558319 0.5 0.562391 0.3333333 0.5521074 1 0.602745 0.684821 0.3450111 0.9817525 0.3412838 0.3333334 0.562391 0.3333333 0.3864256 0.1666666 0.7675625 0.2798888 0.5558319 0.5 0.8051914 0.5 0.3665099 0.6666666 0.5558319 0.5 0.342862 0.5 0.3665099 0.6666666 0.602745 0.684821 0.5558319 0.5 0.5584224 0.05033147 0.7675625 0.2798888 0.8503847 0.06670427 1.000009 0.5625892 0.9230232 0.9178375 1 0.9449354 0.602745 0.684821 0.8051914 0.5 0.5558319 0.5 0.602745 0.684821 0.74781 0.7667098 0.8051914 0.5 0.8515124 1 0.8669832 0.7430872 0.74781 0.7667098 0.7675625 0.2798888 0.873675 0.4261471 0.8503847 0.06670427 0.74781 0.7667098 0.8669832 0.7430872 0.8051914 0.5 0.8888889 0.0831691 0.9233772 0.2599617 0.9226951 0 0.923203 0.6009154 0.9233772 0.2599617 0.873675 0.4261471 0.8669832 0.7430872 0.9230232 0.9178375 0.923203 0.6009154 0.9233772 0.2599617 1.000012 0.1996362 0.9226951 0 1.000009 0.5625892 1.000012 0.1996362 0.9233772 0.2599617 0.444131 0.8333333 0.3195856 1 0.4450815 1 0 0.1666666 0.1328333 0.1666666 -5.35302e-7 0 0 0.5 0.1327533 0.5 1.08255e-5 0.3333333 0 0.6666667 0.1327533 0.5 0 0.5 1.2715e-5 0.8333333 0.141179 0.6666666 0 0.6666667 1.2715e-5 0.8333333 0.3065547 0.8333333 0.141179 0.6666666 0.1327533 0.5 0.3351626 0.3333333 1.08255e-5 0.3333333 0.1252449 1 0.3195856 1 0.3065547 0.8333333 0.1328333 0.1666666 0.3195856 0 0.1252449 0 0.1327533 0.5 0.3296004 0.5 0.3351626 0.3333333 0.141179 0.6666666 0.3296004 0.5 0.1327533 0.5 0.141179 0.6666666 0.3407889 0.6666667 0.3296004 0.5 0.3065547 0.8333333 0.3407889 0.6666667 0.141179 0.6666666 0.3245789 0.1666666 0.4107892 0.1666666 0.3195856 0 0.3296004 0.5 0.411288 0.3333334 0.3351626 0.3333333 0.3351626 0.3333333 0.411288 0.3333334 0.4107892 0.1666666 0.3296004 0.5 0.427559 0.6666668 0.4456498 0.5 0.3407889 0.6666667 0.444131 0.8333333 0.427559 0.6666668 0.4107892 0.1666666 0.4629324 0.3333333 0.466875 0.1666666 0.4107892 0.1666666 0.466875 0.1666666 0.4450815 0 0.4450815 1 0.5523655 0.8333333 0.444131 0.8333333 0.4456498 0.5 0.4629324 0.3333333 0.411288 0.3333334 0.427559 0.6666668 0.4935003 0.6666667 0.4456498 0.5 0.444131 0.8333333 0.4935003 0.6666667 0.427559 0.6666668 0.6320945 0.1666666 0.5433194 0.3333333 0.6640312 0.3333334 0.466875 0.1666666 0.6108476 0 0.4450815 0 0.444131 0.8333333 0.5523655 0.8333333 0.4935003 0.6666667 0.466875 0.1666666 0.6320945 0.1666666 0.6108476 0 0.5523655 0.8333333 0.6308003 0.6666667 0.4935003 0.6666667 0.6287632 0.5 0.6640312 0.3333334 0.5433194 0.3333333 0.6108476 1 0.6586418 0.8333334 0.5523655 0.8333333 0.685313 0 0.6320945 0.1666666 0.6870266 0.1666666 0.6308003 0.6666667 0.6869651 0.5 0.6287632 0.5 0.6287632 0.5 0.6869651 0.5 0.6640312 0.3333334 0.6870266 0.1666666 0.7710985 0.3333333 0.7684103 0.1101398 0.6586418 0.8333334 0.6864145 0.6666668 0.6308003 0.6666667 0.6586418 0.8333334 0.7689167 0.8333333 0.6864145 0.6666668 0.685313 1 0.7663633 1 0.7689167 0.8333333 0.6869651 0.5 0.7710985 0.3333333 0.6640312 0.3333334 0.7663633 1 0.8530088 0.7548483 0.7689167 0.8333333 0.7640155 0.6219943 0.8524275 0.4180701 0.7710985 0.3333333 0.7640155 0.6219943 0.8530088 0.7548483 0.8524275 0.4180701 0.7689167 0.8333333 0.8530088 0.7548483 0.7640155 0.6219943 0.7684103 0.1101398 0.8524275 0.4180701 0.8591951 0.06884402 1 0 0.9169206 0.2617728 1 0.2679899 0.9103818 0.5946121 0.9169206 0.2617728 0.8524275 0.4180701 0.8530088 0.7548483 0.9120326 0.9231601 0.9103818 0.5946121 0.8591951 0.06884402 0.9169206 0.2617728 0.9125255 0 0.9103818 0.5946121 1.00001 0.5414244 0.9169206 0.2617728 0.1122155 0.1666666 -4.13318e-5 0.3333334 0.1130512 0.3333333 1.000011 0.8946153 1.00001 0.5414244 0.9103818 0.5946121 -1.84637e-5 0.1666666 0.07719838 0 0 0 0.07719838 1 0.09168195 0.8333333 -1.51592e-5 0.8333333 -4.13318e-5 0.3333334 0.07562673 0.5 0.1130512 0.3333333 0.07562673 0.5 -1.35609e-5 0.6666667 0.09088528 0.6666666 -1.35609e-5 0.6666667 0.09168195 0.8333333 0.09088528 0.6666666 0.145923 0.6666666 0.09168195 0.8333333 0.1523007 0.8333333 0.1122155 0.1666666 0.1324462 0 0.07719838 0 0.07562673 0.5 0.1307085 0.5 0.1130512 0.3333333 0.1122155 0.1666666 0.2143715 0.3333334 0.2161086 0.1666666 0.1122155 0.1666666 0.2161086 0.1666666 0.1324462 0 0.1307085 0.5 0.2143715 0.3333334 0.1130512 0.3333333 0.1523007 0.8333333 0.3352676 1 0.3270674 0.8333333 0.145923 0.6666666 0.27403 0.5 0.1307085 0.5 0.2161086 0.1666666 0.3390814 0.3333334 0.3378519 0.1666666 0.2161086 0.1666666 0.3352676 0 0.1324462 0 0.2161086 0.1666666 0.3378519 0.1666666 0.3352676 0 0.3352676 1 0.4110559 0.8333333 0.3270674 0.8333333 0.27403 0.5 0.3390814 0.3333334 0.2143715 0.3333334 0.3352676 0 0.4444093 0.1666666 0.4437359 0 0.4444093 0.1666666 0.3390814 0.3333334 0.4441231 0.3333333 0.3390814 0.3333334 0.4240226 0.5 0.4441231 0.3333333 0.4240226 0.5 0.3071989 0.6666667 0.4239872 0.6666666 0.3071989 0.6666667 0.4110559 0.8333333 0.4239872 0.6666666 0.4240226 0.5 0.4770658 0.6666667 0.481521 0.5 0.4437359 1 0.4665316 0.8333333 0.4110559 0.8333333 0.4110559 0.8333333 0.4665316 0.8333333 0.4239872 0.6666666 0.4665316 0.8333333 0.5664223 1 0.5631034 0.8333333 0.5664223 0 0.4444093 0.1666666 0.590618 0.1666666 0.4444093 0.1666666 0.5511199 0.3333333 0.590618 0.1666666 0.481521 0.5 0.5511199 0.3333333 0.4441231 0.3333333 0.481521 0.5 0.5522376 0.6666666 0.5688529 0.5 0.4770658 0.6666667 0.5631034 0.8333333 0.5522376 0.6666666 0.5664223 1 0.670531 0.8333333 0.5631034 0.8333333 0.5511199 0.3333333 0.6684658 0.3333333 0.590618 0.1666666 0.5688529 0.5 0.6684658 0.3333333 0.5511199 0.3333333 0.5688529 0.5 0.6749756 0.6666667 0.6726036 0.5 0.590618 0.1666666 0.67328 0 0.5664223 0 0.5688529 0.5 0.6726036 0.5 0.6684658 0.3333333 0.6749756 0.6666667 0.5631034 0.8333333 0.670531 0.8333333 0.7783915 0.8333333 0.67328 1 0.7787434 1 0.590618 0.1666666 0.7386358 0.1666666 0.67328 0 0.7773606 0.5 0.6749756 0.6666667 0.7780699 0.6666667 0.7386358 0.1666666 0.7787434 0 0.67328 0 0.7780699 0.6666667 0.670531 0.8333333 0.7783915 0.8333333 0.7783915 0.8333333 0.890074 1 0.8966429 0.8333333 0.7773606 0.5 0.7776868 0.3333333 0.6684658 0.3333333 0.7776868 0.3333333 0.7965623 0.1666666 0.7386358 0.1666666 0.7776868 0.3333333 0.8917652 0.3333333 0.7965623 0.1666666 0.890074 0 0.7965623 0.1666666 0.8930991 0.1666666 0.7780699 0.6666667 0.8966429 0.8333333 0.894268 0.5474293 0.7773606 0.5 0.894268 0.5474293 0.8917652 0.3333333 0.894268 0.5474293 1 0.234062 0.8917652 0.3333333 0.890074 1 0.9999999 0.9606323 0.8966429 0.8333333 0.8930991 0.1666666 0.9999998 0 0.890074 0 0.07728999 0.07588523 -7.20679e-6 0.3912544 0.07652562 0.465725 0.8966429 0.8333333 0.9999999 0.9606323 1.000002 0.6078399 1.72344e-4 0.6671405 0.07652562 0.465725 -7.20679e-6 0.3912544 0.1326739 0.8308169 0.07700979 1 0.1328954 1 0.07652562 0.465725 0.1326739 0.8308169 0.1412174 0.5520654 0.07728999 0.07588523 0.1284137 0.3231865 0.1328954 0 0.1412174 0.5520654 0.1284137 0.3231865 0.07652562 0.465725 0.3308158 0.8333333 0.1328954 1 0.3288679 1 0.3308883 0.09241741 0.5391355 0.4322857 0.55219 0.1666666 0.3308158 0.8333333 0.3325622 0.5834904 0.1326739 0.8308169 0.3308883 0.09241741 0.55219 0.1666666 0.548439 0 0.3325622 0.5834904 0.550411 0.8977045 0.55561 0.6666667 0.55561 0.6666667 0.5391355 0.4322857 0.3325622 0.5834904 0.8025504 0 0.55219 0.1666666 0.7877441 0.2129567 0.55561 0.6666667 0.755743 0.5 0.5391355 0.4322857 -2.28316e-5 0.3795201 0.07638859 0.7672131 0.1012834 0.5537645 0.5391355 0.4322857 0.7877441 0.2129567 0.55219 0.1666666 0.550411 0.8977045 0.780153 0.8944786 0.55561 0.6666667 0.55561 0.6666667 0.7966392 0.6666667 0.755743 0.5 0.780153 0.8944786 0.7966392 0.6666667 0.55561 0.6666667 0.755743 0.5 0.999561 0.2277098 0.7877441 0.2129567 0.755743 0.5 0.9999943 0.5 0.999561 0.2277098 0.7966392 0.6666667 0.9999943 0.5 0.755743 0.5 0.7877441 0.2129567 1 0 0.8025504 0 0.7966392 0.6666667 0.9996085 0.7479529 0.9999943 0.5 -4.03075e-5 1 0.07638859 0.7672131 -6.85298e-6 0.7256848 0.09069615 0.2004565 0.09851342 0 -4.03075e-5 0 0.144568 0 0.09069615 0.2004565 0.1497026 0.1518033 0.07638859 0.7672131 0.09851342 0.9481546 0.1012834 0.5537645 0.1012834 0.5537645 0.1516441 0.3181723 0.09069615 0.2004565 0.09069615 0.2004565 0.1516441 0.3181723 0.1497026 0.1518033 0.1012834 0.5537645 0.1437487 0.9097846 0.1507123 0.6116097 0.2284639 0.3417379 0.3410353 0.7295494 0.3408485 0.5 0.3388373 1 0.3410353 0.7295494 0.2095494 0.9537192 0.2284639 0.3417379 0.3381994 0.07591491 0.1516441 0.3181723 0.6860876 0.7561126 0.6333461 1 0.687182 1 0.2284639 0.3417379 0.4209336 0.3333333 0.3381994 0.07591491 0.3381994 0.07591491 0.5573109 0.1666666 0.5444102 0 0.3408485 0.5 0.5396975 0.6192559 0.4209336 0.3333333 0.5548328 0.8870664 0.5396975 0.6192559 0.3410353 0.7295494 0.6330122 0.7460035 0.6231161 0.432711 0.5396975 0.6192559 0.5548328 0.8870664 0.6330122 0.7460035 0.5396975 0.6192559 0.5548328 0.8870664 0.6333461 1 0.6330122 0.7460035 0.6231161 0.432711 0.6342514 0.09072047 0.5573109 0.1666666 0.6342514 0.09072047 0.6815502 0.3876379 0.6867399 0.08640795 0.6330122 0.7460035 0.6815502 0.3876379 0.6231161 0.432711 0.6860876 0.7561126 0.785167 1 0.784892 0.8333333 0.6815502 0.3876379 0.7826667 0.3333333 0.6867399 0.08640795 0.7826667 0.3333333 0.9999979 0.1666666 0.7840498 0.08765488 0.6815502 0.3876379 0.7855243 0.5816281 0.7826667 0.3333333 0.784892 0.8333333 0.7855243 0.5816281 0.6860876 0.7561126 0.9999979 0.1666666 0.9999961 0 0.7840498 0.08765488 0.7855243 0.5816281 0.9999969 0.9179833 0.9999954 0.6666667 0.7855243 0.5816281 0.9999954 0.6666667 0.9999961 0.4180215 0.133592 0.5 0.3410773 0.6666667 0.3438529 0.5 0 0.1666666 0.1347636 0.1666666 -3.89956e-7 0 0 0.5 0.133592 0.5 9.76013e-6 0.3333333 2.95333e-7 0.6666667 0.133592 0.5 0 0.5 0.1699647 0.8333334 0.1312129 0.6666668 2.95333e-7 0.6666667 0.133592 0.5 0.3242255 0.3333333 9.76013e-6 0.3333333 0.133592 0.5 0.3438529 0.5 0.3242255 0.3333333 0.1699647 0.8333334 0.425576 1 0.4543985 0.8333334 0.1699647 0.8333334 0.3410773 0.6666667 0.1312129 0.6666668 0.3430562 0.1666666 0.6133473 0.3333334 0.6439124 0.1666666 0.3430562 0.1666666 0.425576 0 0.1792302 0 0.1699647 0.8333334 0.4543985 0.8333334 0.3410773 0.6666667 0.3430562 0.1666666 0.6439124 0.1666666 0.425576 0 0.5663266 0.5 0.3410773 0.6666667 0.6306859 0.6666667 0.3438529 0.5 0.6133473 0.3333334 0.3242255 0.3333333 0.3438529 0.5 0.5663266 0.5 0.6133473 0.3333334 0.7898164 0.8333333 0.6875537 1 0.7834159 1 0.4543985 0.8333334 0.6306859 0.6666667 0.3410773 0.6666667 0.425576 1 0.6326988 1 0.4543985 0.8333334 0.6439124 0.1666666 0.6326988 0 0.425576 0 0.6326988 1 0.6631308 0.8333333 0.4543985 0.8333334 0.5663266 0.5 0.6458598 0.5 0.6133473 0.3333334 0.6306859 0.6666667 0.6458598 0.5 0.5663266 0.5 0.6439124 0.1666666 0.691237 0.06785726 0.6326988 0 0.6133473 0.3333334 0.6927834 0.4515126 0.6439124 0.1666666 0.6306859 0.6666667 0.6880264 0.6666667 0.6458598 0.5 0.6631308 0.8333333 0.6880264 0.6666667 0.6306859 0.6666667 0.6927834 0.4515126 0.691237 0.06785726 0.6439124 0.1666666 0.6927834 0.4515126 0.7820542 0.6666667 0.7764937 0.5 0.7833521 0.1666666 0.7834159 0 0.691237 0.06785726 0.7765823 0.3333333 0.7833521 0.1666666 0.691237 0.06785726 0.6880264 0.6666667 0.7898164 0.8333333 0.7820542 0.6666667 0.7834159 0 0.9063346 0.1666666 0.9059075 0 0.7833521 0.1666666 0.9038549 0.4180644 0.9063346 0.1666666 0.9038549 0.4180644 0.7820542 0.6666667 0.9039515 0.6666666 0.9039515 0.6666666 0.7898164 0.8333333 0.9070827 0.9050061 0.6681979 0.8333334 0.5254279 1 0.665672 1 0.9063346 0.1666666 1.000002 0.0581786 0.9059075 0 0.9038549 0.4180644 1.000002 0.3931711 0.9063346 0.1666666 0.9039515 0.6666666 1 0.705147 0.9038549 0.4180644 0.9070827 0.9050061 1 0.705147 0.9039515 0.6666666 1.000004 1 1 0.705147 0.9070827 0.9050061 0 0.1666666 0.1365513 0.1666666 9.72215e-5 0 0 0.5 0.1380268 0.5 2.98338e-5 0.3333333 1.05938e-6 0.6666667 0.1380268 0.5 0 0.5 6.8465e-5 0.8333333 0.2431703 0.6666666 1.05938e-6 0.6666667 9.72215e-5 1 0.2967941 1 6.8465e-5 0.8333333 2.98338e-5 0.3333333 0.3577717 0.3333333 0.1365513 0.1666666 0.1380268 0.5 0.3577717 0.3333333 2.98338e-5 0.3333333 0.1380268 0.5 0.351192 0.5 0.3577717 0.3333333 0.2431703 0.6666666 0.351192 0.5 0.1380268 0.5 0.1365513 0.1666666 0.4681474 0.1666666 0.2967941 0 0.2967941 1 0.5254279 1 0.4897567 0.8333333 0.351192 0.5 0.5410682 0.5 0.3577717 0.3333333 0.5489374 0.6666667 0.5410682 0.5 0.351192 0.5 0.5254279 0 0.6670507 0.1666666 0.665672 0 0.5410682 0.5 0.6672796 0.6666668 0.6672499 0.5 0.5489374 0.6666667 0.6681979 0.8333334 0.6672796 0.6666668 0.6681979 0.8333334 0.7906833 1 0.7911207 0.8333333 0.6459187 0.3333333 0.7657881 0.3333334 0.6670507 0.1666666 0.665672 0 0.8073515 0.1666666 0.7906833 0 0.7771345 0.5 0.6672796 0.6666668 0.7980477 0.6666668 0.7657881 0.3333334 0.8073515 0.1666666 0.6670507 0.1666666 0.6672499 0.5 0.7771345 0.5 0.7657881 0.3333334 0.6672796 0.6666668 0.7911207 0.8333333 0.7980477 0.6666668 -7.0246e-7 0.5 0.2898679 0.3333333 3.72693e-6 0.3333333 0.7980477 0.6666668 0.9999836 0.43032 0.7771345 0.5 0.7911207 0.8333333 1.000003 0.7645449 0.7980477 0.6666668 0.7906833 1 1.000001 1 1.000003 0.7645449 0.9999836 0.43032 1.000001 0.04239851 0.8073515 0.1666666 -7.0246e-7 0.5 0.2862734 0.6666667 0.294913 0.5 3.58066e-5 0.8333333 0.3303974 1 0.3336571 0.8333334 0.3533753 0.3333333 0.294913 0.5 0.3547257 0.5 6.14723e-5 0.1666666 0.3303974 0 7.65224e-5 0 3.58066e-5 0.8333333 0.3336571 0.8333334 0.2862734 0.6666667 6.14723e-5 0.1666666 0.3305493 0.1666666 0.3303974 0 0.2898679 0.3333333 0.3533753 0.3333333 0.3305493 0.1666666 0.294913 0.5 0.3531289 0.6666667 0.3547257 0.5 0.3305493 0.1666666 0.4504617 0.3333333 0.4693247 0.1666666 0.3336571 0.8333334 0.3531289 0.6666667 0.2862734 0.6666667 0.3547257 0.5 0.4504617 0.3333333 0.3533753 0.3333333 0.3547257 0.5 0.4653328 0.6666666 0.474042 0.5 0.3336571 0.8333334 0.5206581 1 0.5530667 0.8333334 0.6462549 0.1666666 0.6995072 0.3333333 0.7022086 0.1666666 0.5206581 1 0.6630865 1 0.5530667 0.8333334 0.4693247 0.1666666 0.6462549 0.1666666 0.6630865 0 0.6650919 0.6666667 0.6672855 0.5 0.474042 0.5 0.6662476 0.8333333 0.7782297 1 0.8007854 0.8333334 0.6995072 0.3333333 0.7967613 0.5 0.8000234 0.3333333 0.7022086 0.1666666 0.7782297 0 0.6630865 0 0.6995072 0.3333333 0.8000234 0.3333333 0.7022086 0.1666666 0.7967613 0.5 0.6650919 0.6666667 0.8080152 0.6666668 0.6650919 0.6666667 0.8007854 0.8333334 0.8080152 0.6666668 9.4178e-6 0.8333333 0.1495701 1 0.2184967 0.8333333 0.8000234 0.3333333 0.8377824 0.1666666 0.7022086 0.1666666 0.7782297 1 1.000043 0.9621725 0.8007854 0.8333334 0.8080152 0.6666668 1.000001 0.5684002 0.7967613 0.5 0.8377824 0.1666666 0.9999999 0.2075031 1.000043 0 0.8000234 0.3333333 0.9999999 0.2075031 0.8377824 0.1666666 1.000001 0.5684002 0.9999999 0.2075031 0.8000234 0.3333333 0.8007854 0.8333334 1.000043 0.9621725 1.000001 0.5684002 5.02108e-6 0.5 0.1459619 0.6666667 0.1891452 0.5 0.1459619 0.6666667 9.4178e-6 0.8333333 0.2184967 0.8333333 0.1112765 0.1666666 0.3164592 0.3333333 0.312653 0.1666666 0.1112765 0.1666666 0.312653 0.1666666 0.1495701 0 0.353926 0.6666667 0.3007203 0.8333333 0.3542287 0.8333334 0.1891452 0.5 0.3164592 0.3333333 5.78045e-5 0.3333333 0.1495701 1 0.330056 1 0.2184967 0.8333333 0.2184967 0.8333333 0.2959293 0.6666667 0.1459619 0.6666667 0.330056 1 0.3007203 0.8333333 0.2184967 0.8333333 0.1891452 0.5 0.3352324 0.5 0.3164592 0.3333333 0.2184967 0.8333333 0.3007203 0.8333333 0.2959293 0.6666667 0.330056 1 0.3542287 0.8333334 0.3007203 0.8333333 0.2959293 0.6666667 0.353926 0.6666667 0.3352324 0.5 0.312653 0.1666666 0.3668093 0.3333333 0.370704 0.1666666 0.312653 0.1666666 0.370704 0.1666666 0.330056 0 0.4359585 0.8333333 0.330056 1 0.5157063 1 0.3352324 0.5 0.3668093 0.3333333 0.3164592 0.3333333 0.353926 0.6666667 0.4359585 0.8333333 0.4383421 0.6666667 0.3668093 0.3333333 0.4400433 0.3333333 0.370704 0.1666666 0.3352324 0.5 0.4400433 0.3333333 0.3668093 0.3333333 0.4359585 0.8333333 0.5658465 0.6666667 0.4383421 0.6666667 0.4383421 0.6666667 0.5288013 0.5 0.3352324 0.5 0.4400433 0.3333333 0.5320245 0.1666666 0.370704 0.1666666 0.5157063 1 0.5691191 0.8333334 0.4359585 0.8333333 0.4400433 0.3333333 0.5680231 0.3333333 0.5320245 0.1666666 0.4383421 0.6666667 0.5658465 0.6666667 0.5288013 0.5 0.5691191 0.8333334 0.7416734 1 0.7334835 0.8333334 0.5320245 0.1666666 0.6725754 0.1666666 0.5157063 0 0.5680231 0.3333333 0.6725754 0.1666666 0.5320245 0.1666666 0.5680231 0.3333333 0.7696323 0.5 0.7385231 0.3333333 0.5658465 0.6666667 0.7696323 0.5 0.5288013 0.5 0.5658465 0.6666667 0.7334835 0.8333334 0.7408035 0.6666667 0.7439464 0.1666666 0.7969349 0 0.7416734 0 0.7439464 0.1666666 0.7969053 0.3333333 0.7956724 0.1666666 0.7408035 0.6666667 0.7930172 0.8976501 0.7974948 0.6666667 0.7408035 0.6666667 0.7974948 0.6666667 0.7696323 0.5 0.8907836 0 0.7956724 0.1666666 0.8952434 0.1666666 0.7974948 0.6666667 0.8903713 0.5 0.7696323 0.5 0.7930172 0.8976501 0.8902367 0.8333333 0.7974948 0.6666667 0.7930172 0.8976501 0.8907836 1 0.8902367 0.8333333 0.7956724 0.1666666 0.8905946 0.3333333 0.8952434 0.1666666 1.28592e-5 0.8333334 0.2824928 1 0.3151075 0.8333333 0.8903713 0.5 0.8905946 0.3333333 0.7969053 0.3333333 0.8952434 0.1666666 1.000003 0.05929625 0.8907836 0 0.8905946 0.3333333 1.000002 0.3925652 0.8952434 0.1666666 0.8895585 0.6666667 0.9999999 0.7060942 0.8903713 0.5 0.8902367 0.8333333 0.9999999 0.7060942 0.8895585 0.6666667 1.000004 1 0.9999999 0.7060942 0.8902367 0.8333333 0 0.3333333 0.1333624 0.3333334 -8.09078e-7 0.1666666 0.2004358 0.6666667 1.28592e-5 0.8333334 0.3151075 0.8333333 0.1363314 0.1666666 0.3269873 0.3333333 0.3363502 0.1666666 0.2004358 0.6666667 0.3176792 0.5 2.38827e-6 0.5 0.3151075 0.8333333 0.4376221 1 0.4452998 0.8333333 0.2004358 0.6666667 0.3407505 0.6666667 0.3176792 0.5 0.3269873 0.3333333 0.4087358 0.3333334 0.3363502 0.1666666 0.3176792 0.5 0.4087358 0.3333334 0.3269873 0.3333333 0.4376221 0 0.3363502 0.1666666 0.4127795 0.1666666 0.3407505 0.6666667 0.4446711 0.5 0.3176792 0.5 0.4087358 0.3333334 0.4127795 0.1666666 0.3363502 0.1666666 0.3407505 0.6666667 0.4452998 0.8333333 0.4442448 0.6666667 0.4127795 0.1666666 0.4572771 0.3333334 0.4646492 0.1666666 0.4127795 0.1666666 0.4646492 0.1666666 0.4376221 0 0.4446711 0.5 0.5523023 0.6666667 0.5954235 0.5 0.4446711 0.5 0.4572771 0.3333334 0.4087358 0.3333334 0.4646492 0.1666666 0.564275 0 0.4376221 0 0.4572771 0.3333334 0.5487182 0.3333333 0.4646492 0.1666666 0.564275 1 0.5640977 0.8333333 0.4452998 0.8333333 0.4446711 0.5 0.5954235 0.5 0.5487182 0.3333333 0.4452998 0.8333333 0.5523023 0.6666667 0.4442448 0.6666667 0.6855033 0.1666666 0.5487182 0.3333333 0.7088602 0.3333333 0.5466461 0.1666666 0.6855033 0.1666666 0.564275 0 0.1343538 0.5 0.3411498 0.6666666 0.3498003 0.5 0.5954235 0.5 0.7088602 0.3333333 0.5487182 0.3333333 0.5640977 0.8333333 0.7104359 0.6666668 0.5523023 0.6666667 0.5640977 0.8333333 0.7878737 0.8333333 0.7104359 0.6666668 0.6855033 0.1666666 0.7994597 0 0.564275 0 0.6855033 0.1666666 0.8150362 0.1666666 0.7994597 0 0.7104359 0.6666668 0.8421491 0.5 0.5954235 0.5 0.7104359 0.6666668 0.8397133 0.6666668 0.8421491 0.5 0.7878737 0.8333333 1.000001 0.7344328 0.8397133 0.6666668 0.8542015 0.3333334 1 0.374359 1 0.1457129 0.8421491 0.5 1 0.374359 0.8542015 0.3333334 0.7994597 1 1 1 1.000001 0.7344328 1.000001 0.7344328 1 0.374359 0.8421491 0.5 0 0.5 0.1343538 0.5 3.73035e-6 0.3333333 4.51991e-7 0.6666667 0.1343538 0.5 0 0.5 2.68577e-5 0.8333333 0.1293682 0.6666667 4.51991e-7 0.6666667 4.23578e-5 1 0.3457366 1 2.68577e-5 0.8333333 2.68577e-5 0.8333333 0.2681269 0.8333333 0.1293682 0.6666667 8.52767e-5 0.1666666 0.3474115 0.1666666 0.3457366 0 0.3126375 0.3333333 0.3474115 0.1666666 8.52767e-5 0.1666666 0.1343538 0.5 0.3498003 0.5 0.3126375 0.3333333 0.3411498 0.6666666 0.620404 0.5 0.3498003 0.5 0.2681269 0.8333333 0.3411498 0.6666666 0.1293682 0.6666667 0.3457366 1 0.5352294 0.8333333 0.2681269 0.8333333 0.3498003 0.5 0.620404 0.5 0.3126375 0.3333333 0.6886423 0.5 0.6303045 0.6666667 0.6875831 0.6666667 0.5352294 0.8333333 0.6303045 0.6666667 0.3411498 0.6666666 0.3457366 1 0.6312137 1 0.5352294 0.8333333 0.620404 0.5 0.6656942 0.3333333 0.3126375 0.3333333 0.6312137 1 0.6438431 0.8333333 0.5352294 0.8333333 0.6463954 0.1666666 0.6885982 0 0.6312137 0 0.620404 0.5 0.6886423 0.5 0.6656942 0.3333333 0.7031861 0.8333333 0.8859461 1 0.8816727 0.8333333 0.6438431 0.8333333 0.6875831 0.6666667 0.6303045 0.6666667 0.6463954 0.1666666 0.7045611 0.1666666 0.6885982 0 0.6886423 0.5 0.7745438 0.3333333 0.6656942 0.3333333 0.7045611 0.1666666 0.8859461 0 0.6885982 0 0.7642702 0.6666667 0.8816727 0.8333333 0.8804171 0.6666667 0.7642702 0.6666667 0.8804171 0.6666667 0.6886423 0.5 0.8859461 0 1.000101 0.2740212 1 0 0.8890901 0.5 1.000101 0.2740212 0.7745438 0.3333333 0.8804171 0.6666667 1 0.6270996 0.8890901 0.5 0.8816727 0.8333333 1 0.6270996 0.8804171 0.6666667 0.3320925 0.08225983 0.5511519 0.4145413 0.5516715 0.1666666 0.8890901 0.5 1 0.6270996 1.000101 0.2740212 5.79997e-6 0.1865184 0.1029649 0.4134824 1.3011e-5 0 0.1464771 0.6716781 0.2836564 0.5 6.08324e-6 0.5818768 0.1029649 0.4134824 0.3320925 0.08225983 1.3011e-5 0 0.3262579 0.3333333 0.3320925 0.08225983 0.1029649 0.4134824 0.2836564 0.5 0.3262579 0.3333333 0.1029649 0.4134824 0.3320925 0.08225983 0.5516715 0.1666666 0.5483829 0 0.3277484 0.7393466 0.5511519 0.4145413 0.2836564 0.5 0.7697767 0.1666666 0.5511519 0.4145413 0.7751515 0.4201493 0.3277484 0.7393466 0.5488994 0.9063909 0.551067 0.6666666 0.7716043 1 0.7734403 0.769149 0.5488994 0.9063909 0.5511519 0.4145413 0.7734403 0.769149 0.7751515 0.4201493 0.7751515 0.4201493 1 0.06060475 0.7697767 0.1666666 0.7716043 1 0.9999997 0.7117652 0.7734403 0.769149 0.2562809 0.4197538 0.329936 0.02861219 0.2344611 0.2179656 0.115538 0.2897399 0.1868212 0.4233079 0.1880488 0.07426631 0.18353 0.8372668 0.2241955 0.6169284 1.01411e-4 0.7822527 0.1880488 0.07426631 0.2344611 0.2179656 0.2434128 0 0.2241955 0.6169284 0.2344611 0.2179656 0.1868212 0.4233079 0.2430346 0.9117828 0.3261508 1 0.3378897 0.8333333 0.9034303 0.7676886 0.7777298 1 0.905103 1 0.2430346 0.9117828 0.3378897 0.8333333 0.2241955 0.6169284 0.3322379 0.3333333 0.5368134 0.4474142 0.329936 0.02861219 0.3501628 0.492075 0.5368134 0.4474142 0.3322379 0.3333333 0.3378897 0.8333333 0.546678 0.6666667 0.3501628 0.492075 0.5368134 0.4474142 0.5512577 0.1666666 0.329936 0.02861219 0.3378897 0.8333333 0.5411218 0.8538948 0.546678 0.6666667 0.5411218 0.8538948 0.631633 0.8050172 0.546678 0.6666667 0.5411218 0.8538948 0.6344787 1 0.631633 0.8050172 0.6316217 0.4166865 0.6334384 0.0736792 0.5512577 0.1666666 0.546678 0.6666667 0.631633 0.8050172 0.6316217 0.4166865 0.6815402 0.2166565 0.68664 0 0.6334384 0.0736792 0.6833894 0.5931831 0.6815402 0.2166565 0.6316217 0.4166865 0.631633 0.8050172 0.6871575 0.9214082 0.6833894 0.5931831 0.6815402 0.2166565 0.7740741 0.07997775 0.68664 0 0.6833894 0.5931831 0.769997 0.4260933 0.6815402 0.2166565 0.7777298 1 0.7779681 0.7386536 0.6871575 0.9214082 0.6815402 0.2166565 0.769997 0.4260933 0.7740741 0.07997775 0.8901808 0.5 0.8916363 0.2622546 0.769997 0.4260933 0.7779681 0.7386536 0.8901808 0.5 0.769997 0.4260933 0.2171832 1 0.3273742 0.6824524 0.2009494 0.6032978 0.8916363 0.2622546 0.905103 0 0.7740741 0.07997775 0.7779681 0.7386536 0.9034303 0.7676886 0.8901808 0.5 0.905103 1 1 0.9616741 0.9034303 0.7676886 0.8916363 0.2622546 1 0 0.905103 0 0.8901808 0.5 1 0.2724052 0.8916363 0.2622546 0.9034303 0.7676886 1.000001 0.6110978 0.8901808 0.5 0.9034303 0.7676886 1 0.9616741 1.000001 0.6110978 -2.35728e-5 0.2334613 0.08857107 0.02919244 0 0 -1.02628e-5 0.5316092 0.07661873 0.2632359 -2.35728e-5 0.2334613 -1.14963e-5 0.8968049 0.09169608 0.8333334 0.076478 0.5953865 0.1347525 0.2864719 0.08857107 0.02919244 0.07661873 0.2632359 0.076478 0.5953865 0.1339619 0.6339315 0.1347525 0.2864719 0.08857107 0.02919244 0.1347525 0.2864719 0.1427062 0 0.1347525 0.2864719 0.2235314 0.4191893 0.2257189 0.09472703 0.1442996 0.924023 0.2009494 0.6032978 0.1339619 0.6339315 0.2009494 0.6032978 0.2235314 0.4191893 0.1339619 0.6339315 0.2009494 0.6032978 0.3273742 0.6824524 0.2235314 0.4191893 0.4079012 1 0.4552316 0.6947498 0.410874 0.7668099 0.2235314 0.4191893 0.3421599 0.416171 0.2257189 0.09472703 0.4079012 1 0.410874 0.7668099 0.3273742 0.6824524 0.3273742 0.6824524 0.410874 0.7668099 0.3421599 0.416171 0.3421599 0.416171 0.4552316 0.6947498 0.4068297 0.2453172 0.4079012 0 0.4640277 0.24313 0.4571399 0 0.77357 0.6666668 0.8660095 0.8333333 0.8760141 0.6090818 0.4640277 0.24313 0.5664312 0.4002643 0.5586971 0.09481447 0.5664312 0.4002643 0.7305632 0.1666666 0.5586971 0.09481447 0.5655613 0.8011329 0.77357 0.6666668 0.5664312 0.4002643 0.5664312 0.4002643 0.7545731 0.4601134 0.7305632 0.1666666 0.77357 0.6666668 0.7545731 0.4601134 0.5664312 0.4002643 0.7305632 0.1666666 0.8572114 0.1191648 0.7677929 0 0.7545731 0.4601134 0.8572114 0.1191648 0.7305632 0.1666666 0.77357 0.6666668 0.8543371 0.3938373 0.7545731 0.4601134 0.7613995 0.9018329 0.8681418 1 0.8660095 0.8333333 0.7545731 0.4601134 0.8543371 0.3938373 0.8572114 0.1191648 0.8760141 0.6090818 0.9228603 0.9234485 0.9238068 0.5793701 0.8760141 0.6090818 0.9120978 0.2538803 0.8543371 0.3938373 0.9120978 0.2538803 0.9229752 0 0.8572114 0.1191648 0.8760141 0.6090818 0.9238068 0.5793701 0.9120978 0.2538803 1.000009 0.2276924 0.9238068 0.5793701 1 0.6107324 0.9228603 0.9234485 1.000011 0.8669389 0.9238068 0.5793701 1.000009 0.2276924 1 0 0.9229752 0 0.1301901 1 0.2053242 0.6815763 0.130224 0.7570682 -6.81755e-6 0.3929886 0.08864736 0.2392291 -2.23143e-5 0.0654 -8.85854e-6 0.7048027 0.07606887 0.5726475 -6.81755e-6 0.3929886 0.07606887 0.5726475 0.08864736 0.2392291 -6.81755e-6 0.3929886 0.07682329 0.9027059 0.1301901 1 0.130224 0.7570682 0.130224 0.7570682 0.1414494 0.3836209 0.07606887 0.5726475 0.08864736 0.2392291 0.1414494 0.3836209 0.1365819 0.08707869 0.1414494 0.3836209 0.2053242 0.6815763 0.3080945 0.6413775 0.2800009 0.1666666 0.2821786 0 0.1365819 0.08707869 0.2821786 0 0.3601692 0.2299139 0.3494358 0 0.1414494 0.3836209 0.3106038 0.3333334 0.2800009 0.1666666 0.3080945 0.6413775 0.3106038 0.3333334 0.1414494 0.3836209 0.5173519 0.1666666 0.5765035 0.3781029 0.5618608 0.07206499 0.3106038 0.3333334 0.3601692 0.2299139 0.2800009 0.1666666 0.3080945 0.6413775 0.3661145 0.6280696 0.3106038 0.3333334 0.2951864 0.8615128 0.3559883 0.9064378 0.3080945 0.6413775 0.3661145 0.6280696 0.3601692 0.2299139 0.3106038 0.3333334 0.3559883 0.9064378 0.3661145 0.6280696 0.3080945 0.6413775 0.3601692 0.2299139 0.5173519 0.1666666 0.3494358 0 0.3661145 0.6280696 0.5204007 0.7567964 0.5079713 0.3899257 0.5173519 0.1666666 0.5618608 0.07206499 0.3494358 0 0.5204007 0.7567964 0.5765035 0.3781029 0.5079713 0.3899257 0.7409353 0.2425391 0.6629986 0.5736533 0.7430033 0.6015528 0.5627971 1 0.6542249 0.8333333 0.5746212 0.7563274 0.6542249 0.8333333 0.6629986 0.5736533 0.5746212 0.7563274 0.5627971 1 0.6744124 1 0.6542249 0.8333333 0.5765035 0.3781029 0.7409353 0.2425391 0.6633389 0.08402329 0.7409353 0.2425391 0.742077 0 0.6633389 0.08402329 0.6629986 0.5736533 0.7434952 0.9080658 0.7430033 0.6015528 0.7430033 0.6015528 0.7777778 0.9170498 0.7978218 0.6666668 0.7948464 0.4291189 0.7837134 0.04931169 0.7409353 0.2425391 0.7430033 0.6015528 0.7978218 0.6666668 0.7948464 0.4291189 0.7948464 0.4291189 0.8877202 0.7577449 0.8875691 0.4227483 0.7948464 0.4291189 0.8875691 0.4227483 0.7837134 0.04931169 0.809993 0.9178971 0.8898566 1 0.8877202 0.7577449 0.5909205 1 0.6507301 0.7782462 0.574904 0.7551483 0.8898566 1 1 0.9614803 0.8877202 0.7577449 0.8877202 0.7577449 1.000001 0.6113295 0.8875691 0.4227483 0.8877202 0.7577449 1 0.9614803 1.000001 0.6113295 1.83861e-6 0.9457953 0.14628 1 0.1884384 0.8333334 0.1347869 0.5778219 0.2760533 0.5893403 2.05822e-6 0.332917 0.14628 1 0.324959 1 0.1884384 0.8333334 0.2760533 0.5893403 0.3258903 -0.004021346 0.1285425 0.1381952 0.3237966 0.6666667 0.2760533 0.5893403 0.1347869 0.5778219 0.324959 1 0.4550207 0.6968352 0.1884384 0.8333334 0.4429591 0.1666666 0.531695 0 0.3258903 -0.004021346 0.2760533 0.5893403 0.5357477 0.2059798 0.4429591 0.1666666 0.3237966 0.6666667 0.4550207 0.6968352 0.4421997 0.5 0.4429591 0.1666666 0.5357477 0.2059798 0.531695 0 0.4550207 0.6968352 0.5344811 0.9929985 0.5317531 0.5402056 0.5357477 0.2059798 0.6190434 0.3363628 0.5885986 0.09874236 0.7371066 0.2523258 0.8645625 0 0.6956805 0 0.6190434 0.3363628 0.6956805 0 0.5885986 0.09874236 0.6190434 0.3363628 0.7371066 0.2523258 0.6956805 0 0.6507301 0.7782462 0.7371066 0.2523258 0.6190434 0.3363628 0.6507301 0.7782462 0.848166 0.599649 0.7371066 0.2523258 0.7365366 0.7502737 0.848166 0.599649 0.6507301 0.7782462 0.1130875 0.1666666 -3.05897e-5 0.3333333 0.1109352 0.3333333 0.7365366 0.7502737 0.8668556 0.9098624 0.848166 0.599649 0.848166 0.599649 1 0.3721274 0.8626168 0.2414888 0.8668556 0.9098624 1 0.7218658 0.848166 0.599649 0.8668556 0.9098624 1 1 1 0.7218658 1 0.7218658 1 0.3721274 0.848166 0.599649 -1.53673e-5 0.1666666 0.1086745 0 0 0 0.1086745 1 0.07697826 0.8333333 -7.40497e-6 0.8333333 0.1109352 0.3333333 -3.81868e-5 0.5 0.1122018 0.5 -3.81868e-5 0.5 0.09074246 0.6666666 0.1122018 0.5 -1.48895e-5 0.6666667 0.07697826 0.8333333 0.09074246 0.6666666 0.1338884 0.8333334 0.2338886 1 0.2415478 0.8333333 0.1086745 1 0.1338884 0.8333334 0.07697826 0.8333333 0.07697826 0.8333333 0.1338884 0.8333334 0.09074246 0.6666666 0.2338886 0 0.1130875 0.1666666 0.2361906 0.1666666 0.1437383 0.6666667 0.2418202 0.5 0.1122018 0.5 0.1109352 0.3333333 0.2361906 0.1666666 0.1130875 0.1666666 0.219025 0.6666666 0.1338884 0.8333334 0.2415478 0.8333333 0.4415113 0.8333334 0.553987 1 0.5363509 0.8333334 0.1109352 0.3333333 0.318005 0.3333333 0.2361906 0.1666666 0.2361906 0.1666666 0.4253261 0 0.2338886 0 0.219025 0.6666666 0.44433 0.6666667 0.2418202 0.5 0.44433 0.6666667 0.4314433 0.5 0.2418202 0.5 0.2361906 0.1666666 0.4471074 0.1666666 0.4253261 0 0.4314433 0.5 0.4527769 0.3333333 0.318005 0.3333333 0.4471074 0.1666666 0.553987 0 0.4253261 0 0.5558202 0.1666666 0.4527769 0.3333333 0.5467804 0.3333333 0.4527769 0.3333333 0.5474858 0.5 0.5467804 0.3333333 0.5474858 0.5 0.44433 0.6666667 0.536388 0.6666667 0.44433 0.6666667 0.5363509 0.8333334 0.536388 0.6666667 0.5860583 0.6666668 0.5363509 0.8333334 0.5934739 0.8333334 0.5467804 0.3333333 0.6488839 0.5 0.6678264 0.3333333 0.553987 1 0.6363638 1 0.5934739 0.8333334 0.5558202 0.1666666 0.6363638 0 0.553987 0 0.6563178 0.6666667 0.5934739 0.8333334 0.6745548 0.8333333 0.6678264 0.3333333 0.6510874 0.1666666 0.5558202 0.1666666 0.5860583 0.6666668 0.6563178 0.6666667 0.6488839 0.5 0.7065981 0.5 0.6563178 0.6666667 0.7211089 0.6666667 0.6363638 1 0.687057 1 0.6745548 0.8333333 0.6510874 0.1666666 0.687057 0 0.6363638 0 0.6488839 0.5 0.7065981 0.5 0.6678264 0.3333333 0.6745548 0.8333333 0.7652811 1 0.7838478 0.8333334 0.6745548 0.8333333 0.7211089 0.6666667 0.6563178 0.6666667 0.7149171 0.1330437 0.7723395 0.3333333 0.7910545 0.1666666 0.8506968 0.5 0.7211089 0.6666667 0.8758347 0.6666666 0.7652811 1 0.8799077 1 0.7838478 0.8333334 0.7910545 0.1666666 0.8799077 0 0.7149171 0.1330437 0.3316503 0.6835793 0.5387699 1 0.567747 0.8333334 0.8506968 0.5 0.8874698 0.3333333 0.7723395 0.3333333 0.8799077 1 0.9053403 0.8333333 0.7838478 0.8333334 0.8874698 0.3333333 0.9040055 0.1666666 0.7910545 0.1666666 0.7838478 0.8333334 0.9053403 0.8333333 0.8758347 0.6666666 0.8758347 0.6666666 0.999921 0.3924147 0.8506968 0.5 0.9040055 0.1666666 1.000003 0.05948507 0.8799077 0 0.8874698 0.3333333 0.999921 0.3924147 0.9040055 0.1666666 0.8758347 0.6666666 1 0.7057158 0.999921 0.3924147 0.9053403 0.8333333 1 0.7057158 0.8758347 0.6666666 1.000005 1 1 0.7057158 0.9053403 0.8333333 -1.77345e-7 1 0.1243122 0.8943927 0 0.7275703 0 0.7275703 0.1310456 0.5807843 -3.58888e-7 0.388254 0.1243122 0.8943927 0.1310456 0.5807843 0 0.7275703 0.1310456 0.5807843 0.3127449 0.3333334 0.1203022 0.2550072 0.1243122 0.8943927 0.3316503 0.6835793 0.1310456 0.5807843 0.1310456 0.5807843 0.3477082 0.5 0.3127449 0.3333334 0.1310456 0.5807843 0.3316503 0.6835793 0.3477082 0.5 0.3127449 0.3333334 0.5396436 0.07337212 0.3342088 0.08031725 0.7372273 0.531286 0.5471735 0.6666668 0.7858209 0.6666666 0.3477082 0.5 0.5831307 0.3333333 0.3127449 0.3333334 0.3316503 0.6835793 0.567747 0.8333334 0.5471735 0.6666668 0.3477082 0.5 0.5609177 0.5 0.5831307 0.3333333 0.5831307 0.3333333 0.7814633 0.1666666 0.5396436 0.07337212 0.5387699 1 0.7779653 0.8580043 0.567747 0.8333334 0.5609177 0.5 0.7372273 0.531286 0.5831307 0.3333333 0.8711501 0.5 0.9999615 0.7727706 0.999966 0.3882065 0.567747 0.8333334 0.7858209 0.6666666 0.5471735 0.6666668 0.7858209 0.6666666 0.8711501 0.5 0.7372273 0.531286 0.8711501 0.5 0.999966 0.3882065 0.7372273 0.531286 0.999966 0.3882065 0.999994 0.03899699 0.7814633 0.1666666 0.0766555 0.4033443 0.1269569 0.7889132 0.1387905 0.5966523 -2.31328e-5 0.4327121 0.0766555 0.4033443 -9.90222e-6 0.1338929 -1.08855e-5 0.7715884 0.07650911 0.6666667 -2.31328e-5 0.4327121 0.0766555 0.4033443 0.1354753 0.2805299 0.09212255 0.1666666 0.0766555 0.4033443 0.1387905 0.5966523 0.1354753 0.2805299 0.1387905 0.5966523 0.2391089 0.2652091 0.1354753 0.2805299 0.09212255 0.1666666 0.1354753 0.2805299 0.1041304 0 0.4568027 0 0.5398649 0.2268334 0.5592359 0 0.1269569 0.7889132 0.2751526 0.8994538 0.1387905 0.5966523 0.1354753 0.2805299 0.2391089 0.2652091 0.1041304 0 0.2391089 0.2652091 0.3361641 0 0.1041304 0 0.2391089 0.2652091 0.4374703 0.1391453 0.3361641 0 0.2826693 0.5 0.4110034 0.5835571 0.4308873 0.3974959 0.4499326 0.7147467 0.4110034 0.5835571 0.2820429 0.6666667 0.4110034 0.5835571 0.4499326 0.7147467 0.4308873 0.3974959 0.4790938 0.4365302 0.5427986 0.7622665 0.5671222 0.5 0.4790938 0.4365302 0.5398649 0.2268334 0.4374703 0.1391453 0.5671222 0.5 0.5398649 0.2268334 0.4790938 0.4365302 0.5923281 0.7366694 0.7974176 1 0.781263 0.8333334 0.5592359 1 0.5923281 0.7366694 0.5427986 0.7622665 0.5398649 0.2268334 0.5926899 0.2530724 0.5592359 0 0.7974176 0 0.5926899 0.2530724 0.7903807 0.2438621 0.5926899 0.2530724 0.7787644 0.5762415 0.7903807 0.2438621 0.07542103 0.3333333 0.1311509 0.07208585 0.07668215 0.07563436 0.5923281 0.7366694 0.7787644 0.5762415 0.5671222 0.5 0.781263 0.8333334 0.9999861 0.7321411 0.7787644 0.5762415 0.7903807 0.2438621 0.9999952 0.4799417 0.9999948 0.1340808 -9.74373e-6 0.2052317 0.07668215 0.07563436 0 0 -7.25827e-6 0.8925312 0.07602316 0.6033478 -2.46235e-5 0.5662564 0.07644802 1 0.09363597 0.7928921 -7.25827e-6 0.8925312 -2.46235e-5 0.5662564 0.07602316 0.6033478 0.07542103 0.3333333 0.2183529 0.1363131 0.1308544 0.4199286 0.2403689 0.4252876 0.07602316 0.6033478 0.09363597 0.7928921 0.1308544 0.4199286 0.1308469 1 0.2475503 1 0.1496093 0.7508507 0.2288343 0.8334124 0.2575008 0.5 0.2008554 0.4962435 0.1496093 0.7508507 0.2403689 0.4252876 0.1308544 0.4199286 0.2475503 1 0.3319781 0.8661836 0.1496093 0.7508507 0.1496093 0.7508507 0.3339021 0.6666666 0.2403689 0.4252876 0.3319781 0.8661836 0.3339021 0.6666666 0.1496093 0.7508507 0.2403689 0.4252876 0.4742909 0.3333334 0.3655265 0.1666666 0.2403689 0.4252876 0.5078974 0.5 0.4742909 0.3333334 0.3339021 0.6666666 0.5078974 0.5 0.2403689 0.4252876 0.3319781 0.8661836 0.5284909 0.9140691 0.3339021 0.6666666 0.3339021 0.6666666 0.5562893 0.6666666 0.5078974 0.5 0.5078974 0.5 0.6665481 0.2587967 0.4742909 0.3333334 0.5284909 0.9140691 0.7421636 0.7211026 0.5562893 0.6666666 0.5284909 0.9140691 0.8638613 0.8674048 0.7421636 0.7211026 0.6665481 0.2587967 0.8434774 0 0.5546283 0 0.5562893 0.6666666 0.8456994 0.5654351 0.5078974 0.5 0.8456994 0.5654351 0.8700541 0.3759388 0.6665481 0.2587967 0.8638613 0.8674048 0.8456994 0.5654351 0.7421636 0.7211026 0.9097854 0.6717138 0.8700541 0.3759388 0.8456994 0.5654351 0.8638613 0.8674048 0.9097854 0.6717138 0.8456994 0.5654351 0.9089739 1 0.9097854 0.6717138 0.8638613 0.8674048 0.9089739 1 1.000011 0.9653098 0.9097854 0.6717138 0.9097854 0.6717138 1.000026 0.5993754 0.9233845 0.4259189 0.9097854 0.6717138 1.000011 0.9653098 1.000026 0.5993754 6.32564e-6 0.7510804 0.1072354 0.5 2.01309e-5 0.3882382 0.2430936 0.2549749 0.2420579 0 0.1880385 0.09213089 0.1858265 0.7609816 0.2288343 0.8334124 0.2008554 0.4962435 0.2420579 0 0.3256937 0.2444264 0.3287465 0 0.3787139 0.5882883 0.5200081 0.8635935 0.533935 0.6973111 0.2575008 0.5 0.3256937 0.2444264 0.2430936 0.2549749 0.4451412 0.3333333 0.4374614 0.1596442 0.3256937 0.2444264 0.3787139 0.5882883 0.4451412 0.3333333 0.3256937 0.2444264 0.4484091 1 0.5200081 0.8635935 0.3498571 0.9489058 0.3787139 0.5882883 0.533935 0.6973111 0.5141826 0.5 0.5232029 0 0.5748224 0.2561792 0.5756002 0 0.5225632 0.2542004 0.5232029 0 0.4374614 0.1596442 0.5853602 0.7918566 0.533935 0.6973111 0.5200081 0.8635935 0.5225632 0.2542004 0.5746017 0.5 0.5748224 0.2561792 0.5746017 0.5 0.653077 0.7526127 0.6751508 0.3907393 0.5853602 0.7918566 0.6640353 1 0.653077 0.7526127 0.6751508 0.3907393 0.6729574 0.1168097 0.5748224 0.2561792 0.8235291 0.1436159 0.6751508 0.3907393 0.8651365 0.4169551 0.6640353 1 0.7764647 0.7414485 0.653077 0.7526127 0.653077 0.7526127 0.7764647 0.7414485 0.6751508 0.3907393 0.7764647 0.7414485 0.8651365 0.4169551 0.6751508 0.3907393 0.1358438 0.3492967 0.383941 0.5 0.3741907 0.3333333 0.8086764 1 0.9077567 0.7715136 0.7764647 0.7414485 0.8086764 1 0.9117491 1 0.9077567 0.7715136 0.8651365 0.4169551 0.9145451 0.1249271 0.8235291 0.1436159 0.8651365 0.4169551 1.000001 0.3942698 0.9145451 0.1249271 0.9077567 0.7715136 1 0.7047798 0.8651365 0.4169551 1.000002 1 1 0.7047798 0.9077567 0.7715136 -1.27341e-7 0.6117569 0.1293127 0.5602502 -7.16394e-7 0.3333333 5.15633e-6 0.8972699 0.1293127 0.5602502 -1.27341e-7 0.6117569 5.15633e-6 0.8972699 0.2950766 0.7351555 0.1293127 0.5602502 0.1358438 0.3492967 0.3127833 0.1666666 0.1843674 0 0.1358438 0.3492967 0.3741907 0.3333333 0.3127833 0.1666666 0.681831 0.2771871 0.6315913 0.5 0.6867712 0.5 0.2950766 0.7351555 0.383941 0.5 0.1293127 0.5602502 0.3127833 0.1666666 0.5525127 0.2744098 0.4453776 0 0.3741907 0.3333333 0.5525127 0.2744098 0.3127833 0.1666666 0.4453776 1 0.6645071 1 0.5487698 0.7606837 0.5525127 0.2744098 0.6645071 0 0.4453776 0 0.6645071 1 0.6322523 0.7340932 0.5487698 0.7606837 0.5525127 0.2744098 0.6321924 0.2611176 0.6645071 0 0.6645071 1 0.6822639 0.7324696 0.6322523 0.7340932 0.6321924 0.2611176 0.681831 0.2771871 0.6645071 0 0.6315913 0.5 0.6822639 0.7324696 0.6867712 0.5 0.6822639 0.7324696 0.7794628 1 0.7781759 0.7546372 0.6867712 0.5 0.7801434 0.4243587 0.681831 0.2771871 0.6822639 0.7324696 0.7781759 0.7546372 0.6867712 0.5 0.3010863 0.1666666 0.4466194 0.4467229 0.4406502 0.1486316 0.7801434 0.4243587 0.7840254 0.002587795 0.681831 0.2771871 0.7801434 0.4243587 0.9999442 0.294548 0.7840254 0.002587795 0.9996361 0.9445544 0.9999831 0.5984608 0.7781759 0.7546372 0.7840254 0.002587795 0.9999442 0.294548 0.9999858 0 0.1313855 1 0.1553642 0.6339077 2.6906e-6 0.7229712 0.1333708 0.5 0.2660769 0.4132487 3.00505e-6 0.383886 2.6906e-6 0.7229712 0.1553642 0.6339077 0.1333708 0.5 0.2660769 0.4132487 0.3010863 0.1666666 0.1292892 0.05693459 0.1553642 0.6339077 0.2996002 0.8458505 0.3176956 0.6666666 0.3010863 0.1666666 0.3294962 0 0.1292892 0.05693459 0.3176956 0.6666666 0.4466194 0.4467229 0.2660769 0.4132487 0.3010863 0.1666666 0.4406502 0.1486316 0.3294962 0 0.5351646 0.4128332 0.4669564 0.5730749 0.522437 0.7688245 0.4571502 1 0.522437 0.7688245 0.4669564 0.5730749 0.4466194 0.4467229 0.5220556 0.08966106 0.4406502 0.1486316 0.4571502 1 0.5231285 1 0.522437 0.7688245 0.6493152 0.4551303 0.740824 0.08514767 0.5788453 0.197158 0.5788453 0.197158 0.5754687 0 0.5220556 0.08966106 0.5351646 0.4128332 0.5788453 0.197158 0.5220556 0.08966106 0.522437 0.7688245 0.5787218 0.6346004 0.5351646 0.4128332 0.522437 0.7688245 0.5760054 0.9205995 0.5787218 0.6346004 0.5351646 0.4128332 0.5787218 0.6346004 0.5788453 0.197158 0.7995222 0.2579348 0.8803001 0.7428436 0.8988255 0.2247666 0.5787218 0.6346004 0.7557246 0.5132432 0.6493152 0.4551303 0.7418159 1 0.8022738 0.9542348 0.7571712 0.8333333 0.740824 0.08514767 0.7995222 0.2579348 0.7985354 0 0.7557246 0.5132432 0.7995222 0.2579348 0.7415234 0.3333333 0.7571712 0.8333333 0.8082393 0.5526351 0.7557246 0.5132432 0.7557246 0.5132432 0.8082393 0.5526351 0.7995222 0.2579348 0.7571712 0.8333333 0.8022738 0.9542348 0.8082393 0.5526351 0.7995222 0.2579348 0.8845327 0 0.7985354 0 0.07540208 0.3333333 -1.41785e-5 0.5 0.07869279 0.5 0.8022738 0.9542348 0.8927394 0.9068453 0.8803001 0.7428436 0.8803001 0.7428436 1 0.2946445 0.8988255 0.2247666 0.8927394 0.9068453 1 0.6059066 0.8803001 0.7428436 0.8988255 0.2247666 1 0.2946445 1 0 -1.9089e-5 1 0.1109752 0.8333333 0 0.8333333 0 0.1666666 0.1105277 0.1666666 -1.9089e-5 0 -2.27779e-5 0.3333333 0.07540208 0.3333333 0.1105277 0.1666666 0.1327865 0.3333334 0.07869279 0.5 0.1321477 0.5 5.44046e-4 0.6666667 0.07869279 0.5 -1.41785e-5 0.5 0.07540208 0.3333333 0.1327865 0.3333334 0.1105277 0.1666666 0.07869279 0.5 0.1316341 0.6666667 0.1321477 0.5 0.3536748 0.1666666 0.2989785 0.3333334 0.3541631 0.3333333 0.1109752 0.8333333 0.1316341 0.6666667 5.44046e-4 0.6666667 0.1141262 1 0.2232002 1 0.1109752 0.8333333 0.1105277 0.1666666 0.2232002 0 0.1141262 0 0.2232002 1 0.2305526 0.8333333 0.1109752 0.8333333 0.1327865 0.3333334 0.2903037 0.1666666 0.1105277 0.1666666 0.1109752 0.8333333 0.2305526 0.8333333 0.1316341 0.6666667 0.1327865 0.3333334 0.2989785 0.3333334 0.2903037 0.1666666 0.2305526 0.8333333 0.3311905 0.6666667 0.1316341 0.6666667 0.2232002 1 0.341253 1 0.3331634 0.8333333 0.2903037 0.1666666 0.3536748 0.1666666 0.341253 0 0.2989785 0.3333334 0.3532674 0.5 0.3541631 0.3333333 0.3331634 0.8333333 0.4637942 1 0.4953261 0.8333333 0.3311905 0.6666667 0.3532674 0.5 0.2424222 0.5 0.3536748 0.1666666 0.4637942 0 0.341253 0 0.3536748 0.1666666 0.4487445 0.3333333 0.4688134 0.1666666 0.4735067 0.6666666 0.3331634 0.8333333 0.4953261 0.8333333 0.3311905 0.6666667 0.4735067 0.6666666 0.3532674 0.5 0.7697144 0.6666668 0.4953261 0.8333333 0.7775536 0.8333334 0.4735067 0.6666666 0.5812777 0.5 0.3532674 0.5 0.4487445 0.3333333 0.6446717 0.3333333 0.4688134 0.1666666 0.5812777 0.5 0.6446717 0.3333333 0.4487445 0.3333333 0.4688134 0.1666666 0.6581923 0 0.4637942 0 0.4688134 0.1666666 0.7765681 0.1666666 0.6581923 0 0.4735067 0.6666666 0.7697144 0.6666668 0.5812777 0.5 0.7785398 0 0.891166 0.1666666 0.8937827 0 0.5812777 0.5 0.7440687 0.5 0.6446717 0.3333333 0.6446717 0.3333333 0.7714365 0.3333333 0.7765681 0.1666666 0.7440687 0.5 0.7977728 0.5 0.7714365 0.3333333 0.7697144 0.6666668 0.7977728 0.5 0.7440687 0.5 0.7977728 0.5 0.8886113 0.4037189 0.7714365 0.3333333 0.7697144 0.6666668 0.8894526 0.6666666 0.7977728 0.5 0.8937827 0 1 0.2674685 1 0 0.8886113 0.4037189 0.891166 0.1666666 0.7765681 0.1666666 0.7775536 0.8333334 0.8923642 0.950401 0.8894526 0.6666666 0.8894526 0.6666666 0.9999999 0.5394876 0.8886113 0.4037189 6.51705e-5 0.2499772 0.1748329 0.5 0.2352843 0.3333334 1.000002 0.89107 0.9999999 0.5394876 0.8894526 0.6666666 0.3194899 0.6666667 0.5518738 0.911226 0.5520275 0.6666668 4.28714e-6 0.9471153 0.2960885 0.8580543 0.1582646 0.6102328 6.51705e-5 0.2499772 0.1528781 0 6.53806e-6 0 4.52061e-6 0.6109011 0.1582646 0.6102328 0.1748329 0.5 6.51705e-5 0.2499772 0.3085724 0.1131963 0.1528781 0 0.1582646 0.6102328 0.2960885 0.8580543 0.3194899 0.6666667 0.3194899 0.6666667 0.4539893 0.5 0.1748329 0.5 0.3085724 0.1131963 0.553242 0.2490627 0.5554639 0 0.4539893 0.5 0.553242 0.2490627 0.2352843 0.3333334 0.7662799 0.1054807 0.8686153 0.4106284 0.8600553 0.05898821 0.4539893 0.5 0.746276 0.4893136 0.553242 0.2490627 0.5520275 0.6666668 0.746276 0.4893136 0.4539893 0.5 0.5518738 0.911226 0.7722655 0.6998185 0.5520275 0.6666668 0.553242 0.2490627 0.746276 0.4893136 0.7662799 0.1054807 0.5520275 0.6666668 0.7722655 0.6998185 0.746276 0.4893136 0.7636972 1 0.8549235 1 0.7722655 0.6998185 0.8686153 0.4106284 0.7722655 0.6998185 0.8576565 0.7871224 0.5560874 0.1666666 0.680042 0 0.5759599 0 0.8600553 0.05898821 0.9228587 0.2640482 0.8993032 0 0.8686153 0.4106284 0.9233834 0.5954088 0.9228587 0.2640482 0.9113247 0.9132376 0.9233834 0.5954088 0.8576565 0.7871224 0.9228587 0.2640482 1.000025 0.1015331 0.8993032 0 0.9233834 0.5954088 1.00001 0.4631264 0.9228587 0.2640482 0.9228587 0.2640482 1.00001 0.4631264 1.000025 0.1015331 0.1305155 1 0.1870765 0.8333333 3.78338e-6 0.7249687 0.1371082 0.5546984 0.1360818 0.2408373 7.24654e-6 0.3839229 0.1360818 0.2408373 0.3447425 0.1666666 0.1305155 0 0.3214175 0.3333333 0.3447425 0.1666666 0.1360818 0.2408373 0.1371082 0.5546984 0.3214175 0.3333333 0.1360818 0.2408373 0.3447425 0.1666666 0.3173014 0 0.1305155 0 0.1371082 0.5546984 0.3289875 0.6248508 0.3214175 0.3333333 0.3289875 0.6248508 0.5341153 0.4358662 0.3214175 0.3333333 0.3447425 0.1666666 0.5560874 0.1666666 0.520659 0 0.5167388 0.7121214 0.5341153 0.4358662 0.3289875 0.6248508 0.5728354 0.9292427 0.5784904 0.6666667 0.5167388 0.7121214 0.5728354 0.9292427 0.6700724 0.8922817 0.5784904 0.6666667 0.7031514 0.1848782 0.865099 0 0.680042 0 0.5879269 0.4097384 0.7070603 0.5626518 0.7031514 0.1848782 0.6700724 0.8922817 0.7070603 0.5626518 0.5784904 0.6666667 0.1238819 0.4686434 0.2923848 0.06230294 0.1281667 0.07005053 0.7070603 0.5626518 0.8602383 0.5966063 0.7907827 0.3048555 0.7907827 0.3048555 0.9999965 0.25275 0.865099 0 0.7843526 0.8259568 1 1 0.9999775 0.8333333 -2.51631e-7 0.4392405 0.1238819 0.4686434 -1.62833e-7 0.1278964 0.1293522 1 0.1974382 0.8333333 2.67653e-6 0.723962 0.5217583 0 0.4373171 0.1666666 0.522858 0.2375569 0.2040228 0.6666667 0.3066084 0.4086043 0.1238819 0.4686434 0.4373171 0.1666666 0.4355525 0 0.2923848 0.06230294 0.3066084 0.4086043 0.5155102 0.5720693 0.4373171 0.1666666 0.5155102 0.5720693 0.4373173 0.9016663 0.5226526 0.9341099 0.5681579 0 0.522858 0.2375569 0.5731998 0.2375731 0.522858 0.2375569 0.574395 0.5782126 0.5731998 0.2375731 0.5155102 0.5720693 0.5704274 0.9398217 0.574395 0.5782126 0.7277289 0.255194 0.8668882 0 0.6839044 0 0.5731998 0.2375731 0.6839044 0 0.5681579 0 0.6839044 1 0.6523966 0.7534269 0.5704274 0.9398217 0.574395 0.5782126 0.6887455 0.5 0.6508621 0.262758 0.574395 0.5782126 0.6523966 0.7534269 0.6887455 0.5 0.6508621 0.262758 0.7277289 0.255194 0.6839044 0 0.6887455 0.5 0.7277289 0.255194 0.6508621 0.262758 0.6839044 1 0.8557197 0.8849044 0.7272063 0.7497009 0.6887455 0.5 0.849519 0.5860854 0.7277289 0.255194 0.7272063 0.7497009 0.8557197 0.8849044 0.849519 0.5860854 0.8995409 0.6320635 0.9231733 1 0.9233807 0.7538916 0.849519 0.5860854 0.8995409 0.6320635 0.86601 0.2530653 0.9231733 0 0.86601 0.2530653 0.9233835 0.238022 1.000008 0.7263097 0.9231733 1 1 1 0.8995409 0.6320635 0.9233835 0.238022 0.86601 0.2530653 0.8995409 0.6320635 1.000013 0.3682286 0.9233835 0.238022 0.5357296 0.5 0.7534795 0.7304784 0.7873598 0.3005841 1.000008 0.7263097 1.000013 0.3682286 0.8995409 0.6320635 -1.97678e-7 0.7786247 0.1321575 0.6666666 6.15335e-6 0.4392026 0.1326573 0.1666666 0.3219997 0 0.129591 0 0.3793636 0.9220236 0.3319698 0.6999815 0.1419988 0.8889859 0.1321575 0.6666666 0.3319698 0.6999815 0.1895398 0.5 0.1895398 0.5 0.5357296 0.5 0.3449867 0.2282242 0.3319698 0.6999815 0.5357296 0.5 0.1895398 0.5 0.5594209 0.3256499 0.7296786 0.1666666 0.5424143 0 0.3381748 0.2271795 0.5544749 0 0.3424122 0 0.7345482 1 0.7534795 0.7304784 0.5776388 0.7161183 0.5594209 0.3256499 0.7873598 0.3005841 0.7296786 0.1666666 0.7345482 1 0.8921286 0.8333334 0.7534795 0.7304784 0.7873598 0.3005841 0.8098154 0.07968568 0.7296786 0.1666666 0.7534795 0.7304784 0.9999765 0.7215423 0.8919206 0.5 0.9999765 0.7215423 0.9999862 0.3723238 0.8919206 0.5 -1.69392e-7 0.4391316 0.1328466 0.4420487 -2.26394e-7 0.1278975 0.1292236 1 0.1433404 0.6896914 3.25026e-6 0.7244625 0.1328466 0.4420487 0.3381748 0.2271795 0.1273134 0.06679189 0.1433404 0.6896914 0.332974 0.8628145 0.3304526 0.6666668 0.3381748 0.2271795 0.3424122 0 0.1273134 0.06679189 0.3381748 0.2271795 0.553855 0.5812422 0.5591821 0.2922901 0.3304526 0.6666668 0.5377958 0.8632606 0.553855 0.5812422 0.7728804 0 0.5591821 0.2922901 0.7765205 0.2800596 0.5377958 0.8632606 0.7557762 0.7694278 0.553855 0.5812422 0.5377958 0.8632606 0.7728804 1 0.7557762 0.7694278 0.7765205 0.2800596 0.8685334 0 0.7728804 0 0.7557762 0.7694278 0.7691237 0.5 0.553855 0.5812422 0.7557762 0.7694278 0.8657612 0.6666668 0.7691237 0.5 0.9226364 0 0.8692559 0.1666666 0.923108 0.2414035 0.8677638 0.4124453 0.8692559 0.1666666 0.7765205 0.2800596 0.7557762 0.7694278 0.8676462 0.9241839 0.8657612 0.6666668 0.8676462 0.9241839 0.9237918 0.5877078 0.8657612 0.6666668 0.8677638 0.4124453 0.9237918 0.5877078 0.923108 0.2414035 0.9237918 0.5877078 1.000007 0.9410005 1 0.554355 0.9237918 0.5877078 1.000011 0.2975268 0.923108 0.2414035 0.923108 0.2414035 1.000011 0.2975268 1.000011 0 0.5523706 0.1666666 0.3280297 0.5539378 0.5701768 0.3333333 0 0.4392397 0.1331293 0.2635213 3.37257e-4 0.1272873 0 0.4392397 0.1359446 0.5677207 0.1331293 0.2635213 3.75063e-6 0.7511246 0.2942101 0.7422058 0.1359446 0.5677207 0.1331293 0.2635213 0.3176418 0.0555579 3.37257e-4 0.1272873 0.1359446 0.5677207 0.3280297 0.5539378 0.1331293 0.2635213 0.1331293 0.2635213 0.3280297 0.5539378 0.3176418 0.0555579 0.2942101 0.7422058 0.5385722 0.9216743 0.5348856 0.6026688 0.5348856 0.6026688 0.76309 0.9288139 0.7763368 0.6666668 0.7763368 0.6666668 0.7760966 0.5 0.5348856 0.6026688 0.7977936 0.1666666 0.5701768 0.3333333 0.8360949 0.3333333 0.5523706 0.1666666 0.7709476 0 0.5388516 0 2.34502e-6 0.724023 0.2574594 1 0.2636904 0.8333334 0.76309 0.9288139 0.891362 1 1.000001 0.8880796 0.7977936 0.1666666 0.891362 0 0.7709476 0 0.76309 0.9288139 1.000001 0.8880796 0.7763368 0.6666668 0.7977936 0.1666666 1 0.2273032 0.891362 0 1.000001 0.8880796 0.9999659 0.5389893 0.7763368 0.6666668 -1.57429e-7 1 0.1429498 0.8333333 -2.37216e-7 0.7273958 -2.37216e-7 0.7273958 0.1277513 0.5520526 -3.55395e-6 0.3882743 0.1429498 0.8333333 0.1277513 0.5520526 -2.37216e-7 0.7273958 -3.55395e-6 0.3882743 0.2545662 0.3333333 0.1299285 0.09318906 0.1277513 0.5520526 0.2545662 0.3333333 -3.55395e-6 0.3882743 0.129216 1 0.3507198 1 0.1429498 0.8333333 0.3507198 1 0.3112068 0.6861152 0.1429498 0.8333333 0.1299285 0.09318906 0.3609124 0.1666666 0.3507198 0 0.2545662 0.3333333 0.4456148 0.3333334 0.3609124 0.1666666 0.5422681 0.5 0.6536056 0.3333333 0.4456148 0.3333334 0.4636259 0.7587046 0.6544018 0.6666666 0.5422681 0.5 0.5376218 1 0.6852672 1 0.6793943 0.8333334 0.5680751 0.1587603 0.8422343 0.3050114 0.6852672 0 0.6536056 0.3333333 0.8422343 0.3050114 0.5680751 0.1587603 0.7381889 0.5 0.8422343 0.3050114 0.6536056 0.3333333 0.6544018 0.6666666 0.8803548 0.6045851 0.7381889 0.5 0.6793943 0.8333334 0.9999379 0.72756 0.8803548 0.6045851 0.8752589 1 1 1 0.9999379 0.72756 0.8803548 0.6045851 1.000001 0.3885472 0.8422343 0.3050114 1.000001 0.3885472 1 0.03862941 0.8709258 0.09505516 0.5526985 0.6666666 0.6324099 0.9302566 0.6719427 0.7151227 2.34502e-6 0.724023 0.2736273 0.6666667 1.13193e-5 0.3998314 0.2736273 0.6666667 0.3149859 0.5 1.13193e-5 0.3998314 0.3149859 0.5 0.2262685 0.2492871 1.13193e-5 0.3998314 0.2262685 0.2492871 0.6124754 0.4736864 0.5133752 0.1666666 0.3149859 0.5 0.6124754 0.4736864 0.2262685 0.2492871 0.5133752 0.1666666 0.5509065 0 0.2574594 0 0.2636904 0.8333334 0.5575745 0.8571904 0.5526985 0.6666666 0.6124754 0.4736864 0.6396738 0.2514942 0.5133752 0.1666666 0.5133752 0.1666666 0.6396738 0.2514942 0.6315205 0 1.57279e-5 0.1666666 0.240422 0.3333333 0.2527946 0.1666666 0.6835096 1 0.6719427 0.7151227 0.6324099 0.9302566 0.6719427 0.7151227 0.6883092 0.3852375 0.6124754 0.4736864 0.6883092 0.3852375 0.695688 0.09815573 0.6396738 0.2514942 0.6719427 0.7151227 0.7790164 0.9165519 0.7795672 0.5807352 0.9992822 1 0.9999682 0.7485776 0.7790164 0.9165519 0.7795672 0.5807352 0.9999004 0.4611953 0.8258085 0.2540276 0.9999682 0.7485776 0.9999004 0.4611953 0.7795672 0.5807352 0.8258085 0.2540276 0.9999004 0.4611953 0.9992827 0.1108289 -5.69446e-7 1 0.1340009 0.8333333 0 0.8333333 0 0.5 0.1401882 0.5 6.12352e-6 0.3333333 4.2693e-6 0.6666666 0.1401882 0.5 0 0.5 4.2693e-6 0.6666666 0.1906616 0.6666667 0.1401882 0.5 0.4649266 0 0.2527946 0.1666666 0.4863368 0.1666666 0.1401882 0.5 0.240422 0.3333333 6.12352e-6 0.3333333 0.1340009 0.8333333 0.3863458 0.8333333 0.1906616 0.6666667 0.3863458 0.8333333 0.3697285 0.6666666 0.1906616 0.6666667 0.2985213 0.5 0.4633221 0.3333333 0.240422 0.3333333 0.2085169 1 0.4649266 1 0.3863458 0.8333333 0.4863368 0.1666666 0.6027251 0 0.4649266 0 0.4633221 0.3333333 0.4863368 0.1666666 0.2527946 0.1666666 0.3697285 0.6666666 0.4682149 0.5 0.2985213 0.5 0.3863458 0.8333333 0.5826587 0.6666667 0.3697285 0.6666666 0.4649266 1 0.5862753 0.8333333 0.3863458 0.8333333 0.4863368 0.1666666 0.5861636 0.3333333 0.5884569 0.1666666 0.5861636 0.3333333 0.4682149 0.5 0.5880705 0.5 0.5884569 0.1666666 0.6464852 0.3333333 0.6476857 0.1666666 0.6027251 1 0.6481531 0.8333333 0.5862753 0.8333333 0.6464852 0.3333333 0.5880705 0.5 0.6472398 0.5 0.5880705 0.5 0.6470564 0.6666666 0.6472398 0.5 0.6470564 0.6666666 0.5862753 0.8333333 0.6481531 0.8333333 0.7410358 0.1666666 0.6464852 0.3333333 0.7494871 0.3333333 0.6027251 1 0.6632742 1 0.6481531 0.8333333 0.6476857 0.1666666 0.7410358 0.1666666 0.6632742 0 0.6464852 0.3333333 0.7406613 0.5264219 0.7494871 0.3333333 0.6481531 0.8333333 0.7406613 0.5264219 0.6470564 0.6666666 0.8359892 0.5857619 0.7532528 0.9477613 0.8572243 0.8796513 0.7406613 0.5264219 0.8359892 0.5857619 0.7494871 0.3333333 0.7494871 0.3333333 0.837101 0.06670224 0.7410358 0.1666666 0.7532528 0.9477613 0.838818 1 0.8572243 0.8796513 -6.37937e-6 0.5 0.6829333 0.6666667 0.7275698 0.6008948 0.8359892 0.5857619 0.8514863 0.3333333 0.7494871 0.3333333 0.8978332 0.1666666 0.875 0 0.837101 0.06670224 0.8514863 0.3333333 0.8978332 0.1666666 0.837101 0.06670224 0.913134 1 0.9131656 0.7360658 0.8572243 0.8796513 0.8514863 0.3333333 0.9134631 0.4089374 0.8978332 0.1666666 0.9131656 0.7360658 0.9134631 0.4089374 0.875 0.5839421 0.913134 1 1.00003 0.9088608 0.9131656 0.7360658 0.8978332 0.1666666 1.000018 0.2243406 0.913134 0 0.9131656 0.7360658 1.000011 0.5315557 0.9134631 0.4089374 1.00003 0.9088608 1.000011 0.5315557 0.9131656 0.7360658 6.97771e-5 1 0.6483601 1 8.96515e-5 0.8333333 8.44611e-5 0.1666666 0.6483601 0 6.97771e-5 0 -6.37937e-6 0.5 0.7275698 0.6008948 2.33539e-5 0.3333333 0.6483601 1 0.6740681 0.8333333 8.96515e-5 0.8333333 2.9671e-5 0.6666667 0.6740681 0.8333333 0.6829333 0.6666667 0.6829333 0.6666667 1 0.9365772 1 0.5839293 0.7275698 0.6008948 0.9999782 0.2766084 0.6600869 0.1666666 0.6600869 0.1666666 0.9999782 0.2766084 0.6483601 0 1.000005 0 -2.69914e-7 0.278394 1.000004 0.2382397 0.3325482 0.6904003 0.4422133 1 0.4414607 0.7503786 1.000005 0.5 1.000004 0.2382397 -2.69914e-7 0.278394 2.75296e-5 0.2049868 0.1253741 0 0 0 -3.128e-7 0.8941982 0.1250509 0.6666667 -4.94913e-7 0.5555172 2.75296e-5 0.2049868 0.2324457 0.2482228 0.1253741 0 0.2775745 0.5346261 0.2324457 0.2482228 0.1161509 0.6050313 0.1250509 0.6666667 0.2775745 0.5346261 0.1161509 0.6050313 0.2324457 0.2482228 0.2995343 -0.001494169 0.1253741 0 0.1832771 0.8499128 0.2775745 0.5346261 0.1250509 0.6666667 0.2999615 1 0.3325482 0.6904003 0.1832771 0.8499128 0.2324457 0.2482228 0.4293142 0.3557182 0.2995343 -0.001494169 0.3325482 0.6904003 0.4293142 0.3557182 0.2775745 0.5346261 0.4293142 0.3557182 0.4418824 0.07922953 0.2995343 -0.001494169 0.4418824 0.07922953 0.5279524 0.548376 0.525425 0.1666666 0.525425 0.1666666 0.5296916 0 0.4418824 0.07922953 0.5296916 0 0.5714286 0.2511462 0.5841373 0.02889984 0.5265341 0.8800379 0.5279524 0.548376 0.4414607 0.7503786 0.5265341 0.8800379 0.5714286 0.5816873 0.5279524 0.548376 0.5279524 0.548376 0.5714286 0.5816873 0.5714286 0.2511462 0.7555885 0.06668722 0.7142857 0.3945541 0.755628 0.3952687 0.6079454 0.4665883 0.5841373 0.02889984 0.5714286 0.2511462 0.6071154 0.7506032 0.6079454 0.4665883 0.5714286 0.5816873 0.5841373 0.9317622 0.6783952 0.9387626 0.6071154 0.7506032 0.5841373 0.02889984 0.6779318 0.2451843 0.6782928 0 0.6071154 0.7506032 0.6783952 0.9387626 0.6785714 0.5800678 0.6783952 0.9387626 0.7142857 1 0.7142857 0.7507314 0.7142857 0.3945541 0.7142857 0.08139121 0.6779318 0.2451843 0.7142857 0.7507314 0.7142857 0.3945541 0.6785714 0.5800678 0.7142857 0.3945541 0.7568522 0.6666668 0.755628 0.3952687 0.8734562 0.744602 1 1 1.000001 0.7236238 0.7555029 0.9356915 0.7568522 0.6666668 0.7142857 0.7507314 0.8594514 1 0.8425101 0.6052294 0.7555029 0.9356915 0.8578656 0.227747 0.8594514 0 0.7555885 0.06668722 0.755628 0.3952687 0.8425101 0.6052294 0.8578656 0.227747 0.8594514 1 0.8734562 0.744602 0.8425101 0.6052294 0.8425101 0.6052294 1.000001 0.3713363 0.8578656 0.227747 0.2412177 0.806509 0.2831492 0.3764861 0.1707732 0.3858762 1.000001 0.7236238 1.000001 0.3713363 0.8425101 0.6052294 -1.71499e-6 0.5620715 0.1707732 0.3858762 -5.38546e-6 0.2234845 -2.25046e-6 0.8705986 0.2412177 0.806509 -1.71499e-6 0.5620715 0.2412177 0.806509 0.1707732 0.3858762 -1.71499e-6 0.5620715 0.1707732 0.3858762 0.2831492 0.3764861 0.2428487 0.08503729 0.3155961 0.5562642 0.4293182 0.9002617 0.4240707 0.6666668 0.4336862 0.3281637 0.4268011 0 0.2428487 0.08503729 0.2831492 0.3764861 0.4336862 0.3281637 0.2428487 0.08503729 0.4268011 0 0.5 0.250052 0.5430676 0 0.5411598 0.6398627 0.4293182 0.9002617 0.5416469 0.9072471 0.4336862 0.3281637 0.5411598 0.6398627 0.5 0.250052 0.5430676 0 0.6867144 0.2683051 0.7221357 0 0.5 0.250052 0.5654302 0.3314539 0.5430676 0 0.7002018 0.5835483 0.6867144 0.2683051 0.5654302 0.3314539 0.5411598 0.6398627 0.7002018 0.5835483 0.5654302 0.3314539 0.5416469 0.9072471 0.7002018 0.5835483 0.5411598 0.6398627 0.7002018 0.5835483 0.7675891 0.2431744 0.6867144 0.2683051 0.6867144 0.2683051 0.7675891 0.2431744 0.7221357 0 0.7484965 0.7747377 1 0.3934763 0.6675761 0.5084059 0.8279784 1 0.83068 0.7406039 0.7210842 0.9397844 0.7002018 0.5835483 0.83068 0.7406039 0.8032552 0.4420087 0.8279784 1 1.000003 0.869099 0.83068 0.7406039 0.8032552 0.4420087 1.000007 0.2254076 0.7675891 0.2431744 1.000007 0.2254076 1 0 0.7675891 0.2431744 -1.35923e-6 0.604939 0.2717881 0.6048341 -1.69626e-6 0.2956415 -4.10277e-6 0.9438847 0.2855493 0.8333333 -1.35923e-6 0.604939 0.2629117 1 0.5423493 0.897512 0.2855493 0.8333333 0.2626045 0.3333333 0.5446147 0.3049237 0.2746906 0.1093115 0.2717881 0.6048341 0.5446147 0.3049237 0.2626045 0.3333333 0.2855493 0.8333333 0.5537459 0.6666667 0.2717881 0.6048341 0.2717881 0.6048341 0.6675761 0.5084059 0.5446147 0.3049237 0.5537459 0.6666667 0.7484965 0.7747377 0.6675761 0.5084059 0.6675761 0.5084059 1.000003 0.1289234 0.754046 0.08143591 0.7722806 1 1 1 1.000002 0.7757024 0.5 0.7490828 0.3718829 0.9983617 0.5 1 -1.42904e-4 0.5670529 0.3377959 0.3615377 -6.91488e-5 0.2368556 -6.64966e-5 0.8603903 0.3494083 0.7322973 -1.42904e-4 0.5670529 -6.91488e-5 0.2368556 0.3377959 0.3615377 0.3718332 0.0800237 0.3494083 0.7322973 0.3377959 0.3615377 -1.42904e-4 0.5670529 0.3718332 0.0800237 0.5 0.4184026 0.5 0.1056357 0.3494083 0.7322973 0.5 0.4184026 0.3377959 0.3615377 0.5 0.7490828 0.6279718 1 0.6525139 0.7468873 0.5 0.4184026 0.6279718 0.08036631 0.5 0.1056357 0.5 0.4184026 0.6525139 0.7468873 0.6609764 0.3623178 0.6525139 0.7468873 1 1 1 0.767027 0.9999998 0.3333333 0 0.5 0.9999999 0.5907597 0.6525139 0.7468873 1 0.767027 1.000139 0.4247629 -7.87402e-7 0.2049125 0.5013831 0 0 0 -1.40228e-6 0.894275 0.5014124 0.6666668 -2.07879e-6 0.5555964 0.5019427 0.1666666 1.000001 0.2046874 0.5013831 0 0.501643 0.4105985 1.000001 0.2046874 0.5019427 0.1666666 0.5014124 0.6666668 1.000002 0.5558032 0.501643 0.4105985 0.5016301 0.9253767 1.000001 0.8943627 0.5014124 0.6666668 1.000002 0.5558032 1.000001 0.2046874 0.501643 0.4105985 0.9999998 0.3333333 1 0.0833323 0 0.2499991 1 0.1666666 0 0.4122168 1 0.4240922 0 0.7500008 1 0.9461819 0.9999999 0.5907597 1 0.1666666 0.9999997 0 -2.1593e-7 0.0833342 1 0.4240922 0 0.7500001 1 0.8359416 0.2076968 0.2339667 0.2723936 0 0.2114605 0 -4.06758e-7 0.4392929 0.1267308 0.4064587 -2.07893e-7 0.1281578 0.1262171 0.9193398 0.2059245 0.6039355 8.97873e-6 0.7459337 0.2076968 0.2339667 0.2114605 0 0.1145406 0 0.1267308 0.4064587 0.2059245 0.6039355 0.2076968 0.2339667 0.1262171 0.9193398 0.212401 0.9091585 0.2059245 0.6039355 0.2076968 0.2339667 0.2733918 0.64206 0.2734912 0.1983708 0.2733918 0.64206 0.212401 0.9091585 0.2693297 0.8842083 0.1622459 0 0.2785511 0.2417438 0.2794172 0 0.2693297 0.8842083 0.3614999 1 0.3659047 0.8333333 0.2883105 0.4222505 0.3748409 0.3218864 0.2734912 0.1983708 0.4083963 0.5612543 0.3748409 0.3218864 0.2883105 0.4222505 0.3659047 0.8333333 0.4083963 0.5612543 0.2733918 0.64206 0.5018652 1 0.5681279 0.8333333 0.3659047 0.8333333 0.4083963 0.5612543 0.5071308 0.04700446 0.3748409 0.3218864 0.3659047 0.8333333 0.5681279 0.8333333 0.5094776 0.6666667 0.5094776 0.6666667 0.6255356 0.4278988 0.4083963 0.5612543 0.7241904 1 0.7590085 0.6910323 0.5681279 0.8333333 0.6255356 0.4278988 0.8344604 0.5421829 0.7323846 0.1197901 0.5094776 0.6666667 0.7590085 0.6910323 0.6255356 0.4278988 0.7241904 1 0.8799913 0.9549998 0.7590085 0.6910323 0.7323846 0.1197901 0.8782097 0.2546102 0.8781306 0 0.7590085 0.6910323 0.8799913 0.9549998 0.8344604 0.5421829 0.8344604 0.5421829 1 0.4446153 0.8782097 0.2546102 0.8799913 0.9549998 1 0.794598 0.8344604 0.5421829 1 0.4446153 1 0.06057286 0.8782097 0.2546102 0.8344604 0.5421829 1 0.794598 1 0.4446153 -9.33255e-7 0.2048115 0.1622459 0 0 0 -7.03632e-7 0.8947171 0.1449696 0.736226 -2.22912e-6 0.5558202 0.1622459 1 0.1449696 0.736226 -7.03632e-7 0.8947171 -2.22912e-6 0.5558202 0.1656895 0.5 0.1283214 0.2457436 0.1656895 0.5 0.2785511 0.2417438 0.1283214 0.2457436 0.2794172 0 0.3623967 0.2511156 0.3593624 0 0.1656895 0.5 0.2796075 0.6126738 0.2785511 0.2417438 0.1449696 0.736226 0.281866 0.9002633 0.2796075 0.6126738 0.2785511 0.2417438 0.3565211 0.5498275 0.3623967 0.2511156 0.3565211 0.5498275 0.281866 0.9002633 0.3593624 0.9603841 0.3843635 0.7443128 0.480699 1 0.5365799 0.5868337 0.3843635 0.7443128 0.4883452 0.3875162 0.3565211 0.5498275 0.3623967 0.2511156 0.4883452 0.3875162 0.4821978 0.09744745 0.5365799 0.5868337 0.6511362 1 0.6466217 0.762722 0.535832 0 0.4274902 0.3476965 0.5418462 0.2544161 0.4883452 0.3875162 0.6475849 0.01802784 0.4821978 0.09744745 0.6511362 1 0.854512 1 0.6466217 0.762722 0.7853742 0.6666667 0.9999604 0.3885916 0.7176033 0.48699 0.854512 1 1 1 0.9999625 0.7274431 0.7853742 0.6666667 0.9999625 0.7274431 0.9999604 0.3885916 0.9999604 0.3885916 1 0.038585 0.8056904 0.131814 -1.6114e-6 0.6052547 0.2435058 0.4293465 -1.8314e-6 0.2954521 -4.58065e-6 0.9437056 0.2487735 0.7781485 -1.6114e-6 0.6052547 -1.6114e-6 0.6052547 0.2487735 0.7781485 0.2435058 0.4293465 0.2234814 1 0.4246911 0.9287096 0.2487735 0.7781485 0.225845 0.08035385 0.4274902 0.3476965 0.4246911 0 0.2487735 0.7781485 0.4274902 0.3476965 0.2435058 0.4293465 0.4246911 0.9287096 0.5012199 0.5879751 0.2487735 0.7781485 0.7554323 0.3333333 0.5720499 0.5 0.7524477 0.6426518 0.5012199 0.5879751 0.5418462 0.2544161 0.4274902 0.3476965 0.5012199 0.5879751 0.5720499 0.5 0.5418462 0.2544161 0.535832 0.9594521 0.7547966 0.8333333 0.5012199 0.5879751 0.5012199 0.5879751 0.7524477 0.6426518 0.5720499 0.5 0.5012199 0.5879751 0.7547966 0.8333333 0.7524477 0.6426518 0.7554323 0.3333333 0.7561441 0.04259938 0.5418462 0.2544161 0.5017223 0.5704848 1 0.2272596 -7.99083e-5 0.3880889 0.7526754 1 1.000006 1 0.7547966 0.8333333 0.7554323 0.3333333 1.000002 0.3703147 0.7561441 0.04259938 0.7524477 0.6426518 1.000002 0.3703147 0.7554323 0.3333333 0.7547966 0.8333333 1.000005 0.7240634 0.7524477 0.6426518 1.000005 0.7240634 1.000002 0.3703147 0.7524477 0.6426518 1.20429e-5 0.7275108 0.5017223 0.5704848 -7.99083e-5 0.3880889 0.5017276 1 1 0.9610248 1.20429e-5 0.7275108 0.5394495 0.3333333 -9.55035e-6 0.5 0.5495498 0.5 1.20429e-5 0.7275108 1 0.9610248 1 0.6116669 0 0.6028497 1 0.4561554 1.43609e-7 0.226668 1 0.4561554 1 0.09467369 1.43609e-7 0.226668 1 0.8333333 1 0.4561554 0 0.6028497 6.15019e-5 1 0.4694213 0.8333333 -4.04082e-7 0.8333333 1.3673e-5 0.1666666 0.5052674 0.1666666 6.15019e-5 0 1.31636e-5 0.3333333 0.5052674 0.1666666 1.3673e-5 0.1666666 1.31636e-5 0.3333333 0.5394495 0.3333333 0.5052674 0.1666666 0.5495498 0.5 -7.13277e-6 0.6666668 0.5520167 0.6666668 0.5388993 0 0.6355332 0.1666666 0.6375719 0 0.4694213 0.8333333 0.5520167 0.6666668 -7.13277e-6 0.6666668 6.15019e-5 1 0.5388993 1 0.4694213 0.8333333 0.5495498 0.5 0.6719014 0.3477516 0.5394495 0.3333333 0.7943777 0 0.6355332 0.1666666 0.8102121 0.2539948 0.6365479 0.9094315 0.7943777 1 0.808072 0.7275095 0.8102121 0.2539948 1 0 0.7943777 0 0.6719014 0.3477516 0.8102121 0.2539948 0.6355332 0.1666666 0.6365479 0.9094315 0.808072 0.7275095 0.6603762 0.5848514 0.808072 0.7275095 0.6719014 0.3477516 0.6603762 0.5848514 0.6719014 0.3477516 1 0.5827083 0.8102121 0.2539948 0.3478831 0.1666666 0.5940019 0.4286186 0.6255427 0.09407806 2.71835e-7 0.4449037 0.3270878 0.3333333 8.84321e-5 0.05217295 0.3002794 0.6666667 0.4361292 0.5 2.71835e-7 0.4449037 1.32292e-4 1 0.5838398 1 0.3339278 0.8333333 0.3002794 0.6666667 0.6820756 0.6666667 0.4361292 0.5 0.3339278 0.8333333 0.6820756 0.6666667 0.3002794 0.6666667 0.5838398 1 1.000123 0.7682693 0.3339278 0.8333333 0.3339278 0.8333333 1.000123 0.7682693 0.6820756 0.6666667 0.5838398 1 0.9999991 1 1.000123 0.7682693 0.7132173 0.3604527 0.9999995 0.1067199 0.5838398 0 0.9999986 0.5 0.9999995 0.1067199 0.7132173 0.3604527 0.6820756 0.6666667 1.000123 0.7682693 0.9999986 0.5 -2.01996e-4 1 0.3677434 0.8914108 -2.57173e-5 0.7231368 -6.17423e-5 0.3637364 0.3478831 0.1666666 -1.09047e-4 0.07669246 0.3478831 0.1666666 0.4107298 0 -1.09047e-4 0.07669246 -2.57173e-5 0.7231368 0.4226216 0.7089405 0.3437251 0.4333979 0.4226216 0.7089405 0.6548964 1 0.6548841 0.7641587 0.6548841 0.7641587 1 1 1.000047 0.7276948 0.5940019 0.4286186 1.000041 0.3751434 0.6255427 0.09407806 0.2507631 0.5 1.31245e-5 0.6666666 0.2527545 0.6666668 1.000047 0.7276948 1.000041 0.3751434 0.5940019 0.4286186 -4.29023e-7 0.8624967 1.000007 0.7427523 -3.50069e-7 0.5 -4.29023e-7 0.8624967 1.000005 1 1.000007 0.7427523 1.000006 0.4123848 1.000005 0.08345699 -5.84626e-7 0.2426956 1.000007 0.7427523 1.000006 0.4123848 -3.50069e-7 0.5 0 0.3948678 1.000005 0.4914582 -6.11747e-7 0.07056123 -3.99289e-7 0.3333333 0.2143976 0.3333333 5.13098e-5 0.1666666 0.2077851 1 0.3097751 0.8333334 5.3564e-5 0.8333333 -1.96123e-6 0.5 0.2507631 0.5 0.2143976 0.3333333 5.3564e-5 0.8333333 0.2527545 0.6666668 1.31245e-5 0.6666666 0.2437603 0.1666666 0.3697932 0 0.2077851 0 0.2077851 1 0.3697932 1 0.3097751 0.8333334 0.2437603 0.1666666 0.3764464 0.3333333 0.3754711 0.1666666 0.2507631 0.5 0.3764464 0.3333333 0.2143976 0.3333333 0.3744536 0.5 0.2527545 0.6666668 0.3752464 0.6666667 0.3754711 0.1666666 0.5264994 0.3333333 0.5647655 0.1666666 0.3097751 0.8333334 0.3951261 0.8333333 0.3752464 0.6666667 0.3697932 1 0.4909327 1 0.3951261 0.8333333 0.3754711 0.1666666 0.5647655 0.1666666 0.4909327 0 0.3764464 0.3333333 0.5198971 0.5 0.5264994 0.3333333 0.3752464 0.6666667 0.5198971 0.5 0.3744536 0.5 0.3752464 0.6666667 0.50875 0.8333333 0.5492624 0.6666667 0.5264994 0.3333333 0.7512971 0.5 0.7840288 0.3333333 0.4909327 1 0.6447893 1 0.50875 0.8333333 0.50875 0.8333333 0.6713802 0.8333334 0.5492624 0.6666667 0.5264994 0.3333333 0.7840288 0.3333333 0.5647655 0.1666666 0.6713802 0.8333334 0.8106648 1 0.8561689 0.8333334 0.5492624 0.6666667 0.7512971 0.5 0.5198971 0.5 0.5492624 0.6666667 0.8291329 0.6666668 0.7512971 0.5 0.6447893 0 0.8352698 0.1666666 0.8106648 0 1.36517e-6 0.5 0.2542929 0.3333333 1.19059e-5 0.3333333 0.7840288 0.3333333 0.8352698 0.1666666 0.5647655 0.1666666 0.6713802 0.8333334 0.8561689 0.8333334 0.8291329 0.6666668 0.8291329 0.6666668 0.9996914 0.3763574 0.7512971 0.5 0.9996914 0.3763574 0.9999974 0.05733144 0.8352698 0.1666666 0.8291329 0.6666668 1 0.7695445 0.9996914 0.3763574 -1.89701e-6 1 0.222782 0.8333334 0 0.8333333 0.5282263 1 0.8084474 0.8333334 0.5805672 0.8333334 9.93914e-5 0.6666667 0.3619661 0.5 1.36517e-6 0.5 9.93914e-5 0.6666667 0.5376514 0.6666667 0.3619661 0.5 0.222782 0.8333334 0.5376514 0.6666667 9.93914e-5 0.6666667 0.2542929 0.3333333 0.4780876 0.1666666 0.1954561 0.1666666 0.4780876 0.1666666 0.5282263 0 0.2203792 0 0.5376514 0.6666667 0.725418 0.5 0.3619661 0.5 0.5282263 0 0.8175272 0.4141604 1.00014 0 4.28506e-6 0.8333333 0.3296152 1 0.3371257 0.8333333 0.5719531 0.3333333 0.8175272 0.4141604 0.4780876 0.1666666 0.5805672 0.8333334 0.8084474 0.8333334 0.5376514 0.6666667 0.8084474 0.8333334 0.9999865 0.599299 0.5376514 0.6666667 0.8175272 0.4141604 0.9999997 0.2073036 1.00014 0 0.9999865 0.599299 0.9999997 0.2073036 0.8175272 0.4141604 0.8084474 0.8333334 1.00014 0.9362299 0.9999865 0.599299 0 0.6666667 0.2898231 0.6666667 -1.24378e-6 0.5 4.28506e-6 0.8333333 0.2898231 0.6666667 0 0.6666667 -1.24378e-6 0.5 0.2144571 0.5 0.3224745 0.3333333 0.3371257 0.8333333 0.4290878 1 0.4318167 0.8333333 0.3224745 0.3333333 0.3893913 0.1666666 0.1854012 0.1666666 0.2144571 0.5 0.3885099 0.5 0.3224745 0.3333333 0.4270353 0.6666667 0.3371257 0.8333333 0.4318167 0.8333333 0.3893913 0.1666666 0.4290878 0 0.3296152 0 0.2898231 0.6666667 0.4270353 0.6666667 0.3885099 0.5 0.5919714 0.1666666 0.4227328 0.3333333 0.5697843 0.3333334 0.3893913 0.1666666 0.5919714 0.1666666 0.4290878 0 0.4227328 0.3333333 0.5739728 0.5 0.5697843 0.3333334 0.6073864 0.8333333 0.4290878 1 0.6098302 1 0.4270353 0.6666667 0.5739728 0.5 0.3885099 0.5 0.4270353 0.6666667 0.6073864 0.8333333 0.6119002 0.6666667 0.6073864 0.8333333 0.8056474 1 0.8080131 0.8333333 0.658545 0.4147135 0.7998115 0.1666666 0.5919714 0.1666666 0.658545 0.4147135 0.807385 0.6666667 0.8030295 0.4154284 0.7998115 0.1666666 0.8056474 0 0.6098302 0 0.807385 0.6666667 0.6073864 0.8333333 0.8080131 0.8333333 1.000004 0.5587827 0.8080131 0.8333333 1 0.9329904 0.7998115 0.1666666 1 0.2055966 0.8056474 0 0.8030295 0.4154284 1 0.2055966 0.7998115 0.1666666 0.807385 0.6666667 1.000004 0.5587827 0.8030295 0.4154284 1.000004 0.5587827 1 0.2055966 0.8030295 0.4154284 0.6000192 0.1666666 0.2981204 0.3333333 0.5764887 0.4395612 4.94437e-5 1 0.315105 0.8333333 6.44538e-7 0.7218496 6.44538e-7 0.7218496 0.5419011 0.7326831 0.339922 0.5 4.94437e-5 1 0.6096655 1 0.315105 0.8333333 0.6096655 1 0.5419011 0.7326831 0.315105 0.8333333 0.6000192 0.1666666 0.7718298 0 0.6096655 0 0.6096655 1 0.7324114 0.8516221 0.5419011 0.7326831 0.7324114 0.8516221 0.6666667 0.5828543 0.5419011 0.7326831 0.6666667 0.5828543 0.7677436 0.2537214 0.5764887 0.4395612 1.000016 0.2264402 0.5133308 0.5 1 0.5981788 0.7677436 0.2537214 1.000032 0.1333035 0.7718298 0 0.7324114 0.8516221 1.00009 0.7569006 0.7695928 0.5940333 0.7324114 0.8516221 1 1 1.00009 0.7569006 -7.33539e-7 0.2709389 0.4914674 0.09998184 -3.26246e-6 0 -2.61223e-7 0.6117808 0.51692 0.6079943 -7.33539e-7 0.2709389 -7.33539e-7 0.2709389 0.9978493 0.4992555 0.4914674 0.09998184 1.00047 0.7696061 0.51692 0.6079943 -2.61223e-7 0.6117808 0.4905494 1 0.9999992 1 1.00047 0.7696061 0.51692 0.6079943 1.00047 0.7696061 0.9978493 0.4992555 0 1 0.4999142 1 -1.1022e-5 0.7960026 -3.55093e-6 0.4447277 0.5047085 0.3333333 -1.37393e-5 0.1017255 -1.37393e-5 0.1017255 0.5045582 0.1666666 0.4999142 0 0.5002087 0.6666668 0.5133308 0.5 -3.55093e-6 0.4447277 0.4999142 1 1.000001 0.8715075 0.4998642 0.8333334 0.5047085 0.3333333 1.000016 0.2264402 0.5045582 0.1666666 0.4998642 0.8333334 1.000001 0.8715075 0.5002087 0.6666668 1.000016 0.2264402 1 0 0.4999142 0 0.2244648 0.06006777 0.3720535 0.3437464 0.3741471 0.1666666 -3.23588e-7 0.2500196 1.000007 0 0 0 -1.9915e-7 0.8944754 1.000006 0.5801521 0 0.6049611 -8.50888e-7 0.6666666 0.1116147 0.5163062 2.11589e-5 0.2437797 0.1566559 0.8333333 0.1116147 0.5163062 -8.50888e-7 0.6666666 7.77837e-5 0.9612699 0.2361124 1 0.1566559 0.8333333 0.1498798 0.3333333 0.2244648 0.06006777 2.11589e-5 0.2437797 0.1116147 0.5163062 0.2788938 0.5291138 0.1498798 0.3333333 0.6115077 0.7456932 0.7268822 1 0.7081558 0.7162281 0.2361124 1 0.3806228 1 0.4217589 0.741396 0.2788938 0.5291138 0.4217589 0.741396 0.3720535 0.3437464 0.3720535 0.3437464 0.4490822 0.1379489 0.3741471 0.1666666 0.3720535 0.3437464 0.5156173 0.5792513 0.5067387 0.3333333 0.5067387 0.3333333 0.5267105 0.158958 0.4490822 0.1379489 0.4996123 0.916343 0.6181089 1 0.6115077 0.7456932 0.5156173 0.5792513 0.6151782 0.2018234 0.5067387 0.3333333 0.6115077 0.7456932 0.7081558 0.7162281 0.7068533 0.5 0.7268822 0 0.6151782 0.2018234 0.706236 0.3047352 0.760309 0.2588909 0.7068533 0.5 0.7652654 0.6176465 0.7268822 1 0.7783359 0.8905507 0.7081558 0.7162281 0.706236 0.3047352 0.760309 0.2588909 0.7268822 0 0.8831747 0.4191819 0.7652654 0.6176465 0.9993901 0.56112 0.7783359 0.8905507 0.7652654 0.6176465 0.7081558 0.7162281 0.760309 0.2588909 0.7879541 0 0.7268822 0 0.7881643 0.4235358 0.8815057 0.02362567 0.760309 0.2588909 0.7783359 0.8905507 0.8718822 0.8333333 0.7652654 0.6176465 0.7783359 0.8905507 0.8831177 1 0.8718822 0.8333333 0.3148525 0.5535429 0.1605288 0.6666667 0.3135764 0.7177866 0.8831177 1 1 0.9450739 0.8718822 0.8333333 0.8831747 0.4191819 1 0.294373 0.8815057 0.02362567 0.8815057 0.02362567 1 0.294373 1 0 2.08058e-5 0.7782622 0.3517528 0.5430813 2.1414e-4 0.439187 0.4080407 1 0.534926 0.7214058 2.08058e-5 0.7782622 0.4992029 0.252246 0.9999001 0.1134739 0.4080407 0 0.99777 0.4987758 0.9999001 0.1134739 0.4992029 0.252246 0.534926 0.7214058 0.99777 0.4987758 0.3517528 0.5430813 0.534926 0.7214058 0.999934 0.9610477 0.9999571 0.6666667 -1.61289e-5 0.5612197 0.5022317 0.3333333 -2.6482e-5 0.2250395 -1.05214e-5 0.8704422 0.5024918 0.5918197 -1.61289e-5 0.5612197 0.5022436 1 1.000011 0.8702819 0.5028409 0.8333333 0.5022317 0.3333333 1.000028 0.2248842 0.5024881 0.07831555 0.5024918 0.5918197 1.000017 0.5613391 0.5022317 0.3333333 0.5028409 0.8333333 1.000011 0.8702819 0.5024918 0.5918197 1.000028 0.2248842 1 0 0.5024881 0.07831555 -4.12049e-7 0.4392718 0.1555675 0.2884446 2.61856e-5 0.1281076 1.34835e-5 0.8048792 0.1605288 0.6666667 -4.12049e-7 0.4392718 -4.12049e-7 0.4392718 0.1560094 0.5 0.1555675 0.2884446 2.61856e-5 0.1281076 0.1555675 0.2884446 0.1094918 0 1.34835e-5 0.8048792 0.1864842 0.8531596 0.1605288 0.6666667 0.1555675 0.2884446 0.2608645 0.03072112 0.1094918 0 0.1560094 0.5 0.3148525 0.5535429 0.1555675 0.2884446 0.2499578 1 0.3135764 0.7177866 0.1864842 0.8531596 0.4891702 0.4188234 0.3135764 0.7177866 0.4921209 0.6666667 0.2499578 1 0.4797022 0.9382079 0.3135764 0.7177866 0.5879433 0 0.4786401 0.1666666 0.5876169 0.3447963 0.4797022 0.9382079 0.4921209 0.6666667 0.3135764 0.7177866 0.6437312 0 0.5876169 0.3447963 0.6468401 0.2539114 0.4921209 0.6666667 0.5876169 0.3447963 0.4891702 0.4188234 0.5858896 0.9124266 0.6252079 0.5749968 0.4921209 0.6666667 0.6558859 0.6805611 0.7698805 1 0.7705251 0.7488412 0.6252079 0.5749968 0.6468401 0.2539114 0.5876169 0.3447963 0.6252079 0.5749968 0.6620849 0.5 0.6468401 0.2539114 0.6437312 0.9608725 0.7499529 0.7514139 0.6252079 0.5749968 0.6252079 0.5749968 0.7499529 0.7514139 0.6620849 0.5 0.752161 0.4202867 0.7410414 0.04632723 0.6468401 0.2539114 0.7352412 1 0.8777338 0.89472 0.7499529 0.7514139 0.7410414 0.04632723 0.8956853 0.2383979 0.8479085 0 0.8958235 0.5771041 0.8956853 0.2383979 0.752161 0.4202867 0.8777338 0.89472 0.8958235 0.5771041 0.7499529 0.7514139 0.8958235 0.5771041 1 0.2950588 0.8956853 0.2383979 0.8777338 0.89472 1 0.6056146 0.8958235 0.5771041 0.8956853 0.2383979 1 0.2950588 1.000001 0 4.38173e-5 0.5795385 0.3258433 0.2901234 -7.40864e-6 0.1666666 -7.40864e-6 0.1666666 0.3258433 0.2901234 0.3521918 0 0.7113659 0.4241648 0.7104517 0.1232132 0.3258433 0.2901234 0.3450551 0.9221584 0.7291311 0.7320889 0.3298848 0.483659 0.7385597 1 1 0.961679 0.7291311 0.7320889 0.7291311 0.7320889 1.000001 0.6110355 0.7113659 0.4241648 0.7291311 0.7320889 1 0.961679 1.000001 0.6110355 -3.5608e-6 0.6666666 0.3310431 0.4349818 -8.14399e-7 0.3887707 -8.14399e-7 0.3887707 0.3310431 0.4349818 2.54957e-5 0.09564185 0.6044945 0.2503625 0.607944 0 0.3608883 0.1366888 0.3381273 0.7550129 0.5791133 0.8195459 0.3310431 0.4349818 0.3310431 0.4349818 0.6558859 0.6805611 0.6044945 0.2503625 0.7718766 0.4206075 1.000021 0.7725081 1 0.3888944 0.6044945 0.2503625 0.7718766 0.4206075 0.7694011 0.07473891 0.7705251 0.7488412 0.7718766 0.4206075 0.6558859 0.6805611 0.7718766 0.4206075 1.000029 0.132031 0.7694011 0.07473891 0.7698805 1 1 1 1.000021 0.7725081 1 0.3333333 0 0.5833329 0.9999999 0.6640589 1 1 0.9999999 0.6640589 0 0.9166681 1 0.3333333 1 0.07590812 1.53368e-7 0.2455502 0.3383859 0.1666666 1.000093 0 0.3202911 0 0 1 0.321064 1 -4.6703e-6 0.7953423 6.41839e-5 0.4702737 0.3252851 0.3333333 -5.96254e-6 0.1030981 -5.96254e-6 0.1030981 0.3505629 0.1666666 0.321064 0 0.3031718 0.6666667 0.5112357 0.4525862 6.41839e-5 0.4702737 0.3031718 0.6666667 0.6798549 0.6666668 0.5112357 0.4525862 0.3346043 0.8333334 0.6798549 0.6666668 0.3031718 0.6666667 0.3505629 0.1666666 0.7087054 0 0.321064 0 0.3346043 0.8333334 0.7230746 0.8170114 0.6798549 0.6666668 0.999948 0.2301235 0.9999994 0 0.7087054 0 0.9998438 0.5 0.999948 0.2301235 0.5112357 0.4525862 0.6798549 0.6666668 0.9999997 0.8942717 0.9998438 0.5 0 1 0.3202911 1 -9.80988e-6 0.7936831 1.96084e-6 0.4443445 0.3306098 0.3333334 -6.6584e-6 0.09919738 -6.6584e-6 0.09919738 0.3383859 0.1666666 0.3202911 0 0.3231685 0.6666668 0.4064416 0.5 1.96084e-6 0.4443445 0.3383859 0.1666666 0.9967396 0.4981299 0.9999565 0.2345909 0 0.05870664 0.1654385 0.3333333 0.2738153 0.1666666 0.3231685 0.6666668 0.9963982 0.7902274 0.4064416 0.5 0 1 0.1800472 1 -2.05879e-6 0.7938026 0 0.05870664 0.2738153 0.1666666 0.1800472 0 0.2066029 0.6666667 0.4958927 0.8333334 0.6645085 0.6666668 8.57612e-7 0.5 0.1654385 0.3333333 0 0.3333333 0.2066029 0.6666667 0.2010481 0.5 8.57612e-7 0.5 0.2738153 0.1666666 0.440338 0 0.1800472 0 0.2066029 0.6666667 0.5715043 0.5 0.2010481 0.5 0.732697 0 1.000001 0.2046651 0.9999999 0 0.2738153 0.1666666 0.6888051 0.1666666 0.440338 0 0.6888051 0.1666666 0.732697 0 0.440338 0 0.732697 1 0.7818598 0.8333333 0.4958927 0.8333334 0.4958927 0.8333334 0.7818598 0.8333333 0.6645085 0.6666668 0.6645085 0.6666668 0.9999502 0.5 0.5715043 0.5 0.732697 1 1 0.8930356 0.7818598 0.8333333 2.03549e-4 1 0.6728194 0.8333333 3.02356e-5 0.8333333 0.801502 0.3333333 1.000001 0.2046651 0.6888051 0.1666666 0.9999502 0.5 1.000001 0.2046651 0.801502 0.3333333 0.6645085 0.6666668 1 0.8930356 0.9999502 0.5 2.33846e-4 0.3333333 0.6603137 0.4350168 3.14982e-4 0.1666666 2.60005e-4 0.5 0.6603137 0.4350168 2.33846e-4 0.3333333 3.02356e-5 0.8333333 0.6553573 0.6666666 5.98497e-5 0.6666667 1.000008 0.5593831 0.6728194 0.8333333 1 0.9305635 0.6603137 0.4350168 0.9999992 0.2071058 0.6710383 0.05507326 0.6553573 0.6666666 1.000008 0.5593831 0.6603137 0.4350168 1.000008 0.5593831 0.9999992 0.2071058 0.6603137 0.4350168 0.2708265 0.8333333 0.1530202 1 0.3378531 1 -6.56143e-5 1 0.1129974 0.8333334 0 0.8333333 -2.16794e-5 0.363826 0.1331777 0.1666666 0 0.1666666 0 0.8333333 0.1129974 0.8333334 -1.43858e-5 0.6666666 0.1331777 0.1666666 0.1530202 0 -6.56143e-5 0 -1.43858e-5 0.6666666 0.1502581 0.6666668 0.159126 0.5 0.1530202 1 0.1853085 0.8333333 0.1129974 0.8333334 0.1331777 0.1666666 0.2259161 0.1666666 0.1530202 0 0.1502581 0.6666668 0.2708265 0.8333333 0.3157084 0.6666667 0.2259161 0.1666666 0.3378531 0 0.1530202 0 0.159126 0.5 0.2658134 0.3333333 0.1474898 0.3333333 0.1502581 0.6666668 0.3157084 0.6666667 0.159126 0.5 0.4886551 0.8333333 0.3378531 1 0.5333176 1 0.2259161 0.1666666 0.352826 0.1666666 0.3378531 0 0.2658134 0.3333333 0.352826 0.1666666 0.2259161 0.1666666 0.3157084 0.6666667 0.3443451 0.5 0.159126 0.5 0.3378531 1 0.3667787 0.8333333 0.2708265 0.8333333 0.2708265 0.8333333 0.3667787 0.8333333 0.3157084 0.6666667 0.3667787 0.8333333 0.4967537 0.6666667 0.3157084 0.6666667 0.5333176 0 0.352826 0.1666666 0.5155876 0.1666666 0.5155876 0.1666666 0.3649051 0.3333333 0.5245093 0.3333334 0.3649051 0.3333333 0.5232393 0.5 0.5245093 0.3333334 0.5333176 0 0.8031486 0.1711225 0.8128821 0 0.4967537 0.6666667 0.5232393 0.5 0.3443451 0.5 0.5333176 1 0.6882807 0.8333334 0.4886551 0.8333333 0.4967537 0.6666667 0.7948256 0.6666667 0.5232393 0.5 0.5333176 1 0.8128821 1 0.6882807 0.8333334 0.5245093 0.3333334 0.7868346 0.5 0.8031486 0.1711225 0.8031486 0.1711225 1.000002 0.5440716 1.000001 0.2513198 0.7948256 0.6666667 0.7868346 0.5 0.5232393 0.5 0.1959367 1 0.3939018 0.8333333 0.1925719 0.8333333 1.000001 0.2513198 1 0 0.8128821 0 -5.61844e-6 1 0.1925719 0.8333333 -1.93194e-7 0.7216024 0.1793544 0.1666666 0.1959367 0 -5.61844e-6 0 -1.93194e-7 0.7216024 0.2026668 0.6666668 5.67042e-5 0.5 0.1959367 0 0.398979 0.1666666 0.3987302 0 0.398979 0.1666666 0.1923375 0.3333333 0.3986353 0.3333333 0.1923375 0.3333333 0.3686493 0.5 0.3986353 0.3333333 0.5612537 0.6666668 0.3939018 0.8333333 0.5853473 0.8333333 0.2026668 0.6666668 0.3686493 0.5 0.222061 0.5 0.3939018 0.8333333 0.4003136 0.6666667 0.2026668 0.6666668 0.3686493 0.5 0.4587302 0.5 0.3986353 0.3333333 0.3987302 1 0.5853473 0.8333333 0.3939018 0.8333333 0.4003136 0.6666667 0.5612537 0.6666668 0.4587302 0.5 0.398979 0.1666666 0.6021966 0 0.3987302 0 0.398979 0.1666666 0.5706647 0.3333333 0.6510638 0.1666666 0.5706647 0.3333333 0.4587302 0.5 0.6121746 0.5 0.853581 0.7421961 1 1 1 0.8333333 0.5706647 0.3333333 0.723747 0.3333333 0.6510638 0.1666666 0.5853473 0.8333333 0.7340779 0.6609544 0.5612537 0.6666668 0.6021966 1 0.7340779 0.6609544 0.5853473 0.8333333 0.6121746 0.5 0.8280382 0.5 0.723747 0.3333333 0.7340779 0.6609544 0.8280382 0.5 0.6121746 0.5 0.8220538 1 0.853581 0.7421961 0.7340779 0.6609544 0.7340779 0.6609544 0.853581 0.7421961 0.8280382 0.5 0.8280382 0.5 1.000002 0.2277687 0.850077 0.2325192 0.2194187 0.8333333 0.4985959 1 0.6104005 0.7092199 1 0.8333333 1 0.5706316 0.853581 0.7421961 0.3543021 0.1666666 0.213424 0 0 0.1077997 1.36121e-4 0.3333334 0.3543021 0.1666666 0 0.1077997 0.005681395 0.8377701 0.2194187 0.8333333 4.98333e-5 0.6666667 1.36121e-4 0.3333334 0.4438318 0.3333333 0.3543021 0.1666666 1.66569e-4 0.5 0.4438318 0.3333333 1.36121e-4 0.3333334 0.2194187 0.8333333 0.4218235 0.6666667 4.98333e-5 0.6666667 0.4985959 0 0.740141 0.03361517 0.6700963 0 0.3543021 0.1666666 0.4985959 0 0.213424 0 1.66569e-4 0.5 0.4969309 0.5 0.4438318 0.3333333 0.4218235 0.6666667 0.6104005 0.7092199 0.4969309 0.5 0.4438318 0.3333333 0.740141 0.03361517 0.3543021 0.1666666 0.7975416 0.662037 0.6729719 0.9053667 0.75 0.9172223 0.6104005 0.7092199 0.7975416 0.662037 0.7045715 0.4159724 0.5550833 0.3333333 6.09421e-6 0.5320046 0.6069687 0.4602007 0.740141 0.03361517 0.8267353 0.246466 0.8260589 0 0.7045715 0.4159724 0.7975416 0.662037 0.8267353 0.246466 0.7975416 0.662037 1.000015 0.3666118 0.8267353 0.246466 0.827675 0.9046017 1.000045 0.7381432 0.7975416 0.662037 1.000045 0.7381432 1.000015 0.3666118 0.7975416 0.662037 1.71143e-5 0.8333333 0.3297231 0.6666666 6.09421e-6 0.5320046 0.6049411 0.09585899 0.7709165 0.426546 0.7697739 0.08838838 0.5440342 0.8474703 0.6730391 0.6666666 0.3297231 0.6666666 0.5550833 0.3333333 0.6069687 0.4602007 0.6049411 0.09585899 0.7709165 0.426546 1 0.767681 1.000026 0.3940111 0.7692654 1 1.00003 1 0.7291265 0.8333333 1.000026 0.3940111 1.000023 0.04222267 0.7697739 0.08838838 1.000005 0.5576891 0.5166206 0.8333333 1 0.9344622 -4.77137e-6 0.4366955 0.5023523 0.4338751 -5.24008e-6 0.1277021 5.11848e-7 0.7781807 0.5083138 0.6666668 -4.77137e-6 0.4366955 0.4989015 1 0.5166206 0.8333333 5.11848e-7 0.7781807 0.4959151 0.1666666 0.9999994 0.2061859 0.4989015 0 0.5023523 0.4338751 0.9999994 0.2061859 0.4959151 0.1666666 0.5083138 0.6666668 1.000005 0.5576891 0.5023523 0.4338751 1.000005 0.5576891 0.9999994 0.2061859 0.5023523 0.4338751 0.4055704 0.5 1.23886e-4 0.6666666 0.505219 0.6666667 -2.44832e-7 0.5615462 1.000006 0.5760931 1.000006 0.3333333 0 0.895008 1.000006 0.9419299 -2.44832e-7 0.5615462 0 1 1.000005 0.9094175 -2.4232e-7 0.6873331 4.10518e-5 0.5 0.3582456 0.3333333 8.41282e-6 0.3333333 2.9438e-5 0.8333333 0.3691318 0.8333334 1.23886e-4 0.6666666 8.05298e-5 0.1666666 0.3873631 0 1.36387e-4 0 4.10518e-5 0.5 0.4055704 0.5 0.3582456 0.3333333 0.3873631 1 0.5427321 0.8333333 0.3691318 0.8333334 0.3691318 0.8333334 0.505219 0.6666667 1.23886e-4 0.6666666 0.3582456 0.3333333 0.5304346 0.1666666 8.05298e-5 0.1666666 0.5397801 0.3333334 0.6352499 0.1666666 0.5304346 0.1666666 0.5304346 0.1666666 0.5880867 0 0.3873631 0 0.3691318 0.8333334 0.5427321 0.8333333 0.505219 0.6666667 0.4055704 0.5 0.6137281 0.5 0.5397801 0.3333334 0.5880867 1 0.6314296 0.7731384 0.5427321 0.8333333 0.8043622 0.1666666 0.6329537 0.3333333 0.8062545 0.3994269 0.505219 0.6666667 0.6314296 0.7731384 0.6137281 0.5 0.5880867 1 0.8013867 1 0.6314296 0.7731384 0.6352499 0.1666666 0.8043622 0.1666666 0.8013867 0 0.8009266 0.8333334 1 1 1 0.7500086 0.8013175 0.6666667 0.8062545 0.3994269 0.6137281 0.5 1 0.08629995 0.8062545 0.3994269 1 0.4338014 0.8062545 0.3994269 1 0.7500086 1 0.4338014 0.9985304 0.499491 0.5189046 0.6666666 1.00031 0.770653 -4.31905e-7 0.2715378 0.4918097 0.1666666 -2.17436e-6 0 -4.40783e-7 0.6118764 0.5124119 0.5 -4.31905e-7 0.2715378 -4.31905e-7 0.2715378 0.9985304 0.499491 0.4918097 0.1666666 1.00031 0.770653 0.5189046 0.6666666 -4.40783e-7 0.6118764 0.4899767 1 0.9999997 1 1.00031 0.770653 0.4918097 0.1666666 0.9999998 0.1054009 0.4899767 0 4.76344e-5 0.3333334 0.6747996 0.5 0.7147025 0.39905 2.98265e-5 0.1666666 0.7147025 0.39905 5.30435e-5 0 4.76344e-5 0.3333334 0.7147025 0.39905 2.98265e-5 0.1666666 5.30435e-5 1 0.6520128 1 2.66892e-5 0.8333333 0.7147025 0.39905 0.6520128 0 5.30435e-5 0 0.6520128 1 0.6750548 0.8333334 2.66892e-5 0.8333333 0.6747996 0.5 -2.30316e-5 0.6666667 0.6849977 0.6666667 -2.30316e-5 0.6666667 0.6750548 0.8333334 0.6849977 0.6666667 0.6849977 0.6666667 1 0.9345817 1 0.5013014 0.7147025 0.39905 1.000001 0.1666666 0.6520128 0 0.1262921 0.2177734 0.18857 0 0.1163226 0 -1.08937e-5 0.5594668 0.0983299 0.3996224 -3.62441e-5 0.2352286 -1.43361e-5 0.8714731 0.09812164 0.7393537 -1.08937e-5 0.5594668 -3.62441e-5 0.2352286 0.1262921 0.2177734 0.1163226 0 0.09812164 0.7393537 0.0983299 0.3996224 -1.08937e-5 0.5594668 0.1690226 0.5518353 0.1262921 0.2177734 0.0983299 0.3996224 0.1163226 0.9671508 0.1690226 0.5518353 0.09812164 0.7393537 0.2910937 0.2303435 0.1690226 0.5518353 0.3096853 0.5 0.1163226 0.9671508 0.1884684 0.9278842 0.1690226 0.5518353 0.2895326 0.7078034 0.4283707 0.3338677 0.3096853 0.5 0.1690226 0.5518353 0.2895326 0.7078034 0.3096853 0.5 0.2910937 0.2303435 0.2893942 0 0.18857 0 0.3096853 0.5 0.4283707 0.3338677 0.2910937 0.2303435 0.6133456 0.759361 0.7159729 1 0.718436 0.7892434 0.4082939 0.8462799 0.5165574 0.4672061 0.2895326 0.7078034 0.5139505 1 0.5275703 0.7703461 0.4082939 0.8462799 0.5956898 0.2418406 0.5864741 0 0.5176036 0.09736365 0.5165574 0.4672061 0.5834112 0.5857678 0.5956898 0.2418406 0.5275703 0.7703461 0.5864741 0.9481757 0.5834112 0.5857678 0.718436 0.7892434 0.8733631 1 0.8778463 0.7440786 0.5956898 0.2418406 0.7079976 0.402381 0.7139713 0.1011092 0.6133456 0.759361 0.7079976 0.402381 0.5834112 0.5857678 0.7079976 0.402381 0.8585039 0.4084714 0.7139713 0.1011092 0.8735523 0.08597171 1 0.4443722 1 0.06040084 0.718436 0.7892434 0.8778463 0.7440786 0.8585039 0.4084714 0.8733631 1 1.000001 0.7947596 0.8778463 0.7440786 -8.49384e-7 0.444236 0.1645376 0.7467114 0.1658255 0.4061904 0.8778463 0.7440786 1.000001 0.7947596 1 0.4443722 -8.49384e-7 0.444236 0.1658255 0.4061904 -4.3545e-6 0.1666666 0.3240952 0.8452714 0.3681616 0.2768715 0.2898775 0.6273993 0.3079668 0.2934075 0.3374015 0 0.1625273 0.1093522 0.1658255 0.4061904 0.3079668 0.2934075 0.1625273 0.1093522 0.1645376 0.7467114 0.2898775 0.6273993 0.1658255 0.4061904 0.1645376 0.7467114 0.3240952 0.8452714 0.2898775 0.6273993 0.1658255 0.4061904 0.2898775 0.6273993 0.3079668 0.2934075 0.478343 0 0.3681616 0.2768715 0.4874955 0.2586424 0.4694465 0.486856 0.4874955 0.2586424 0.3681616 0.2768715 0.3799308 0.7616051 0.4694465 0.486856 0.3681616 0.2768715 0.4775099 0.937687 0.603985 0.5906202 0.4694465 0.486856 0.4775099 0.937687 0.4694465 0.486856 0.3799308 0.7616051 0.4874955 0.2586424 0.5858771 0 0.478343 0 0.4694465 0.486856 0.603985 0.5906202 0.4874955 0.2586424 0.5858771 0 0.7291797 0.2642079 0.7272786 0 0.4874955 0.2586424 0.5996292 0.2712116 0.5858771 0 0.603985 0.5906202 0.7284651 0.9380526 0.8119665 0.492215 0.7272786 0 0.8711099 0.2573127 0.8698708 0 0.7284651 0.9380526 0.8669916 0.7183945 0.8119665 0.492215 0.2718068 0.2232101 0.6781968 0 -8.67936e-5 0 0.8698708 1 1.000002 0.7951388 0.8669916 0.7183945 0.8119665 0.492215 1.000001 0.4434216 0.8711099 0.2573127 1.000001 0.4434216 1 0.05977463 0.8711099 0.2573127 0.8669916 0.7183945 1.000002 0.7951388 1.000001 0.4434216 -7.58234e-7 0.5610588 0.2774216 0.3964377 -2.19538e-6 0.2220238 -8.73121e-7 0.8718771 0.2359918 0.7284375 -7.58234e-7 0.5610588 0.2359918 0.7284375 0.2774216 0.3964377 -7.58234e-7 0.5610588 0.2359918 0.7284375 0.5262444 0.6666666 0.2774216 0.3964377 0.5293754 1 0.7003393 0.8333333 0.2359918 0.7284375 0.2359918 0.7284375 0.7003393 0.8333333 0.5262444 0.6666666 0.2774216 0.3964377 0.709999 0.2599258 0.2781907 0.1787514 0.6977238 0.5 0.709999 0.2599258 0.2774216 0.3964377 0.7003393 0.8333333 1.000013 0.6111776 0.5262444 0.6666666 0.6977238 0.5 1.000001 0.2723299 0.709999 0.2599258 0.7003393 0.8333333 0.9998762 0.9616819 1.000013 0.6111776 -1.3087e-6 0.6056827 0.2697702 0.617447 -1.47876e-6 0.294835 -8.50039e-5 0.944474 0.3256732 0.8333333 -1.3087e-6 0.6056827 0.2697702 0.617447 0.6548425 0.4065875 0.2718068 0.2232101 0.3256732 0.8333333 0.6525405 0.6666666 0.2697702 0.617447 0.3380194 0 0.2584973 0.254406 0.3374624 0.2463353 0.663765 0.1666666 1.000003 0.2043169 0.6781968 0 0.6548425 0.4065875 1.000003 0.2043169 0.663765 0.1666666 0.6525405 0.6666666 1.000007 0.5565981 0.6548425 0.4065875 0.6884569 0.9187213 1.000005 0.8944311 0.6525405 0.6666666 1.000007 0.5565981 1.000003 0.2043169 0.6548425 0.4065875 -7.59253e-7 0.2052184 0.2862035 0.09035813 0 0 -1.06419e-6 0.8942436 0.2682275 0.7510399 -1.41372e-5 0.55532 0.2884436 1 0.2682275 0.7510399 -1.06419e-6 0.8942436 0.6618503 0.1666666 0.6769477 0 0.2862035 0.09035813 0.433923 0.3333333 0.5455529 0.7504579 0.6618503 0.1666666 0.6653593 0.8691963 0.9999337 0.5796301 0.5455529 0.7504579 0.6618503 0.1666666 1.000002 0.2048256 0.6769477 0 0.5455529 0.7504579 1.000002 0.2048256 0.6618503 0.1666666 0.6653593 0.8691963 1.000002 0.8944862 0.9999337 0.5796301 0.9999337 0.5796301 1.000002 0.2048256 0.5455529 0.7504579 -1.62476e-7 1 0.110828 0.7087693 -2.69256e-7 0.727329 -2.69256e-7 0.727329 0.1607533 0.5 1.34047e-6 0.3884134 1.34047e-6 0.3884134 0.2584973 0.254406 0.1175718 0.1263042 0.110828 0.7087693 0.255119 0.8708587 0.2543427 0.6666667 0.2543427 0.6666667 0.3351912 0.5419415 0.1607533 0.5 0.255119 0.8708587 0.3351912 0.5419415 0.2543427 0.6666667 0.3351912 0.5419415 0.3374624 0.2463353 0.2584973 0.254406 0.3984881 0.08734524 0.5019396 0.4877145 0.523054 0.1006675 0.3371924 0.907454 0.3991426 1 0.375 0.7497827 0.3979282 0.3676925 0.3984881 0.08734524 0.3374624 0.2463353 0.375 0.7497827 0.3979282 0.3676925 0.3351912 0.5419415 0.3991426 1 0.4155883 0.742433 0.375 0.7497827 0.375 0.7497827 0.4155883 0.742433 0.3979282 0.3676925 0.523054 0.1006675 0.4843484 0 0.3984881 0.08734524 0.5001538 0.6890378 0.6399354 0.422376 0.5019396 0.4877145 0.4155883 0.742433 0.5001538 0.6890378 0.5019396 0.4877145 0.4155883 0.742433 0.5704887 1 0.5001538 0.6890378 0.5019396 0.4877145 0.5847822 0.3072708 0.523054 0.1006675 0.3711079 0.4080942 0.552723 0.7170037 0.5369883 0.4314112 0.6399354 0.422376 0.7274793 0.08243381 0.5847822 0.3072708 0.6804885 0.5787259 0.8607554 0.4733222 0.6399354 0.422376 0.8416722 0.7265579 0.8607554 0.4733222 0.6804885 0.5787259 0.8607554 0.4733222 0.8638435 0.03178018 0.7274793 0.08243381 0.856411 1 1 1 0.8416722 0.7265579 0.8416722 0.7265579 1 0.7276634 0.8607554 0.4733222 1.000001 0.3887627 1 0.03837215 0.8638435 0.03178018 -3.35038e-5 0.9447593 0.2531677 0.7520468 8.3994e-6 0.6057117 8.96195e-5 0.2947483 0.3711079 0.4080942 0.2404791 0.1666666 8.3994e-6 0.6057117 0.3711079 0.4080942 8.96195e-5 0.2947483 0.2404791 0.1666666 0.3989398 0 -3.41001e-5 0 0.2404791 0.1666666 0.5374264 0.05817663 0.3989398 0 0.3711079 0.4080942 0.5374264 0.05817663 0.2404791 0.1666666 0.3711079 0.4080942 0.5369883 0.4314112 0.5374264 0.05817663 0.382304 0.8924279 0.552723 0.7170037 0.2531677 0.7520468 0.6327427 0.3198332 0.8004712 0.583881 0.8014202 0.2577649 0.6327427 0.3198332 0.6 0 0.5374264 0.05817663 0.5369883 0.4314112 0.6309194 0.538657 0.6327427 0.3198332 0.552723 0.7170037 0.6565505 1 0.6580845 0.7621016 0.6572569 0.07625609 0.8014202 0.2577649 0.8011497 0 0.3293984 0.6666667 0.433968 0.8799794 0.4376873 0.5321742 0.6580845 0.7621016 0.8017843 0.9239785 0.8004712 0.583881 0.8014202 0.2577649 1.000001 0.1108638 0.8011497 0 0.8004712 0.583881 1.000001 0.4615134 0.8014202 0.2577649 1 1 1 0.7270527 0.8017843 0.9239785 0.8014202 0.2577649 1.000001 0.4615134 1.000001 0.1108638 0 0.2056134 0.196822 0 0 0 1.8276e-6 0.6100197 0.3293984 0.6666667 0.213839 0.4703028 0.213839 0.4703028 0.3395707 0.404622 0.3345431 0.005015909 0.3293984 0.6666667 0.3395707 0.404622 0.213839 0.4703028 0.3394782 0.920216 0.4 1 0.433968 0.8799794 0.4376873 0.5321742 0.3731725 0.1605288 0.3395707 0.404622 0.4615157 0 0.6097441 0.2229567 0.6221807 0 0.4593074 0.2594435 0.4615157 0 0.3731725 0.1605288 0.6097441 0.2229567 0.4376873 0.5321742 0.650381 0.6418141 0.8460805 0.7641659 1 1 1.000001 0.7225282 0.5244085 0.7421094 0.6580695 0.8617303 0.650381 0.6418141 0.650381 0.6418141 0.8107699 0.4367724 0.6097441 0.2229567 0.8107699 0.4367724 0.8303114 0.1024793 0.6097441 0.2229567 0.8246776 1 0.8460805 0.7641659 0.6580695 0.8617303 0.650381 0.6418141 0.8460805 0.7641659 0.8107699 0.4367724 0.8107699 0.4367724 1.000001 0.3718066 0.8303114 0.1024793 0 0.754448 1 1 0.9999999 0.742574 1.000001 0.7225282 1.000001 0.3718066 0.8107699 0.4367724 -3.53293e-6 0.605454 0.2803342 0.5 3.40188e-4 0.2954609 -8.26977e-6 0.943295 0.2260401 0.7617734 -3.53293e-6 0.605454 3.40188e-4 0.2954609 0.2837567 0 -1.25343e-5 0 -3.53293e-6 0.605454 0.2260401 0.7617734 0.2803342 0.5 3.40188e-4 0.2954609 0.6202761 -0.001253962 0.2837567 0 0.5442399 0.2850415 0.6202761 -0.001253962 3.40188e-4 0.2954609 0.2803342 0.5 0.5442399 0.2850415 3.40188e-4 0.2954609 0.2260401 0.7617734 0.4006226 0.899101 0.5534038 0.722089 0.2803342 0.5 0.6202495 0.5468603 0.5442399 0.2850415 0.619751 0.9496413 0.5534038 0.722089 0.4006226 0.899101 0.619751 0.9496413 0.6202495 0.5468603 0.5534038 0.722089 0.619751 0.9496413 0.7716995 1 0.7698273 0.7392184 0.6202495 0.5468603 0.7698273 0.7392184 0.7415822 0.3731196 0.7415822 0.3731196 1.000041 0.2017654 0.7705886 0.06745356 0.7698273 0.7392184 1.000099 0.5705435 0.7415822 0.3731196 1.000099 0.5705435 1.000041 0.2017654 0.7415822 0.3731196 -9.74053e-6 0.6053963 0.5018943 0.5 -7.06248e-6 0.2960857 -1.82015e-5 0.9423144 0.3406686 0.7708874 -9.74053e-6 0.6053963 0.3405852 0.2315149 0.5024343 0 -2.78359e-5 0 -9.74053e-6 0.6053963 0.3406686 0.7708874 0.5018943 0.5 0.5024343 1 0.6008487 0.7674022 0.3406686 0.7708874 0.3406686 0.7708874 0.6008487 0.7674022 0.5018943 0.5 0.5024343 1 1.000019 0.9422506 0.6008487 0.7674022 0.5018943 0.5 1.000007 0.2963991 0.5993631 0.2357522 0.5993631 0.2357522 1.000007 0.2963991 1.000029 0 0 0.4240934 0.9999998 0.2941186 0 0.09075927 -1.84042e-7 0.7455508 1 0.6121784 0 0.4240934 -1.84042e-7 0.7455508 0.9999999 0.924093 1 0.6121784 0 0.09075927 0.9999998 0.2941186 0.9999998 0 0 0.08333408 1 0.4166654 1 0.08333373 0 0.4166647 0.9999999 0.742574 1 0.4166654 0.5814304 0.8333333 0.7644613 1 0.8408528 0.7508518 2.13915e-6 0.4442663 0.2163031 0.4933384 0.1959066 0.1666666 1.2115e-5 0.6666667 0.2163031 0.4933384 2.13915e-6 0.4442663 1.2115e-5 0.6666667 0.2486976 0.6667515 0.2163031 0.4933384 0.1824774 1 0.4718389 0.686658 0.2486976 0.6667515 0.2163031 0.4933384 0.3876013 0.3333334 0.1959066 0.1666666 0.1824774 1 0.414311 1 0.4718389 0.686658 0.3876013 0.3333334 0.4668726 0.1287373 0.1959066 0.1666666 0.2486976 0.6667515 0.489839 0.5 0.2163031 0.4933384 0.414311 1 0.5814304 0.8333333 0.4718389 0.686658 0.414311 1 0.6104179 1 0.5814304 0.8333333 0.3876013 0.3333334 0.6592428 0.3333333 0.4668726 0.1287373 0.4668726 0.1287373 0.7351763 0.1189519 0.6104179 0 0.6592428 0.3333333 0.7351763 0.1189519 0.4668726 0.1287373 0.489839 0.5 0.7466629 0.5936285 0.6592428 0.3333333 0.7351763 0.1189519 0.8613872 0.2651659 0.8374923 0.07283538 0.8530631 0.5 0.9136406 0.736985 0.9138762 0.3311673 0.7466629 0.5936285 0.8613872 0.2651659 0.6592428 0.3333333 0.7644613 1 0.8391369 1 0.8408528 0.7508518 0.7466629 0.5936285 0.8408528 0.7508518 0.8530631 0.5 0.8613872 0.2651659 0.9004755 0 0.8374923 0.07283538 0.8613872 0.2651659 0.9138762 0.3311673 0.9004755 0 0.39779 0.8333333 0.1982263 1 0.3989068 1 0.9004755 0.9715173 1.000023 0.8995775 0.9136406 0.736985 0.9138762 0.3311673 1.000017 0.229788 0.9004755 0 0.9136406 0.736985 1.000011 0.5329262 0.9138762 0.3311673 1.000023 0.8995775 1.000011 0.5329262 0.9136406 0.736985 -7.33933e-7 0.6056967 0.1941925 0.4306846 -9.95886e-7 0.2946955 -2.43618e-6 0.9444585 0.1924668 0.7566465 -7.33933e-7 0.6056967 -7.33933e-7 0.6056967 0.1924668 0.7566465 0.1941925 0.4306846 0.3985717 0.08527815 0.1941925 0.4306846 0.4800258 0.3333333 0.5752418 0.8333333 0.3989068 1 0.5745658 1 0.3969945 0.5781427 0.4800258 0.3333333 0.1941925 0.4306846 0.39779 0.8333333 0.3969945 0.5781427 0.1924668 0.7566465 0.5731752 0.5859547 0.39779 0.8333333 0.5752418 0.8333333 0.4800258 0.3333333 0.5779768 0.08150279 0.3985717 0.08527815 0.7663544 0.8333333 0.5745658 1 0.7729354 1 0.5779768 0.08150279 0.7858735 0.3333333 0.7711537 0.08271002 0.5731752 0.5859547 0.7858735 0.3333333 0.4800258 0.3333333 0.5731752 0.5859547 0.7663544 0.8333333 0.7703942 0.5906545 0.7729354 1 0.8725295 0.7708619 0.7663544 0.8333333 0.7663544 0.8333333 0.8552747 0.5465307 0.7703942 0.5906545 0.8703952 0.2183074 0.8693396 0 0.7711537 0.08271002 0.7703942 0.5906545 0.8552747 0.5465307 0.7858735 0.3333333 3.28727e-5 0.5 0.3198445 0.3284078 2.76625e-5 0.2794073 0.8552747 0.5465307 0.8703952 0.2183074 0.7858735 0.3333333 0.8703952 0.2183074 1.000016 0.2014418 0.8693396 0 0.8725295 0.7708619 1.000038 0.5669106 0.8552747 0.5465307 1.000038 0.5669106 1.000016 0.2014418 0.8703952 0.2183074 2.76625e-5 0.2794073 0.3198445 0.3284078 0.2690498 0 1.000006 0.7231404 0.5116048 1 1 1 0.2646698 0.9140518 0.64398 0.6666668 0.325107 0.4951624 0.7091858 0.2626234 0.7129657 0 0.2690498 0 0.2646698 0.9140518 0.7192055 0.9170995 0.64398 0.6666668 0.7142301 0.5 0.7091858 0.2626234 0.3198445 0.3284078 0.7091858 0.2626234 1.000001 0 0.7129657 0 0.7142301 0.5 1.000001 0.2724583 0.7091858 0.2626234 0.64398 0.6666668 1.000002 0.611355 0.7142301 0.5 0.7192055 0.9170995 1.000001 0.9614628 1.000002 0.611355 -5.56973e-6 0.6056249 0.501911 0.5730162 -5.82784e-6 0.2952361 -1.47959e-5 0.9433445 0.5017415 0.8333334 -5.56973e-6 0.6056249 0.502308 0.3333333 1.000006 0.3712737 0.5070286 0.07689034 0.501911 0.5730162 1.000006 0.3712737 0.502308 0.3333333 0.5017415 0.8333334 1.000006 0.7231404 0.501911 0.5730162 3.39646e-5 0.8333333 0.2481999 0.6666667 6.75304e-6 0.6666667 1.000006 0.7231404 1.000006 0.3712737 0.501911 0.5730162 0 0.4166645 0.9999998 0.2754241 1.77017e-7 0.1149058 0 0.4166645 1 0.5536734 0.9999998 0.2754241 -7.60846e-7 0.6666667 1 0.5536734 0 0.4166645 0.9999998 0.9166669 1 0.5536734 -7.60846e-7 0.6666667 -2.78202e-7 0.08333295 1 0.2574263 1 0 -1.82878e-7 0.4166678 0.9999998 0.5833327 1 0.2574263 0.9999999 0.9166668 0.9999998 0.5833327 -1.58781e-7 0.7544485 -1.88585e-6 0.87162 0.2071591 0.5570313 -2.1665e-6 0.5609578 0.2071591 0.5570313 0.3625251 0.3949087 4.05167e-4 0.2230151 0.3625251 0.3949087 0.4816051 0.09287428 4.05167e-4 0.2230151 0.2071591 0.5570313 0.5343216 0.6666667 0.3625251 0.3949087 0.2767696 0.8615559 0.5343216 0.6666667 0.2071591 0.5570313 0.5343216 0.6666667 0.7092586 0.4339979 0.3625251 0.3949087 0.5030746 1 0.7857527 1 0.7412553 0.7847931 0.7092586 0.4339979 0.7834159 0.0823782 0.4816051 0.09287428 0.7857527 1 1.000001 0.9618028 0.7412553 0.7847931 0.7412553 0.7847931 1.000003 0.6108461 0.7092586 0.4339979 0.7412553 0.7847931 1.000001 0.9618028 1.000003 0.6108461 2.14584e-7 0.5 0.2039083 0.5 5.70833e-5 0.3333333 8.8373e-5 1 0.3283563 0.8333333 3.39646e-5 0.8333333 6.75304e-6 0.6666667 0.2481999 0.6666667 0.2039083 0.5 0.3759638 0.5 0.2481999 0.6666667 0.3663826 0.6666667 0.160347 0.1666666 0.3098174 0 8.8373e-5 0 5.70833e-5 0.3333333 0.3729159 0.3333333 0.160347 0.1666666 0.2039083 0.5 0.3729159 0.3333333 5.70833e-5 0.3333333 0.3729159 0.3333333 0.3485423 0.1666666 0.160347 0.1666666 0.2039083 0.5 0.3759638 0.5 0.3729159 0.3333333 0.3283563 0.8333333 0.3895218 1 0.3984 0.8333333 0.3759638 0.5 0.4951761 0.3333333 0.3729159 0.3333333 0.3485423 0.1666666 0.3895218 0 0.3098174 0 0.3283563 0.8333333 0.3984 0.8333333 0.3663826 0.6666667 0.3485423 0.1666666 0.4406965 0.1666666 0.3895218 0 0.3895218 1 0.507826 1 0.3984 0.8333333 0.3984 0.8333333 0.4890465 0.6666667 0.3663826 0.6666667 0.3729159 0.3333333 0.4951761 0.3333333 0.4406965 0.1666666 0.7041358 0.1666666 0.4951761 0.3333333 0.7081199 0.3333333 0.4890465 0.6666667 0.5110039 0.5 0.3759638 0.5 0.4406965 0.1666666 0.7041358 0.1666666 0.507826 0 0.7081199 0.3333333 0.772875 0.5 0.7726646 0.2487791 0.5110039 0.5 0.7081199 0.3333333 0.4951761 0.3333333 0.5074792 0.8333333 0.7328308 0.6666667 0.4890465 0.6666667 0.507826 1 0.7092589 0.8333333 0.5074792 0.8333333 0.5110039 0.5 0.7074796 0.5 0.7081199 0.3333333 0.5074792 0.8333333 0.7092589 0.8333333 0.7328308 0.6666667 0.507826 1 0.7261009 1 0.7092589 0.8333333 0.7041358 0.1666666 0.7726646 0.2487791 0.7261009 0 1 0.8333333 0.8848938 1 1 1 0.7328308 0.6666667 0.772875 0.5 0.7074796 0.5 0.7726646 0.2487791 0.7874205 0 0.7261009 0 0.7328308 0.6666667 0.8777979 0.7532687 0.772875 0.5 0.8733688 0.433896 0.8850312 -0.004499435 0.7726646 0.2487791 0.8733688 0.433896 0.9999999 0.2276955 0.8850312 -0.004499435 0 1 0.2399713 0.8333334 0 0.8333333 1 0.8333333 1 0.5643144 0.8777979 0.7532687 0.243227 0.6666667 0.4671475 0.8333334 0.4652138 0.6666667 0.2453572 0.1666666 0.3421753 0 0 0.1072619 7.81984e-5 0.3333333 0.2453572 0.1666666 0 0.1072619 2.66945e-7 0.6044825 0.3551728 0.5 7.81984e-5 0.3333333 0 0.8333333 0.2399713 0.8333334 2.66945e-7 0.6044825 2.66945e-7 0.6044825 0.243227 0.6666667 0.3551728 0.5 7.81984e-5 0.3333333 0.3972518 0.3333333 0.2453572 0.1666666 0.3551728 0.5 0.3972518 0.3333333 7.81984e-5 0.3333333 0.2453572 0.1666666 0.584239 0.1666666 0.3421753 0 0.3972518 0.3333333 0.584239 0.1666666 0.2453572 0.1666666 0.788385 0.5 0.4652138 0.6666667 0.7916138 0.6666667 0.3421753 1 0.8179422 0.7161816 0.4671475 0.8333334 0.3551728 0.5 0.7719022 0.3333333 0.3972518 0.3333333 0.3551728 0.5 0.788385 0.5 0.7719022 0.3333333 0.4671475 0.8333334 0.7916138 0.6666667 0.4652138 0.6666667 0.7916138 0.6666667 1 0.3975778 0.788385 0.5 0.4947406 0.1666666 2.41593e-5 0.3548682 0.5751164 0.3333334 7.40316e-6 0.6666667 0.4520462 0.5 2.41593e-5 0.3548682 5.4065e-5 1 0.4709897 1 5.74415e-5 0.8333333 7.04804e-5 0.1666666 0.4709897 0 5.4065e-5 0 7.40316e-6 0.6666667 0.5413408 0.6666666 0.4520462 0.5 0.4709897 1 0.5026675 0.8333334 5.74415e-5 0.8333333 0.5026675 0.8333334 1.000018 1 0.9999747 0.7705602 0.3448957 1 0.5644794 0.7392188 0.3109183 0.8333333 0.5751164 0.3333334 0.9999951 0.08550375 0.4947406 0.1666666 0.5026675 0.8333334 0.9999747 0.7705602 0.5413408 0.6666666 0.5413408 0.6666666 0.9999747 0.7705602 1.000002 0.417308 -5.04765e-6 1 0.3109183 0.8333333 0 0.7216005 0.3076601 0.1666666 0.3448957 0 -5.04765e-6 0 0 0.7216005 0.3306933 0.6666667 6.42309e-5 0.5 0.3306933 0.6666667 0.5436453 0.5 6.42309e-5 0.5 0.3448957 0 0.6022258 0.261467 0.6133367 0 0.6022258 0.261467 0.7716534 0 0.6133367 0 0.3306933 0.6666667 0.5644794 0.7392188 0.5436453 0.5 0.6133367 1 0.7319389 0.8496732 0.5644794 0.7392188 0.5436453 0.5 0.6666667 0.5827369 0.6022258 0.261467 0.7319389 0.8496732 0.6666667 0.5827369 0.5644794 0.7392188 0.6666667 0.5827369 0.7675431 0.2541111 0.6022258 0.261467 0.3568539 0.2312542 0.4983043 0.5827727 0.5003585 0.3333333 0.7675431 0.2541111 1.000033 0.1333882 0.7716534 0 0.7319389 0.8496732 1.000089 0.7576733 0.7695209 0.5941587 0.7319389 0.8496732 1 1 1.000089 0.7576733 0 1 0.5003228 1 -1.2543e-5 0.7959387 -8.20575e-6 0.4447702 0.5052872 0.3333333 -1.39241e-5 0.1014174 -1.39241e-5 0.1014174 0.5050297 0.1666666 0.5003228 0 0.5002289 0.6666667 0.5057014 0.5 -8.20575e-6 0.4447702 0.5003228 1 1.000002 0.8717696 0.5006117 0.8333333 0.5052872 0.3333333 1.000018 0.2265361 0.5050297 0.1666666 0.5057014 0.5 1.000014 0.559132 0.5052872 0.3333333 0.5006117 0.8333333 1.000002 0.8717696 0.5002289 0.6666667 1.000018 0.2265361 1 0 0.5003228 0 -6.15482e-7 0.416651 1.000005 0.2382151 -4.1048e-7 0.06049287 1.000005 0.2382151 1.000004 0 -4.1048e-7 0.06049287 1.000005 0.5834514 1.000005 0.2382151 -6.15482e-7 0.416651 -4.1602e-7 0.4393128 0.1245555 0.2929781 -1.81615e-7 0.1278308 -4.23674e-7 0.7783401 0.1249981 0.5940771 -4.1602e-7 0.4393128 -4.1602e-7 0.4393128 0.1249981 0.5940771 0.1245555 0.2929781 0.1245555 0.2929781 0.2361509 0.05991524 0.1226334 0 0.1178136 0.8869529 0.2128548 0.7492695 0.1249981 0.5940771 0.1178136 0.8869529 0.2505984 1 0.2128548 0.7492695 0.1245555 0.2929781 0.2378699 0.4482891 0.2361509 0.05991524 0.2128548 0.7492695 0.2378699 0.4482891 0.1249981 0.5940771 0.2505984 1 0.3558037 0.876507 0.2700098 0.7349557 0.3568539 0.2312542 0.3585723 0 0.2361509 0.05991524 0.3558037 0.876507 0.5005644 1 0.4983038 0.8333334 0.3568539 0.2312542 0.5003585 0.3333333 0.5000154 0.08426517 0.3558037 0.876507 0.4983043 0.5827727 0.2700098 0.7349557 0.4983038 0.8333334 0.710121 1 0.7220102 0.7366962 0.5003585 0.3333333 0.7103258 0.08721679 0.5000154 0.08426517 0.5380599 0 0.4026597 0.2709257 0.593732 0.2514209 0.7220102 0.7366962 0.7090565 0.4169691 0.4983043 0.5827727 0.772288 0.2431632 0.7722341 0 0.7103258 0.08721679 0.7090565 0.4169691 0.781569 0.5959963 0.772288 0.2431632 0.7220102 0.7366962 0.7799037 0.9050163 0.781569 0.5959963 0.7799037 0.9050163 0.8783941 1 0.8731662 0.8333333 0.772288 0.2431632 0.8779751 0.3333333 0.8733797 0.1201255 0.781569 0.5959963 0.8779751 0.3333333 0.772288 0.2431632 0.8731662 0.8333333 0.9999971 0.5607717 0.781569 0.5959963 0.8783941 1 1 0.8719223 0.8731662 0.8333333 0.8779751 0.3333333 1.000001 0.221974 0.8733797 0.1201255 0.8731662 0.8333333 1 0.8719223 0.9999971 0.5607717 1.000001 0.221974 1 0 0.8733797 0.1201255 2.2638e-5 0.6666667 0.1954482 0.4847066 -2.30995e-7 0.3881052 -2.30995e-7 0.3881052 0.1954482 0.4847066 0.2994664 0.1666666 6.65278e-6 0.8922571 0.3692779 0.7771471 2.2638e-5 0.6666667 2.2638e-5 0.6666667 0.3692779 0.7771471 0.1954482 0.4847066 0.2671535 1 0.6667364 0.8457502 0.3692779 0.7771471 0.3692779 0.7771471 0.653281 0.6703604 0.4783366 0.4576909 0.4783366 0.4576909 0.8049578 0.3068463 0.7618609 0.02222782 0.653281 0.6703604 0.8049578 0.3068463 0.4783366 0.4576909 0.7792868 1 0.7881483 0.636523 0.6667364 0.8457502 0.653281 0.6703604 0.7881483 0.636523 0.8049578 0.3068463 0.8643842 0.6701938 0.8049578 0.3068463 0.7881483 0.636523 0.8632115 1 0.8643842 0.6701938 0.7881483 0.636523 0.8049578 0.3068463 0.885779 0.5 0.877137 0.1648795 0.8632115 1 1.000021 1 0.8643842 0.6701938 0.885779 0.5 1.000022 0.3971366 0.877137 0.1648795 0.8643842 0.6701938 1.000038 0.7323874 0.885779 0.5 1.000022 0.3971366 1.000017 0.03191435 0.877137 0.1648795 0.2790983 0.6666666 0.2656028 0.4921708 8.78339e-6 0.5 0.2665087 1 0.5157401 0.896938 2.86213e-4 0.7274975 0.5157401 0.896938 0.5649453 0.61277 0.2790983 0.6666666 0.2748233 0 0.6651734 0.2345164 0.7067999 0 0.6320537 0.5 0.8003494 0.3333333 0.593732 0.2514209 0.5649453 0.61277 0.8002302 0.5954874 0.6320537 0.5 0.6336345 0.9190075 0.8050348 1 0.805047 0.8333333 0.8003494 0.3333333 0.8057225 0.08696693 0.593732 0.2514209 0.6336345 0.9190075 0.805047 0.8333333 0.8002302 0.5954874 0.8050348 1 1.000003 1 0.805047 0.8333333 0.8003494 0.3333333 1.000002 0.37159 0.8057225 0.08696693 0.8002302 0.5954874 1.000002 0.37159 0.8003494 0.3333333 0.805047 0.8333333 1.000004 0.7226232 0.8002302 0.5954874 1.000004 0.7226232 1.000002 0.37159 0.8002302 0.5954874 -3.60069e-6 0.560924 0.1794365 0.3908586 -7.03755e-6 0.2232561 -2.7003e-6 0.8714054 0.2134312 0.7247431 -3.60069e-6 0.560924 -7.03755e-6 0.2232561 0.311895 0.2535303 0.2748233 0 0.2134312 0.7247431 0.1794365 0.3908586 -3.60069e-6 0.560924 0.2748233 1 0.4746595 0.8333333 0.2134312 0.7247431 0.1794365 0.3908586 0.4879881 0.5286461 0.311895 0.2535303 0.4746595 0.8333333 0.4879881 0.5286461 0.2134312 0.7247431 0.7900216 0.4358646 1 0.05938714 0.6651734 0.2345164 0.7067999 1 0.7990245 0.7163226 0.4746595 0.8333333 0.4879881 0.5286461 0.7900216 0.4358646 0.6651734 0.2345164 0.4746595 0.8333333 0.7990245 0.7163226 0.4879881 0.5286461 0.7067999 1 1.000005 0.7950597 0.7990245 0.7163226 0 0.08778285 0.9999999 0.40924 0.9999999 0.05381894 0.7990245 0.7163226 1.000005 0.7950597 1.000003 0.4439249 -9.07094e-6 0.6056344 0.5021066 0.5743064 -6.63108e-6 0.2955795 -1.72954e-5 0.942866 0.5018745 0.8333334 -9.07094e-6 0.6056344 0.5024076 1 1.000018 0.9429082 0.5018745 0.8333334 0.5024587 0.3333333 1.000007 0.2957793 0.5021189 0.08849602 0.5021066 0.5743064 1.000007 0.2957793 0.5024587 0.3333333 0.5018745 0.8333334 1.000009 0.6054762 0.5021066 0.5743064 0.5021189 0.08849602 1.000007 0.2957793 1.000028 0 -5.54261e-6 0.5609155 0.5016849 0.3333333 -1.17238e-5 0.222951 -4.56182e-6 0.8715339 0.5018971 0.5921737 -5.54261e-6 0.5609155 0.5016557 1 1.000004 0.8713729 0.502252 0.8333333 0.5016849 0.3333333 1.000012 0.22294 0.5019201 0.07766133 0.5018971 0.5921737 1.000006 0.5610479 0.5016849 0.3333333 0.502252 0.8333333 1.000004 0.8713729 0.5018971 0.5921737 1.000012 0.22294 1 0 0.5019201 0.07766133 1 0.6666667 -2.47608e-7 0.8333334 0.9999999 0.9166665 1 0.6666667 0.9999999 0.40924 2.76313e-7 0.5022007 0.2125719 0 0.1214557 0.1982477 0.225728 0.4102301 -6.56103e-7 0.8333333 0.1521764 0.6375033 -3.69281e-7 0.555099 -3.69281e-7 0.555099 0.1521764 0.6375033 4.86916e-6 0.2489297 0.5142738 0.2600594 0.4613725 0.6039287 0.5204784 0.5901287 0.2117663 0.9231613 0.2731197 1 0.2646487 0.746059 0.2731197 1 0.3591554 0.7596151 0.2646487 0.746059 0.2646487 0.746059 0.3591554 0.7596151 0.2943669 0.4086019 0.2943669 0.4086019 0.3660457 0.03889703 0.2721943 0.09424751 0.2943669 0.4086019 0.4594315 0.3333333 0.3660457 0.03889703 0.2943669 0.4086019 0.4613725 0.6039287 0.4594315 0.3333333 0.3591554 0.7596151 0.4613725 0.6039287 0.2943669 0.4086019 0.4608684 0.945499 0.4613725 0.6039287 0.3591554 0.7596151 0.5142738 0.2600594 0.5142073 0 0.4605169 0.07697165 0.4613725 0.6039287 0.5210307 0.8585933 0.5204784 0.5901287 0.6033692 0.493628 0.5210307 0.8585933 0.6472485 0.9830346 0.6033692 0.493628 0.5913478 0.09759384 0.5142738 0.2600594 0.5204784 0.5901287 0.6033692 0.493628 0.5142738 0.2600594 0.750061 0.5 0.6981788 0.8574759 0.751518 0.7527186 0.5913478 0.09759384 0.6369084 0.2869614 0.6477646 0.05715429 0.6033692 0.493628 0.6981788 0.8574759 0.6369084 0.2869614 0.7507536 0.2530158 0.7505004 0 0.6477646 0.05715429 0.6369084 0.2869614 0.750061 0.5 0.7507536 0.2530158 0.751518 0.7527186 0.9998711 1 1.000011 0.7781356 0.7507536 0.2530158 0.894643 0.597586 0.9999368 0.4390679 0.9999368 0.4390679 0.9998724 0.1279891 0.7507536 0.2530158 0.361697 0.2449944 0.2823888 0.6912347 0.3559345 0.6079414 0.751518 0.7527186 1.000011 0.7781356 0.894643 0.597586 -1.9086e-7 0.7274244 0.1689363 0.5704266 -3.56826e-7 0.388234 5.36368e-4 0.9998092 0.1689363 0.5704266 -1.9086e-7 0.7274244 0.2806102 1 0.2823888 0.6912347 5.36368e-4 0.9998092 0.2385703 0.3356735 0.2815277 0.03489261 5.27583e-4 0.03872323 5.36368e-4 0.9998092 0.2823888 0.6912347 0.1689363 0.5704266 0.1689363 0.5704266 0.2823888 0.6912347 0.2385703 0.3356735 0.361697 0.2449944 0.3581344 0 0.2815277 0.03489261 0.361697 0.2449944 0.4898709 0.5872697 0.4904477 0.2556208 0.2823888 0.6912347 0.3598663 0.902735 0.3559345 0.6079414 0.3598663 0.902735 0.4898709 0.5872697 0.3559345 0.6079414 0.361697 0.2449944 0.4904477 0.2556208 0.4871003 0 0.6667254 0.3333333 0.4898709 0.5872697 0.6669623 0.574339 0.4845394 0.9380731 0.6493409 0.8333334 0.4898709 0.5872697 0.4904477 0.2556208 0.6667254 0.3333333 0.662629 0.07760554 0.8461409 0.6719684 1.000007 0.9412596 1 0.5581973 0.6493409 0.8333334 0.6669623 0.574339 0.4898709 0.5872697 0.6660062 1 0.8422771 0.8686971 0.6493409 0.8333334 0.6667254 0.3333333 0.823754 0.1082712 0.662629 0.07760554 0.6669623 0.574339 0.809476 0.4260024 0.6667254 0.3333333 0.6493409 0.8333334 0.8422771 0.8686971 0.6669623 0.574339 0.6669623 0.574339 0.8461409 0.6719684 0.809476 0.4260024 0.809476 0.4260024 0.8461409 0.6719684 0.823754 0.1082712 0.8461409 0.6719684 1.000008 0.2972654 0.823754 0.1082712 0.823754 0.1082712 1.000008 0.2972654 1.000011 0 0.199461 0.5866299 0.3311052 0.9125506 0.3403005 0.6404339 -5.86763e-5 0.5992236 0.199461 0.5866299 -2.66596e-5 0.3029318 -3.07432e-5 0.9346626 0.1987864 0.9107936 -5.86763e-5 0.5992236 0.1735293 0.2439033 0.1998431 0 -5.05665e-5 0 0.199461 0.5866299 0.3005236 0.2408295 0.1735293 0.2439033 0.2519384 1 0.4228776 0.7031442 0.2270286 0.7130131 0.3005236 0.2408295 0.4950452 0.2498432 0.3311015 0 0.3403005 0.6404339 0.4950452 0.2498432 0.3005236 0.2408295 0.3403005 0.6404339 0.6659546 0.4278454 0.4950452 0.2498432 0.3403005 0.6404339 0.6638785 0.7627437 0.6659546 0.4278454 0.6659546 0.4278454 0.6309486 0.05198293 0.4950452 0.2498432 0.7987853 0.196473 0.7820234 0 0.6309486 0.05198293 0.6659546 0.4278454 0.7762307 0.545648 0.7987853 0.196473 0.6638785 0.7627437 0.7820234 0.95168 0.7762307 0.545648 0.7820234 0.95168 1.000057 0.9334594 0.8276487 0.7670084 0.7762307 0.545648 1.000023 0.297864 0.7987853 0.196473 0.7987853 0.196473 1.000023 0.297864 1.000095 0 -9.20741e-7 0.2053061 0.2368499 0.07088273 0 0 -6.13554e-7 0.8943913 0.2270286 0.7130131 -1.97918e-6 0.5552356 0.2519384 1 0.2270286 0.7130131 -6.13554e-7 0.8943913 0.4196398 1 0.5239694 0.7170314 0.4228776 0.7031442 0.3747804 0.3623164 0.4215847 0.0630505 0.2368499 0.07088273 0.4215847 0.0630505 0.5277746 0.4285382 0.5443518 0.03377979 0.7701826 0.1519408 0.8276357 0.6642813 0.8266311 0.3333333 0.4228776 0.7031442 0.5239694 0.7170314 0.5277746 0.4285382 0.5277746 0.4285382 0.7064712 0.4233862 0.5443518 0.03377979 0.5239694 0.7170314 0.7064712 0.4233862 0.5277746 0.4285382 0.5365549 0.9511417 0.7555071 1 0.7225577 0.7389618 0.5443518 0.03377979 0.7064712 0.4233862 0.7701826 0.1519408 0.7555071 1 0.8276357 0.6642813 0.7225577 0.7389618 0.7484064 0.7725557 1 0.3920776 0.7100266 0.5067011 0.7555071 1 1.000024 0.8022138 0.8276357 0.6642813 0.8266311 0.3333333 1.00005 0.1019465 0.7701826 0.1519408 0.8276357 0.6642813 1.000036 0.4342031 0.8266311 0.3333333 0.8276357 0.6642813 1.000024 0.8022138 1.000036 0.4342031 -2.45718e-6 0.4441503 0.3262984 0.28189 -9.43484e-6 0.1666666 -9.43484e-6 0.1666666 0.3262984 0.28189 0.3537054 0 5.39394e-5 0.7541142 0.2975783 0.4930292 -2.45718e-6 0.4441503 0.2975783 0.4930292 0.6779635 0.4776657 0.3262984 0.28189 0.6779635 0.4776657 0.7107216 0.1214191 0.3262984 0.28189 0.3459447 0.9219713 0.9993218 0.6113631 0.2975783 0.4930292 0.7379313 1 1.000001 0.9616685 0.9993218 0.6113631 -5.75151e-6 0.6055403 0.3233451 0.4740457 -4.61436e-6 0.295714 -1.21296e-5 0.9426558 0.2815205 0.7989489 -5.75151e-6 0.6055403 -5.75151e-6 0.6055403 0.2815205 0.7989489 0.3233451 0.4740457 0.2649173 1 0.546155 0.9022745 0.2815205 0.7989489 0.3233451 0.4740457 0.5451596 0.2800103 0.2726518 0.09047412 0.3233451 0.4740457 0.7100266 0.5067011 0.5451596 0.2800103 0.5611727 0.6666667 0.7100266 0.5067011 0.3233451 0.4740457 0.5611727 0.6666667 0.7484064 0.7725557 0.7100266 0.5067011 0.7100266 0.5067011 1.00001 0.1290447 0.7549263 0.07242482 0.7713915 1 1 1 1.000007 0.7761135 1.000003 0.7229565 0.5124889 1 1 1 -2.87138e-6 0.6054651 0.5016952 0.5724952 -3.67419e-6 0.2951206 -9.02277e-6 0.9439777 0.501574 0.8333333 -2.87138e-6 0.6054651 0.5021229 0.3333333 1.000004 0.371573 0.5075992 0.07408708 0.5016952 0.5724952 1.000004 0.371573 0.5021229 0.3333333 0.501574 0.8333333 1.000003 0.7229565 0.5016952 0.5724952 0.6679918 1 0.7198589 0.6688193 0.6659491 0.7547727 1.000003 0.7229565 1.000004 0.371573 0.5016952 0.5724952 0 0.08333313 1 0.2500001 1 0 1 0.5759078 1 0.2500001 -3.70549e-7 0.4211145 1 0.9166652 1 0.5759078 0 0.7500021 1.69999e-7 0.08333426 1 0.2574254 1 0 0 0.4122172 1 0.583334 1 0.2574254 1 0.916667 1 0.583334 -1.5605e-7 0.7499999 0.9999998 0.2499986 1 0 -1.37108e-7 0.08333295 -2.74218e-7 0.4166666 1 0.5907583 0.9999998 0.2499986 4.24681e-7 0.7455515 1 0.9166677 1 0.5907583 -2.90387e-7 1 0.9999998 0.7809496 -3.74331e-7 0.7500018 3.32327e-7 0.3493102 1 0.3939387 1.000001 0.1666666 -3.74331e-7 0.7500018 0.9999998 0.7809496 3.32327e-7 0.3493102 1.000001 0.1666666 1 0 -2.90387e-7 0 2.99945e-4 0.8337143 0.1773697 0.6319918 1.53836e-5 0.4113572 3.73159e-5 0.1279292 0.2828945 0.3205357 0.1251245 0 1.53836e-5 0.4113572 0.2828945 0.3205357 3.73159e-5 0.1279292 2.99945e-4 0.8337143 0.2728033 0.8333334 0.1773697 0.6319918 0.1773697 0.6319918 0.2828945 0.3205357 1.53836e-5 0.4113572 0.2828945 0.3205357 0.3736059 0 0.1251245 0 0.2728033 0.8333334 0.4300273 0.5812054 0.1773697 0.6319918 0.2728033 0.8333334 0.6659491 0.7547727 0.4300273 0.5812054 0.2828945 0.3205357 0.6717235 0.4714172 0.4269431 0.1666666 0.3736059 1 0.6679918 1 0.6659491 0.7547727 0.6717235 0.4714172 0.6685615 0.08438944 0.4269431 0.1666666 0.4300273 0.5812054 0.6659491 0.7547727 0.6717235 0.4714172 0.4231607 0.3333333 0.5424279 0.5725972 0.5398609 0.2597335 0.7403293 0.2548882 0.7393215 0 0.6685615 0.08438944 0.6717235 0.4714172 0.7198589 0.6688193 0.7403293 0.2548882 0.7515404 0.8127221 0.856635 0.5829738 0.7198589 0.6688193 0.7515404 0.8127221 0.8643737 1 0.8601419 0.8333333 0.8604043 0.3333333 0.8611784 0.09659498 0.7403293 0.2548882 0.856635 0.5829738 0.8604043 0.3333333 0.7403293 0.2548882 0.7515404 0.8127221 0.8601419 0.8333333 0.856635 0.5829738 0.8643737 1 1.000001 0.8713784 0.8601419 0.8333333 0.8604043 0.3333333 1.000002 0.2226879 0.8611784 0.09659498 0.856635 0.5829738 1.000001 0.5608846 0.8604043 0.3333333 0.8601419 0.8333333 1.000001 0.8713784 0.856635 0.5829738 1.000002 0.2226879 1 0 0.8611784 0.09659498 -2.25502e-7 0.6116926 0.37131 0.5514252 4.41054e-6 0.221931 9.91272e-6 0.8877146 0.2585458 0.6666667 -2.25502e-7 0.6116926 0.245483 1 0.4129512 0.8333334 9.91272e-6 0.8877146 0.37131 0.5514252 0.2402934 -0.02697813 4.41054e-6 0.221931 9.91272e-6 0.8877146 0.4129512 0.8333334 0.2585458 0.6666667 0.245483 1 0.4262399 1 0.4129512 0.8333334 0.4129512 0.8333334 0.37131 0.5514252 0.2585458 0.6666667 0.423763 0.1017163 0.5398609 0.2597335 0.5432289 0 0.4129512 0.8333334 0.5424279 0.5725972 0.37131 0.5514252 0.7513871 0.2395739 0.5424279 0.5725972 0.7533316 0.615028 0.7513871 0.2395739 0.75106 0 0.5432289 0 0.7533316 0.615028 0.5421774 0.9213346 0.7575271 0.8879644 0.5069556 0.09096521 1.000005 0.4436097 1 0.06022709 0.7533316 0.615028 1.000001 0.2953179 0.7513871 0.2395739 0.7575271 0.8879644 1.000002 0.6055229 0.7533316 0.615028 0.7513871 0.2395739 1.000001 0.2953179 1.000005 0 -2.92489e-6 0.6056928 0.5017063 0.5741738 -2.68347e-6 0.2949934 -6.18897e-6 0.9442571 0.5015203 0.8333333 -2.92489e-6 0.6056928 0.5020539 1 1.000007 0.9441825 0.5015203 0.8333333 0.5020663 0.3333333 1.000002 0.2951833 0.5017434 0.08885616 0.5017063 0.5741738 1.000002 0.2951833 0.5020663 0.3333333 0.5015203 0.8333333 1.000003 0.6055529 0.5017063 0.5741738 0.5017434 0.08885616 1.000002 0.2951833 1.00001 0 -4.82547e-6 0.56106 0.5016781 0.3333333 -1.20556e-5 0.223088 -4.68869e-6 0.8714385 0.5018528 0.5934054 -4.82547e-6 0.56106 0.5016216 1 1.000005 0.7953336 0.5022392 0.8333334 0.5018528 0.5934054 1.000005 0.4436097 0.5016781 0.3333333 0.5022392 0.8333334 1.000005 0.7953336 0.5018528 0.5934054 0.2084673 0.8087859 0.4995541 1 0.4187212 0.6995563 0.5018528 0.5934054 1.000005 0.7953336 1.000005 0.4436097 -2.15888e-6 0.5608406 0.3451159 0.3969712 -5.84216e-6 0.2224104 -2.29008e-6 0.8719192 0.3152393 0.7310008 -2.15888e-6 0.5608406 0.3152393 0.7310008 0.3451159 0.3969712 -2.15888e-6 0.5608406 0.3152393 0.7310008 0.700848 0.5377414 0.3451159 0.3969712 0.3589419 1 0.7259547 0.8930969 0.3152393 0.7310008 0.3451159 0.3969712 0.9999993 0.2725246 0.3493402 0.07076579 0.3152393 0.7310008 0.7259547 0.8930969 0.700848 0.5377414 0.9999993 0.2725246 1.000002 0 0.7362771 0 0.7259547 0.8930969 1.000001 0.9615978 1.000003 0.6110929 -8.99919e-7 0.6056914 0.2936252 0.5 -8.98667e-7 0.2948532 -5.1719e-5 0.9445138 0.2084673 0.8087859 -8.99919e-7 0.6056914 -8.99919e-7 0.6056914 0.2084673 0.8087859 0.2936252 0.5 0.2936252 0.5 0.4132151 0.2657219 0.2009972 0.2233756 0.2009972 0.2233756 0.4995541 0 -5.28904e-5 0 3.32266e-5 0.6666667 0.2707944 0.5 9.60831e-6 0.5 0.4132151 0.2657219 0.5935118 0.24023 0.4995541 0 0.4187212 0.6995563 0.6869453 0.5 0.2936252 0.5 0.4187212 0.6995563 0.6058831 0.7449242 0.6869453 0.5 0.4995541 1 0.7814905 1 0.6058831 0.7449242 0.6869453 0.5 0.795476 0.2712609 0.5935118 0.24023 0.7814905 1 0.8089169 0.7303681 0.6058831 0.7449242 0.6058831 0.7449242 0.8089169 0.7303681 0.6869453 0.5 0.795476 0.2712609 1.000002 0.204541 0.7814905 0 0.8089169 0.7303681 1.000004 0.5562233 0.6869453 0.5 1.000004 0.5562233 1.000002 0.204541 0.795476 0.2712609 -8.40492e-6 0.5611284 0.5018141 0.3333333 -1.48864e-5 0.2237647 -5.6177e-6 0.8709133 0.5020484 0.5923165 -8.40492e-6 0.5611284 0.5018059 1 1.000006 0.8706825 0.5023832 0.8333333 0.5018141 0.3333333 1.000015 0.2238149 0.502058 0.07813829 0.5020484 0.5923165 1.000009 0.5612587 0.5018141 0.3333333 0.5023832 0.8333333 1.000006 0.8706825 0.5020484 0.5923165 1.000015 0.2238149 1 0 0.502058 0.07813829 0 0.3333334 0.1555638 0.3333333 3.44304e-5 0.1666666 0.1555638 0.3333333 0.2640075 0.1666666 3.44304e-5 0.1666666 9.60831e-6 0.5 0.2707944 0.5 0.1555638 0.3333333 0.1422306 0.8333333 0.36254 1 0.3680337 0.8333334 0.1422306 0.8333333 0.2831151 0.6666667 3.32266e-5 0.6666667 0.3680337 0.8333334 0.605112 1 0.6041342 0.8333333 0.2640075 0.1666666 0.36254 0 0.1421279 0 0.1422306 0.8333333 0.3680337 0.8333334 0.2831151 0.6666667 0.1555638 0.3333333 0.3826053 0.3333333 0.2640075 0.1666666 0.2640075 0.1666666 0.5340724 0.1666666 0.36254 0 0.3680337 0.8333334 0.4973536 0.6666666 0.2831151 0.6666667 0.4358572 0.5 0.6209658 0.3333333 0.3826053 0.3333333 0.5340724 0.1666666 0.605112 0 0.36254 0 0.3680337 0.8333334 0.6041342 0.8333333 0.4973536 0.6666666 0.3826053 0.3333333 0.6209658 0.3333333 0.5340724 0.1666666 0.6209658 0.3333333 0.8232786 0.5 0.8395529 0.3333334 0.4973536 0.6666666 0.6186651 0.5 0.4358572 0.5 0.605112 1 0.8477657 0.8333333 0.6041342 0.8333333 0.6209658 0.3333333 0.8106462 0.1666666 0.5340724 0.1666666 0.6041342 0.8333333 0.8477657 0.8333333 0.7748146 0.6666666 0.8106462 0.1666666 0.8467484 0 0.605112 0 -2.7655e-5 0.8333334 0.1180881 0.6666667 -2.13455e-5 0.6666666 0.8467484 1 1 1 0.8477657 0.8333333 0.8106462 0.1666666 1 0.04054743 0.8467484 0 1 0.417423 1 0.04054743 0.8106462 0.1666666 0.7748146 0.6666666 1 0.7702404 1 0.417423 0 0.3333333 0.1635707 0.3333333 -2.16207e-5 0.1354678 0.1623672 1 0.1377211 0.8333334 -2.7655e-5 0.8333334 -2.13455e-5 0.6666666 0.1180881 0.6666667 8.42551e-4 0.5 0.1968399 0.5 0.1180881 0.6666667 0.1983325 0.6666667 8.42551e-4 0.5 0.1968399 0.5 0.1635707 0.3333333 0.1968399 0.5 0.3441634 0.3333333 0.1635707 0.3333333 0.1377211 0.8333334 0.1983325 0.6666667 0.1180881 0.6666667 0.1377211 0.8333334 0.2206766 0.8333333 0.1983325 0.6666667 0.1623672 1 0.3457665 1 0.2206766 0.8333333 0.1968399 0.5 0.3364836 0.6666667 0.3637934 0.5 0.3660981 0.8333333 0.6551136 1 0.6486084 0.8333333 0.1692124 0.1666666 0.3484533 0.1666666 0.3457665 0 0.3441634 0.3333333 0.3484533 0.1666666 0.1692124 0.1666666 0.2206766 0.8333333 0.3660981 0.8333333 0.3364836 0.6666667 0.3441634 0.3333333 0.6443349 0.1666666 0.3484533 0.1666666 0.227442 0.3333334 0.4863392 0.5 0.6087028 0.3333333 0.6443349 0.1666666 0.6551136 0 0.3457665 0 0.3660981 0.8333333 0.6486084 0.8333333 0.3364836 0.6666667 0.3441634 0.3333333 0.6579129 0.3333333 0.6443349 0.1666666 0.6486084 0.8333333 0.663515 0.6666666 0.3364836 0.6666667 0.3637934 0.5 0.6869177 0.5 0.6579129 0.3333333 0.663515 0.6666666 0.6869177 0.5 0.3637934 0.5 0.6551136 1 0.9999737 1 0.6486084 0.8333333 0.6443349 0.1666666 0.9999807 0.07278442 0.6551136 0 0.6579129 0.3333333 0.9999807 0.07278442 0.6443349 0.1666666 0.6579129 0.3333333 1.000001 0.4163049 0.9999807 0.07278442 0.663515 0.6666666 1.000001 0.4163049 0.6869177 0.5 0.6486084 0.8333333 1 0.7278491 0.663515 0.6666666 0.9999737 1 1 0.7278491 0.6486084 0.8333333 -1.03881e-6 0.6666667 0.2290449 0.5 -2.68178e-7 0.3880156 -2.68178e-7 0.3880156 0.227442 0.3333334 5.44131e-5 0.1666666 5.54292e-5 0.8333333 0.2866573 0.6666666 -1.03881e-6 0.6666667 0.227442 0.3333334 0.4029855 0.1666666 5.44131e-5 0.1666666 5.54292e-5 0.8333333 0.498332 0.8333333 0.2866573 0.6666666 0.4029855 0.1666666 0.5016864 0 0.2320665 0 0.5016864 0 0.7770957 0.1666666 0.7755733 0 0.498332 0.8333333 0.7032963 0.4948413 0.2866573 0.6666666 0.5016864 1 0.7755733 1 0.498332 0.8333333 0.8445859 0.4301988 1.000002 0.8942808 1 0.5 0.6087028 0.3333333 0.7770957 0.1666666 0.4029855 0.1666666 0.498332 0.8333333 0.7889574 0.6666668 0.7032963 0.4948413 0.7755733 1 0.8058213 0.8333333 0.498332 0.8333333 0.6087028 0.3333333 0.8445859 0.4301988 0.7770957 0.1666666 0.7889574 0.6666668 0.8445859 0.4301988 0.7032963 0.4948413 0.7755733 1 1.000002 0.8942808 0.8058213 0.8333333 0.7770957 0.1666666 1.000003 0 0.7755733 0 1 0.5 1 0.2365814 0.8445859 0.4301988 1.000009 0.2247334 0.5098606 0.5506373 1 0.6003827 0 1 0.4987606 1 -7.02883e-6 0.7950068 -7.98522e-7 0.4449754 0.5061557 0.3333334 -7.60698e-6 0.1029319 0.4987606 1 1 0.8724296 0.4984751 0.8333334 0.5061557 0.3333334 1.000009 0.2247334 0.5022022 0.08614194 0.4984751 0.8333334 1 0.8724296 0.5098606 0.5506373 1.000009 0.2247334 1 0 0.5022022 0.08614194 1 0.1666666 0 0.4122173 0.9999999 0.4988502 1 0.1666666 1 0 -1.44464e-7 0.0788843 0.2490546 0.07401525 0.4296609 0.4256369 0.4948574 0.02022242 1 0.9092417 0.9999999 0.4988502 0 0.7455524 -1.07104e-6 0.5608971 0.2438833 0.4064801 -3.72687e-6 0.2222001 -1.4304e-6 0.8719913 0.2499606 0.7386608 -1.07104e-6 0.5608971 0.2499606 0.7386608 0.2438833 0.4064801 -1.07104e-6 0.5608971 0.2474768 1 0.4736745 0.7309615 0.2499606 0.7386608 0.7550595 0.07630354 0.538721 0.4210665 0.7662422 0.3333333 0.2499606 0.7386608 0.4736745 0.7309615 0.4296609 0.4256369 0.4968759 1 0.5412948 0.8333333 0.4736745 0.7309615 0.4968759 1 0.7546048 1 0.5412948 0.8333333 0.5412948 0.8333333 0.7551143 0.5931074 0.4736745 0.7309615 0.5016061 0.736901 1 0.3938478 -3.06811e-4 0.5548804 0.7551143 0.5931074 0.7662422 0.3333333 0.538721 0.4210665 0.7546048 1 1.000003 0.8709222 0.7550159 0.8333333 0.7662422 0.3333333 1.000008 0.2236089 0.7550595 0.07630354 0.7551143 0.5931074 1.000005 0.5611352 0.7662422 0.3333333 0.7550159 0.8333333 1.000003 0.8709222 0.7551143 0.5931074 1.000008 0.2236089 1 0 0.7550595 0.07630354 4.4052e-5 0.8941687 0.5016061 0.736901 -3.06811e-4 0.5548804 0.5015652 0.2593367 1.000001 0.1277027 4.47452e-5 0 4.4052e-5 0.8941687 1 1 1.000001 0.7783228 0.9999996 0.8333333 0 1 0.9999999 1 -9.4015e-7 0.5609636 0.2445266 0.2872505 -2.25636e-6 0.2221119 -8.28651e-7 0.8718273 0.2379748 0.7298758 -9.4015e-7 0.5609636 -2.25636e-6 0.2221119 0.2445266 0.2872505 0.2884635 0 0.2379748 0.7298758 0.2713792 0.5 -9.4015e-7 0.5609636 0.2379748 0.7298758 0.5822183 0.7418991 0.2713792 0.5 0.2884635 1 0.5822183 0.7418991 0.2379748 0.7298758 0.6837457 0.4656069 0.6335642 0.1666666 0.2445266 0.2872505 0.2884635 1 0.7125715 1 0.5822183 0.7418991 0.7125715 1 1 0.9613602 0.5822183 0.7418991 0.6335642 0.1666666 1.000001 0 0.7125715 0 0.5822183 0.7418991 1 0.9613602 1.000015 0.6114524 -5.18771e-7 0 1 0.2500002 1 0 0 0.3311327 0.9999997 0.5026054 1 0.09075927 0.9999996 0.8333333 0.9999997 0.5026054 -1.45646e-7 0.7455498 1.93219e-7 0.2500024 1 0.583336 1 0.2500002 3.86427e-7 0.5833323 1 0.9092379 1 0.583336 -6.38278e-6 0.4438771 0.3472977 0.3944745 -2.3395e-5 0.1666666 1.65597e-4 0.7506271 0.3472977 0.3944745 -6.38278e-6 0.4438771 1.65597e-4 0.7506271 0.6427636 0.5837133 0.3472977 0.3944745 0.3559365 1 0.7283621 0.8989151 0.3382033 0.8333334 0.3472977 0.3944745 0.7285891 0.2706068 0.3472896 0.07606858 0.3382033 0.8333334 0.7283621 0.8989151 0.6427636 0.5837133 0.7285891 0.2706068 1.000004 0.03834605 0.7381123 0 0.6427636 0.5837133 1.000004 0.3890486 0.7285891 0.2706068 1.000004 0.3890486 1.000004 0.03834605 0.7285891 0.2706068 0.6427636 0.5837133 1 0.7732703 1.000004 0.3890486 -2.49333e-5 0.8333333 -1.20312e-5 1 0.0855925 1 0.06804424 0.3333333 -5.68336e-6 0.3333333 -8.55917e-6 0.5 -2.50958e-5 0.6666667 0.08265358 0.6666667 0.07070529 0.5 -2.50958e-5 0.6666667 -2.49333e-5 0.8333333 0.08419108 0.8333333 0.1 0.3333333 0.06804424 0.3333333 0.07070529 0.5 0.1293974 0.8333333 0.08419108 0.8333333 0.0855925 1 0.0855925 0 0.08025485 0.1666666 0.1316239 0.1666666 0.1 0.3333333 0.1329453 0.3333333 0.1316239 0.1666666 0.1 0.5 0.1332474 0.5 0.1329453 0.3333333 0.1 0.5 0.08265358 0.6666667 0.1332644 0.6666667 0.1332644 0.6666667 0.08265358 0.6666667 0.08419108 0.8333333 0.1320133 0 0.1316239 0.1666666 0.2029499 0.1666666 0.2427471 0.5 0.1332474 0.5 0.1332644 0.6666667 0.2143271 0 0.2029499 0.1666666 0.3455845 0.1666666 0.3304845 0.3333333 0.2427471 0.5 0.3836934 0.5 0.4632964 0.1666666 0.3455845 0.1666666 0.3926244 0.3333333 0.3926244 0.3333333 0.3836934 0.5 0.444833 0.5 0.3496443 0.6666667 0.3537084 0.8333333 0.4707797 0.8333334 0.7727498 0.5 0.7481352 0.6666666 0.8419315 0.6666667 0.7836903 0.1666666 0.7889342 0.3333333 0.8426703 0.3333334 0 0.8333333 0 1 0.10701 1 0.10701 0 0 0 0 0.1666666 0.1092132 0.1666666 0 0.1666666 0 0.3333333 0 0.6666666 0 0.8333333 0.1113966 0.8333333 0.3301443 0.3333333 0.1132812 0.3333333 0.1168299 0.5 0.4309199 0.5 0.2983718 0.5 0.3247138 0.6666667 0.5205602 0 0.3845819 0 0.372205 0.1666666 0.5231087 0.1666666 0.372205 0.1666666 0.4390001 0.3333334 0.5206446 0.3333333 0.4390001 0.3333334 0.4309199 0.5 0.4309199 0.5 0.4272407 0.6666667 0.5201905 0.6666667 0.5209173 0.8333333 0.5205602 1 0.5555556 1 0.5555556 0 0.5205602 0 0.5231087 0.1666666 0.5231087 0.1666666 0.5206446 0.3333333 0.5555556 0.3333333 0.5555556 0.3333333 0.5206446 0.3333333 0.5232337 0.5 0.5232337 0.5 0.5201905 0.6666667 0.5555556 0.6666667 0.5209173 0.8333333 0.5766126 0.8333333 0.5555556 0.6666667 0.5555556 0 0.5555556 0.1666666 0.5889592 0.1666666 0.5555556 0.1666666 0.5555556 0.3333333 0.590776 0.3333333 0.5555556 0.3333333 0.5555556 0.5 0.5898506 0.5 0.5898506 0.5 0.5555556 0.5 0.5555556 0.6666667 0.6756567 0.8333333 0.5766126 0.8333333 0.589858 1 0.589858 0 0.5889592 0.1666666 0.6858431 0.1666666 0.590776 0.3333333 0.7120934 0.3333333 0.6858431 0.1666666 0.5898506 0.5 0.7780457 0.5 0.7120934 0.3333333 0.5898506 0.5 0.5913161 0.6666667 0.7223469 0.6666667 0.5913161 0.6666667 0.5766126 0.8333333 0.6756567 0.8333333 0.7120934 0.3333333 0.8821472 0.3333333 0.8811886 0.1666666 0 0.8333333 0 1 0.1120416 1 0 0 0 0.1666666 0.1090103 0.1666666 0.1090103 0.1666666 0 0.1666666 0 0.3333333 0.110822 0.3333333 0 0.3333333 0 0.5 0.1153652 0.6666667 0.3035577 0.6666667 0.3035806 0.5 0.3246348 0.8333333 0.3010236 1 0.3773679 1 0.4010236 0.6666666 0.3035577 0.6666667 0.3246348 0.8333333 0.4687537 0.3333333 0.3815903 0.5 0.6701565 0.5 0.6432346 0.1666666 0.6517745 0.3333333 0.7135997 0.3333333 0.9255897 0 0.8680025 0 0.8734543 0.1666666 0.9255897 0 0.9255939 0.1666666 1 0.1666666 0.9255939 0.1666666 0.883539 0.3333333 1.000026 0.3333333 0 1 0.1126681 1 0.1136117 0.8333333 0 0 0 0.1666666 0.1102615 0.1666666 0 0.1666666 0 0.3333333 0.1115511 0.3333333 0.1115511 0.3333333 0 0.3333333 0 0.5 0.1136117 0.8333333 0.1126681 1 0.2902381 1 0.2501681 0.5 0.1184082 0.5 0.1218522 0.6666667 0.3811966 0.3333333 0.3042526 0.3333333 0.3241121 0.5 0.3241121 0.5 0.3120033 0.6666667 0.3693257 0.6666667 0.4442159 0.5 0.5931625 0.5 0.5913985 0.3333333 0.4442159 0.5 0.446013 0.6666667 0.5802867 0.6666667 0.5453142 1 0.6684579 1 0.6605148 0.8333334 0.5913985 0.3333333 0.5931625 0.5 0.6782937 0.5 0.6782937 0.5 0.5931625 0.5 0.5802867 0.6666667 0.6684579 1 0.741531 1 0.7441604 0.8333333 0.6684579 0 0.6429899 0.1666666 0.7430567 0.1666666 0.7441604 0.8333333 0.741531 1 0.7777778 1 0.7777778 0 0.741531 0 0.7430567 0.1666666 0.7777778 0.1666666 0.7430567 0.1666666 0.75 0.3333333 0.75 0.3333333 0.7445292 0.5 0.7777778 0.5 0.7445292 0.5 0.7410022 0.6666667 0.7777778 0.6666667 0.7441604 0.8333333 0.7777778 0.8333333 0.7777778 0.6666667 0.8129771 0.8333333 0.7777778 0.8333333 0.7777778 1 0.7777778 0 0.7777778 0.1666666 0.8136934 0.1666666 0.7777778 0.1666666 0.7777778 0.3333333 0.813616 0.3333333 0.7777778 0.3333333 0.7777778 0.5 0.8130006 0.5 0.7777778 0.5 0.7777778 0.6666667 0.8120111 0.6666667 0.8120111 0.6666667 0.7777778 0.6666667 0.7777778 0.8333333 0 0.8333334 0 1 0.1121147 1 0 0 0 0.1666666 0.1120318 0.1666666 0.1120318 0.1666666 0 0.1666666 0 0.3333333 0 0.8333334 0.1139964 0.8333333 0.1126379 0.6666667 0.2496353 0.6666666 0.2566944 0.8333333 0.3200833 0.8333333 0.3665598 0.5 0.3077004 0.5 0.3240125 0.6666667 0.3240125 0.6666667 0.3200833 0.8333333 0.3827 0.8333333 0.5746635 0.8333334 0.5610185 1 0.7441723 1 0.8814885 0.1666666 0.8760103 0.3333334 1.000001 0.3333333 1 0.8333333 0.8864971 0.8333333 0.8889744 1 0.1720323 0.6220757 1.99724e-5 0.7939754 0.3099814 0.9452739 0.3834432 0 0.310859 0 0.3119056 0.2402932 0.3836809 0.2556815 0.3119056 0.2402932 0.3333333 0.5835088 0.3333333 0.5835088 0.3099814 0.9452739 0.3851512 0.9687554 0.3836809 0.2556815 0.6662324 0.1666666 0.6513349 0 0.2579634 0 0.2221665 0.1666666 0.3697807 0.2087053 1 0 0.6644456 0 0.6955114 0.2461687 0.4886429 0 0.5376526 0.1666666 0.764308 0.1928164 0.6605602 0.8333334 0.8365052 0.8380771 0.794822 0.6005007 2.14096e-5 0.6666666 0.5006102 0.6666667 0.4440847 0.5 2.14096e-5 0.6666666 4.29668e-5 0.8333333 0.4997435 0.8333333 5.89509e-6 0.3333334 0.3308663 0.3333333 0.3311985 0.1666666 5.89509e-6 0.3333334 6.12452e-7 0.5 0.2815428 0.5 0.6188444 0 0.331404 0 0.3311985 0.1666666 0.6352686 0.1666666 0.3311985 0.1666666 0.3308663 0.3333333 0.6614348 0.3333333 0.3308663 0.3333333 0.3703026 0.5 -1.62611e-7 0.3333333 0 0.5 0.2823877 0.5 0 0.5 2.25944e-7 0.6666666 0.2728333 0.6666666 0.2872278 0.3333333 0.2823877 0.5 0.5706546 0.5 0.5706546 0.5 0.2823877 0.5 0.2728333 0.6666666 0.5194011 0.6666667 0.2728333 0.6666666 0.2555177 0.8333333 0.5983219 0 0.4834508 0.1666666 1.000067 0.1666666 0.4066973 0.8085273 0.3868644 1 0.5237457 1 0.4104032 0.419302 0.4066973 0.8085273 0.5234773 0.7309588 0.6728762 0.750797 0.5234773 0.7309588 0.5237457 1 0.625 0.4634038 0.523882 0.3824976 0.5234773 0.7309588 0.6875 0.3966935 0.75 0.2273828 0.75 0 0.8125 0 0.75 0 0.75 0.2273828 0.8268491 0.250839 0.75 0.2273828 0.75 0.5836183 0.8814312 0 0.8268491 0.250839 1 0.2656105 0.4855345 0.8333333 0.4656246 1 1.000001 1 1.000001 0.6666667 0.4725695 0.6666667 0.4855345 0.8333333 0.3965298 0.5 0.4045132 0.7580397 0.6531752 0.767844 0.6581652 0.1482253 1 0.2419307 1 0 1 0.4270498 1.72597e-7 0.3725399 -4.57205e-7 0.7727433 -4.57205e-7 0.7727433 -4.46157e-7 1 0.9999997 1 1.72597e-7 0.3725399 1 0.4270498 0.9999999 0.08325016 0 0.4607931 0 0.7499851 1 0.7499241 -3.68917e-5 0 -1.42023e-5 0.1666666 0.07860499 0.1666666 -1.42023e-5 0.1666666 -8.70664e-6 0.3333333 0.07575035 0.3333333 0.07860499 0.1666666 0.07575035 0.3333333 0.1309795 0.3333333 0.07575035 0.3333333 0.07644271 0.5 0.1321599 0.5 0.07644271 0.5 0.07716947 0.6666668 0.1300068 0.6666667 0.1300068 0.6666667 0.07716947 0.6666668 0.07802188 0.8333333 0.1121069 0 0.1318219 0.1666666 0.2268562 0.1666666 0.1318219 0.1666666 0.1309795 0.3333333 0.2261624 0.3333333 0.2268562 0.1666666 0.2261624 0.3333333 0.3736974 0.3333334 0.5431182 0 0.2710143 0 0.3813144 0.1666666 0.3813144 0.1666666 0.3736974 0.3333334 0.5495607 0.3333333 0.7743362 0.3333334 0.5495607 0.3333333 0.5537176 0.5 0.1112067 0 0.1072343 0.1666666 0.1886789 0.2647413 0.1139789 0.4121548 0.1079803 0.6666667 0.1852704 0.7754996 0.2222222 0.7720757 0.1852704 0.7754996 0.1889902 1 0.2222222 0.7720757 0.2554585 0.736143 0.2547242 0.4302068 0.4354988 0.3870062 0.3317221 0.5586028 0.4391276 0.7702559 0.5729423 0 0.5218125 0 0.5218216 0.2647396 0.5218216 0.2647396 0.5166898 0.5638453 0.5758599 0.5249608 0.5207362 0.934181 0.5729423 0.9615791 0.5758599 0.5249608 0.5762974 0.2574079 0.6642512 0.224053 0.6618728 0 0.5762974 0.2574079 0.5758599 0.5249608 0.6548985 0.6341314 0.8720775 0.7564063 0.7730877 0.7707492 0.7848112 1 0.9234298 0 0.9232427 0.2310696 1.000007 0.2691383 0.07664155 1 0.131818 1 0.1284373 0.7924422 0.07676666 0.07589364 0.07605278 0.4209516 0.1243375 0.3889076 0.1243375 0.3889076 0.07605278 0.4209516 0.07637506 0.7465952 0.2257637 0.7870997 0.1284373 0.7924422 0.131818 1 0.1324864 0.07403385 0.1243375 0.3889076 0.2093011 0.4069609 0.342862 0.5 0.2093011 0.4069609 0.2257637 0.7870997 0.3412838 0.3333334 0.342862 0.5 0.5558319 0.5 0.7675625 0.2798888 0.562391 0.3333333 0.5558319 0.5 1.000009 0.5625892 0.923203 0.6009154 0.9230232 0.9178375 0.444131 0.8333333 0.3065547 0.8333333 0.3195856 1 0.3296004 0.5 0.4456498 0.5 0.411288 0.3333334 0.3296004 0.5 0.3407889 0.6666667 0.427559 0.6666668 0.3407889 0.6666667 0.3065547 0.8333333 0.444131 0.8333333 0.4107892 0.1666666 0.411288 0.3333334 0.4629324 0.3333333 0.4450815 1 0.6108476 1 0.5523655 0.8333333 0.6320945 0.1666666 0.466875 0.1666666 0.5433194 0.3333333 0.5523655 0.8333333 0.6586418 0.8333334 0.6308003 0.6666667 0.685313 0 0.6108476 0 0.6320945 0.1666666 0.6308003 0.6666667 0.6864145 0.6666668 0.6869651 0.5 0.6870266 0.1666666 0.6640312 0.3333334 0.7710985 0.3333333 0.6869651 0.5 0.7640155 0.6219943 0.7710985 0.3333333 0.7663633 1 0.853666 1 0.8530088 0.7548483 0.7684103 0.1101398 0.7710985 0.3333333 0.8524275 0.4180701 1 0 0.9125255 0 0.9169206 0.2617728 0.1122155 0.1666666 -1.84637e-5 0.1666666 -4.13318e-5 0.3333334 -4.13318e-5 0.3333334 -3.7014e-5 0.5 0.07562673 0.5 0.07562673 0.5 -3.7014e-5 0.5 -1.35609e-5 0.6666667 -1.35609e-5 0.6666667 -1.51592e-5 0.8333333 0.09168195 0.8333333 0.145923 0.6666666 0.09088528 0.6666666 0.09168195 0.8333333 0.1122155 0.1666666 0.1130512 0.3333333 0.2143715 0.3333334 0.1307085 0.5 0.27403 0.5 0.2143715 0.3333334 0.1523007 0.8333333 0.1324462 1 0.3352676 1 0.2161086 0.1666666 0.2143715 0.3333334 0.3390814 0.3333334 0.3352676 1 0.4437359 1 0.4110559 0.8333333 0.3352676 0 0.3378519 0.1666666 0.4444093 0.1666666 0.4444093 0.1666666 0.3378519 0.1666666 0.3390814 0.3333334 0.3390814 0.3333334 0.27403 0.5 0.4240226 0.5 0.4240226 0.5 0.27403 0.5 0.3071989 0.6666667 0.3071989 0.6666667 0.3270674 0.8333333 0.4110559 0.8333333 0.4240226 0.5 0.4239872 0.6666666 0.4770658 0.6666667 0.4665316 0.8333333 0.4437359 1 0.5664223 1 0.5664223 0 0.4437359 0 0.4444093 0.1666666 0.4444093 0.1666666 0.4441231 0.3333333 0.5511199 0.3333333 0.481521 0.5 0.5688529 0.5 0.5511199 0.3333333 0.481521 0.5 0.4770658 0.6666667 0.5522376 0.6666666 0.4770658 0.6666667 0.4665316 0.8333333 0.5631034 0.8333333 0.5664223 1 0.67328 1 0.670531 0.8333333 0.5688529 0.5 0.5522376 0.6666666 0.6749756 0.6666667 0.6749756 0.6666667 0.5522376 0.6666666 0.5631034 0.8333333 0.7783915 0.8333333 0.670531 0.8333333 0.67328 1 0.7773606 0.5 0.6726036 0.5 0.6749756 0.6666667 0.7780699 0.6666667 0.6749756 0.6666667 0.670531 0.8333333 0.7783915 0.8333333 0.7787434 1 0.890074 1 0.890074 0 0.7787434 0 0.7965623 0.1666666 0.7780699 0.6666667 0.7783915 0.8333333 0.8966429 0.8333333 0.894268 0.5474293 1.000002 0.6078399 1 0.234062 0.07728999 0.07588523 -2.56055e-5 0.06818568 -7.20679e-6 0.3912544 0.1326739 0.8308169 1.72344e-4 0.6671405 0.07700979 1 0.07652562 0.465725 1.72344e-4 0.6671405 0.1326739 0.8308169 0.3308158 0.8333333 0.1326739 0.8308169 0.1328954 1 0.3308883 0.09241741 0.2634025 0.3333334 0.5391355 0.4322857 0.3325622 0.5834904 0.3308158 0.8333333 0.550411 0.8977045 0.8025504 0 0.548439 0 0.55219 0.1666666 -2.28316e-5 0.3795201 -6.85298e-6 0.7256848 0.07638859 0.7672131 0.144568 0 0.09851342 0 0.09069615 0.2004565 0.1012834 0.5537645 0.1507123 0.6116097 0.1516441 0.3181723 0.1012834 0.5537645 0.09851342 0.9481546 0.1437487 0.9097846 0.2284639 0.3417379 0.1507123 0.6116097 0.3410353 0.7295494 0.6860876 0.7561126 0.6330122 0.7460035 0.6333461 1 0.6342514 0.09072047 0.6231161 0.432711 0.6815502 0.3876379 0.6330122 0.7460035 0.6860876 0.7561126 0.6815502 0.3876379 0.6860876 0.7561126 0.687182 1 0.785167 1 0.7826667 0.3333333 0.9999961 0.4180215 0.9999979 0.1666666 0.7855243 0.5816281 0.784892 0.8333333 0.9999969 0.9179833 0.133592 0.5 0.1312129 0.6666668 0.3410773 0.6666667 0.1699647 0.8333334 0.1792302 1 0.425576 1 0.3430562 0.1666666 0.3242255 0.3333333 0.6133473 0.3333334 0.5663266 0.5 0.3438529 0.5 0.3410773 0.6666667 0.7898164 0.8333333 0.6631308 0.8333333 0.6875537 1 0.6927834 0.4515126 0.6880264 0.6666667 0.7820542 0.6666667 0.6880264 0.6666667 0.6631308 0.8333333 0.7898164 0.8333333 0.7834159 0 0.7833521 0.1666666 0.9063346 0.1666666 0.7833521 0.1666666 0.7765823 0.3333333 0.9038549 0.4180644 0.9038549 0.4180644 0.7764937 0.5 0.7820542 0.6666667 0.9039515 0.6666666 0.7820542 0.6666667 0.7898164 0.8333333 0.6681979 0.8333334 0.4897567 0.8333333 0.5254279 1 0.5254279 0 0.4681474 0.1666666 0.6670507 0.1666666 0.5410682 0.5 0.5489374 0.6666667 0.6672796 0.6666668 0.5489374 0.6666667 0.4897567 0.8333333 0.6681979 0.8333334 0.6681979 0.8333334 0.665672 1 0.7906833 1 0.665672 0 0.6670507 0.1666666 0.8073515 0.1666666 0.7771345 0.5 0.6672499 0.5 0.6672796 0.6666668 0.6672796 0.6666668 0.6681979 0.8333334 0.7911207 0.8333333 -7.0246e-7 0.5 0.294913 0.5 0.2898679 0.3333333 -7.0246e-7 0.5 1.03785e-6 0.6666667 0.2862734 0.6666667 3.58066e-5 0.8333333 7.65224e-5 1 0.3303974 1 0.3533753 0.3333333 0.2898679 0.3333333 0.294913 0.5 0.294913 0.5 0.2862734 0.6666667 0.3531289 0.6666667 0.3305493 0.1666666 0.3533753 0.3333333 0.4504617 0.3333333 0.3547257 0.5 0.474042 0.5 0.4504617 0.3333333 0.3547257 0.5 0.3531289 0.6666667 0.4653328 0.6666666 0.3336571 0.8333334 0.3303974 1 0.5206581 1 0.6462549 0.1666666 0.6429635 0.3333334 0.6995072 0.3333333 0.6662476 0.8333333 0.6630865 1 0.7782297 1 0.6995072 0.3333333 0.6672855 0.5 0.7967613 0.5 0.7967613 0.5 0.6672855 0.5 0.6650919 0.6666667 0.6650919 0.6666667 0.6662476 0.8333333 0.8007854 0.8333334 9.4178e-6 0.8333333 1.07014e-5 1 0.1495701 1 5.02108e-6 0.5 8.90931e-7 0.6666667 0.1459619 0.6666667 0.1459619 0.6666667 8.90931e-7 0.6666667 9.4178e-6 0.8333333 0.1112765 0.1666666 5.78045e-5 0.3333333 0.3164592 0.3333333 0.353926 0.6666667 0.2959293 0.6666667 0.3007203 0.8333333 0.312653 0.1666666 0.3164592 0.3333333 0.3668093 0.3333333 0.4359585 0.8333333 0.3542287 0.8333334 0.330056 1 0.353926 0.6666667 0.3542287 0.8333334 0.4359585 0.8333333 0.4359585 0.8333333 0.5691191 0.8333334 0.5658465 0.6666667 0.5691191 0.8333334 0.5157063 1 0.7416734 1 0.5680231 0.3333333 0.5288013 0.5 0.7696323 0.5 0.5658465 0.6666667 0.7408035 0.6666667 0.7696323 0.5 0.5658465 0.6666667 0.5691191 0.8333334 0.7334835 0.8333334 0.7439464 0.1666666 0.7956724 0.1666666 0.7969349 0 0.7439464 0.1666666 0.7385231 0.3333333 0.7969053 0.3333333 0.7408035 0.6666667 0.7334835 0.8333334 0.7930172 0.8976501 0.8907836 0 0.7969349 0 0.7956724 0.1666666 0.7956724 0.1666666 0.7969053 0.3333333 0.8905946 0.3333333 1.28592e-5 0.8333334 2.28537e-5 1 0.2824928 1 0.2004358 0.6666667 -5.33599e-7 0.6666666 1.28592e-5 0.8333334 0.1363314 0.1666666 0.1333624 0.3333334 0.3269873 0.3333333 0.3151075 0.8333333 0.2824928 1 0.4376221 1 0.4376221 0 0.2824928 0 0.3363502 0.1666666 0.3407505 0.6666667 0.4442448 0.6666667 0.4446711 0.5 0.3407505 0.6666667 0.3151075 0.8333333 0.4452998 0.8333333 0.4127795 0.1666666 0.4087358 0.3333334 0.4572771 0.3333334 0.4446711 0.5 0.4442448 0.6666667 0.5523023 0.6666667 0.4452998 0.8333333 0.5640977 0.8333333 0.5523023 0.6666667 0.6855033 0.1666666 0.5466461 0.1666666 0.5487182 0.3333333 0.1343538 0.5 0.1293682 0.6666667 0.3411498 0.6666666 0.3411498 0.6666666 0.6303045 0.6666667 0.620404 0.5 0.6886423 0.5 0.620404 0.5 0.6303045 0.6666667 0.7031861 0.8333333 0.6885982 1 0.8859461 1 0.7045611 0.1666666 0.8814968 0.1666666 0.8859461 0 0.7642702 0.6666667 0.7031861 0.8333333 0.8816727 0.8333333 0.8859461 0 0.8814968 0.1666666 1.000101 0.2740212 0.3320925 0.08225983 0.3262579 0.3333333 0.5511519 0.4145413 0.3277484 0.7393466 0.551067 0.6666666 0.5511519 0.4145413 0.7697767 0.1666666 0.5516715 0.1666666 0.5511519 0.4145413 0.5511519 0.4145413 0.551067 0.6666666 0.7734403 0.769149 0.7751515 0.4201493 1 0.4166653 1 0.06060475 0.2562809 0.4197538 0.3322379 0.3333333 0.329936 0.02861219 0.9034303 0.7676886 0.7779681 0.7386536 0.7777298 1 0.2171832 1 0.3273619 1 0.3273742 0.6824524 0.4079012 1 0.4679346 0.9029702 0.4552316 0.6947498 0.4079012 0 0.4068297 0.2453172 0.4640277 0.24313 0.77357 0.6666668 0.7613995 0.9018329 0.8660095 0.8333333 0.8760141 0.6090818 0.8660095 0.8333333 0.9228603 0.9234485 1.000009 0.2276924 0.9120978 0.2538803 0.9238068 0.5793701 0.1301901 1 0.2951864 0.8615128 0.2053242 0.6815763 0.1414494 0.3836209 0.130224 0.7570682 0.2053242 0.6815763 0.2821786 0 0.2800009 0.1666666 0.3601692 0.2299139 0.5173519 0.1666666 0.5079713 0.3899257 0.5765035 0.3781029 0.5204007 0.7567964 0.5746212 0.7563274 0.5765035 0.3781029 0.7409353 0.2425391 0.5765035 0.3781029 0.6629986 0.5736533 0.6629986 0.5736533 0.6542249 0.8333333 0.7434952 0.9080658 0.7430033 0.6015528 0.7434952 0.9080658 0.7777778 0.9170498 0.7948464 0.4291189 0.7978218 0.6666668 0.8877202 0.7577449 0.5909205 1 0.6956805 1 0.6507301 0.7782462 0.7371066 0.2523258 0.8626168 0.2414888 0.8645625 0 0.1130875 0.1666666 -1.53673e-5 0.1666666 -3.05897e-5 0.3333333 0.1109352 0.3333333 -3.05897e-5 0.3333333 -3.81868e-5 0.5 -3.81868e-5 0.5 -1.48895e-5 0.6666667 0.09074246 0.6666666 -1.48895e-5 0.6666667 -7.40497e-6 0.8333333 0.07697826 0.8333333 0.1338884 0.8333334 0.1086745 1 0.2338886 1 0.2338886 0 0.1086745 0 0.1130875 0.1666666 0.1437383 0.6666667 0.219025 0.6666666 0.2418202 0.5 0.219025 0.6666666 0.1437383 0.6666667 0.1338884 0.8333334 0.4415113 0.8333334 0.4253261 1 0.553987 1 0.4471074 0.1666666 0.5558202 0.1666666 0.553987 0 0.5558202 0.1666666 0.4471074 0.1666666 0.4527769 0.3333333 0.4527769 0.3333333 0.4314433 0.5 0.5474858 0.5 0.5474858 0.5 0.4314433 0.5 0.44433 0.6666667 0.44433 0.6666667 0.4415113 0.8333334 0.5363509 0.8333334 0.5860583 0.6666668 0.536388 0.6666667 0.5363509 0.8333334 0.5467804 0.3333333 0.5474858 0.5 0.6488839 0.5 0.6563178 0.6666667 0.5860583 0.6666668 0.5934739 0.8333334 0.7065981 0.5 0.6488839 0.5 0.6563178 0.6666667 0.6745548 0.8333333 0.687057 1 0.7652811 1 0.7149171 0.1330437 0.6678264 0.3333333 0.7723395 0.3333333 0.8506968 0.5 0.7065981 0.5 0.7211089 0.6666667 0.3316503 0.6835793 0.3316843 1 0.5387699 1 0.3127449 0.3333334 0.5831307 0.3333333 0.5396436 0.07337212 0.7372273 0.531286 0.5609177 0.5 0.5471735 0.6666668 0.8711501 0.5 0.7858209 0.6666666 0.9999615 0.7727706 0.0766555 0.4033443 0.07650911 0.6666667 0.1269569 0.7889132 0.1387905 0.5966523 0.2826693 0.5 0.2391089 0.2652091 0.4568027 0 0.4374703 0.1391453 0.5398649 0.2268334 0.4790938 0.4365302 0.4499326 0.7147467 0.5427986 0.7622665 0.5923281 0.7366694 0.5592359 1 0.7974176 1 0.7974176 0 0.5592359 0 0.5926899 0.2530724 0.5926899 0.2530724 0.5671222 0.5 0.7787644 0.5762415 0.07542103 0.3333333 0.1308544 0.4199286 0.1311509 0.07208585 0.2183529 0.1363131 0.1311509 0.07208585 0.1308544 0.4199286 0.2288343 0.8334124 0.2564736 0.7478787 0.2575008 0.5 0.2420579 0 0.2430936 0.2549749 0.3256937 0.2444264 0.3787139 0.5882883 0.3498571 0.9489058 0.5200081 0.8635935 0.5232029 0 0.5225632 0.2542004 0.5748224 0.2561792 0.5225632 0.2542004 0.5141826 0.5 0.5746017 0.5 0.5746017 0.5 0.5853602 0.7918566 0.653077 0.7526127 0.8235291 0.1436159 0.6729574 0.1168097 0.6751508 0.3907393 0.1358438 0.3492967 0.1293127 0.5602502 0.383941 0.5 0.681831 0.2771871 0.6321924 0.2611176 0.6315913 0.5 0.6315913 0.5 0.6322523 0.7340932 0.6822639 0.7324696 0.6822639 0.7324696 0.6645071 1 0.7794628 1 0.3010863 0.1666666 0.2660769 0.4132487 0.4466194 0.4467229 0.5351646 0.4128332 0.4466194 0.4467229 0.4669564 0.5730749 0.6493152 0.4551303 0.7415234 0.3333333 0.740824 0.08514767 0.7995222 0.2579348 0.8082393 0.5526351 0.8803001 0.7428436 0.07540208 0.3333333 -2.27779e-5 0.3333333 -1.41785e-5 0.5 0.1327865 0.3333334 0.07540208 0.3333333 0.07869279 0.5 0.07869279 0.5 5.44046e-4 0.6666667 0.1316341 0.6666667 0.3536748 0.1666666 0.2903037 0.1666666 0.2989785 0.3333334 0.2989785 0.3333334 0.2424222 0.5 0.3532674 0.5 0.3331634 0.8333333 0.341253 1 0.4637942 1 0.3536748 0.1666666 0.4688134 0.1666666 0.4637942 0 0.3536748 0.1666666 0.3541631 0.3333333 0.4487445 0.3333333 0.4735067 0.6666666 0.3311905 0.6666667 0.3331634 0.8333333 0.7697144 0.6666668 0.4735067 0.6666666 0.4953261 0.8333333 0.7785398 0 0.7765681 0.1666666 0.891166 0.1666666 0.8937827 0 0.891166 0.1666666 1 0.2674685 6.51705e-5 0.2499772 4.52061e-6 0.6109011 0.1748329 0.5 0.3194899 0.6666667 0.2960885 0.8580543 0.5518738 0.911226 0.7662799 0.1054807 0.746276 0.4893136 0.8686153 0.4106284 0.8686153 0.4106284 0.746276 0.4893136 0.7722655 0.6998185 0.5560874 0.1666666 0.7031514 0.1848782 0.680042 0 0.7031514 0.1848782 0.7907827 0.3048555 0.865099 0 0.1238819 0.4686434 0.3066084 0.4086043 0.2923848 0.06230294 0.5217583 0 0.4355525 0 0.4373171 0.1666666 0.5155102 0.5720693 0.4235569 0.6337369 0.4373173 0.9016663 0.5681579 0 0.5217583 0 0.522858 0.2375569 0.522858 0.2375569 0.5155102 0.5720693 0.574395 0.5782126 0.5155102 0.5720693 0.5226526 0.9341099 0.5704274 0.9398217 0.7277289 0.255194 0.86601 0.2530653 0.8668882 0 0.8995409 0.6320635 0.8557197 0.8849044 0.9231733 1 0.9231733 0 0.8668882 0 0.86601 0.2530653 1.000008 0.7263097 0.9233807 0.7538916 0.9231733 1 0.5357296 0.5 0.540973 0.6666666 0.7534795 0.7304784 0.3381748 0.2271795 0.5591821 0.2922901 0.5544749 0 0.3381748 0.2271795 0.3373252 0.5 0.553855 0.5812422 0.3304526 0.6666668 0.332974 0.8628145 0.5377958 0.8632606 0.7728804 0 0.5544749 0 0.5591821 0.2922901 0.7765205 0.2800596 0.8692559 0.1666666 0.8685334 0 0.9226364 0 0.8685334 0 0.8692559 0.1666666 0.8676462 0.9241839 0.9235417 0.9136353 0.9237918 0.5877078 0.9237918 0.5877078 0.9235417 0.9136353 1.000007 0.9410005 0.5523706 0.1666666 0.3176418 0.0555579 0.3280297 0.5539378 0.5348856 0.6026688 0.5385722 0.9216743 0.76309 0.9288139 0.7977936 0.1666666 0.5523706 0.1666666 0.5701768 0.3333333 2.34502e-6 0.724023 0 1 0.2574594 1 0.5526985 0.6666666 0.5575745 0.8571904 0.6324099 0.9302566 1.57279e-5 0.1666666 6.12352e-6 0.3333333 0.240422 0.3333333 0.4649266 0 0.2085169 0 0.2527946 0.1666666 0.4863368 0.1666666 0.5884569 0.1666666 0.6027251 0 0.4863368 0.1666666 0.4633221 0.3333333 0.5861636 0.3333333 0.5861636 0.3333333 0.4633221 0.3333333 0.4682149 0.5 0.5884569 0.1666666 0.5861636 0.3333333 0.6464852 0.3333333 0.6464852 0.3333333 0.5861636 0.3333333 0.5880705 0.5 0.5880705 0.5 0.5826587 0.6666667 0.6470564 0.6666666 0.6470564 0.6666666 0.5826587 0.6666667 0.5862753 0.8333333 0.7410358 0.1666666 0.6476857 0.1666666 0.6464852 0.3333333 0.6464852 0.3333333 0.6472398 0.5 0.7406613 0.5264219 0.6481531 0.8333333 0.7532528 0.9477613 0.7406613 0.5264219 0.8359892 0.5857619 0.7406613 0.5264219 0.7532528 0.9477613 0.7494871 0.3333333 0.8514863 0.3333333 0.837101 0.06670224 -6.37937e-6 0.5 2.9671e-5 0.6666667 0.6829333 0.6666667 2.9671e-5 0.6666667 8.96515e-5 0.8333333 0.6740681 0.8333333 0.6829333 0.6666667 0.6740681 0.8333333 1 0.9365772 1.000005 0 0 0 -2.69914e-7 0.278394 0.3325482 0.6904003 0.2999615 1 0.4422133 1 0.3325482 0.6904003 0.4414607 0.7503786 0.4293142 0.3557182 0.4418824 0.07922953 0.4293142 0.3557182 0.5279524 0.548376 0.5296916 0 0.525425 0.1666666 0.5714286 0.2511462 0.5265341 0.8800379 0.5841373 0.9317622 0.5714286 0.5816873 0.7555885 0.06668722 0.7142857 0.08139121 0.7142857 0.3945541 0.7142857 0.3945541 0.7142857 0.7507314 0.7568522 0.6666668 0.8734562 0.744602 0.8594514 1 1 1 0.2412177 0.806509 0.3155961 0.5562642 0.2831492 0.3764861 0.3155961 0.5562642 0.2412177 0.806509 0.4293182 0.9002617 0.4268011 0 0.4336862 0.3281637 0.5 0.250052 0.5411598 0.6398627 0.4240707 0.6666668 0.4293182 0.9002617 0.5430676 0 0.5654302 0.3314539 0.6867144 0.2683051 0.5416469 0.9072471 0.7210842 0.9397844 0.7002018 0.5835483 0.7002018 0.5835483 0.8032552 0.4420087 0.7675891 0.2431744 0.7484965 0.7747377 1.000002 0.7757024 1 0.3934763 0.5 0.7490828 0.3494083 0.7322973 0.3718829 0.9983617 0.3718332 0.0800237 0.3377959 0.3615377 0.5 0.4184026 0.3494083 0.7322973 0.5 0.7490828 0.5 0.4184026 0.5 0.7490828 0.5 1 0.6279718 1 0.5 0.4184026 0.6609764 0.3623178 0.6279718 0.08036631 0.5 0.4184026 0.5 0.7490828 0.6525139 0.7468873 0.6525139 0.7468873 0.6279718 1 1 1 0.9999998 0.3333333 0 0.2499991 0 0.5 1 0.1666666 -2.1593e-7 0.0833342 0 0.4122168 1 0.4240922 0 0.4122168 0 0.7500001 0.2076968 0.2339667 0.2734912 0.1983708 0.2723936 0 0.2076968 0.2339667 0.2059245 0.6039355 0.2733918 0.64206 0.2733918 0.64206 0.2059245 0.6039355 0.212401 0.9091585 0.1622459 0 0.1283214 0.2457436 0.2785511 0.2417438 0.2794172 0 0.2785511 0.2417438 0.3623967 0.2511156 0.2785511 0.2417438 0.2796075 0.6126738 0.3565211 0.5498275 0.3565211 0.5498275 0.2796075 0.6126738 0.281866 0.9002633 0.3843635 0.7443128 0.3593624 0.9603841 0.480699 1 0.3843635 0.7443128 0.5365799 0.5868337 0.4883452 0.3875162 0.5365799 0.5868337 0.480699 1 0.6511362 1 0.535832 0 0.4246911 0 0.4274902 0.3476965 0.7554323 0.3333333 0.5418462 0.2544161 0.5720499 0.5 0.5017223 0.5704848 1 0.6116669 1 0.2272596 0.5394495 0.3333333 1.31636e-5 0.3333333 -9.55035e-6 0.5 0.5495498 0.5 -9.55035e-6 0.5 -7.13277e-6 0.6666668 0.5388993 0 0.5052674 0.1666666 0.6355332 0.1666666 0.5495498 0.5 0.6603762 0.5848514 0.6719014 0.3477516 0.7943777 0 0.6375719 0 0.6355332 0.1666666 0.8102121 0.2539948 1 0.2497421 1 0 0.3478831 0.1666666 0.3437251 0.4333979 0.5940019 0.4286186 0.4226216 0.7089405 0.3677434 0.8914108 0.6548964 1 0.6548841 0.7641587 0.6548964 1 1 1 0.2507631 0.5 -1.96123e-6 0.5 1.31245e-5 0.6666666 5.3564e-5 0.8333333 0.3097751 0.8333334 0.2527545 0.6666668 0.2437603 0.1666666 0.3754711 0.1666666 0.3697932 0 0.2437603 0.1666666 0.2143976 0.3333333 0.3764464 0.3333333 0.2507631 0.5 0.3744536 0.5 0.3764464 0.3333333 0.3744536 0.5 0.2507631 0.5 0.2527545 0.6666668 0.3754711 0.1666666 0.3764464 0.3333333 0.5264994 0.3333333 0.3764464 0.3333333 0.3744536 0.5 0.5198971 0.5 0.3752464 0.6666667 0.5492624 0.6666667 0.5198971 0.5 0.3752464 0.6666667 0.3951261 0.8333333 0.50875 0.8333333 0.5264994 0.3333333 0.5198971 0.5 0.7512971 0.5 0.6713802 0.8333334 0.6447893 1 0.8106648 1 0.6447893 0 0.5647655 0.1666666 0.8352698 0.1666666 1.36517e-6 0.5 0.3619661 0.5 0.2542929 0.3333333 0.5282263 1 1.00014 0.9362299 0.8084474 0.8333334 0.5282263 0 0.4780876 0.1666666 0.8175272 0.4141604 4.28506e-6 0.8333333 1.50424e-5 1 0.3296152 1 0.3371257 0.8333333 0.3296152 1 0.4290878 1 0.4270353 0.6666667 0.2898231 0.6666667 0.3371257 0.8333333 0.5919714 0.1666666 0.3893913 0.1666666 0.4227328 0.3333333 0.4227328 0.3333333 0.3885099 0.5 0.5739728 0.5 0.6073864 0.8333333 0.4318167 0.8333333 0.4290878 1 0.4270353 0.6666667 0.4318167 0.8333333 0.6073864 0.8333333 0.6073864 0.8333333 0.6098302 1 0.8056474 1 0.658545 0.4147135 0.6119002 0.6666667 0.807385 0.6666667 0.807385 0.6666667 0.6119002 0.6666667 0.6073864 0.8333333 1.000004 0.5587827 0.807385 0.6666667 0.8080131 0.8333333 0.6000192 0.1666666 1.43291e-4 0.1666666 0.2981204 0.3333333 0.6000192 0.1666666 0.7677436 0.2537214 0.7718298 0 0.6666667 0.5828543 0.7695928 0.5940333 0.7677436 0.2537214 1.000016 0.2264402 0.5047085 0.3333333 0.5133308 0.5 0.2244648 0.06006777 0.1498798 0.3333333 0.3720535 0.3437464 0.6115077 0.7456932 0.6181089 1 0.7268822 1 0.7268822 0 0.5267105 0.158958 0.6151782 0.2018234 0.760309 0.2588909 0.706236 0.3047352 0.7068533 0.5 0.8831747 0.4191819 0.7881643 0.4235358 0.7652654 0.6176465 0.3148525 0.5535429 0.1560094 0.5 0.1605288 0.6666667 0.4891702 0.4188234 0.3148525 0.5535429 0.3135764 0.7177866 0.5879433 0 0.4832553 0 0.4786401 0.1666666 0.6437312 0 0.5879433 0 0.5876169 0.3447963 0.6558859 0.6805611 0.5791133 0.8195459 0.7698805 1 0.7718766 0.4206075 0.7705251 0.7488412 1.000021 0.7725081 1 0.3333333 1.53368e-7 0.2455502 0 0.5833329 0.3383859 0.1666666 0.9999565 0.2345909 1.000093 0 0.3383859 0.1666666 0.3306098 0.3333334 0.9967396 0.4981299 0 0.05870664 0 0.3333333 0.1654385 0.3333333 0.2066029 0.6666667 0.1940762 0.8333333 0.4958927 0.8333334 0.732697 0 0.6888051 0.1666666 1.000001 0.2046651 2.03549e-4 1 0.6758905 1 0.6728194 0.8333333 1.000008 0.5593831 0.6553573 0.6666666 0.6728194 0.8333333 0.2708265 0.8333333 0.1853085 0.8333333 0.1530202 1 0.1502581 0.6666668 0.1853085 0.8333333 0.2708265 0.8333333 0.4886551 0.8333333 0.3667787 0.8333333 0.3378531 1 0.5333176 0 0.3378531 0 0.352826 0.1666666 0.5155876 0.1666666 0.352826 0.1666666 0.3649051 0.3333333 0.3649051 0.3333333 0.3443451 0.5 0.5232393 0.5 0.5333176 0 0.5155876 0.1666666 0.8031486 0.1711225 0.5245093 0.3333334 0.5232393 0.5 0.7868346 0.5 0.8031486 0.1711225 0.7868346 0.5 1.000002 0.5440716 0.1959367 1 0.3987302 1 0.3939018 0.8333333 0.1959367 0 0.1793544 0.1666666 0.398979 0.1666666 0.398979 0.1666666 0.1793544 0.1666666 0.1923375 0.3333333 0.1923375 0.3333333 0.222061 0.5 0.3686493 0.5 0.5612537 0.6666668 0.4003136 0.6666667 0.3939018 0.8333333 0.398979 0.1666666 0.6510638 0.1666666 0.6021966 0 0.398979 0.1666666 0.3986353 0.3333333 0.5706647 0.3333333 0.5706647 0.3333333 0.3986353 0.3333333 0.4587302 0.5 0.853581 0.7421961 0.8220538 1 1 1 0.2194187 0.8333333 0.005681395 0.8377701 0.4985959 1 0.4985959 0 0.3543021 0.1666666 0.740141 0.03361517 0.4438318 0.3333333 0.7045715 0.4159724 0.740141 0.03361517 0.7975416 0.662037 0.6104005 0.7092199 0.6729719 0.9053667 0.5550833 0.3333333 2.26785e-5 0.3333333 6.09421e-6 0.5320046 0.6049411 0.09585899 0.6069687 0.4602007 0.7709165 0.426546 0.7709165 0.426546 0.6730391 0.6666666 1 0.767681 1.000005 0.5576891 0.5083138 0.6666668 0.5166206 0.8333333 0.4055704 0.5 4.10518e-5 0.5 1.23886e-4 0.6666666 0.3873631 1 0.5880867 1 0.5427321 0.8333333 0.5397801 0.3333334 0.6329537 0.3333333 0.6352499 0.1666666 0.8043622 0.1666666 0.6352499 0.1666666 0.6329537 0.3333333 0.8009266 0.8333334 0.8013867 1 1 1 1 0.08629995 0.8043622 0.1666666 0.8062545 0.3994269 0.8062545 0.3994269 0.8013175 0.6666667 1 0.7500086 0.9985304 0.499491 0.5124119 0.5 0.5189046 0.6666666 4.76344e-5 0.3333334 -1.5568e-5 0.5 0.6747996 0.5 0.6747996 0.5 -1.5568e-5 0.5 -2.30316e-5 0.6666667 -2.30316e-5 0.6666667 2.66892e-5 0.8333333 0.6750548 0.8333334 0.6849977 0.6666667 0.6750548 0.8333334 1 0.9345817 0.1262921 0.2177734 0.1856097 0.257079 0.18857 0 0.2910937 0.2303435 0.1856097 0.257079 0.1690226 0.5518353 0.2895326 0.7078034 0.5165574 0.4672061 0.4283707 0.3338677 0.6133456 0.759361 0.5864741 0.9481757 0.7159729 1 0.718436 0.7892434 0.7159729 1 0.8733631 1 0.8735523 0.08597171 0.8585039 0.4084714 1 0.4443722 -8.49384e-7 0.444236 -2.58143e-6 0.7846159 0.1645376 0.7467114 0.3240952 0.8452714 0.3799308 0.7616051 0.3681616 0.2768715 0.478343 0 0.3374015 0 0.3681616 0.2768715 0.4775099 0.937687 0.5928921 0.8944045 0.603985 0.5906202 0.5858771 0 0.5996292 0.2712116 0.7291797 0.2642079 0.603985 0.5906202 0.5928921 0.8944045 0.7284651 0.9380526 0.7272786 0 0.7291797 0.2642079 0.8711099 0.2573127 0.2718068 0.2232101 0.663765 0.1666666 0.6781968 0 0.3380194 0 0.2418767 0 0.2584973 0.254406 0.255119 0.8708587 0.3371924 0.907454 0.3351912 0.5419415 0.3984881 0.08734524 0.3979282 0.3676925 0.5019396 0.4877145 0.5001538 0.6890378 0.6804885 0.5787259 0.6399354 0.422376 0.3711079 0.4080942 0.2531677 0.7520468 0.552723 0.7170037 0.382304 0.8924279 0.5373219 0.898401 0.552723 0.7170037 0.6327427 0.3198332 0.6309194 0.538657 0.8004712 0.583881 0.3293984 0.6666667 0.3394782 0.920216 0.433968 0.8799794 0.4615157 0 0.4593074 0.2594435 0.6097441 0.2229567 0.6097441 0.2229567 0.4593074 0.2594435 0.4376873 0.5321742 0.8460805 0.7641659 0.8246776 1 1 1 0 0.754448 0 1 1 1 0 0.08333408 0 0.4166647 1 0.4166654 0 0.4166647 0 0.754448 0.9999999 0.742574 0.5814304 0.8333333 0.6104179 1 0.7644613 1 0.7351763 0.1189519 0.6592428 0.3333333 0.8613872 0.2651659 0.8530631 0.5 0.8408528 0.7508518 0.9136406 0.736985 0.39779 0.8333333 0.1924668 0.7566465 0.1982263 1 0.3985717 0.08527815 0.1942451 0.07014429 0.1941925 0.4306846 0.5752418 0.8333333 0.39779 0.8333333 0.3989068 1 0.5731752 0.5859547 0.3969945 0.5781427 0.39779 0.8333333 0.7663544 0.8333333 0.5752418 0.8333333 0.5745658 1 0.5779768 0.08150279 0.4800258 0.3333333 0.7858735 0.3333333 0.5731752 0.5859547 0.7703942 0.5906545 0.7858735 0.3333333 0.5731752 0.5859547 0.5752418 0.8333333 0.7663544 0.8333333 0.7729354 1 0.8693396 1 0.8725295 0.7708619 0.7663544 0.8333333 0.8725295 0.7708619 0.8552747 0.5465307 3.28727e-5 0.5 0.325107 0.4951624 0.3198445 0.3284078 1.000006 0.7231404 0.5017415 0.8333334 0.5116048 1 3.39646e-5 0.8333333 0.3283563 0.8333333 0.2481999 0.6666667 0.3759638 0.5 0.2039083 0.5 0.2481999 0.6666667 0.3283563 0.8333333 0.3098174 1 0.3895218 1 0.3759638 0.5 0.5110039 0.5 0.4951761 0.3333333 0.7041358 0.1666666 0.4406965 0.1666666 0.4951761 0.3333333 0.7081199 0.3333333 0.7074796 0.5 0.772875 0.5 1 0.8333333 0.8777979 0.7532687 0.8848938 1 0 1 0.3421753 1 0.2399713 0.8333334 0.243227 0.6666667 0.2399713 0.8333334 0.4671475 0.8333334 0.788385 0.5 0.3551728 0.5 0.4652138 0.6666667 0.4671475 0.8333334 0.8179422 0.7161816 0.7916138 0.6666667 0.7916138 0.6666667 1 0.7487851 1 0.3975778 0.4947406 0.1666666 7.04804e-5 0.1666666 2.41593e-5 0.3548682 0.5026675 0.8333334 0.4709897 1 1.000018 1 0.3448957 1 0.6133367 1 0.5644794 0.7392188 0.3448957 0 0.3076601 0.1666666 0.6022258 0.261467 0.6022258 0.261467 0.7675431 0.2541111 0.7716534 0 0.6666667 0.5827369 0.7695209 0.5941587 0.7675431 0.2541111 0.3568539 0.2312542 0.2378699 0.4482891 0.4983043 0.5827727 0.3558037 0.876507 0.4983038 0.8333334 0.4983043 0.5827727 0.4983038 0.8333334 0.5005644 1 0.710121 1 0.5003585 0.3333333 0.7090565 0.4169691 0.7103258 0.08721679 0.5380599 0 0.2665087 0 0.4026597 0.2709257 0.2748233 0 0.311895 0.2535303 0.6651734 0.2345164 0.7900216 0.4358646 1.000003 0.4439249 1 0.05938714 0 0.08778285 2.76313e-7 0.5022007 0.9999999 0.40924 1 0.6666667 2.76313e-7 0.5022007 -2.47608e-7 0.8333334 0.2125719 0 0.1294201 0 0.1214557 0.1982477 0.5142738 0.2600594 0.4594315 0.3333333 0.4613725 0.6039287 0.4613725 0.6039287 0.4608684 0.945499 0.5210307 0.8585933 0.6033692 0.493628 0.5204784 0.5901287 0.5210307 0.8585933 0.750061 0.5 0.6369084 0.2869614 0.6981788 0.8574759 0.751518 0.7527186 0.6981788 0.8574759 0.9998711 1 0.7507536 0.2530158 0.750061 0.5 0.894643 0.597586 0.361697 0.2449944 0.2385703 0.3356735 0.2823888 0.6912347 0.361697 0.2449944 0.3559345 0.6079414 0.4898709 0.5872697 0.6667254 0.3333333 0.4904477 0.2556208 0.4898709 0.5872697 0.8461409 0.6719684 0.8422771 0.8686971 1.000007 0.9412596 0.199461 0.5866299 0.1987864 0.9107936 0.3311052 0.9125506 0.2519384 1 0.4196398 1 0.4228776 0.7031442 0.4196398 1 0.5365549 0.9511417 0.5239694 0.7170314 0.4215847 0.0630505 0.3747804 0.3623164 0.5277746 0.4285382 0.7701826 0.1519408 0.7064712 0.4233862 0.8276357 0.6642813 0.7484064 0.7725557 1.000007 0.7761135 1 0.3920776 1.000003 0.7229565 0.501574 0.8333333 0.5124889 1 0.6679918 1 0.7515404 0.8127221 0.7198589 0.6688193 0.4231607 0.3333333 0.37131 0.5514252 0.5424279 0.5725972 0.4129512 0.8333334 0.5421774 0.9213346 0.5424279 0.5725972 0.7513871 0.2395739 0.5398609 0.2597335 0.5424279 0.5725972 0.7533316 0.615028 0.5424279 0.5725972 0.5421774 0.9213346 0.5069556 0.09096521 0.5016781 0.3333333 1.000005 0.4436097 0.2084673 0.8087859 -5.1719e-5 0.9445138 0.4995541 1 0.2009972 0.2233756 0.4132151 0.2657219 0.4995541 0 3.32266e-5 0.6666667 0.2831151 0.6666667 0.2707944 0.5 0.1422306 0.8333333 0.1421279 1 0.36254 1 0.3680337 0.8333334 0.36254 1 0.605112 1 0.4358572 0.5 0.6186651 0.5 0.6209658 0.3333333 0.6209658 0.3333333 0.6186651 0.5 0.8232786 0.5 -2.7655e-5 0.8333334 0.1377211 0.8333334 0.1180881 0.6666667 0.1968399 0.5 8.42551e-4 0.5 0.1180881 0.6666667 0.1968399 0.5 0.3637934 0.5 0.3441634 0.3333333 0.1968399 0.5 0.1983325 0.6666667 0.3364836 0.6666667 0.3660981 0.8333333 0.3457665 1 0.6551136 1 0.227442 0.3333334 0.2290449 0.5 0.4863392 0.5 0.5016864 0 0.4029855 0.1666666 0.7770957 0.1666666 0.8445859 0.4301988 0.7889574 0.6666668 1.000002 0.8942808 1.000009 0.2247334 0.5061557 0.3333334 0.5098606 0.5506373 1 0.1666666 -1.44464e-7 0.0788843 0 0.4122173 0.2490546 0.07401525 0.2438833 0.4064801 0.4296609 0.4256369 0.7550595 0.07630354 0.4948574 0.02022242 0.538721 0.4210665 0.5016061 0.736901 1.000001 0.7783228 1 0.3938478 0.9999996 0.8333333 -1.45646e-7 0.7455498 0 1 -5.18771e-7 0 1.93219e-7 0.2500024 1 0.2500002 1.93219e-7 0.2500024 3.86427e-7 0.5833323 1 0.583336 3.86427e-7 0.5833323 -2.13104e-7 0.9211156 1 0.9092379</float_array>
          <technique_common>
            <accessor source="#tree-mesh-map-0-array" count="17406" stride="2">
              <param name="S" type="float"/>
              <param name="T" type="float"/>
            </accessor>
          </technique_common>
        </source>
        <vertices id="tree-mesh-vertices">
          <input semantic="POSITION" source="#tree-mesh-positions"/>
        </vertices>
        <triangles count="5802">
          <input semantic="VERTEX" source="#tree-mesh-vertices" offset="0"/>
          <input semantic="NORMAL" source="#tree-mesh-normals" offset="1"/>
          <input semantic="TEXCOORD" source="#tree-mesh-map-0" offset="2" set="0"/>
          <p>2 0 0 6 1 1 1 2 2 6 1 3 7 3 4 0 4 5 14 5 6 21 6 7 19 7 8 20 8 9 15 9 10 16 10 11 24 11 12 20 8 13 17 12 14 21 6 15 25 13 16 18 14 17 26 15 18 23 16 19 20 8 20 24 11 21 26 15 22 20 8 23 21 6 24 29 17 25 25 13 26 29 17 27 32 18 28 24 11 29 33 19 30 30 20 31 27 21 32 28 22 33 33 19 34 27 21 35 29 17 36 36 23 37 32 18 38 37 24 39 40 25 40 36 23 41 38 26 42 41 27 43 37 24 44 42 28 45 34 29 46 35 30 47 43 31 48 42 28 49 40 25 50 41 27 51 43 31 52 40 25 53 39 32 54 45 33 55 38 26 56 46 34 57 45 33 58 39 32 59 46 34 60 48 35 61 45 33 62 47 36 63 44 37 64 42 28 65 48 35 66 41 27 67 45 33 68 49 38 69 47 36 70 43 31 71 53 39 72 48 35 73 46 34 74 55 40 75 52 41 76 49 38 77 50 42 78 55 40 79 49 38 80 56 43 81 51 44 82 52 41 83 54 45 84 57 46 85 50 42 86 56 43 87 58 47 88 51 44 89 65 48 90 68 49 91 61 50 92 69 51 93 65 48 94 63 52 95 71 53 96 67 54 97 68 49 98 69 51 99 72 55 100 65 48 101 74 56 102 75 57 103 66 58 104 75 57 105 78 59 106 73 60 107 71 53 108 77 61 109 74 56 110 78 59 111 76 62 112 73 60 113 77 61 114 79 63 115 75 57 116 82 64 117 77 61 118 71 53 119 83 65 120 81 66 121 78 59 122 84 67 123 83 65 124 79 63 125 94 68 126 99 69 127 93 70 128 106 71 129 104 72 130 105 73 131 107 74 132 100 75 133 101 76 134 106 71 135 110 77 136 104 72 137 110 77 138 111 78 139 103 79 140 108 80 141 112 81 142 107 74 143 113 82 144 110 77 145 106 71 146 111 78 147 114 83 148 108 80 149 121 84 150 125 85 151 118 86 152 126 87 153 121 84 154 120 88 155 125 85 156 127 89 157 124 90 158 128 91 159 126 87 160 122 92 161 123 93 162 128 91 163 122 92 164 128 91 165 131 94 166 126 87 167 131 94 168 130 95 169 126 87 170 127 89 171 132 96 172 123 93 173 134 97 174 128 91 175 132 96 176 127 89 177 134 97 178 132 96 179 137 98 180 135 99 181 129 100 182 130 95 183 137 98 184 129 100 185 136 101 186 141 102 187 139 103 188 141 102 189 138 104 190 139 103 191 143 105 192 142 106 193 134 97 194 144 107 195 145 108 196 138 104 197 142 106 198 148 109 199 144 107 200 145 108 201 151 110 202 147 111 203 153 112 204 148 109 205 142 106 206 149 113 207 153 112 208 142 106 209 151 110 210 154 114 211 150 115 212 153 112 213 156 116 214 148 109 215 159 117 216 156 116 217 157 118 218 151 110 219 161 119 220 154 114 221 162 120 222 163 121 223 151 110 224 164 122 225 162 120 226 156 116 227 171 123 228 175 124 229 168 125 230 176 126 231 171 123 232 170 127 233 173 128 234 177 129 235 172 130 236 175 124 237 178 131 238 174 132 239 179 133 240 171 123 241 176 126 242 180 134 243 178 131 244 175 124 245 179 133 246 181 135 247 171 123 248 182 136 249 177 129 250 173 128 251 177 129 252 185 137 253 179 133 254 185 137 255 181 135 256 179 133 257 186 138 258 184 139 259 182 136 260 178 131 261 186 138 262 182 136 263 190 140 264 188 141 265 189 142 266 185 137 267 190 140 268 189 142 269 191 143 270 187 144 271 188 141 272 187 144 273 192 145 274 186 138 275 193 146 276 190 140 277 185 137 278 195 147 279 192 145 280 187 144 281 193 146 282 197 148 283 190 140 284 195 147 285 198 149 286 192 145 287 198 149 288 199 150 289 194 151 290 200 152 291 197 148 292 193 146 293 201 153 294 198 149 295 195 147 296 200 152 297 203 154 298 197 148 299 201 153 300 205 155 301 198 149 302 207 156 303 203 154 304 200 152 305 206 157 306 208 158 307 201 153 308 222 159 309 216 160 310 217 161 311 220 162 312 223 163 313 219 164 314 221 165 315 226 166 316 220 162 317 224 167 318 221 165 319 216 160 320 225 168 321 222 159 322 218 169 323 223 163 324 225 168 325 218 169 326 227 170 327 226 166 328 221 165 329 234 171 330 237 172 331 230 173 332 238 174 333 234 171 334 232 175 335 240 176 336 239 177 337 235 178 338 238 174 339 241 179 340 234 171 341 241 179 342 242 180 343 237 172 344 240 176 345 244 181 346 239 177 347 244 181 348 243 182 349 239 177 350 242 180 351 245 183 352 236 184 353 249 185 354 248 186 355 240 176 356 246 187 357 249 185 358 240 176 359 250 188 360 246 187 361 242 180 362 241 179 363 250 188 364 242 180 365 254 189 366 253 190 367 249 185 368 252 191 369 255 192 370 251 193 371 250 188 372 256 194 373 246 187 374 254 189 375 257 195 376 253 190 377 257 195 378 252 191 379 253 190 380 258 196 381 255 192 382 252 191 383 259 197 384 254 189 385 256 194 386 250 188 387 259 197 388 256 194 389 260 198 390 259 197 391 250 188 392 255 192 393 260 198 394 250 188 395 259 197 396 261 199 397 254 189 398 262 200 399 258 196 400 257 195 401 263 201 402 259 197 403 260 198 404 264 202 405 255 192 406 258 196 407 262 200 408 264 202 409 258 196 410 265 203 411 261 199 412 259 197 413 263 201 414 265 203 415 259 197 416 264 202 417 266 204 418 255 192 419 267 205 420 264 202 421 262 200 422 268 206 423 267 205 424 261 199 425 269 207 426 266 204 427 264 202 428 270 208 429 263 201 430 266 204 431 271 209 432 273 210 433 268 206 434 278 211 435 276 212 436 277 213 437 280 214 438 275 215 439 276 212 440 279 216 441 282 217 442 277 213 443 281 218 444 280 214 445 278 211 446 283 219 447 280 214 448 281 218 449 282 217 450 283 219 451 281 218 452 287 220 453 286 221 454 284 222 455 291 223 456 287 220 457 284 222 458 286 221 459 289 224 460 285 225 461 287 220 462 289 224 463 286 221 464 290 226 465 289 224 466 287 220 467 294 227 468 291 223 469 288 228 470 290 226 471 293 229 472 292 230 473 294 227 474 295 231 475 291 223 476 291 223 477 295 231 478 290 226 479 299 232 480 298 233 481 296 234 482 297 235 483 300 236 484 296 234 485 302 237 486 299 232 487 296 234 488 300 236 489 302 237 490 296 234 491 304 238 492 301 239 493 298 233 494 303 240 495 300 236 496 297 235 497 301 239 498 303 240 499 297 235 500 299 232 501 305 241 502 304 238 503 303 240 504 306 242 505 300 236 506 307 243 507 303 240 508 304 238 509 306 242 510 308 244 511 305 241 512 308 244 513 310 245 514 305 241 515 309 246 516 306 242 517 303 240 518 310 245 519 307 243 520 305 241 521 312 247 522 311 248 523 308 244 524 312 247 525 308 244 526 309 246 527 307 243 528 313 249 529 309 246 530 310 245 531 313 249 532 307 243 533 311 248 534 315 250 535 310 245 536 314 251 537 312 247 538 313 249 539 315 250 540 314 251 541 313 249 542 323 252 543 321 253 544 322 254 545 326 255 546 324 256 547 320 257 548 321 253 549 326 255 550 320 257 551 328 258 552 326 255 553 321 253 554 325 259 555 329 260 556 323 252 557 329 260 558 328 258 559 323 252 560 331 261 561 327 262 562 324 256 563 330 263 564 329 260 565 325 259 566 332 264 567 333 265 568 331 261 569 331 261 570 334 266 571 330 263 572 333 265 573 334 266 574 331 261 575 330 263 576 335 267 577 332 264 578 337 268 579 334 266 580 333 265 581 330 263 582 338 269 583 335 267 584 336 270 585 338 269 586 330 263 587 338 269 588 337 268 589 335 267 590 339 271 591 348 272 592 344 273 593 341 274 594 345 275 595 340 276 596 346 277 597 341 274 598 342 278 599 350 279 600 345 275 601 341 274 602 351 280 603 352 281 604 350 279 605 349 282 606 353 283 607 348 272 608 353 283 609 347 284 610 348 272 611 354 285 612 349 282 613 345 275 614 347 284 615 353 283 616 351 280 617 354 285 618 353 283 619 349 282 620 359 286 621 358 287 622 355 288 623 360 289 624 357 290 625 358 287 626 359 286 627 364 291 628 358 287 629 361 292 630 359 286 631 355 288 632 360 289 633 363 293 634 357 290 635 366 294 636 364 291 637 359 286 638 366 294 639 360 289 640 364 291 641 367 295 642 371 296 643 366 294 644 372 297 645 370 298 646 366 294 647 373 299 648 371 296 649 368 300 650 374 301 651 372 297 652 371 296 653 373 299 654 374 301 655 371 296 656 375 302 657 373 299 658 369 303 659 382 304 660 376 305 661 377 306 662 384 307 663 383 308 664 376 305 665 385 309 666 382 304 667 378 310 668 383 308 669 387 311 670 380 312 671 384 307 672 391 313 673 383 308 674 388 314 675 382 304 676 385 309 677 389 315 678 393 316 679 388 314 680 394 317 681 389 315 682 390 318 683 397 319 684 393 316 685 389 315 686 395 320 687 398 321 688 391 313 689 399 322 690 403 323 691 401 324 692 402 325 693 404 326 694 400 327 695 403 323 696 402 325 697 401 324 698 402 325 699 405 328 700 404 326 701 403 323 702 407 329 703 402 325 704 405 328 705 406 330 706 404 326 707 407 329 708 405 328 709 402 325 710 406 330 711 407 329 712 403 323 713 407 329 714 408 331 715 405 328 716 412 332 717 408 331 718 409 333 719 414 334 720 411 335 721 412 332 722 413 336 723 414 334 724 412 332 725 411 335 726 415 337 727 413 336 728 413 336 729 417 338 730 414 334 731 418 339 732 417 338 733 415 337 734 419 340 735 421 341 736 418 339 737 421 341 738 420 342 739 418 339 740 422 343 741 424 344 742 419 340 743 427 345 744 426 346 745 425 347 746 428 348 747 429 349 748 427 345 749 431 350 750 426 346 751 429 349 752 438 351 753 436 352 754 435 353 755 437 354 756 439 355 757 438 351 758 436 352 759 439 355 760 437 354 761 440 356 762 436 352 763 438 351 764 441 357 765 439 355 766 436 352 767 440 356 768 441 357 769 436 352 770 442 358 771 440 356 772 439 355 773 448 359 774 445 360 775 443 361 776 447 362 777 446 363 778 444 364 779 445 360 780 447 362 781 444 364 782 446 363 783 450 365 784 443 361 785 450 365 786 449 366 787 448 359 788 451 367 789 450 365 790 446 363 791 452 368 792 451 367 793 446 363 794 453 369 795 452 368 796 449 366 797 459 370 798 456 371 799 454 372 800 457 373 801 459 370 802 454 372 803 458 374 804 457 373 805 455 375 806 459 370 807 462 376 808 458 374 809 460 377 810 462 376 811 459 370 812 462 376 813 461 378 814 458 374 815 464 379 816 468 380 817 463 381 818 463 381 819 467 382 820 466 383 821 469 384 822 468 380 823 464 379 824 471 385 825 476 386 826 470 387 827 478 388 828 473 389 829 474 390 830 476 386 831 481 391 832 475 392 833 477 393 834 479 394 835 471 385 836 480 395 837 477 393 838 473 389 839 481 391 840 478 388 841 475 392 842 482 396 843 476 386 844 479 394 845 478 388 846 483 397 847 480 395 848 485 398 849 482 396 850 477 393 851 483 397 852 485 398 853 477 393 854 489 399 855 491 400 856 488 401 857 491 400 858 490 402 859 488 401 860 492 403 861 491 400 862 489 399 863 493 404 864 495 405 865 492 403 866 494 406 867 493 404 868 491 400 869 495 405 870 491 400 871 492 403 872 501 407 873 498 408 874 496 409 875 497 410 876 501 407 877 496 409 878 499 411 879 501 407 880 497 410 881 501 407 882 500 412 883 498 408 884 502 413 885 507 414 886 504 415 887 507 414 888 505 416 889 504 415 890 510 417 891 507 414 892 506 418 893 505 416 894 509 419 895 506 418 896 510 417 897 511 420 898 509 419 899 509 419 900 513 421 901 508 422 902 511 420 903 513 421 904 509 419 905 512 423 906 511 420 907 510 417 908 518 424 909 517 425 910 515 426 911 518 424 912 515 426 913 516 427 914 519 428 915 516 427 916 514 429 917 530 430 918 527 431 919 528 432 920 531 433 921 530 430 922 528 432 923 535 434 924 534 435 925 532 436 926 536 437 927 535 434 928 533 438 929 537 439 930 536 437 931 534 435 932 542 440 933 538 441 934 539 442 935 542 440 936 541 443 937 538 441 938 544 444 939 551 445 940 549 446 941 550 447 942 546 448 943 547 449 944 555 450 945 550 447 946 548 451 947 551 445 948 555 450 949 548 451 950 552 452 951 560 453 952 551 445 953 561 454 954 560 453 955 552 452 956 558 455 957 563 456 958 557 457 959 561 454 960 566 458 961 560 453 962 565 459 963 563 456 964 558 455 965 570 460 966 565 459 967 567 461 968 566 458 969 570 460 970 567 461 971 570 460 972 574 462 973 565 459 974 575 463 975 570 460 976 566 458 977 572 464 978 576 465 979 571 466 980 577 467 981 574 462 982 570 460 983 575 463 984 577 467 985 570 460 986 577 467 987 579 468 988 574 462 989 580 469 990 577 467 991 575 463 992 581 470 993 576 465 994 572 464 995 578 471 996 581 470 997 572 464 998 581 470 999 582 472 1000 576 465 1001 583 473 1002 581 470 1003 578 471 1004 583 473 1005 582 472 1006 581 470 1007 577 467 1008 583 473 1009 579 468 1010 582 472 1011 584 474 1012 580 469 1013 584 474 1014 583 473 1015 577 467 1016 580 469 1017 584 474 1018 577 467 1019 588 475 1020 587 476 1021 585 477 1022 591 478 1023 588 475 1024 585 477 1025 589 479 1026 591 478 1027 585 477 1028 590 480 1029 589 479 1030 586 481 1031 588 475 1032 590 480 1033 587 476 1034 592 482 1035 595 483 1036 588 475 1037 593 484 1038 591 478 1039 589 479 1040 596 485 1041 592 482 1042 593 484 1043 598 486 1044 600 487 1045 596 485 1046 601 488 1047 598 486 1048 599 489 1049 600 487 1050 603 490 1051 602 491 1052 604 492 1053 600 487 1054 601 488 1055 603 490 1056 607 493 1057 606 494 1058 604 492 1059 608 495 1060 603 490 1061 609 496 1062 612 497 1063 611 498 1064 613 499 1065 612 497 1066 609 496 1067 612 497 1068 615 500 1069 611 498 1070 614 501 1071 618 502 1072 613 499 1073 616 503 1074 618 502 1075 614 501 1076 619 504 1077 616 503 1078 615 500 1079 620 505 1080 618 502 1081 616 503 1082 622 506 1083 620 505 1084 619 504 1085 623 507 1086 621 508 1087 620 505 1088 624 509 1089 622 506 1090 621 508 1091 623 507 1092 625 510 1093 621 508 1094 622 506 1095 626 511 1096 623 507 1097 626 511 1098 628 512 1099 625 510 1100 627 513 1101 629 514 1102 624 509 1103 632 515 1104 634 516 1105 631 517 1106 634 516 1107 633 518 1108 631 517 1109 635 519 1110 634 516 1111 632 515 1112 639 520 1113 637 521 1114 638 522 1115 641 523 1116 637 521 1117 639 520 1118 638 522 1119 642 524 1120 639 520 1121 647 525 1122 642 524 1123 640 526 1124 646 527 1125 647 525 1126 640 526 1127 643 528 1128 646 527 1129 640 526 1130 647 525 1131 645 529 1132 642 524 1133 646 527 1134 648 530 1135 647 525 1136 651 531 1137 645 529 1138 647 525 1139 649 532 1140 648 530 1141 646 527 1142 648 530 1143 655 533 1144 651 531 1145 652 534 1146 655 533 1147 648 530 1148 649 532 1149 653 535 1150 648 530 1151 654 536 1152 656 537 1153 653 535 1154 657 538 1155 656 537 1156 654 536 1157 658 539 1158 657 538 1159 652 534 1160 656 537 1161 658 539 1162 652 534 1163 658 539 1164 659 540 1165 657 538 1166 660 541 1167 658 539 1168 656 537 1169 661 542 1170 656 537 1171 657 538 1172 663 543 1173 660 541 1174 661 542 1175 662 544 1176 664 545 1177 659 540 1178 667 546 1179 671 547 1180 666 548 1181 673 549 1182 670 550 1183 665 551 1184 671 547 1185 673 549 1186 665 551 1187 674 552 1188 672 553 1189 669 554 1190 673 549 1191 675 555 1192 670 550 1193 676 556 1194 671 547 1195 667 546 1196 679 557 1197 677 558 1198 671 547 1199 676 556 1200 679 557 1201 671 547 1202 676 556 1203 681 559 1204 679 557 1205 681 559 1206 682 560 1207 677 558 1208 691 561 1209 687 562 1210 688 563 1211 684 564 1212 691 561 1213 688 563 1214 693 565 1215 691 561 1216 684 564 1217 689 566 1218 693 565 1219 684 564 1220 696 567 1221 693 565 1222 689 566 1223 698 568 1224 697 569 1225 690 570 1226 695 571 1227 699 572 1228 694 573 1229 698 568 1230 702 574 1231 697 569 1232 703 575 1233 698 568 1234 699 572 1235 701 576 1236 705 577 1237 700 578 1238 702 574 1239 705 577 1240 701 576 1241 707 579 1242 709 580 1243 706 581 1244 711 582 1245 707 579 1246 708 583 1247 706 581 1248 710 584 1249 708 583 1250 713 585 1251 710 584 1252 709 580 1253 712 586 1254 714 587 1255 711 582 1256 721 588 1257 720 589 1258 715 590 1259 722 591 1260 721 588 1261 716 592 1262 727 593 1263 726 594 1264 721 588 1265 725 595 1266 728 596 1267 724 597 1268 727 593 1269 730 598 1270 726 594 1271 729 599 1272 728 596 1273 725 595 1274 734 600 1275 733 601 1276 729 599 1277 730 598 1278 734 600 1279 729 599 1280 736 602 1281 734 600 1282 730 598 1283 746 603 1284 741 604 1285 742 605 1286 745 606 1287 747 607 1288 743 608 1289 754 609 1290 759 610 1291 749 611 1292 761 612 1293 754 609 1294 756 613 1295 764 614 1296 759 610 1297 754 609 1298 765 615 1299 760 616 1300 759 610 1301 761 612 1302 766 617 1303 764 614 1304 766 617 1305 768 618 1306 765 615 1307 769 619 1308 761 612 1309 762 620 1310 770 621 1311 772 622 1312 769 619 1313 771 623 1314 773 624 1315 768 618 1316 771 623 1317 768 618 1318 766 617 1319 777 625 1320 776 626 1321 774 627 1322 778 628 1323 780 629 1324 777 625 1325 781 630 1326 782 631 1327 780 629 1328 780 629 1329 784 632 1330 779 633 1331 782 631 1332 784 632 1333 780 629 1334 785 634 1335 782 631 1336 781 630 1337 785 634 1338 781 630 1339 783 635 1340 784 632 1341 787 636 1342 786 637 1343 789 638 1344 782 631 1345 785 634 1346 791 639 1347 793 640 1348 789 638 1349 797 641 1350 794 642 1351 792 643 1352 795 644 1353 797 641 1354 793 640 1355 801 645 1356 798 646 1357 799 647 1358 802 648 1359 804 649 1360 798 646 1361 803 650 1362 801 645 1363 799 647 1364 809 651 1365 808 652 1366 806 653 1367 807 654 1368 806 653 1369 805 655 1370 810 656 1371 807 654 1372 808 652 1373 807 654 1374 812 657 1375 806 653 1376 811 658 1377 813 659 1378 809 651 1379 814 660 1380 812 657 1381 810 656 1382 813 659 1383 815 661 1384 810 656 1385 816 662 1386 811 658 1387 812 657 1388 817 663 1389 815 661 1390 813 659 1391 816 662 1392 817 663 1393 813 659 1394 815 661 1395 819 664 1396 814 660 1397 823 665 1398 824 666 1399 820 667 1400 822 668 1401 825 669 1402 821 670 1403 827 671 1404 826 672 1405 824 666 1406 825 669 1407 829 673 1408 823 665 1409 833 674 1410 836 675 1411 832 676 1412 838 677 1413 835 678 1414 831 679 1415 839 680 1416 838 677 1417 831 679 1418 836 675 1419 839 680 1420 831 679 1421 840 681 1422 837 682 1423 835 678 1424 841 683 1425 836 675 1426 833 674 1427 844 684 1428 839 680 1429 836 675 1430 841 683 1431 844 684 1432 836 675 1433 852 685 1434 850 686 1435 846 687 1436 854 688 1437 852 685 1438 851 689 1439 853 690 1440 855 691 1441 848 692 1442 856 693 1443 855 691 1444 853 690 1445 857 694 1446 854 688 1447 855 691 1448 860 695 1449 857 694 1450 855 691 1451 863 696 1452 862 697 1453 858 698 1454 860 695 1455 865 699 1456 857 694 1457 868 700 1458 867 701 1459 864 702 1460 869 703 1461 868 700 1462 865 699 1463 872 704 1464 876 705 1465 871 706 1466 878 707 1467 877 708 1468 874 709 1469 876 705 1470 879 710 1471 870 711 1472 879 710 1473 881 712 1474 875 713 1475 881 712 1476 878 707 1477 875 713 1478 880 714 1479 883 715 1480 876 705 1481 879 710 1482 884 716 1483 881 712 1484 884 716 1485 878 707 1486 881 712 1487 883 715 1488 885 717 1489 879 710 1490 886 718 1491 882 719 1492 878 707 1493 884 716 1494 886 718 1495 878 707 1496 888 720 1497 883 715 1498 880 714 1499 887 721 1500 888 720 1501 880 714 1502 888 720 1503 890 722 1504 883 715 1505 891 723 1506 888 720 1507 887 721 1508 891 723 1509 894 724 1510 888 720 1511 900 725 1512 894 724 1513 897 726 1514 900 725 1515 896 727 1516 894 724 1517 895 728 1518 902 729 1519 899 730 1520 896 727 1521 901 731 1522 895 728 1523 902 729 1524 900 725 1525 898 732 1526 909 733 1527 904 734 1528 905 735 1529 908 736 1530 911 737 1531 907 738 1532 909 733 1533 914 739 1534 904 734 1535 918 740 1536 912 741 1537 914 739 1538 913 742 1539 921 743 1540 917 744 1541 918 740 1542 922 745 1543 912 741 1544 923 746 1545 921 743 1546 913 742 1547 924 747 1548 918 740 1549 919 748 1550 920 749 1551 924 747 1552 919 748 1553 918 740 1554 925 750 1555 922 745 1556 926 751 1557 920 749 1558 921 743 1559 923 746 1560 926 751 1561 921 743 1562 925 750 1563 929 752 1564 923 746 1565 924 747 1566 927 753 1567 918 740 1568 928 754 1569 924 747 1570 920 749 1571 929 752 1572 926 751 1573 923 746 1574 930 755 1575 925 750 1576 927 753 1577 928 754 1578 931 756 1579 924 747 1580 937 757 1581 932 758 1582 930 755 1583 937 757 1584 938 759 1585 932 758 1586 939 760 1587 933 761 1588 934 762 1589 936 763 1590 939 760 1591 935 764 1592 947 765 1593 941 766 1594 942 767 1595 943 768 1596 947 765 1597 942 767 1598 947 765 1599 948 769 1600 941 766 1601 949 770 1602 943 768 1603 944 771 1604 952 772 1605 954 773 1606 948 769 1607 955 774 1608 949 770 1609 950 775 1610 955 774 1611 956 776 1612 949 770 1613 960 777 1614 962 778 1615 954 773 1616 964 779 1617 956 776 1618 958 780 1619 966 781 1620 963 782 1621 956 776 1622 967 783 1623 962 778 1624 960 777 1625 966 781 1626 968 784 1627 963 782 1628 971 785 1629 972 786 1630 962 778 1631 973 787 1632 971 785 1633 968 784 1634 977 788 1635 972 786 1636 971 785 1637 973 787 1638 977 788 1639 971 785 1640 978 789 1641 976 790 1642 972 786 1643 974 791 1644 980 792 1645 973 787 1646 982 793 1647 980 792 1648 974 791 1649 987 794 1650 982 793 1651 981 795 1652 983 796 1653 987 794 1654 981 795 1655 988 797 1656 983 796 1657 984 798 1658 982 793 1659 989 799 1660 986 800 1661 989 799 1662 988 797 1663 985 801 1664 990 802 1665 989 799 1666 982 793 1667 994 803 1668 997 804 1669 993 805 1670 998 806 1671 991 807 1672 992 808 1673 997 804 1674 998 806 1675 992 808 1676 998 806 1677 999 809 1678 991 807 1679 1000 810 1680 994 803 1681 995 811 1682 1002 812 1683 997 804 1684 994 803 1685 1003 813 1686 999 809 1687 998 806 1688 1002 812 1689 1004 814 1690 997 804 1691 1001 815 1692 1005 816 1693 1000 810 1694 1009 817 1695 1006 818 1696 1002 812 1697 1014 819 1698 1011 820 1699 1007 821 1700 1009 817 1701 1015 822 1702 1013 823 1703 1016 824 1704 1014 819 1705 1012 825 1706 1015 822 1707 1016 824 1708 1012 825 1709 1022 826 1710 1017 827 1711 1018 828 1712 1014 819 1713 1023 829 1714 1019 830 1715 1024 831 1716 1023 829 1717 1014 819 1718 1021 832 1719 1025 833 1720 1020 834 1721 1026 835 1722 1021 832 1723 1017 827 1724 1027 836 1725 1025 833 1726 1021 832 1727 1026 835 1728 1027 836 1729 1021 832 1730 1023 829 1731 1028 837 1732 1022 826 1733 1031 838 1734 1024 831 1735 1025 833 1736 1027 836 1737 1031 838 1738 1025 833 1739 1029 839 1740 1026 835 1741 1028 837 1742 1024 831 1743 1029 839 1744 1023 829 1745 1039 840 1746 1038 841 1747 1036 842 1748 1040 843 1749 1033 844 1750 1034 845 1751 1038 841 1752 1040 843 1753 1034 845 1754 1033 844 1755 1041 846 1756 1032 847 1757 1041 846 1758 1042 848 1759 1037 849 1760 1046 850 1761 1045 851 1762 1042 848 1763 1049 852 1764 1041 846 1765 1043 853 1766 1040 843 1767 1049 852 1768 1043 853 1769 1049 852 1770 1050 854 1771 1041 846 1772 1051 855 1773 1049 852 1774 1040 843 1775 1052 856 1776 1048 857 1777 1046 850 1778 1053 858 1779 1052 856 1780 1050 854 1781 1053 858 1782 1057 859 1783 1052 856 1784 1051 855 1785 1056 860 1786 1049 852 1787 1057 859 1788 1055 861 1789 1052 856 1790 1058 862 1791 1056 860 1792 1051 855 1793 1059 863 1794 1054 864 1795 1055 861 1796 1057 859 1797 1059 863 1798 1055 861 1799 1058 862 1800 1061 865 1801 1056 860 1802 1064 866 1803 1058 862 1804 1054 864 1805 1062 867 1806 1064 866 1807 1054 864 1808 1065 868 1809 1061 865 1810 1058 862 1811 1066 869 1812 1063 870 1813 1060 871 1814 1066 869 1815 1067 872 1816 1063 870 1817 1070 873 1818 1071 874 1819 1069 875 1820 1073 876 1821 1070 873 1822 1068 877 1823 1072 878 1824 1071 874 1825 1070 873 1826 1068 877 1827 1075 879 1828 1073 876 1829 1075 879 1830 1072 878 1831 1073 876 1832 1076 880 1833 1075 879 1834 1068 877 1835 1076 880 1836 1077 881 1837 1075 879 1838 1079 882 1839 1074 883 1840 1072 878 1841 1078 884 1842 1081 885 1843 1077 881 1844 1082 886 1845 1081 885 1846 1078 884 1847 1084 887 1848 1080 888 1849 1077 881 1850 1085 889 1851 1083 890 1852 1084 887 1853 1086 891 1854 1085 889 1855 1081 885 1856 1086 891 1857 1081 885 1858 1082 886 1859 1085 889 1860 1087 892 1861 1083 890 1862 1089 893 1863 1091 894 1864 1088 895 1865 1092 896 1866 1090 897 1867 1088 895 1868 1091 894 1869 1092 896 1870 1088 895 1871 1094 898 1872 1091 894 1873 1089 893 1874 1090 897 1875 1094 898 1876 1089 893 1877 1091 894 1878 1093 899 1879 1092 896 1880 1095 900 1881 1094 898 1882 1090 897 1883 1093 899 1884 1096 901 1885 1092 896 1886 1094 898 1887 1097 902 1888 1093 899 1889 1096 901 1890 1095 900 1891 1092 896 1892 1095 900 1893 1098 903 1894 1097 902 1895 1099 904 1896 1096 901 1897 1097 902 1898 1102 905 1899 1100 906 1900 1098 903 1901 1095 900 1902 1102 905 1903 1098 903 1904 1101 907 1905 1102 905 1906 1095 900 1907 1103 908 1908 1101 907 1909 1099 904 1910 1106 909 1911 1103 908 1912 1099 904 1913 1105 910 1914 1104 911 1915 1102 905 1916 1107 912 1917 1106 909 1918 1104 911 1919 1105 910 1920 1107 912 1921 1104 911 1922 1108 913 1923 1103 908 1924 1106 909 1925 1108 913 1926 1110 914 1927 1109 915 1928 1111 916 1929 1108 913 1930 1107 912 1931 1109 915 1932 1112 917 1933 1107 912 1934 1115 918 1935 1114 919 1936 1112 917 1937 1115 918 1938 1112 917 1939 1110 914 1940 1114 919 1941 1116 920 1942 1113 921 1943 1120 922 1944 1122 923 1945 1116 920 1946 1121 924 1947 1120 922 1948 1117 925 1949 1123 926 1950 1128 927 1951 1125 928 1952 1126 929 1953 1129 930 1954 1123 926 1955 1127 931 1956 1126 929 1957 1124 932 1958 1128 927 1959 1127 931 1960 1125 928 1961 1131 933 1962 1127 931 1963 1128 927 1964 1129 930 1965 1132 934 1966 1128 927 1967 1130 935 1968 1129 930 1969 1126 929 1970 1130 935 1971 1132 934 1972 1129 930 1973 1131 933 1974 1133 936 1975 1130 935 1976 1132 934 1977 1134 937 1978 1131 933 1979 1133 936 1980 1135 938 1981 1130 935 1982 1136 939 1983 1138 940 1984 1134 937 1985 1138 940 1986 1137 941 1987 1133 936 1988 1139 942 1989 1136 939 1990 1137 941 1991 1140 943 1992 1141 944 1993 1138 940 1994 1141 944 1995 1142 945 1996 1137 941 1997 5 946 1998 7 3 1999 11 947 2000 1142 945 2001 1144 948 2002 1143 949 2003 1144 948 2004 1146 950 2005 1143 949 2006 1145 951 2007 1142 945 2008 1141 944 2009 1146 950 2010 1141 944 2011 1143 949 2012 1146 950 2013 1145 951 2014 1141 944 2015 1144 948 2016 1150 952 2017 1146 950 2018 1150 952 2019 1148 953 2020 1146 950 2021 1147 954 2022 1150 952 2023 1144 948 2024 1153 955 2025 1152 956 2026 1148 953 2027 1152 956 2028 1155 957 2029 1151 958 2030 1156 959 2031 1154 960 2032 1151 958 2033 1158 961 2034 1156 959 2035 1155 957 2036 1159 962 2037 1160 963 2038 1157 964 2039 1161 965 2040 1166 966 2041 1163 967 2042 1164 968 2043 1166 966 2044 1161 965 2045 1166 966 2046 1165 969 2047 1163 967 2048 1164 968 2049 1167 970 2050 1166 966 2051 1169 971 2052 1164 968 2053 1165 969 2054 1166 966 2055 1168 972 2056 1165 969 2057 1169 971 2058 1170 973 2059 1167 970 2060 1174 974 2061 1171 975 2062 1172 976 2063 1181 977 2064 1175 978 2065 1176 979 2066 1179 980 2067 1176 979 2068 1177 981 2069 1180 982 2070 1179 980 2071 1177 981 2072 1181 977 2073 1178 983 2074 1175 978 2075 1180 982 2076 1183 984 2077 1179 980 2078 1182 985 2079 1186 986 2080 1180 982 2081 1183 984 2082 1184 987 2083 1182 985 2084 1188 988 2085 1185 989 2086 1186 986 2087 1190 990 2088 1188 988 2089 1187 991 2090 1189 992 2091 1191 993 2092 1187 991 2093 1193 994 2094 1192 995 2095 1190 990 2096 1190 990 2097 1195 996 2098 1193 994 2099 1194 997 2100 1195 996 2101 1190 990 2102 1196 998 2103 1192 995 2104 1193 994 2105 1197 999 2106 1195 996 2107 1194 997 2108 1197 999 2109 1199 1000 2110 1195 996 2111 1198 1001 2112 1197 999 2113 1194 997 2114 1205 1002 2115 1200 1003 2116 1201 1004 2117 1202 1005 2118 1203 1006 2119 1201 1004 2120 1204 1007 2121 1202 1005 2122 1200 1003 2123 1206 1008 2124 1205 1002 2125 1201 1004 2126 1204 1007 2127 1203 1006 2128 1202 1005 2129 1204 1007 2130 1208 1009 2131 1203 1006 2132 1206 1008 2133 1209 1010 2134 1207 1011 2135 1208 1009 2136 1210 1012 2137 1206 1008 2138 1211 1013 2139 1208 1009 2140 1204 1007 2141 1212 1014 2142 1211 1013 2143 1207 1011 2144 1210 1012 2145 1213 1015 2146 1206 1008 2147 1214 1016 2148 1213 1015 2149 1210 1012 2150 1214 1016 2151 1210 1012 2152 1211 1013 2153 1212 1014 2154 1215 1017 2155 1214 1016 2156 1216 1018 2157 1215 1017 2158 1212 1014 2159 1216 1018 2160 1212 1014 2161 1213 1015 2162 1214 1016 2163 1218 1019 2164 1213 1015 2165 1215 1017 2166 1218 1019 2167 1214 1016 2168 1215 1017 2169 1219 1020 2170 1218 1019 2171 1217 1021 2172 1221 1022 2173 1219 1020 2174 1223 1023 2175 1221 1022 2176 1217 1021 2177 1222 1024 2178 1224 1025 2179 1220 1026 2180 1224 1025 2181 1227 1027 2182 1223 1023 2183 1225 1028 2184 1227 1027 2185 1224 1025 2186 1234 1029 2187 1233 1030 2188 1228 1031 2189 1235 1032 2190 1234 1029 2191 1229 1033 2192 1241 1034 2193 1237 1035 2194 1238 1036 2195 1240 1037 2196 1241 1034 2197 1238 1036 2198 1244 1038 2199 1236 1039 2200 1237 1035 2201 1244 1038 2202 1247 1040 2203 1236 1039 2204 1248 1041 2205 1246 1042 2206 1242 1043 2207 1246 1042 2208 1249 1044 2209 1245 1045 2210 1250 1046 2211 1247 1040 2212 1244 1038 2213 1248 1041 2214 1252 1047 2215 1246 1042 2216 1247 1040 2217 1251 1048 2218 1243 1049 2219 1252 1047 2220 1249 1044 2221 1246 1042 2222 1253 1050 2223 1251 1048 2224 1247 1040 2225 1254 1051 2226 1261 1052 2227 1259 1053 2228 1260 1054 2229 1257 1055 2230 1258 1056 2231 1263 1057 2232 1255 1058 2233 1256 1059 2234 1260 1054 2235 1264 1060 2236 1257 1055 2237 1262 1061 2238 1267 1062 2239 1261 1052 2240 1265 1063 2241 1262 1061 2242 1255 1058 2243 1271 1064 2244 1268 1065 2245 1265 1063 2246 1263 1057 2247 1271 1064 2248 1265 1063 2249 1269 1066 2250 1273 1067 2251 1263 1057 2252 1274 1068 2253 1270 1069 2254 1267 1062 2255 1276 1070 2256 1273 1067 2257 1269 1066 2258 1274 1068 2259 1277 1071 2260 1270 1069 2261 1278 1072 2262 1272 1073 2263 1273 1067 2264 1279 1074 2265 1275 1075 2266 1272 1073 2267 1282 1076 2268 1278 1072 2269 1276 1070 2270 1281 1077 2271 1280 1078 2272 1275 1075 2273 1282 1076 2274 1281 1077 2275 1279 1074 2276 1285 1079 2277 1287 1080 2278 1284 1081 2279 1287 1080 2280 1289 1082 2281 1284 1081 2282 1288 1083 2283 1287 1080 2284 1285 1079 2285 1291 1084 2286 1293 1085 2287 1289 1082 2288 1287 1080 2289 1291 1084 2290 1289 1082 2291 1290 1086 2292 1291 1084 2293 1287 1080 2294 1296 1087 2295 1292 1088 2296 1293 1085 2297 1296 1087 2298 1298 1089 2299 1292 1088 2300 1299 1090 2301 1300 1091 2302 1294 1092 2303 1300 1091 2304 1301 1093 2305 1297 1094 2306 1302 1095 2307 1299 1090 2308 1295 1096 2309 1299 1090 2310 1304 1097 2311 1300 1091 2312 1305 1098 2313 1299 1090 2314 1302 1095 2315 1304 1097 2316 1306 1099 2317 1300 1091 2318 1306 1099 2319 1301 1093 2320 1300 1091 2321 1310 1100 2322 1309 1101 2323 1307 1102 2324 1313 1103 2325 1310 1100 2326 1307 1102 2327 1311 1104 2328 1313 1103 2329 1307 1102 2330 1312 1105 2331 1311 1104 2332 1308 1106 2333 1310 1100 2334 1312 1105 2335 1309 1101 2336 1315 1107 2337 1312 1105 2338 1310 1100 2339 1310 1100 2340 1318 1108 2341 1315 1107 2342 1320 1109 2343 1317 1110 2344 1314 1111 2345 1318 1108 2346 1320 1109 2347 1314 1111 2348 1317 1110 2349 1321 1112 2350 1319 1113 2351 1321 1112 2352 1322 1114 2353 1319 1113 2354 1324 1115 2355 1320 1109 2356 1318 1108 2357 1322 1114 2358 1324 1115 2359 1318 1108 2360 1323 1116 2361 1317 1110 2362 1320 1109 2363 1326 1117 2364 1324 1115 2365 1322 1114 2366 1325 1118 2367 1322 1114 2368 1321 1112 2369 1324 1115 2370 1325 1118 2371 1321 1112 2372 1327 1119 2373 1330 1120 2374 1326 1117 2375 1326 1117 2376 1330 1120 2377 1324 1115 2378 1329 1121 2379 1331 1122 2380 1328 1123 2381 1332 1124 2382 1329 1121 2383 1330 1120 2384 1336 1125 2385 1335 1126 2386 1332 1124 2387 1333 1127 2388 1337 1128 2389 1336 1125 2390 1338 1129 2391 1333 1127 2392 1334 1130 2393 1339 1131 2394 1334 1130 2395 1335 1126 2396 1337 1128 2397 1339 1131 2398 1335 1126 2399 1338 1129 2400 1337 1128 2401 1333 1127 2402 1342 1132 2403 1344 1133 2404 1341 1134 2405 1344 1133 2406 1343 1135 2407 1341 1134 2408 1348 1136 2409 1345 1137 2410 1340 1138 2411 1346 1139 2412 1348 1136 2413 1343 1135 2414 1345 1137 2415 1347 1140 2416 1344 1133 2417 1346 1139 2418 1349 1141 2419 1348 1136 2420 1349 1141 2421 1347 1140 2422 1348 1136 2423 1351 1142 2424 1354 1143 2425 1350 1144 2426 1354 1143 2427 1353 1145 2428 1350 1144 2429 1357 1146 2430 1358 1147 2431 1352 1148 2432 1354 1143 2433 1357 1146 2434 1353 1145 2435 1359 1149 2436 1357 1146 2437 1354 1143 2438 1355 1150 2439 1359 1149 2440 1354 1143 2441 1360 1151 2442 1359 1149 2443 1356 1152 2444 1361 1153 2445 1360 1151 2446 1358 1147 2447 1362 1154 2448 1363 1155 2449 1359 1149 2450 1362 1154 2451 1364 1156 2452 1363 1155 2453 1366 1157 2454 1364 1156 2455 1362 1154 2456 1365 1158 2457 1366 1157 2458 1362 1154 2459 1367 1159 2460 1364 1156 2461 1366 1157 2462 1367 1159 2463 1369 1160 2464 1364 1156 2465 1368 1161 2466 1367 1159 2467 1366 1157 2468 1371 1162 2469 1374 1163 2470 1370 1164 2471 1374 1163 2472 1372 1165 2473 1370 1164 2474 1374 1163 2475 1375 1166 2476 1372 1165 2477 1375 1166 2478 1373 1167 2479 1372 1165 2480 1376 1168 2481 1374 1163 2482 1371 1162 2483 1373 1167 2484 1376 1168 2485 1371 1162 2486 1377 1169 2487 1375 1166 2488 1374 1163 2489 1376 1168 2490 1377 1169 2491 1374 1163 2492 1375 1166 2493 1376 1168 2494 1373 1167 2495 1378 1170 2496 1375 1166 2497 1377 1169 2498 1379 1171 2499 1377 1169 2500 1376 1168 2501 1380 1172 2502 1379 1171 2503 1376 1168 2504 1378 1170 2505 1382 1173 2506 1381 1174 2507 1384 1175 2508 1383 1176 2509 1380 1172 2510 1384 1175 2511 1380 1172 2512 1381 1174 2513 1382 1173 2514 1384 1175 2515 1381 1174 2516 1383 1176 2517 1385 1177 2518 1382 1173 2519 1387 1178 2520 1386 1179 2521 1384 1175 2522 1386 1179 2523 1388 1180 2524 1385 1177 2525 1387 1178 2526 1388 1180 2527 1386 1179 2528 1389 1181 2529 1392 1182 2530 1387 1178 2531 1393 1183 2532 1392 1182 2533 1389 1181 2534 1391 1184 2535 1394 1185 2536 1393 1183 2537 1395 1186 2538 1391 1184 2539 1392 1182 2540 1398 1187 2541 1397 1188 2542 1394 1185 2543 1401 1189 2544 1399 1190 2545 1397 1188 2546 1402 1191 2547 1401 1189 2548 1400 1192 2549 1403 1193 2550 1402 1191 2551 1400 1192 2552 1404 1194 2553 1403 1193 2554 1399 1190 2555 1406 1195 2556 1408 1196 2557 1405 1197 2558 1408 1196 2559 1410 1198 2560 1405 1197 2561 1409 1199 2562 1408 1196 2563 1406 1195 2564 1410 1198 2565 1412 1200 2566 1405 1197 2567 1415 1201 2568 1412 1200 2569 1410 1198 2570 1411 1202 2571 1415 1201 2572 1410 1198 2573 1415 1201 2574 1417 1203 2575 1412 1200 2576 1417 1203 2577 1414 1204 2578 1412 1200 2579 1414 1204 2580 1416 1205 2581 1413 1206 2582 1419 1207 2583 1416 1205 2584 1414 1204 2585 1417 1203 2586 1419 1207 2587 1414 1204 2588 1419 1207 2589 1420 1208 2590 1416 1205 2591 1421 1209 2592 1419 1207 2593 1417 1203 2594 1427 1210 2595 1418 1211 2596 1422 1212 2597 1426 1213 2598 1425 1214 2599 1423 1215 2600 1428 1216 2601 1426 1213 2602 1427 1210 2603 1430 1217 2604 1425 1214 2605 1426 1213 2606 1430 1217 2607 1429 1218 2608 1425 1214 2609 1434 1219 2610 1433 1220 2611 1431 1221 2612 1432 1222 2613 1434 1219 2614 1431 1221 2615 1433 1220 2616 1435 1223 2617 1432 1222 2618 1436 1224 2619 1434 1219 2620 1432 1222 2621 1434 1219 2622 1440 1225 2623 1437 1226 2624 1439 1227 2625 1435 1223 2626 1437 1226 2627 1439 1227 2628 1436 1224 2629 1435 1223 2630 1443 1228 2631 1439 1227 2632 1440 1225 2633 1442 1229 2634 1443 1228 2635 1440 1225 2636 1443 1228 2637 1441 1230 2638 1439 1227 2639 1445 1231 2640 1444 1232 2641 1441 1230 2642 1447 1233 2643 1446 1234 2644 1444 1232 2645 1448 1235 2646 1450 1236 2647 1447 1233 2648 1449 1237 2649 1451 1238 2650 1448 1235 2651 1450 1236 2652 1449 1237 2653 1447 1233 2654 1452 1239 2655 1450 1236 2656 1448 1235 2657 1450 1236 2658 1454 1240 2659 1449 1237 2660 1452 1239 2661 1455 1241 2662 1450 1236 2663 1454 1240 2664 1453 1242 2665 1451 1238 2666 1455 1241 2667 1454 1240 2668 1450 1236 2669 1453 1242 2670 1457 1243 2671 1452 1239 2672 1456 1244 2673 1461 1245 2674 1458 1246 2675 1460 1247 2676 1459 1248 2677 1457 1243 2678 1460 1247 2679 1464 1249 2680 1459 1248 2681 1463 1250 2682 1462 1251 2683 1461 1245 2684 1464 1249 2685 1463 1250 2686 1459 1248 2687 1467 1252 2688 1471 1253 2689 1466 1254 2690 1472 1255 2691 1469 1256 2692 1470 1257 2693 1473 1258 2694 1472 1255 2695 1465 1259 2696 1471 1253 2697 1473 1258 2698 1465 1259 2699 1480 1260 2700 1476 1261 2701 1477 1262 2702 1478 1263 2703 1480 1260 2704 1477 1262 2705 1481 1264 2706 1479 1265 2707 1471 1253 2708 1480 1260 2709 1483 1266 2710 1476 1261 2711 1484 1267 2712 1480 1260 2713 1478 1263 2714 1479 1265 2715 1485 1268 2716 1482 1269 2717 1485 1268 2718 1484 1267 2719 1482 1269 2720 1481 1264 2721 1486 1270 2722 1479 1265 2723 1489 1271 2724 1492 1272 2725 1488 1273 2726 1495 1274 2727 1492 1272 2728 1489 1271 2729 1497 1275 2730 1494 1276 2731 1490 1277 2732 1496 1278 2733 1498 1279 2734 1491 1280 2735 1497 1275 2736 1500 1281 2737 1494 1276 2738 1499 1282 2739 1501 1283 2740 1495 1274 2741 1502 1284 2742 1500 1281 2743 1497 1275 2744 1498 1279 2745 1502 1284 2746 1497 1275 2747 1501 1283 2748 1503 1285 2749 1496 1278 2750 1505 1286 2751 1498 1279 2752 1503 1285 2753 1500 1281 2754 1506 1287 2755 1499 1282 2756 1502 1284 2757 1507 1288 2758 1500 1281 2759 1506 1287 2760 1505 1286 2761 1504 1289 2762 1510 1290 2763 1506 1287 2764 1507 1288 2765 1505 1286 2766 1511 1291 2767 1508 1292 2768 1509 1293 2769 1511 1291 2770 1505 1286 2771 1517 1294 2772 1514 1295 2773 1512 1296 2774 1515 1297 2775 1518 1298 2776 1513 1299 2777 1519 1300 2778 1516 1301 2779 1517 1294 2780 1521 1302 2781 1515 1297 2782 1516 1301 2783 1518 1298 2784 1522 1303 2785 1520 1304 2786 1523 1305 2787 1518 1298 2788 1515 1297 2789 1524 1306 2790 1521 1302 2791 1519 1300 2792 1525 1307 2793 1527 1308 2794 1522 1303 2795 1525 1307 2796 1522 1303 2797 1523 1305 2798 1528 1309 2799 1530 1310 2800 1527 1308 2801 1528 1309 2802 1531 1311 2803 1530 1310 2804 1529 1312 2805 1532 1313 2806 1528 1309 2807 1533 1314 2808 1529 1312 2809 1530 1310 2810 1536 1315 2811 1533 1314 2812 1531 1311 2813 1534 1316 2814 1536 1315 2815 1531 1311 2816 1536 1315 2817 1535 1317 2818 1533 1314 2819 1540 1318 2820 1539 1319 2821 1537 1320 2822 1541 1321 2823 1540 1318 2824 1537 1320 2825 1538 1322 2826 1541 1321 2827 1537 1320 2828 1539 1319 2829 1542 1323 2830 1538 1322 2831 1543 1324 2832 1542 1323 2833 1539 1319 2834 1543 1324 2835 1547 1325 2836 1542 1323 2837 1546 1326 2838 1543 1324 2839 1540 1318 2840 1546 1326 2841 1547 1325 2842 1543 1324 2843 1544 1327 2844 1548 1328 2845 1546 1326 2846 1549 1329 2847 1544 1327 2848 1545 1330 2849 1546 1326 2850 1550 1331 2851 1547 1325 2852 1548 1328 2853 1550 1331 2854 1546 1326 2855 1549 1329 2856 1551 1332 2857 1544 1327 2858 1548 1328 2859 1552 1333 2860 1550 1331 2861 1551 1332 2862 1552 1333 2863 1548 1328 2864 1553 1334 2865 1549 1329 2866 1550 1331 2867 1554 1335 2868 1551 1332 2869 1549 1329 2870 1553 1334 2871 1554 1335 2872 1549 1329 2873 1556 1336 2874 1551 1332 2875 1554 1335 2876 1553 1334 2877 1557 1337 2878 1554 1335 2879 1557 1337 2880 1559 1338 2881 1556 1336 2882 1558 1339 2883 1557 1337 2884 1555 1340 2885 1558 1339 2886 1560 1341 2887 1557 1337 2888 1561 1342 2889 1560 1341 2890 1558 1339 2891 1560 1341 2892 1563 1343 2893 1559 1338 2894 1562 1344 2895 1563 1343 2896 1560 1341 2897 1561 1342 2898 1562 1344 2899 1560 1341 2900 1567 1345 2901 1566 1346 2902 1564 1347 2903 1568 1348 2904 1567 1345 2905 1564 1347 2906 1566 1346 2907 1568 1348 2908 1565 1349 2909 1570 1350 2910 1568 1348 2911 1566 1346 2912 1569 1351 2913 1570 1350 2914 1566 1346 2915 1572 1352 2916 1569 1351 2917 1567 1345 2918 1575 1353 2919 1571 1354 2920 1570 1350 2921 1569 1351 2922 1575 1353 2923 1570 1350 2924 1573 1355 2925 1569 1351 2926 1572 1352 2927 1571 1354 2928 1574 1356 2929 1572 1352 2930 1573 1355 2931 1575 1353 2932 1569 1351 2933 1575 1353 2934 1576 1357 2935 1571 1354 2936 1578 1358 2937 1574 1356 2938 1576 1357 2939 1581 1359 2940 1583 1360 2941 1580 1361 2942 1583 1360 2943 1582 1362 2944 1580 1361 2945 1585 1363 2946 1581 1359 2947 1579 1364 2948 1582 1362 2949 1587 1365 2950 1585 1363 2951 1587 1365 2952 1584 1366 2953 1585 1363 2954 1587 1365 2955 1588 1367 2956 1584 1366 2957 1588 1367 2958 1590 1368 2959 1586 1369 2960 1589 1370 2961 1591 1371 2962 1588 1367 2963 1596 1372 2964 1591 1371 2965 1594 1373 2966 1593 1374 2967 1597 1375 2968 1592 1376 2969 1595 1377 2970 1597 1375 2971 1593 1374 2972 1601 1378 2973 1600 1379 2974 1598 1380 2975 1603 1381 2976 1601 1378 2977 1598 1380 2978 1599 1382 2979 1603 1381 2980 1598 1380 2981 1602 1383 2982 1604 1384 2983 1599 1382 2984 1601 1378 2985 1602 1383 2986 1600 1379 2987 1605 1385 2988 1608 1386 2989 1603 1381 2990 1599 1382 2991 1605 1385 2992 1603 1381 2993 1604 1384 2994 1605 1385 2995 1599 1382 2996 1606 1387 2997 1602 1383 2998 1601 1378 2999 1605 1385 3000 1609 1388 3001 1608 1386 3002 1610 1389 3003 1607 1390 3004 1606 1387 3005 1608 1386 3006 1610 1389 3007 1606 1387 3008 1611 1391 3009 1609 1388 3010 1605 1385 3011 1607 1390 3012 1611 1391 3013 1605 1385 3014 1609 1388 3015 1610 1389 3016 1608 1386 3017 1612 1392 3018 1613 1393 3019 1609 1388 3020 1615 1394 3021 1611 1391 3022 1607 1390 3023 1609 1388 3024 1614 1395 3025 1610 1389 3026 1614 1395 3027 1616 1396 3028 1615 1394 3029 1618 1397 3030 1617 1398 3031 1613 1393 3032 1619 1399 3033 1613 1393 3034 1615 1394 3035 1616 1396 3036 1619 1399 3037 1615 1394 3038 1617 1398 3039 1620 1400 3040 1614 1395 3041 1618 1397 3042 1620 1400 3043 1617 1398 3044 1619 1399 3045 1618 1397 3046 1613 1393 3047 1624 1401 3048 1623 1402 3049 1621 1403 3050 1625 1404 3051 1624 1401 3052 1621 1403 3053 1623 1402 3054 1625 1404 3055 1622 1405 3056 1626 1406 3057 1625 1404 3058 1623 1402 3059 1624 1401 3060 1629 1407 3061 1626 1406 3062 1628 1408 3063 1625 1404 3064 1626 1406 3065 1628 1408 3066 1630 1409 3067 1625 1404 3068 1630 1409 3069 1627 1410 3070 1625 1404 3071 1628 1408 3072 1633 1411 3073 1630 1409 3074 1636 1412 3075 1632 1413 3076 1633 1411 3077 1636 1412 3078 1635 1414 3079 1632 1413 3080 1634 1415 3081 1639 1416 3082 1637 1417 3083 1641 1418 3084 1635 1414 3085 1636 1412 3086 1638 1419 3087 1641 1418 3088 1636 1412 3089 1641 1418 3090 1643 1420 3091 1640 1421 3092 1644 1422 3093 1641 1418 3094 1638 1419 3095 1643 1420 3096 1647 1423 3097 1642 1424 3098 1646 1425 3099 1645 1426 3100 1644 1422 3101 1650 1427 3102 1652 1428 3103 1649 1429 3104 1648 1430 3105 1654 1431 3106 1650 1427 3107 1653 1432 3108 1654 1431 3109 1648 1430 3110 1654 1431 3111 1655 1433 3112 1652 1428 3113 1657 1434 3114 1655 1433 3115 1654 1431 3116 1653 1432 3117 1656 1435 3118 1654 1431 3119 1658 1436 3120 1656 1435 3121 1653 1432 3122 1657 1434 3123 1659 1437 3124 1655 1433 3125 1660 1438 3126 1659 1437 3127 1657 1434 3128 1663 1439 3129 1662 1440 3130 1658 1436 3131 1660 1438 3132 1664 1441 3133 1659 1437 3134 1667 1442 3135 1664 1441 3136 1660 1438 3137 1661 1443 3138 1667 1442 3139 1660 1438 3140 1664 1441 3141 1668 1444 3142 1663 1439 3143 1668 1444 3144 1666 1445 3145 1665 1446 3146 1667 1442 3147 1668 1444 3148 1664 1441 3149 1670 1447 3150 1674 1448 3151 1669 1449 3152 1674 1448 3153 1673 1450 3154 1669 1449 3155 1677 1451 3156 1675 1452 3157 1672 1453 3158 1675 1452 3159 1678 1454 3160 1674 1448 3161 1679 1455 3162 1672 1453 3163 1673 1450 3164 1679 1455 3165 1677 1451 3166 1672 1453 3167 1677 1451 3168 1680 1456 3169 1675 1452 3170 1676 1457 3171 1681 1458 3172 1679 1455 3173 1681 1458 3174 1677 1451 3175 1679 1455 3176 1682 1459 3177 1680 1456 3178 1677 1451 3179 1681 1458 3180 1682 1459 3181 1677 1451 3182 1683 1460 3183 1681 1458 3184 1676 1457 3185 1683 1460 3186 1676 1457 3187 1678 1454 3188 1680 1456 3189 1683 1460 3190 1678 1454 3191 1684 1461 3192 1683 1460 3193 1680 1456 3194 1683 1460 3195 1686 1462 3196 1681 1458 3197 1686 1462 3198 1685 1463 3199 1681 1458 3200 1689 1464 3201 1684 1461 3202 1682 1459 3203 1685 1463 3204 1689 1464 3205 1682 1459 3206 1690 1465 3207 1687 1466 3208 1688 1467 3209 1686 1462 3210 1691 1468 3211 1685 1463 3212 1690 1465 3213 1686 1462 3214 1687 1466 3215 1690 1465 3216 1694 1469 3217 1686 1462 3218 1691 1468 3219 1688 1467 3220 1689 1464 3221 1693 1470 3222 1690 1465 3223 1688 1467 3224 1694 1469 3225 1693 1470 3226 1691 1468 3227 1696 1471 3228 1698 1472 3229 1695 1473 3230 1698 1472 3231 1699 1474 3232 1695 1473 3233 1700 1475 3234 1701 1476 3235 1697 1477 3236 1703 1478 3237 1699 1474 3238 1698 1472 3239 1705 1479 3240 1702 1480 3241 1701 1476 3242 1700 1475 3243 1705 1479 3244 1701 1476 3245 1706 1481 3246 1700 1475 3247 1699 1474 3248 1705 1479 3249 1704 1482 3250 1702 1480 3251 1703 1478 3252 1709 1483 3253 1706 1481 3254 1708 1484 3255 1704 1482 3256 1705 1479 3257 1707 1485 3258 1710 1486 3259 1709 1483 3260 1704 1482 3261 1711 1487 3262 1707 1485 3263 1708 1484 3264 1712 1488 3265 1711 1487 3266 1713 1489 3267 1708 1484 3268 1710 1486 3269 1714 1490 3270 1713 1489 3271 1710 1486 3272 1714 1490 3273 1710 1486 3274 1711 1487 3275 1712 1488 3276 1714 1490 3277 1711 1487 3278 1714 1490 3279 1715 1491 3280 1713 1489 3281 1717 1492 3282 1712 1488 3283 1713 1489 3284 1725 1493 3285 1722 1494 3286 1723 1495 3287 1726 1496 3288 1725 1493 3289 1718 1497 3290 1719 1498 3291 1726 1496 3292 1718 1497 3293 1725 1493 3294 1727 1499 3295 1722 1494 3296 1728 1500 3297 1726 1496 3298 1719 1498 3299 1726 1496 3300 1731 1501 3301 1725 1493 3302 1730 1502 3303 1729 1503 3304 1724 1504 3305 1727 1499 3306 1730 1502 3307 1724 1504 3308 1732 1505 3309 1730 1502 3310 1727 1499 3311 1733 1506 3312 1728 1500 3313 1729 1503 3314 1736 1507 3315 1733 1506 3316 1730 1502 3317 1737 1508 3318 1736 1507 3319 1732 1505 3320 1738 1509 3321 1737 1508 3322 1731 1501 3323 1739 1510 3324 1738 1509 3325 1734 1511 3326 1737 1508 3327 1742 1512 3328 1736 1507 3329 1743 1513 3330 1739 1510 3331 1740 1514 3332 1743 1513 3333 1748 1515 3334 1739 1510 3335 1748 1515 3336 1752 1516 3337 1747 1517 3338 1751 1518 3339 1745 1519 3340 1746 1520 3341 1749 1521 3342 1752 1516 3343 1748 1515 3344 1755 1522 3345 1752 1516 3346 1749 1521 3347 1758 1523 3348 1756 1524 3349 1753 1525 3350 1754 1526 3351 1758 1523 3352 1753 1525 3353 1757 1527 3354 1759 1528 3355 1754 1526 3356 1758 1523 3357 1760 1529 3358 1756 1524 3359 1761 1530 3360 1758 1523 3361 1754 1526 3362 1760 1529 3363 1762 1531 3364 1757 1527 3365 1762 1531 3366 1764 1532 3367 1759 1528 3368 1763 1533 3369 1762 1531 3370 1760 1529 3371 1772 1534 3372 1766 1535 3373 1767 1536 3374 1773 1537 3375 1771 1538 3376 1766 1535 3377 1772 1534 3378 1773 1537 3379 1766 1535 3380 1771 1538 3381 1777 1539 3382 1775 1540 3383 1776 1541 3384 1777 1539 3385 1771 1538 3386 1778 1542 3387 1776 1541 3388 1772 1534 3389 1778 1542 3390 1772 1534 3391 1774 1543 3392 1784 1544 3393 1780 1545 3394 1781 1546 3395 1782 1547 3396 1785 1548 3397 1779 1549 3398 1785 1548 3399 1784 1544 3400 1781 1546 3401 1779 1549 3402 1785 1548 3403 1781 1546 3404 1788 1550 3405 1789 1551 3406 1787 1552 3407 1790 1553 3408 1789 1551 3409 1788 1550 3410 1791 1554 3411 1790 1553 3412 1786 1555 3413 1792 1556 3414 1787 1552 3415 1789 1551 3416 1791 1554 3417 1795 1557 3418 1793 1558 3419 1793 1558 3420 1796 1559 3421 1792 1556 3422 1799 1560 3423 1798 1561 3424 1797 1562 3425 1798 1561 3426 1801 1563 3427 1796 1559 3428 1801 1563 3429 1803 1564 3430 1800 1565 3431 1805 1566 3432 1803 1564 3433 1804 1567 3434 1802 1568 3435 1806 1569 3436 1804 1567 3437 1807 1570 3438 1802 1568 3439 1805 1566 3440 1808 1571 3441 1807 1570 3442 1805 1566 3443 1808 1571 3444 1805 1566 3445 1806 1569 3446 1807 1570 3447 1810 1572 3448 1809 1573 3449 1811 1574 3450 1807 1570 3451 1808 1571 3452 1809 1573 3453 1812 1575 3454 1808 1571 3455 1813 1576 3456 1812 1575 3457 1810 1572 3458 1814 1577 3459 1817 1578 3460 1813 1576 3461 1815 1579 3462 1818 1580 3463 1814 1577 3464 1818 1580 3465 1815 1579 3466 1813 1576 3467 1821 1581 3468 1818 1580 3469 1819 1582 3470 1817 1578 3471 1822 1583 3472 1816 1584 3473 1820 1585 3474 1822 1583 3475 1817 1578 3476 1824 1586 3477 1826 1587 3478 1823 1588 3479 1826 1587 3480 1828 1589 3481 1823 1588 3482 1827 1590 3483 1826 1587 3484 1824 1586 3485 1831 1591 3486 1828 1589 3487 1826 1587 3488 1830 1592 3489 1832 1593 3490 1829 1594 3491 1833 1595 3492 1832 1593 3493 1830 1592 3494 1833 1595 3495 1836 1596 3496 1832 1593 3497 1837 1597 3498 1835 1598 3499 1836 1596 3500 1843 1599 3501 1838 1600 3502 1839 1601 3503 1843 1599 3504 1845 1602 3505 1842 1603 3506 1845 1602 3507 1844 1604 3508 1842 1603 3509 1846 1605 3510 1845 1602 3511 1843 1599 3512 1852 1606 3513 1847 1607 3514 1848 1608 3515 1852 1606 3516 1851 1609 3517 1847 1607 3518 1853 1610 3519 1852 1606 3520 1848 1608 3521 1850 1611 3522 1853 1610 3523 1848 1608 3524 1851 1609 3525 1850 1611 3526 1849 1612 3527 1856 1613 3528 1854 1614 3529 1852 1606 3530 1855 1615 3531 1858 1616 3532 1850 1611 3533 1854 1614 3534 1855 1615 3535 1851 1609 3536 1857 1617 3537 1854 1614 3538 1856 1613 3539 1859 1618 3540 1855 1615 3541 1854 1614 3542 1857 1617 3543 1859 1618 3544 1854 1614 3545 1858 1616 3546 1857 1617 3547 1856 1613 3548 1857 1617 3549 1862 1619 3550 1859 1618 3551 1861 1620 3552 1860 1621 3553 1858 1616 3554 1864 1622 3555 1868 1623 3556 1863 1624 3557 1868 1623 3558 1866 1625 3559 1863 1624 3560 1875 1626 3561 1872 1627 3562 1873 1628 3563 1874 1629 3564 1876 1630 3565 1873 1628 3566 1876 1630 3567 1875 1626 3568 1873 1628 3569 1880 1631 3570 1882 1632 3571 1879 1633 3572 1884 1634 3573 1881 1635 3574 1879 1633 3575 1882 1632 3576 1884 1634 3577 1879 1633 3578 1883 1636 3579 1882 1632 3580 1880 1631 3581 1881 1635 3582 1883 1636 3583 1878 1637 3584 1885 1638 3585 1887 1639 3586 1881 1635 3587 1887 1639 3588 1886 1640 3589 1883 1636 3590 1888 1641 3591 1892 1642 3592 1891 1643 3593 1892 1642 3594 1888 1641 3595 1889 1644 3596 1894 1645 3597 1890 1646 3598 1891 1643 3599 1900 1647 3600 1897 1648 3601 1895 1649 3602 1906 1650 3603 1903 1651 3604 1901 1652 3605 1905 1653 3606 1906 1650 3607 1901 1652 3608 1904 1654 3609 1905 1653 3610 1901 1652 3611 1903 1651 3612 1904 1654 3613 1902 1655 3614 1908 1656 3615 1904 1654 3616 1903 1651 3617 1912 1657 3618 1910 1658 3619 1911 1659 3620 1913 1660 3621 1911 1659 3622 1909 1661 3623 1910 1658 3624 1914 1662 3625 1909 1661 3626 1915 1663 3627 1912 1657 3628 1911 1659 3629 1916 1664 3630 1913 1660 3631 1914 1662 3632 1913 1660 3633 1917 1665 3634 1915 1663 3635 1919 1666 3636 1916 1664 3637 1915 1663 3638 1920 1667 3639 1918 1668 3640 1916 1664 3641 1919 1666 3642 1920 1667 3643 1916 1664 3644 1922 1669 3645 1917 1665 3646 1918 1668 3647 1922 1669 3648 1921 1670 3649 1919 1666 3650 1921 1670 3651 1923 1671 3652 1920 1667 3653 1925 1672 3654 1927 1673 3655 1924 1674 3656 1925 1672 3657 1924 1674 3658 1923 1671 3659 1930 1675 3660 1933 1676 3661 1929 1677 3662 1933 1676 3663 1931 1678 3664 1929 1677 3665 1932 1679 3666 1934 1680 3667 1930 1675 3668 1935 1681 3669 1932 1679 3670 1931 1678 3671 1932 1679 3672 1937 1682 3673 1934 1680 3674 1941 1683 3675 1940 1684 3676 1938 1685 3677 1939 1686 3678 1942 1687 3679 1938 1685 3680 1943 1688 3681 1939 1686 3682 1940 1684 3683 1947 1689 3684 1944 1690 3685 1943 1688 3686 1945 1691 3687 1947 1689 3688 1943 1688 3689 1946 1692 3690 1947 1689 3691 1945 1691 3692 1947 1689 3693 1949 1693 3694 1944 1690 3695 1948 1694 3696 1947 1689 3697 1946 1692 3698 1950 1695 3699 1949 1693 3700 1947 1689 3701 1949 1693 3702 1952 1696 3703 1946 1692 3704 1952 1696 3705 1948 1694 3706 1946 1692 3707 1956 1697 3708 1953 1698 3709 1954 1699 3710 1956 1697 3711 1958 1700 3712 1953 1698 3713 1957 1701 3714 1956 1697 3715 1954 1699 3716 1957 1701 3717 1960 1702 3718 1956 1697 3719 1963 1703 3720 1960 1702 3721 1958 1700 3722 1961 1704 3723 1963 1703 3724 1959 1705 3725 1966 1706 3726 1965 1707 3727 1961 1704 3728 1966 1706 3729 1961 1704 3730 1962 1708 3731 1969 1709 3732 1971 1710 3733 1965 1707 3734 1970 1711 3735 1969 1709 3736 1966 1706 3737 1973 1712 3738 1976 1713 3739 1972 1714 3740 1976 1713 3741 1974 1715 3742 1972 1714 3743 1974 1715 3744 1978 1716 3745 1975 1717 3746 1977 1718 3747 1979 1719 3748 1976 1713 3749 1977 1718 3750 1976 1713 3751 1973 1712 3752 1980 1720 3753 1984 1721 3754 1982 1722 3755 1985 1723 3756 1980 1720 3757 1981 1724 3758 1985 1723 3759 1984 1721 3760 1980 1720 3761 1992 1725 3762 1990 1726 3763 1991 1727 3764 1993 1728 3765 1997 1729 3766 1986 1730 3767 1998 1731 3768 1992 1725 3769 1997 1729 3770 1994 1732 3771 1999 1733 3772 1993 1728 3773 1998 1731 3774 1996 1734 3775 1992 1725 3776 2000 1735 3777 1999 1733 3778 1994 1732 3779 1996 1734 3780 2001 1736 3781 1995 1737 3782 1998 1731 3783 2001 1736 3784 1996 1734 3785 2004 1738 3786 2005 1739 3787 2000 1735 3788 2006 1740 3789 2004 1738 3790 2002 1741 3791 2005 1739 3792 2007 1742 3793 2003 1743 3794 2006 1740 3795 2005 1739 3796 2004 1738 3797 2012 1744 3798 2009 1745 3799 2010 1746 3800 2008 1747 3801 2015 1748 3802 2010 1746 3803 2011 1749 3804 2013 1750 3805 2008 1747 3806 2014 1751 3807 2011 1749 3808 2009 1745 3809 2015 1748 3810 2012 1744 3811 2010 1746 3812 2013 1750 3813 2016 1752 3814 2008 1747 3815 2018 1753 3816 2016 1752 3817 2013 1750 3818 2018 1753 3819 2013 1750 3820 2011 1749 3821 2014 1751 3822 2018 1753 3823 2011 1749 3824 2019 1754 3825 2018 1753 3826 2014 1751 3827 2017 1755 3828 2019 1754 3829 2014 1751 3830 2024 1756 3831 2027 1757 3832 2023 1758 3833 2027 1757 3834 2025 1759 3835 2023 1758 3836 2026 1760 3837 2028 1761 3838 2024 1756 3839 2030 1762 3840 2026 1760 3841 2025 1759 3842 2028 1761 3843 2029 1763 3844 2027 1757 3845 2031 1764 3846 2029 1763 3847 2028 1761 3848 2033 1765 3849 2029 1763 3850 2031 1764 3851 2032 1766 3852 2034 1767 3853 2030 1762 3854 2036 1768 3855 2039 1769 3856 2035 1770 3857 2037 1771 3858 2040 1772 3859 2036 1768 3860 2043 1773 3861 2044 1774 3862 2042 1775 3863 2045 1776 3864 2043 1773 3865 2041 1777 3866 2046 1778 3867 2045 1776 3868 2041 1777 3869 2044 1774 3870 2046 1778 3871 2041 1777 3872 2045 1776 3873 2044 1774 3874 2043 1773 3875 2053 1779 3876 2052 1780 3877 2047 1781 3878 2048 1782 3879 2053 1779 3880 2047 1781 3881 2050 1783 3882 2054 1784 3883 2049 1785 3884 2055 1786 3885 2053 1779 3886 2048 1782 3887 2054 1784 3888 2055 1786 3889 2048 1782 3890 2058 1787 3891 2063 1788 3892 2057 1789 3893 2059 1790 3894 2064 1791 3895 2058 1787 3896 2060 1792 3897 2065 1793 3898 2059 1790 3899 2065 1793 3900 2070 1794 3901 2064 1791 3902 2066 1795 3903 2071 1796 3904 2065 1793 3905 2071 1796 3906 2072 1797 3907 2070 1794 3908 2072 1797 3909 2075 1798 3910 2069 1799 3911 2080 1800 3912 2073 1801 3913 2074 1802 3914 2079 1803 3915 2078 1804 3916 2076 1805 3917 2077 1806 3918 2079 1803 3919 2076 1805 3920 2080 1800 3921 2077 1806 3922 2073 1801 3923 2079 1803 3924 2081 1807 3925 2078 1804 3926 2078 1804 3927 2081 1807 3928 2075 1798 3929 2083 1808 3930 2087 1809 3931 2082 1810 3932 2088 1811 3933 2085 1812 3934 2086 1813 3935 2089 1814 3936 2088 1811 3937 2082 1810 3938 2087 1809 3939 2089 1814 3940 2082 1810 3941 2090 1815 3942 2087 1809 3943 2083 1808 3944 2093 1816 3945 2089 1814 3946 2087 1809 3947 2094 1817 3948 2088 1811 3949 2089 1814 3950 2095 1818 3951 2093 1816 3952 2090 1815 3953 2091 1819 3954 2095 1818 3955 2090 1815 3956 2094 1817 3957 2096 1820 3958 2088 1811 3959 2096 1820 3960 2092 1821 3961 2088 1811 3962 2097 1822 3963 2095 1818 3964 2091 1819 3965 2097 1822 3966 2099 1823 3967 2095 1818 3968 2101 1824 3969 2097 1822 3970 2092 1821 3971 2101 1824 3972 2099 1823 3973 2097 1822 3974 2105 1825 3975 2108 1826 3976 2104 1827 3977 2110 1828 3978 2103 1829 3979 2104 1827 3980 2108 1826 3981 2110 1828 3982 2104 1827 3983 2109 1830 3984 2111 1831 3985 2105 1825 3986 2110 1828 3987 2112 1832 3988 2103 1829 3989 2113 1833 3990 2109 1830 3991 2107 1834 3992 2114 1835 3993 2112 1832 3994 2110 1828 3995 2109 1830 3996 2115 1836 3997 2111 1831 3998 2117 1837 3999 2114 1835 4000 2108 1826 4001 2115 1836 4002 2117 1837 4003 2108 1826 4004 2120 1838 4005 2123 1839 4006 2116 1840 4007 2124 1841 4008 2122 1842 4009 2118 1843 4010 2126 1844 4011 2120 1838 4012 2121 1845 4013 2122 1842 4014 2126 1844 4015 2121 1845 4016 2124 1841 4017 2126 1844 4018 2122 1842 4019 2127 1846 4020 2123 1839 4021 2120 1838 4022 2129 1847 4023 2127 1846 4024 2126 1844 4025 2128 1848 4026 2134 1849 4027 2131 1850 4028 2132 1851 4029 2134 1849 4030 2128 1848 4031 2138 1852 4032 2139 1853 4033 2137 1854 4034 2141 1855 4035 2136 1856 4036 2137 1854 4037 2139 1853 4038 2141 1855 4039 2137 1854 4040 2140 1857 4041 2142 1858 4042 2138 1852 4043 2136 1856 4044 2143 1859 4045 2135 1860 4046 2144 1861 4047 2143 1859 4048 2136 1856 4049 2139 1853 4050 2145 1862 4051 2141 1855 4052 2142 1858 4053 2145 1862 4054 2139 1853 4055 2142 1858 4056 2146 1863 4057 2145 1862 4058 2148 1864 4059 2144 1861 4060 2145 1862 4061 2147 1865 4062 2149 1866 4063 2146 1863 4064 2151 1867 4065 2148 1864 4066 2149 1866 4067 2151 1867 4068 2150 1868 4069 2148 1864 4070 2152 1869 4071 2151 1867 4072 2149 1866 4073 2160 1870 4074 2155 1871 4075 2153 1872 4076 2157 1873 4077 2160 1870 4078 2153 1872 4079 2156 1874 4080 2158 1875 4081 2154 1876 4082 2159 1877 4083 2157 1873 4084 2158 1875 4085 2166 1878 4086 2162 1879 4087 2163 1880 4088 2164 1881 4089 2169 1882 4090 2163 1880 4091 2165 1883 4092 2167 1884 4093 2161 1885 4094 2168 1886 4095 2165 1883 4096 2162 1879 4097 2169 1882 4098 2166 1878 4099 2163 1880 4100 2170 1887 4101 2164 1881 4102 2167 1884 4103 2166 1878 4104 2172 1888 4105 2168 1886 4106 2171 1889 4107 2172 1888 4108 2166 1878 4109 2176 1890 4110 2174 1891 4111 2175 1892 4112 2177 1893 4113 2178 1894 4114 2174 1891 4115 2176 1890 4116 2177 1893 4117 2174 1891 4118 2178 1894 4119 2176 1890 4120 2173 1895 4121 2183 1896 4122 2181 1897 4123 2179 1898 4124 2182 1899 4125 2184 1900 4126 2180 1901 4127 2185 1902 4128 2179 1898 4129 2180 1901 4130 2183 1896 4131 2186 1903 4132 2182 1899 4133 2186 1903 4134 2188 1904 4135 2184 1900 4136 2185 1902 4137 2190 1905 4138 2183 1896 4139 2190 1905 4140 2186 1903 4141 2183 1896 4142 2187 1906 4143 2189 1907 4144 2185 1902 4145 2191 1908 4146 2190 1905 4147 2189 1907 4148 2192 1909 4149 2189 1907 4150 2188 1904 4151 2190 1905 4152 2193 1910 4153 2188 1904 4154 2194 1911 4155 2191 1908 4156 2189 1907 4157 2191 1908 4158 2193 1910 4159 2190 1905 4160 2192 1909 4161 2195 1912 4162 2194 1911 4163 2196 1913 4164 2193 1910 4165 2191 1908 4166 2197 1914 4167 2195 1912 4168 2193 1910 4169 2196 1913 4170 2197 1914 4171 2193 1910 4172 2197 1914 4173 2200 1915 4174 2195 1912 4175 2202 1916 4176 2197 1914 4177 2198 1917 4178 2204 1918 4179 2201 1919 4180 2202 1916 4181 2206 1920 4182 2203 1921 4183 2201 1919 4184 2207 1922 4185 2206 1920 4186 2204 1918 4187 2205 1923 4188 2208 1924 4189 2202 1916 4190 2208 1924 4191 2209 1925 4192 2207 1922 4193 2210 1926 4194 2208 1924 4195 2205 1923 4196 2214 1927 4197 2213 1928 4198 2211 1929 4199 2216 1930 4200 2214 1927 4201 2211 1929 4202 2212 1931 4203 2216 1930 4204 2211 1929 4205 2215 1932 4206 2216 1930 4207 2212 1931 4208 2217 1933 4209 2215 1932 4210 2213 1928 4211 2218 1934 4212 2216 1930 4213 2215 1932 4214 2219 1935 4215 2217 1933 4216 2214 1927 4217 2220 1936 4218 2218 1934 4219 2217 1933 4220 2222 1937 4221 2224 1938 4222 2221 1939 4223 2224 1938 4224 2227 1940 4225 2221 1939 4226 2225 1941 4227 2224 1938 4228 2222 1937 4229 2226 1942 4230 2225 1941 4231 2223 1943 4232 2227 1940 4233 2226 1942 4234 2221 1939 4235 2229 1944 4236 2228 1945 4237 2225 1941 4238 2230 1946 4239 2229 1944 4240 2226 1942 4241 2237 1947 4242 2233 1948 4243 2231 1949 4244 2234 1950 4245 2235 1951 4246 2232 1952 4247 2239 1953 4248 2238 1954 4249 2236 1955 4250 2240 1956 4251 2234 1950 4252 2237 1947 4253 2242 1957 4254 2238 1954 4255 2239 1953 4256 2243 1958 4257 2241 1959 4258 2238 1954 4259 2242 1957 4260 2243 1958 4261 2238 1954 4262 2245 1960 4263 2244 1961 4264 2241 1959 4265 2242 1957 4266 2246 1962 4267 2243 1958 4268 2249 1963 4269 2246 1962 4270 2244 1961 4271 2247 1964 4272 2249 1963 4273 2245 1960 4274 2252 1965 4275 2251 1966 4276 2247 1964 4277 2252 1965 4278 2247 1964 4279 2248 1967 4280 2250 1968 4281 2253 1969 4282 2248 1967 4283 2251 1966 4284 2253 1969 4285 2250 1968 4286 2253 1969 4287 2254 1970 4288 2252 1965 4289 2255 1971 4290 2253 1969 4291 2251 1966 4292 2254 1970 4293 2259 1972 4294 2256 1973 4295 2258 1974 4296 2257 1975 4297 2255 1971 4298 2259 1972 4299 2258 1974 4300 2256 1973 4301 2261 1976 4302 2265 1977 4303 2260 1978 4304 2264 1979 4305 2263 1980 4306 2262 1981 4307 2265 1977 4308 2262 1981 4309 2260 1978 4310 2265 1977 4311 2264 1979 4312 2262 1981 4313 2267 1982 4314 2265 1977 4315 2263 1980 4316 2264 1979 4317 2266 1983 4318 2263 1980 4319 2267 1982 4320 2268 1984 4321 2265 1977 4322 2268 1984 4323 2266 1983 4324 2264 1979 4325 2269 1985 4326 2267 1982 4327 2266 1983 4328 2269 1985 4329 2271 1986 4330 2267 1982 4331 2270 1987 4332 2269 1985 4333 2266 1983 4334 2277 1988 4335 2274 1989 4336 2272 1990 4337 2275 1991 4338 2277 1988 4339 2272 1990 4340 2277 1988 4341 2276 1992 4342 2274 1989 4343 2276 1992 4344 2275 1991 4345 2272 1990 4346 2278 1993 4347 2277 1988 4348 2275 1991 4349 2279 1994 4350 2275 1991 4351 2276 1992 4352 2278 1993 4353 2280 1995 4354 2276 1992 4355 2279 1994 4356 2281 1996 4357 2278 1993 4358 2282 1997 4359 2279 1994 4360 2280 1995 4361 2281 1996 4362 2286 1998 4363 2283 1999 4364 2285 2000 4365 2284 2001 4366 2282 1997 4367 2288 2002 4368 2290 2003 4369 2287 2004 4370 2292 2005 4371 2289 2006 4372 2287 2004 4373 2298 2007 4374 2294 2008 4375 2295 2009 4376 2296 2010 4377 2300 2011 4378 2295 2009 4379 2297 2012 4380 2299 2013 4381 2293 2014 4382 2300 2011 4383 2298 2007 4384 2295 2009 4385 2303 2015 4386 2297 2012 4387 2294 2008 4388 2302 2016 4389 2300 2011 4390 2296 2010 4391 2303 2015 4392 2299 2013 4393 2297 2012 4394 2304 2017 4395 2302 2016 4396 2299 2013 4397 2303 2015 4398 2304 2017 4399 2299 2013 4400 2301 2018 4401 2305 2019 4402 2303 2015 4403 2302 2016 4404 2306 2020 4405 2301 2018 4406 2312 2021 4407 2308 2022 4408 2309 2023 4409 2310 2024 4410 2315 2025 4411 2309 2023 4412 2311 2026 4413 2313 2027 4414 2307 2028 4415 2314 2029 4416 2311 2026 4417 2308 2022 4418 2315 2025 4419 2312 2021 4420 2309 2023 4421 2316 2030 4422 2315 2025 4423 2310 2024 4424 2314 2029 4425 2318 2031 4426 2311 2026 4427 2315 2025 4428 2319 2032 4429 2312 2021 4430 2319 2032 4431 2318 2031 4432 2314 2029 4433 2316 2030 4434 2319 2032 4435 2315 2025 4436 2327 2033 4437 2322 2034 4438 2323 2035 4439 2324 2036 4440 2329 2037 4441 2323 2035 4442 2328 2038 4443 2326 2039 4444 2322 2034 4445 2329 2037 4446 2327 2033 4447 2323 2035 4448 2330 2040 4449 2325 2041 4450 2326 2039 4451 2328 2038 4452 2330 2040 4453 2326 2039 4454 2331 2042 4455 2329 2037 4456 2324 2036 4457 2332 2043 4458 2330 2040 4459 2328 2038 4460 2331 2042 4461 2334 2044 4462 2329 2037 4463 2333 2045 4464 2332 2043 4465 2327 2033 4466 2330 2040 4467 2335 2046 4468 2325 2041 4469 2336 2047 4470 2334 2044 4471 2331 2042 4472 2338 2048 4473 2335 2046 4474 2330 2040 4475 2332 2043 4476 2338 2048 4477 2330 2040 4478 2339 2049 4479 2338 2048 4480 2332 2043 4481 2337 2050 4482 2341 2051 4483 2333 2045 4484 2349 2052 4485 2345 2053 4486 2346 2054 4487 2350 2055 4488 2342 2056 4489 2343 2057 4490 2348 2058 4491 2350 2055 4492 2343 2057 4493 2349 2052 4494 2348 2058 4495 2345 2053 4496 2351 2059 4497 2349 2052 4498 2347 2060 4499 2350 2055 4500 2354 2061 4501 2351 2059 4502 2352 2062 4503 2354 2061 4504 2350 2055 4505 2360 2063 4506 2355 2064 4507 2356 2065 4508 2358 2066 4509 2361 2067 4510 2357 2068 4511 2363 2069 4512 2362 2070 4513 2355 2064 4514 2364 2071 4515 2360 2063 4516 2357 2068 4517 2361 2067 4518 2364 2071 4519 2357 2068 4520 2362 2070 4521 2365 2072 4522 2358 2066 4523 2366 2073 4524 2365 2072 4525 2362 2070 4526 2364 2071 4527 2367 2074 4528 2360 2063 4529 2369 2075 4530 2367 2074 4531 2364 2071 4532 2373 2076 4533 2369 2075 4534 2361 2067 4535 2374 2077 4536 2372 2078 4537 2369 2075 4538 2373 2076 4539 2374 2077 4540 2369 2075 4541 2376 2079 4542 2373 2076 4543 2370 2080 4544 2381 2081 4545 2376 2079 4546 2375 2082 4547 2382 2083 4548 2376 2079 4549 2381 2081 4550 2382 2083 4551 2383 2084 4552 2376 2079 4553 2379 2085 4554 2385 2086 4555 2378 2087 4556 2384 2088 4557 2387 2089 4558 2382 2083 4559 2387 2089 4560 2383 2084 4561 2382 2083 4562 2388 2090 4563 2384 2088 4564 2385 2086 4565 2383 2084 4566 2389 2091 4567 2386 2092 4568 2387 2089 4569 2389 2091 4570 2383 2084 4571 2394 2093 4572 2390 2094 4573 2391 2095 4574 2396 2096 4575 2395 2097 4576 2390 2094 4577 2397 2098 4578 2394 2093 4579 2391 2095 4580 2392 2099 4581 2397 2098 4582 2391 2095 4583 2395 2097 4584 2398 2100 4585 2393 2101 4586 2399 2102 4587 2397 2098 4588 2392 2099 4589 2398 2100 4590 2399 2102 4591 2392 2099 4592 2404 2103 4593 2398 2100 4594 2395 2097 4595 2405 2104 4596 2403 2105 4597 2398 2100 4598 2405 2104 4599 2406 2106 4600 2403 2105 4601 2409 2107 4602 2408 2108 4603 2400 2109 4604 2407 2110 4605 2412 2111 4606 2406 2106 4607 2412 2111 4608 2413 2112 4609 2411 2113 4610 2414 2114 4611 2412 2111 4612 2407 2110 4613 2415 2115 4614 2414 2114 4615 2409 2107 4616 2410 2116 4617 2415 2115 4618 2409 2107 4619 2417 2117 4620 2415 2115 4621 2410 2116 4622 2413 2112 4623 2417 2117 4624 2410 2116 4625 2416 2118 4626 2417 2117 4627 2413 2112 4628 2417 2117 4629 2419 2119 4630 2415 2115 4631 2420 2120 4632 2419 2119 4633 2416 2118 4634 2420 2120 4635 2416 2118 4636 2418 2121 4637 2430 2122 4638 2424 2123 4639 2425 2124 4640 2430 2122 4641 2432 2125 4642 2424 2123 4643 2433 2126 4644 2430 2122 4645 2428 2127 4646 2434 2128 4647 2433 2126 4648 2431 2129 4649 2432 2125 4650 2435 2130 4651 2429 2131 4652 2433 2126 4653 2435 2130 4654 2432 2125 4655 2435 2130 4656 2438 2132 4657 2436 2133 4658 2437 2134 4659 2439 2135 4660 2436 2133 4661 2438 2132 4662 2440 2136 4663 2437 2134 4664 2440 2136 4665 2442 2137 4666 2437 2134 4667 2441 2138 4668 2440 2136 4669 2438 2132 4670 2451 2139 4671 2446 2140 4672 2443 2141 4673 2448 2142 4674 2451 2139 4675 2443 2141 4676 2444 2143 4677 2448 2142 4678 2443 2141 4679 2449 2144 4680 2448 2142 4681 2444 2143 4682 2447 2145 4683 2450 2146 4684 2445 2147 4685 2451 2139 4686 2447 2145 4687 2446 2140 4688 2448 2142 4689 2452 2148 4690 2451 2139 4691 2449 2144 4692 2452 2148 4693 2448 2142 4694 2453 2149 4695 2450 2146 4696 2447 2145 4697 2452 2148 4698 2454 2150 4699 2451 2139 4700 2454 2150 4701 2453 2149 4702 2451 2139 4703 2455 2151 4704 2454 2150 4705 2452 2148 4706 2453 2149 4707 2456 2152 4708 2450 2146 4709 2458 2153 4710 2455 2151 4711 2456 2152 4712 2457 2154 4713 2459 2155 4714 2454 2150 4715 2454 2150 4716 2459 2155 4717 2453 2149 4718 2463 2156 4719 2462 2157 4720 2460 2158 4721 2466 2159 4722 2463 2156 4723 2460 2158 4724 2464 2160 4725 2466 2159 4726 2460 2158 4727 2465 2161 4728 2464 2160 4729 2461 2162 4730 2467 2163 4731 2465 2161 4732 2462 2157 4733 2463 2156 4734 2470 2164 4735 2467 2163 4736 2468 2165 4737 2470 2164 4738 2463 2156 4739 2472 2166 4740 2474 2167 4741 2471 2168 4742 2475 2169 4743 2472 2166 4744 2473 2170 4745 2475 2169 4746 2474 2167 4747 2472 2166 4748 2474 2167 4749 2476 2171 4750 2473 2170 4751 2478 2172 4752 2480 2173 4753 2477 2174 4754 2482 2175 4755 2478 2172 4756 2479 2176 4757 2480 2173 4758 2481 2177 4759 2477 2174 4760 2482 2175 4761 2480 2173 4762 2478 2172 4763 2481 2177 4764 2482 2175 4765 2479 2176 4766 2483 2178 4767 2490 2179 4768 2488 2180 4769 2489 2181 4770 2484 2182 4771 2485 2183 4772 2491 2184 4773 2490 2179 4774 2483 2178 4775 2494 2185 4776 2491 2184 4777 2484 2182 4778 2496 2186 4779 2494 2185 4780 2489 2181 4781 2492 2187 4782 2496 2186 4783 2489 2181 4784 2493 2188 4785 2498 2189 4786 2492 2187 4787 2499 2190 4788 2495 2191 4789 2494 2185 4790 2498 2189 4791 2500 2192 4792 2496 2186 4793 2497 2193 4794 2501 2194 4795 2493 2188 4796 2499 2190 4797 2502 2195 4798 2495 2191 4799 2503 2196 4800 2498 2189 4801 2501 2194 4802 2502 2195 4803 2506 2197 4804 2501 2194 4805 2505 2198 4806 2500 2192 4807 2498 2189 4808 2506 2197 4809 2503 2196 4810 2501 2194 4811 2507 2199 4812 2502 2195 4813 2504 2200 4814 2506 2197 4815 2509 2201 4816 2503 2196 4817 2519 2202 4818 2512 2203 4819 2510 2204 4820 2515 2205 4821 2519 2202 4822 2510 2204 4823 2513 2206 4824 2515 2205 4825 2510 2204 4826 2514 2207 4827 2516 2208 4828 2511 2209 4829 2517 2210 4830 2514 2207 4831 2512 2203 4832 2518 2211 4833 2513 2206 4834 2516 2208 4835 2527 2212 4836 2532 2213 4837 2530 2214 4838 2531 2215 4839 2532 2213 4840 2527 2212 4841 2533 2216 4842 2531 2215 4843 2526 2217 4844 2533 2216 4845 2526 2217 4846 2528 2218 4847 2533 2216 4848 2528 2218 4849 2529 2219 4850 2535 2220 4851 2537 2221 4852 2534 2222 4853 2537 2221 4854 2539 2223 4855 2534 2222 4856 2538 2224 4857 2540 2225 4858 2535 2220 4859 2541 2226 4860 2538 2224 4861 2539 2223 4862 2541 2226 4863 2543 2227 4864 2540 2225 4865 2544 2228 4866 2542 2229 4867 2543 2227 4868 2542 2229 4869 2546 2230 4870 2541 2226 4871 2549 2231 4872 2546 2230 4873 2542 2229 4874 2544 2228 4875 2548 2232 4876 2549 2231 4877 2547 2233 4878 2548 2232 4879 2544 2228 4880 2551 2234 4881 2550 2235 4882 2549 2231 4883 2550 2235 4884 2548 2232 4885 2547 2233 4886 2552 2236 4887 2551 2234 4888 2548 2232 4889 2553 2237 4890 2548 2232 4891 2550 2235 4892 2551 2234 4893 2554 2238 4894 2550 2235 4895 2555 2239 4896 2554 2238 4897 2552 2236 4898 2553 2237 4899 2556 2240 4900 2552 2236 4901 2557 2241 4902 2553 2237 4903 2554 2238 4904 2558 2242 4905 2557 2241 4906 2555 2239 4907 2558 2242 4908 2559 2243 4909 2557 2241 4910 2559 2243 4911 2560 2244 4912 2556 2240 4913 2561 2245 4914 2563 2246 4915 2559 2243 4916 2562 2247 4917 2564 2248 4918 2560 2244 4919 2565 2249 4920 2568 2250 4921 2567 2251 4922 2568 2250 4923 2570 2252 4924 2567 2251 4925 2569 2253 4926 2568 2250 4927 2565 2249 4928 2571 2254 4929 2570 2252 4930 2568 2250 4931 2574 2255 4932 2571 2254 4933 2572 2256 4934 2574 2255 4935 2572 2256 4936 2573 2257 4937 2571 2254 4938 2577 2258 4939 2575 2259 4940 2580 2260 4941 2581 2261 4942 2578 2262 4943 2580 2260 4944 2582 2263 4945 2581 2261 4946 2583 2264 4947 2582 2263 4948 2580 2260 4949 2585 2265 4950 2587 2266 4951 2584 2267 4952 2583 2264 4953 2586 2268 4954 2582 2263 4955 2587 2266 4956 2589 2269 4957 2583 2264 4958 2588 2270 4959 2590 2271 4960 2585 2265 4961 2588 2270 4962 2585 2265 4963 2586 2268 4964 2592 2272 4965 2594 2273 4966 2591 2274 4967 2594 2273 4968 2596 2275 4969 2591 2274 4970 2595 2276 4971 2594 2273 4972 2592 2272 4973 2597 2277 4974 2596 2275 4975 2594 2273 4976 2600 2278 4977 2597 2277 4978 2594 2273 4979 2598 2279 4980 2601 2280 4981 2595 2276 4982 2602 2281 4983 2599 2282 4984 2597 2277 4985 2600 2278 4986 2602 2281 4987 2597 2277 4988 2603 2283 4989 2601 2280 4990 2598 2279 4991 2604 2284 4992 2602 2281 4993 2600 2278 4994 2603 2283 4995 2604 2284 4996 2601 2280 4997 2608 2285 4998 2605 2286 4999 2606 2287 5000 2609 2288 5001 2608 2285 5002 2606 2287 5003 2610 2289 5004 2609 2288 5005 2607 2290 5006 2613 2291 5007 2610 2289 5008 2605 2286 5009 2611 2292 5010 2614 2293 5011 2608 2285 5012 2612 2294 5013 2611 2292 5014 2609 2288 5015 2613 2291 5016 2612 2294 5017 2610 2289 5018 2615 2295 5019 2617 2296 5020 2613 2291 5021 2617 2296 5022 2616 2297 5023 2612 2294 5024 2620 2298 5025 2622 2299 5026 2619 2300 5027 2622 2299 5028 2621 2301 5029 2619 2300 5030 2626 2302 5031 2622 2299 5032 2620 2298 5033 2626 2302 5034 2620 2298 5035 2623 2303 5036 2624 2304 5037 2623 2303 5038 2621 2301 5039 2622 2299 5040 2625 2305 5041 2621 2301 5042 2624 2304 5043 2626 2302 5044 2623 2303 5045 2628 2306 5046 2629 2307 5047 2624 2304 5048 2631 2308 5049 2634 2309 5050 2630 2310 5051 2634 2309 5052 2635 2311 5053 2630 2310 5054 2635 2311 5055 2633 2312 5056 2632 2313 5057 2638 2314 5058 2635 2311 5059 2634 2309 5060 2633 2312 5061 2637 2315 5062 2631 2308 5063 2636 2316 5064 2633 2312 5065 2635 2311 5066 2637 2315 5067 2638 2314 5068 2634 2309 5069 2639 2317 5070 2637 2315 5071 2633 2312 5072 2641 2318 5073 2642 2319 5074 2640 2320 5075 2643 2321 5076 2641 2318 5077 2639 2317 5078 2640 2320 5079 2644 2322 5080 2639 2317 5081 2645 2323 5082 2646 2324 5083 2643 2321 5084 2648 2325 5085 2650 2326 5086 2647 2327 5087 2652 2328 5088 2649 2329 5089 2646 2324 5090 2650 2326 5091 2653 2330 5092 2647 2327 5093 2651 2331 5094 2650 2326 5095 2648 2325 5096 2649 2329 5097 2651 2331 5098 2648 2325 5099 2651 2331 5100 2655 2332 5101 2650 2326 5102 2654 2333 5103 2651 2331 5104 2652 2328 5105 2650 2326 5106 2655 2332 5107 2653 2330 5108 2656 2334 5109 2655 2332 5110 2651 2331 5111 2658 2335 5112 2656 2334 5113 2654 2333 5114 2657 2336 5115 2659 2337 5116 2655 2332 5117 2659 2337 5118 2658 2335 5119 2654 2333 5120 2663 2338 5121 2660 2339 5122 2661 2340 5123 2666 2341 5124 2665 2342 5125 2660 2339 5126 2665 2342 5127 2664 2343 5128 2662 2344 5129 2668 2345 5130 2670 2346 5131 2667 2347 5132 2669 2348 5133 2671 2349 5134 2668 2345 5135 2672 2350 5136 2669 2348 5137 2670 2346 5138 2669 2348 5139 2673 2351 5140 2671 2349 5141 2672 2350 5142 2674 2352 5143 2673 2351 5144 2675 2353 5145 2672 2350 5146 2670 2346 5147 2676 2354 5148 2671 2349 5149 2673 2351 5150 2679 2355 5151 2678 2356 5152 2676 2354 5153 2679 2355 5154 2676 2354 5155 2674 2352 5156 2682 2357 5157 2684 2358 5158 2681 2359 5159 2686 2360 5160 2683 2361 5161 2681 2359 5162 2684 2358 5163 2686 2360 5164 2681 2359 5165 2683 2361 5166 2682 2357 5167 2680 2362 5168 2683 2361 5169 2685 2363 5170 2682 2357 5171 2687 2364 5172 2688 2365 5173 2686 2360 5174 2686 2360 5175 2685 2363 5176 2683 2361 5177 2689 2366 5178 2687 2364 5179 2685 2363 5180 2689 2366 5181 2691 2367 5182 2688 2365 5183 2690 2368 5184 2692 2369 5185 2689 2366 5186 2695 2370 5187 2692 2369 5188 2690 2368 5189 2692 2369 5190 2694 2371 5191 2689 2366 5192 2697 2372 5193 2695 2370 5194 2693 2373 5195 2695 2370 5196 2698 2374 5197 2694 2371 5198 2700 2375 5199 2696 2376 5200 2698 2374 5201 2699 2377 5202 2701 2378 5203 2697 2372 5204 2708 2379 5205 2706 2380 5206 2702 2381 5207 2707 2382 5208 2705 2383 5209 2706 2380 5210 2707 2382 5211 2710 2384 5212 2705 2383 5213 2712 2385 5214 2709 2386 5215 2711 2387 5216 2710 2384 5217 2712 2385 5218 2711 2387 5219 2713 2388 5220 2709 2386 5221 2712 2385 5222 2709 2386 5223 2714 2389 5224 2710 2384 5225 2713 2388 5226 2717 2390 5227 2714 2389 5228 2715 2391 5229 2717 2390 5230 2713 2388 5231 2717 2390 5232 2716 2392 5233 2714 2389 5234 2721 2393 5235 2718 2394 5236 2719 2395 5237 2723 2396 5238 2724 2397 5239 2718 2394 5240 2722 2398 5241 2721 2393 5242 2719 2395 5243 2725 2399 5244 2723 2396 5245 2721 2393 5246 2722 2398 5247 2725 2399 5248 2721 2393 5249 2725 2399 5250 2729 2400 5251 2723 2396 5252 2728 2401 5253 2722 2398 5254 2726 2402 5255 2728 2401 5256 2727 2403 5257 2722 2398 5258 2729 2400 5259 2728 2401 5260 2726 2402 5261 2730 2404 5262 2733 2405 5263 2732 2406 5264 2735 2407 5265 2734 2408 5266 2731 2409 5267 2743 2410 5268 2745 2411 5269 2742 2412 5270 2748 2413 5271 2744 2414 5272 2742 2412 5273 2746 2415 5274 2748 2413 5275 2742 2412 5276 2745 2411 5277 2746 2415 5278 2742 2412 5279 2745 2411 5280 2750 2416 5281 2746 2415 5282 2751 2417 5283 2749 2418 5284 2747 2419 5285 2752 2420 5286 2751 2417 5287 2748 2413 5288 2751 2417 5289 2755 2421 5290 2749 2418 5291 2756 2422 5292 2751 2417 5293 2752 2420 5294 2753 2423 5295 2756 2422 5296 2752 2420 5297 2761 2424 5298 2756 2422 5299 2753 2423 5300 2760 2425 5301 2758 2426 5302 2756 2422 5303 2759 2427 5304 2762 2428 5305 2761 2424 5306 2760 2425 5307 2763 2429 5308 2758 2426 5309 2764 2430 5310 2761 2424 5311 2762 2428 5312 2765 2431 5313 2767 2432 5314 2762 2428 5315 2766 2433 5316 2765 2431 5317 2763 2429 5318 2771 2434 5319 2768 2435 5320 2769 2436 5321 2771 2434 5322 2773 2437 5323 2768 2435 5324 2772 2438 5325 2771 2434 5326 2769 2436 5327 2776 2439 5328 2772 2438 5329 2773 2437 5330 2779 2440 5331 2775 2441 5332 2776 2439 5333 2782 2442 5334 2786 2443 5335 2781 2444 5336 2785 2445 5337 2791 2446 5338 2788 2447 5339 2790 2448 5340 2786 2443 5341 2787 2449 5342 2789 2450 5343 2791 2446 5344 2785 2445 5345 2791 2446 5346 2790 2448 5347 2788 2447 5348 2792 2451 5349 2796 2452 5350 2794 2453 5351 2797 2454 5352 2793 2455 5353 2794 2453 5354 2796 2452 5355 2797 2454 5356 2794 2453 5357 2799 2456 5358 2796 2452 5359 2795 2457 5360 2801 2458 5361 2795 2457 5362 2797 2454 5363 2798 2459 5364 2801 2458 5365 2797 2454 5366 2800 2460 5367 2803 2461 5368 2798 2459 5369 2802 2462 5370 2804 2463 5371 2799 2456 5372 2803 2461 5373 2802 2462 5374 2801 2458 5375 2810 2464 5376 2805 2465 5377 2806 2466 5378 2810 2464 5379 2809 2467 5380 2805 2465 5381 2811 2468 5382 2810 2464 5383 2806 2466 5384 2808 2469 5385 2811 2468 5386 2806 2466 5387 2809 2467 5388 2808 2469 5389 2807 2470 5390 2812 2471 5391 2814 2472 5392 2810 2464 5393 2818 2473 5394 2817 2474 5395 2815 2475 5396 2820 2476 5397 2818 2473 5398 2815 2475 5399 2824 2477 5400 2823 2478 5401 2821 2479 5402 2822 2480 5403 2825 2481 5404 2821 2479 5405 2826 2482 5406 2822 2480 5407 2823 2478 5408 2828 2483 5409 2831 2484 5410 2827 2485 5411 2830 2486 5412 2828 2483 5413 2829 2487 5414 2831 2484 5415 2830 2486 5416 2827 2485 5417 2833 2488 5418 2831 2484 5419 2828 2483 5420 2835 2489 5421 2833 2488 5422 2832 2490 5423 2833 2488 5424 2837 2491 5425 2831 2484 5426 2837 2491 5427 2834 2492 5428 2831 2484 5429 2837 2491 5430 2835 2489 5431 2834 2492 5432 2838 2493 5433 2836 2494 5434 2835 2489 5435 2838 2493 5436 2840 2495 5437 2836 2494 5438 2839 2496 5439 2838 2493 5440 2835 2489 5441 2847 2497 5442 2841 2498 5443 2842 2499 5444 2843 2500 5445 2847 2497 5446 2842 2499 5447 2845 2501 5448 2848 2502 5449 2844 2503 5450 2851 2504 5451 2850 2505 5452 2841 2498 5453 2853 2506 5454 2851 2504 5455 2847 2497 5456 2850 2505 5457 2855 2507 5458 2849 2508 5459 2852 2509 5460 2858 2510 5461 2853 2506 5462 2858 2510 5463 2859 2511 5464 2856 2512 5465 2860 2513 5466 2854 2514 5467 2855 2507 5468 2859 2511 5469 2863 2515 5470 2857 2516 5471 2863 2515 5472 2860 2513 5473 2857 2516 5474 2866 2517 5475 2862 2518 5476 2860 2513 5477 2866 2517 5478 2867 2519 5479 2862 2518 5480 2864 2520 5481 2869 2521 5482 2859 2511 5483 2869 2521 5484 2872 2522 5485 2868 2523 5486 2865 2524 5487 2870 2525 5488 2864 2520 5489 2872 2522 5490 2866 2517 5491 2868 2523 5492 2872 2522 5493 2873 2526 5494 2866 2517 5495 2875 2527 5496 2872 2522 5497 2870 2525 5498 2871 2528 5499 2874 2529 5500 2870 2525 5501 2873 2526 5502 2874 2529 5503 2871 2528 5504 2875 2527 5505 2873 2526 5506 2872 2522 5507 2877 2530 5508 2876 2531 5509 2874 2529 5510 2877 2530 5511 2874 2529 5512 2873 2526 5513 2886 2532 5514 2887 2533 5515 2881 2534 5516 2883 2535 5517 2891 2536 5518 2886 2532 5519 2890 2537 5520 2885 2538 5521 2887 2533 5522 2889 2539 5523 2892 2540 5524 2883 2535 5525 2893 2541 5526 2889 2539 5527 2888 2542 5528 2896 2543 5529 2892 2540 5530 2889 2539 5531 2893 2541 5532 2896 2543 5533 2889 2539 5534 2896 2543 5535 2898 2544 5536 2892 2540 5537 2897 2545 5538 2896 2543 5539 2893 2541 5540 2897 2545 5541 2893 2541 5542 2894 2546 5543 2892 2540 5544 2898 2544 5545 2895 2547 5546 2903 2548 5547 2906 2549 5548 2902 2550 5549 2907 2551 5550 2905 2552 5551 2900 2553 5552 2904 2554 5553 2908 2555 5554 2901 2556 5555 2909 2557 5556 2906 2549 5557 2903 2548 5558 2907 2551 5559 2910 2558 5560 2905 2552 5561 2911 2559 5562 2910 2558 5563 2908 2555 5564 2911 2559 5565 2908 2555 5566 2904 2554 5567 2906 2549 5568 2911 2559 5569 2904 2554 5570 2917 2560 5571 2913 2561 5572 2914 2562 5573 2919 2563 5574 2918 2564 5575 2913 2561 5576 2920 2565 5577 2917 2560 5578 2914 2562 5579 2915 2566 5580 2920 2565 5581 2914 2562 5582 2918 2564 5583 2921 2567 5584 2916 2568 5585 2922 2569 5586 2920 2565 5587 2915 2566 5588 2920 2565 5589 2924 2570 5590 2917 2560 5591 2922 2569 5592 2924 2570 5593 2920 2565 5594 2925 2571 5595 2921 2567 5596 2918 2564 5597 2925 2571 5598 2926 2572 5599 2922 2569 5600 2927 2573 5601 2929 2574 5602 2926 2572 5603 2931 2575 5604 2928 2576 5605 2929 2574 5606 2931 2575 5607 2930 2577 5608 2928 2576 5609 2932 2578 5610 2931 2575 5611 2929 2574 5612 2938 2579 5613 2934 2580 5614 2935 2581 5615 2936 2582 5616 2941 2583 5617 2935 2581 5618 2937 2584 5619 2939 2585 5620 2933 2586 5621 2940 2587 5622 2937 2584 5623 2934 2580 5624 2941 2583 5625 2938 2579 5626 2935 2581 5627 2942 2588 5628 2936 2582 5629 2939 2585 5630 2938 2579 5631 2943 2589 5632 2940 2587 5633 2943 2589 5634 2942 2588 5635 2937 2584 5636 2944 2590 5637 2943 2589 5638 2938 2579 5639 2945 2591 5640 2949 2592 5641 2947 2593 5642 2947 2593 5643 2950 2594 5644 2946 2595 5645 2949 2592 5646 2950 2594 5647 2947 2593 5648 2954 2596 5649 2953 2597 5650 2951 2598 5651 2955 2599 5652 2954 2596 5653 2951 2598 5654 2954 2596 5655 2956 2600 5656 2953 2597 5657 2958 2601 5658 2955 2599 5659 2956 2600 5660 2957 2602 5661 2961 2603 5662 2959 2604 5663 2958 2601 5664 2960 2605 5665 2957 2602 5666 2961 2603 5667 2958 2601 5668 2959 2604 5669 2962 2606 5670 2957 2602 5671 2960 2605 5672 2958 2601 5673 2962 2606 5674 2960 2605 5675 2962 2606 5676 2964 2607 5677 2963 2608 5678 2966 2609 5679 2958 2601 5680 2961 2603 5681 2969 2610 5682 2965 2611 5683 2966 2609 5684 2967 2612 5685 2970 2613 5686 2966 2609 5687 2973 2614 5688 2970 2613 5689 2968 2615 5690 2971 2616 5691 2968 2615 5692 2969 2610 5693 2970 2613 5694 2972 2617 5695 2969 2610 5696 2971 2616 5697 2974 2618 5698 2973 2614 5699 2976 2619 5700 2972 2617 5701 2973 2614 5702 2977 2620 5703 2975 2621 5704 2972 2617 5705 2977 2620 5706 2978 2622 5707 2975 2621 5708 2981 2623 5709 2983 2624 5710 2980 2625 5711 2983 2624 5712 2984 2626 5713 2980 2625 5714 2984 2626 5715 2986 2627 5716 2980 2625 5717 2986 2627 5718 2987 2628 5719 2985 2629 5720 2987 2628 5721 2983 2624 5722 2985 2629 5723 2983 2624 5724 2988 2630 5725 2984 2626 5726 2990 2631 5727 2988 2630 5728 2983 2624 5729 2987 2628 5730 2990 2631 5731 2983 2624 5732 2988 2630 5733 2989 2632 5734 2986 2627 5735 2992 2633 5736 2989 2632 5737 2988 2630 5738 2993 2634 5739 2992 2633 5740 2990 2631 5741 2991 2635 5742 2993 2634 5743 2990 2631 5744 2994 2636 5745 2995 2637 5746 2991 2635 5747 2996 2638 5748 2998 2639 5749 2994 2636 5750 2998 2639 5751 2997 2640 5752 2995 2637 5753 3002 2641 5754 3001 2642 5755 2999 2643 5756 3000 2644 5757 3003 2645 5758 2999 2643 5759 3004 2646 5760 3000 2644 5761 3001 2642 5762 3005 2647 5763 3002 2641 5764 2999 2643 5765 3003 2645 5766 3005 2647 5767 2999 2643 5768 3006 2648 5769 3004 2646 5770 3001 2642 5771 3007 2649 5772 3005 2647 5773 3003 2645 5774 3004 2646 5775 3007 2649 5776 3003 2645 5777 3007 2649 5778 3008 2650 5779 3005 2647 5780 3008 2650 5781 3009 2651 5782 3006 2648 5783 3010 2652 5784 3008 2650 5785 3007 2649 5786 3009 2651 5787 3007 2649 5788 3006 2648 5789 3009 2651 5790 3013 2653 5791 3007 2649 5792 3012 2654 5793 3009 2651 5794 3008 2650 5795 3013 2653 5796 3011 2655 5797 3010 2652 5798 3015 2656 5799 3017 2657 5800 3014 2658 5801 3016 2659 5802 3015 2656 5803 3012 2654 5804 3019 2660 5805 3021 2661 5806 3018 2662 5807 3021 2661 5808 3023 2663 5809 3018 2662 5810 3022 2664 5811 3024 2665 5812 3019 2660 5813 3023 2663 5814 3025 2666 5815 3022 2664 5816 3027 2667 5817 3026 2668 5818 3021 2661 5819 3025 2666 5820 3028 2669 5821 3024 2665 5822 3030 2670 5823 3029 2671 5824 3025 2666 5825 3030 2670 5826 3032 2672 5827 3029 2671 5828 3031 2673 5829 3033 2674 5830 3027 2667 5831 3031 2673 5832 3027 2667 5833 3028 2669 5834 3039 2675 5835 3034 2676 5836 3035 2677 5837 3039 2675 5838 3038 2678 5839 3034 2676 5840 3040 2679 5841 3039 2675 5842 3035 2677 5843 3037 2680 5844 3040 2679 5845 3035 2677 5846 3038 2678 5847 3037 2680 5848 3036 2681 5849 3042 2682 5850 3041 2683 5851 3037 2680 5852 3043 2684 5853 3042 2682 5854 3038 2678 5855 3045 2685 5856 3047 2686 5857 3044 2687 5858 3047 2686 5859 3050 2688 5860 3044 2687 5861 3048 2689 5862 3047 2686 5863 3045 2685 5864 3049 2690 5865 3048 2689 5866 3046 2691 5867 3050 2688 5868 3049 2690 5869 3044 2687 5870 3052 2692 5871 3051 2693 5872 3048 2689 5873 3053 2694 5874 3052 2692 5875 3049 2690 5876 3057 2695 5877 3056 2696 5878 3054 2697 5879 3063 2698 5880 3062 2699 5881 3060 2700 5882 3064 2701 5883 3063 2698 5884 3060 2700 5885 3063 2698 5886 3065 2702 5887 3062 2699 5888 3065 2702 5889 3064 2701 5890 3060 2700 5891 3067 2703 5892 3064 2701 5893 3065 2702 5894 3066 2704 5895 3065 2702 5896 3063 2698 5897 3067 2703 5898 3068 2705 5899 3066 2704 5900 3069 2706 5901 3067 2703 5902 3065 2702 5903 3069 2706 5904 3065 2702 5905 3066 2704 5906 3070 2707 5907 3068 2705 5908 3067 2703 5909 3069 2706 5910 3070 2707 5911 3067 2703 5912 3072 2708 5913 3071 2709 5914 3068 2705 5915 3075 2710 5916 3071 2709 5917 3072 2708 5918 3073 2711 5919 3075 2710 5920 3072 2708 5921 3073 2711 5922 3076 2712 5923 3075 2710 5924 3076 2712 5925 3079 2713 5926 3078 2714 5927 3079 2713 5928 3081 2715 5929 3078 2714 5930 3082 2716 5931 3079 2713 5932 3080 2717 5933 3083 2718 5934 3080 2717 5935 3081 2715 5936 3082 2716 5937 3084 2719 5938 3081 2715 5939 3084 2719 5940 3087 2720 5941 3083 2718 5942 3089 2721 5943 3085 2722 5944 3086 2723 5945 3090 2724 5946 3088 2725 5947 3089 2721 5948 3092 2726 5949 3094 2727 5950 3091 2728 5951 3095 2729 5952 3094 2727 5953 3092 2726 5954 3098 2730 5955 3097 2731 5956 3096 2732 5957 3099 2733 5958 3096 2732 5959 3094 2727 5960 3099 2733 5961 3103 2734 5962 3098 2730 5963 3103 2734 5964 3102 2735 5965 3098 2730 5966 3105 2736 5967 3104 2737 5968 3103 2734 5969 3105 2736 5970 3103 2734 5971 3101 2738 5972 3109 2739 5973 3108 2740 5974 3105 2736 5975 3110 2741 5976 3109 2739 5977 3106 2742 5978 3108 2740 5979 3111 2743 5980 3107 2744 5981 3109 2739 5982 3114 2745 5983 3108 2740 5984 3113 2746 5985 3112 2747 5986 3111 2743 5987 3118 2748 5988 3115 2749 5989 3116 2750 5990 3119 2751 5991 3118 2748 5992 3116 2750 5993 3120 2752 5994 3119 2751 5995 3117 2753 5996 3121 2754 5997 3120 2752 5998 3118 2748 5999 3121 2754 6000 3122 2755 6001 3120 2752 6002 3123 2756 6003 3121 2754 6004 3119 2751 6005 3124 2757 6006 3125 2758 6007 3122 2755 6008 3125 2758 6009 3123 2756 6010 3122 2755 6011 3125 2758 6012 3126 2759 6013 3123 2756 6014 3128 2760 6015 3126 2759 6016 3125 2758 6017 3129 2761 6018 3125 2758 6019 3127 2762 6020 3126 2759 6021 3130 2763 6022 3127 2762 6023 3131 2764 6024 3130 2763 6025 3128 2760 6026 3129 2761 6027 3134 2765 6028 3128 2760 6029 3133 2766 6030 3130 2763 6031 3131 2764 6032 3133 2766 6033 3132 2767 6034 3130 2763 6035 3134 2765 6036 3133 2766 6037 3131 2764 6038 3137 2768 6039 3139 2769 6040 3136 2770 6041 3139 2769 6042 3138 2771 6043 3136 2770 6044 3140 2772 6045 3139 2769 6046 3137 2768 6047 3140 2772 6048 3142 2773 6049 3139 2769 6050 3142 2773 6051 3144 2774 6052 3139 2769 6053 3148 2775 6054 3147 2776 6055 3145 2777 6056 3148 2775 6057 3145 2777 6058 3143 2778 6059 3148 2775 6060 3150 2779 6061 3147 2776 6062 3151 2780 6063 3153 2781 6064 3146 2782 6065 3152 2783 6066 3151 2780 6067 3149 2784 6068 3154 2785 6069 3159 2786 6070 3156 2787 6071 3158 2788 6072 3157 2789 6073 3155 2790 6074 3159 2786 6075 3158 2788 6076 3156 2787 6077 3161 2791 6078 3159 2786 6079 3157 2789 6080 3161 2791 6081 3162 2792 6082 3159 2786 6083 3162 2792 6084 3160 2793 6085 3158 2788 6086 3163 2794 6087 3161 2791 6088 3160 2793 6089 3163 2794 6090 3164 2795 6091 3161 2791 6092 3162 2792 6093 3163 2794 6094 3160 2793 6095 3168 2796 6096 3165 2797 6097 3166 2798 6098 3168 2796 6099 3170 2799 6100 3165 2797 6101 3169 2800 6102 3168 2796 6103 3166 2798 6104 3172 2801 6105 3169 2800 6106 3170 2799 6107 3173 2802 6108 3171 2803 6109 3168 2796 6110 3171 2803 6111 3172 2801 6112 3170 2799 6113 3174 2804 6114 3171 2803 6115 3173 2802 6116 3176 2805 6117 3172 2801 6118 3171 2803 6119 3174 2804 6120 3176 2805 6121 3171 2803 6122 3175 2806 6123 3174 2804 6124 3173 2802 6125 3174 2804 6126 3179 2807 6127 3176 2805 6128 3178 2808 6129 3177 2809 6130 3175 2806 6131 3185 2810 6132 3180 2811 6133 3181 2812 6134 3185 2810 6135 3184 2813 6136 3180 2811 6137 3186 2814 6138 3185 2810 6139 3181 2812 6140 3183 2815 6141 3186 2814 6142 3181 2812 6143 3184 2813 6144 3183 2815 6145 3182 2816 6146 3187 2817 6147 3189 2818 6148 3185 2810 6149 3190 2819 6150 3193 2820 6151 3192 2821 6152 3194 2822 6153 3190 2819 6154 3191 2823 6155 3195 2824 6156 3191 2823 6157 3192 2821 6158 3199 2825 6159 3198 2826 6160 3196 2827 6161 3197 2828 6162 3200 2829 6163 3196 2827 6164 3198 2826 6165 3201 2830 6166 3197 2828 6167 3202 2831 6168 3205 2832 6169 3204 2833 6170 3206 2834 6171 3202 2831 6172 3203 2835 6173 3204 2833 6174 3207 2836 6175 3203 2835 6176 3211 2837 6177 3208 2838 6178 3209 2839 6179 3213 2840 6180 3212 2841 6181 3209 2839 6182 3220 2842 6183 3219 2843 6184 3216 2844 6185 3221 2845 6186 3218 2846 6187 3217 2847 6188 3222 2848 6189 3220 2842 6190 3218 2846 6191 3220 2842 6192 3223 2849 6193 3219 2843 6194 3221 2845 6195 3224 2850 6196 3218 2846 6197 3222 2848 6198 3225 2851 6199 3220 2842 6200 3226 2852 6201 3225 2851 6202 3224 2850 6203 3223 2849 6204 3227 2853 6205 3224 2850 6206 3229 2854 6207 3226 2852 6208 3227 2853 6209 3226 2852 6210 3230 2855 6211 3228 2856 6212 3234 2857 6213 3233 2858 6214 3231 2859 6215 3235 2860 6216 3234 2857 6217 3229 2854 6218 3237 2861 6219 3239 2862 6220 3236 2863 6221 3241 2864 6222 3240 2865 6223 3238 2866 6224 3243 2867 6225 3239 2862 6226 3240 2865 6227 3243 2867 6228 3244 2868 6229 3239 2862 6230 3244 2868 6231 3245 2869 6232 3242 2870 6233 3243 2867 6234 3246 2871 6235 3244 2868 6236 3248 2872 6237 3245 2869 6238 3246 2871 6239 3248 2872 6240 3253 2873 6241 3249 2874 6242 3252 2875 6243 3251 2876 6244 3250 2877 6245 3253 2873 6246 3252 2875 6247 3249 2874 6248 3259 2878 6249 3254 2879 6250 3255 2880 6251 3259 2878 6252 3258 2881 6253 3254 2879 6254 3260 2882 6255 3259 2878 6256 3255 2880 6257 3257 2883 6258 3260 2882 6259 3255 2880 6260 3258 2881 6261 3257 2883 6262 3256 2884 6263 3262 2885 6264 3261 2886 6265 3257 2883 6266 3263 2887 6267 3262 2885 6268 3258 2881 6269 3265 2888 6270 3267 2889 6271 3264 2890 6272 3267 2889 6273 3270 2891 6274 3264 2890 6275 3268 2892 6276 3267 2889 6277 3265 2888 6278 3269 2893 6279 3268 2892 6280 3266 2894 6281 3270 2891 6282 3269 2893 6283 3264 2890 6284 3271 2895 6285 3273 2896 6286 3267 2889 6287 3275 2897 6288 3277 2898 6289 3274 2899 6290 3277 2898 6291 3279 2900 6292 3274 2899 6293 3278 2901 6294 3277 2898 6295 3275 2897 6296 3280 2902 6297 3282 2903 6298 3277 2898 6299 3281 2904 6300 3280 2902 6301 3278 2901 6302 3282 2903 6303 3283 2905 6304 3281 2904 6305 3283 2905 6306 3280 2902 6307 3281 2904 6308 3288 2906 6309 3285 2907 6310 3286 2908 6311 3289 2909 6312 3288 2906 6313 3286 2908 6314 3291 2910 6315 3289 2909 6316 3290 2911 6317 3292 2912 6318 3296 2913 6319 3291 2910 6320 3295 2914 6321 3293 2915 6322 3289 2909 6323 3295 2914 6324 3294 2916 6325 3293 2915 6326 3294 2916 6327 3297 2917 6328 3292 2912 6329 3298 2918 6330 3297 2917 6331 3294 2916 6332 3297 2917 6333 3302 2919 6334 3299 2920 6335 3301 2921 6336 3298 2918 6337 3295 2914 6338 3300 2922 6339 3302 2919 6340 3297 2917 6341 3302 2919 6342 3301 2921 6343 3299 2920 6344 3304 2923 6345 3306 2924 6346 3303 2925 6347 3306 2924 6348 3309 2926 6349 3303 2925 6350 3307 2927 6351 3306 2924 6352 3304 2923 6353 3308 2928 6354 3307 2927 6355 3305 2929 6356 3309 2926 6357 3308 2928 6358 3303 2925 6359 3311 2930 6360 3310 2931 6361 3307 2927 6362 3312 2932 6363 3311 2930 6364 3308 2928 6365 3318 2933 6366 3317 2934 6367 3313 2935 6368 3319 2936 6369 3318 2933 6370 3313 2935 6371 3314 2937 6372 3319 2936 6373 3313 2935 6374 3316 2938 6375 3320 2939 6376 3315 2940 6377 3321 2941 6378 3319 2936 6379 3314 2937 6380 3322 2942 6381 3326 2943 6382 3320 2939 6383 3327 2944 6384 3326 2943 6385 3322 2942 6386 3323 2945 6387 3327 2944 6388 3322 2942 6389 3326 2943 6390 3328 2946 6391 3321 2941 6392 3329 2947 6393 3327 2944 6394 3323 2945 6395 3334 2948 6396 3333 2949 6397 3329 2947 6398 3331 2950 6399 3334 2948 6400 3329 2947 6401 3335 2951 6402 3330 2952 6403 3328 2946 6404 3337 2953 6405 3336 2954 6406 3330 2952 6407 3338 2955 6408 3335 2951 6409 3332 2956 6410 3334 2948 6411 3339 2957 6412 3333 2949 6413 3340 2958 6414 3335 2951 6415 3338 2955 6416 3340 2958 6417 3338 2955 6418 3339 2957 6419 3334 2948 6420 3340 2958 6421 3339 2957 6422 3341 2959 6423 3342 2960 6424 3336 2954 6425 3336 2954 6426 3342 2960 6427 3334 2948 6428 3348 2961 6429 3347 2962 6430 3343 2963 6431 3345 2964 6432 3349 2965 6433 3344 2966 6434 3350 2967 6435 3348 2961 6436 3343 2963 6437 3349 2965 6438 3350 2967 6439 3343 2963 6440 3348 2961 6441 3355 2968 6442 3352 2969 6443 3350 2967 6444 3356 2970 6445 3348 2961 6446 3357 2971 6447 3350 2967 6448 3349 2965 6449 3355 2968 6450 3359 2972 6451 3354 2973 6452 3356 2970 6453 3361 2974 6454 3355 2968 6455 3362 2975 6456 3356 2970 6457 3360 2976 6458 3358 2977 6459 3365 2978 6460 3357 2971 6461 3366 2979 6462 3358 2977 6463 3359 2972 6464 3369 2980 6465 3365 2978 6466 3367 2981 6467 3370 2982 6468 3369 2980 6469 3366 2979 6470 3377 2983 6471 3375 2984 6472 3371 2985 6473 3372 2986 6474 3377 2983 6475 3371 2985 6476 3376 2987 6477 3378 2988 6478 3373 2989 6479 3379 2990 6480 3376 2987 6481 3374 2991 6482 3377 2983 6483 3381 2992 6484 3375 2984 6485 3380 2993 6486 3377 2983 6487 3372 2986 6488 3382 2994 6489 3381 2992 6490 3377 2983 6491 3383 2995 6492 3380 2993 6493 3378 2988 6494 3379 2990 6495 3384 2996 6496 3376 2987 6497 3387 2997 6498 3384 2996 6499 3379 2990 6500 3387 2997 6501 3383 2995 6502 3384 2996 6503 3389 2998 6504 3388 2999 6505 3381 2992 6506 3387 2997 6507 3390 3000 6508 3383 2995 6509 3391 3001 6510 3393 3002 6511 3386 3003 6512 3391 3001 6513 3386 3003 6514 3390 3000 6515 3389 2998 6516 3393 3002 6517 3388 2999 6518 3399 3004 6519 3395 3005 6520 3396 3006 6521 3397 3007 6522 3400 3008 6523 3396 3006 6524 3398 3009 6525 3397 3007 6526 3394 3010 6527 3399 3004 6528 3398 3009 6529 3395 3005 6530 3400 3008 6531 3399 3004 6532 3396 3006 6533 3402 3011 6534 3403 3012 6535 3399 3004 6536 3404 3013 6537 3407 3014 6538 3406 3015 6539 3406 3015 6540 3409 3016 6541 3405 3017 6542 3411 3018 6543 3413 3019 6544 3410 3020 6545 3413 3019 6546 3415 3021 6547 3410 3020 6548 3414 3022 6549 3413 3019 6550 3411 3018 6551 3415 3021 6552 3416 3023 6553 3414 3022 6554 3417 3024 6555 3418 3025 6556 3413 3019 6557 3419 3026 6558 3417 3024 6559 3416 3023 6560 3418 3025 6561 3419 3026 6562 3416 3023 6563 3423 3027 6564 3419 3026 6565 3418 3025 6566 3421 3028 6567 3424 3029 6568 3420 3030 6569 3424 3029 6570 3423 3027 6571 3420 3030 6572 3426 3031 6573 3425 3032 6574 3422 3033 6575 3427 3034 6576 3426 3031 6577 3423 3027 6578 3430 3035 6579 3432 3036 6580 3429 3037 6581 3432 3036 6582 3428 3038 6583 3429 3037 6584 3428 3038 6585 3435 3039 6586 3431 3040 6587 3434 3041 6588 3433 3042 6589 3432 3036 6590 3434 3041 6591 3432 3036 6592 3430 3035 6593 3437 3043 6594 3439 3044 6595 3436 3045 6596 3439 3044 6597 3440 3046 6598 3436 3045 6599 3442 3047 6600 3441 3048 6601 3438 3049 6602 3444 3050 6603 3439 3044 6604 3441 3048 6605 3442 3047 6606 3445 3051 6607 3441 3048 6608 3443 3052 6609 3445 3051 6610 3442 3047 6611 3444 3050 6612 3446 3053 6613 3439 3044 6614 3447 3054 6615 3445 3051 6616 3443 3052 6617 3448 3055 6618 3444 3050 6619 3445 3051 6620 3448 3055 6621 3449 3056 6622 3444 3050 6623 3447 3054 6624 3448 3055 6625 3445 3051 6626 3453 3057 6627 3450 3058 6628 3451 3059 6629 3452 3060 6630 3454 3061 6631 3451 3059 6632 3462 3062 6633 3465 3063 6634 3464 3064 6635 3465 3063 6636 3467 3065 6637 3464 3064 6638 3466 3066 6639 3465 3063 6640 3462 3062 6641 3467 3065 6642 3469 3067 6643 3464 3064 6644 3468 3068 6645 3470 3069 6646 3465 3063 6647 3469 3067 6648 3468 3068 6649 3466 3066 6650 3471 3070 6651 3473 3071 6652 3470 3069 6653 3470 3069 6654 3473 3071 6655 3469 3067 6656 1 2 6657 6 1 6658 0 4 6659 8 3072 6660 3 3073 6661 9 3074 6662 2 0 6663 8 3072 6664 6 1 6665 4 3075 6666 9 3074 6667 3 3073 6668 4 3075 6669 11 947 6670 10 3076 6671 12 3077 6672 9 3074 6673 13 3078 6674 8 3072 6675 12 3077 6676 6 1 6677 19 7 6678 7 3 6679 14 5 6680 10 3076 6681 13 3078 6682 9 3074 6683 7 3 6684 15 9 6685 14 5 6686 12 3077 6687 15 9 6688 6 1 6689 13 3078 6690 16 10 6691 12 3077 6692 13 3078 6693 18 14 6694 17 12 6695 18 14 6696 11 947 6697 19 7 6698 14 5 6699 23 16 6700 22 3079 6701 17 12 6702 20 8 6703 16 10 6704 19 7 6705 21 6 6706 18 14 6707 14 5 6708 22 3079 6709 21 6 6710 24 11 6711 18 14 6712 25 13 6713 20 8 6714 23 16 6715 15 9 6716 22 3079 6717 28 22 6718 27 21 6719 22 3079 6720 27 21 6721 21 6 6722 26 15 6723 32 18 6724 31 3080 6725 26 15 6726 28 22 6727 23 16 6728 25 13 6729 29 17 6730 24 11 6731 27 21 6732 30 20 6733 21 6 6734 21 6 6735 30 20 6736 29 17 6737 26 15 6738 31 3080 6739 28 22 6740 34 29 6741 31 3080 6742 35 30 6743 33 19 6744 38 26 6745 30 20 6746 28 22 6747 34 29 6748 33 19 6749 31 3080 6750 36 23 6751 35 30 6752 29 17 6753 38 26 6754 37 24 6755 29 17 6756 37 24 6757 36 23 6758 43 31 6759 50 42 6760 49 38 6761 33 19 6762 39 32 6763 38 26 6764 34 29 6765 39 32 6766 33 19 6767 36 23 6768 40 25 6769 35 30 6770 37 24 6771 41 27 6772 40 25 6773 40 25 6774 42 28 6775 35 30 6776 34 29 6777 44 37 6778 39 32 6779 42 28 6780 44 37 6781 34 29 6782 38 26 6783 45 33 6784 41 27 6785 44 37 6786 46 34 6787 39 32 6788 43 31 6789 47 36 6790 42 28 6791 44 37 6792 52 41 6793 51 44 6794 48 35 6795 50 42 6796 41 27 6797 44 37 6798 51 44 6799 46 34 6800 64 3081 6801 66 58 6802 70 3082 6803 49 38 6804 52 41 6805 47 36 6806 51 44 6807 53 39 6808 46 34 6809 53 39 6810 54 45 6811 48 35 6812 48 35 6813 54 45 6814 50 42 6815 55 40 6816 56 43 6817 52 41 6818 50 42 6819 57 46 6820 55 40 6821 51 44 6822 58 47 6823 53 39 6824 62 3083 6825 65 48 6826 61 50 6827 63 52 6828 65 48 6829 62 3083 6830 66 58 6831 60 3084 6832 67 54 6833 67 54 6834 61 50 6835 68 49 6836 63 52 6837 70 3082 6838 69 51 6839 71 53 6840 65 48 6841 72 55 6842 66 58 6843 73 60 6844 70 3082 6845 80 3085 6846 76 62 6847 81 66 6848 70 3082 6849 73 60 6850 69 51 6851 67 54 6852 74 56 6853 66 58 6854 71 53 6855 74 56 6856 67 54 6857 66 58 6858 75 57 6859 73 60 6860 69 51 6861 76 62 6862 72 55 6863 73 60 6864 76 62 6865 69 51 6866 74 56 6867 77 61 6868 75 57 6869 75 57 6870 79 63 6871 78 59 6872 72 55 6873 80 3085 6874 71 53 6875 84 67 6876 77 61 6877 85 3086 6878 78 59 6879 81 66 6880 76 62 6881 80 3085 6882 82 64 6883 71 53 6884 79 63 6885 83 65 6886 78 59 6887 85 3086 6888 82 64 6889 86 3087 6890 86 3087 6891 80 3085 6892 87 3088 6893 80 3085 6894 88 3089 6895 87 3088 6896 83 65 6897 89 3090 6898 94 68 6899 83 65 6900 88 3089 6901 81 66 6902 89 3090 6903 85 3086 6904 90 3091 6905 85 3086 6906 91 3092 6907 90 3091 6908 91 3092 6909 87 3088 6910 92 3093 6911 87 3088 6912 93 70 6913 92 3093 6914 83 65 6915 93 70 6916 88 3089 6917 89 3090 6918 96 3094 6919 95 3095 6920 89 3090 6921 95 3095 6922 94 68 6923 90 3091 6924 97 3096 6925 96 3094 6926 91 3092 6927 98 3097 6928 97 3096 6929 98 3097 6930 93 70 6931 99 69 6932 105 73 6933 95 3095 6934 100 75 6935 95 3095 6936 101 76 6937 100 75 6938 97 3096 6939 101 76 6940 96 3094 6941 98 3097 6942 102 3098 6943 97 3096 6944 98 3097 6945 104 72 6946 103 79 6947 99 69 6948 105 73 6949 104 72 6950 102 3098 6951 107 74 6952 101 76 6953 100 75 6954 106 71 6955 105 73 6956 120 88 6957 122 92 6958 126 87 6959 103 79 6960 108 80 6961 102 3098 6962 100 75 6963 109 3099 6964 106 71 6965 107 74 6966 109 3099 6967 100 75 6968 104 72 6969 110 77 6970 103 79 6971 103 79 6972 111 78 6973 108 80 6974 109 3099 6975 113 82 6976 106 71 6977 107 74 6978 112 81 6979 109 3099 6980 108 80 6981 114 83 6982 112 81 6983 119 3100 6984 121 84 6985 118 86 6986 120 88 6987 121 84 6988 119 3100 6989 115 3101 6990 123 93 6991 122 92 6992 123 93 6993 117 3102 6994 124 90 6995 124 90 6996 118 86 6997 125 85 6998 121 84 6999 129 100 7000 125 85 7001 124 90 7002 127 89 7003 123 93 7004 125 85 7005 129 100 7006 127 89 7007 133 3103 7008 136 101 7009 139 103 7010 126 87 7011 130 95 7012 121 84 7013 123 93 7014 132 96 7015 128 91 7016 128 91 7017 133 3103 7018 131 94 7019 131 94 7020 133 3103 7021 130 95 7022 127 89 7023 135 99 7024 134 97 7025 129 100 7026 135 99 7027 127 89 7028 138 104 7029 133 3103 7030 139 103 7031 134 97 7032 136 101 7033 128 91 7034 130 95 7035 138 104 7036 137 98 7037 140 3104 7038 147 111 7039 146 3105 7040 135 99 7041 140 3104 7042 134 97 7043 137 98 7044 140 3104 7045 135 99 7046 136 101 7047 142 106 7048 141 102 7049 134 97 7050 142 106 7051 136 101 7052 142 106 7053 144 107 7054 141 102 7055 140 3104 7056 143 105 7057 134 97 7058 141 102 7059 144 107 7060 138 104 7061 138 104 7062 145 108 7063 137 98 7064 140 3104 7065 146 3105 7066 143 105 7067 143 105 7068 150 115 7069 149 113 7070 145 108 7071 147 111 7072 137 98 7073 144 107 7074 148 109 7075 145 108 7076 143 105 7077 149 113 7078 142 106 7079 157 118 7080 155 3106 7081 158 3107 7082 147 111 7083 150 115 7084 146 3105 7085 147 111 7086 151 110 7087 150 115 7088 145 108 7089 152 3108 7090 151 110 7091 148 109 7092 152 3108 7093 145 108 7094 150 115 7095 154 114 7096 149 113 7097 149 113 7098 155 3106 7099 153 112 7100 154 114 7101 155 3106 7102 149 113 7103 148 109 7104 156 116 7105 152 3108 7106 153 112 7107 157 118 7108 156 116 7109 157 118 7110 160 3109 7111 159 117 7112 154 114 7113 158 3107 7114 155 3106 7115 158 3107 7116 161 119 7117 160 3109 7118 165 3110 7119 176 126 7120 170 127 7121 152 3108 7122 162 120 7123 151 110 7124 156 116 7125 162 120 7126 152 3108 7127 159 117 7128 164 122 7129 156 116 7130 151 110 7131 163 121 7132 161 119 7133 169 3111 7134 171 123 7135 168 125 7136 170 127 7137 171 123 7138 169 3111 7139 165 3110 7140 173 128 7141 172 130 7142 166 3112 7143 174 132 7144 173 128 7145 174 132 7146 168 125 7147 175 124 7148 176 126 7149 177 129 7150 179 133 7151 180 134 7152 171 123 7153 181 135 7154 174 132 7155 178 131 7156 173 128 7157 187 144 7158 183 3113 7159 188 141 7160 178 131 7161 182 136 7162 173 128 7163 180 134 7164 183 3113 7165 178 131 7166 181 135 7167 183 3113 7168 180 134 7169 177 129 7170 184 139 7171 185 137 7172 182 136 7173 184 139 7174 177 129 7175 178 131 7176 187 144 7177 186 138 7178 183 3113 7179 189 142 7180 188 141 7181 191 143 7182 195 147 7183 187 144 7184 185 137 7185 189 142 7186 181 135 7187 190 140 7188 191 143 7189 188 141 7190 184 139 7191 193 146 7192 185 137 7193 186 138 7194 192 145 7195 184 139 7196 184 139 7197 194 151 7198 193 146 7199 192 145 7200 194 151 7201 184 139 7202 191 143 7203 197 148 7204 196 3114 7205 194 151 7206 200 152 7207 193 146 7208 192 145 7209 198 149 7210 194 151 7211 195 147 7212 202 3115 7213 201 153 7214 202 3115 7215 197 148 7216 203 154 7217 199 150 7218 207 156 7219 200 152 7220 199 150 7221 205 155 7222 204 3116 7223 207 156 7224 209 3117 7225 214 3118 7226 202 3115 7227 206 157 7228 201 153 7229 203 154 7230 206 157 7231 202 3115 7232 201 153 7233 208 158 7234 205 155 7235 209 3117 7236 205 155 7237 210 3119 7238 210 3119 7239 208 158 7240 211 3120 7241 208 158 7242 212 3121 7243 211 3120 7244 206 157 7245 213 3122 7246 212 3121 7247 207 156 7248 213 3122 7249 203 154 7250 220 162 7251 209 3117 7252 215 3123 7253 209 3117 7254 216 160 7255 215 3123 7256 210 3119 7257 217 161 7258 216 160 7259 211 3120 7260 218 169 7261 217 161 7262 212 3121 7263 219 164 7264 218 169 7265 219 164 7266 214 3118 7267 220 162 7268 233 3124 7269 235 178 7270 239 177 7271 215 3123 7272 221 165 7273 220 162 7274 216 160 7275 221 165 7276 215 3123 7277 218 169 7278 222 159 7279 217 161 7280 219 164 7281 223 163 7282 218 169 7283 222 159 7284 224 167 7285 216 160 7286 220 162 7287 226 166 7288 223 163 7289 224 167 7290 227 170 7291 221 165 7292 231 3125 7293 234 171 7294 230 173 7295 232 175 7296 234 171 7297 231 3125 7298 228 3126 7299 236 184 7300 235 178 7301 236 184 7302 230 173 7303 237 172 7304 233 3124 7305 238 174 7306 232 175 7307 243 182 7308 248 186 7309 247 3127 7310 236 184 7311 240 176 7312 235 178 7313 234 171 7314 241 179 7315 237 172 7316 237 172 7317 242 180 7318 236 184 7319 238 174 7320 243 182 7321 241 179 7322 239 177 7323 243 182 7324 238 174 7325 236 184 7326 245 183 7327 240 176 7328 240 176 7329 248 186 7330 244 181 7331 245 183 7332 246 187 7333 240 176 7334 242 180 7335 246 187 7336 245 183 7337 243 182 7338 247 3127 7339 241 179 7340 251 193 7341 247 3127 7342 252 191 7343 249 185 7344 253 190 7345 248 186 7346 241 179 7347 251 193 7348 250 188 7349 247 3127 7350 253 190 7351 252 191 7352 257 195 7353 261 199 7354 262 200 7355 246 187 7356 254 189 7357 249 185 7358 251 193 7359 255 192 7360 250 188 7361 246 187 7362 256 194 7363 254 189 7364 257 195 7365 258 196 7366 252 191 7367 265 203 7368 272 3128 7369 271 209 7370 255 192 7371 263 201 7372 260 198 7373 261 199 7374 267 205 7375 262 200 7376 255 192 7377 266 204 7378 263 201 7379 265 203 7380 268 206 7381 261 199 7382 267 205 7383 269 207 7384 264 202 7385 269 207 7386 270 208 7387 266 204 7388 265 203 7389 271 209 7390 268 206 7391 274 3129 7392 268 206 7393 273 210 7394 270 208 7395 272 3128 7396 263 201 7397 278 211 7398 282 217 7399 281 218 7400 267 205 7401 274 3129 7402 269 207 7403 275 215 7404 279 216 7405 277 213 7406 278 211 7407 280 214 7408 276 212 7409 280 214 7410 279 216 7411 275 215 7412 284 222 7413 280 214 7414 285 225 7415 280 214 7416 282 217 7417 279 216 7418 285 225 7419 283 219 7420 286 221 7421 283 219 7422 284 222 7423 286 221 7424 285 225 7425 291 223 7426 284 222 7427 299 232 7428 306 242 7429 305 241 7430 289 224 7431 288 228 7432 285 225 7433 291 223 7434 290 226 7435 287 220 7436 289 224 7437 292 230 7438 288 228 7439 290 226 7440 292 230 7441 289 224 7442 292 230 7443 293 229 7444 288 228 7445 293 229 7446 294 227 7447 288 228 7448 290 226 7449 295 231 7450 293 229 7451 298 233 7452 301 239 7453 297 235 7454 299 232 7455 304 238 7456 298 233 7457 301 239 7458 304 238 7459 303 240 7460 315 250 7461 312 247 7462 316 3130 7463 300 236 7464 306 242 7465 302 237 7466 305 241 7467 307 243 7468 304 238 7469 307 243 7470 309 246 7471 303 240 7472 308 244 7473 311 248 7474 310 245 7475 309 246 7476 308 244 7477 306 242 7478 309 246 7479 313 249 7480 312 247 7481 310 245 7482 315 250 7483 313 249 7484 325 259 7485 331 261 7486 330 263 7487 314 251 7488 316 3130 7489 312 247 7490 317 3131 7491 323 252 7492 322 254 7493 319 3132 7494 324 256 7495 318 3133 7496 320 257 7497 324 256 7498 319 3132 7499 317 3131 7500 325 259 7501 323 252 7502 318 3133 7503 325 259 7504 317 3131 7505 318 3133 7506 327 262 7507 325 259 7508 324 256 7509 327 262 7510 318 3133 7511 323 252 7512 328 258 7513 321 253 7514 326 255 7515 331 261 7516 324 256 7517 329 260 7518 332 264 7519 328 258 7520 326 255 7521 332 264 7522 331 261 7523 328 258 7524 332 264 7525 326 255 7526 343 3134 7527 346 277 7528 342 278 7529 332 264 7530 335 267 7531 333 265 7532 334 266 7533 336 270 7534 330 263 7535 335 267 7536 337 268 7537 333 265 7538 337 268 7539 336 270 7540 334 266 7541 340 276 7542 345 275 7543 339 271 7544 343 3134 7545 348 272 7546 347 284 7547 356 3135 7548 361 292 7549 355 288 7550 339 271 7551 349 282 7552 348 272 7553 345 275 7554 349 282 7555 339 271 7556 346 277 7557 350 279 7558 341 274 7559 346 277 7560 351 280 7561 350 279 7562 347 284 7563 351 280 7564 346 277 7565 350 279 7566 352 281 7567 345 275 7568 352 281 7569 354 285 7570 345 275 7571 351 280 7572 353 283 7573 352 281 7574 356 3135 7575 363 293 7576 362 3136 7577 366 294 7578 361 292 7579 367 295 7580 358 287 7581 364 291 7582 360 289 7583 363 293 7584 365 3137 7585 362 3136 7586 360 289 7587 365 3137 7588 363 293 7589 367 295 7590 362 3136 7591 368 300 7592 368 300 7593 365 3137 7594 369 303 7595 378 310 7596 386 3138 7597 385 309 7598 360 289 7599 369 303 7600 365 3137 7601 360 289 7602 370 298 7603 369 303 7604 366 294 7605 370 298 7606 360 289 7607 366 294 7608 371 296 7609 372 297 7610 368 300 7611 371 296 7612 367 295 7613 369 303 7614 373 299 7615 368 300 7616 370 298 7617 375 302 7618 369 303 7619 372 297 7620 375 302 7621 370 298 7622 374 301 7623 375 302 7624 372 297 7625 376 305 7626 383 308 7627 381 3139 7628 378 310 7629 382 304 7630 377 306 7631 381 3139 7632 383 308 7633 380 312 7634 382 304 7635 384 307 7636 376 305 7637 379 3140 7638 387 311 7639 386 3138 7640 385 309 7641 389 315 7642 388 314 7643 389 315 7644 387 311 7645 390 318 7646 390 318 7647 383 308 7648 391 313 7649 392 3141 7650 396 3142 7651 395 320 7652 384 307 7653 392 3141 7654 391 313 7655 382 304 7656 392 3141 7657 384 307 7658 388 314 7659 393 316 7660 382 304 7661 391 313 7662 394 317 7663 390 318 7664 392 3141 7665 395 320 7666 391 313 7667 406 330 7668 408 331 7669 410 3143 7670 393 316 7671 396 3142 7672 382 304 7673 394 317 7674 397 319 7675 389 315 7676 391 313 7677 398 321 7678 394 317 7679 400 327 7680 404 326 7681 399 322 7682 401 324 7683 402 325 7684 400 327 7685 399 322 7686 404 326 7687 403 323 7688 404 326 7689 406 330 7690 403 323 7691 407 329 7692 410 3143 7693 409 333 7694 407 329 7695 409 333 7696 408 331 7697 413 336 7698 408 331 7699 411 335 7700 412 332 7701 410 3143 7702 413 336 7703 412 332 7704 411 335 7705 408 331 7706 414 334 7707 415 337 7708 411 335 7709 418 339 7710 416 3144 7711 419 340 7712 417 338 7713 416 3144 7714 414 334 7715 413 336 7716 415 337 7717 417 338 7718 419 340 7719 417 338 7720 420 342 7721 421 341 7722 424 344 7723 423 3145 7724 418 339 7725 420 342 7726 417 338 7727 420 342 7728 422 343 7729 419 340 7730 421 341 7731 422 343 7732 420 342 7733 481 391 7734 484 3146 7735 487 3147 7736 423 3145 7737 422 343 7738 421 341 7739 425 347 7740 426 346 7741 428 348 7742 427 345 7743 429 349 7744 426 346 7745 428 348 7746 430 3148 7747 429 349 7748 428 348 7749 426 346 7750 430 3148 7751 430 3148 7752 431 350 7753 429 349 7754 431 350 7755 432 3149 7756 426 346 7757 426 346 7758 432 3149 7759 430 3148 7760 434 3150 7761 437 354 7762 433 3151 7763 435 353 7764 436 352 7765 434 3150 7766 434 3150 7767 436 352 7768 437 354 7769 433 3151 7770 437 354 7771 435 353 7772 437 354 7773 438 351 7774 435 353 7775 438 351 7776 439 355 7777 440 356 7778 441 357 7779 442 358 7780 439 355 7781 444 364 7782 446 363 7783 443 361 7784 445 360 7785 448 359 7786 447 362 7787 443 361 7788 450 365 7789 448 359 7790 449 366 7791 446 363 7792 447 362 7793 448 359 7794 449 366 7795 447 362 7796 449 366 7797 452 368 7798 446 363 7799 450 365 7800 453 369 7801 449 366 7802 451 367 7803 453 369 7804 450 365 7805 455 375 7806 457 373 7807 454 372 7808 456 371 7809 458 374 7810 455 375 7811 459 370 7812 458 374 7813 456 371 7814 457 373 7815 460 377 7816 459 370 7817 458 374 7818 461 378 7819 457 373 7820 461 378 7821 460 377 7822 457 373 7823 466 383 7824 467 382 7825 465 3152 7826 465 3152 7827 469 384 7828 464 379 7829 463 381 7830 468 380 7831 467 382 7832 467 382 7833 469 384 7834 465 3152 7835 470 387 7836 476 386 7837 475 392 7838 472 3153 7839 477 393 7840 471 385 7841 473 389 7842 477 393 7843 472 3153 7844 475 392 7845 478 388 7846 474 390 7847 471 385 7848 479 394 7849 476 386 7850 478 388 7851 480 395 7852 473 389 7853 477 393 7854 482 396 7855 479 394 7856 480 395 7857 483 397 7858 477 393 7859 486 3154 7860 481 391 7861 487 3147 7862 482 396 7863 484 3146 7864 476 386 7865 478 388 7866 486 3154 7867 483 397 7868 505 416 7869 510 417 7870 509 419 7871 490 402 7872 492 403 7873 489 399 7874 491 400 7875 493 404 7876 490 402 7877 490 402 7878 493 404 7879 492 403 7880 495 405 7881 494 406 7882 491 400 7883 497 410 7884 498 408 7885 499 411 7886 498 408 7887 500 412 7888 499 411 7889 503 3155 7890 506 418 7891 502 413 7892 504 415 7893 505 416 7894 503 3155 7895 502 413 7896 506 418 7897 507 414 7898 505 416 7899 506 418 7900 503 3155 7901 508 422 7902 510 417 7903 506 418 7904 506 418 7905 509 419 7906 508 422 7907 508 422 7908 512 423 7909 510 417 7910 525 3156 7911 522 3157 7912 523 3158 7913 515 426 7914 517 425 7915 514 429 7916 517 425 7917 519 428 7918 514 429 7919 519 428 7920 518 424 7921 516 427 7922 522 3157 7923 524 3159 7924 523 3158 7925 521 3160 7926 524 3159 7927 520 3161 7928 539 442 7929 543 3162 7930 542 440 7931 527 431 7932 529 3163 7933 526 3164 7934 526 3164 7935 531 433 7936 528 432 7937 526 3164 7938 529 3163 7939 531 433 7940 527 431 7941 530 430 7942 529 3163 7943 535 434 7944 537 439 7945 534 435 7946 533 438 7947 535 434 7948 532 436 7949 534 435 7950 536 437 7951 533 438 7952 538 441 7953 541 443 7954 540 3165 7955 541 443 7956 543 3162 7957 540 3165 7958 544 444 7959 553 3166 7960 552 452 7961 548 451 7962 550 447 7963 547 449 7964 549 446 7965 551 445 7966 548 451 7967 544 444 7968 552 452 7969 551 445 7970 545 3167 7971 554 3168 7972 553 3166 7973 553 3166 7974 557 457 7975 556 3169 7976 550 447 7977 554 3168 7978 546 448 7979 553 3166 7980 556 3169 7981 552 452 7982 554 3168 7983 558 455 7984 557 457 7985 550 447 7986 559 3170 7987 558 455 7988 559 3170 7989 551 445 7990 560 453 7991 552 452 7992 562 3171 7993 561 454 7994 556 3169 7995 563 456 7996 562 3171 7997 562 3171 7998 569 3172 7999 568 3173 8000 559 3170 8001 564 3174 8002 558 455 8003 560 453 8004 564 3174 8005 559 3170 8006 564 3174 8007 565 459 8008 558 455 8009 560 453 8010 566 458 8011 564 3174 8012 564 3174 8013 567 461 8014 565 459 8015 566 458 8016 567 461 8017 564 3174 8018 562 3171 8019 568 3173 8020 561 454 8021 571 466 8022 568 3173 8023 572 464 8024 565 459 8025 569 3172 8026 563 456 8027 561 454 8028 571 466 8029 566 458 8030 568 3173 8031 573 3175 8032 572 464 8033 578 471 8034 574 462 8035 579 468 8036 565 459 8037 573 3175 8038 569 3172 8039 571 466 8040 575 463 8041 566 458 8042 565 459 8043 574 462 8044 573 3175 8045 571 466 8046 576 465 8047 575 463 8048 576 465 8049 580 469 8050 575 463 8051 573 3175 8052 578 471 8053 572 464 8054 588 475 8055 593 484 8056 592 482 8057 576 465 8058 582 472 8059 580 469 8060 579 468 8061 583 473 8062 578 471 8063 586 481 8064 589 479 8065 585 477 8066 587 476 8067 590 480 8068 586 481 8069 588 475 8070 595 483 8071 590 480 8072 589 479 8073 595 483 8074 594 3176 8075 589 479 8076 594 3176 8077 593 484 8078 597 3177 8079 592 482 8080 596 485 8081 597 3177 8082 598 486 8083 594 3176 8084 594 3176 8085 596 485 8086 593 484 8087 595 483 8088 597 3177 8089 594 3176 8090 596 485 8091 599 489 8092 597 3177 8093 594 3176 8094 598 486 8095 596 485 8096 604 492 8097 606 494 8098 605 3178 8099 596 485 8100 602 491 8101 599 489 8102 596 485 8103 600 487 8104 602 491 8105 601 488 8106 600 487 8107 598 486 8108 602 491 8109 601 488 8110 599 489 8111 602 491 8112 606 494 8113 601 488 8114 602 491 8115 603 490 8116 606 494 8117 600 487 8118 604 492 8119 603 490 8120 609 496 8121 608 495 8122 610 3179 8123 603 490 8124 608 495 8125 607 493 8126 605 3178 8127 608 495 8128 604 492 8129 607 493 8130 605 3178 8131 606 494 8132 608 495 8133 611 498 8134 610 3179 8135 607 493 8136 611 498 8137 605 3178 8138 610 3179 8139 613 499 8140 609 496 8141 610 3179 8142 615 500 8143 614 501 8144 622 506 8145 618 502 8146 621 508 8147 612 497 8148 613 499 8149 615 500 8150 615 500 8151 616 503 8152 614 501 8153 613 499 8154 617 3180 8155 615 500 8156 613 499 8157 618 502 8158 617 3180 8159 617 3180 8160 619 504 8161 615 500 8162 619 504 8163 620 505 8164 616 503 8165 624 509 8166 628 512 8167 627 513 8168 620 505 8169 621 508 8170 618 502 8171 617 3180 8172 622 506 8173 619 504 8174 622 506 8175 623 507 8176 620 505 8177 625 510 8178 624 509 8179 621 508 8180 623 507 8181 626 511 8182 625 510 8183 624 509 8184 626 511 8185 622 506 8186 624 509 8187 629 514 8188 626 511 8189 633 518 8190 638 522 8191 635 519 8192 626 511 8193 629 514 8194 628 512 8195 631 517 8196 633 518 8197 630 3181 8198 630 3181 8199 635 519 8200 632 515 8201 633 518 8202 635 519 8203 630 3181 8204 633 518 8205 637 521 8206 636 3182 8207 637 521 8208 635 519 8209 638 522 8210 642 524 8211 636 3182 8212 640 526 8213 636 3182 8214 641 523 8215 640 526 8216 644 3183 8217 642 524 8218 645 529 8219 642 524 8220 641 523 8221 639 520 8222 641 523 8223 643 528 8224 640 526 8225 641 523 8226 644 3183 8227 643 528 8228 643 528 8229 650 3184 8230 649 532 8231 648 530 8232 651 531 8233 647 525 8234 643 528 8235 649 532 8236 646 527 8237 653 535 8238 650 3184 8239 654 536 8240 645 529 8241 650 3184 8242 644 3183 8243 645 529 8244 651 531 8245 650 3184 8246 648 530 8247 653 535 8248 652 534 8249 663 543 8250 659 540 8251 664 545 8252 651 531 8253 654 536 8254 650 3184 8255 651 531 8256 655 533 8257 654 536 8258 652 534 8259 657 538 8260 655 533 8261 653 535 8262 656 537 8263 652 534 8264 655 533 8265 657 538 8266 654 536 8267 658 539 8268 660 541 8269 659 540 8270 661 542 8271 660 541 8272 656 537 8273 657 538 8274 659 540 8275 661 542 8276 660 541 8277 662 544 8278 659 540 8279 663 543 8280 662 544 8281 660 541 8282 686 3185 8283 677 558 8284 682 560 8285 666 548 8286 671 547 8287 665 551 8288 668 3186 8289 672 553 8290 667 546 8291 669 554 8292 672 553 8293 668 3186 8294 670 550 8295 674 552 8296 669 554 8297 670 550 8298 675 555 8299 674 552 8300 672 553 8301 676 556 8302 667 546 8303 673 549 8304 677 558 8305 675 555 8306 671 547 8307 677 558 8308 673 549 8309 672 553 8310 678 3187 8311 676 556 8312 674 552 8313 678 3187 8314 672 553 8315 674 552 8316 680 3188 8317 678 3187 8318 675 555 8319 680 3188 8320 674 552 8321 679 557 8322 681 559 8323 677 558 8324 678 3187 8325 683 3189 8326 676 556 8327 676 556 8328 683 3189 8329 681 559 8330 678 3187 8331 685 3190 8332 684 564 8333 680 3188 8334 686 3185 8335 685 3190 8336 681 559 8337 688 563 8338 687 562 8339 681 559 8340 687 562 8341 682 560 8342 682 560 8343 692 3191 8344 686 3185 8345 684 564 8346 688 563 8347 683 3189 8348 685 3190 8349 689 566 8350 684 564 8351 686 3185 8352 689 566 8353 685 3190 8354 694 573 8355 691 561 8356 695 571 8357 687 562 8358 690 570 8359 682 560 8360 686 3185 8361 692 3191 8362 689 566 8363 687 562 8364 694 573 8365 690 570 8366 692 3191 8367 696 567 8368 689 566 8369 693 565 8370 695 571 8371 691 561 8372 690 570 8373 697 569 8374 692 3191 8375 698 568 8376 694 573 8377 699 572 8378 696 567 8379 700 578 8380 693 565 8381 693 565 8382 700 578 8383 695 571 8384 699 572 8385 704 3192 8386 703 575 8387 697 569 8388 701 576 8389 696 567 8390 697 569 8391 702 574 8392 701 576 8393 698 568 8394 703 575 8395 702 574 8396 700 578 8397 704 3192 8398 695 571 8399 703 575 8400 706 581 8401 702 574 8402 705 577 8403 708 583 8404 704 3192 8405 705 577 8406 706 581 8407 708 583 8408 702 574 8409 706 581 8410 705 577 8411 703 575 8412 708 583 8413 707 579 8414 713 585 8415 711 582 8416 714 587 8417 710 584 8418 711 582 8419 708 583 8420 706 581 8421 709 580 8422 710 584 8423 707 579 8424 711 582 8425 709 580 8426 710 584 8427 712 586 8428 711 582 8429 722 591 8430 717 3193 8431 723 3194 8432 713 585 8433 712 586 8434 710 584 8435 716 592 8436 721 588 8437 715 590 8438 721 588 8439 726 594 8440 720 589 8441 717 3193 8442 724 597 8443 723 3194 8444 724 597 8445 719 3195 8446 725 595 8447 719 3195 8448 726 594 8449 725 595 8450 729 599 8451 726 594 8452 730 598 8453 722 591 8454 727 593 8455 721 588 8456 724 597 8457 728 596 8458 723 3194 8459 722 591 8460 732 3196 8461 731 3197 8462 722 591 8463 731 3197 8464 727 593 8465 728 596 8466 732 3196 8467 723 3194 8468 730 598 8469 735 3198 8470 736 602 8471 729 599 8472 733 601 8473 728 596 8474 731 3197 8475 738 3199 8476 737 3200 8477 731 3197 8478 735 3198 8479 727 593 8480 731 3197 8481 737 3200 8482 735 3198 8483 735 3198 8484 744 3201 8485 736 602 8486 733 601 8487 738 3199 8488 732 3196 8489 735 3198 8490 740 3202 8491 739 3203 8492 740 3202 8493 738 3199 8494 741 604 8495 738 3199 8496 742 605 8497 741 604 8498 742 605 8499 734 600 8500 743 608 8501 734 600 8502 744 3201 8503 743 608 8504 742 605 8505 747 607 8506 746 603 8507 739 3203 8508 745 606 8509 744 3201 8510 744 3201 8511 745 606 8512 743 608 8513 745 606 8514 748 3204 8515 753 3205 8516 748 3204 8517 740 3202 8518 749 611 8519 740 3202 8520 750 3206 8521 749 611 8522 746 603 8523 750 3206 8524 741 604 8525 746 603 8526 752 3207 8527 751 3208 8528 747 607 8529 753 3205 8530 752 3207 8531 748 3204 8532 758 3209 8533 753 3205 8534 750 3206 8535 754 609 8536 749 611 8537 751 3208 8538 754 609 8539 750 3206 8540 751 3208 8541 757 3210 8542 756 613 8543 749 611 8544 755 3211 8545 748 3204 8546 751 3208 8547 756 613 8548 754 609 8549 757 3210 8550 753 3205 8551 758 3209 8552 763 3212 8553 755 3211 8554 760 616 8555 749 611 8556 759 610 8557 755 3211 8558 761 612 8559 757 3210 8560 762 620 8561 759 610 8562 760 616 8563 755 3211 8564 762 620 8565 758 3209 8566 763 3212 8567 763 3212 8568 767 3213 8569 770 621 8570 761 612 8571 764 614 8572 754 609 8573 764 614 8574 765 615 8575 759 610 8576 764 614 8577 766 617 8578 765 615 8579 767 3213 8580 765 615 8581 768 618 8582 762 620 8583 770 621 8584 769 619 8585 761 612 8586 769 619 8587 766 617 8588 769 619 8589 771 623 8590 766 617 8591 767 3213 8592 773 624 8593 770 621 8594 768 618 8595 773 624 8596 767 3213 8597 777 625 8598 775 3214 8599 778 628 8600 770 621 8601 773 624 8602 772 622 8603 776 626 8604 778 628 8605 775 3214 8606 783 635 8607 777 625 8608 779 633 8609 778 628 8610 783 635 8611 781 630 8612 777 625 8613 780 629 8614 779 633 8615 781 630 8616 780 629 8617 778 628 8618 786 637 8619 779 633 8620 784 632 8621 784 632 8622 789 638 8623 788 3215 8624 786 637 8625 785 634 8626 783 635 8627 784 632 8628 788 3215 8629 787 636 8630 785 634 8631 787 636 8632 790 3216 8633 790 3216 8634 789 638 8635 785 634 8636 792 643 8637 788 3215 8638 793 640 8639 790 3216 8640 791 639 8641 789 638 8642 799 647 8643 804 649 8644 803 650 8645 789 638 8646 793 640 8647 788 3215 8648 787 636 8649 792 643 8650 790 3216 8651 790 3216 8652 794 642 8653 791 639 8654 792 643 8655 794 642 8656 790 3216 8657 791 639 8658 795 644 8659 793 640 8660 791 639 8661 796 3217 8662 795 644 8663 794 642 8664 796 3217 8665 791 639 8666 793 640 8667 797 641 8668 792 643 8669 794 642 8670 797 641 8671 796 3217 8672 798 646 8673 804 649 8674 800 3218 8675 801 645 8676 802 648 8677 798 646 8678 805 655 8679 801 645 8680 807 654 8681 804 649 8682 802 648 8683 803 650 8684 803 650 8685 808 652 8686 801 645 8687 801 645 8688 808 652 8689 807 654 8690 803 650 8691 805 655 8692 806 653 8693 809 651 8694 812 657 8695 811 658 8696 810 656 8697 812 657 8698 807 654 8699 809 651 8700 810 656 8701 808 652 8702 822 668 8703 819 664 8704 820 667 8705 809 651 8706 813 659 8707 810 656 8708 810 656 8709 815 661 8710 814 660 8711 811 658 8712 816 662 8713 813 659 8714 814 660 8715 816 662 8716 812 657 8717 818 3219 8718 817 663 8719 816 662 8720 814 660 8721 818 3219 8722 816 662 8723 814 660 8724 819 664 8725 818 3219 8726 817 663 8727 819 664 8728 815 661 8729 819 664 8730 821 670 8731 820 667 8732 818 3219 8733 821 670 8734 817 663 8735 822 668 8736 824 666 8737 826 672 8738 821 670 8739 823 665 8740 820 667 8741 823 665 8742 828 3220 8743 824 666 8744 821 670 8745 825 669 8746 823 665 8747 826 672 8748 825 669 8749 822 668 8750 828 3220 8751 827 671 8752 824 666 8753 825 669 8754 827 671 8755 830 3221 8756 825 669 8757 830 3221 8758 829 673 8759 837 682 8760 843 3222 8761 842 3223 8762 832 676 8763 836 675 8764 831 679 8765 834 3224 8766 837 682 8767 833 674 8768 835 678 8769 837 682 8770 834 3224 8771 838 677 8772 840 681 8773 835 678 8774 837 682 8775 841 683 8776 833 674 8777 837 682 8778 842 3223 8779 841 683 8780 838 677 8781 845 3225 8782 846 687 8783 838 677 8784 843 3222 8785 840 681 8786 844 684 8787 848 692 8788 847 3226 8789 844 684 8790 845 3225 8791 839 680 8792 838 677 8793 846 687 8794 843 3222 8795 844 684 8796 847 3226 8797 845 3225 8798 849 3227 8799 843 3222 8800 850 686 8801 842 3223 8802 848 692 8803 841 683 8804 842 3223 8805 849 3227 8806 848 692 8807 862 697 8808 854 688 8809 858 698 8810 846 687 8811 850 686 8812 843 3222 8813 845 3225 8814 851 689 8815 846 687 8816 847 3226 8817 851 689 8818 845 3225 8819 851 689 8820 852 685 8821 846 687 8822 849 3227 8823 853 690 8824 848 692 8825 850 686 8826 853 690 8827 849 3227 8828 847 3226 8829 854 688 8830 851 689 8831 848 692 8832 855 691 8833 847 3226 8834 850 686 8835 856 693 8836 853 690 8837 852 685 8838 856 693 8839 850 686 8840 855 691 8841 854 688 8842 847 3226 8843 855 691 8844 861 3228 8845 860 695 8846 859 3229 8847 858 698 8848 854 688 8849 857 694 8850 859 3229 8851 854 688 8852 856 693 8853 862 697 8854 861 3228 8855 858 698 8856 864 702 8857 863 696 8858 859 3229 8859 865 699 8860 864 702 8861 865 699 8862 861 3228 8863 866 3230 8864 866 3230 8865 862 697 8866 863 696 8867 893 3231 8868 885 717 8869 889 3232 8870 864 702 8871 867 701 8872 863 696 8873 865 699 8874 868 700 8875 864 702 8876 866 3230 8877 869 703 8878 865 699 8879 863 696 8880 869 703 8881 866 3230 8882 867 701 8883 869 703 8884 863 696 8885 871 706 8886 876 705 8887 870 711 8888 873 3233 8889 877 708 8890 872 704 8891 874 709 8892 877 708 8893 873 3233 8894 875 713 8895 878 707 8896 874 709 8897 870 711 8898 879 710 8899 875 713 8900 872 704 8901 880 714 8902 876 705 8903 877 708 8904 880 714 8905 872 704 8906 877 708 8907 882 719 8908 880 714 8909 878 707 8910 882 719 8911 877 708 8912 876 705 8913 883 715 8914 879 710 8915 879 710 8916 885 717 8917 884 716 8918 882 719 8919 887 721 8920 880 714 8921 886 718 8922 887 721 8923 882 719 8924 885 717 8925 890 722 8926 889 3232 8927 887 721 8928 892 3234 8929 891 723 8930 886 718 8931 893 3231 8932 892 3234 8933 893 3231 8934 895 728 8935 899 730 8936 888 720 8937 894 724 8938 890 722 8939 889 3232 8940 896 727 8941 895 728 8942 897 726 8943 892 3234 8944 898 732 8945 894 724 8946 896 727 8947 890 722 8948 891 723 8949 897 726 8950 894 724 8951 892 3234 8952 899 730 8953 898 732 8954 906 3235 8955 909 733 8956 905 735 8957 898 732 8958 900 725 8959 897 726 8960 899 730 8961 902 729 8962 898 732 8963 895 728 8964 901 731 8965 902 729 8966 900 725 8967 901 731 8968 896 727 8969 906 3235 8970 911 737 8971 910 3236 8972 908 736 8973 912 741 8974 913 742 8975 915 3237 8976 910 3236 8977 916 3238 8978 904 734 8979 912 741 8980 903 3239 8981 908 736 8982 913 742 8983 911 737 8984 904 734 8985 914 739 8986 912 741 8987 909 733 8988 915 3237 8989 914 739 8990 910 3236 8991 917 744 8992 916 3238 8993 914 739 8994 919 748 8995 918 740 8996 913 742 8997 917 744 8998 911 737 8999 916 3238 9000 919 748 9001 915 3237 9002 916 3238 9003 921 743 9004 920 749 9005 913 742 9006 922 745 9007 923 746 9008 927 753 9009 931 756 9010 930 755 9011 922 745 9012 925 750 9013 923 746 9014 918 740 9015 927 753 9016 925 750 9017 926 751 9018 928 754 9019 920 749 9020 929 752 9021 932 758 9022 936 763 9023 931 756 9024 934 762 9025 933 761 9026 930 755 9027 932 758 9028 925 750 9029 931 756 9030 933 761 9031 930 755 9032 934 762 9033 926 751 9034 935 764 9035 926 751 9036 936 763 9037 935 764 9038 946 3240 9039 948 769 9040 951 3241 9041 933 761 9042 937 757 9043 930 755 9044 932 758 9045 938 759 9046 936 763 9047 935 764 9048 939 760 9049 934 762 9050 937 757 9051 940 3242 9052 938 759 9053 933 761 9054 940 3242 9055 937 757 9056 939 760 9057 940 3242 9058 933 761 9059 936 763 9060 938 759 9061 939 760 9062 944 771 9063 950 775 9064 949 770 9065 950 775 9066 946 3240 9067 951 3241 9068 947 765 9069 953 3243 9070 952 772 9071 947 765 9072 952 772 9073 948 769 9074 958 780 9075 957 3244 9076 959 3245 9077 949 770 9078 953 3243 9079 943 768 9080 948 769 9081 954 773 9082 951 3241 9083 951 3241 9084 955 774 9085 950 775 9086 954 773 9087 957 3244 9088 951 3241 9089 949 770 9090 956 776 9091 953 3243 9092 951 3241 9093 957 3244 9094 955 774 9095 954 773 9096 959 3245 9097 957 3244 9098 955 774 9099 958 780 9100 956 776 9101 952 772 9102 961 3246 9103 960 777 9104 952 772 9105 960 777 9106 954 773 9107 965 3247 9108 954 773 9109 962 778 9110 956 776 9111 961 3246 9112 953 3243 9113 958 780 9114 965 3247 9115 964 779 9116 961 3246 9117 963 782 9118 960 777 9119 956 776 9120 963 782 9121 961 3246 9122 965 3247 9123 969 3248 9124 964 779 9125 964 779 9126 966 781 9127 956 776 9128 963 782 9129 967 783 9130 960 777 9131 962 778 9132 970 3249 9133 965 3247 9134 963 782 9135 968 784 9136 967 783 9137 964 779 9138 969 3248 9139 966 781 9140 970 3249 9141 972 786 9142 976 790 9143 967 783 9144 971 785 9145 962 778 9146 968 784 9147 971 785 9148 967 783 9149 968 784 9150 974 791 9151 973 787 9152 969 3248 9153 974 791 9154 966 781 9155 969 3248 9156 976 790 9157 975 3250 9158 977 788 9159 978 789 9160 972 786 9161 977 788 9162 980 792 9163 979 3251 9164 975 3250 9165 978 789 9166 981 795 9167 975 3250 9168 981 795 9169 974 791 9170 984 798 9171 979 3251 9172 985 801 9173 981 795 9174 982 793 9175 974 791 9176 978 789 9177 983 796 9178 981 795 9179 978 789 9180 984 798 9181 983 796 9182 979 3251 9183 986 800 9184 985 801 9185 996 3252 9186 999 809 9187 1001 815 9188 982 793 9189 986 800 9190 980 792 9191 985 801 9192 988 797 9193 984 798 9194 986 800 9195 989 799 9196 985 801 9197 987 794 9198 990 802 9199 982 793 9200 983 796 9201 990 802 9202 987 794 9203 988 797 9204 990 802 9205 983 796 9206 993 805 9207 997 804 9208 992 808 9209 1000 810 9210 996 3252 9211 1001 815 9212 998 806 9213 1004 814 9214 1003 813 9215 1000 810 9216 1002 812 9217 994 803 9218 1001 815 9219 1007 821 9220 1011 820 9221 1000 810 9222 1005 816 9223 1002 812 9224 1004 814 9225 1006 818 9226 1003 813 9227 1002 812 9228 1006 818 9229 1004 814 9230 1007 821 9231 1003 813 9232 1008 3253 9233 1005 816 9234 1009 817 9235 1002 812 9236 1006 818 9237 1008 3253 9238 1003 813 9239 1005 816 9240 1011 820 9241 1010 3254 9242 1008 3253 9243 1013 823 9244 1012 825 9245 1008 3253 9246 1012 825 9247 1007 821 9248 1009 817 9249 1018 828 9250 1017 827 9251 1009 817 9252 1013 823 9253 1006 818 9254 1012 825 9255 1014 819 9256 1007 821 9257 1013 823 9258 1015 822 9259 1012 825 9260 1014 819 9261 1019 830 9262 1011 820 9263 1009 817 9264 1017 827 9265 1015 822 9266 1011 820 9267 1018 828 9268 1010 3254 9269 1020 834 9270 1015 822 9271 1021 832 9272 1016 824 9273 1020 834 9274 1014 819 9275 1038 841 9276 1045 851 9277 1044 3255 9278 1017 827 9279 1021 832 9280 1015 822 9281 1019 830 9282 1022 826 9283 1018 828 9284 1019 830 9285 1023 829 9286 1022 826 9287 1020 834 9288 1024 831 9289 1014 819 9290 1020 834 9291 1025 833 9292 1024 831 9293 1022 826 9294 1026 835 9295 1017 827 9296 1022 826 9297 1028 837 9298 1026 835 9299 1023 829 9300 1029 839 9301 1028 837 9302 1027 836 9303 1030 3256 9304 1031 838 9305 1026 835 9306 1030 3256 9307 1027 836 9308 1024 831 9309 1031 838 9310 1029 839 9311 1029 839 9312 1030 3256 9313 1026 835 9314 1035 3257 9315 1038 841 9316 1034 845 9317 1036 842 9318 1038 841 9319 1035 3257 9320 1037 849 9321 1039 840 9322 1036 842 9323 1032 847 9324 1041 846 9325 1037 849 9326 1037 849 9327 1042 848 9328 1039 840 9329 1033 844 9330 1043 853 9331 1041 846 9332 1040 843 9333 1043 853 9334 1033 844 9335 1038 841 9336 1044 3255 9337 1040 843 9338 1045 851 9339 1047 3258 9340 1044 3255 9341 1042 848 9342 1045 851 9343 1039 840 9344 1041 846 9345 1046 850 9346 1042 848 9347 1044 3255 9348 1047 3258 9349 1040 843 9350 1054 864 9351 1048 857 9352 1055 861 9353 1046 850 9354 1048 857 9355 1045 851 9356 1041 846 9357 1050 854 9358 1046 850 9359 1047 3258 9360 1051 855 9361 1040 843 9362 1050 854 9363 1052 856 9364 1046 850 9365 1049 852 9366 1053 858 9367 1050 854 9368 1047 3258 9369 1054 864 9370 1051 855 9371 1057 859 9372 1060 871 9373 1063 870 9374 1052 856 9375 1055 861 9376 1048 857 9377 1049 852 9378 1056 860 9379 1053 858 9380 1054 864 9381 1058 862 9382 1051 855 9383 1056 860 9384 1060 871 9385 1053 858 9386 1059 863 9387 1063 870 9388 1062 867 9389 1059 863 9390 1062 867 9391 1054 864 9392 1060 871 9393 1065 868 9394 1066 869 9395 1064 866 9396 1065 868 9397 1058 862 9398 1062 867 9399 1067 872 9400 1064 866 9401 1063 870 9402 1067 872 9403 1062 867 9404 1076 880 9405 1079 882 9406 1078 884 9407 1064 866 9408 1067 872 9409 1065 868 9410 1069 875 9411 1071 874 9412 1068 877 9413 1073 876 9414 1072 878 9415 1070 873 9416 1071 874 9417 1076 880 9418 1068 877 9419 1074 883 9420 1076 880 9421 1071 874 9422 1072 878 9423 1074 883 9424 1071 874 9425 1076 880 9426 1078 884 9427 1077 881 9428 1075 879 9429 1079 882 9430 1072 878 9431 1082 886 9432 1079 882 9433 1083 890 9434 1075 879 9435 1077 881 9436 1080 888 9437 1081 885 9438 1084 887 9439 1077 881 9440 1079 882 9441 1084 887 9442 1083 890 9443 1083 890 9444 1086 891 9445 1082 886 9446 1081 885 9447 1085 889 9448 1084 887 9449 1098 903 9450 1099 904 9451 1097 902 9452 1091 894 9453 1094 898 9454 1093 899 9455 1092 896 9456 1095 900 9457 1090 897 9458 1093 899 9459 1097 902 9460 1096 901 9461 1095 900 9462 1097 902 9463 1094 898 9464 1096 901 9465 1099 904 9466 1101 907 9467 1119 3259 9468 1113 921 9469 1118 3260 9470 1096 901 9471 1101 907 9472 1095 900 9473 1100 906 9474 1104 911 9475 1099 904 9476 1102 905 9477 1104 911 9478 1100 906 9479 1101 907 9480 1105 910 9481 1102 905 9482 1104 911 9483 1106 909 9484 1099 904 9485 1101 907 9486 1103 908 9487 1105 910 9488 1103 908 9489 1109 915 9490 1105 910 9491 1103 908 9492 1108 913 9493 1109 915 9494 1107 912 9495 1108 913 9496 1106 909 9497 1105 910 9498 1109 915 9499 1107 912 9500 1111 916 9501 1110 914 9502 1108 913 9503 1112 917 9504 1111 916 9505 1107 912 9506 1109 915 9507 1110 914 9508 1112 917 9509 1111 916 9510 1113 921 9511 1110 914 9512 1112 917 9513 1114 919 9514 1111 916 9515 1113 921 9516 1115 918 9517 1110 914 9518 1111 916 9519 1114 919 9520 1113 921 9521 1117 925 9522 1116 920 9523 1114 919 9524 1115 918 9525 1117 925 9526 1114 919 9527 1133 936 9528 1136 939 9529 1135 938 9530 1116 920 9531 1118 3260 9532 1113 921 9533 1115 918 9534 1119 3259 9535 1117 925 9536 1118 3260 9537 1122 923 9538 1119 3259 9539 1116 920 9540 1122 923 9541 1118 3260 9542 1117 925 9543 1120 922 9544 1116 920 9545 1119 3259 9546 1121 924 9547 1117 925 9548 1119 3259 9549 1122 923 9550 1121 924 9551 1124 932 9552 1126 929 9553 1123 926 9554 1125 928 9555 1127 931 9556 1124 932 9557 1123 926 9558 1129 930 9559 1128 927 9560 1131 933 9561 1126 929 9562 1127 931 9563 1128 927 9564 1132 934 9565 1131 933 9566 1126 929 9567 1131 933 9568 1130 935 9569 1131 933 9570 1134 937 9571 1133 936 9572 1130 935 9573 1135 938 9574 1132 934 9575 1135 938 9576 1134 937 9577 1132 934 9578 1135 938 9579 1136 939 9580 1134 937 9581 1139 942 9582 1141 944 9583 1140 943 9584 1134 937 9585 1138 940 9586 1133 936 9587 1139 942 9588 1140 943 9589 1136 939 9590 1136 939 9591 1140 943 9592 1138 940 9593 1138 940 9594 1141 944 9595 1137 941 9596 1139 942 9597 1142 945 9598 1143 949 9599 1148 953 9600 1154 960 9601 1153 955 9602 1142 945 9603 1145 951 9604 1144 948 9605 1145 951 9606 1147 954 9607 1144 948 9608 1146 950 9609 1148 953 9610 1145 951 9611 1145 951 9612 1149 3261 9613 1147 954 9614 1148 953 9615 1149 3261 9616 1145 951 9617 1147 954 9618 1151 958 9619 1150 952 9620 1149 3261 9621 1151 958 9622 1147 954 9623 1148 953 9624 1152 956 9625 1149 3261 9626 1150 952 9627 1151 958 9628 1154 960 9629 1149 3261 9630 1152 956 9631 1151 958 9632 1153 955 9633 1156 959 9634 1157 964 9635 1153 955 9636 1155 957 9637 1152 956 9638 1155 957 9639 1156 959 9640 1151 958 9641 1153 955 9642 1157 964 9643 1155 957 9644 1158 961 9645 1157 964 9646 1160 963 9647 1156 959 9648 1159 962 9649 1157 964 9650 1158 961 9651 1159 962 9652 1156 959 9653 1167 970 9654 1172 976 9655 1168 972 9656 1162 3262 9657 1164 968 9658 1161 965 9659 1163 967 9660 1165 969 9661 1162 3262 9662 1165 969 9663 1164 968 9664 1162 3262 9665 1166 966 9666 1167 970 9667 1168 972 9668 1168 972 9669 1169 971 9670 1165 969 9671 1164 968 9672 1169 971 9673 1167 970 9674 1169 971 9675 1172 976 9676 1171 975 9677 1170 973 9678 1174 974 9679 1167 970 9680 1174 974 9681 1175 978 9682 1177 981 9683 1169 971 9684 1173 3263 9685 1170 973 9686 1171 975 9687 1173 3263 9688 1169 971 9689 1178 983 9690 1182 985 9691 1180 982 9692 1173 3263 9693 1175 978 9694 1170 973 9695 1171 975 9696 1176 979 9697 1173 3263 9698 1174 974 9699 1177 981 9700 1171 975 9701 1176 979 9702 1175 978 9703 1173 3263 9704 1177 981 9705 1176 979 9706 1171 975 9707 1175 978 9708 1178 983 9709 1177 981 9710 1176 979 9711 1179 980 9712 1181 977 9713 1178 983 9714 1180 982 9715 1177 981 9716 1179 980 9717 1182 985 9718 1181 977 9719 1187 991 9720 1184 987 9721 1189 992 9722 1180 982 9723 1185 989 9724 1183 984 9725 1185 989 9726 1184 987 9727 1183 984 9728 1180 982 9729 1186 986 9730 1185 989 9731 1182 985 9732 1187 991 9733 1186 986 9734 1187 991 9735 1188 988 9736 1186 986 9737 1184 987 9738 1188 988 9739 1189 992 9740 1189 992 9741 1190 990 9742 1192 995 9743 1191 993 9744 1190 990 9745 1187 991 9746 1189 992 9747 1192 995 9748 1191 993 9749 1191 993 9750 1196 998 9751 1194 997 9752 1191 993 9753 1194 997 9754 1190 990 9755 1193 994 9756 1195 996 9757 1196 998 9758 1216 1018 9759 1219 1020 9760 1215 1017 9761 1195 996 9762 1199 1000 9763 1196 998 9764 1196 998 9765 1198 1001 9766 1194 997 9767 1196 998 9768 1199 1000 9769 1198 1001 9770 1200 1003 9771 1205 1002 9772 1204 1007 9773 1203 1006 9774 1206 1008 9775 1201 1004 9776 1205 1002 9777 1207 1011 9778 1204 1007 9779 1206 1008 9780 1207 1011 9781 1205 1002 9782 1208 1009 9783 1206 1008 9784 1203 1006 9785 1207 1011 9786 1211 1013 9787 1204 1007 9788 1209 1010 9789 1212 1014 9790 1207 1011 9791 1206 1008 9792 1213 1015 9793 1209 1010 9794 1208 1009 9795 1211 1013 9796 1210 1012 9797 1209 1010 9798 1213 1015 9799 1212 1014 9800 1211 1013 9801 1212 1014 9802 1214 1016 9803 1213 1015 9804 1218 1019 9805 1216 1018 9806 1220 1026 9807 1223 1023 9808 1217 1021 9809 1218 1019 9810 1217 1021 9811 1216 1018 9812 1218 1019 9813 1220 1026 9814 1217 1021 9815 1219 1020 9816 1220 1026 9817 1218 1019 9818 1219 1020 9819 1222 1024 9820 1220 1026 9821 1221 1022 9822 1222 1024 9823 1219 1020 9824 1235 1032 9825 1230 3264 9826 1236 1039 9827 1221 1022 9828 1223 1023 9829 1222 1024 9830 1222 1024 9831 1225 1028 9832 1224 1025 9833 1223 1023 9834 1226 3265 9835 1222 1024 9836 1223 1023 9837 1227 1027 9838 1226 3265 9839 1226 3265 9840 1225 1028 9841 1222 1024 9842 1229 1033 9843 1234 1029 9844 1228 1031 9845 1234 1029 9846 1239 3266 9847 1233 1030 9848 1236 1039 9849 1231 3267 9850 1237 1035 9851 1231 3267 9852 1238 1036 9853 1237 1035 9854 1232 3268 9855 1239 3266 9856 1238 1036 9857 1240 1037 9858 1242 1043 9859 1246 1042 9860 1234 1029 9861 1240 1037 9862 1239 3266 9863 1239 3266 9864 1240 1037 9865 1238 1036 9866 1242 1043 9867 1235 1032 9868 1243 1049 9869 1241 1034 9870 1244 1038 9871 1237 1035 9872 1236 1039 9873 1243 1049 9874 1235 1032 9875 1245 1045 9876 1240 1037 9877 1246 1042 9878 1252 1047 9879 1254 1051 9880 1259 1053 9881 1236 1039 9882 1247 1040 9883 1243 1049 9884 1243 1049 9885 1248 1041 9886 1242 1043 9887 1245 1045 9888 1249 1044 9889 1244 1038 9890 1249 1044 9891 1250 1046 9892 1244 1038 9893 1243 1049 9894 1251 1048 9895 1248 1041 9896 1250 1046 9897 1253 1050 9898 1247 1040 9899 1251 1048 9900 1254 1051 9901 1248 1041 9902 1255 1058 9903 1253 1050 9904 1256 1059 9905 1253 1050 9906 1257 1055 9907 1256 1059 9908 1257 1055 9909 1249 1044 9910 1258 1056 9911 1249 1044 9912 1259 1053 9913 1258 1056 9914 1260 1054 9915 1259 1053 9916 1261 1052 9917 1256 1059 9918 1264 1060 9919 1263 1057 9920 1254 1051 9921 1262 1061 9922 1261 1052 9923 1255 1058 9924 1262 1061 9925 1254 1051 9926 1266 3269 9927 1261 1052 9928 1267 1062 9929 1263 1057 9930 1265 1063 9931 1255 1058 9932 1260 1054 9933 1266 3269 9934 1264 1060 9935 1269 1066 9936 1266 3269 9937 1270 1069 9938 1262 1061 9939 1268 1065 9940 1267 1062 9941 1265 1063 9942 1268 1065 9943 1262 1061 9944 1264 1060 9945 1269 1066 9946 1263 1057 9947 1267 1062 9948 1271 1064 9949 1274 1068 9950 1267 1062 9951 1270 1069 9952 1266 3269 9953 1271 1064 9954 1273 1067 9955 1272 1073 9956 1276 1070 9957 1270 1069 9958 1277 1071 9959 1271 1064 9960 1275 1075 9961 1274 1068 9962 1272 1073 9963 1275 1075 9964 1271 1064 9965 1293 1085 9966 1294 1092 9967 1297 1094 9968 1276 1070 9969 1278 1072 9970 1273 1067 9971 1275 1075 9972 1280 1078 9973 1274 1068 9974 1278 1072 9975 1279 1074 9976 1272 1073 9977 1274 1068 9978 1280 1078 9979 1277 1071 9980 1277 1071 9981 1282 1076 9982 1276 1070 9983 1279 1074 9984 1281 1077 9985 1275 1075 9986 1278 1072 9987 1282 1076 9988 1279 1074 9989 1277 1071 9990 1283 3270 9991 1282 1076 9992 1280 1078 9993 1283 3270 9994 1277 1071 9995 1281 1077 9996 1283 3270 9997 1280 1078 9998 1284 1081 9999 1289 1082 10000 1286 3271 10001 1286 3271 10002 1288 1083 10003 1285 1079 10004 1289 1082 10005 1288 1083 10006 1286 3271 10007 1288 1083 10008 1290 1086 10009 1287 1080 10010 1289 1082 10011 1293 1085 10012 1288 1083 10013 1288 1083 10014 1292 1088 10015 1290 1086 10016 1288 1083 10017 1293 1085 10018 1292 1088 10019 1290 1086 10020 1294 1092 10021 1291 1084 10022 1302 1095 10023 1296 1087 10024 1301 1093 10025 1292 1088 10026 1295 1096 10027 1290 1086 10028 1293 1085 10029 1297 1094 10030 1296 1087 10031 1292 1088 10032 1298 1089 10033 1295 1096 10034 1295 1096 10035 1299 1090 10036 1294 1092 10037 1294 1092 10038 1300 1091 10039 1297 1094 10040 1298 1089 10041 1302 1095 10042 1295 1096 10043 1303 3272 10044 1306 1099 10045 1305 1098 10046 1297 1094 10047 1301 1093 10048 1296 1087 10049 1301 1093 10050 1303 3272 10051 1302 1095 10052 1303 3272 10053 1305 1098 10054 1302 1095 10055 1305 1098 10056 1304 1097 10057 1299 1090 10058 1311 1104 10059 1315 1107 10060 1314 1111 10061 1308 1106 10062 1311 1104 10063 1307 1102 10064 1309 1101 10065 1312 1105 10066 1308 1106 10067 1311 1104 10068 1316 3273 10069 1313 1103 10070 1311 1104 10071 1314 1111 10072 1316 3273 10073 1314 1111 10074 1319 1113 10075 1316 3273 10076 1313 1103 10077 1316 3273 10078 1310 1100 10079 1326 1117 10080 1328 1123 10081 1327 1119 10082 1315 1107 10083 1318 1108 10084 1314 1111 10085 1316 3273 10086 1319 1113 10087 1310 1100 10088 1319 1113 10089 1318 1108 10090 1310 1100 10091 1319 1113 10092 1322 1114 10093 1318 1108 10094 1317 1110 10095 1323 1116 10096 1321 1112 10097 1324 1115 10098 1323 1116 10099 1320 1109 10100 1323 1116 10101 1324 1115 10102 1321 1112 10103 1325 1118 10104 1330 1120 10105 1329 1121 10106 1325 1118 10107 1328 1123 10108 1322 1114 10109 1329 1121 10110 1328 1123 10111 1325 1118 10112 1332 1124 10113 1333 1127 10114 1336 1125 10115 1327 1119 10116 1332 1124 10117 1330 1120 10118 1328 1123 10119 1331 1122 10120 1327 1119 10121 1333 1127 10122 1331 1122 10123 1334 1130 10124 1331 1122 10125 1335 1126 10126 1334 1130 10127 1344 1133 10128 1346 1139 10129 1343 1135 10130 1332 1124 10131 1335 1126 10132 1329 1121 10133 1336 1125 10134 1337 1128 10135 1335 1126 10136 1334 1130 10137 1339 1131 10138 1338 1129 10139 1341 1134 10140 1343 1135 10141 1340 1138 10142 1340 1138 10143 1345 1137 10144 1342 1132 10145 1343 1135 10146 1348 1136 10147 1340 1138 10148 1342 1132 10149 1345 1137 10150 1344 1133 10151 1350 1144 10152 1347 1140 10153 1351 1142 10154 1345 1137 10155 1348 1136 10156 1347 1140 10157 1346 1139 10158 1350 1144 10159 1349 1141 10160 1378 1170 10161 1380 1172 10162 1376 1168 10163 1349 1141 10164 1351 1142 10165 1347 1140 10166 1350 1144 10167 1353 1145 10168 1349 1141 10169 1349 1141 10170 1352 1148 10171 1351 1142 10172 1353 1145 10173 1352 1148 10174 1349 1141 10175 1351 1142 10176 1355 1150 10177 1354 1143 10178 1351 1142 10179 1356 1152 10180 1355 1150 10181 1352 1148 10182 1356 1152 10183 1351 1142 10184 1353 1145 10185 1357 1146 10186 1352 1148 10187 1352 1148 10188 1358 1147 10189 1356 1152 10190 1356 1152 10191 1359 1149 10192 1355 1150 10193 1357 1146 10194 1361 1153 10195 1358 1147 10196 1357 1146 10197 1363 1155 10198 1361 1153 10199 1359 1149 10200 1363 1155 10201 1357 1146 10202 1358 1147 10203 1360 1151 10204 1356 1152 10205 1360 1151 10206 1362 1154 10207 1359 1149 10208 1363 1155 10209 1360 1151 10210 1361 1153 10211 1365 1158 10212 1362 1154 10213 1360 1151 10214 1363 1155 10215 1365 1158 10216 1360 1151 10217 1364 1156 10218 1365 1158 10219 1363 1155 10220 1364 1156 10221 1369 1160 10222 1365 1158 10223 1365 1158 10224 1368 1161 10225 1366 1157 10226 1365 1158 10227 1369 1160 10228 1368 1161 10229 1372 1165 10230 1373 1167 10231 1371 1162 10232 1379 1171 10233 1378 1170 10234 1377 1169 10235 1375 1166 10236 1378 1170 10237 1376 1168 10238 1378 1170 10239 1383 1176 10240 1382 1173 10241 1384 1175 10242 1390 3274 10243 1389 1181 10244 1380 1172 10245 1383 1176 10246 1379 1171 10247 1386 1179 10248 1385 1177 10249 1383 1176 10250 1384 1175 10251 1386 1179 10252 1383 1176 10253 1385 1177 10254 1390 3274 10255 1382 1173 10256 1384 1175 10257 1389 1181 10258 1387 1178 10259 1390 3274 10260 1391 1184 10261 1393 1183 10262 1388 1180 10263 1390 3274 10264 1385 1177 10265 1393 1183 10266 1389 1181 10267 1390 3274 10268 1388 1180 10269 1392 1182 10270 1391 1184 10271 1392 1182 10272 1396 3275 10273 1395 1186 10274 1393 1183 10275 1394 1185 10276 1396 3275 10277 1395 1186 10278 1394 1185 10279 1391 1184 10280 1398 1187 10281 1395 1186 10282 1399 1190 10283 1394 1185 10284 1397 1188 10285 1396 3275 10286 1396 3275 10287 1397 1188 10288 1395 1186 10289 1397 1188 10290 1399 1190 10291 1395 1186 10292 1408 1196 10293 1414 1204 10294 1413 1206 10295 1398 1187 10296 1401 1189 10297 1397 1188 10298 1398 1187 10299 1400 1192 10300 1401 1189 10301 1399 1190 10302 1400 1192 10303 1398 1187 10304 1399 1190 10305 1403 1193 10306 1400 1192 10307 1401 1189 10308 1404 1194 10309 1399 1190 10310 1402 1191 10311 1404 1194 10312 1401 1189 10313 1407 3276 10314 1409 1199 10315 1406 1195 10316 1405 1197 10317 1409 1199 10318 1407 3276 10319 1405 1197 10320 1412 1200 10321 1409 1199 10322 1408 1196 10323 1411 1202 10324 1410 1198 10325 1408 1196 10326 1413 1206 10327 1411 1202 10328 1422 1212 10329 1419 1207 10330 1423 1215 10331 1412 1200 10332 1414 1204 10333 1409 1199 10334 1411 1202 10335 1416 1205 10336 1415 1201 10337 1413 1206 10338 1416 1205 10339 1411 1202 10340 1415 1201 10341 1418 1211 10342 1417 1203 10343 1416 1205 10344 1418 1211 10345 1415 1201 10346 1418 1211 10347 1421 1209 10348 1417 1203 10349 1416 1205 10350 1420 1208 10351 1418 1211 10352 1418 1211 10353 1424 3277 10354 1421 1209 10355 1420 1208 10356 1422 1212 10357 1418 1211 10358 1419 1207 10359 1424 3277 10360 1423 1215 10361 1424 3277 10362 1427 1210 10363 1426 1213 10364 1423 1215 10365 1425 1214 10366 1422 1212 10367 1424 3277 10368 1426 1213 10369 1423 1215 10370 1438 3278 10371 1441 1230 10372 1442 1229 10373 1425 1214 10374 1427 1210 10375 1422 1212 10376 1425 1214 10377 1429 1218 10378 1427 1210 10379 1428 1216 10380 1430 1217 10381 1426 1213 10382 1427 1210 10383 1429 1218 10384 1428 1216 10385 1434 1219 10386 1437 1226 10387 1433 1220 10388 1435 1223 10389 1436 1224 10390 1432 1222 10391 1433 1220 10392 1437 1226 10393 1435 1223 10394 1436 1224 10395 1438 3278 10396 1434 1219 10397 1437 1226 10398 1440 1225 10399 1439 1227 10400 1438 3278 10401 1440 1225 10402 1434 1219 10403 1439 1227 10404 1441 1230 10405 1436 1224 10406 1438 3278 10407 1442 1229 10408 1440 1225 10409 1445 1231 10410 1443 1228 10411 1446 1234 10412 1442 1229 10413 1446 1234 10414 1443 1228 10415 1441 1230 10416 1444 1232 10417 1442 1229 10418 1442 1229 10419 1444 1232 10420 1446 1234 10421 1451 1238 10422 1452 1239 10423 1448 1235 10424 1448 1235 10425 1447 1233 10426 1444 1232 10427 1445 1231 10428 1448 1235 10429 1444 1232 10430 1446 1234 10431 1449 1237 10432 1445 1231 10433 1446 1234 10434 1447 1233 10435 1449 1237 10436 1445 1231 10437 1449 1237 10438 1448 1235 10439 1457 1243 10440 1461 1245 10441 1460 1247 10442 1449 1237 10443 1454 1240 10444 1451 1238 10445 1452 1239 10446 1456 1244 10447 1455 1241 10448 1452 1239 10449 1457 1243 10450 1456 1244 10451 1454 1240 10452 1457 1243 10453 1453 1242 10454 1455 1241 10455 1458 1246 10456 1454 1240 10457 1454 1240 10458 1458 1246 10459 1457 1243 10460 1455 1241 10461 1456 1244 10462 1458 1246 10463 1457 1243 10464 1459 1248 10465 1456 1244 10466 1474 3279 10467 1468 3280 10468 1475 3281 10469 1456 1244 10470 1459 1248 10471 1461 1245 10472 1461 1245 10473 1462 1251 10474 1460 1247 10475 1459 1248 10476 1463 1250 10477 1461 1245 10478 1460 1247 10479 1462 1251 10480 1464 1249 10481 1465 1259 10482 1472 1255 10483 1470 1257 10484 1466 1254 10485 1471 1253 10486 1465 1259 10487 1467 1252 10488 1474 3279 10489 1471 1253 10490 1476 1261 10491 1475 3281 10492 1477 1262 10493 1469 1256 10494 1475 3281 10495 1468 3280 10496 1474 3279 10497 1476 1261 10498 1471 1253 10499 1475 3281 10500 1478 1263 10501 1477 1262 10502 1487 3282 10503 1483 1266 10504 1488 1273 10505 1472 1255 10506 1478 1263 10507 1469 1256 10508 1473 1258 10509 1479 1265 10510 1472 1255 10511 1471 1253 10512 1479 1265 10513 1473 1258 10514 1479 1265 10515 1482 1269 10516 1472 1255 10517 1476 1261 10518 1481 1264 10519 1471 1253 10520 1472 1255 10521 1482 1269 10522 1478 1263 10523 1476 1261 10524 1483 1266 10525 1481 1264 10526 1482 1269 10527 1484 1267 10528 1478 1263 10529 1479 1265 10530 1486 1270 10531 1485 1268 10532 1481 1264 10533 1487 3282 10534 1486 1270 10535 1483 1266 10536 1489 1271 10537 1488 1273 10538 1485 1268 10539 1490 1277 10540 1494 1276 10541 1484 1267 10542 1489 1271 10543 1480 1260 10544 1487 3282 10545 1490 1277 10546 1486 1270 10547 1487 3282 10548 1492 1272 10549 1491 1280 10550 1493 3283 10551 1485 1268 10552 1494 1276 10553 1484 1267 10554 1493 3283 10555 1489 1271 10556 1499 1282 10557 1494 1276 10558 1500 1281 10559 1493 3283 10560 1495 1274 10561 1489 1271 10562 1492 1272 10563 1496 1278 10564 1491 1280 10565 1495 1274 10566 1496 1278 10567 1492 1272 10568 1491 1280 10569 1497 1275 10570 1490 1277 10571 1491 1280 10572 1498 1279 10573 1497 1275 10574 1493 3283 10575 1499 1282 10576 1495 1274 10577 1502 1284 10578 1508 1292 10579 1507 1288 10580 1495 1274 10581 1501 1283 10582 1496 1278 10583 1496 1278 10584 1503 1285 10585 1498 1279 10586 1501 1283 10587 1504 1289 10588 1503 1285 10589 1499 1282 10590 1504 1289 10591 1501 1283 10592 1504 1289 10593 1505 1286 10594 1503 1285 10595 1499 1282 10596 1506 1287 10597 1504 1289 10598 1507 1288 10599 1511 1291 10600 1510 1290 10601 1505 1286 10602 1508 1292 10603 1498 1279 10604 1500 1281 10605 1507 1288 10606 1506 1287 10607 1506 1287 10608 1509 1293 10609 1505 1286 10610 1513 1299 10611 1516 1301 10612 1515 1297 10613 1510 1290 10614 1509 1293 10615 1506 1287 10616 1519 1300 10617 1522 1303 10618 1524 1306 10619 1512 1296 10620 1520 1304 10621 1517 1294 10622 1513 1299 10623 1520 1304 10624 1512 1296 10625 1514 1295 10626 1517 1294 10627 1516 1301 10628 1513 1299 10629 1518 1298 10630 1520 1304 10631 1517 1294 10632 1520 1304 10633 1519 1300 10634 1519 1300 10635 1521 1302 10636 1516 1301 10637 1518 1298 10638 1523 1305 10639 1522 1303 10640 1521 1302 10641 1523 1305 10642 1515 1297 10643 1525 1307 10644 1529 1312 10645 1528 1309 10646 1521 1302 10647 1526 3284 10648 1523 1305 10649 1524 1306 10650 1526 3284 10651 1521 1302 10652 1522 1303 10653 1527 1308 10654 1524 1306 10655 1523 1305 10656 1526 3284 10657 1525 1307 10658 1524 1306 10659 1527 1308 10660 1526 3284 10661 1525 1307 10662 1528 1309 10663 1527 1308 10664 1529 1312 10665 1527 1308 10666 1530 1310 10667 1551 1332 10668 1555 1340 10669 1552 1333 10670 1528 1309 10671 1532 1313 10672 1531 1311 10673 1529 1312 10674 1533 1314 10675 1532 1313 10676 1531 1311 10677 1533 1314 10678 1530 1310 10679 1532 1313 10680 1534 1316 10681 1531 1311 10682 1533 1314 10683 1535 1317 10684 1532 1313 10685 1532 1313 10686 1535 1317 10687 1534 1316 10688 1540 1318 10689 1543 1324 10690 1539 1319 10691 1542 1323 10692 1541 1321 10693 1538 1322 10694 1541 1321 10695 1544 1327 10696 1540 1318 10697 1545 1330 10698 1544 1327 10699 1541 1321 10700 1542 1323 10701 1545 1330 10702 1541 1321 10703 1544 1327 10704 1546 1326 10705 1540 1318 10706 1542 1323 10707 1547 1325 10708 1545 1330 10709 1547 1325 10710 1549 1329 10711 1545 1330 10712 1544 1327 10713 1551 1332 10714 1548 1328 10715 1550 1331 10716 1549 1329 10717 1547 1325 10718 1552 1333 10719 1553 1334 10720 1550 1331 10721 1552 1333 10722 1555 1340 10723 1553 1334 10724 1556 1336 10725 1558 1339 10726 1555 1340 10727 1554 1335 10728 1557 1337 10729 1556 1336 10730 1555 1340 10731 1557 1337 10732 1553 1334 10733 1568 1348 10734 1572 1352 10735 1567 1345 10736 1557 1337 10737 1560 1341 10738 1559 1338 10739 1559 1338 10740 1563 1343 10741 1558 1339 10742 1558 1339 10743 1563 1343 10744 1561 1342 10745 1565 1349 10746 1568 1348 10747 1564 1347 10748 1567 1345 10749 1569 1351 10750 1566 1346 10751 1577 3285 10752 1574 1356 10753 1578 1358 10754 1570 1350 10755 1571 1354 10756 1568 1348 10757 1574 1356 10758 1573 1355 10759 1572 1352 10760 1571 1354 10761 1576 1357 10762 1574 1356 10763 1576 1357 10764 1573 1355 10765 1577 3285 10766 1579 1364 10767 1578 1358 10768 1580 1361 10769 1578 1358 10770 1581 1359 10771 1580 1361 10772 1576 1357 10773 1579 1364 10774 1581 1359 10775 1586 1369 10776 1589 1370 10777 1582 1362 10778 1580 1361 10779 1582 1362 10780 1579 1364 10781 1582 1362 10782 1585 1363 10783 1579 1364 10784 1581 1359 10785 1584 1366 10786 1583 1360 10787 1581 1359 10788 1585 1363 10789 1584 1366 10790 1583 1360 10791 1586 1369 10792 1582 1362 10793 1584 1366 10794 1586 1369 10795 1583 1360 10796 1582 1362 10797 1589 1370 10798 1587 1365 10799 1584 1366 10800 1588 1367 10801 1586 1369 10802 1587 1365 10803 1589 1370 10804 1588 1367 10805 1591 1371 10806 1592 1376 10807 1594 1373 10808 1588 1367 10809 1591 1371 10810 1590 1368 10811 1592 1376 10812 1590 1368 10813 1593 1374 10814 1596 1372 10815 1592 1376 10816 1597 1375 10817 1591 1371 10818 1593 1374 10819 1590 1368 10820 1591 1371 10821 1595 1377 10822 1593 1374 10823 1607 1390 10824 1614 1395 10825 1615 1394 10826 1596 1372 10827 1595 1377 10828 1591 1371 10829 1600 1379 10830 1602 1383 10831 1599 1382 10832 1603 1381 10833 1608 1386 10834 1601 1378 10835 1608 1386 10836 1606 1387 10837 1601 1378 10838 1602 1383 10839 1606 1387 10840 1604 1384 10841 1604 1384 10842 1607 1390 10843 1605 1385 10844 1606 1387 10845 1607 1390 10846 1604 1384 10847 1611 1391 10848 1612 1392 10849 1609 1388 10850 1627 1410 10851 1631 3286 10852 1629 1407 10853 1613 1393 10854 1614 1395 10855 1609 1388 10856 1611 1391 10857 1615 1394 10858 1612 1392 10859 1613 1393 10860 1617 1398 10861 1614 1395 10862 1615 1394 10863 1613 1393 10864 1612 1392 10865 1614 1395 10866 1620 1400 10867 1616 1396 10868 1620 1400 10869 1619 1399 10870 1616 1396 10871 1622 1405 10872 1625 1404 10873 1621 1403 10874 1624 1401 10875 1626 1406 10876 1623 1402 10877 1625 1404 10878 1627 1410 10879 1624 1401 10880 1626 1406 10881 1629 1407 10882 1628 1408 10883 1627 1410 10884 1629 1407 10885 1624 1401 10886 1627 1410 10887 1633 1411 10888 1632 1413 10889 1628 1408 10890 1631 3286 10891 1633 1411 10892 1634 1415 10893 1632 1413 10894 1635 1414 10895 1631 3286 10896 1637 1417 10897 1633 1411 10898 1631 3286 10899 1634 1415 10900 1637 1417 10901 1635 1414 10902 1639 1416 10903 1634 1415 10904 1637 1417 10905 1636 1412 10906 1633 1411 10907 1637 1417 10908 1638 1419 10909 1636 1412 10910 1642 1424 10911 1640 1421 10912 1643 1420 10913 1641 1418 10914 1640 1421 10915 1635 1414 10916 1637 1417 10917 1639 1416 10918 1638 1419 10919 1639 1416 10920 1644 1422 10921 1638 1419 10922 1641 1418 10923 1644 1422 10924 1643 1420 10925 1644 1422 10926 1647 1423 10927 1646 1425 10928 1644 1422 10929 1645 1426 10930 1643 1420 10931 1643 1420 10932 1645 1426 10933 1647 1423 10934 1658 1436 10935 1655 1433 10936 1659 1437 10937 1649 1429 10938 1651 3287 10939 1648 1430 10940 1649 1429 10941 1652 1428 10942 1651 3287 10943 1650 1427 10944 1654 1431 10945 1652 1428 10946 1651 3287 10947 1653 1432 10948 1648 1430 10949 1652 1428 10950 1655 1433 10951 1651 3287 10952 1651 3287 10953 1655 1433 10954 1653 1432 10955 1654 1431 10956 1656 1435 10957 1657 1434 10958 1657 1434 10959 1662 1440 10960 1661 1443 10961 1661 1443 10962 1660 1438 10963 1657 1434 10964 1663 1439 10965 1659 1437 10966 1664 1441 10967 1658 1436 10968 1662 1440 10969 1656 1435 10970 1697 1477 10971 1699 1474 10972 1700 1475 10973 1662 1440 10974 1665 1446 10975 1666 1445 10976 1663 1439 10977 1665 1446 10978 1662 1440 10979 1662 1440 10980 1666 1445 10981 1661 1443 10982 1663 1439 10983 1668 1444 10984 1665 1446 10985 1666 1445 10986 1667 1442 10987 1661 1443 10988 1669 1449 10989 1673 1450 10990 1671 3288 10991 1671 3288 10992 1672 1453 10993 1670 1447 10994 1673 1450 10995 1672 1453 10996 1671 3288 10997 1670 1447 10998 1675 1452 10999 1674 1448 11000 1672 1453 11001 1675 1452 11002 1670 1447 11003 1674 1448 11004 1676 1457 11005 1673 1450 11006 1676 1457 11007 1679 1455 11008 1673 1450 11009 1674 1448 11010 1678 1454 11011 1676 1457 11012 1675 1452 11013 1680 1456 11014 1678 1454 11015 1682 1459 11016 1684 1461 11017 1680 1456 11018 1681 1458 11019 1685 1463 11020 1682 1459 11021 1683 1460 11022 1687 1466 11023 1686 1462 11024 1683 1460 11025 1688 1467 11026 1687 1466 11027 1684 1461 11028 1688 1467 11029 1683 1460 11030 1689 1464 11031 1688 1467 11032 1684 1461 11033 1685 1463 11034 1691 1468 11035 1689 1464 11036 1686 1462 11037 1694 1469 11038 1691 1468 11039 1690 1465 11040 1692 3289 11041 1694 1469 11042 1691 1468 11043 1693 1470 11044 1688 1467 11045 1693 1470 11046 1692 3289 11047 1690 1465 11048 1705 1479 11049 1709 1483 11050 1708 1484 11051 1697 1477 11052 1701 1476 11053 1696 1471 11054 1701 1476 11055 1702 1480 11056 1696 1471 11057 1702 1480 11058 1698 1472 11059 1696 1471 11060 1698 1472 11061 1704 1482 11062 1703 1478 11063 1702 1480 11064 1704 1482 11065 1698 1472 11066 1703 1478 11067 1706 1481 11068 1699 1474 11069 1700 1475 11070 1706 1481 11071 1705 1479 11072 1704 1482 11073 1707 1485 11074 1703 1478 11075 1703 1478 11076 1707 1485 11077 1709 1483 11078 1719 1498 11079 1729 1503 11080 1728 1500 11081 1710 1486 11082 1708 1484 11083 1709 1483 11084 1708 1484 11085 1711 1487 11086 1704 1482 11087 1711 1487 11088 1710 1486 11089 1707 1485 11090 1708 1484 11091 1713 1489 11092 1712 1488 11093 1715 1491 11094 1717 1492 11095 1713 1489 11096 1712 1488 11097 1716 3290 11098 1714 1490 11099 1717 1492 11100 1716 3290 11101 1712 1488 11102 1714 1490 11103 1716 3290 11104 1715 1491 11105 1718 1497 11106 1725 1493 11107 1723 1495 11108 1721 3291 11109 1724 1504 11110 1720 3292 11111 1722 1494 11112 1724 1504 11113 1721 3291 11114 1722 1494 11115 1727 1499 11116 1724 1504 11117 1734 1511 11118 1728 1500 11119 1735 3293 11120 1724 1504 11121 1729 1503 11122 1720 3292 11123 1725 1493 11124 1731 1501 11125 1727 1499 11126 1731 1501 11127 1732 1505 11128 1727 1499 11129 1730 1502 11130 1733 1506 11131 1729 1503 11132 1726 1496 11133 1734 1511 11134 1731 1501 11135 1735 3293 11136 1739 1510 11137 1734 1511 11138 1733 1506 11139 1735 3293 11140 1728 1500 11141 1732 1505 11142 1736 1507 11143 1730 1502 11144 1731 1501 11145 1737 1508 11146 1732 1505 11147 1734 1511 11148 1738 1509 11149 1731 1501 11150 1735 3293 11151 1741 3294 11152 1740 1514 11153 1741 3294 11154 1736 1507 11155 1742 1512 11156 1740 1514 11157 1744 3295 11158 1743 1513 11159 1739 1510 11160 1747 1517 11161 1738 1509 11162 1744 3295 11163 1742 1512 11164 1745 1519 11165 1742 1512 11166 1746 1520 11167 1745 1519 11168 1746 1520 11169 1738 1509 11170 1747 1517 11171 1749 1521 11172 1744 3295 11173 1750 3296 11174 1739 1510 11175 1748 1515 11176 1747 1517 11177 1743 1513 11178 1749 1521 11179 1748 1515 11180 1744 3295 11181 1751 1518 11182 1750 3296 11183 1747 1517 11184 1751 1518 11185 1746 1520 11186 1753 1525 11187 1752 1516 11188 1754 1526 11189 1751 1518 11190 1753 1525 11191 1750 3296 11192 1750 3296 11193 1755 1522 11194 1749 1521 11195 1752 1516 11196 1755 1522 11197 1754 1526 11198 1768 3297 11199 1774 1543 11200 1772 1534 11201 1753 1525 11202 1756 1524 11203 1750 3296 11204 1757 1527 11205 1754 1526 11206 1755 1522 11207 1756 1524 11208 1757 1527 11209 1755 1522 11210 1759 1528 11211 1761 1530 11212 1754 1526 11213 1756 1524 11214 1760 1529 11215 1757 1527 11216 1761 1530 11217 1760 1529 11218 1758 1523 11219 1759 1528 11220 1764 1532 11221 1761 1530 11222 1757 1527 11223 1762 1531 11224 1759 1528 11225 1761 1530 11226 1763 1533 11227 1760 1529 11228 1764 1532 11229 1763 1533 11230 1761 1530 11231 1765 3298 11232 1771 1538 11233 1770 3299 11234 1766 1535 11235 1771 1538 11236 1765 3298 11237 1768 3297 11238 1772 1534 11239 1767 1536 11240 1771 1538 11241 1775 1540 11242 1770 3299 11243 1769 3300 11244 1775 1540 11245 1774 1543 11246 1774 1543 11247 1777 1539 11248 1778 1542 11249 1772 1534 11250 1776 1541 11251 1773 1537 11252 1773 1537 11253 1776 1541 11254 1771 1538 11255 1782 1547 11256 1780 1545 11257 1783 3301 11258 1795 1557 11259 1797 1562 11260 1798 1561 11261 1784 1544 11262 1783 3301 11263 1780 1545 11264 1787 1552 11265 1791 1554 11266 1786 1555 11267 1786 1555 11268 1790 1553 11269 1788 1550 11270 1787 1552 11271 1792 1556 11272 1791 1554 11273 1793 1558 11274 1792 1556 11275 1789 1551 11276 1790 1553 11277 1793 1558 11278 1789 1551 11279 1792 1556 11280 1794 3302 11281 1791 1554 11282 1791 1554 11283 1793 1558 11284 1790 1553 11285 1794 3302 11286 1795 1557 11287 1791 1554 11288 1792 1556 11289 1796 1559 11290 1794 3302 11291 1795 1557 11292 1796 1559 11293 1793 1558 11294 1796 1559 11295 1797 1562 11296 1794 3302 11297 1797 1562 11298 1801 1563 11299 1800 1565 11300 1800 1565 11301 1799 1560 11302 1797 1562 11303 1799 1560 11304 1803 1564 11305 1802 1568 11306 1799 1560 11307 1801 1563 11308 1798 1561 11309 1799 1560 11310 1804 1567 11311 1801 1563 11312 1801 1563 11313 1804 1567 11314 1803 1564 11315 1813 1576 11316 1811 1574 11317 1814 1577 11318 1805 1566 11319 1802 1568 11320 1803 1564 11321 1806 1569 11322 1805 1566 11323 1804 1567 11324 1802 1568 11325 1809 1573 11326 1806 1569 11327 1802 1568 11328 1807 1570 11329 1809 1573 11330 1806 1569 11331 1809 1573 11332 1808 1571 11333 1809 1573 11334 1810 1572 11335 1812 1575 11336 1811 1574 11337 1810 1572 11338 1807 1570 11339 1812 1575 11340 1811 1574 11341 1808 1571 11342 1811 1574 11343 1815 1579 11344 1814 1577 11345 1819 1582 11346 1822 1583 11347 1821 1581 11348 1813 1576 11349 1815 1579 11350 1812 1575 11351 1816 1584 11352 1818 1580 11353 1813 1576 11354 1817 1578 11355 1816 1584 11356 1813 1576 11357 1814 1577 11358 1818 1580 11359 1817 1578 11360 1816 1584 11361 1819 1582 11362 1818 1580 11363 1818 1580 11364 1820 1585 11365 1817 1578 11366 1828 1589 11367 1829 1594 11368 1827 1590 11369 1821 1581 11370 1820 1585 11371 1818 1580 11372 1825 3303 11373 1827 1590 11374 1824 1586 11375 1823 1588 11376 1828 1589 11377 1825 3303 11378 1828 1589 11379 1827 1590 11380 1825 3303 11381 1827 1590 11382 1829 1594 11383 1826 1587 11384 1830 1592 11385 1831 1591 11386 1833 1595 11387 1832 1593 11388 1831 1591 11389 1826 1587 11390 1829 1594 11391 1832 1593 11392 1826 1587 11393 1831 1591 11394 1835 1598 11395 1834 3304 11396 1836 1596 11397 1831 1591 11398 1834 3304 11399 1832 1593 11400 1836 1596 11401 1835 1598 11402 1834 3304 11403 1840 3305 11404 1839 1601 11405 1835 1598 11406 1837 1597 11407 1834 3304 11408 1838 1600 11409 1840 3305 11410 1837 1597 11411 1836 1596 11412 1838 1600 11413 1837 1597 11414 1834 3304 11415 1838 1600 11416 1836 1596 11417 1838 1600 11418 1841 3306 11419 1840 3305 11420 1840 3305 11421 1841 3306 11422 1839 1601 11423 1859 1618 11424 1861 1620 11425 1858 1616 11426 1841 3306 11427 1843 1599 11428 1839 1601 11429 1838 1600 11430 1843 1599 11431 1842 1603 11432 1841 3306 11433 1846 1605 11434 1843 1599 11435 1842 1603 11436 1844 1604 11437 1841 3306 11438 1844 1604 11439 1846 1605 11440 1841 3306 11441 1849 1612 11442 1850 1611 11443 1848 1608 11444 1847 1607 11445 1851 1609 11446 1849 1612 11447 1852 1606 11448 1854 1614 11449 1851 1609 11450 1853 1610 11451 1856 1613 11452 1852 1606 11453 1850 1611 11454 1856 1613 11455 1853 1610 11456 1851 1609 11457 1855 1615 11458 1850 1611 11459 1850 1611 11460 1858 1616 11461 1856 1613 11462 1855 1615 11463 1859 1618 11464 1858 1616 11465 1858 1616 11466 1860 1621 11467 1857 1617 11468 1857 1617 11469 1860 1621 11470 1862 1619 11471 1871 3307 11472 1868 1623 11473 1869 3308 11474 1865 3309 11475 1867 3310 11476 1864 1622 11477 1863 1624 11478 1866 1625 11479 1865 3309 11480 1864 1622 11481 1867 3310 11482 1868 1623 11483 1866 1625 11484 1867 3310 11485 1865 3309 11486 1868 1623 11487 1870 3311 11488 1869 3308 11489 1866 1625 11490 1870 3311 11491 1867 3310 11492 1871 3307 11493 1872 1627 11494 1874 1629 11495 1870 3311 11496 1872 1627 11497 1869 3308 11498 1870 3311 11499 1874 1629 11500 1873 1628 11501 1874 1629 11502 1875 1626 11503 1877 3312 11504 1893 3313 11505 1890 1646 11506 1894 1645 11507 1874 1629 11508 1877 3312 11509 1876 1630 11510 1879 1633 11511 1881 1635 11512 1878 1637 11513 1878 1637 11514 1883 1636 11515 1880 1631 11516 1884 1634 11517 1885 1638 11518 1881 1635 11519 1882 1632 11520 1885 1638 11521 1884 1634 11522 1883 1636 11523 1886 1640 11524 1882 1632 11525 1881 1635 11526 1887 1639 11527 1883 1636 11528 1886 1640 11529 1885 1638 11530 1882 1632 11531 1893 3313 11532 1892 1642 11533 1889 1644 11534 1898 3314 11535 1896 3315 11536 1899 3316 11537 1891 1643 11538 1892 1642 11539 1894 1645 11540 1898 3314 11541 1900 1647 11542 1895 1649 11543 1899 3316 11544 1897 1648 11545 1900 1647 11546 1905 1653 11547 1909 1661 11548 1907 3317 11549 1902 1655 11550 1904 1654 11551 1901 1652 11552 1906 1650 11553 1908 1656 11554 1903 1651 11555 1905 1653 11556 1907 3317 11557 1906 1650 11558 1904 1654 11559 1908 1656 11560 1905 1653 11561 1906 1650 11562 1907 3317 11563 1908 1656 11564 1905 1653 11565 1911 1659 11566 1910 1658 11567 1911 1659 11568 1907 3317 11569 1909 1661 11570 1931 1678 11571 1936 3318 11572 1935 1681 11573 1909 1661 11574 1914 1662 11575 1913 1660 11576 1912 1657 11577 1914 1662 11578 1910 1658 11579 1915 1663 11580 1914 1662 11581 1912 1657 11582 1913 1660 11583 1915 1663 11584 1911 1659 11585 1916 1664 11586 1918 1668 11587 1913 1660 11588 1915 1663 11589 1916 1664 11590 1914 1662 11591 1913 1660 11592 1918 1668 11593 1917 1665 11594 1917 1665 11595 1919 1666 11596 1915 1663 11597 1920 1667 11598 1922 1669 11599 1918 1668 11600 1919 1666 11601 1921 1670 11602 1920 1667 11603 1917 1665 11604 1922 1669 11605 1919 1666 11606 1920 1667 11607 1924 1674 11608 1922 1669 11609 1920 1667 11610 1923 1671 11611 1924 1674 11612 1922 1669 11613 1924 1674 11614 1921 1670 11615 1921 1670 11616 1926 3319 11617 1923 1671 11618 1924 1674 11619 1927 1673 11620 1921 1670 11621 1926 3319 11622 1925 1672 11623 1923 1671 11624 1921 1670 11625 1927 1673 11626 1926 3319 11627 1929 1677 11628 1931 1678 11629 1928 3320 11630 1928 3320 11631 1932 1679 11632 1930 1675 11633 1931 1678 11634 1932 1679 11635 1928 3320 11636 1930 1675 11637 1934 1680 11638 1933 1676 11639 1934 1680 11640 1936 3318 11641 1933 1676 11642 1935 1681 11643 1939 1686 11644 1938 1685 11645 1934 1680 11646 1937 1682 11647 1936 3318 11648 1932 1679 11649 1935 1681 11650 1937 1682 11651 1936 3318 11652 1940 1684 11653 1939 1686 11654 1940 1684 11655 1935 1681 11656 1938 1685 11657 1941 1683 11658 1942 1687 11659 1945 1691 11660 1941 1683 11661 1943 1688 11662 1940 1684 11663 1939 1686 11664 1943 1688 11665 1942 1687 11666 1945 1691 11667 1944 1690 11668 1946 1692 11669 1961 1704 11670 1960 1702 11671 1962 1708 11672 1943 1688 11673 1944 1690 11674 1942 1687 11675 1944 1690 11676 1949 1693 11677 1946 1692 11678 1948 1694 11679 1950 1695 11680 1947 1689 11681 1949 1693 11682 1951 3321 11683 1952 1696 11684 1948 1694 11685 1952 1696 11686 1950 1695 11687 1950 1695 11688 1951 3321 11689 1949 1693 11690 1955 3322 11691 1957 1701 11692 1954 1699 11693 1953 1698 11694 1958 1700 11695 1955 3322 11696 1955 3322 11697 1958 1700 11698 1957 1701 11699 1956 1697 11700 1959 1705 11701 1958 1700 11702 1956 1697 11703 1960 1702 11704 1959 1705 11705 1958 1700 11706 1960 1702 11707 1957 1701 11708 1959 1705 11709 1963 1703 11710 1958 1700 11711 1967 3323 11712 1964 3324 11713 1968 3325 11714 1963 1703 11715 1962 1708 11716 1960 1702 11717 1963 1703 11718 1964 3324 11719 1962 1708 11720 1961 1704 11721 1965 1707 11722 1963 1703 11723 1963 1703 11724 1968 3325 11725 1964 3324 11726 1963 1703 11727 1965 1707 11728 1968 3325 11729 1967 3323 11730 1966 1706 11731 1962 1708 11732 1975 1717 11733 1977 1718 11734 1973 1712 11735 1966 1706 11736 1969 1709 11737 1965 1707 11738 1967 3323 11739 1970 1711 11740 1966 1706 11741 1968 3325 11742 1970 1711 11743 1967 3323 11744 1965 1707 11745 1971 1710 11746 1968 3325 11747 1971 1710 11748 1970 1711 11749 1968 3325 11750 1974 1715 11751 1975 1717 11752 1973 1712 11753 1976 1713 11754 1979 1719 11755 1974 1715 11756 1994 1732 11757 1989 3326 11758 1995 1737 11759 1974 1715 11760 1979 1719 11761 1978 1716 11762 1982 1722 11763 1983 3327 11764 1981 1724 11765 1983 3327 11766 1985 1723 11767 1981 1724 11768 1984 1721 11769 1983 3327 11770 1982 1722 11771 1986 1730 11772 1992 1725 11773 1991 1727 11774 1987 3328 11775 1993 1728 11776 1986 1730 11777 1988 3329 11778 1993 1728 11779 1987 3328 11780 1988 3329 11781 1994 1732 11782 1993 1728 11783 1995 1737 11784 1990 1726 11785 1996 1734 11786 1997 1729 11787 1999 1733 11788 1998 1731 11789 1992 1725 11790 1996 1734 11791 1990 1726 11792 1986 1730 11793 1997 1729 11794 1992 1725 11795 1995 1737 11796 2000 1735 11797 1994 1732 11798 2002 1741 11799 1999 1733 11800 2003 1743 11801 1998 1731 11802 2002 1741 11803 2004 1738 11804 2003 1743 11805 2006 1740 11806 2002 1741 11807 2000 1735 11808 2003 1743 11809 1999 1733 11810 1998 1731 11811 2004 1738 11812 2001 1736 11813 2004 1738 11814 2000 1735 11815 2001 1736 11816 2000 1735 11817 2005 1739 11818 2003 1743 11819 2025 1759 11820 2029 1763 11821 2030 1762 11822 2009 1745 11823 2011 1749 11824 2008 1747 11825 2012 1744 11826 2014 1751 11827 2009 1745 11828 2008 1747 11829 2016 1752 11830 2015 1748 11831 2012 1744 11832 2017 1755 11833 2014 1751 11834 2015 1748 11835 2017 1755 11836 2012 1744 11837 2016 1752 11838 2021 3330 11839 2015 1748 11840 2015 1748 11841 2021 3330 11842 2017 1755 11843 2016 1752 11844 2020 3331 11845 2021 3330 11846 2018 1753 11847 2020 3331 11848 2016 1752 11849 2019 1754 11850 2020 3331 11851 2018 1753 11852 2017 1755 11853 2021 3330 11854 2019 1754 11855 2022 3332 11856 2026 1760 11857 2024 1756 11858 2023 1758 11859 2025 1759 11860 2022 3332 11861 2025 1759 11862 2026 1760 11863 2022 3332 11864 2024 1756 11865 2028 1761 11866 2027 1757 11867 2028 1761 11868 2030 1762 11869 2031 1764 11870 2031 1764 11871 2034 1767 11872 2033 1765 11873 2029 1763 11874 2032 1766 11875 2030 1762 11876 2056 3333 11877 2051 3334 11878 2057 1789 11879 2033 1765 11880 2032 1766 11881 2029 1763 11882 2035 1770 11883 2038 3335 11884 2037 1771 11885 2035 1770 11886 2039 1769 11887 2038 3335 11888 2040 1772 11889 2039 1769 11890 2036 1768 11891 2038 3335 11892 2040 1772 11893 2037 1771 11894 2042 1775 11895 2044 1774 11896 2041 1777 11897 2049 1785 11898 2054 1784 11899 2048 1782 11900 2053 1779 11901 2058 1787 11902 2052 1780 11903 2050 1783 11904 2056 3333 11905 2054 1784 11906 2052 1780 11907 2057 1789 11908 2051 3334 11909 2055 1786 11910 2059 1790 11911 2053 1779 11912 2053 1779 11913 2059 1790 11914 2058 1787 11915 2055 1786 11916 2061 3336 11917 2060 1792 11918 2056 3333 11919 2061 3336 11920 2054 1784 11921 2062 3337 11922 2057 1789 11923 2063 1788 11924 2060 1792 11925 2067 3338 11926 2066 1795 11927 2058 1787 11928 2064 1791 11929 2063 1788 11930 2059 1790 11931 2065 1793 11932 2064 1791 11933 2060 1792 11934 2066 1795 11935 2065 1793 11936 2061 3336 11937 2068 3339 11938 2067 3338 11939 2063 1788 11940 2068 3339 11941 2062 3337 11942 2063 1788 11943 2070 1794 11944 2069 1799 11945 2067 3338 11946 2074 1802 11947 2073 1801 11948 2065 1793 11949 2071 1796 11950 2070 1794 11951 2070 1794 11952 2072 1797 11953 2069 1799 11954 2067 3338 11955 2073 1801 11956 2066 1795 11957 2072 1797 11958 2076 1805 11959 2078 1804 11960 2069 1799 11961 2074 1802 11962 2068 3339 11963 2069 1799 11964 2075 1798 11965 2074 1802 11966 2071 1796 11967 2077 1806 11968 2076 1805 11969 2084 3340 11970 2090 1815 11971 2083 1808 11972 2073 1801 11973 2077 1806 11974 2066 1795 11975 2072 1797 11976 2078 1804 11977 2075 1798 11978 2075 1798 11979 2080 1800 11980 2074 1802 11981 2080 1800 11982 2079 1803 11983 2077 1806 11984 2075 1798 11985 2081 1807 11986 2080 1800 11987 2082 1810 11988 2088 1811 11989 2086 1813 11990 2094 1817 11991 2100 3341 11992 2096 1820 11993 2085 1812 11994 2091 1819 11995 2084 3340 11996 2085 1812 11997 2092 1821 11998 2091 1819 11999 2088 1811 12000 2092 1821 12001 2085 1812 12002 2090 1815 12003 2093 1816 12004 2087 1809 12005 2093 1816 12006 2094 1817 12007 2089 1814 12008 2092 1821 12009 2097 1822 12010 2091 1819 12011 2094 1817 12012 2099 1823 12013 2098 3342 12014 2107 1834 12015 2112 1832 12016 2113 1833 12017 2095 1818 12018 2099 1823 12019 2093 1816 12020 2096 1820 12021 2100 3341 12022 2092 1821 12023 2100 3341 12024 2101 1824 12025 2092 1821 12026 2099 1823 12027 2102 3343 12028 2098 3342 12029 2101 1824 12030 2102 3343 12031 2099 1823 12032 2100 3341 12033 2098 3342 12034 2101 1824 12035 2106 3344 12036 2109 1830 12037 2105 1825 12038 2107 1834 12039 2109 1830 12040 2106 3344 12041 2105 1825 12042 2111 1831 12043 2108 1826 12044 2113 1833 12045 2116 1840 12046 2119 3345 12047 2108 1826 12048 2114 1835 12049 2110 1828 12050 2111 1831 12051 2115 1836 12052 2108 1826 12053 2118 1843 12054 2113 1833 12055 2119 3345 12056 2114 1835 12057 2116 1840 12058 2112 1832 12059 2109 1830 12060 2118 1843 12061 2115 1836 12062 2120 1838 12063 2117 1837 12064 2121 1845 12065 2114 1835 12066 2120 1838 12067 2116 1840 12068 2117 1837 12069 2122 1842 12070 2121 1845 12071 2125 3346 12072 2116 1840 12073 2123 1839 12074 2118 1843 12075 2122 1842 12076 2115 1836 12077 2118 1843 12078 2125 3346 12079 2124 1841 12080 2125 3346 12081 2128 1848 12082 2131 1850 12083 2126 1844 12084 2127 1846 12085 2120 1838 12086 2126 1844 12087 2130 3347 12088 2129 1847 12089 2127 1846 12090 2128 1848 12091 2123 1839 12092 2130 3347 12093 2125 3346 12094 2131 1850 12095 2133 3348 12096 2131 1850 12097 2134 1849 12098 2127 1846 12099 2132 1851 12100 2128 1848 12101 2129 1847 12102 2132 1851 12103 2127 1846 12104 2130 3347 12105 2133 3348 12106 2129 1847 12107 2133 3348 12108 2132 1851 12109 2129 1847 12110 2144 1861 12111 2141 1855 12112 2145 1862 12113 2135 1860 12114 2140 1857 12115 2138 1852 12116 2138 1852 12117 2142 1858 12118 2139 1853 12119 2135 1860 12120 2143 1859 12121 2140 1857 12122 2143 1859 12123 2142 1858 12124 2140 1857 12125 2144 1861 12126 2147 1865 12127 2143 1859 12128 2143 1859 12129 2147 1865 12130 2142 1858 12131 2147 1865 12132 2146 1863 12133 2142 1858 12134 2146 1863 12135 2148 1864 12136 2145 1862 12137 2170 1887 12138 2168 1886 12139 2172 1888 12140 2148 1864 12141 2150 1868 12142 2147 1865 12143 2147 1865 12144 2152 1869 12145 2149 1866 12146 2147 1865 12147 2150 1868 12148 2152 1869 12149 2154 1876 12150 2157 1873 12151 2153 1872 12152 2155 1871 12153 2156 1874 12154 2154 1876 12155 2154 1876 12156 2158 1875 12157 2157 1873 12158 2160 1870 12159 2156 1874 12160 2155 1871 12161 2157 1873 12162 2159 1877 12163 2160 1870 12164 2156 1874 12165 2160 1870 12166 2158 1875 12167 2161 1885 12168 2164 1881 12169 2163 1880 12170 2162 1879 12171 2165 1883 12172 2161 1885 12173 2161 1885 12174 2167 1884 12175 2164 1881 12176 2166 1878 12177 2168 1886 12178 2162 1879 12179 2164 1881 12180 2171 1889 12181 2169 1882 12182 2165 1883 12183 2170 1887 12184 2167 1884 12185 2169 1882 12186 2171 1889 12187 2166 1878 12188 2170 1887 12189 2171 1889 12190 2164 1881 12191 2185 1902 12192 2188 1904 12193 2187 1906 12194 2174 1891 12195 2178 1894 12196 2173 1895 12197 2173 1895 12198 2176 1890 12199 2175 1892 12200 2181 1897 12201 2182 1899 12202 2180 1901 12203 2183 1896 12204 2182 1899 12205 2181 1897 12206 2179 1898 12207 2185 1902 12208 2183 1896 12209 2184 1900 12210 2185 1902 12211 2180 1901 12212 2182 1899 12213 2186 1903 12214 2184 1900 12215 2196 1913 12216 2199 3349 12217 2198 1917 12218 2185 1902 12219 2189 1907 12220 2190 1905 12221 2186 1903 12222 2190 1905 12223 2188 1904 12224 2188 1904 12225 2189 1907 12226 2187 1906 12227 2188 1904 12228 2193 1910 12229 2192 1909 12230 2192 1909 12231 2194 1911 12232 2189 1907 12233 2191 1908 12234 2194 1911 12235 2196 1913 12236 2193 1910 12237 2195 1912 12238 2192 1909 12239 2196 1913 12240 2198 1917 12241 2197 1914 12242 2199 3349 12243 2195 1912 12244 2200 1915 12245 2201 1919 12246 2197 1914 12247 2202 1916 12248 2199 3349 12249 2203 1921 12250 2198 1917 12251 2200 1915 12252 2201 1919 12253 2199 3349 12254 2207 1922 12255 2202 1916 12256 2208 1924 12257 2203 1921 12258 2202 1916 12259 2198 1917 12260 2201 1919 12261 2203 1921 12262 2199 3349 12263 2204 1918 12264 2206 1920 12265 2201 1919 12266 2203 1921 12267 2205 1923 12268 2202 1916 12269 2203 1921 12270 2206 1920 12271 2205 1923 12272 2239 1953 12273 2234 1950 12274 2240 1956 12275 2206 1920 12276 2210 1926 12277 2205 1923 12278 2207 1922 12279 2209 1925 12280 2206 1920 12281 2206 1920 12282 2209 1925 12283 2210 1926 12284 2213 1928 12285 2215 1932 12286 2212 1931 12287 2214 1927 12288 2217 1933 12289 2213 1928 12290 2216 1930 12291 2219 1935 12292 2214 1927 12293 2218 1934 12294 2219 1935 12295 2216 1930 12296 2217 1933 12297 2218 1934 12298 2215 1932 12299 2217 1933 12300 2219 1935 12301 2220 1936 12302 2223 1943 12303 2225 1941 12304 2222 1937 12305 2221 1939 12306 2226 1942 12307 2223 1943 12308 2224 1938 12309 2230 1946 12310 2227 1940 12311 2225 1941 12312 2228 1945 12313 2224 1938 12314 2226 1942 12315 2229 1944 12316 2225 1941 12317 2227 1940 12318 2230 1946 12319 2226 1942 12320 2228 1945 12321 2230 1946 12322 2224 1938 12323 2232 1952 12324 2236 1955 12325 2231 1949 12326 2233 1948 12327 2234 1950 12328 2232 1952 12329 2232 1952 12330 2235 1951 12331 2236 1955 12332 2231 1949 12333 2236 1955 12334 2237 1947 12335 2233 1948 12336 2237 1947 12337 2234 1950 12338 2236 1955 12339 2238 1954 12340 2237 1947 12341 2235 1951 12342 2239 1953 12343 2236 1955 12344 2238 1954 12345 2240 1956 12346 2237 1947 12347 2242 1957 12348 2240 1956 12349 2244 1961 12350 2238 1954 12351 2241 1959 12352 2240 1956 12353 2245 1960 12354 2243 1958 12355 2246 1962 12356 2241 1959 12357 2244 1961 12358 2240 1956 12359 2247 1964 12360 2246 1962 12361 2248 1967 12362 2244 1961 12363 2246 1962 12364 2242 1957 12365 2245 1960 12366 2249 1963 12367 2244 1961 12368 2280 1995 12369 2281 1996 12370 2283 1999 12371 2249 1963 12372 2248 1967 12373 2246 1962 12374 2249 1963 12375 2250 1968 12376 2248 1967 12377 2247 1964 12378 2251 1966 12379 2249 1963 12380 2249 1963 12381 2251 1966 12382 2250 1968 12383 2253 1969 12384 2252 1965 12385 2248 1967 12386 2252 1965 12387 2256 1973 12388 2251 1966 12389 2252 1965 12390 2254 1970 12391 2256 1973 12392 2255 1971 12393 2254 1970 12394 2253 1969 12395 2256 1973 12396 2255 1971 12397 2251 1966 12398 2255 1971 12399 2257 1975 12400 2254 1970 12401 2256 1973 12402 2258 1974 12403 2255 1971 12404 2254 1970 12405 2257 1975 12406 2259 1972 12407 2262 1981 12408 2263 1980 12409 2261 1976 12410 2261 1976 12411 2263 1980 12412 2265 1977 12413 2266 1983 12414 2267 1982 12415 2263 1980 12416 2265 1977 12417 2268 1984 12418 2264 1979 12419 2267 1982 12420 2271 1986 12421 2268 1984 12422 2268 1984 12423 2270 1987 12424 2266 1983 12425 2268 1984 12426 2271 1986 12427 2270 1987 12428 2274 1989 12429 2276 1992 12430 2273 3350 12431 2273 3350 12432 2276 1992 12433 2272 1990 12434 2279 1994 12435 2278 1993 12436 2275 1991 12437 2277 1988 12438 2278 1993 12439 2276 1992 12440 2276 1992 12441 2280 1995 12442 2279 1994 12443 2282 1997 12444 2286 1998 12445 2285 2000 12446 2279 1994 12447 2282 1997 12448 2281 1996 12449 2283 1999 12450 2282 1997 12451 2280 1995 12452 2282 1997 12453 2284 2001 12454 2281 1996 12455 2281 1996 12456 2284 2001 12457 2286 1998 12458 2291 3351 12459 2289 2006 12460 2292 2005 12461 2290 2003 12462 2292 2005 12463 2287 2004 12464 2291 3351 12465 2290 2003 12466 2288 2002 12467 2313 2027 12468 2316 2030 12469 2310 2024 12470 2293 2014 12471 2296 2010 12472 2295 2009 12473 2294 2008 12474 2297 2012 12475 2293 2014 12476 2293 2014 12477 2299 2013 12478 2296 2010 12479 2298 2007 12480 2303 2015 12481 2294 2008 12482 2298 2007 12483 2301 2018 12484 2303 2015 12485 2300 2011 12486 2301 2018 12487 2298 2007 12488 2299 2013 12489 2302 2016 12490 2296 2010 12491 2300 2011 12492 2302 2016 12493 2301 2018 12494 2304 2017 12495 2306 2020 12496 2302 2016 12497 2305 2019 12498 2304 2017 12499 2303 2015 12500 2301 2018 12501 2306 2020 12502 2305 2019 12503 2307 2028 12504 2310 2024 12505 2309 2023 12506 2308 2022 12507 2311 2026 12508 2307 2028 12509 2307 2028 12510 2313 2027 12511 2310 2024 12512 2312 2021 12513 2314 2029 12514 2308 2022 12515 2313 2027 12516 2318 2031 12517 2317 3352 12518 2320 3353 12519 2326 2039 12520 2325 2041 12521 2312 2021 12522 2319 2032 12523 2314 2029 12524 2320 3353 12525 2324 2036 12526 2323 2035 12527 2320 3353 12528 2325 2041 12529 2324 2036 12530 2327 2033 12531 2334 2044 12532 2333 2045 12533 2322 2034 12534 2326 2039 12535 2321 3354 12536 2327 2033 12537 2328 2038 12538 2322 2034 12539 2325 2041 12540 2331 2042 12541 2324 2036 12542 2327 2033 12543 2332 2043 12544 2328 2038 12545 2336 2047 12546 2340 3355 12547 2341 2051 12548 2325 2041 12549 2335 2046 12550 2331 2042 12551 2335 2046 12552 2336 2047 12553 2331 2042 12554 2336 2047 12555 2337 2050 12556 2334 2044 12557 2334 2044 12558 2337 2050 12559 2333 2045 12560 2333 2045 12561 2339 2049 12562 2332 2043 12563 2336 2047 12564 2341 2051 12565 2337 2050 12566 2342 2056 12567 2351 2059 12568 2347 2060 12569 2338 2048 12570 2340 3355 12571 2335 2046 12572 2339 2049 12573 2340 3355 12574 2338 2048 12575 2333 2045 12576 2341 2051 12577 2339 2049 12578 2344 3356 12579 2348 2058 12580 2343 2057 12581 2345 2053 12582 2348 2058 12583 2344 3356 12584 2347 2060 12585 2349 2052 12586 2346 2054 12587 2353 3357 12588 2351 2059 12589 2354 2061 12590 2348 2058 12591 2352 2062 12592 2350 2055 12593 2349 2052 12594 2353 3357 12595 2348 2058 12596 2353 3357 12597 2352 2062 12598 2348 2058 12599 2371 3358 12600 2363 2069 12601 2368 3359 12602 2355 2064 12603 2362 2070 12604 2359 3360 12605 2357 2068 12606 2360 2063 12607 2356 2065 12608 2359 3360 12609 2362 2070 12610 2358 2066 12611 2360 2063 12612 2363 2069 12613 2355 2064 12614 2358 2066 12615 2365 2072 12616 2361 2067 12617 2363 2069 12618 2366 2073 12619 2362 2070 12620 2360 2063 12621 2367 2074 12622 2363 2069 12623 2365 2072 12624 2371 3358 12625 2370 2080 12626 2367 2074 12627 2368 3359 12628 2363 2069 12629 2361 2067 12630 2369 2075 12631 2364 2071 12632 2365 2072 12633 2370 2080 12634 2361 2067 12635 2381 2081 12636 2368 3359 12637 2377 3361 12638 2367 2074 12639 2372 2078 12640 2368 3359 12641 2369 2075 12642 2372 2078 12643 2367 2074 12644 2370 2080 12645 2373 2076 12646 2361 2067 12647 2368 3359 12648 2375 2082 12649 2371 3358 12650 2371 3358 12651 2375 2082 12652 2370 2080 12653 2375 2082 12654 2376 2079 12655 2370 2080 12656 2377 3361 12657 2372 2078 12658 2378 2087 12659 2378 2087 12660 2374 2077 12661 2379 2085 12662 2374 2077 12663 2380 3362 12664 2379 2085 12665 2377 3361 12666 2385 2086 12667 2384 2088 12668 2376 2079 12669 2380 3362 12670 2373 2076 12671 2377 3361 12672 2382 2083 12673 2381 2081 12674 2376 2079 12675 2383 2084 12676 2380 3362 12677 2377 3361 12678 2384 2088 12679 2382 2083 12680 2379 2085 12681 2386 2092 12682 2385 2086 12683 2385 2086 12684 2389 2091 12685 2388 2090 12686 2383 2084 12687 2386 2092 12688 2380 3362 12689 2396 2096 12690 2404 2103 12691 2395 2097 12692 2388 2090 12693 2387 2089 12694 2384 2088 12695 2390 2094 12696 2395 2097 12697 2393 2101 12698 2394 2093 12699 2396 2096 12700 2390 2094 12701 2393 2101 12702 2398 2100 12703 2392 2099 12704 2396 2096 12705 2401 3363 12706 2400 2109 12707 2401 3363 12708 2397 2098 12709 2402 3364 12710 2397 2098 12711 2403 2105 12712 2402 3364 12713 2407 2110 12714 2404 2103 12715 2408 2108 12716 2398 2100 12717 2403 2105 12718 2399 2102 12719 2404 2103 12720 2405 2104 12721 2398 2100 12722 2403 2105 12723 2406 2106 12724 2402 3364 12725 2400 2109 12726 2408 2108 12727 2404 2103 12728 2405 2104 12729 2407 2110 12730 2406 2106 12731 2401 3363 12732 2409 2107 12733 2400 2109 12734 2401 3363 12735 2411 2113 12736 2410 2116 12737 2411 2113 12738 2406 2106 12739 2412 2111 12740 2418 2121 12741 2419 2119 12742 2421 3365 12743 2411 2113 12744 2413 2112 12745 2410 2116 12746 2408 2108 12747 2414 2114 12748 2407 2110 12749 2409 2107 12750 2414 2114 12751 2408 2108 12752 2412 2111 12753 2416 2118 12754 2413 2112 12755 2414 2114 12756 2416 2118 12757 2412 2111 12758 2415 2115 12759 2418 2121 12760 2414 2114 12761 2414 2114 12762 2418 2121 12763 2416 2118 12764 2416 2118 12765 2419 2119 12766 2417 2117 12767 2428 2127 12768 2431 2129 12769 2433 2126 12770 2421 3365 12771 2420 2120 12772 2418 2121 12773 2427 3366 12774 2426 3367 12775 2422 3368 12776 2423 3369 12777 2427 3366 12778 2422 3368 12779 2426 3367 12780 2428 2127 12781 2425 2124 12782 2423 3369 12783 2429 2131 12784 2427 3366 12785 2424 2123 12786 2429 2131 12787 2423 3369 12788 2428 2127 12789 2430 2122 12790 2425 2124 12791 2431 2129 12792 2436 2133 12793 2434 2128 12794 2427 3366 12795 2431 2129 12796 2426 3367 12797 2424 2123 12798 2432 2125 12799 2429 2131 12800 2430 2122 12801 2433 2126 12802 2432 2125 12803 2429 2131 12804 2436 2133 12805 2427 3366 12806 2439 2135 12807 2434 2128 12808 2436 2133 12809 2433 2126 12810 2439 2135 12811 2435 2130 12812 2449 2144 12813 2445 2147 12814 2450 2146 12815 2436 2133 12816 2438 2132 12817 2437 2134 12818 2435 2130 12819 2439 2135 12820 2438 2132 12821 2439 2135 12822 2441 2138 12823 2438 2132 12824 2437 2134 12825 2442 2137 12826 2439 2135 12827 2442 2137 12828 2441 2138 12829 2439 2135 12830 2446 2140 12831 2447 2145 12832 2445 2147 12833 2452 2148 12834 2456 2152 12835 2455 2151 12836 2451 2139 12837 2453 2149 12838 2447 2145 12839 2449 2144 12840 2450 2146 12841 2452 2148 12842 2456 2152 12843 2459 2155 12844 2458 2153 12845 2455 2151 12846 2457 2154 12847 2454 2150 12848 2458 2153 12849 2457 2154 12850 2455 2151 12851 2469 3370 12852 2467 2163 12853 2470 2164 12854 2461 2162 12855 2464 2160 12856 2460 2158 12857 2462 2157 12858 2465 2161 12859 2461 2162 12860 2463 2156 12861 2467 2163 12862 2462 2157 12863 2466 2159 12864 2468 2165 12865 2463 2156 12866 2464 2160 12867 2468 2165 12868 2466 2159 12869 2465 2161 12870 2469 3370 12871 2464 2160 12872 2469 3370 12873 2468 2165 12874 2464 2160 12875 2492 2187 12876 2487 3371 12877 2493 2188 12878 2473 2170 12879 2476 2171 12880 2475 2169 12881 2471 2168 12882 2474 2167 12883 2473 2170 12884 2477 2174 12885 2481 2177 12886 2479 2176 12887 2486 3372 12888 2489 2181 12889 2485 2183 12890 2488 2180 12891 2490 2179 12892 2487 3371 12893 2484 2182 12894 2491 2184 12895 2483 2178 12896 2486 3372 12897 2492 2187 12898 2489 2181 12899 2491 2184 12900 2497 2193 12901 2490 2179 12902 2490 2179 12903 2493 2188 12904 2487 3371 12905 2489 2181 12906 2494 2185 12907 2484 2182 12908 2496 2186 12909 2499 2190 12910 2494 2185 12911 2494 2185 12912 2495 2191 12913 2491 2184 12914 2490 2179 12915 2497 2193 12916 2493 2188 12917 2492 2187 12918 2498 2189 12919 2496 2186 12920 2495 2191 12921 2501 2194 12922 2497 2193 12923 2504 2200 12924 2500 2192 12925 2505 2198 12926 2493 2188 12927 2501 2194 12928 2498 2189 12929 2495 2191 12930 2502 2195 12931 2501 2194 12932 2499 2190 12933 2504 2200 12934 2502 2195 12935 2506 2197 12936 2507 2199 12937 2509 2201 12938 2503 2196 12939 2505 2198 12940 2498 2189 12941 2507 2199 12942 2505 2198 12943 2508 3373 12944 2505 2198 12945 2509 2201 12946 2508 3373 12947 2516 2208 12948 2517 2210 12949 2519 2202 12950 2511 2209 12951 2513 2206 12952 2510 2204 12953 2512 2203 12954 2514 2207 12955 2511 2209 12956 2511 2209 12957 2516 2208 12958 2513 2206 12959 2519 2202 12960 2517 2210 12961 2512 2203 12962 2515 2205 12963 2518 2211 12964 2519 2202 12965 2513 2206 12966 2518 2211 12967 2515 2205 12968 2522 3374 12969 2528 2218 12970 2526 2217 12971 2521 3375 12972 2526 2217 12973 2520 3376 12974 2522 3374 12975 2526 2217 12976 2521 3375 12977 2520 3376 12978 2527 2212 12979 2525 3377 12980 2526 2217 12981 2527 2212 12982 2520 3376 12983 2527 2212 12984 2530 2214 12985 2525 3377 12986 2528 2218 12987 2524 3378 12988 2529 2219 12989 2524 3378 12990 2530 2214 12991 2529 2219 12992 2529 2219 12993 2532 2213 12994 2533 2216 12995 2526 2217 12996 2531 2215 12997 2527 2212 12998 2540 2225 12999 2542 2229 13000 2537 2221 13001 2536 3379 13002 2538 2224 13003 2535 2220 13004 2534 2222 13005 2539 2223 13006 2536 3379 13007 2535 2220 13008 2540 2225 13009 2537 2221 13010 2539 2223 13011 2538 2224 13012 2536 3379 13013 2541 2226 13014 2540 2225 13015 2538 2224 13016 2537 2221 13017 2541 2226 13018 2539 2223 13019 2544 2228 13020 2541 2226 13021 2545 3380 13022 2537 2221 13023 2542 2229 13024 2541 2226 13025 2546 2230 13026 2547 2233 13027 2545 3380 13028 2541 2226 13029 2546 2230 13030 2545 3380 13031 2544 2228 13032 2549 2231 13033 2542 2229 13034 2545 3380 13035 2547 2233 13036 2544 2228 13037 2555 2239 13038 2556 2240 13039 2558 2242 13040 2549 2231 13041 2550 2235 13042 2546 2230 13043 2548 2232 13044 2551 2234 13045 2549 2231 13046 2553 2237 13047 2552 2236 13048 2548 2232 13049 2550 2235 13050 2554 2238 13051 2553 2237 13052 2551 2234 13053 2552 2236 13054 2554 2238 13055 2558 2242 13056 2560 2244 13057 2561 2245 13058 2553 2237 13059 2557 2241 13060 2556 2240 13061 2555 2239 13062 2557 2241 13063 2554 2238 13064 2557 2241 13065 2559 2243 13066 2556 2240 13067 2560 2244 13068 2563 2246 13069 2562 2247 13070 2558 2242 13071 2561 2245 13072 2559 2243 13073 2560 2244 13074 2564 2248 13075 2561 2245 13076 2566 3381 13077 2570 2252 13078 2569 2253 13079 2561 2245 13080 2564 2248 13081 2563 2246 13082 2566 3381 13083 2569 2253 13084 2565 2249 13085 2571 2254 13086 2574 2255 13087 2573 2257 13088 2572 2256 13089 2571 2254 13090 2568 2250 13091 2569 2253 13092 2572 2256 13093 2568 2250 13094 2570 2252 13095 2573 2257 13096 2569 2253 13097 2570 2252 13098 2571 2254 13099 2573 2257 13100 2569 2253 13101 2573 2257 13102 2572 2256 13103 2577 2258 13104 2574 2255 13105 2578 2262 13106 2576 3382 13107 2578 2262 13108 2574 2255 13109 2575 2259 13110 2576 3382 13111 2574 2255 13112 2577 2258 13113 2580 2260 13114 2576 3382 13115 2577 2258 13116 2576 3382 13117 2575 2259 13118 2578 2262 13119 2579 3383 13120 2577 2258 13121 2576 3382 13122 2580 2260 13123 2578 2262 13124 2579 3383 13125 2582 2263 13126 2584 2267 13127 2578 2262 13128 2581 2261 13129 2579 3383 13130 2580 2260 13131 2584 2267 13132 2583 2264 13133 2584 2267 13134 2586 2268 13135 2585 2265 13136 2584 2267 13137 2587 2266 13138 2583 2264 13139 2608 2285 13140 2613 2291 13141 2605 2286 13142 2585 2265 13143 2590 2271 13144 2587 2266 13145 2583 2264 13146 2589 2269 13147 2586 2268 13148 2589 2269 13149 2588 2270 13150 2586 2268 13151 2587 2266 13152 2590 2271 13153 2589 2269 13154 2593 3384 13155 2595 2276 13156 2592 2272 13157 2591 2274 13158 2596 2275 13159 2593 3384 13160 2596 2275 13161 2595 2276 13162 2593 3384 13163 2596 2275 13164 2598 2279 13165 2595 2276 13166 2597 2277 13167 2599 2282 13168 2596 2275 13169 2596 2275 13170 2599 2282 13171 2598 2279 13172 2595 2276 13173 2600 2278 13174 2594 2273 13175 2601 2280 13176 2600 2278 13177 2595 2276 13178 2599 2282 13179 2603 2283 13180 2598 2279 13181 2601 2280 13182 2604 2284 13183 2600 2278 13184 2599 2282 13185 2602 2281 13186 2603 2283 13187 2607 2290 13188 2609 2288 13189 2606 2287 13190 2605 2286 13191 2610 2289 13192 2607 2290 13193 2609 2288 13194 2611 2292 13195 2608 2285 13196 2610 2289 13197 2612 2294 13198 2609 2288 13199 2640 2320 13200 2637 2315 13201 2641 2318 13202 2614 2293 13203 2615 2295 13204 2613 2291 13205 2611 2292 13206 2615 2295 13207 2614 2293 13208 2612 2294 13209 2616 2297 13210 2611 2292 13211 2613 2291 13212 2617 2296 13213 2612 2294 13214 2616 2297 13215 2615 2295 13216 2611 2292 13217 2619 2300 13218 2621 2301 13219 2618 3385 13220 2618 3385 13221 2623 2303 13222 2620 2298 13223 2621 2301 13224 2623 2303 13225 2618 3385 13226 2625 2305 13227 2624 2304 13228 2621 2301 13229 2622 2299 13230 2626 2302 13231 2625 2305 13232 2624 2304 13233 2627 3386 13234 2626 2302 13235 2625 2305 13236 2628 2306 13237 2624 2304 13238 2626 2302 13239 2628 2306 13240 2625 2305 13241 2624 2304 13242 2629 2307 13243 2627 3386 13244 2627 3386 13245 2628 2306 13246 2626 2302 13247 2630 2310 13248 2635 2311 13249 2632 2313 13250 2632 2313 13251 2633 2312 13252 2631 2308 13253 2631 2308 13254 2637 2315 13255 2634 2309 13256 2635 2311 13257 2638 2314 13258 2636 2316 13259 2636 2316 13260 2639 2317 13261 2633 2312 13262 2638 2314 13263 2639 2317 13264 2636 2316 13265 2639 2317 13266 2641 2318 13267 2637 2315 13268 2642 2319 13269 2646 2324 13270 2648 2325 13271 2640 2320 13272 2642 2319 13273 2644 2322 13274 2643 2321 13275 2642 2319 13276 2641 2318 13277 2644 2322 13278 2643 2321 13279 2639 2317 13280 2642 2319 13281 2645 2323 13282 2644 2322 13283 2644 2322 13284 2645 2323 13285 2643 2321 13286 2648 2325 13287 2645 2323 13288 2642 2319 13289 2647 2327 13290 2652 2328 13291 2646 2324 13292 2645 2323 13293 2647 2327 13294 2646 2324 13295 2645 2323 13296 2648 2325 13297 2647 2327 13298 2646 2324 13299 2649 2329 13300 2648 2325 13301 2664 2343 13302 2669 2348 13303 2668 2345 13304 2652 2328 13305 2651 2331 13306 2649 2329 13307 2653 2330 13308 2654 2333 13309 2652 2328 13310 2655 2332 13311 2654 2333 13312 2653 2330 13313 2654 2333 13314 2656 2334 13315 2651 2331 13316 2656 2334 13317 2657 2336 13318 2655 2332 13319 2655 2332 13320 2659 2337 13321 2654 2333 13322 2658 2335 13323 2657 2336 13324 2656 2334 13325 2660 2339 13326 2665 2342 13327 2662 2344 13328 2661 2340 13329 2664 2343 13330 2663 2338 13331 2662 2344 13332 2664 2343 13333 2661 2340 13334 2663 2338 13335 2666 2341 13336 2660 2339 13337 2663 2338 13338 2667 2347 13339 2666 2341 13340 2664 2343 13341 2667 2347 13342 2663 2338 13343 2664 2343 13344 2668 2345 13345 2667 2347 13346 2666 2341 13347 2669 2348 13348 2665 2342 13349 2670 2346 13350 2676 2354 13351 2675 2353 13352 2670 2346 13353 2669 2348 13354 2667 2347 13355 2668 2345 13356 2671 2349 13357 2670 2346 13358 2669 2348 13359 2672 2350 13360 2673 2351 13361 2672 2350 13362 2675 2353 13363 2674 2352 13364 2685 2363 13365 2690 2368 13366 2689 2366 13367 2673 2351 13368 2674 2352 13369 2676 2354 13370 2675 2353 13371 2677 3387 13372 2674 2352 13373 2676 2354 13374 2678 2356 13375 2675 2353 13376 2677 3387 13377 2679 2355 13378 2674 2352 13379 2675 2353 13380 2678 2356 13381 2677 3387 13382 2681 2359 13383 2683 2361 13384 2680 2362 13385 2682 2357 13386 2685 2363 13387 2684 2358 13388 2684 2358 13389 2687 2364 13390 2686 2360 13391 2685 2363 13392 2687 2364 13393 2684 2358 13394 2686 2360 13395 2688 2365 13396 2690 2368 13397 2689 2366 13398 2688 2365 13399 2687 2364 13400 2690 2368 13401 2693 2373 13402 2695 2370 13403 2691 2367 13404 2690 2368 13405 2688 2365 13406 2693 2373 13407 2689 2366 13408 2694 2371 13409 2698 2374 13410 2701 2378 13411 2700 2375 13412 2692 2369 13413 2695 2370 13414 2694 2371 13415 2694 2371 13416 2696 2376 13417 2693 2373 13418 2696 2376 13419 2697 2372 13420 2693 2373 13421 2697 2372 13422 2698 2374 13423 2695 2370 13424 2694 2371 13425 2698 2374 13426 2696 2376 13427 2696 2376 13428 2699 2377 13429 2697 2372 13430 2738 3388 13431 2739 3389 13432 2741 3390 13433 2700 2375 13434 2699 2377 13435 2696 2376 13436 2704 3391 13437 2705 2383 13438 2703 3392 13439 2702 2381 13440 2706 2380 13441 2704 3391 13442 2703 3392 13443 2708 2379 13444 2702 2381 13445 2704 3391 13446 2706 2380 13447 2705 2383 13448 2703 3392 13449 2709 2386 13450 2708 2379 13451 2711 2387 13452 2709 2386 13453 2703 3392 13454 2705 2383 13455 2711 2387 13456 2703 3392 13457 2706 2380 13458 2708 2379 13459 2707 2382 13460 2705 2383 13461 2710 2384 13462 2711 2387 13463 2709 2386 13464 2707 2382 13465 2708 2379 13466 2709 2386 13467 2710 2384 13468 2707 2382 13469 2709 2386 13470 2713 2388 13471 2714 2389 13472 2710 2384 13473 2714 2389 13474 2712 2385 13475 2712 2385 13476 2715 2391 13477 2713 2388 13478 2714 2389 13479 2716 2392 13480 2712 2385 13481 2716 2392 13482 2715 2391 13483 2712 2385 13484 2720 3393 13485 2722 2398 13486 2719 2395 13487 2718 2394 13488 2724 2397 13489 2720 3393 13490 2721 2393 13491 2723 2396 13492 2718 2394 13493 2720 3393 13494 2724 2397 13495 2722 2398 13496 2723 2396 13497 2726 2402 13498 2724 2397 13499 2724 2397 13500 2726 2402 13501 2722 2398 13502 2723 2396 13503 2729 2400 13504 2726 2402 13505 2722 2398 13506 2727 2403 13507 2725 2399 13508 2725 2399 13509 2727 2403 13510 2729 2400 13511 2731 2409 13512 2734 2408 13513 2730 2404 13514 2732 2406 13515 2735 2407 13516 2731 2409 13517 2732 2406 13518 2733 2405 13519 2735 2407 13520 2730 2404 13521 2734 2408 13522 2733 2405 13523 2736 3394 13524 2740 3395 13525 2739 3389 13526 2737 3396 13527 2741 3390 13528 2740 3395 13529 2753 2423 13530 2757 3397 13531 2761 2424 13532 2743 2410 13533 2747 2419 13534 2745 2411 13535 2744 2414 13536 2747 2419 13537 2743 2410 13538 2744 2414 13539 2748 2413 13540 2747 2419 13541 2746 2415 13542 2752 2420 13543 2748 2413 13544 2747 2419 13545 2749 2418 13546 2745 2411 13547 2746 2415 13548 2750 2416 13549 2752 2420 13550 2749 2418 13551 2750 2416 13552 2745 2411 13553 2748 2413 13554 2751 2417 13555 2747 2419 13556 2750 2416 13557 2753 2423 13558 2752 2420 13559 2750 2416 13560 2754 3398 13561 2753 2423 13562 2749 2418 13563 2755 2421 13564 2750 2416 13565 2750 2416 13566 2757 3397 13567 2754 3398 13568 2755 2421 13569 2757 3397 13570 2750 2416 13571 2751 2417 13572 2756 2422 13573 2755 2421 13574 2757 3397 13575 2758 2426 13576 2759 2427 13577 2760 2425 13578 2764 2430 13579 2763 2429 13580 2756 2422 13581 2758 2426 13582 2755 2421 13583 2757 3397 13584 2759 2427 13585 2761 2424 13586 2756 2422 13587 2761 2424 13588 2760 2425 13589 2758 2426 13590 2762 2428 13591 2759 2427 13592 2758 2426 13593 2763 2429 13594 2762 2428 13595 2777 3399 13596 2771 2434 13597 2774 3400 13598 2762 2428 13599 2767 2432 13600 2764 2430 13601 2763 2429 13602 2765 2431 13603 2762 2428 13604 2764 2430 13605 2766 2433 13606 2763 2429 13607 2767 2432 13608 2766 2433 13609 2764 2430 13610 2770 3401 13611 2772 2438 13612 2769 2436 13613 2768 2435 13614 2773 2437 13615 2770 3401 13616 2770 3401 13617 2773 2437 13618 2772 2438 13619 2774 3400 13620 2772 2438 13621 2775 2441 13622 2780 3402 13623 2774 3400 13624 2778 3403 13625 2776 2439 13626 2775 2441 13627 2772 2438 13628 2777 3399 13629 2776 2439 13630 2773 2437 13631 2779 2440 13632 2777 3399 13633 2780 3402 13634 2775 2441 13635 2778 3403 13636 2774 3400 13637 2784 3404 13638 2778 3403 13639 2781 2444 13640 2778 3403 13641 2782 2442 13642 2781 2444 13643 2779 2440 13644 2782 2442 13645 2775 2441 13646 2779 2440 13647 2784 3404 13648 2783 3405 13649 2781 2444 13650 2788 2447 13651 2784 3404 13652 2784 3404 13653 2787 2449 13654 2783 3405 13655 2786 2443 13656 2785 2445 13657 2781 2444 13658 2783 3405 13659 2787 2449 13660 2782 2442 13661 2793 2455 13662 2795 2457 13663 2792 2451 13664 2787 2449 13665 2786 2443 13666 2782 2442 13667 2786 2443 13668 2789 2450 13669 2785 2445 13670 2788 2447 13671 2790 2448 13672 2787 2449 13673 2790 2448 13674 2789 2450 13675 2786 2443 13676 2792 2451 13677 2795 2457 13678 2796 2452 13679 2813 3406 13680 2810 2464 13681 2814 2472 13682 2796 2452 13683 2798 2459 13684 2797 2454 13685 2799 2456 13686 2800 2460 13687 2796 2452 13688 2796 2452 13689 2800 2460 13690 2798 2459 13691 2801 2458 13692 2799 2456 13693 2795 2457 13694 2799 2456 13695 2804 2463 13696 2800 2460 13697 2801 2458 13698 2802 2462 13699 2799 2456 13700 2798 2459 13701 2803 2461 13702 2801 2458 13703 2800 2460 13704 2804 2463 13705 2803 2461 13706 2807 2470 13707 2808 2469 13708 2806 2466 13709 2805 2465 13710 2809 2467 13711 2807 2470 13712 2811 2468 13713 2812 2471 13714 2810 2464 13715 2808 2469 13716 2812 2471 13717 2811 2468 13718 2809 2467 13719 2813 3406 13720 2808 2469 13721 2846 3407 13722 2849 2508 13723 2845 2501 13724 2813 3406 13725 2812 2471 13726 2808 2469 13727 2816 3408 13728 2820 2476 13729 2815 2475 13730 2816 3408 13731 2819 3409 13732 2820 2476 13733 2817 2474 13734 2819 3409 13735 2816 3408 13736 2818 2473 13737 2819 3409 13738 2817 2474 13739 2821 2479 13740 2825 2481 13741 2824 2477 13742 2822 2480 13743 2826 2482 13744 2825 2481 13745 2824 2477 13746 2826 2482 13747 2823 2478 13748 2827 2485 13749 2830 2486 13750 2829 2487 13751 2830 2486 13752 2832 2490 13753 2828 2483 13754 2832 2490 13755 2833 2488 13756 2828 2483 13757 2830 2486 13758 2834 2492 13759 2832 2490 13760 2831 2484 13761 2834 2492 13762 2830 2486 13763 2834 2492 13764 2835 2489 13765 2832 2490 13766 2833 2488 13767 2836 2494 13768 2837 2491 13769 2835 2489 13770 2836 2494 13771 2833 2488 13772 2836 2494 13773 2840 2495 13774 2837 2491 13775 2837 2491 13776 2839 2496 13777 2835 2489 13778 2837 2491 13779 2840 2495 13780 2839 2496 13781 2844 2503 13782 2848 2502 13783 2843 2500 13784 2841 2498 13785 2850 2505 13786 2846 3407 13787 2845 2501 13788 2849 2508 13789 2848 2502 13790 2854 2514 13791 2849 2508 13792 2855 2507 13793 2847 2497 13794 2851 2504 13795 2841 2498 13796 2843 2500 13797 2852 2509 13798 2847 2497 13799 2848 2502 13800 2852 2509 13801 2843 2500 13802 2852 2509 13803 2853 2506 13804 2847 2497 13805 2848 2502 13806 2854 2514 13807 2852 2509 13808 2850 2505 13809 2856 2512 13810 2857 2516 13811 2854 2514 13812 2861 3410 13813 2852 2509 13814 2853 2506 13815 2856 2512 13816 2851 2504 13817 2850 2505 13818 2857 2516 13819 2855 2507 13820 2853 2506 13821 2858 2510 13822 2856 2512 13823 2856 2512 13824 2859 2511 13825 2857 2516 13826 2857 2516 13827 2860 2513 13828 2855 2507 13829 2852 2509 13830 2861 3410 13831 2858 2510 13832 2864 2520 13833 2861 3410 13834 2865 2524 13835 2860 2513 13836 2862 2518 13837 2854 2514 13838 2858 2510 13839 2864 2520 13840 2859 2511 13841 2865 2524 13842 2871 2528 13843 2870 2525 13844 2862 2518 13845 2865 2524 13846 2861 3410 13847 2863 2515 13848 2866 2517 13849 2860 2513 13850 2859 2511 13851 2868 2523 13852 2863 2515 13853 2862 2518 13854 2867 2519 13855 2865 2524 13856 2863 2515 13857 2868 2523 13858 2866 2517 13859 2859 2511 13860 2869 2521 13861 2868 2523 13862 2864 2520 13863 2870 2525 13864 2869 2521 13865 2878 3411 13866 2875 2527 13867 2876 2531 13868 2866 2517 13869 2871 2528 13870 2867 2519 13871 2870 2525 13872 2872 2522 13873 2869 2521 13874 2866 2517 13875 2873 2526 13876 2871 2528 13877 2874 2529 13878 2875 2527 13879 2870 2525 13880 2874 2529 13881 2876 2531 13882 2875 2527 13883 2879 3412 13884 2886 2532 13885 2882 3413 13886 2878 3411 13887 2877 2530 13888 2873 2526 13889 2887 2533 13890 2891 2536 13891 2890 2537 13892 2884 3414 13893 2883 2535 13894 2879 3412 13895 2880 3415 13896 2884 3414 13897 2879 3412 13898 2881 2534 13899 2885 2538 13900 2880 3415 13901 2882 3413 13902 2886 2532 13903 2881 2534 13904 2881 2534 13905 2887 2533 13906 2885 2538 13907 2880 3415 13908 2888 2542 13909 2884 3414 13910 2885 2538 13911 2888 2542 13912 2880 3415 13913 2884 3414 13914 2889 2539 13915 2883 2535 13916 2888 2542 13917 2889 2539 13918 2884 3414 13919 2894 2546 13920 2890 2537 13921 2895 2547 13922 2883 2535 13923 2892 2540 13924 2891 2536 13925 2885 2538 13926 2893 2541 13927 2888 2542 13928 2885 2538 13929 2894 2546 13930 2893 2541 13931 2891 2536 13932 2895 2547 13933 2890 2537 13934 2895 2547 13935 2897 2545 13936 2894 2546 13937 2907 2551 13938 2901 2556 13939 2908 2555 13940 2902 2550 13941 2904 2554 13942 2901 2556 13943 2899 3416 13944 2905 2552 13945 2903 2548 13946 2900 2553 13947 2905 2552 13948 2899 3416 13949 2902 2550 13950 2906 2549 13951 2904 2554 13952 2905 2552 13953 2909 2557 13954 2903 2548 13955 2909 2557 13956 2910 2558 13957 2912 3417 13958 2919 2563 13959 2925 2571 13960 2918 2564 13961 2908 2555 13962 2910 2558 13963 2907 2551 13964 2909 2557 13965 2912 3417 13966 2906 2549 13967 2906 2549 13968 2912 3417 13969 2911 2559 13970 2913 2561 13971 2918 2564 13972 2916 2568 13973 2917 2560 13974 2919 2563 13975 2913 2561 13976 2916 2568 13977 2921 2567 13978 2915 2566 13979 2921 2567 13980 2922 2569 13981 2915 2566 13982 2919 2563 13983 2924 2570 13984 2923 3418 13985 2924 2570 13986 2927 2573 13987 2923 3418 13988 2921 2567 13989 2925 2571 13990 2922 2569 13991 2923 3418 13992 2927 2573 13993 2925 2571 13994 2922 2569 13995 2926 2572 13996 2924 2570 13997 2927 2573 13998 2926 2572 13999 2925 2571 14000 2926 2572 14001 2928 2576 14002 2924 2570 14003 2962 2606 14004 2966 2609 14005 2965 2611 14006 2928 2576 14007 2930 2577 14008 2927 2573 14009 2927 2573 14010 2932 2578 14011 2929 2574 14012 2927 2573 14013 2930 2577 14014 2932 2578 14015 2933 2586 14016 2936 2582 14017 2935 2581 14018 2934 2580 14019 2937 2584 14020 2933 2586 14021 2933 2586 14022 2939 2585 14023 2936 2582 14024 2938 2579 14025 2940 2587 14026 2934 2580 14027 2936 2582 14028 2944 2590 14029 2941 2583 14030 2937 2584 14031 2942 2588 14032 2939 2585 14033 2940 2587 14034 2943 2589 14035 2937 2584 14036 2941 2583 14037 2944 2590 14038 2938 2579 14039 2942 2588 14040 2944 2590 14041 2936 2582 14042 2946 2595 14043 2948 3419 14044 2945 2591 14045 2948 3419 14046 2949 2592 14047 2945 2591 14048 2950 2594 14049 2948 3419 14050 2946 2595 14051 2952 3420 14052 2955 2599 14053 2951 2598 14054 2953 2597 14055 2956 2600 14056 2952 3420 14057 2952 3420 14058 2956 2600 14059 2955 2599 14060 2955 2599 14061 2957 2602 14062 2954 2596 14063 2954 2596 14064 2959 2604 14065 2956 2600 14066 2954 2596 14067 2957 2602 14068 2959 2604 14069 2955 2599 14070 2958 2601 14071 2957 2602 14072 2959 2604 14073 2958 2601 14074 2956 2600 14075 2957 2602 14076 2963 2608 14077 2961 2603 14078 2962 2606 14079 2963 2608 14080 2957 2602 14081 2963 2608 14082 2964 2607 14083 2967 2612 14084 2962 2606 14085 2965 2611 14086 2964 2607 14087 2963 2608 14088 2966 2609 14089 2961 2603 14090 2967 2612 14091 2968 2615 14092 2970 2613 14093 2965 2611 14094 2968 2615 14095 2964 2607 14096 3006 2648 14097 3005 2647 14098 3008 2650 14099 2970 2613 14100 2969 2610 14101 2966 2609 14102 2971 2616 14103 2973 2614 14104 2968 2615 14105 2969 2610 14106 2972 2617 14107 2971 2616 14108 2970 2613 14109 2973 2614 14110 2972 2617 14111 2973 2614 14112 2974 2618 14113 2976 2619 14114 2971 2616 14115 2975 2621 14116 2974 2618 14117 2972 2617 14118 2975 2621 14119 2971 2616 14120 2976 2619 14121 2977 2620 14122 2972 2617 14123 2974 2618 14124 2979 3421 14125 2976 2619 14126 2975 2621 14127 2978 2622 14128 2974 2618 14129 2976 2619 14130 2979 3421 14131 2977 2620 14132 2978 2622 14133 2979 3421 14134 2974 2618 14135 2982 3422 14136 2985 2629 14137 2981 2623 14138 2981 2623 14139 2985 2629 14140 2983 2624 14141 2980 2625 14142 2986 2627 14143 2982 3422 14144 2982 3422 14145 2986 2627 14146 2985 2629 14147 2984 2626 14148 2988 2630 14149 2986 2627 14150 2986 2627 14151 2989 2632 14152 2987 2628 14153 2987 2628 14154 2991 2635 14155 2990 2631 14156 2989 2632 14157 2991 2635 14158 2987 2628 14159 2990 2631 14160 2992 2633 14161 2988 2630 14162 2989 2632 14163 2992 2633 14164 2991 2635 14165 2994 2636 14166 2991 2635 14167 2992 2633 14168 2993 2634 14169 2994 2636 14170 2992 2633 14171 2991 2635 14172 2995 2637 14173 2993 2634 14174 2993 2634 14175 2996 2638 14176 2994 2636 14177 2995 2637 14178 2997 2640 14179 2993 2634 14180 2994 2636 14181 2998 2639 14182 2995 2637 14183 2997 2640 14184 2996 2638 14185 2993 2634 14186 3004 2646 14187 3003 2645 14188 3000 2644 14189 3002 2641 14190 3006 2648 14191 3001 2642 14192 3006 2648 14193 3007 2649 14194 3004 2646 14195 3021 2661 14196 3028 2669 14197 3027 2667 14198 3010 2652 14199 3011 2655 14200 3008 2650 14201 3007 2649 14202 3013 2653 14203 3010 2652 14204 3009 2651 14205 3012 2654 14206 3014 2658 14207 3011 2655 14208 3012 2654 14209 3008 2650 14210 3009 2651 14211 3014 2658 14212 3013 2653 14213 3012 2654 14214 3015 2656 14215 3014 2658 14216 3011 2655 14217 3016 2659 14218 3012 2654 14219 3013 2653 14220 3016 2659 14221 3011 2655 14222 3014 2658 14223 3017 2657 14224 3013 2653 14225 3017 2657 14226 3016 2659 14227 3013 2653 14228 3020 3423 14229 3022 2664 14230 3019 2660 14231 3018 2662 14232 3023 2663 14233 3020 3423 14234 3019 2660 14235 3024 2665 14236 3021 2661 14237 3023 2663 14238 3022 2664 14239 3020 3423 14240 3021 2661 14241 3026 2668 14242 3023 2663 14243 3022 2664 14244 3025 2666 14245 3024 2665 14246 3026 2668 14247 3025 2666 14248 3023 2663 14249 3029 2671 14250 3031 2673 14251 3028 2669 14252 3027 2667 14253 3030 2670 14254 3026 2668 14255 3025 2666 14256 3029 2671 14257 3028 2669 14258 3026 2668 14259 3030 2670 14260 3025 2666 14261 3027 2667 14262 3033 2674 14263 3030 2670 14264 3054 2697 14265 3058 3424 14266 3057 2695 14267 3030 2670 14268 3033 2674 14269 3032 2672 14270 3036 2681 14271 3037 2680 14272 3035 2677 14273 3034 2676 14274 3038 2678 14275 3036 2681 14276 3039 2675 14277 3043 2684 14278 3038 2678 14279 3040 2679 14280 3041 2683 14281 3039 2675 14282 3037 2680 14283 3041 2683 14284 3040 2679 14285 3038 2678 14286 3042 2682 14287 3037 2680 14288 3039 2675 14289 3041 2683 14290 3043 2684 14291 3046 2691 14292 3048 2689 14293 3045 2685 14294 3044 2687 14295 3049 2690 14296 3046 2691 14297 3047 2686 14298 3053 2694 14299 3050 2688 14300 3048 2689 14301 3051 2693 14302 3047 2686 14303 3049 2690 14304 3052 2692 14305 3048 2689 14306 3050 2688 14307 3053 2694 14308 3049 2690 14309 3051 2693 14310 3053 2694 14311 3047 2686 14312 3059 3425 14313 3056 2696 14314 3057 2695 14315 3059 3425 14316 3058 3424 14317 3055 3426 14318 3066 2704 14319 3064 2701 14320 3067 2703 14321 3062 2699 14322 3065 2702 14323 3061 3427 14324 3061 3427 14325 3065 2702 14326 3060 2700 14327 3076 2712 14328 3074 3428 14329 3077 3429 14330 3066 2704 14331 3068 2705 14332 3069 2706 14333 3068 2705 14334 3071 2709 14335 3069 2706 14336 3069 2706 14337 3071 2709 14338 3070 2707 14339 3070 2707 14340 3072 2708 14341 3068 2705 14342 3070 2707 14343 3073 2711 14344 3072 2708 14345 3070 2707 14346 3074 3428 14347 3073 2711 14348 3071 2709 14349 3074 3428 14350 3070 2707 14351 3075 2710 14352 3074 3428 14353 3071 2709 14354 3076 2712 14355 3078 2714 14356 3075 2710 14357 3074 3428 14358 3078 2714 14359 3077 3429 14360 3080 2717 14361 3078 2714 14362 3081 2715 14363 3080 2717 14364 3079 2713 14365 3076 2712 14366 3077 3429 14367 3080 2717 14368 3076 2712 14369 3085 2722 14370 3083 2718 14371 3086 2723 14372 3079 2713 14373 3082 2716 14374 3081 2715 14375 3080 2717 14376 3083 2718 14377 3082 2716 14378 3084 2719 14379 3083 2718 14380 3081 2715 14381 3082 2716 14382 3085 2722 14383 3084 2719 14384 3086 2723 14385 3087 2720 14386 3090 2724 14387 3084 2719 14388 3089 2721 14389 3088 2725 14390 3088 2725 14391 3087 2720 14392 3084 2719 14393 3099 2733 14394 3097 2731 14395 3100 3430 14396 3086 2723 14397 3090 2724 14398 3089 2721 14399 3093 3431 14400 3095 2729 14401 3092 2726 14402 3091 2728 14403 3095 2729 14404 3093 3431 14405 3096 2732 14406 3097 2731 14407 3091 2728 14408 3094 2727 14409 3096 2732 14410 3091 2728 14411 3091 2728 14412 3097 2731 14413 3095 2729 14414 3095 2729 14415 3097 2731 14416 3094 2727 14417 3099 2733 14418 3098 2730 14419 3096 2732 14420 3099 2733 14421 3102 2735 14422 3101 2738 14423 3097 2731 14424 3098 2730 14425 3100 3430 14426 3098 2730 14427 3102 2735 14428 3100 3430 14429 3099 2733 14430 3101 2738 14431 3103 2734 14432 3106 2742 14433 3102 2735 14434 3107 2744 14435 3103 2734 14436 3104 2737 14437 3102 2735 14438 3101 2738 14439 3106 2742 14440 3105 2736 14441 3111 2743 14442 3114 2745 14443 3113 2746 14444 3104 2737 14445 3107 2744 14446 3102 2735 14447 3105 2736 14448 3108 2740 14449 3104 2737 14450 3106 2742 14451 3109 2739 14452 3105 2736 14453 3107 2744 14454 3110 2741 14455 3106 2742 14456 3104 2737 14457 3108 2740 14458 3107 2744 14459 3107 2744 14460 3111 2743 14461 3110 2741 14462 3110 2741 14463 3111 2743 14464 3109 2739 14465 3111 2743 14466 3112 2747 14467 3109 2739 14468 3109 2739 14469 3112 2747 14470 3114 2745 14471 3119 2751 14472 3122 2755 14473 3123 2756 14474 3117 2753 14475 3119 2751 14476 3116 2750 14477 3115 2749 14478 3120 2752 14479 3117 2753 14480 3118 2748 14481 3120 2752 14482 3115 2749 14483 3119 2751 14484 3121 2754 14485 3118 2748 14486 3138 2771 14487 3142 2773 14488 3140 2772 14489 3121 2754 14490 3124 2757 14491 3122 2755 14492 3123 2756 14493 3124 2757 14494 3121 2754 14495 3123 2756 14496 3127 2762 14497 3124 2757 14498 3123 2756 14499 3126 2759 14500 3127 2762 14501 3127 2762 14502 3125 2758 14503 3124 2757 14504 3129 2761 14505 3128 2760 14506 3125 2758 14507 3127 2762 14508 3130 2763 14509 3129 2761 14510 3126 2759 14511 3128 2760 14512 3130 2763 14513 3128 2760 14514 3134 2765 14515 3131 2764 14516 3130 2763 14517 3132 2767 14518 3129 2761 14519 3129 2761 14520 3132 2767 14521 3134 2765 14522 3136 2770 14523 3138 2771 14524 3135 3432 14525 3135 3432 14526 3140 2772 14527 3137 2768 14528 3138 2771 14529 3140 2772 14530 3135 3432 14531 3141 3433 14532 3145 2777 14533 3142 2773 14534 3139 2769 14535 3141 3433 14536 3138 2771 14537 3141 3433 14538 3144 2774 14539 3143 2778 14540 3146 2782 14541 3150 2779 14542 3149 2784 14543 3142 2773 14544 3145 2777 14545 3144 2774 14546 3144 2774 14547 3147 2776 14548 3143 2778 14549 3145 2777 14550 3147 2776 14551 3144 2774 14552 3143 2778 14553 3146 2782 14554 3148 2775 14555 3143 2778 14556 3147 2776 14557 3146 2782 14558 3146 2782 14559 3150 2779 14560 3148 2775 14561 3176 2805 14562 3178 2808 14563 3175 2806 14564 3146 2782 14565 3153 2781 14566 3150 2779 14567 3149 2784 14568 3151 2780 14569 3146 2782 14570 3150 2779 14571 3152 2783 14572 3149 2784 14573 3150 2779 14574 3153 2781 14575 3152 2783 14576 3155 2790 14577 3157 2789 14578 3154 2785 14579 3154 2785 14580 3157 2789 14581 3159 2786 14582 3156 2787 14583 3158 2788 14584 3155 2790 14585 3158 2788 14586 3160 2793 14587 3157 2789 14588 3160 2793 14589 3161 2791 14590 3157 2789 14591 3159 2786 14592 3162 2792 14593 3158 2788 14594 3161 2791 14595 3164 2795 14596 3162 2792 14597 3167 3434 14598 3169 2800 14599 3166 2798 14600 3165 2797 14601 3170 2799 14602 3167 3434 14603 3167 3434 14604 3170 2799 14605 3169 2800 14606 3168 2796 14607 3171 2803 14608 3170 2799 14609 3169 2800 14610 3173 2802 14611 3168 2796 14612 3169 2800 14613 3175 2806 14614 3173 2802 14615 3172 2801 14616 3175 2806 14617 3169 2800 14618 3172 2801 14619 3176 2805 14620 3175 2806 14621 3175 2806 14622 3177 2809 14623 3174 2804 14624 3174 2804 14625 3177 2809 14626 3179 2807 14627 3188 3435 14628 3185 2810 14629 3189 2818 14630 3182 2816 14631 3183 2815 14632 3181 2812 14633 3180 2811 14634 3184 2813 14635 3182 2816 14636 3186 2814 14637 3187 2817 14638 3185 2810 14639 3183 2815 14640 3187 2817 14641 3186 2814 14642 3184 2813 14643 3188 3435 14644 3183 2815 14645 3225 2851 14646 3227 2853 14647 3223 2849 14648 3188 3435 14649 3187 2817 14650 3183 2815 14651 3190 2819 14652 3194 2822 14653 3193 2820 14654 3195 2824 14655 3194 2822 14656 3191 2823 14657 3193 2820 14658 3195 2824 14659 3192 2821 14660 3196 2827 14661 3200 2829 14662 3199 2825 14663 3197 2828 14664 3201 2830 14665 3200 2829 14666 3199 2825 14667 3201 2830 14668 3198 2826 14669 3206 2834 14670 3205 2832 14671 3202 2831 14672 3203 2835 14673 3207 2836 14674 3206 2834 14675 3204 2833 14676 3205 2832 14677 3207 2836 14678 3208 2838 14679 3213 2840 14680 3210 3436 14681 3209 2839 14682 3212 2841 14683 3211 2837 14684 3210 3436 14685 3213 2840 14686 3209 2839 14687 3211 2837 14688 3213 2840 14689 3208 2838 14690 3216 2844 14691 3217 2847 14692 3215 3437 14693 3214 3438 14694 3218 2846 14695 3216 2844 14696 3215 3437 14697 3218 2846 14698 3214 3438 14699 3216 2844 14700 3219 2843 14701 3217 2847 14702 3217 2847 14703 3218 2846 14704 3215 3437 14705 3218 2846 14706 3220 2842 14707 3216 2844 14708 3219 2843 14709 3221 2845 14710 3217 2847 14711 3219 2843 14712 3223 2849 14713 3221 2845 14714 3218 2846 14715 3224 2850 14716 3222 2848 14717 3220 2842 14718 3225 2851 14719 3223 2849 14720 3224 2850 14721 3225 2851 14722 3222 2848 14723 3221 2845 14724 3223 2849 14725 3224 2850 14726 3243 2867 14727 3247 3439 14728 3246 2871 14729 3226 2852 14730 3228 2856 14731 3225 2851 14732 3224 2850 14733 3227 2853 14734 3226 2852 14735 3228 2856 14736 3229 2854 14737 3227 2853 14738 3228 2856 14739 3230 2855 14740 3232 3440 14741 3231 2859 14742 3230 2855 14743 3226 2852 14744 3229 2854 14745 3231 2859 14746 3226 2852 14747 3228 2856 14748 3232 3440 14749 3229 2854 14750 3230 2855 14751 3235 2860 14752 3232 3440 14753 3231 2859 14754 3233 2858 14755 3230 2855 14756 3229 2854 14757 3234 2857 14758 3231 2859 14759 3232 3440 14760 3235 2860 14761 3229 2854 14762 3233 2858 14763 3235 2860 14764 3230 2855 14765 3238 2866 14766 3240 2865 14767 3237 2861 14768 3236 2863 14769 3241 2864 14770 3238 2866 14771 3239 2862 14772 3242 2870 14773 3236 2863 14774 3240 2865 14775 3239 2862 14776 3237 2861 14777 3236 2863 14778 3242 2870 14779 3241 2864 14780 3239 2862 14781 3244 2868 14782 3242 2870 14783 3242 2870 14784 3240 2865 14785 3241 2864 14786 3244 2868 14787 3246 2871 14788 3245 2869 14789 3242 2870 14790 3247 3439 14791 3240 2865 14792 3248 2872 14793 3247 3439 14794 3250 2877 14795 3248 2872 14796 3249 2874 14797 3245 2869 14798 3250 2877 14799 3245 2869 14800 3249 2874 14801 3267 2889 14802 3272 3441 14803 3271 2895 14804 3250 2877 14805 3251 2876 14806 3248 2872 14807 3249 2874 14808 3252 2875 14809 3250 2877 14810 3248 2872 14811 3251 2876 14812 3253 2873 14813 3256 2884 14814 3257 2883 14815 3255 2880 14816 3254 2879 14817 3258 2881 14818 3256 2884 14819 3259 2878 14820 3263 2887 14821 3258 2881 14822 3260 2882 14823 3261 2886 14824 3259 2878 14825 3257 2883 14826 3261 2886 14827 3260 2882 14828 3258 2881 14829 3262 2885 14830 3257 2883 14831 3259 2878 14832 3261 2886 14833 3263 2887 14834 3266 2894 14835 3268 2892 14836 3265 2888 14837 3264 2890 14838 3269 2893 14839 3266 2894 14840 3267 2889 14841 3273 2896 14842 3270 2891 14843 3269 2893 14844 3272 3441 14845 3268 2892 14846 3270 2891 14847 3273 2896 14848 3269 2893 14849 3290 2911 14850 3292 2912 14851 3291 2910 14852 3269 2893 14853 3273 2896 14854 3272 3441 14855 3276 3442 14856 3278 2901 14857 3275 2897 14858 3274 2899 14859 3279 2900 14860 3276 3442 14861 3279 2900 14862 3278 2901 14863 3276 3442 14864 3279 2900 14865 3281 2904 14866 3278 2901 14867 3277 2898 14868 3282 2903 14869 3279 2900 14870 3278 2901 14871 3280 2902 14872 3277 2898 14873 3279 2900 14874 3282 2903 14875 3281 2904 14876 3280 2902 14877 3284 3443 14878 3282 2903 14879 3282 2903 14880 3284 3443 14881 3283 2905 14882 3287 3444 14883 3289 2909 14884 3286 2908 14885 3285 2907 14886 3290 2911 14887 3287 3444 14888 3287 3444 14889 3290 2911 14890 3289 2909 14891 3289 2909 14892 3293 2915 14893 3288 2906 14894 3288 2906 14895 3292 2912 14896 3285 2907 14897 3317 2934 14898 3322 2942 14899 3316 2938 14900 3293 2915 14901 3294 2916 14902 3292 2912 14903 3291 2910 14904 3295 2914 14905 3289 2909 14906 3291 2910 14907 3296 2913 14908 3295 2914 14909 3292 2912 14910 3297 2917 14911 3296 2913 14912 3295 2914 14913 3298 2918 14914 3294 2916 14915 3297 2917 14916 3299 2920 14917 3296 2913 14918 3296 2913 14919 3299 2920 14920 3295 2914 14921 3298 2918 14922 3300 2922 14923 3297 2917 14924 3299 2920 14925 3301 2921 14926 3295 2914 14927 3301 2921 14928 3300 2922 14929 3298 2918 14930 3305 2929 14931 3307 2927 14932 3304 2923 14933 3303 2925 14934 3308 2928 14935 3305 2929 14936 3306 2924 14937 3312 2932 14938 3309 2926 14939 3307 2927 14940 3310 2931 14941 3306 2924 14942 3308 2928 14943 3311 2930 14944 3307 2927 14945 3309 2926 14946 3312 2932 14947 3308 2928 14948 3310 2931 14949 3312 2932 14950 3306 2924 14951 3315 2940 14952 3320 2939 14953 3314 2937 14954 3320 2939 14955 3321 2941 14956 3314 2937 14957 3316 2938 14958 3322 2942 14959 3320 2939 14960 3318 2933 14961 3324 3445 14962 3325 3446 14963 3318 2933 14964 3323 2945 14965 3317 2934 14966 3325 3446 14967 3330 2952 14968 3331 2950 14969 3321 2941 14970 3324 3445 14971 3319 2936 14972 3318 2933 14973 3325 3446 14974 3323 2945 14975 3320 2939 14976 3326 2943 14977 3321 2941 14978 3321 2941 14979 3328 2946 14980 3324 3445 14981 3325 3446 14982 3329 2947 14983 3323 2945 14984 3327 2944 14985 3332 2956 14986 3326 2943 14987 3328 2946 14988 3330 2952 14989 3324 3445 14990 3325 3446 14991 3331 2950 14992 3329 2947 14993 3326 2943 14994 3332 2956 14995 3328 2946 14996 3332 2956 14997 3339 2957 14998 3338 2955 14999 3329 2947 15000 3333 2949 15001 3327 2944 15002 3330 2952 15003 3336 2954 15004 3331 2950 15005 3332 2956 15006 3335 2951 15007 3328 2946 15008 3331 2950 15009 3336 2954 15010 3334 2948 15011 3335 2951 15012 3337 2953 15013 3330 2952 15014 3347 2962 15015 3351 3447 15016 3346 3448 15017 3337 2953 15018 3341 2959 15019 3336 2954 15020 3335 2951 15021 3341 2959 15022 3337 2953 15023 3340 2958 15024 3341 2959 15025 3335 2951 15026 3334 2948 15027 3342 2960 15028 3340 2958 15029 3344 2966 15030 3349 2965 15031 3343 2963 15032 3348 2961 15033 3352 2969 15034 3347 2962 15035 3346 3448 15036 3351 3447 15037 3345 2964 15038 3353 3449 15039 3351 3447 15040 3354 2973 15041 3345 2964 15042 3353 3449 15043 3349 2965 15044 3353 3449 15045 3357 2971 15046 3349 2965 15047 3352 2969 15048 3354 2973 15049 3351 3447 15050 3352 2969 15051 3355 2968 15052 3354 2973 15053 3348 2961 15054 3356 2970 15055 3355 2968 15056 3353 3449 15057 3359 2972 15058 3358 2977 15059 3361 2974 15060 3363 3450 15061 3364 3451 15062 3350 2967 15063 3360 2976 15064 3356 2970 15065 3357 2971 15066 3360 2976 15067 3350 2967 15068 3355 2968 15069 3361 2974 15070 3359 2972 15071 3357 2971 15072 3362 2975 15073 3360 2976 15074 3378 2988 15075 3384 2996 15076 3383 2995 15077 3362 2975 15078 3363 3450 15079 3356 2970 15080 3361 2974 15081 3364 3451 15082 3359 2972 15083 3357 2971 15084 3365 2978 15085 3362 2975 15086 3364 3451 15087 3366 2979 15088 3359 2972 15089 3358 2977 15090 3367 2981 15091 3365 2978 15092 3366 2979 15093 3367 2981 15094 3358 2977 15095 3363 3450 15096 3368 3452 15097 3364 3451 15098 3362 2975 15099 3368 3452 15100 3363 3450 15101 3365 2978 15102 3368 3452 15103 3362 2975 15104 3365 2978 15105 3369 2980 15106 3368 3452 15107 3366 2979 15108 3369 2980 15109 3367 2981 15110 3364 3451 15111 3370 2982 15112 3366 2979 15113 3368 3452 15114 3370 2982 15115 3364 3451 15116 3374 2991 15117 3376 2987 15118 3373 2989 15119 3373 2989 15120 3378 2988 15121 3372 2986 15122 3375 2984 15123 3379 2990 15124 3374 2991 15125 3378 2988 15126 3380 2993 15127 3372 2986 15128 3375 2984 15129 3381 2992 15130 3379 2990 15131 3380 2993 15132 3382 2994 15133 3377 2983 15134 3382 2994 15135 3386 3003 15136 3385 3453 15137 3381 2992 15138 3387 2997 15139 3379 2990 15140 3382 2994 15141 3385 3453 15142 3381 2992 15143 3390 3000 15144 3393 3002 15145 3392 3454 15146 3383 2995 15147 3386 3003 15148 3380 2993 15149 3381 2992 15150 3388 2999 15151 3387 2997 15152 3385 3453 15153 3389 2998 15154 3381 2992 15155 3383 2995 15156 3390 3000 15157 3386 3003 15158 3388 2999 15159 3390 3000 15160 3387 2997 15161 3385 3453 15162 3393 3002 15163 3389 2998 15164 3386 3003 15165 3393 3002 15166 3385 3453 15167 3392 3454 15168 3391 3001 15169 3390 3000 15170 3401 3455 15171 3399 3004 15172 3403 3012 15173 3394 3010 15174 3397 3007 15175 3396 3006 15176 3395 3005 15177 3398 3009 15178 3394 3010 15179 3397 3007 15180 3402 3011 15181 3400 3008 15182 3398 3009 15183 3401 3455 15184 3397 3007 15185 3400 3008 15186 3402 3011 15187 3399 3004 15188 3401 3455 15189 3402 3011 15190 3397 3007 15191 3408 3456 15192 3405 3017 15193 3409 3016 15194 3408 3456 15195 3407 3014 15196 3404 3013 15197 3413 3019 15198 3416 3023 15199 3417 3024 15200 3407 3014 15201 3409 3016 15202 3406 3015 15203 3412 3457 15204 3414 3022 15205 3411 3018 15206 3410 3020 15207 3415 3021 15208 3412 3457 15209 3415 3021 15210 3414 3022 15211 3412 3457 15212 3413 3019 15213 3418 3025 15214 3415 3021 15215 3421 3028 15216 3419 3026 15217 3422 3033 15218 3415 3021 15219 3418 3025 15220 3416 3023 15221 3417 3024 15222 3420 3030 15223 3418 3025 15224 3417 3024 15225 3421 3028 15226 3420 3030 15227 3420 3030 15228 3423 3027 15229 3418 3025 15230 3431 3040 15231 3434 3041 15232 3430 3035 15233 3423 3027 15234 3422 3033 15235 3419 3026 15236 3421 3028 15237 3427 3034 15238 3424 3029 15239 3422 3033 15240 3425 3032 15241 3421 3028 15242 3423 3027 15243 3426 3031 15244 3422 3033 15245 3424 3029 15246 3427 3034 15247 3423 3027 15248 3425 3032 15249 3427 3034 15250 3421 3028 15251 3428 3038 15252 3431 3040 15253 3430 3035 15254 3432 3036 15255 3433 3042 15256 3428 3038 15257 3428 3038 15258 3433 3042 15259 3435 3039 15260 3455 3458 15261 3450 3058 15262 3453 3057 15263 3438 3049 15264 3441 3048 15265 3437 3043 15266 3436 3045 15267 3440 3046 15268 3438 3049 15269 3437 3043 15270 3441 3048 15271 3439 3044 15272 3440 3046 15273 3442 3047 15274 3438 3049 15275 3440 3046 15276 3443 3052 15277 3442 3047 15278 3439 3044 15279 3443 3052 15280 3440 3046 15281 3445 3051 15282 3444 3050 15283 3441 3048 15284 3439 3044 15285 3446 3053 15286 3443 3052 15287 3446 3053 15288 3449 3056 15289 3443 3052 15290 3444 3050 15291 3449 3056 15292 3446 3053 15293 3443 3052 15294 3449 3056 15295 3447 3054 15296 3456 3459 15297 3460 3460 15298 3459 3461 15299 3451 3059 15300 3454 3061 15301 3453 3057 15302 3455 3458 15303 3454 3061 15304 3452 3060 15305 3457 3462 15306 3461 3463 15307 3460 3460 15308 3458 3464 15309 3459 3461 15310 3461 3463 15311 3463 3465 15312 3466 3066 15313 3462 3062 15314 3464 3064 15315 3466 3066 15316 3463 3465 15317 3464 3064 15318 3469 3067 15319 3466 3066 15320 3465 3063 15321 3470 3069 15322 3467 3065 15323 3466 3066 15324 3468 3068 15325 3465 3063 15326 3467 3065 15327 3470 3069 15328 3469 3067 15329 3468 3068 15330 3471 3070 15331 3470 3069 15332 3469 3067 15333 3472 3466 15334 3468 3068 15335 3472 3466 15336 3471 3070 15337 3468 3068 15338 3469 3067 15339 3473 3071 15340 3472 3466 15341 5 946 15342 0 4 15343 7 3 15344 8 3072 15345 2 0 15346 3 3073 15347 4 3075 15348 10 3076 15349 9 3074 15350 4 3075 15351 5 946 15352 11 947 15353 12 3077 15354 8 3072 15355 9 3074 15356 19 7 15357 11 947 15358 7 3 15359 7 3 15360 6 1 15361 15 9 15362 12 3077 15363 16 10 15364 15 9 15365 13 3078 15366 17 12 15367 16 10 15368 13 3078 15369 10 3076 15370 18 14 15371 18 14 15372 10 3076 15373 11 947 15374 14 5 15375 15 9 15376 23 16 15377 24 11 15378 17 12 15379 18 14 15380 22 3079 15381 23 16 15382 28 22 15383 26 15 15384 24 11 15385 32 18 15386 34 29 15387 28 22 15388 31 3080 15389 31 3080 15390 32 18 15391 36 23 15392 29 17 15393 30 20 15394 38 26 15395 43 31 15396 41 27 15397 50 42 15398 44 37 15399 47 36 15400 52 41 15401 64 3081 15402 59 3467 15403 66 58 15404 66 58 15405 59 3467 15406 60 3084 15407 67 54 15408 60 3084 15409 61 50 15410 63 52 15411 64 3081 15412 70 3082 15413 71 53 15414 68 49 15415 65 48 15416 80 3085 15417 72 55 15418 76 62 15419 84 67 15420 79 63 15421 77 61 15422 85 3086 15423 77 61 15424 82 64 15425 86 3087 15426 82 64 15427 80 3085 15428 80 3085 15429 81 66 15430 88 3089 15431 83 65 15432 84 67 15433 89 3090 15434 89 3090 15435 84 67 15436 85 3086 15437 85 3086 15438 86 3087 15439 91 3092 15440 91 3092 15441 86 3087 15442 87 3088 15443 87 3088 15444 88 3089 15445 93 70 15446 83 65 15447 94 68 15448 93 70 15449 89 3090 15450 90 3091 15451 96 3094 15452 90 3091 15453 91 3092 15454 97 3096 15455 91 3092 15456 92 3093 15457 98 3097 15458 98 3097 15459 92 3093 15460 93 70 15461 105 73 15462 94 68 15463 95 3095 15464 95 3095 15465 96 3094 15466 101 76 15467 97 3096 15468 102 3098 15469 101 76 15470 98 3097 15471 103 79 15472 102 3098 15473 98 3097 15474 99 69 15475 104 72 15476 99 69 15477 94 68 15478 105 73 15479 102 3098 15480 108 80 15481 107 74 15482 120 88 15483 115 3101 15484 122 92 15485 115 3101 15486 116 3468 15487 123 93 15488 123 93 15489 116 3468 15490 117 3102 15491 124 90 15492 117 3102 15493 118 86 15494 121 84 15495 130 95 15496 129 100 15497 133 3103 15498 128 91 15499 136 101 15500 138 104 15501 130 95 15502 133 3103 15503 140 3104 15504 137 98 15505 147 111 15506 143 105 15507 146 3105 15508 150 115 15509 157 118 15510 153 112 15511 155 3106 15512 157 118 15513 158 3107 15514 160 3109 15515 158 3107 15516 154 114 15517 161 119 15518 165 3110 15519 172 130 15520 176 126 15521 165 3110 15522 166 3112 15523 173 128 15524 166 3112 15525 167 3469 15526 174 132 15527 174 132 15528 167 3469 15529 168 125 15530 176 126 15531 172 130 15532 177 129 15533 180 134 15534 175 124 15535 171 123 15536 187 144 15537 178 131 15538 183 3113 15539 183 3113 15540 181 135 15541 189 142 15542 191 143 15543 196 3114 15544 195 147 15545 191 143 15546 190 140 15547 197 148 15548 194 151 15549 199 150 15550 200 152 15551 195 147 15552 196 3114 15553 202 3115 15554 202 3115 15555 196 3114 15556 197 148 15557 199 150 15558 204 3116 15559 207 156 15560 199 150 15561 198 149 15562 205 155 15563 207 156 15564 204 3116 15565 209 3117 15566 209 3117 15567 204 3116 15568 205 155 15569 210 3119 15570 205 155 15571 208 158 15572 208 158 15573 206 157 15574 212 3121 15575 206 157 15576 203 154 15577 213 3122 15578 207 156 15579 214 3118 15580 213 3122 15581 220 162 15582 214 3118 15583 209 3117 15584 209 3117 15585 210 3119 15586 216 160 15587 210 3119 15588 211 3120 15589 217 161 15590 211 3120 15591 212 3121 15592 218 169 15593 212 3121 15594 213 3122 15595 219 164 15596 219 164 15597 213 3122 15598 214 3118 15599 233 3124 15600 228 3126 15601 235 178 15602 228 3126 15603 229 3470 15604 236 184 15605 236 184 15606 229 3470 15607 230 173 15608 233 3124 15609 239 177 15610 238 174 15611 243 182 15612 244 181 15613 248 186 15614 251 193 15615 241 179 15616 247 3127 15617 247 3127 15618 248 186 15619 253 190 15620 257 195 15621 254 189 15622 261 199 15623 265 203 15624 263 201 15625 272 3128 15626 274 3129 15627 267 205 15628 268 206 15629 278 211 15630 277 213 15631 282 217 15632 284 222 15633 282 217 15634 280 214 15635 285 225 15636 280 214 15637 283 219 15638 283 219 15639 282 217 15640 284 222 15641 285 225 15642 288 228 15643 291 223 15644 299 232 15645 302 237 15646 306 242 15647 315 250 15648 311 248 15649 312 247 15650 325 259 15651 327 262 15652 331 261 15653 329 260 15654 330 263 15655 332 264 15656 343 3134 15657 347 284 15658 346 277 15659 343 3134 15660 344 273 15661 348 272 15662 356 3135 15663 362 3136 15664 361 292 15665 356 3135 15666 357 290 15667 363 293 15668 366 294 15669 359 286 15670 361 292 15671 367 295 15672 361 292 15673 362 3136 15674 368 300 15675 362 3136 15676 365 3137 15677 378 310 15678 379 3140 15679 386 3138 15680 379 3140 15681 380 312 15682 387 311 15683 385 309 15684 386 3138 15685 389 315 15686 389 315 15687 386 3138 15688 387 311 15689 390 318 15690 387 311 15691 383 308 15692 392 3141 15693 382 304 15694 396 3142 15695 406 330 15696 405 328 15697 408 331 15698 407 329 15699 406 330 15700 410 3143 15701 413 336 15702 410 3143 15703 408 331 15704 412 332 15705 409 333 15706 410 3143 15707 414 334 15708 416 3144 15709 415 337 15710 418 339 15711 415 337 15712 416 3144 15713 419 340 15714 416 3144 15715 417 338 15716 421 341 15717 419 340 15718 424 344 15719 481 391 15720 476 386 15721 484 3146 15722 486 3154 15723 478 388 15724 481 391 15725 505 416 15726 507 414 15727 510 417 15728 508 422 15729 513 421 15730 512 423 15731 525 3156 15732 521 3160 15733 522 3157 15734 522 3157 15735 520 3161 15736 524 3159 15737 521 3160 15738 525 3156 15739 524 3159 15740 539 442 15741 540 3165 15742 543 3162 15743 544 444 15744 545 3167 15745 553 3166 15746 545 3167 15747 546 448 15748 554 3168 15749 553 3166 15750 554 3168 15751 557 457 15752 554 3168 15753 550 447 15754 558 455 15755 550 447 15756 555 450 15757 559 3170 15758 559 3170 15759 555 450 15760 551 445 15761 552 452 15762 556 3169 15763 562 3171 15764 556 3169 15765 557 457 15766 563 456 15767 562 3171 15768 563 456 15769 569 3172 15770 571 466 15771 561 454 15772 568 3173 15773 568 3173 15774 569 3172 15775 573 3175 15776 578 471 15777 573 3175 15778 574 462 15779 588 475 15780 591 478 15781 593 484 15782 589 479 15783 590 480 15784 595 483 15785 597 3177 15786 595 483 15787 592 482 15788 597 3177 15789 599 489 15790 598 486 15791 604 492 15792 601 488 15793 606 494 15794 609 496 15795 607 493 15796 608 495 15797 608 495 15798 605 3178 15799 611 498 15800 607 493 15801 609 496 15802 611 498 15803 610 3179 15804 614 501 15805 613 499 15806 610 3179 15807 611 498 15808 615 500 15809 622 506 15810 617 3180 15811 618 502 15812 624 509 15813 625 510 15814 628 512 15815 633 518 15816 636 3182 15817 638 522 15818 633 518 15819 634 516 15820 637 521 15821 637 521 15822 634 516 15823 635 519 15824 642 524 15825 638 522 15826 636 3182 15827 636 3182 15828 637 521 15829 641 523 15830 644 3183 15831 641 523 15832 642 524 15833 643 528 15834 644 3183 15835 650 3184 15836 653 535 15837 649 532 15838 650 3184 15839 663 543 15840 661 542 15841 659 540 15842 686 3185 15843 675 555 15844 677 558 15845 678 3187 15846 684 564 15847 683 3189 15848 678 3187 15849 680 3188 15850 685 3190 15851 680 3188 15852 675 555 15853 686 3185 15854 681 559 15855 683 3189 15856 688 563 15857 682 560 15858 690 570 15859 692 3191 15860 694 573 15861 687 562 15862 691 561 15863 692 3191 15864 697 569 15865 696 567 15866 698 568 15867 690 570 15868 694 573 15869 696 567 15870 701 576 15871 700 578 15872 699 572 15873 695 571 15874 704 3192 15875 700 578 15876 705 577 15877 704 3192 15878 703 575 15879 707 579 15880 706 581 15881 703 575 15882 704 3192 15883 708 583 15884 713 585 15885 709 580 15886 711 582 15887 722 591 15888 716 592 15889 717 3193 15890 717 3193 15891 718 3471 15892 724 597 15893 724 597 15894 718 3471 15895 719 3195 15896 719 3195 15897 720 589 15898 726 594 15899 729 599 15900 725 595 15901 726 594 15902 722 591 15903 723 3194 15904 732 3196 15905 728 596 15906 733 601 15907 732 3196 15908 730 598 15909 727 593 15910 735 3198 15911 731 3197 15912 732 3196 15913 738 3199 15914 735 3198 15915 739 3203 15916 744 3201 15917 735 3198 15918 737 3200 15919 740 3202 15920 740 3202 15921 737 3200 15922 738 3199 15923 738 3199 15924 733 601 15925 742 605 15926 742 605 15927 733 601 15928 734 600 15929 734 600 15930 736 602 15931 744 3201 15932 742 605 15933 743 608 15934 747 607 15935 745 606 15936 739 3203 15937 748 3204 15938 748 3204 15939 739 3203 15940 740 3202 15941 740 3202 15942 741 604 15943 750 3206 15944 746 603 15945 751 3208 15946 750 3206 15947 746 603 15948 747 607 15949 752 3207 15950 747 607 15951 745 606 15952 753 3205 15953 748 3204 15954 755 3211 15955 758 3209 15956 751 3208 15957 752 3207 15958 757 3210 15959 757 3210 15960 752 3207 15961 753 3205 15962 763 3212 15963 758 3209 15964 755 3211 15965 761 612 15966 756 613 15967 757 3210 15968 762 620 15969 757 3210 15970 758 3209 15971 763 3212 15972 760 616 15973 767 3213 15974 767 3213 15975 760 616 15976 765 615 15977 762 620 15978 763 3212 15979 770 621 15980 769 619 15981 772 622 15982 771 623 15983 777 625 15984 774 627 15985 775 3214 15986 783 635 15987 776 626 15988 777 625 15989 778 628 15990 776 626 15991 783 635 15992 786 637 15993 783 635 15994 779 633 15995 784 632 15996 782 631 15997 789 638 15998 785 634 15999 786 637 16000 787 636 16001 792 643 16002 787 636 16003 788 3215 16004 799 647 16005 800 3218 16006 804 649 16007 805 655 16008 802 648 16009 801 645 16010 803 650 16011 806 653 16012 808 652 16013 803 650 16014 802 648 16015 805 655 16016 809 651 16017 806 653 16018 812 657 16019 822 668 16020 818 3219 16021 819 664 16022 819 664 16023 817 663 16024 821 670 16025 818 3219 16026 822 668 16027 821 670 16028 822 668 16029 820 667 16030 824 666 16031 823 665 16032 829 673 16033 828 3220 16034 825 669 16035 826 672 16036 827 671 16037 837 682 16038 840 681 16039 843 3222 16040 838 677 16041 839 680 16042 845 3225 16043 844 684 16044 841 683 16045 848 692 16046 849 3227 16047 842 3223 16048 843 3222 16049 862 697 16050 852 685 16051 854 688 16052 855 691 16053 856 693 16054 861 3228 16055 856 693 16056 852 685 16057 862 697 16058 858 698 16059 859 3229 16060 864 702 16061 859 3229 16062 857 694 16063 865 699 16064 865 699 16065 860 695 16066 861 3228 16067 866 3230 16068 861 3228 16069 862 697 16070 893 3231 16071 884 716 16072 885 717 16073 885 717 16074 883 715 16075 890 722 16076 887 721 16077 886 718 16078 892 3234 16079 886 718 16080 884 716 16081 893 3231 16082 893 3231 16083 889 3232 16084 895 728 16085 889 3232 16086 890 722 16087 896 727 16088 897 726 16089 891 723 16090 892 3234 16091 892 3234 16092 893 3231 16093 899 730 16094 906 3235 16095 910 3236 16096 909 733 16097 906 3235 16098 907 738 16099 911 737 16100 908 736 16101 903 3239 16102 912 741 16103 915 3237 16104 909 733 16105 910 3236 16106 910 3236 16107 911 737 16108 917 744 16109 914 739 16110 915 3237 16111 919 748 16112 916 3238 16113 920 749 16114 919 748 16115 916 3238 16116 917 744 16117 921 743 16118 913 742 16119 912 741 16120 922 745 16121 927 753 16122 924 747 16123 931 756 16124 929 752 16125 925 750 16126 932 758 16127 931 756 16128 928 754 16129 934 762 16130 934 762 16131 928 754 16132 926 751 16133 926 751 16134 929 752 16135 936 763 16136 946 3240 16137 941 766 16138 948 769 16139 944 771 16140 945 3472 16141 950 775 16142 950 775 16143 945 3472 16144 946 3240 16145 947 765 16146 943 768 16147 953 3243 16148 958 780 16149 955 774 16150 957 3244 16151 952 772 16152 953 3243 16153 961 3246 16154 965 3247 16155 959 3245 16156 954 773 16157 958 780 16158 959 3245 16159 965 3247 16160 965 3247 16161 970 3249 16162 969 3248 16163 970 3249 16164 962 778 16165 972 786 16166 968 784 16167 966 781 16168 974 791 16169 969 3248 16170 975 3250 16171 974 791 16172 969 3248 16173 970 3249 16174 976 790 16175 977 788 16176 979 3251 16177 978 789 16178 977 788 16179 973 787 16180 980 792 16181 975 3250 16182 976 790 16183 978 789 16184 984 798 16185 978 789 16186 979 3251 16187 979 3251 16188 980 792 16189 986 800 16190 996 3252 16191 991 807 16192 999 809 16193 1000 810 16194 995 811 16195 996 3252 16196 998 806 16197 997 804 16198 1004 814 16199 1001 815 16200 999 809 16201 1007 821 16202 1007 821 16203 999 809 16204 1003 813 16205 1005 816 16206 1010 3254 16207 1009 817 16208 1005 816 16209 1001 815 16210 1011 820 16211 1008 3253 16212 1006 818 16213 1013 823 16214 1009 817 16215 1010 3254 16216 1018 828 16217 1011 820 16218 1019 830 16219 1018 828 16220 1020 834 16221 1016 824 16222 1015 822 16223 1038 841 16224 1039 840 16225 1045 851 16226 1045 851 16227 1048 857 16228 1047 3258 16229 1054 864 16230 1047 3258 16231 1048 857 16232 1057 859 16233 1053 858 16234 1060 871 16235 1056 860 16236 1061 865 16237 1060 871 16238 1059 863 16239 1057 859 16240 1063 870 16241 1060 871 16242 1061 865 16243 1065 868 16244 1076 880 16245 1074 883 16246 1079 882 16247 1075 879 16248 1080 888 16249 1079 882 16250 1082 886 16251 1078 884 16252 1079 882 16253 1079 882 16254 1080 888 16255 1084 887 16256 1083 890 16257 1087 892 16258 1086 891 16259 1098 903 16260 1100 906 16261 1099 904 16262 1119 3259 16263 1115 918 16264 1113 921 16265 1133 936 16266 1137 941 16267 1136 939 16268 1139 942 16269 1143 949 16270 1141 944 16271 1139 942 16272 1137 941 16273 1142 945 16274 1148 953 16275 1150 952 16276 1154 960 16277 1153 955 16278 1154 960 16279 1156 959 16280 1158 961 16281 1155 957 16282 1157 964 16283 1167 970 16284 1174 974 16285 1172 976 16286 1169 971 16287 1168 972 16288 1172 976 16289 1174 974 16290 1170 973 16291 1175 978 16292 1178 983 16293 1181 977 16294 1182 985 16295 1179 980 16296 1183 984 16297 1182 985 16298 1187 991 16299 1182 985 16300 1184 987 16301 1184 987 16302 1185 989 16303 1188 988 16304 1189 992 16305 1188 988 16306 1190 990 16307 1191 993 16308 1192 995 16309 1196 998 16310 1216 1018 16311 1217 1021 16312 1219 1020 16313 1220 1026 16314 1224 1025 16315 1223 1023 16316 1235 1032 16317 1229 1033 16318 1230 3264 16319 1236 1039 16320 1230 3264 16321 1231 3267 16322 1231 3267 16323 1232 3268 16324 1238 1036 16325 1232 3268 16326 1233 1030 16327 1239 3266 16328 1240 1037 16329 1234 1029 16330 1242 1043 16331 1242 1043 16332 1234 1029 16333 1235 1032 16334 1241 1034 16335 1245 1045 16336 1244 1038 16337 1245 1045 16338 1241 1034 16339 1240 1037 16340 1252 1047 16341 1248 1041 16342 1254 1051 16343 1251 1048 16344 1255 1058 16345 1254 1051 16346 1255 1058 16347 1251 1048 16348 1253 1050 16349 1253 1050 16350 1250 1046 16351 1257 1055 16352 1257 1055 16353 1250 1046 16354 1249 1044 16355 1249 1044 16356 1252 1047 16357 1259 1053 16358 1260 1054 16359 1258 1056 16360 1259 1053 16361 1256 1059 16362 1257 1055 16363 1264 1060 16364 1266 3269 16365 1260 1054 16366 1261 1052 16367 1269 1066 16368 1264 1060 16369 1266 3269 16370 1267 1062 16371 1268 1065 16372 1271 1064 16373 1271 1064 16374 1263 1057 16375 1273 1067 16376 1276 1070 16377 1269 1066 16378 1270 1069 16379 1293 1085 16380 1291 1084 16381 1294 1092 16382 1290 1086 16383 1295 1096 16384 1294 1092 16385 1302 1095 16386 1298 1089 16387 1296 1087 16388 1303 3272 16389 1301 1093 16390 1306 1099 16391 1311 1104 16392 1312 1105 16393 1315 1107 16394 1314 1111 16395 1317 1110 16396 1319 1113 16397 1326 1117 16398 1322 1114 16399 1328 1123 16400 1325 1118 16401 1324 1115 16402 1330 1120 16403 1332 1124 16404 1327 1119 16405 1333 1127 16406 1333 1127 16407 1327 1119 16408 1331 1122 16409 1331 1122 16410 1329 1121 16411 1335 1126 16412 1344 1133 16413 1347 1140 16414 1346 1139 16415 1350 1144 16416 1346 1139 16417 1347 1140 16418 1378 1170 16419 1381 1174 16420 1380 1172 16421 1378 1170 16422 1379 1171 16423 1383 1176 16424 1384 1175 16425 1382 1173 16426 1390 3274 16427 1390 3274 16428 1388 1180 16429 1391 1184 16430 1388 1180 16431 1387 1178 16432 1392 1182 16433 1392 1182 16434 1393 1183 16435 1396 3275 16436 1398 1187 16437 1394 1185 16438 1395 1186 16439 1408 1196 16440 1409 1199 16441 1414 1204 16442 1422 1212 16443 1420 1208 16444 1419 1207 16445 1419 1207 16446 1421 1209 16447 1424 3277 16448 1424 3277 16449 1418 1211 16450 1427 1210 16451 1438 3278 16452 1436 1224 16453 1441 1230 16454 1445 1231 16455 1441 1230 16456 1443 1228 16457 1451 1238 16458 1453 1242 16459 1452 1239 16460 1457 1243 16461 1458 1246 16462 1461 1245 16463 1474 3279 16464 1467 1252 16465 1468 3280 16466 1476 1261 16467 1474 3279 16468 1475 3281 16469 1475 3281 16470 1469 1256 16471 1478 1263 16472 1487 3282 16473 1481 1264 16474 1483 1266 16475 1483 1266 16476 1480 1260 16477 1489 1271 16478 1485 1268 16479 1486 1270 16480 1490 1277 16481 1487 3282 16482 1491 1280 16483 1490 1277 16484 1487 3282 16485 1488 1273 16486 1492 1272 16487 1493 3283 16488 1484 1267 16489 1485 1268 16490 1499 1282 16491 1493 3283 16492 1494 1276 16493 1502 1284 16494 1498 1279 16495 1508 1292 16496 1507 1288 16497 1508 1292 16498 1511 1291 16499 1513 1299 16500 1514 1295 16501 1516 1301 16502 1519 1300 16503 1520 1304 16504 1522 1303 16505 1525 1307 16506 1526 3284 16507 1529 1312 16508 1529 1312 16509 1526 3284 16510 1527 1308 16511 1551 1332 16512 1556 1336 16513 1555 1340 16514 1556 1336 16515 1559 1338 16516 1558 1339 16517 1568 1348 16518 1571 1354 16519 1572 1352 16520 1577 3285 16521 1573 1355 16522 1574 1356 16523 1576 1357 16524 1575 1353 16525 1573 1355 16526 1579 1364 16527 1577 3285 16528 1578 1358 16529 1578 1358 16530 1576 1357 16531 1581 1359 16532 1576 1357 16533 1577 3285 16534 1579 1364 16535 1586 1369 16536 1590 1368 16537 1589 1370 16538 1591 1371 16539 1589 1370 16540 1592 1376 16541 1592 1376 16542 1589 1370 16543 1590 1368 16544 1596 1372 16545 1594 1373 16546 1592 1376 16547 1607 1390 16548 1610 1389 16549 1614 1395 16550 1627 1410 16551 1632 1413 16552 1631 3286 16553 1627 1410 16554 1630 1409 16555 1633 1411 16556 1628 1408 16557 1629 1407 16558 1631 3286 16559 1634 1415 16560 1631 3286 16561 1632 1413 16562 1635 1414 16563 1640 1421 16564 1639 1416 16565 1642 1424 16566 1639 1416 16567 1640 1421 16568 1639 1416 16569 1642 1424 16570 1644 1422 16571 1644 1422 16572 1642 1424 16573 1647 1423 16574 1658 1436 16575 1653 1432 16576 1655 1433 16577 1657 1434 16578 1656 1435 16579 1662 1440 16580 1663 1439 16581 1658 1436 16582 1659 1437 16583 1697 1477 16584 1695 1473 16585 1699 1474 16586 1705 1479 16587 1706 1481 16588 1709 1483 16589 1719 1498 16590 1720 3292 16591 1729 1503 16592 1734 1511 16593 1726 1496 16594 1728 1500 16595 1735 3293 16596 1740 1514 16597 1739 1510 16598 1735 3293 16599 1733 1506 16600 1741 3294 16601 1741 3294 16602 1733 1506 16603 1736 1507 16604 1740 1514 16605 1741 3294 16606 1744 3295 16607 1744 3295 16608 1741 3294 16609 1742 1512 16610 1742 1512 16611 1737 1508 16612 1746 1520 16613 1746 1520 16614 1737 1508 16615 1738 1509 16616 1749 1521 16617 1743 1513 16618 1744 3295 16619 1744 3295 16620 1745 1519 16621 1751 1518 16622 1747 1517 16623 1752 1516 16624 1751 1518 16625 1753 1525 16626 1751 1518 16627 1752 1516 16628 1750 3296 16629 1756 1524 16630 1755 1522 16631 1768 3297 16632 1769 3300 16633 1774 1543 16634 1769 3300 16635 1770 3299 16636 1775 1540 16637 1774 1543 16638 1775 1540 16639 1777 1539 16640 1782 1547 16641 1779 1549 16642 1780 1545 16643 1795 1557 16644 1794 3302 16645 1797 1562 16646 1795 1557 16647 1798 1561 16648 1796 1559 16649 1797 1562 16650 1796 1559 16651 1801 1563 16652 1799 1560 16653 1800 1565 16654 1803 1564 16655 1799 1560 16656 1802 1568 16657 1804 1567 16658 1813 1576 16659 1810 1572 16660 1811 1574 16661 1811 1574 16662 1812 1575 16663 1815 1579 16664 1819 1582 16665 1816 1584 16666 1822 1583 16667 1828 1589 16668 1830 1592 16669 1829 1594 16670 1830 1592 16671 1828 1589 16672 1831 1591 16673 1831 1591 16674 1832 1593 16675 1835 1598 16676 1836 1596 16677 1833 1595 16678 1831 1591 16679 1834 3304 16680 1837 1597 16681 1840 3305 16682 1834 3304 16683 1839 1601 16684 1838 1600 16685 1838 1600 16686 1842 1603 16687 1841 3306 16688 1859 1618 16689 1862 1619 16690 1861 1620 16691 1871 3307 16692 1866 1625 16693 1868 1623 16694 1868 1623 16695 1867 3310 16696 1870 3311 16697 1866 1625 16698 1871 3307 16699 1870 3311 16700 1871 3307 16701 1869 3308 16702 1872 1627 16703 1870 3311 16704 1873 1628 16705 1872 1627 16706 1870 3311 16707 1871 3307 16708 1874 1629 16709 1874 1629 16710 1872 1627 16711 1875 1626 16712 1893 3313 16713 1889 1644 16714 1890 1646 16715 1898 3314 16716 1895 1649 16717 1896 3315 16718 1899 3316 16719 1896 3315 16720 1897 1648 16721 1905 1653 16722 1910 1658 16723 1909 1661 16724 1905 1653 16725 1908 1656 16726 1911 1659 16727 1911 1659 16728 1908 1656 16729 1907 3317 16730 1931 1678 16731 1933 1676 16732 1936 3318 16733 1935 1681 16734 1936 3318 16735 1939 1686 16736 1936 3318 16737 1937 1682 16738 1940 1684 16739 1940 1684 16740 1937 1682 16741 1935 1681 16742 1941 1683 16743 1938 1685 16744 1942 1687 16745 1941 1683 16746 1945 1691 16747 1943 1688 16748 1945 1691 16749 1942 1687 16750 1944 1690 16751 1961 1704 16752 1959 1705 16753 1960 1702 16754 1967 3323 16755 1962 1708 16756 1964 3324 16757 1975 1717 16758 1978 1716 16759 1977 1718 16760 1994 1732 16761 1988 3329 16762 1989 3326 16763 1995 1737 16764 1989 3326 16765 1990 1726 16766 1997 1729 16767 1993 1728 16768 1999 1733 16769 1995 1737 16770 2001 1736 16771 2000 1735 16772 2002 1741 16773 1998 1731 16774 1999 1733 16775 2003 1743 16776 2007 1742 16777 2006 1740 16778 2025 1759 16779 2027 1757 16780 2029 1763 16781 2028 1761 16782 2026 1760 16783 2030 1762 16784 2031 1764 16785 2030 1762 16786 2034 1767 16787 2056 3333 16788 2050 1783 16789 2051 3334 16790 2052 1780 16791 2058 1787 16792 2057 1789 16793 2055 1786 16794 2060 1792 16795 2059 1790 16796 2055 1786 16797 2054 1784 16798 2061 3336 16799 2056 3333 16800 2062 3337 16801 2061 3336 16802 2062 3337 16803 2056 3333 16804 2057 1789 16805 2060 1792 16806 2061 3336 16807 2067 3338 16808 2061 3336 16809 2062 3337 16810 2068 3339 16811 2063 1788 16812 2069 1799 16813 2068 3339 16814 2063 1788 16815 2064 1791 16816 2070 1794 16817 2067 3338 16818 2068 3339 16819 2074 1802 16820 2072 1797 16821 2071 1796 16822 2076 1805 16823 2071 1796 16824 2066 1795 16825 2077 1806 16826 2084 3340 16827 2091 1819 16828 2090 1815 16829 2094 1817 16830 2098 3342 16831 2100 3341 16832 2094 1817 16833 2093 1816 16834 2099 1823 16835 2107 1834 16836 2103 1829 16837 2112 1832 16838 2113 1833 16839 2112 1832 16840 2116 1840 16841 2118 1843 16842 2109 1830 16843 2113 1833 16844 2120 1838 16845 2114 1835 16846 2117 1837 16847 2117 1837 16848 2115 1836 16849 2122 1842 16850 2125 3346 16851 2119 3345 16852 2116 1840 16853 2118 1843 16854 2119 3345 16855 2125 3346 16856 2125 3346 16857 2123 1839 16858 2128 1848 16859 2126 1844 16860 2124 1841 16861 2130 3347 16862 2130 3347 16863 2124 1841 16864 2125 3346 16865 2133 3348 16866 2130 3347 16867 2131 1850 16868 2144 1861 16869 2136 1856 16870 2141 1855 16871 2144 1861 16872 2148 1864 16873 2147 1865 16874 2146 1863 16875 2149 1866 16876 2148 1864 16877 2170 1887 16878 2165 1883 16879 2168 1886 16880 2185 1902 16881 2184 1900 16882 2188 1904 16883 2196 1913 16884 2194 1911 16885 2199 3349 16886 2199 3349 16887 2194 1911 16888 2195 1912 16889 2201 1919 16890 2200 1915 16891 2197 1914 16892 2207 1922 16893 2204 1918 16894 2202 1916 16895 2239 1953 16896 2235 1951 16897 2234 1950 16898 2242 1957 16899 2239 1953 16900 2240 1956 16901 2245 1960 16902 2241 1959 16903 2243 1958 16904 2247 1964 16905 2245 1960 16906 2246 1962 16907 2280 1995 16908 2278 1993 16909 2281 1996 16910 2282 1997 16911 2283 1999 16912 2286 1998 16913 2291 3351 16914 2288 2002 16915 2289 2006 16916 2313 2027 16917 2317 3352 16918 2316 2030 16919 2313 2027 16920 2311 2026 16921 2318 2031 16922 2320 3353 16923 2321 3354 16924 2326 2039 16925 2327 2033 16926 2329 2037 16927 2334 2044 16928 2336 2047 16929 2335 2046 16930 2340 3355 16931 2342 2056 16932 2350 2055 16933 2351 2059 16934 2353 3357 16935 2349 2052 16936 2351 2059 16937 2371 3358 16938 2366 2073 16939 2363 2069 16940 2365 2072 16941 2366 2073 16942 2371 3358 16943 2381 2081 16944 2375 2082 16945 2368 3359 16946 2377 3361 16947 2368 3359 16948 2372 2078 16949 2378 2087 16950 2372 2078 16951 2374 2077 16952 2374 2077 16953 2373 2076 16954 2380 3362 16955 2377 3361 16956 2378 2087 16957 2385 2086 16958 2379 2085 16959 2380 3362 16960 2386 2092 16961 2385 2086 16962 2386 2092 16963 2389 2091 16964 2396 2096 16965 2400 2109 16966 2404 2103 16967 2396 2096 16968 2394 2093 16969 2401 3363 16970 2401 3363 16971 2394 2093 16972 2397 2098 16973 2397 2098 16974 2399 2102 16975 2403 2105 16976 2407 2110 16977 2405 2104 16978 2404 2103 16979 2401 3363 16980 2410 2116 16981 2409 2107 16982 2401 3363 16983 2402 3364 16984 2411 2113 16985 2411 2113 16986 2402 3364 16987 2406 2106 16988 2418 2121 16989 2415 2115 16990 2419 2119 16991 2428 2127 16992 2426 3367 16993 2431 2129 16994 2431 2129 16995 2427 3366 16996 2436 2133 16997 2429 2131 16998 2435 2130 16999 2436 2133 17000 2439 2135 17001 2433 2126 17002 2434 2128 17003 2449 2144 17004 2444 2143 17005 2445 2147 17006 2452 2148 17007 2450 2146 17008 2456 2152 17009 2456 2152 17010 2453 2149 17011 2459 2155 17012 2469 3370 17013 2465 2161 17014 2467 2163 17015 2492 2187 17016 2486 3372 17017 2487 3371 17018 2491 2184 17019 2495 2191 17020 2497 2193 17021 2496 2186 17022 2500 2192 17023 2499 2190 17024 2504 2200 17025 2499 2190 17026 2500 2192 17027 2506 2197 17028 2502 2195 17029 2507 2199 17030 2507 2199 17031 2504 2200 17032 2505 2198 17033 2505 2198 17034 2503 2196 17035 2509 2201 17036 2516 2208 17037 2514 2207 17038 2517 2210 17039 2522 3374 17040 2523 3473 17041 2528 2218 17042 2528 2218 17043 2523 3473 17044 2524 3378 17045 2524 3378 17046 2525 3377 17047 2530 2214 17048 2529 2219 17049 2530 2214 17050 2532 2213 17051 2540 2225 17052 2543 2227 17053 2542 2229 17054 2544 2228 17055 2543 2227 17056 2541 2226 17057 2546 2230 17058 2550 2235 17059 2547 2233 17060 2555 2239 17061 2552 2236 17062 2556 2240 17063 2558 2242 17064 2556 2240 17065 2560 2244 17066 2560 2244 17067 2559 2243 17068 2563 2246 17069 2566 3381 17070 2567 2251 17071 2570 2252 17072 2571 2254 17073 2575 2259 17074 2574 2255 17075 2577 2258 17076 2571 2254 17077 2574 2255 17078 2577 2258 17079 2579 3383 17080 2580 2260 17081 2579 3383 17082 2581 2261 17083 2582 2263 17084 2580 2260 17085 2579 3383 17086 2584 2267 17087 2584 2267 17088 2582 2263 17089 2586 2268 17090 2608 2285 17091 2614 2293 17092 2613 2291 17093 2640 2320 17094 2638 2314 17095 2637 2315 17096 2638 2314 17097 2640 2320 17098 2639 2317 17099 2642 2319 17100 2643 2321 17101 2646 2324 17102 2647 2327 17103 2653 2330 17104 2652 2328 17105 2664 2343 17106 2665 2342 17107 2669 2348 17108 2666 2341 17109 2667 2347 17110 2669 2348 17111 2670 2346 17112 2671 2349 17113 2676 2354 17114 2685 2363 17115 2686 2360 17116 2690 2368 17117 2690 2368 17118 2691 2367 17119 2693 2373 17120 2693 2373 17121 2691 2367 17122 2689 2366 17123 2698 2374 17124 2697 2372 17125 2701 2378 17126 2738 3388 17127 2736 3394 17128 2739 3389 17129 2736 3394 17130 2737 3396 17131 2740 3395 17132 2737 3396 17133 2738 3388 17134 2741 3390 17135 2753 2423 17136 2754 3398 17137 2757 3397 17138 2757 3397 17139 2755 2421 17140 2758 2426 17141 2760 2425 17142 2761 2424 17143 2764 2430 17144 2777 3399 17145 2773 2437 17146 2771 2434 17147 2774 3400 17148 2771 2434 17149 2772 2438 17150 2780 3402 17151 2777 3399 17152 2774 3400 17153 2779 2440 17154 2776 2439 17155 2777 3399 17156 2784 3404 17157 2780 3402 17158 2778 3403 17159 2778 3403 17160 2775 2441 17161 2782 2442 17162 2779 2440 17163 2783 3405 17164 2782 2442 17165 2779 2440 17166 2780 3402 17167 2784 3404 17168 2781 2444 17169 2785 2445 17170 2788 2447 17171 2784 3404 17172 2788 2447 17173 2787 2449 17174 2793 2455 17175 2797 2454 17176 2795 2457 17177 2813 3406 17178 2809 2467 17179 2810 2464 17180 2846 3407 17181 2850 2505 17182 2849 2508 17183 2854 2514 17184 2848 2502 17185 2849 2508 17186 2850 2505 17187 2851 2504 17188 2856 2512 17189 2854 2514 17190 2862 2518 17191 2861 3410 17192 2864 2520 17193 2858 2510 17194 2861 3410 17195 2865 2524 17196 2867 2519 17197 2871 2528 17198 2878 3411 17199 2873 2526 17200 2875 2527 17201 2879 3412 17202 2883 2535 17203 2886 2532 17204 2887 2533 17205 2886 2532 17206 2891 2536 17207 2894 2546 17208 2885 2538 17209 2890 2537 17210 2891 2536 17211 2892 2540 17212 2895 2547 17213 2895 2547 17214 2898 2544 17215 2897 2545 17216 2907 2551 17217 2900 2553 17218 2901 2556 17219 2909 2557 17220 2905 2552 17221 2910 2558 17222 2919 2563 17223 2923 3418 17224 2925 2571 17225 2919 2563 17226 2917 2560 17227 2924 2570 17228 2924 2570 17229 2928 2576 17230 2927 2573 17231 2926 2572 17232 2929 2574 17233 2928 2576 17234 2962 2606 17235 2958 2601 17236 2966 2609 17237 2963 2608 17238 2967 2612 17239 2966 2609 17240 2967 2612 17241 2964 2607 17242 2968 2615 17243 2965 2611 17244 2969 2610 17245 2968 2615 17246 3006 2648 17247 3002 2641 17248 3005 2647 17249 3021 2661 17250 3024 2665 17251 3028 2669 17252 3029 2671 17253 3032 2672 17254 3031 2673 17255 3054 2697 17256 3055 3426 17257 3058 3424 17258 3059 3425 17259 3055 3426 17260 3056 2696 17261 3066 2704 17262 3063 2698 17263 3064 2701 17264 3076 2712 17265 3073 2711 17266 3074 3428 17267 3074 3428 17268 3075 2710 17269 3078 2714 17270 3080 2717 17271 3077 3429 17272 3078 2714 17273 3085 2722 17274 3082 2716 17275 3083 2718 17276 3086 2723 17277 3083 2718 17278 3087 2720 17279 3084 2719 17280 3085 2722 17281 3089 2721 17282 3099 2733 17283 3094 2727 17284 3097 2731 17285 3099 2733 17286 3100 3430 17287 3102 2735 17288 3106 2742 17289 3101 2738 17290 3102 2735 17291 3111 2743 17292 3108 2740 17293 3114 2745 17294 3119 2751 17295 3120 2752 17296 3122 2755 17297 3138 2771 17298 3141 3433 17299 3142 2773 17300 3141 3433 17301 3143 2778 17302 3145 2777 17303 3141 3433 17304 3139 2769 17305 3144 2774 17306 3146 2782 17307 3147 2776 17308 3150 2779 17309 3176 2805 17310 3179 2807 17311 3178 2808 17312 3188 3435 17313 3184 2813 17314 3185 2810 17315 3225 2851 17316 3228 2856 17317 3227 2853 17318 3243 2867 17319 3240 2865 17320 3247 3439 17321 3242 2870 17322 3245 2869 17323 3247 3439 17324 3248 2872 17325 3246 2871 17326 3247 3439 17327 3250 2877 17328 3247 3439 17329 3245 2869 17330 3267 2889 17331 3268 2892 17332 3272 3441 17333 3290 2911 17334 3285 2907 17335 3292 2912 17336 3288 2906 17337 3293 2915 17338 3292 2912 17339 3317 2934 17340 3323 2945 17341 3322 2942 17342 3318 2933 17343 3319 2936 17344 3324 3445 17345 3325 3446 17346 3324 3445 17347 3330 2952 17348 3327 2944 17349 3333 2949 17350 3332 2956 17351 3332 2956 17352 3333 2949 17353 3339 2957 17354 3347 2962 17355 3352 2969 17356 3351 3447 17357 3353 3449 17358 3345 2964 17359 3351 3447 17360 3353 3449 17361 3358 2977 17362 3357 2971 17363 3353 3449 17364 3354 2973 17365 3359 2972 17366 3361 2974 17367 3356 2970 17368 3363 3450 17369 3378 2988 17370 3376 2987 17371 3384 2996 17372 3382 2994 17373 3380 2993 17374 3386 3003 17375 3390 3000 17376 3388 2999 17377 3393 3002 17378 3401 3455 17379 3398 3009 17380 3399 3004 17381 3408 3456 17382 3404 3013 17383 3405 3017 17384 3413 3019 17385 3414 3022 17386 3416 3023 17387 3421 3028 17388 3417 3024 17389 3419 3026 17390 3431 3040 17391 3435 3039 17392 3434 3041 17393 3455 3458 17394 3452 3060 17395 3450 3058 17396 3456 3459 17397 3457 3462 17398 3460 3460 17399 3457 3462 17400 3458 3464 17401 3461 3463 17402 3458 3464 17403 3456 3459 17404 3459 3461 17405</p>
        </triangles>
      </mesh>
    </geometry>
  </library_geometries>
  <library_visual_scenes>
    <visual_scene id="Scene" name="Scene">
      <node id="tree" name="tree" type="NODE">
        <matrix sid="transform">1 0 0 0 0 1 0 0 0 0 1 0 0 0 0 1</matrix>
        <instance_geometry url="#tree-mesh" name="tree"/>
      </node>
    </visual_scene>
  </library_visual_scenes>
  <scene>
    <instance_visual_scene url="#Scene"/>
  </scene>
</COLLADA>