<?xml version="1.0" encoding="utf-8"?>
<COLLADA xmlns="http://www.collada.org/2005/11/COLLADASchema" version="1.4.1" xmlns:xsi="http://www.w3.org/2001/XMLSchema-instance">
  <asset>
    <contributor>
      <author>Blender User</author>
      <authoring_tool>Blender 3.0.1</authoring_tool>
    </contributor>
    <created>2026-09-18T17:00:41</created>
    <modified>2026-09-18T17:00:41</modified>
    <unit name="meter" meter="1"/>
    <up_axis>Z_UP</up_axis>
  </asset>
  <library_images/>
  <library_geometries>
    <geometry id="tree-mesh" name="tree">
      <mesh>
        <source id="tree-mesh-positions">
          <float_array id="tree-mesh-positions-array" count="11379">-0.09289097 -0.160892 0 0.09155726 -0.1592013 9.05852e-5 0.185782 0 0 0.09039849 0.1626884 6.92177e-5 -0.09289097 0.160892 0 -0.1885116 8.43095e-4 1.99973e-4 -0.04566037 -0.175067 0.4584872 0.2200887 -0.02355772 0.4685319 -0.04566162 0.1307629 0.4570946 0.1314054 -0.1757025 0.4654685 0.13072 0.1300696 0.4645406 -0.1342716 -0.02253556 0.4515058 -0.08568614 -0.1492576 0.6793943 0.07578754 -0.1435431 0.7387055 0.1614738 0.005714416 0.7407815 0.0856862 0.1492576 0.6835462 -0.07578754 0.1435431 0.6242349 -0.1614738 -0.005714416 0.622159 -0.1991041 -0.0839793 0.8777946 -0.07297992 -0.06099736 0.9877132 0.0230816 0.07811963 0.9749438 -0.03484368 0.2095202 0.8867182 -0.1707141 0.1927911 0.7900423 -0.2576445 0.0483393 0.7898259 -0.5009644 0.08824598 1.156243 -0.4143472 0.1331983 1.286304 -0.3791213 0.2789956 1.321361 -0.3449711 0.3658618 1.164005 -0.5447111 0.2066947 1.059422 -0.4720637 0.3478783 1.070871 -0.6062885 0.2524116 1.17862 -0.574647 0.1578249 1.264996 -0.4241767 0.3811601 1.247822 -0.5322174 0.3646313 1.163416 -0.4814038 0.1823019 1.359107 -0.4226199 0.3089095 1.355016 -0.5145218 0.3452181 1.161459 -0.6210746 0.2245691 1.309392 -0.5370832 0.2667124 1.392735 -0.4202359 0.3595687 1.238534 -0.6427833 0.3708026 1.235484 -0.551565 0.4123252 1.199902 -0.4851448 0.4022409 1.369707 -0.4802076 0.439929 1.275161 -0.6552242 0.3821775 1.349536 -0.5829177 0.4026549 1.403657 -0.5087504 0.5004173 1.304455 -0.6468735 0.4349501 1.269603 -0.5251341 0.4760132 1.394831 -0.5907297 0.5057175 1.257967 -0.6443016 0.3861895 1.343179 -0.5886018 0.5407949 1.351099 -0.606858 0.5013343 1.423927 -0.6660487 0.5283377 1.316968 -0.7017043 0.4656874 1.321128 -0.7622795 0.500028 1.437778 -0.7279242 0.5117516 1.471368 -0.706317 0.5817099 1.426854 -0.6999188 0.5530989 1.465447 -0.7397338 0.5711051 1.393135 -0.7671892 0.5309646 1.398184 -0.09479492 -0.08084011 0.7779077 0.06017726 -0.1091032 0.7779082 0.154976 -0.02828264 0.6814886 0.0947805 0.08079576 0.5850773 -0.06018215 0.1091024 0.5850338 -0.1549502 0.02824765 0.6814799 0.02035397 0.5192978 1.017013 -0.01115131 0.3447614 1.19694 0.1332368 0.3419094 1.212942 0.219537 0.3926205 1.107202 0.1640692 0.4940054 1.018235 -0.06701022 0.4456892 1.107968 0.01649069 0.4245269 1.260464 0.2126113 0.4750816 1.195335 0.1623685 0.5579184 1.118384 -0.0274887 0.5129029 1.185395 0.04379469 0.5790619 1.112745 0.1404101 0.4367236 1.290793 0.0499683 0.5281246 1.095806 0.01555848 0.494827 1.290284 0.123601 0.5332006 1.312054 0.18812 0.5660551 1.228205 0.04127019 0.6106045 1.11538 -0.02256751 0.5873518 1.188422 0.01113057 0.5800929 1.283247 0.1332185 0.6503575 1.141588 0.1052892 0.6134266 1.300237 0.02136272 0.57019 1.274041 0.1505633 0.6684929 1.237282 -6.99887e-4 0.5722985 1.185224 0.04694652 0.7154328 1.183035 0.0192188 0.6472843 1.144428 0.03718453 0.724277 1.267497 0.002286195 0.6615762 1.309709 -0.02159249 0.593151 1.265818 -0.007062554 0.5836358 1.188633 -0.06584578 0.6770117 1.268049 -0.03088462 0.6569624 1.139972 -0.03660404 0.7191941 1.167751 -0.1339296 0.7397515 1.2102 -0.1632945 0.6665503 1.171248 -0.1661043 0.6717234 1.216467 -0.1446686 0.700903 1.146781 -0.1508787 0.7105665 1.236702 -0.1297674 0.7393221 1.167985 -0.1159807 0.07120025 0.7868112 -0.0930323 -0.09934467 0.7868136 0.02293562 -0.170549 0.6814851 0.1159388 -0.0711928 0.5761682 0.09303361 0.09935402 0.5761242 -0.02295619 0.1705206 0.681478 0.6613276 0.1696498 1.164212 0.4707151 0.143617 1.362051 0.4916896 -0.01387178 1.361761 0.5973011 -0.0800749 1.262987 0.6830281 0.01169455 1.164966 0.5565303 0.2355872 1.264784 0.587847 0.1488643 1.455021 0.595803 0.01408314 1.446354 0.6885347 -0.04414725 1.363973 0.7682959 0.03848367 1.294856 0.7575117 0.1728763 1.299164 0.6828286 0.2271928 1.397397 0.6129543 0.01395189 1.452987 0.6673502 -0.02341848 1.346928 0.6700323 0.1078075 1.51754 0.82273 0.1206703 1.37086 0.7785212 0.1519811 1.476247 0.7225565 -0.06191438 1.389105 0.8033772 0.00274533 1.336851 0.7049369 -0.0315566 1.498314 0.7509476 0.05050909 1.55355 0.7566934 -0.06634694 1.417441 0.858656 -0.03636616 1.400618 0.8925819 0.05187028 1.445859 0.8539865 0.06922543 1.54733 0.9039732 -0.01989316 1.494471 0.7503781 -0.1137889 1.455909 0.8309521 -0.06263375 1.600243 0.8375909 -0.1262861 1.466654 0.8664074 -0.126834 1.561973 0.7506431 -0.05825573 1.598926 0.7234486 -0.1813628 1.613007 0.7558649 -0.2201511 1.577568 0.8188079 -0.2321671 1.586698 0.7579186 -0.1481007 1.659276 0.8388494 -0.2191784 1.646504 0.8113361 -0.1752915 1.680571 0.6947435 -0.220427 1.635287 0.7542849 -0.2804502 1.628007 0.770769 -0.2696961 1.673057 0.7491201 -0.2341985 1.699216 0.7111503 -0.2095536 1.680433 0.7164047 -0.2558785 1.609241 0.03188413 0.1323047 0.7868059 -0.1232247 0.05777895 0.78681 -0.1551042 -0.07451778 0.6814785 -0.03187352 -0.1322639 0.576165 0.1232402 -0.05777817 0.5761242 0.1550878 0.07452702 0.6814756 0.338591 -0.5203953 1.101911 0.2547875 -0.3467418 1.299303 0.1116132 -0.4156345 1.299344 0.08161395 -0.5371685 1.201257 0.202548 -0.599509 1.120029 0.3684191 -0.3990982 1.200997 0.2862391 -0.4381938 1.370343 0.1632325 -0.4980039 1.370051 0.143736 -0.6123732 1.29718 0.3674265 -0.6155481 1.237975 0.3853576 -0.4909996 1.29206 0.2552833 -0.6852092 1.262645 0.2724005 -0.4362682 1.321564 0.1708074 -0.4930206 1.357716 0.3803182 -0.4986901 1.311496 0.1756971 -0.6118988 1.39157 0.2784761 -0.6728801 1.387513 0.3824004 -0.6243168 1.338275 0.3025068 -0.3670847 1.760313 0.3992261 -0.5233013 1.796782 0.212762 -0.4106748 1.805149 0.2177101 -0.5092104 1.850786 0.3089787 -0.56863 1.836377 0.3972768 -0.4165905 1.768747 0.342388 -0.2743497 1.960454 0.2912967 -0.2443248 2.103693 0.2685466 -0.3958812 2.070434 0.3594284 -0.4456504 2.076457 0.4417901 -0.4097693 2.024477 0.4332698 -0.324119 1.966476 0.4055181 -0.1466178 2.094702 0.3514433 -0.2274078 2.238554 0.4392183 -0.2726701 2.244379 0.5125386 -0.2520787 2.179992 0.4936529 -0.1913272 2.101777 0.4974794 0.1549304 2.335727 0.5972278 0.06440782 2.415425 0.6414429 0.1271774 2.27885 0.5607504 0.1694455 2.273792 0.5793017 0.2157214 2.45856 0.660687 0.08038121 2.354423 0.6368083 0.1885855 2.464341 0.6104821 0.2623106 2.361354 0.5666586 0.2531163 2.407041 0.6824706 0.1960138 2.418335 0.673304 0.2470237 2.377068 0.6054311 0.3139558 2.45644 0.659657 0.2629231 2.498959 0.6507347 0.3038477 2.473136 0.5668626 0.2798256 2.46712 0.6196525 0.2301781 2.508524 0.5746494 0.2393532 2.492845 0.1356985 0.01056683 0.7868225 0.01689165 0.1350507 0.7868258 -0.1187851 0.1244865 0.6814902 -0.1357022 -0.01055401 0.5761242 -0.01686179 -0.1349894 0.5761771 0.1188289 -0.1244662 0.6814945 -0.5191844 -0.3850703 1.127291 -0.2690976 -0.3665441 1.323749 -0.378544 -0.2516006 1.323038 -0.5039327 -0.2608076 1.226077 -0.4094415 -0.5007139 1.128059 -0.301221 -0.5000954 1.244939 -0.3518802 -0.4323768 1.404556 -0.5499258 -0.3374866 1.314782 -0.5710506 -0.4595862 1.255331 -0.4908011 -0.5615115 1.26953 -0.4403275 -0.3307583 1.398405 -0.3989778 -0.5591372 1.367677 -0.3944089 -0.4402015 1.444634 -0.5226216 -0.342355 1.293689 -0.4263615 -0.337979 1.373765 -0.5578346 -0.5529122 1.348334 -0.4686766 -0.542649 1.438204 -0.5367822 -0.361469 1.542455 -0.5581963 -0.2880083 1.490355 -0.6656459 -0.43678 1.483451 -0.6868092 -0.3590419 1.437026 -0.6109209 -0.4176614 1.559385 -0.6552346 -0.2666391 1.477689 -0.6930653 -0.3818801 1.531142 -0.7074511 -0.3193397 1.490323 -0.6391934 -0.3728594 1.587992 -0.6166672 -0.3053385 1.61125 -0.6185737 -0.2472307 1.554317 -0.7006484 -0.2668594 1.602322 -0.7141844 -0.2616561 1.531075 -0.7331277 -0.3898633 1.558454 -0.8148658 -0.3503402 1.580547 -0.7698689 -0.3851435 1.644337 -0.8086142 -0.3037869 1.601992 -0.7640171 -0.3379819 1.665294 -0.7947064 -0.3871202 1.60335 -0.7835844 -0.2984639 1.643793 -0.4907178 0.268728 1.267465 -0.5058646 0.2847644 1.270563 -0.5184925 0.2788332 1.261929 -0.5133646 0.2609775 1.25367 -0.5834496 0.1681938 1.486629 -0.5964297 0.1495284 1.472497 -0.6165053 0.1079788 1.575992 -0.6634011 0.09628772 1.64379 -0.6954155 0.05770397 1.770007 -0.731409 0.02239429 1.816219 -0.8617323 -0.06334298 2.198136 -0.9321656 -0.1150438 2.36565 -0.8410882 -0.07135635 2.148617 -0.9178541 -0.1119016 2.372856 -1.07502 -0.1834203 2.689378 -1.059824 -0.1897048 2.682348 -1.075856 -0.1928979 2.681182 -1.110087 -0.1760758 2.848886 -1.121471 -0.1653918 2.851404 -1.123228 -0.1786345 2.850646 -1.133296 -0.1059399 3.018292 -1.144531 -0.0943641 3.028791 -1.141258 -0.1154373 3.018101 -1.115819 0.1401178 3.330029 -1.127624 0.1362587 3.332552 -1.120555 0.1292753 3.337079 0.0860669 0.5120168 1.200602 0.08576178 0.4895406 1.200558 0.1041904 0.500368 1.19339 0.2885738 0.5173157 1.700282 0.2835588 0.5053669 1.64575 0.2639775 0.5208097 1.59919 0.4063323 0.5491977 1.995934 0.4357753 0.5738599 2.044584 0.4994775 0.5949754 2.208457 0.5515745 0.6380389 2.377208 0.6151061 0.6545075 2.495758 0.7029081 0.7225782 2.738886 0.7088913 0.7343367 2.733804 0.8020552 0.8359826 2.980315 0.7400423 0.7517888 2.796 0.8083373 0.8438505 2.97305 0.8181817 0.8395488 2.997942 0.8372924 0.8598906 3.116648 0.8371953 0.8489789 3.116305 0.8464649 0.8557119 3.114881 0.8501972 0.829017 3.253809 0.8604693 0.8248391 3.259211 0.852999 0.8362349 3.252722 0.8412303 0.6824873 3.538038 0.8474662 0.6881892 3.540259 0.8425015 0.6926389 3.542131 0.6798077 0.09253674 1.391045 0.6942011 0.08598393 1.394428 0.6992202 0.09520018 1.380657 0.6869042 0.09976255 1.379171 0.7284704 0.2190234 1.4839 0.7252378 0.2247741 1.478552 0.7191355 0.219609 1.492109 0.7142453 0.2298997 1.487903 0.7151537 0.2259387 1.478297 0.7403368 0.284372 1.475748 0.7494763 0.2896431 1.468856 0.7392536 0.2802001 1.463421 0.7670693 0.3818792 1.466573 0.766121 0.3819157 1.473953 0.7612547 0.383071 1.469293 0.2711098 -0.5580347 1.320442 0.2567222 -0.5644311 1.30636 0.2727292 -0.5616082 1.298326 0.2794931 -0.5577083 1.30995 0.2966543 -0.6754702 1.341979 0.2767643 -0.6295717 1.316114 0.3119537 -0.678847 1.3473 0.3020823 -0.6821318 1.329127 0.3175609 -0.6811267 1.335893 0.2908747 -0.7304038 1.337179 0.2810308 -0.7167924 1.345315 0.2308742 -0.8363662 1.387874 0.2479808 -0.7960661 1.359115 0.2389792 -0.8391939 1.378377 0.1935513 -0.8946983 1.410597 0.2008014 -0.8967141 1.414479 0.1961603 -0.8907237 1.41966 -0.4601722 -0.4472751 1.346137 -0.4808626 -0.4454976 1.348094 -0.4697273 -0.4553762 1.329158 -0.4757127 -0.5519789 1.381415 -0.4659407 -0.5571811 1.405945 -0.4852062 -0.5413961 1.393342 -0.4766672 -0.6076074 1.455738 -0.4850191 -0.6095122 1.439966 -0.4686965 -0.6137604 1.443519 -0.5013548 -0.6802724 1.435541 -0.494859 -0.6802045 1.449354 -0.506857 -0.6736033 1.446826 -0.5396718 -0.7566342 1.535875 -0.544736 -0.7497756 1.53915 -0.5375678 -0.7511082 1.541167 0.06444472 0.623046 1.211895 0.07207703 0.618273 1.203732 0.07094663 0.6186107 1.217969 0.1246936 0.6955112 1.216015 0.1238415 0.7002054 1.223058 0.1167444 0.7021361 1.21765 0.1494394 0.7819079 1.170397 0.1518419 0.7792077 1.166208 0.1459046 0.7812335 1.166726 0.7968237 0.008393347 1.480649 0.8010756 6.55083e-4 1.474943 0.800363 0.01252752 1.47085 0.8740446 0.02140492 1.504567 0.8665865 0.02261686 1.510618 0.9094181 0.04155766 1.526868 0.9048681 0.04375869 1.530932 0.9117594 0.04023879 1.53536 0.9441437 0.06367951 1.522519 0.9467409 0.05873066 1.522436 0.9442828 0.06129604 1.517773 0.4366382 -0.3198472 2.067458 0.3449156 -0.2679556 2.066043 0.2633818 -0.3069269 2.019327 0.2674821 -0.3993471 1.970867 0.3590099 -0.4515197 1.971878 0.4403269 -0.4126976 2.018455 0.1768705 -0.5058708 2.442782 0.1044112 -0.6275995 2.360061 0.2636516 -0.6372981 2.399165 0.2606871 -0.5498785 2.436358 0.1020098 -0.5394178 2.395863 0.1891286 -0.6709377 2.352037 0.2409529 -0.6531009 2.679965 0.1663709 -0.6190441 2.709848 0.08934271 -0.6703899 2.708797 0.08651107 -0.7272644 2.602432 0.1719793 -0.7896115 2.65959 0.247395 -0.7368151 2.658196 0.1204904 -0.763305 2.741023 0.3690416 -0.6868245 2.933493 0.2895318 -0.6536613 2.936949 0.2526342 -0.7082044 2.996001 0.2444487 -0.7795209 2.953588 0.3342165 -0.8123588 2.974509 0.3855448 -0.7705979 2.94906 0.4430649 -0.6953547 3.318187 0.4121575 -0.8040153 3.35341 0.7931758 -0.7593483 4.068233 0.7154551 -0.7713457 4.099273 0.7631875 -0.8375009 4.078086 0.7238452 -0.8158807 4.094533 0.7533109 -0.7368925 4.08505 0.8017562 -0.8032008 4.063524 0.3040486 -0.6781032 1.33807 0.3030506 -0.6807072 1.338585 0.4362591 -0.7187147 1.387556 0.4808293 -0.7255007 1.409626 0.3028361 -0.6843436 1.336245 0.508547 -0.7296101 1.425148 0.6142234 -0.7358171 1.482654 0.6136845 -0.7337739 1.483786 0.6135407 -0.7347994 1.483954 -0.5910567 0.4524612 1.332898 -0.5761529 0.4444255 1.328627 -0.5835214 0.4493327 1.318079 -0.5300783 0.5388604 1.345312 -0.5263647 0.563565 1.342518 -0.5219389 0.5603616 1.336025 -0.5137636 0.5736972 1.33853 -0.5109334 0.608968 1.298796 -0.5033698 0.6054618 1.2977 -0.5106438 0.6034239 1.293006 0.01368141 0.6424809 1.230023 0.02953541 0.6492049 1.229003 0.01501303 0.656 1.222463 0.02120506 0.6724069 1.283858 0.008588552 0.6733821 1.285115 0.01686942 0.6854796 1.278746 -0.04781061 0.7440681 1.356444 -0.04832798 0.7426536 1.340123 -0.0632044 0.7727132 1.365409 -0.2337499 0.9010046 1.42412 -0.2032034 0.8755946 1.421424 -0.2203078 0.9035419 1.42562 -0.2847675 0.9703184 1.466803 -0.2872663 0.9642287 1.47301 -0.2914347 0.9620997 1.470208 0.7201115 0.2239035 1.482126 0.7201708 0.2252354 1.481782 0.7192272 0.2249284 1.481775 0.7128953 0.2418043 1.549391 0.712144 0.2472222 1.570001 0.6923981 0.3258779 1.84848 0.6912077 0.3318098 1.87075 0.67233 0.4185392 2.146052 0.669092 0.4302362 2.17858 0.6682123 0.4317962 2.180642 0.6339802 0.5872341 2.588207 0.6340467 0.5863856 2.588529 0.6347364 0.586679 2.588477 -0.4806593 -0.6140922 1.444524 -0.478722 -0.6130776 1.444016 -0.482059 -0.6127849 1.445064 -0.3631824 -0.625583 1.715093 -0.3629425 -0.6247415 1.715348 -0.3622689 -0.6260554 1.716976 -0.3133541 -0.6313173 1.848978 -0.3136156 -0.6321171 1.849761 -0.3126398 -0.6324154 1.849499 -0.2924906 -0.6458976 1.995441 -0.2929069 -0.6469023 1.995311 -0.2919006 -0.6466608 1.995339 -0.3100707 -0.6668022 2.125494 -0.3103166 -0.6673233 2.124677 -0.3094443 -0.6676442 2.124848 -0.3522713 -0.6901196 2.233058 -0.3523876 -0.6913043 2.234269 -0.3514794 -0.6904405 2.233311 -0.4065619 -0.7161142 2.338631 -0.405106 -0.7160751 2.336838 -0.4060409 -0.7156279 2.339074 -0.4600781 -0.7434458 2.460685 -0.4596199 -0.7440474 2.460722 -0.4593303 -0.743292 2.460986 0.1884764 -0.6969321 2.659601 0.1602284 -0.6495155 2.657506 0.1343919 -0.6317395 2.61344 0.1362706 -0.6627134 2.567417 0.1642929 -0.7109932 2.567278 0.1903696 -0.7279279 2.613582 -0.2198559 -0.9273411 2.794931 -0.2607524 -0.878269 2.759532 -0.1679658 -0.9008511 2.687588 -0.1982019 -0.8633381 2.691057 -0.2089746 -0.9470587 2.757746 -0.2495844 -0.8946401 2.800496 -0.2538915 -0.8989877 2.730921 -0.2517704 -0.9371234 2.73471 -0.2828201 -0.9315577 2.792039 -0.3333205 -0.9405519 2.740675 -0.3389639 -0.9214764 2.76258 -0.3369536 -0.8912507 2.761233 -0.322071 -0.887239 2.716021 -0.3233718 -0.9251395 2.712854 -0.6665968 -0.31721 1.550227 -0.6513914 -0.3178697 1.549819 -0.6592611 -0.3110082 1.538308 -0.6479383 -0.1839549 1.612232 -0.6461498 -0.1877711 1.61911 -0.6562036 -0.1856552 1.61637 -0.4995028 -0.6737115 1.446171 -0.4999181 -0.6730502 1.445516 -0.4988971 -0.6730619 1.445453 -0.5014814 -0.7122818 1.40808 -0.5023142 -0.7112732 1.409282 -0.5021998 -0.7118068 1.40787 -0.5077209 -0.7500228 1.373841 -0.5070526 -0.7501554 1.373886 -0.507147 -0.7497582 1.373466 0.1208121 0.7009245 1.216444 0.1214614 0.7014588 1.215884 0.1200616 0.7013837 1.216575 0.1425272 0.7236734 1.261622 0.1837267 0.7656898 1.346865 0.1858624 0.7675873 1.349487 0.2610538 0.8450516 1.499259 0.2615442 0.8446283 1.499229 0.2615799 0.845131 1.498953 0.00575298 0.6859088 1.292978 0.01047354 0.6840561 1.290305 0.009391069 0.6898728 1.290971 0.1412078 0.6802898 1.530707 0.1441761 0.6828085 1.528104 0.2937346 0.7010773 1.787182 0.2965204 0.6991979 1.785647 0.2957047 0.7029462 1.785893 0.7803364 -0.1871362 1.627876 0.7839142 -0.1971412 1.61971 0.7902254 -0.1876201 1.616956 0.8438585 -0.2065742 1.67493 0.8440527 -0.216262 1.670578 0.8381391 -0.2165482 1.676893 0.6222199 0.2387266 2.423254 0.6301692 0.2287743 2.422298 0.6259359 0.2315515 2.41437 0.6793729 0.277707 2.412994 0.6754183 0.2800645 2.404805 0.6811877 0.2731534 2.405135 -1.116801 -0.1710987 2.855415 -1.12274 -0.1704892 2.849093 -1.115577 -0.1772159 2.847257 -1.382592 -0.5138782 3.070996 -1.38749 -0.5139613 3.064859 -1.381364 -0.5184915 3.065219 0.8401516 0.8535183 3.119199 0.8431739 0.8538454 3.113913 0.8373281 0.8565434 3.11582 1.021423 1.163445 3.241678 1.02242 1.16468 3.23712 1.024866 1.161758 3.240803 0.9081319 0.04145926 1.529684 0.9089947 0.04147624 1.529479 0.9084681 0.04206889 1.529573 0.9256922 0.04568898 1.603195 0.9258219 0.04506349 1.603197 0.9262914 0.04549229 1.603064 -0.522906 0.5601968 1.339396 -0.5222809 0.5604366 1.338899 -0.5229116 0.560894 1.338857 -0.5042591 0.5890641 1.376401 -0.5041334 0.5895831 1.375936 -0.5045913 0.5895487 1.376189 -0.2926851 -0.6461393 1.995731 -0.2924301 -0.6470066 1.995635 -0.2922338 -0.6464332 1.994834 0.2810972 -0.5042641 2.237748 0.2812796 -0.5050348 2.237767 0.2814364 -0.5045974 2.237139 -0.2484547 -0.9105755 2.764923 -0.2487717 -0.9144867 2.761668 -0.2451034 -0.9138426 2.763509 -0.2615242 -0.9391656 2.79888 -0.2606344 -0.9422027 2.796755 -0.2580462 -0.940567 2.799001 0.02670645 0.2930468 1.029204 0.07238459 0.2817684 1.029116 0.1027954 0.3061711 1.003388 0.05884838 0.3541888 0.9736366 0.01203191 0.3287744 1.003426 0.1148239 0.4201509 1.091704 0.07049238 0.4220619 1.081213 0.0431385 0.3998239 1.104611 0.05769842 0.3809229 1.143844 0.0955792 0.3399661 1.110982 0.1236839 0.3600515 1.083232 0.08564156 0.4165889 1.165869 0.1145966 0.4350398 1.141735 -0.02026867 0.5311056 1.164977 0.01961219 0.5309629 1.176857 0.02843713 0.5779411 1.160763 0.03184872 0.5625687 1.118393 0.01240026 0.525501 1.099131 -0.02496862 0.5288566 1.125851 -0.08367985 0.7316459 1.177382 -0.0734331 0.7394497 1.250141 -0.1095519 0.7548156 1.250818 -0.06802332 0.7797461 1.2116 -0.1172972 0.761164 1.221064 -0.05809682 0.7694764 1.240311 -0.08434456 0.862939 1.295652 -0.141179 0.8769776 1.319713 -0.1198363 0.8913813 1.333961 -0.1061643 0.9055959 1.289938 -0.1323016 0.8992636 1.280929 -0.1463229 0.8820419 1.294182 -0.1341692 0.9271783 1.322341 -0.2877845 1.001416 1.293435 -0.2860665 0.9567419 1.313946 -0.2890489 0.982295 1.326274 -0.2662882 0.988961 1.315315 -0.2793214 0.9762383 1.282393 -0.2592636 0.9415988 1.292832 -0.3847259 1.048374 1.310578 -0.4408223 1.11697 1.348984 -0.4366391 1.133698 1.359479 -0.4174939 1.130628 1.347669 -0.4390764 1.135245 1.328943 -0.5298355 1.270813 1.391397 -0.5424772 1.261011 1.392892 -0.5282304 1.265119 1.40775 -0.4480527 0.2101705 1.272073 -0.4270648 0.2766355 1.272541 -0.4657955 0.3248862 1.238582 -0.5235291 0.3060513 1.205573 -0.5444776 0.23936 1.205216 -0.5067079 0.1912143 1.238526 -0.6303901 0.3272191 1.5651 -0.7163841 0.352406 1.51553 -0.6538301 0.2690021 1.572337 -0.6697534 0.3662258 1.546463 -0.7422918 0.2958637 1.528046 -0.7045534 0.253385 1.54517 -0.6658521 0.29413 1.652637 -0.6479553 0.3382776 1.623286 -0.6800857 0.3831499 1.61928 -0.7372421 0.3785852 1.629309 -0.7524279 0.337647 1.668512 -0.7228155 0.287996 1.662561 -0.6372274 0.4413253 1.744702 -0.6201834 0.3625969 1.780037 -0.5683448 0.3698336 1.771378 -0.5544449 0.4116616 1.748101 -0.5852031 0.4490188 1.736 -0.6511335 0.4035862 1.775968 -0.591167 0.413357 1.872493 -0.5750983 0.4570906 1.859172 -0.6236513 0.4936361 1.853914 -0.6461305 0.469296 1.816804 -0.6620948 0.4250556 1.829313 -0.6327564 0.3968923 1.854012 -0.6829267 0.4466891 1.9758 -0.6678218 0.4869913 1.963481 -0.7442223 0.5021861 1.940922 -0.8016195 0.4733442 2.039422 -0.798736 0.4579705 2.100068 -0.7641367 0.4704709 2.116572 -0.755041 0.5078136 2.111387 -0.7777724 0.5310354 2.090004 -0.8216009 0.5222877 2.097072 -0.8282413 0.5386864 2.204732 -0.8080758 0.5626419 2.183462 -0.8207574 0.5722359 2.151647 -0.8720893 0.5383562 2.160848 -0.8603798 0.5307468 2.193196 -0.8601485 0.5815664 2.146978 -0.8915202 0.7107754 2.232271 -0.8689976 0.7155374 2.210786 -0.8799246 0.7246225 2.183432 -0.9083084 0.7199578 2.174508 -0.9261554 0.7016634 2.193604 -0.9293097 0.7239897 2.226382 -0.9942167 0.9172809 2.288264 -0.9912756 0.9045975 2.257914 -1.03371 0.8990984 2.273271 -1.025356 0.9181809 2.263665 -1.082577 1.047501 2.383802 -1.065946 0.9880115 2.344809 -1.058517 1.037756 2.351728 -1.089966 1.043956 2.346532 -1.097355 1.032234 2.356566 -1.150063 1.095622 2.377874 -1.172297 1.075099 2.396439 -1.181372 1.097468 2.392039 -1.186731 1.080174 2.36999 -1.335758 1.092494 2.380783 -1.335193 1.095736 2.363624 -1.33725 1.079275 2.367458 0.2264707 -0.5808135 1.3915 0.2834478 -0.6097832 1.391546 0.334635 -0.577239 1.374706 0.3309104 -0.5152414 1.357486 0.2726209 -0.4871004 1.357694 0.2211714 -0.5198512 1.374639 0.3337638 -0.5378918 1.526863 0.2757573 -0.4534136 1.511548 0.2331526 -0.5384671 1.552819 0.2848179 -0.5681621 1.543781 0.3289325 -0.4808404 1.508951 0.2267632 -0.4835435 1.52891 0.3080351 -0.4844553 1.67192 0.3412218 -0.5224833 1.646044 0.3726698 -0.5049358 1.597745 0.3614324 -0.4551989 1.574559 0.3254996 -0.4182701 1.599414 0.2954515 -0.4343239 1.649094 0.4673376 -0.4203777 1.713182 0.5359841 -0.4387969 1.702078 0.529285 -0.4388542 1.642679 0.5092666 -0.3982691 1.618023 0.4701141 -0.3658271 1.64008 0.4993796 -0.3567667 1.70401 0.6806767 -0.3407374 1.810761 0.6981052 -0.2873017 1.754171 0.7432498 -0.313311 1.745069 0.7748517 -0.3524796 1.830705 0.7887923 -0.3441529 1.789444 0.9940904 -0.2272775 1.984823 1.003312 -0.2596929 2.003276 1.01744 -0.2851737 1.982391 1.040937 -0.2756105 1.956223 1.041312 -0.2408809 1.944537 1.027826 -0.2153354 1.96611 1.064098 -0.2760973 2.071431 1.078183 -0.2961277 2.051076 1.109332 -0.2926523 2.040518 1.127497 -0.2641656 2.049593 1.11219 -0.2432882 2.07018 1.08088 -0.2455732 2.078902 1.084207 -0.4033238 2.213081 1.095221 -0.4174163 2.195466 1.120007 -0.4049556 2.174655 1.123792 -0.3636243 2.20151 1.106677 -0.3986309 2.247125 1.148835 -0.4208477 2.231971 1.19759 -0.540858 2.402971 1.199601 -0.509769 2.422669 1.223264 -0.6036191 2.536887 1.228483 -0.6027019 2.580983 1.234 -0.5856869 2.57726 1.263285 -0.6022619 2.581897 1.334206 -0.6794972 2.786727 1.335898 -0.6631926 2.791162 1.324276 -0.6626809 2.796102 0.00443077 0.6786993 1.255463 -0.005562543 0.6318842 1.253632 -0.01997119 0.6120688 1.218851 -0.02806895 0.6371825 1.175008 -0.01775056 0.6835334 1.178496 -0.002648293 0.7039354 1.215035 0.2230066 0.5709966 1.15218 0.2385479 0.6307291 1.119606 0.2689066 0.6257897 1.18539 0.2737288 0.5862292 1.184334 0.2670425 0.5875529 1.117175 0.2758088 0.6451572 1.151532 0.4151484 0.5847038 1.175008 0.4041129 0.569911 1.144863 0.407473 0.5866454 1.115072 0.4130028 0.6228767 1.115329 0.3797416 0.6440809 1.148238 0.4303778 0.6143077 1.17399 0.4605966 0.6115961 1.138059 0.5283352 0.5028984 1.139803 0.5432697 0.4802789 1.082562 0.5094262 0.4780089 1.141841 0.4887549 0.4749301 1.118543 0.4941476 0.4879408 1.090851 0.5362738 0.513331 1.112253 0.6159534 0.3864414 1.103874 0.630387 0.3925507 1.079934 0.6442168 0.4185861 1.125535 0.7037491 0.3643867 1.121808 0.6577211 0.4250755 1.101684 0.7315917 0.3816922 1.079849 0.7771676 0.3612294 1.125421 0.757591 0.3331502 1.105949 0.7891255 0.3662525 1.106684 0.7664989 0.3361504 1.088965 0.7741367 0.323618 1.13317 0.8004546 0.3316204 1.098328 0.8224078 0.2279524 1.144388 0.8466461 0.2306722 1.182722 0.8168197 0.2201095 1.175393 0.8631586 0.1967903 1.171134 0.9213094 0.1512755 1.228068 0.9187923 0.1190488 1.241914 0.9236263 0.1217741 1.228274 0.9352852 0.1288608 1.261352 1.026705 0.07425862 1.322678 1.037953 0.08743661 1.316691 1.038552 0.07615536 1.307496 -0.4923608 -0.6808624 1.452023 -0.5043098 -0.6715143 1.454435 -0.5034801 -0.6843327 1.439588 -0.5845288 -0.7943192 1.54467 -0.5662137 -0.7830271 1.549921 -0.598715 -0.8521285 1.594304 -0.6339166 -0.9237695 1.677705 -0.6383261 -0.8974393 1.658995 -0.6375629 -0.9138836 1.64964 -0.6545901 -0.915032 1.708764 -0.6670128 -0.9204829 1.696256 -0.6665304 -0.9277963 1.720543 -0.7133361 -0.8891309 1.773449 -0.7078962 -0.8774294 1.79548 -0.7226725 -0.8642103 1.7898 -0.8049437 -0.8308106 1.939693 -0.786226 -0.8592029 1.888696 -0.7729054 -0.8481907 1.898912 -0.810124 -0.840444 1.98245 -0.8122445 -0.8266434 1.985625 -0.8174106 -0.8429373 1.964644 -0.8494003 -0.8532954 2.001048 -0.856578 -0.8615282 2.023794 -0.8635594 -0.846096 2.01524 -0.9253159 -0.9225375 2.019792 -0.9157654 -0.9205717 2.030907 -0.934185 -0.9182027 2.041837 -0.9970237 -0.9632256 2.051927 -1.102296 -1.054987 2.133849 -1.108888 -1.057032 2.11995 -1.095879 -1.067056 2.127211 0.910125 0.04965525 1.569965 0.9183275 0.03425627 1.569229 0.9301127 0.0453087 1.566801 0.9642059 0.04463464 1.906506 0.9517422 0.06139808 1.773101 0.9715895 0.0564723 1.948439 0.9513506 0.05162853 1.948708 0.9574874 0.06268256 1.931425 0.9499413 0.042638 2.120244 0.962898 0.0490458 2.129031 0.9496822 0.0604586 2.156193 0.9683587 0.0546016 2.231264 0.9561018 0.04131805 2.233278 0.9738391 0.03769385 2.235491 0.9424478 0.06237882 2.282539 0.9398734 0.04780471 2.298296 0.9513885 0.06082862 2.300354 0.8478301 0.1086085 2.323085 0.859508 0.08622485 2.32527 0.8604463 0.1137979 2.334175 0.8511201 0.1359853 2.365801 0.841493 0.1626361 2.374182 0.8376954 0.1437996 2.381015 0.880922 0.2092317 2.456375 0.8986431 0.220712 2.461382 0.8907884 0.231025 2.452511 0.8890172 0.2413896 2.482061 0.9908487 0.3493368 2.666665 1.00193 0.3361907 2.668071 0.9887179 0.3337766 2.675819 -1.134613 0.03667354 3.211732 -1.119825 0.03615832 3.211173 -1.127965 0.05064213 3.202005 -1.119331 0.1244596 3.310824 -1.128456 0.1273164 3.341558 -1.111523 0.1050495 3.307589 -1.105034 0.2561169 3.544407 -1.112107 0.2382346 3.549082 -1.100577 0.26042 3.570374 -1.118813 0.2517004 3.539847 -1.124281 0.2458451 3.612685 -1.132431 0.2636665 3.616142 -1.125118 0.2529534 3.633677 -1.193474 0.1813183 3.697129 -1.165549 0.1955999 3.685598 -1.157675 0.2317665 3.65721 -1.247805 0.1247071 3.815882 -1.259603 0.1405446 3.818679 -1.280367 0.1168546 3.846358 -1.252972 0.1340158 3.834075 -1.374946 0.05844295 4.065606 -1.394124 0.0588445 4.063757 -1.385227 0.07378602 4.068485 -1.497739 0.03004467 4.337881 -1.489074 0.04504162 4.342673 -1.505883 0.04580765 4.335832 -0.324335 -0.8971328 2.755066 -0.3270905 -0.9276378 2.752319 -0.3370404 -0.920859 2.714449 -0.3308686 -0.8851994 2.728284 -0.1391004 -0.943293 2.685059 -0.1455872 -0.9088774 2.666974 -0.06530487 -0.9336034 2.694279 -0.06737107 -0.9108635 2.695989 -0.07109791 -0.9324579 2.657664 0.08223485 -0.9073874 2.667086 0.0730291 -0.9497056 2.672196 0.1201806 -0.9112232 2.688588 0.09338563 -0.9379635 2.69014 0.1022377 -0.9277203 2.651539 0.1566975 -0.9131437 2.66582 0.1324935 -0.8935181 2.650841 0.1660341 -0.8863792 2.678225 0.1789992 -0.8542299 2.636308 0.1407379 -0.8684567 2.663023 0.2399928 -0.6911679 2.649848 0.2493873 -0.7146651 2.648456 0.2712081 -0.6780161 2.629833 0.2143838 -0.7366295 2.624156 0.240754 -0.6659726 2.636656 0.275152 -0.6341863 2.620286 0.2920112 -0.5002264 2.656939 0.3180782 -0.5074036 2.653208 0.291419 -0.5274721 2.62844 0.369069 -0.3863029 2.665894 0.3867722 -0.3872206 2.686719 0.3909566 -0.3943008 2.66221 0.3942295 -0.3061519 2.664096 0.4172561 -0.3126915 2.674119 0.4088363 -0.2010748 2.672832 0.4188279 -0.209286 2.65305 0.3955856 -0.1985312 2.656517 0.377168 -0.07588279 2.669615 0.3677892 -0.07810181 2.654403 0.359386 -0.08061915 2.668827 -0.7290707 0.507498 1.466439 -0.7016062 0.5479549 1.461799 -0.7036255 0.5810238 1.431469 -0.7403337 0.5778276 1.393895 -0.7681788 0.5378922 1.39724 -0.7639322 0.5034509 1.431452 -0.8147715 0.5775897 1.539448 -0.847994 0.6032004 1.47576 -0.8765466 0.7024396 1.599179 -0.8852488 0.6083434 1.554062 -0.9331223 0.7213202 1.613743 -0.8996825 0.6949186 1.661492 -0.9618554 0.6974084 1.624316 -0.9290658 0.6723533 1.672056 -1.041628 0.7484154 1.789635 -1.037385 0.7658454 1.844897 -1.014159 0.7817943 1.833002 -1.012436 0.7974269 1.804563 -1.06118 0.7832555 1.804352 -1.060404 0.8187652 1.839773 -1.106614 0.8651992 2.003935 -1.142835 0.8581318 2.020041 -1.132391 0.8351026 2.011349 -1.113752 0.8323557 2.015732 -1.102623 0.8473879 2.016332 -1.132378 0.8708617 2.024034 -1.178595 0.888489 2.220548 -1.166835 0.8998704 2.221611 -1.179697 0.9067913 2.216955 -0.1567999 0.6850581 1.228499 -0.138135 0.7268337 1.231385 -0.1296583 0.7461309 1.186985 -0.1384701 0.7269512 1.153463 -0.1568728 0.6859113 1.153415 -0.1660759 0.6649871 1.190892 -0.2629517 0.7358009 1.157729 -0.2345026 0.7673717 1.227501 -0.2435344 0.7712785 1.157657 -0.3931502 0.7847273 1.213502 -0.3747912 0.7952335 1.242817 -0.3955845 0.8464206 1.251968 -0.3872182 0.8602572 1.222167 -0.4147124 0.8566294 1.199474 -0.4069154 0.8140725 1.192408 -0.5524698 0.9177723 1.263062 -0.537528 0.909995 1.305565 -0.56129 0.9112811 1.29079 -0.5298736 0.9520483 1.28839 -0.5323506 0.9398637 1.311113 -0.6068351 1.002566 1.319764 -0.5990034 0.9744265 1.354847 -0.5966857 0.9988455 1.359164 -0.5904499 1.00835 1.338953 -0.6128886 0.9825249 1.32035 -0.6128731 0.9698477 1.337167 -0.7360932 0.9836292 1.345832 -0.7300075 1.009333 1.334517 -0.7383912 1.000976 1.347829 -0.7449001 1.004878 1.320225 -0.7447558 0.9892004 1.318703 -0.7506787 0.9798959 1.331348 -0.7990527 1.028686 1.362251 -0.7965053 1.042855 1.342787 -0.8167132 1.030261 1.346673 -0.8030251 1.105682 1.383192 -0.8176708 1.105977 1.374343 -0.8190533 1.09833 1.389806 0.7646334 -0.2470744 1.691762 0.7285501 -0.2136592 1.691174 0.6969857 -0.2114391 1.654339 0.7007527 -0.2431281 1.616432 0.7386655 -0.2787944 1.616352 0.7683263 -0.27874 1.653757 0.6089962 -0.4018638 1.803208 0.5520865 -0.3709297 1.771333 0.5578142 -0.3959527 1.824107 0.5536034 -0.3979203 1.740708 0.606629 -0.4318972 1.777122 0.5728666 -0.4369355 1.751675 0.5356892 -0.434193 1.842137 0.5328153 -0.4653642 1.817178 0.6069629 -0.4302142 1.838099 0.5986994 -0.5023472 1.846183 0.623658 -0.4720441 1.836317 0.6828036 -0.5282849 1.978094 0.6562765 -0.5228547 1.997213 0.6406118 -0.5835989 1.996558 0.6459116 -0.5647106 2.032441 0.6709665 -0.5965067 1.994752 0.7014715 -0.58019 2.004932 0.7035955 -0.5396403 2.03674 0.6748003 -0.5327178 2.04394 0.6739223 -0.5712889 2.08181 0.703301 -0.5766607 2.076611 0.744057 -0.492775 2.134779 0.7342543 -0.4667847 2.128122 0.7119153 -0.4564608 2.141808 0.6941099 -0.4766951 2.150658 0.7049565 -0.5007587 2.159871 0.7368698 -0.499634 2.168543 0.8044622 -0.3940918 2.371213 0.8008067 -0.4181403 2.355553 0.8168672 -0.4254577 2.34526 0.8374647 -0.4063132 2.354247 0.829486 -0.3896166 2.347676 0.8103556 -0.3847221 2.350942 0.8870052 -0.3631834 2.471558 0.87286 -0.3811101 2.490548 0.8896865 -0.3932445 2.483076 0.9052666 -0.3797369 2.49078 0.8906899 -0.3858719 2.555559 0.8694654 -0.4018813 2.550997 0.8914512 -0.4114206 2.550117 0.8389619 -0.4510632 2.629342 0.8285821 -0.4612734 2.617541 0.8443995 -0.4660475 2.621988 0.6025536 0.227005 2.502924 0.6483927 0.2447732 2.502984 0.6578385 0.2890561 2.482875 0.6209052 0.3149449 2.462809 0.5749101 0.29635 2.463032 0.5660638 0.2526843 2.483043 0.5502189 0.3436625 2.582944 0.5807569 0.2623422 2.588522 0.6169832 0.3025115 2.626364 0.6284048 0.3318341 2.587836 0.5955451 0.353195 2.567954 0.543407 0.2960485 2.589579 0.5859662 0.3297585 2.652523 0.5596116 0.3696703 2.638263 0.6669934 0.4316613 2.61472 0.6561684 0.5117979 2.61485 0.6943444 0.5281668 2.688964 0.632984 0.5466837 2.644948 0.6200177 0.5158932 2.673169 0.6661207 0.5407625 2.709445 0.7052053 0.5495179 2.662566 0.709595 0.5887174 2.676001 0.6861619 0.5997639 2.699745 0.6697195 0.5777043 2.721755 0.7784967 0.5248372 2.767621 0.8062111 0.5457508 2.759506 0.8270931 0.5785396 2.787878 0.7707372 0.5873389 2.774556 0.77564 0.5683154 2.811555 0.8325133 0.5464814 2.859994 0.9397878 0.560335 2.951914 0.9282978 0.6066027 2.952996 0.9620018 0.5785754 2.954919 0.9333586 0.5964068 2.989792 1.02467 0.6233142 3.064012 1.007523 0.6011151 3.091025 1.060645 0.6466704 3.16995 1.069842 0.618408 3.174405 1.064808 0.6217827 3.138592 1.04915 0.6354212 3.17313 1.122446 0.6571937 3.307246 1.133804 0.668989 3.298866 1.118202 0.6735346 3.304902 -0.7605699 -0.3629814 1.657393 -0.7858927 -0.2954249 1.637848 -0.8185596 -0.321708 1.589013 -0.8107534 -0.3706118 1.589069 -0.7818231 -0.3908229 1.62333 -0.8759292 -0.342654 1.742131 -0.8900678 -0.3222265 1.700845 -0.8352962 -0.3832961 1.718363 -0.9129613 -0.3462606 1.671771 -0.9189841 -0.3927419 1.680314 -0.8755513 -0.4111946 1.700719 -0.9232814 -0.3659985 1.756848 -0.9580395 -0.3815716 1.729721 -1.017931 -0.25071 1.747868 -1.007582 -0.2449622 1.707884 -1.064275 -0.2456879 1.686838 -1.061307 -0.2909589 1.693723 -1.044071 -0.3135914 1.730334 -1.151183 -0.2213805 1.781166 -1.260398 -0.1950481 1.788263 -1.34401 -0.1081702 1.841247 -1.283067 -0.1218458 1.787817 -1.340403 -0.1528909 1.790682 -1.368119 -0.1137075 1.799722 -1.36711 -0.1338226 1.856251 -1.463031 -0.1114128 1.886528 -1.501705 -0.09030497 1.887298 -1.492472 -0.08800375 1.92733 -1.45009 -0.07207947 1.904442 -1.474818 -0.05691123 1.89477 -1.516848 -0.07231265 1.888661 -1.526447 -0.07967275 1.92857 -1.516307 -0.1112964 1.907412 -1.55176 -0.08216649 1.908879 -1.640228 -0.1818148 1.915367 -1.641216 -0.162496 1.915724 -1.623611 -0.150672 1.884863 -1.61797 -0.1690233 1.884688 -1.61512 -0.179293 1.899287 -1.64939 -0.1542522 1.902753 -1.879973 -0.253827 1.932079 -1.875447 -0.2652108 1.934709 -1.878986 -0.247715 1.947817 -1.123032 0.1253589 3.338685 -1.11241 0.1381396 3.331793 -1.128905 0.140904 3.330223 -1.104897 0.1673139 3.422279 -1.112964 0.1801282 3.411792 -1.122899 0.1674104 3.419717 -1.130544 0.2013932 3.47009 -1.118439 0.2137677 3.460276 -1.138814 0.2148251 3.459851 -1.134542 0.227293 3.480091 -1.211411 0.2851819 3.487129 -1.212685 0.3033717 3.500867 -1.220051 0.3248155 3.49838 -1.221033 0.3106569 3.483784 -1.312909 0.3931338 3.553 -1.36381 0.4674702 3.588282 -1.380584 0.4748841 3.615208 -1.379889 0.4619979 3.588264 -1.466413 0.5205794 3.666592 -1.442989 0.5225344 3.647473 -1.46452 0.51947 3.645521 -1.46283 0.5502427 3.695383 -1.4706 0.5704731 3.697232 -1.477873 0.5586119 3.707861 -1.440263 0.6057239 3.77764 -1.432561 0.6180254 3.76725 -1.450829 0.6167885 3.768886 -1.440999 0.679069 3.848036 -1.423181 0.6788675 3.845731 -1.433989 0.6952757 3.843335 -1.445794 0.6935464 3.908943 -1.439408 0.706188 3.91341 -1.451531 0.7137713 3.909167 -1.458105 0.7004806 3.905934 -1.507752 0.6477417 3.99082 -1.489916 0.6573055 3.985705 -1.502835 0.6671288 3.995143 -1.511522 0.662184 3.98434 -1.562208 0.6276903 4.113778 -1.571054 0.641967 4.112051 -1.57791 0.6266762 4.104708 0.8517339 0.6935467 3.541986 0.8353409 0.6909105 3.541293 0.8448263 0.6755592 3.536392 0.8375353 0.6033505 3.867533 0.8510891 0.6029738 3.887193 0.856049 0.5978102 3.852232 0.8448786 0.5862041 3.87029 0.8461322 0.6060321 3.935735 0.8637965 0.6048704 3.931237 0.8537994 0.6206423 3.926662 0.8958025 0.7009697 3.981647 0.8792595 0.6926457 3.991208 0.9119916 0.7520783 4.04589 0.8911008 0.7410996 4.014362 0.8977603 0.7570906 4.055556 0.9337693 0.7990792 4.068239 0.9380963 0.7950835 4.087511 0.9450843 0.7850538 4.073981 1.036533 0.8291427 4.077114 1.03277 0.8223162 4.092745 1.033015 0.8099177 4.078321 1.123117 0.8449769 4.095352 1.118569 0.8559623 4.109263 1.129418 0.8421903 4.11414 1.164862 0.8937506 4.107119 1.164084 0.88546 4.124432 1.18014 0.8859627 4.11256 1.189908 0.9970288 4.099413 1.194274 0.9963228 4.116464 1.206062 0.9902041 4.103854 1.248373 1.108399 4.105698 1.262358 1.100925 4.11483 1.251541 1.10569 4.124517 0.7566947 0.3832622 1.4766 0.7711223 0.3799774 1.477541 0.7632052 0.3840231 1.459897 0.795794 0.4838871 1.478523 0.7913812 0.4828897 1.492015 0.8061895 0.5862843 1.516461 0.7828582 0.5084702 1.483681 0.8410668 0.652009 1.540642 0.8360018 0.6505436 1.524075 0.8183517 0.6397642 1.522631 0.885704 0.8023258 1.621835 0.8874831 0.7995982 1.604475 0.9061734 0.8104418 1.635027 0.9066961 0.8056244 1.61627 0.9693784 0.9295822 1.738491 0.975012 0.9494426 1.737839 1.007565 0.9699225 1.792359 0.9838942 0.9316298 1.724852 0.9909389 0.9755315 1.792852 1.021121 0.9968993 1.801945 1.028645 0.9992392 1.821845 1.048968 0.9870988 1.815264 1.108585 0.9998141 1.829551 1.111832 0.9982921 1.813134 1.107331 1.015003 1.81991 0.1981385 -0.889001 1.422816 0.1880003 -0.8899849 1.413379 0.2032064 -0.9016671 1.410132 0.1288917 -0.9957164 1.487136 0.1114329 -1.010035 1.531023 0.1020616 -1.019379 1.524958 0.1340546 -1.004211 1.509878 0.1174951 -1.027607 1.540836 0.1209512 -1.047825 1.528977 0.1086367 -1.059 1.545408 0.1422548 -1.133475 1.527047 0.1489458 -1.126518 1.538335 0.1378055 -1.132012 1.546684 0.1295267 -1.13286 1.534479 0.182251 -1.31037 1.592725 0.1655687 -1.295931 1.574605 0.1877741 -1.316691 1.576861 0.2051354 -1.481198 1.648952 0.2184991 -1.505213 1.683448 0.202081 -1.482633 1.669749 0.2211908 -1.513518 1.678422 0.2238052 -1.64892 1.787406 0.2316762 -1.656434 1.77548 0.2430799 -1.645142 1.787429 -0.5311937 -0.7537057 1.541338 -0.5488769 -0.7467275 1.539668 -0.540104 -0.7614226 1.532834 -0.577586 -0.820893 1.657595 -0.5860992 -0.8178696 1.629821 -0.6136534 -0.8981369 1.754165 -0.6062663 -0.8945629 1.759666 -0.6215707 -0.9006254 1.808389 -0.6361799 -0.917205 1.808933 -0.6734349 -0.9683389 1.968136 -0.6668459 -0.9754875 2.012996 -0.6756092 -0.9920501 2.003687 -0.6631232 -0.9894316 2.01149 -0.7115129 -1.032371 2.233361 -0.6955388 -1.040606 2.229708 -0.6950278 -1.022279 2.230311 -0.7135074 -1.021169 2.318939 -0.6988995 -1.031095 2.331124 -0.7132752 -1.039875 2.319469 -0.7001539 -1.069223 2.362524 -0.7112689 -1.063652 2.371119 -0.7187409 -1.071026 2.357142 -0.6997398 -1.142632 2.3859 -0.716839 -1.140045 2.391212 -0.7114569 -1.147363 2.374878 0.1416974 0.78628 1.176266 0.1577898 0.7791537 1.169333 0.1393104 0.7822504 1.162349 0.19443 0.9189141 1.134921 0.1739891 0.8685305 1.129831 0.1917871 0.9458085 1.132441 0.2219462 0.9970499 1.116879 0.2171393 0.9992329 1.108172 0.207671 1.016945 1.111615 0.2451253 1.111938 1.130559 0.2722639 1.174955 1.12425 0.255666 1.166908 1.118793 0.2815647 1.280442 1.160901 0.2909827 1.262505 1.153713 0.2949263 1.285294 1.148283 0.2721565 1.257987 1.141861 0.3082557 1.285243 1.174158 0.3475461 1.307699 1.217167 0.3231102 1.312444 1.190414 0.3651877 1.298179 1.210402 0.3642258 1.310258 1.201963 0.373192 1.318183 1.214824 0.4440639 1.286976 1.224399 0.4488594 1.291251 1.207128 0.4470568 1.305071 1.218789 0.5239322 1.324333 1.23938 0.5298068 1.310184 1.227756 0.5254516 1.327687 1.224544 0.9475866 0.0581749 1.529703 0.9493284 0.05257266 1.517342 0.9406883 0.06817477 1.514355 1.012037 0.1025279 1.522077 1.038572 0.1107612 1.502954 1.070731 0.1390264 1.513445 1.09783 0.1352431 1.525867 1.095461 0.128491 1.516697 1.177812 0.1828819 1.544479 1.141787 0.1555324 1.517827 1.20979 0.1952481 1.53815 1.291199 0.2078671 1.57727 1.237671 0.2102006 1.559875 1.242109 0.1955497 1.568587 1.334009 0.2257799 1.591484 1.356639 0.2440217 1.625333 1.36204 0.2307986 1.628631 1.366288 0.2435723 1.613637 1.471704 0.2536101 1.696039 1.459592 0.2623286 1.708367 1.465066 0.2715711 1.698561 0.7258092 -0.7576441 4.092581 0.7173525 -0.8069407 4.094231 0.7563323 -0.8343853 4.080917 0.7980683 -0.8129674 4.067904 0.8017806 -0.7639775 4.067892 0.7637451 -0.7364093 4.080899 0.8459839 -0.7698766 4.217137 0.7715514 -0.8084794 4.244689 0.8553979 -0.8146293 4.268036 0.8376208 -0.8325792 4.362936 0.848219 -0.7550119 4.384248 0.8289488 -0.7764148 4.47577 0.8916244 -0.782284 4.479024 0.8264139 -0.8124319 4.480708 0.9014416 -0.8165909 4.661239 0.8753049 -0.8280719 4.709658 0.8787714 -0.7718967 4.687818 0.8546913 -0.7835772 4.739933 0.8531259 -0.8115742 4.731545 0.9006661 -0.7873874 4.753386 0.8705329 -0.7826098 4.996387 0.8530789 -0.8103039 4.992133 0.8551695 -0.7916092 4.999264 0.8686589 -0.8201745 5.0003 0.8869486 -0.79339 4.999779 0.8851264 -0.8112011 5.00879 0.8593781 -0.7791624 5.264272 0.8745215 -0.789442 5.264941 0.8736461 -0.7700483 5.263524 0.6126943 -0.7241554 1.485769 0.6099743 -0.7418899 1.488645 0.6187013 -0.7390243 1.476099 0.6856503 -0.7562342 1.534007 0.6920508 -0.7424029 1.532953 0.6849395 -0.737963 1.54479 0.7055501 -0.7545325 1.561371 0.7450434 -0.7232772 1.574097 0.7536711 -0.7330886 1.561006 0.7665601 -0.7283917 1.579322 0.8559647 -0.63 1.58314 0.8551284 -0.6497811 1.576058 0.8519307 -0.6433863 1.563365 0.8489373 -0.6292414 1.571237 0.9547996 -0.5779107 1.604614 1.005963 -0.5460983 1.603568 1.039842 -0.5171447 1.6303 1.146718 -0.4842768 1.678755 1.168574 -0.4767035 1.675563 1.145855 -0.4728117 1.662605 1.148169 -0.4646277 1.680333 1.215289 -0.4681954 1.700866 1.218292 -0.4863439 1.700029 1.220489 -0.4751046 1.683539 1.238384 -0.4791892 1.692792 1.284285 -0.5371326 1.684478 1.393638 -0.5917932 1.697947 1.386107 -0.6082857 1.697747 1.39085 -0.5988325 1.682247 1.455121 -0.6060596 1.716293 1.453779 -0.6188057 1.719447 1.460456 -0.6238618 1.707419 1.454614 -0.6073448 1.702528 1.549713 -0.5829975 1.767804 1.546847 -0.5755281 1.752979 1.55061 -0.5624188 1.767038 1.559159 -0.569037 1.785373 1.667863 -0.562614 1.84243 1.668304 -0.545197 1.836852 1.659976 -0.5537001 1.852 -0.512347 0.6109382 1.301499 -0.499008 0.6053062 1.299629 -0.5142568 0.6021223 1.288703 -0.4784514 0.6811506 1.22782 -0.4509077 0.7552499 1.187478 -0.44313 0.7915165 1.180947 -0.4765313 0.7346543 1.202962 -0.4593406 0.7796711 1.193808 -0.4367128 0.8577541 1.15963 -0.454678 0.8627079 1.158968 -0.4515411 0.8358671 1.152459 -0.4310135 0.8945398 1.131428 -0.4166547 0.8955643 1.144986 -0.4183439 0.8823581 1.133644 -0.341151 0.931739 1.112328 -0.3310112 0.9227806 1.098132 -0.3459439 0.933945 1.094476 -0.250023 1.020406 1.078211 -0.2243875 1.028253 1.074837 -0.233426 1.019073 1.061733 -0.2423688 1.030744 1.062008 -0.1619998 1.138352 1.066704 -0.1524606 1.126624 1.065687 -0.1480816 1.136488 1.050808 -0.1672375 1.133005 1.05235 -0.146651 1.192116 1.05955 -0.1645416 1.185734 1.057225 -0.1579612 1.196452 1.042459 -0.1972656 1.264318 1.045391 -0.2067692 1.253623 1.030889 -0.2155265 1.261389 1.043716 -0.2416654 1.357296 1.022553 -0.2459044 1.35712 1.04051 -0.2557362 1.351278 1.026254 -0.2914652 0.9591062 1.473667 -0.2796266 0.9720514 1.47104 -0.2916107 0.9704907 1.458819 -0.3719242 1.05871 1.551005 -0.3970984 1.098935 1.564266 -0.4006521 1.075414 1.554451 -0.5065039 1.197895 1.690338 -0.4933903 1.204078 1.691311 -0.4968147 1.213905 1.681295 -0.5081651 1.205519 1.677597 -0.5945211 1.335501 1.858332 -0.5961652 1.350924 1.849086 -0.6184878 1.358186 1.865536 -0.6076104 1.334812 1.852635 -0.6214242 1.348796 1.911356 -0.6240987 1.363675 1.912894 -0.6431276 1.352013 1.915836 -0.6562218 1.303178 1.983892 -0.6642829 1.318637 1.987738 -0.6911367 1.281364 2.018604 -0.7047412 1.270086 2.074509 -0.729313 1.273738 2.118248 -0.6953507 1.294423 2.023651 -0.7671945 1.26007 2.204483 -0.7820428 1.273435 2.198959 -0.7807201 1.259006 2.199219 -0.8316655 1.291393 2.356825 -0.8437156 1.29274 2.35168 -0.8353722 1.275539 2.357137 0.6310651 0.57797 2.590799 0.6441085 0.5843111 2.589786 0.6365239 0.5978046 2.585295 0.6238121 0.589729 2.586846 0.6166272 0.6322951 2.788791 0.6299839 0.6339629 2.793216 0.6312123 0.6501328 2.809265 0.6164345 0.6476668 2.787693 0.6303361 0.636877 2.877745 0.6358591 0.653523 2.87486 0.6174467 0.6516896 2.900135 0.6132838 0.6587336 2.92666 0.6226335 0.6692732 2.92306 0.6113798 0.674409 2.912944 0.5429843 0.73018 2.967907 0.5545775 0.7409965 2.957547 0.540664 0.7326849 2.94974 0.4807797 0.8626685 3.057872 0.4626838 0.8609188 3.055849 0.4671214 0.8614367 3.078145 0.4697726 0.9110065 3.109583 0.4655523 0.9349931 3.150067 0.4483537 0.9393327 3.139478 0.4408878 0.9530867 3.165958 0.4314516 0.9676841 3.153473 0.4435771 0.9765568 3.166059 0.379326 1.035364 3.171982 0.3754652 1.032601 3.158177 0.3611803 1.029493 3.164464 0.3653919 1.033532 3.178817 0.3204584 1.117848 3.201538 0.3330733 1.126577 3.194532 0.3189576 1.121723 3.183874 -0.4499222 -0.7417348 2.464 -0.4675233 -0.7374757 2.459604 -0.4601227 -0.7540444 2.458879 -0.4882876 -0.7437333 2.528408 -0.5022019 -0.7607092 2.53728 -0.4805485 -0.7599556 2.528472 -0.4759821 -0.7578913 2.576304 -0.4860303 -0.7531284 2.578933 -0.4793294 -0.7757346 2.588606 -0.4072973 -0.7841238 2.629901 -0.4077359 -0.7916074 2.652046 -0.3569968 -0.7987411 2.722871 -0.3346831 -0.7987174 2.726107 -0.2614772 -0.8560477 2.845238 -0.2912127 -0.8472846 2.826636 -0.2508587 -0.8577957 2.892821 -0.2270589 -0.8975515 2.953799 -0.2159411 -0.8824064 2.960361 -0.2352167 -0.8805412 2.95901 -0.210605 -0.9247723 2.991217 -0.2176843 -0.9176015 3.006173 -0.2289721 -0.9231672 2.993106 -0.231004 -1.011378 3.003886 -0.2361897 -1.00399 3.019197 -0.2528731 -1.034139 3.01166 -0.2701457 -1.194622 3.104636 -0.2825361 -1.197209 3.095458 -0.2694605 -1.203192 3.087172 -0.3361343 -0.9159956 2.76603 -0.327876 -0.876083 2.733853 -0.3245449 -0.9138481 2.706434 -0.3313907 -0.9370737 2.735327 -0.4580259 -0.8865391 2.735757 -0.4578781 -0.8867365 2.686439 -0.4617383 -0.9148119 2.735483 -0.4960143 -0.9171194 2.683594 -0.5843909 -0.8811879 2.704423 -0.5547378 -0.9346023 2.706537 -0.5955222 -0.918913 2.727142 -0.5939716 -0.8915185 2.72657 -0.5870088 -0.8921816 2.682358 -0.6180852 -0.9008666 2.676224 -0.6301791 -0.9089643 2.696827 -0.7029123 -0.8042488 2.689822 -0.7091503 -0.7655758 2.687985 -0.6811199 -0.7744776 2.672738 -0.6917138 -0.7758664 2.650554 -0.6991476 -0.802425 2.64966 -0.7055324 -0.8151414 2.66968 -0.9072135 -0.6665636 2.67745 -0.8338048 -0.6706494 2.662842 -0.8485267 -0.695366 2.642889 -0.8436598 -0.7117975 2.659575 -0.9175847 -0.6391561 2.648566 -0.9273884 -0.6401188 2.682546 -1.022109 -0.6347293 2.677954 -1.010433 -0.6044146 2.682621 -1.031296 -0.6227974 2.666841 -1.135874 -0.6143054 2.717537 -1.12857 -0.6005129 2.718655 -1.110669 -0.5984259 2.687851 -1.260352 -0.5896755 2.750289 -1.265909 -0.6075007 2.739019 -1.266915 -0.616113 2.749983 -1.275827 -0.5960614 2.746346 -1.28483 -0.60884 2.774706 -1.399133 -0.6424306 2.816895 -1.403775 -0.6241268 2.8154 -1.406893 -0.6333109 2.803725 -0.6537904 -0.1911469 1.624477 -0.6411855 -0.1848335 1.613687 -0.6600992 -0.1813911 1.610362 -0.6388986 -0.08208537 1.673647 -0.6443453 -0.09003061 1.691557 -0.6264423 -0.01367694 1.756347 -0.6238459 -0.02501261 1.731328 -0.6370469 -0.006651103 1.740408 -0.6426123 -0.02696812 1.740519 -0.6575566 0.02802973 1.776016 -0.6610525 0.02461361 1.763526 -0.6504592 0.04212856 1.765318 -0.6905304 0.05184513 1.757215 -0.714978 0.09178441 1.7747 -0.7338434 0.1056803 1.758885 -0.8113923 0.1673327 1.801388 -0.8143476 0.1867821 1.794098 -0.9110936 0.2385603 1.821282 -0.8849044 0.2048649 1.820463 -0.891847 0.2379793 1.82632 -0.9116005 0.2445243 1.842162 -0.9386312 0.3073199 1.832855 -0.9183618 0.3086838 1.827981 -0.9343261 0.3473592 1.817405 -0.9322062 0.3781481 1.830201 -0.9150243 0.3754528 1.820561 -0.8829775 0.4545419 1.793081 -0.9003344 0.4512559 1.805611 -0.8833442 0.446735 1.812143 -0.8838272 0.5425311 1.797498 -0.863716 0.5460996 1.795157 -0.8745555 0.5774136 1.784188 -0.8733437 0.5896539 1.804204 -0.8746114 0.6190454 1.791306 -0.9203382 0.6980603 1.806981 -0.9052057 0.7031903 1.797977 -0.9220503 0.6977972 1.797604 -0.5107517 -0.7551794 1.381627 -0.5165029 -0.7465764 1.370728 -0.4985726 -0.7472321 1.368273 -0.5184122 -0.8344953 1.325131 -0.5225978 -0.8252325 1.308084 -0.5422693 -0.9244775 1.265045 -0.5109891 -0.8441148 1.303582 -0.5494925 -0.993365 1.251161 -0.5303702 -0.9631431 1.247734 -0.5398627 -0.9971703 1.251092 -0.5487257 -0.9888052 1.234774 -0.5927336 -1.124085 1.213752 -0.5759871 -1.128564 1.212334 -0.5862163 -1.137171 1.228801 -0.5681435 -1.144912 1.221369 -0.5844303 -1.149781 1.213552 -0.5160837 -1.246189 1.194216 -0.4952383 -1.276563 1.190101 -0.5170181 -1.253068 1.179143 -0.5009895 -1.24124 1.182389 -0.5178912 -1.29081 1.19058 -0.5142989 -1.306467 1.179329 -0.4989503 -1.298452 1.185008 -0.5614488 -1.33817 1.214024 -0.5470868 -1.335747 1.19586 -0.5460873 -1.346665 1.217831 -0.5975553 -1.409151 1.246894 -0.592473 -1.418334 1.232062 -0.5818359 -1.418326 1.245182 0.2536896 0.8408752 1.504202 0.2701624 0.8397029 1.497693 0.2612228 0.8546965 1.494958 0.3224503 0.8996918 1.616052 0.3111204 0.8949206 1.634627 0.3170661 0.9151242 1.640824 0.3643452 0.9371609 1.749621 0.3772984 0.9686502 1.802514 0.3720644 0.9760359 1.83571 0.3701345 0.9602541 1.833432 0.4247466 1.013935 2.017492 0.4108148 1.015392 2.053823 0.4191284 1.002884 2.025518 0.4161598 1.025671 2.038467 0.4544905 1.046813 2.274672 0.4357609 1.041174 2.270546 0.4475132 1.057446 2.271715 0.4390491 1.055833 2.291595 0.4514483 1.0474 2.514645 0.4684278 1.051623 2.513779 0.4523491 1.064394 2.513893 0.2906112 0.7038726 1.788442 0.3005131 0.6907258 1.784211 0.2990725 0.709912 1.783915 0.3638235 0.7036716 1.948803 0.3599942 0.7025725 1.896606 0.3777446 0.7152123 1.941304 0.3819082 0.7221828 1.987797 0.3993724 0.7230408 2.078189 0.4215192 0.7124675 2.125026 0.4362694 0.7207382 2.165935 0.4334537 0.7361494 2.189713 0.4222171 0.7207414 2.196769 0.4348736 0.7330346 2.356574 0.4485316 0.7412239 2.353364 0.440032 0.7219135 2.352325 0.4541515 0.7235743 2.426305 0.440797 0.7165645 2.444023 0.4450161 0.7375955 2.527295 0.4420331 0.7213117 2.528033 0.4552354 0.7327191 2.527118 0.8408061 -0.2035109 1.678839 0.8348934 -0.2158324 1.679801 0.8496159 -0.2136669 1.666996 0.9388526 -0.261651 1.783056 0.9738786 -0.2701821 1.809996 0.9741675 -0.2638799 1.839722 0.9636186 -0.2505809 1.799778 1.105786 -0.3204711 2.029573 1.123341 -0.307726 2.031356 1.109899 -0.3050792 2.034228 1.110995 -0.312975 2.005098 1.114545 -0.3252432 2.088223 1.119171 -0.3439068 2.093235 1.133301 -0.327467 2.091312 1.046976 -0.3807594 2.182602 1.06592 -0.3827117 2.160842 1.069128 -0.3758713 2.181088 1.02241 -0.4178748 2.273556 1.017511 -0.4647656 2.361959 1.010852 -0.4606153 2.322529 1.023249 -0.4841385 2.367614 1.002767 -0.5135621 2.465095 1.006568 -0.5278575 2.460337 1.021152 -0.5226753 2.490618 1.021057 -0.569454 2.616128 1.031863 -0.5805094 2.610673 1.041214 -0.5676308 2.613816 0.6808483 0.2754676 2.417474 0.6834514 0.2704839 2.401551 0.6721821 0.2844982 2.404153 0.7766247 0.3692014 2.402971 0.7880232 0.3553341 2.392679 0.7775881 0.3650426 2.388771 0.7840779 0.3574078 2.40641 0.9366189 0.4913086 2.428559 0.944464 0.4797875 2.424571 0.9447392 0.4854458 2.411108 0.9349489 0.4953516 2.414638 1.098089 0.6163205 2.487997 1.160406 0.6476365 2.518918 1.112619 0.604805 2.47869 1.099126 0.611996 2.472006 1.182052 0.6722157 2.551767 1.16019 0.6711982 2.524835 1.209953 0.6826005 2.555278 1.212611 0.6695911 2.538851 1.223124 0.6859561 2.542905 1.301953 0.648696 2.534387 1.296927 0.6511446 2.548167 1.332412 0.6592674 2.534457 1.306798 0.6637628 2.548187 1.408003 0.663006 2.555968 1.432992 0.6464028 2.562316 1.417938 0.6509932 2.546287 1.52505 0.6709776 2.588283 1.525315 0.6842316 2.576904 1.52891 0.66866 2.572853 -1.389464 -0.5078504 3.071071 -1.388584 -0.518615 3.058306 -1.376837 -0.5243331 3.06263 -1.443179 -0.5925027 3.139322 -1.450031 -0.6020548 3.122269 -1.521345 -0.6729642 3.211427 -1.556972 -0.7202564 3.256451 -1.538789 -0.7061636 3.262166 -1.536654 -0.7186079 3.249541 -1.663707 -0.8177158 3.433399 -1.630707 -0.812749 3.399033 -1.634668 -0.8017216 3.417194 -1.750368 -0.8776895 3.603612 -1.734316 -0.8692301 3.590522 -1.737892 -0.8849918 3.578017 -1.717962 -0.8779117 3.577342 -1.796113 -0.9220288 3.776347 -1.813698 -0.9253028 3.769454 -1.798241 -0.932916 3.772737 1.013918 1.166846 3.243066 1.029772 1.157131 3.243702 1.026639 1.166235 3.230102 1.066295 1.238981 3.289995 1.080669 1.261437 3.280074 1.076403 1.273193 3.296039 1.131643 1.325768 3.340397 1.149495 1.37324 3.390566 1.156556 1.38631 3.377498 1.192978 1.460924 3.461682 1.226086 1.493755 3.495796 1.224465 1.474446 3.499848 1.238171 1.520162 3.558761 1.311035 1.610475 3.686493 1.281339 1.598651 3.653366 1.30157 1.609991 3.710209 1.357897 1.663486 3.81838 1.344062 1.676773 3.817215 1.346256 1.659031 3.824375 0.9194809 0.05335807 1.60394 0.9199174 0.03800475 1.604434 0.9375768 0.04669696 1.601155 0.9726537 0.04581481 1.901272 0.941779 0.04866838 1.766112 0.9734427 0.06031763 1.913569 0.9627805 0.06292921 1.896832 0.9558463 0.0562784 1.963599 0.9569001 0.04651802 1.980259 0.9674732 0.04148411 2.138607 0.962959 0.05986547 2.12911 0.9542962 0.04687237 2.236706 0.9747598 0.05069768 2.238862 0.9423707 0.04345208 2.401513 0.9483687 0.05323851 2.459877 0.9586066 0.0359975 2.43939 0.9585742 0.0502038 2.459542 0.949375 0.03988671 2.74611 0.9634249 0.05181908 2.745859 0.9462561 0.05656766 2.745917 -0.512672 0.5947844 1.376139 -0.500473 0.5809926 1.380117 -0.4962574 0.5925457 1.370683 -0.4602875 0.6638234 1.500576 -0.4638015 0.6642264 1.472939 -0.4538494 0.6470764 1.478611 -0.4489192 0.6614543 1.475757 -0.4550235 0.663107 1.519279 -0.4554573 0.6803325 1.516027 -0.5012019 0.6591362 1.557061 -0.4978205 0.6758642 1.568723 -0.4703862 0.6766636 1.517045 -0.5107804 0.6730489 1.557526 -0.5824001 0.6786307 1.680876 -0.5865765 0.6956912 1.693357 -0.5799588 0.6807698 1.707053 -0.6203319 0.700098 1.76545 -0.5951103 0.6977879 1.743126 -0.6033906 0.7124428 1.766219 -0.6124533 0.7139346 1.750364 -0.6055126 0.6905255 1.777205 -0.6190894 0.7025356 1.786945 -0.608848 0.6448792 1.816834 -0.5948783 0.65125 1.827651 -0.6108436 0.6477087 1.840099 -0.6269753 0.6042561 1.887396 -0.6118052 0.5954545 1.891503 -0.6492598 0.5833123 1.956883 -0.6422438 0.5664204 1.951651 -0.6328426 0.5759857 1.959847 0.2767915 -0.505423 2.246166 0.2862757 -0.5109654 2.231219 0.2816539 -0.4950308 2.232465 0.4300352 -0.4693268 2.307024 0.4300814 -0.4685202 2.332299 0.5165705 -0.4402639 2.379123 0.6020977 -0.4332231 2.456003 0.6091709 -0.4424721 2.459984 0.6021389 -0.4469414 2.437123 0.6130506 -0.4306545 2.442798 0.7766742 -0.4200255 2.610163 0.8012971 -0.4347491 2.622879 0.8030371 -0.4414369 2.63771 0.7986414 -0.4335151 2.6516 0.8129405 -0.4257746 2.640229 0.9572806 -0.4563969 2.880253 0.9720888 -0.463335 2.872242 0.9688204 -0.4450262 2.872748 1.009967 -0.4741112 2.962274 1.011383 -0.4920905 2.96098 1.02599 -0.4819903 2.957114 1.023929 -0.4649758 3.02008 1.026476 -0.4819493 3.020082 1.039319 -0.4749758 3.030013 1.034546 -0.4509099 3.030452 1.0045 -0.3908055 3.100308 1.022622 -0.394028 3.105234 1.015129 -0.3816364 3.093614 -0.2593123 -0.9325008 2.804026 -0.2705127 -0.9415417 2.794398 -0.2522776 -0.9473327 2.796017 -0.295126 -1.031603 2.948323 -0.300154 -1.043265 2.936167 -0.3026949 -1.024763 2.944679 -0.2957864 -1.045464 2.954347 -0.3063207 -1.031691 2.929379 -0.3376478 -1.097808 3.079685 -0.3549121 -1.137793 3.209387 -0.3412768 -1.118385 3.176817 -0.343442 -1.147382 3.203707 -0.3359251 -1.141412 3.226724 -0.3564514 -1.155485 3.309846 -0.342212 -1.147385 3.319951 -0.3401797 -1.166863 3.325285 -0.3629524 -1.162819 3.348967 -0.3695546 -1.16822 3.332994 -0.4106302 -1.207703 3.366025 -0.4248692 -1.200736 3.373108 -0.4271261 -1.198345 3.358727 -0.4185807 -1.209396 3.354227 -0.4590244 -1.258194 3.410732 -0.4724011 -1.249414 3.406251 -0.4700081 -1.260103 3.395141 0.06177157 0.4374569 1.134898 0.04432004 0.3962088 1.133443 0.06118345 0.3665148 1.11279 0.09751331 0.3726593 1.090466 0.1157445 0.4118497 1.090699 0.09895443 0.4410359 1.111108 0.1833305 0.3778827 1.31064 0.1544782 0.3275832 1.248201 0.206703 0.3661705 1.235476 0.1977382 0.330104 1.248874 0.2138889 0.3324968 1.389095 0.2863532 0.3583156 1.429307 0.2978866 0.3034146 1.437924 0.2792155 0.2983752 1.470334 0.3180987 0.3308492 1.454229 0.3307689 0.3448368 1.588236 0.3275498 0.3207747 1.606267 0.4340862 0.3083859 1.819239 0.4516171 0.310716 1.810659 0.4612322 0.3296329 1.815435 0.445565 0.3446492 1.808278 0.4222059 0.3250559 1.823483 0.4367299 0.3431802 1.83706 0.4310091 0.3247798 1.897071 0.4627158 0.3302067 1.872013 0.4468325 0.3571218 1.887368 0.4239088 0.3433592 1.88186 0.442614 0.3422273 1.913735 0.348581 0.3966118 1.962195 0.3374611 0.3800769 1.962967 0.3634142 0.385157 1.972662 0.3419662 0.3802957 1.988353 0.2905904 0.4625615 2.061398 0.2928044 0.4513574 2.071069 0.306742 0.4640519 2.069229 -0.1488619 0.8823658 1.321247 -0.1081201 0.8837997 1.290511 -0.1446176 0.9145562 1.298096 -0.07281208 0.9539619 1.417123 -0.05885225 0.9363364 1.416442 -0.03822612 0.9394799 1.406833 -0.04970705 0.9736819 1.393069 -0.03504198 0.957251 1.394102 -0.06911039 0.9719967 1.404751 -0.03408527 1.018795 1.515188 -0.01415598 1.014691 1.529824 0.004346072 1.018227 1.521976 0.005313158 1.03091 1.509849 -0.00528717 1.045526 1.509882 -0.01513773 1.047822 1.52254 0.02491521 1.053283 1.551176 0.1309758 1.074067 1.56249 0.1218045 1.095007 1.553351 0.1257067 1.087627 1.564459 0.1435205 1.075804 1.551613 0.1380442 1.091603 1.539806 0.2372244 1.168395 1.598098 0.2355728 1.177282 1.582662 0.2260162 1.182643 1.595564 0.439876 0.3358533 1.882216 0.4452309 0.3211997 1.855677 0.4535907 0.3501502 1.862285 0.5536684 0.2918881 1.923785 0.5545423 0.2766922 1.911681 0.5621827 0.2944516 1.899772 0.5625871 0.2812328 1.90225 0.559261 0.3030046 1.909833 0.667103 0.2804145 1.974403 0.6705052 0.2962273 1.969297 0.6747591 0.2862921 1.959681 0.01259285 1.026055 1.528804 -0.001610279 1.049722 1.515558 -0.01481533 1.019489 1.511278 -0.09397971 1.057656 1.633277 -0.09110295 1.035579 1.643754 -0.0799387 1.048779 1.657743 -0.08176571 1.06239 1.639188 -0.1003645 1.045268 1.638842 -0.1531553 1.098001 1.767717 -0.1662659 1.092282 1.761902 -0.1551544 1.080367 1.771976 -0.6818701 0.3043257 1.660013 -0.7018369 0.3563274 1.659554 -0.7236413 0.3786659 1.61297 -0.7252182 0.3471011 1.565485 -0.7053652 0.2953755 1.565927 -0.6833764 0.2726022 1.612804 -0.8246149 0.2685873 1.701133 -0.8659456 0.336185 1.659058 -0.8460279 0.2604398 1.614561 -0.8442254 0.3166157 1.701672 -0.9219995 0.2834979 1.631273 -0.8241997 0.240944 1.65742 -0.9131734 0.2048917 1.714604 -0.9434962 0.2455494 1.717622 -0.9760535 0.247994 1.677745 -0.917768 0.2076085 1.630465 -0.8959919 0.193228 1.670491 -1.016576 0.07117247 1.691688 -1.030936 0.05007243 1.613971 -0.9785691 0.04940992 1.688709 -1.037553 0.0821951 1.655152 -0.9822365 0.05186927 1.613426 -0.9642118 0.03625017 1.64959 -1.125506 -0.1416676 1.689675 -1.13065 -0.08785742 1.690129 -1.169499 -0.1052243 1.662683 -1.121952 -0.1287485 1.624993 -1.112168 -0.1497098 1.656417 -1.271076 -0.2668108 1.663554 -1.24218 -0.2867431 1.717439 -1.244877 -0.2439874 1.714771 -1.256188 -0.2310371 1.687454 -1.226531 -0.2675244 1.658038 -1.218269 -0.2828639 1.685997 -1.340517 -0.2869079 1.720272 -1.33891 -0.273571 1.695264 -1.336944 -0.3175018 1.670497 -1.339677 -0.3304765 1.695354 -1.368401 -0.3112154 1.717458 -1.366193 -0.2816982 1.668399 -1.524037 -0.2591143 1.697323 -1.517799 -0.2355569 1.697994 -1.515846 -0.2248718 1.67794 -1.520063 -0.2703735 1.677608 -1.556583 -0.2425029 1.654314 -1.722824 -0.2654283 1.666054 -1.704132 -0.2397082 1.679828 -1.703464 -0.2473068 1.664654 -1.683348 -0.2758401 1.679708 -1.722157 -0.2520722 1.696958 -1.805902 -0.1920665 1.685654 -1.792441 -0.1863792 1.671971 -1.802288 -0.1942459 1.65643 -1.811916 -0.2083898 1.671113 -1.891193 -0.06996649 1.662746 -1.881179 -0.06316632 1.651107 -1.894621 -0.07534676 1.646586 -0.6122113 0.4229431 1.830078 -0.5941213 0.3722036 1.78424 -0.5901888 0.3963795 1.745257 -0.5978173 0.441706 1.745115 -0.6095247 0.4633096 1.784318 -0.4465702 0.4609612 1.851031 -0.4104409 0.4263359 1.85656 -0.4180133 0.4039098 1.818906 -0.4253766 0.4644932 1.783263 -0.3788689 0.4327044 1.793311 -0.4077429 0.4882239 1.823721 -0.2312082 0.5276827 1.907478 -0.1974439 0.4851163 1.884107 -0.208059 0.5341677 1.853697 -0.2026626 0.5058253 1.916992 -0.1822789 0.5115845 1.863142 -0.2113286 0.555246 1.887824 -0.116729 0.6072799 1.974514 -0.04349708 0.5983476 1.976122 -0.06609839 0.5987586 1.941334 -0.05067479 0.6391732 1.952019 -0.05082356 0.6087281 1.997992 -0.05686575 0.6501712 1.973948 -0.01768386 0.6421078 2.000166 0.01272302 0.616289 1.954183 0.1473444 0.6160809 1.983245 0.1395481 0.6486837 1.964638 0.1638877 0.6393263 1.982182 0.1531937 0.6062039 1.963749 0.153916 0.6180089 1.945499 0.165566 0.6399398 1.945068 0.364642 0.6891319 2.001533 0.3724834 0.6834257 1.989306 0.3427241 0.6775254 1.970797 0.3488247 0.7061322 1.985721 0.382628 0.7166379 2.005044 0.3803447 0.7138493 1.979003 0.5342276 0.8056194 2.016757 0.534285 0.8003388 2.03191 0.5262895 0.81457 2.027444 -0.9020282 0.2174488 1.703458 -0.8752602 0.2577905 1.700892 -0.8805681 0.286297 1.670307 -0.9117598 0.2804246 1.638133 -0.9376087 0.2453581 1.637231 -0.9330922 0.2119938 1.67107 -1.092812 0.3348931 1.805948 -1.056868 0.3327109 1.826688 -1.108025 0.4291291 1.858995 -1.173451 0.4488215 1.872044 -1.211305 0.4312263 1.891992 -1.188066 0.4524751 1.961652 -1.282634 0.4729751 2.044929 -1.310311 0.5341742 2.069022 -1.330217 0.4848291 2.056766 -1.413429 0.5570702 2.13107 -1.432549 0.5402607 2.13828 -1.397748 0.5413616 2.165247 -1.416915 0.5146832 2.154515 -1.408125 0.559896 2.156942 -1.440786 0.562201 2.248263 -1.428455 0.5745852 2.238488 -1.433139 0.591983 2.23187 -1.454984 0.59603 2.229382 -1.46679 0.5845841 2.240394 -1.461199 0.5609821 2.236373 -1.385444 0.6564747 2.383246 -1.371029 0.6539302 2.384023 -1.360525 0.6670433 2.382942 -1.366647 0.6741411 2.367764 -1.380239 0.6822327 2.375931 -1.391147 0.6690831 2.376371 -1.370857 0.7686243 2.553497 -1.374298 0.7820255 2.545218 -1.386218 0.7740864 2.550424 -0.8321993 0.5538989 2.169147 -0.8580137 0.5268152 2.148064 -0.841539 0.5012686 2.129642 -0.8043254 0.4988873 2.129109 -0.7854743 0.5240066 2.148515 -0.7965661 0.4144095 2.306972 -0.8451328 0.4100496 2.271683 -0.7979585 0.3836709 2.257097 -0.8284083 0.4136732 2.310778 -0.8311089 0.3635873 2.287729 -0.7810198 0.4075405 2.27108 -0.8690992 0.3799741 2.373898 -0.80605 0.3601922 2.350014 -0.8423085 0.404375 2.415686 -0.8654083 0.4100032 2.401936 -0.8792349 0.3641444 2.409087 -0.8520628 0.3565005 2.419138 -0.836695 0.379038 2.427847 -0.9669841 0.4603883 2.518 -0.9536757 0.4445593 2.556261 -0.9316446 0.4549881 2.549484 -0.988853 0.5117487 2.638795 -0.9580037 0.4815688 2.534979 -1.038884 0.4992093 2.682181 -1.063344 0.5469036 2.751674 -1.171008 0.5825563 2.958315 -1.154333 0.5842328 2.966176 -1.157513 0.5708321 2.967751 -1.294118 -0.2750532 1.720044 -1.327715 -0.2931682 1.687887 -1.275168 -0.3027722 1.677377 -1.315432 -0.4686511 1.827895 -1.318257 -0.5022891 1.801083 -1.282552 -0.4940476 1.818282 -1.296048 -0.4952111 1.843458 -1.329569 -0.492771 1.81961 -1.296367 -0.5130258 1.807083 -1.350165 -0.6379198 1.924244 -1.380811 -0.6467344 1.941267 -1.38379 -0.6429451 1.906919 -1.364917 -0.679422 1.929551 -1.353377 -0.681629 1.968726 -1.384238 -0.6943978 1.960899 -1.346271 -0.7202331 2.037702 -1.361312 -0.7396634 2.024487 -1.335403 -0.7362602 2.020422 -1.258338 -0.7757799 2.160865 -1.269059 -0.7906017 2.159329 -1.252693 -0.7877448 2.151714 -0.06307005 0.6026387 1.984561 -0.02480936 0.6147237 1.982898 -0.03957647 0.6379588 1.9526 -0.06651687 0.6320461 1.950986 -0.07548362 0.7564377 2.112741 -0.09455555 0.8540989 2.171426 -0.1102609 0.7658633 2.104756 -0.09866815 0.7612822 2.12209 -0.1004056 0.8938584 2.256875 -0.09406656 0.8897631 2.223048 -0.1172975 0.8832576 2.212043 -0.1174327 0.8845776 2.25553 -0.1264817 0.8923591 2.238712 -0.1909816 0.9617563 2.294378 -0.171127 0.9730489 2.301729 -0.1817104 0.9774487 2.280399 -0.3092536 1.042264 2.307591 -0.2992764 1.054097 2.312418 -0.3049595 1.051278 2.297449 -0.8271146 0.3852338 2.373522 -0.8547341 0.3686847 2.337118 -0.8103481 0.3805329 2.318516 -0.7971308 0.3895233 2.341747 -0.7875608 0.2443192 2.389198 -0.7724049 0.2019611 2.355581 -0.7518752 0.2108837 2.397527 -0.7984248 0.2378079 2.367992 -0.7397611 0.03340166 2.420903 -0.7545295 0.06694823 2.398631 -0.7154412 0.01784026 2.395113 -0.7152432 0.06207805 2.407481 -0.7416697 -0.02627378 2.404188 -0.7395997 -0.03986436 2.446412 -0.7600932 -0.01860159 2.431047 -0.7892618 -0.07342505 2.488873 -0.7988641 -0.05729305 2.480759 -0.8060319 -0.06846767 2.465155 -0.7962675 -0.08559763 2.473275 -0.9301004 -0.07755953 2.563997 -0.9206863 -0.07348412 2.577238 -0.9292353 -0.06210625 2.568949 -1.43796 0.5620464 2.227415 -1.449098 0.581804 2.202112 -1.440058 0.5469243 2.193919 -1.642764 0.5063567 2.258347 -1.649087 0.5044638 2.234186 -1.644845 0.4834461 2.247439 -1.643093 0.491918 2.259679 -1.646844 0.5130678 2.246155 -1.652894 0.4890545 2.236307 -1.855197 0.4776181 2.30317 -1.856653 0.4694432 2.292623 -1.851919 0.4625964 2.307011 -1.125648 1.052287 2.385973 -1.105416 1.064833 2.366766 -1.127475 1.073203 2.367943 -1.067722 1.200825 2.525891 -1.056608 1.190092 2.531069 -1.056562 1.203451 2.51914 -1.739509 -0.2352949 1.692581 -1.755053 -0.235275 1.666914 -1.735686 -0.2522068 1.670634 -1.877048 -0.3864355 1.767379 -1.889336 -0.3747754 1.766579 -1.887083 -0.3847432 1.753647 -1.368492 -0.6847371 1.978692 -1.373788 -0.6742051 1.955476 -1.366703 -0.7013317 1.957241 -1.569728 -0.7380471 1.995219 -1.569339 -0.7459211 1.980955 -1.57327 -0.7303197 1.981231 -0.1383855 0.937315 2.267787 -0.1385509 0.9106708 2.271065 -0.1209462 0.9235298 2.257291 -0.004865825 0.9459404 2.465643 0.006878316 0.9391898 2.458269 0.004990041 0.9547842 2.457741 -0.749714 -0.03771167 2.452397 -0.7673141 -0.04363483 2.428924 -0.7397944 -0.03419351 2.430769 -0.6865631 -0.2499496 2.443868 -0.6777656 -0.2468326 2.427697 -0.6741222 -0.2456425 2.44069 -0.6902196 -0.2511131 2.430875 0.3504397 -0.5034381 1.629188 0.3334118 -0.4479775 1.629108 0.2922288 -0.4303502 1.592523 0.267848 -0.4680213 1.555834 0.2848598 -0.5234935 1.555888 0.3260368 -0.5411056 1.592471 0.168835 -0.4999799 1.781339 0.1038098 -0.5201986 1.722373 0.1631495 -0.5831671 1.747759 0.197927 -0.54562 1.768232 0.1205672 -0.4886326 1.760603 0.116755 -0.5707174 1.725161 0.09392321 -0.5988268 1.904388 0.05675232 -0.5634462 1.931554 0.02528947 -0.5478184 1.896884 0.02018278 -0.5722618 1.850345 -0.01049029 -0.6320285 1.898994 0.07170528 -0.6314839 1.877684 -0.01950961 -0.611287 1.982029 -0.04960095 -0.5790774 1.901601 -0.04213702 -0.6383567 1.953429 -0.05704319 -0.5565764 1.977998 -0.05335688 -0.5462957 1.93502 -0.1895839 -0.5616132 1.993773 -0.1777459 -0.5129978 1.943239 -0.2160736 -0.5351151 1.918804 -0.2209481 -0.5735704 1.928855 -0.1880542 -0.5918615 1.964336 -0.2249505 -0.5165655 1.9904 -0.3594069 -0.5323949 2.033847 -0.3707575 -0.4854996 1.99365 -0.3679012 -0.5563213 2.008134 -0.4044019 -0.5002824 2.038202 -0.4421603 -0.5139555 1.985977 -0.4072979 -0.5451081 1.985066 -0.476513 -0.5718548 2.052882 -0.5121906 -0.5382478 2.01956 -0.4696646 -0.5915203 2.022997 -0.5188534 -0.5714856 2.046468 -0.4917205 -0.6000543 1.992748 -0.5839068 -0.6855748 1.985407 -0.655494 -0.8444312 2.031724 -0.6883838 -0.8499726 2.031419 -0.6965966 -0.8441352 2.009583 -0.6656554 -0.8686938 1.993069 -0.6601783 -0.8772492 2.015416 -0.7242541 -0.9037072 1.999816 -0.7523095 -0.9338086 2.056823 -0.7701944 -0.9082844 2.057915 -0.7712965 -0.9044548 2.03683 -0.7674426 -0.9409788 2.02962 -0.9461446 -0.9043206 2.125627 -0.9322124 -0.9213094 2.14291 -0.9380066 -0.9096285 2.158004 -0.9364019 -0.8944978 2.15015 -0.9467532 -0.8918898 2.13799 -0.9401611 -0.9185417 2.129201 -1.127585 -0.9482011 2.267941 -1.132355 -0.9605526 2.25589 -1.122682 -0.9657988 2.268663 0.002586185 -0.5555902 1.945144 -0.03625863 -0.5819672 1.944862 -0.03694838 -0.6205974 1.921784 -1.97775e-4 -0.6356743 1.898036 0.03828299 -0.6092327 1.898423 0.03898507 -0.570254 1.921717 0.06106305 -0.618666 2.074805 0.02354526 -0.6766263 2.050831 0.09219861 -0.6664671 2.029816 0.02546805 -0.6414629 2.073412 0.05674064 -0.6886595 2.027898 0.1060471 -0.651089 2.086002 0.08173525 -0.7251843 2.161176 0.04605638 -0.7266238 2.14624 0.04118728 -0.744249 2.10907 0.07225406 -0.7518827 2.088634 0.1085732 -0.7482329 2.103016 0.106907 -0.7705688 2.145288 0.04185926 -0.9136389 2.178369 0.01348429 -0.8990721 2.162815 0.006915509 -0.9197306 2.131057 0.03220599 -0.9375404 2.115181 0.06901031 -0.9120108 2.123912 0.06010818 -0.9737488 2.176544 -0.02761834 -1.266247 2.27912 0.009628236 -1.280952 2.253426 -0.006384134 -1.267772 2.288024 -0.03223359 -1.280363 2.257731 -0.01338076 -1.281509 2.242192 0.01153349 -1.270189 2.271998 0.01543182 -1.351366 2.340808 0.001976966 -1.378703 2.345245 -0.01169067 -1.351964 2.290886 0.02856355 -1.353631 2.325736 0.03857553 -1.391218 2.331807 0.1265337 -1.414277 2.462126 0.1203433 -1.430682 2.470792 0.1150919 -1.438942 2.453964 0.1426891 -1.432599 2.447346 0.1432023 -1.420956 2.458531 0.2368975 -1.548998 2.61287 0.2233186 -1.546108 2.623574 0.2396447 -1.537811 2.618956 0.06252372 -0.7335704 2.125656 0.1013411 -0.7312259 2.102416 0.1059251 -0.6999464 2.081963 0.0783928 -0.6721065 2.081509 0.04651087 -0.677812 2.102777 0.1091157 -0.6270417 2.224841 0.1622993 -0.646885 2.205923 0.1549947 -0.5796107 2.21058 0.1440253 -0.6400525 2.242653 0.1660736 -0.6183742 2.186634 0.1128362 -0.598376 2.205707 0.1520696 -0.6187151 2.313854 0.1980032 -0.6373872 2.290346 0.21283 -0.6064779 2.294444 0.1656862 -0.5868163 2.316565 0.1746109 -0.6539051 2.318649 0.2048782 -0.6014446 2.335462 0.1890407 -0.7234883 2.446829 0.2282636 -0.739748 2.426879 0.2419599 -0.7178824 2.437029 0.2032268 -0.7035933 2.458854 0.2162345 -0.7876791 2.518872 0.2511391 -0.7906649 2.611006 0.2286221 -0.8283643 2.654965 0.2737397 -0.8538097 2.6886 0.2666061 -0.8605034 2.777726 0.2759249 -0.8880417 2.782482 0.2967785 -0.8605083 2.77437 0.2912541 -0.8877174 2.779611 0.2911 -0.9375572 2.844732 0.2792873 -0.9333406 2.857644 0.2530527 -0.9583567 2.854609 0.2674943 -0.9683586 2.837877 0.2010068 -1.095759 2.86461 0.2155939 -1.099617 2.870962 0.2051869 -1.092198 2.881985 1.073831 -0.2622421 2.058031 1.09463 -0.277583 2.019047 1.056427 -0.2376305 2.006237 1.198218 -0.1085058 2.06654 1.215303 -0.1276273 2.066282 1.217701 -0.1252768 2.021895 1.190548 -0.09813117 2.044397 1.227355 -0.134254 2.044648 1.206905 -0.1005957 2.023807 1.372252 -0.002281129 2.105214 1.347724 -0.05980592 2.07667 1.390928 -0.01341116 2.070398 1.373076 -9.55742e-5 2.070399 1.357748 -0.001507222 2.085585 1.387089 -0.01183259 2.103435 1.412175 0.01683223 2.086784 1.446773 0.1876552 2.083648 1.428086 0.1987848 2.070259 1.436236 0.197026 2.083309 1.454507 0.1841607 2.071334 1.452411 0.1944289 2.058415 1.435319 0.1944482 2.058151 1.571962 0.3395244 2.074129 1.564141 0.3454757 2.062294 1.558835 0.3495274 2.077153 -0.4452857 -0.5624818 2.039529 -0.4237945 -0.5426545 2.04064 -0.4372138 -0.5141783 2.000604 -0.4731819 -0.5603693 2.0115 -0.5232654 -0.4166097 2.124204 -0.5719897 -0.4264295 2.114115 -0.5389076 -0.4235957 2.157973 -0.5412392 -0.4178296 2.103618 -0.5575982 -0.4610709 2.118238 -0.6537654 -0.3692041 2.236479 -0.6415351 -0.3399717 2.233512 -0.670491 -0.3291389 2.216791 -0.707799 -0.3322609 2.239801 -0.6913784 -0.360498 2.238206 -0.7140198 -0.3649935 2.311316 -0.7076482 -0.3500747 2.321972 -0.7201922 -0.3317742 2.322926 -0.7449582 -0.3493888 2.339581 -0.7496334 -0.363528 2.326232 -0.7376086 -0.4520603 2.447619 -0.761641 -0.4880762 2.472362 -0.767608 -0.4512897 2.461421 -0.7368236 -0.3879985 2.334623 -0.8252304 -0.5565025 2.621347 -0.8100149 -0.566215 2.620999 -0.8104579 -0.5545436 2.627713 0.1619412 -0.6139988 2.297834 0.195227 -0.6173289 2.260267 0.1448752 -0.5990847 2.247926 0.2209997 -0.4655972 2.316102 0.2253797 -0.4516214 2.273708 0.188342 -0.4418916 2.296053 0.1996486 -0.4496521 2.31773 0.232144 -0.4744068 2.292599 0.2175912 -0.3996907 2.283997 0.3259334 -0.2747356 2.346915 0.3100376 -0.2528482 2.370609 0.3154776 -0.277575 2.363428 0.3141914 -0.2768859 2.327158 0.3077369 -0.2369363 2.355903 0.33471 -0.2263008 2.347914 0.4439716 -0.1808413 2.389774 0.4636354 -0.1812353 2.428702 0.4757753 -0.176625 2.415901 0.4500107 -0.1641253 2.427233 0.4910512 -0.1045833 2.490884 0.5086933 -0.1034344 2.475516 0.4890806 -0.09039348 2.473769 0.4882357 -0.003480553 2.576307 0.5008469 0.002577781 2.567863 0.4850115 0.005805134 2.566065 -0.732066 -0.9087362 2.053735 -0.7549263 -0.9086364 2.026267 -0.7156808 -0.9040711 2.016962 -0.7089774 -1.055038 2.025879 -0.6883688 -1.100902 2.02032 -0.7154026 -1.054473 2.000029 -0.6832216 -1.05586 2.002087 -0.7265259 -1.11814 2.020425 -0.7115561 -1.126775 1.995767 -0.7503878 -1.175845 2.038509 -0.7620363 -1.174267 2.016443 -0.7410783 -1.189514 2.018867 -0.8807268 -1.248658 2.071311 -0.8748752 -1.260285 2.060909 -0.8680355 -1.261574 2.076717 -0.00184828 -1.334861 2.323969 -0.01175707 -1.323255 2.286861 0.0140978 -1.352751 2.296052 -0.1768672 -1.494953 2.311294 -0.1972812 -1.481451 2.29762 -0.1780194 -1.495957 2.283666 -0.1898331 -1.48673 2.312043 -0.1943128 -1.490867 2.284352 -0.1706844 -1.501168 2.297813 -0.3181824 -1.688619 2.327309 -0.3034909 -1.698833 2.323124 -0.3116812 -1.69473 2.310423 1.36408 8.02476e-4 2.101155 1.373565 -0.0199086 2.073446 1.386696 0.0129354 2.080231 1.526539 -0.08213716 2.21081 1.526577 -0.1063634 2.203933 1.539795 -0.08947253 2.191134 1.522902 -0.09565949 2.213616 1.538887 -0.1044163 2.19606 1.535862 -0.07866573 2.200426 1.689885 -0.1492703 2.336981 1.697785 -0.1355609 2.332737 1.700955 -0.1460524 2.32424 -0.7031021 -0.3445505 2.298873 -0.6935765 -0.3343352 2.266608 -0.7221367 -0.3532758 2.274682 -0.8101023 -0.1774308 2.311762 -0.7965658 -0.1602139 2.300561 -0.8118909 -0.174511 2.287894 -0.8016532 -0.1672229 2.3127 -0.8034967 -0.1640583 2.288721 -0.8169757 -0.1813223 2.299874 -0.9660084 -0.05414515 2.339293 -0.9709851 -0.05689716 2.324836 -0.9757248 -0.06628346 2.335114 0.2651156 -0.9028262 2.821974 0.2846943 -0.918484 2.823832 0.2874389 -0.8950991 2.806773 0.3493028 -0.7854328 2.994431 0.36418 -0.794587 2.994016 0.3627385 -0.7804322 2.985059 0.4815729 -0.1370089 2.439251 0.4725298 -0.1603009 2.442586 0.4745025 -0.154848 2.426337 0.6630323 -0.2219141 2.443417 0.6602028 -0.2287602 2.431524 0.6653615 -0.2155812 2.430547 -0.7114069 -1.127401 2.027508 -0.723431 -1.129585 2.001587 -0.7022003 -1.111817 2.005654 -0.564942 -1.28614 1.967717 -0.574383 -1.289907 1.953508 -0.5613927 -1.277895 1.952582 0.4018185 0.5943482 1.175352 0.4422661 0.5722612 1.141865 0.4358009 0.5916795 1.114399 0.4113713 0.6154218 1.113387 0.3925668 0.6200903 1.140579 0.5692207 0.7388998 1.244411 0.5170717 0.724881 1.227398 0.6071808 0.7814761 1.221117 0.5988731 0.75339 1.235833 0.5911383 0.8052425 1.22544 0.6733362 0.9104472 1.322749 0.7114413 0.9376153 1.376404 0.7399305 0.9240494 1.362009 0.7562748 0.9897991 1.382943 0.7557178 0.9631749 1.408191 0.7772021 0.9872139 1.392618 0.8896282 1.138117 1.586078 0.9025402 1.135921 1.57872 0.8915631 1.150363 1.573572 0.7633832 0.357701 1.125485 0.7807986 0.3286381 1.118517 0.7620759 0.3500828 1.087679 0.9024988 0.4203082 1.103444 0.9013032 0.4196138 1.072101 0.9096186 0.4145375 1.087559 0.954672 0.4855442 1.071724 0.9905951 0.5139883 1.093228 0.9630512 0.5040509 1.083568 0.9932891 0.4888967 1.090769 0.9887489 0.4925576 1.070043 1.054476 0.5157576 1.067413 1.065655 0.498998 1.086446 1.057719 0.4893707 1.067191 1.153398 0.4556878 1.069468 1.147485 0.4444239 1.058182 1.153011 0.4615451 1.052907 1.015394 0.4989949 1.093436 1.027802 0.5030882 1.074804 1.005818 0.5109525 1.070512 1.043174 0.6404659 1.139446 1.053608 0.6433653 1.125134 1.060125 0.6356387 1.13969 -0.6475135 -0.9178582 1.696559 -0.6589211 -0.9218052 1.682959 -0.6441706 -0.9201793 1.678272 -0.6448429 -1.017167 1.684869 -0.6339407 -1.018126 1.695551 -0.6439446 -1.018917 1.70605 -0.6482352 -1.050464 1.697875 -0.6088106 -1.07815 1.720529 -0.6139495 -1.096199 1.72891 -0.6001346 -1.102109 1.71656 -0.5209541 -1.126715 1.77585 -0.5091193 -1.157344 1.797931 -0.5247712 -1.13777 1.763281 -0.445443 -1.208397 1.851659 -0.4450814 -1.217507 1.839632 -0.3922312 -1.305997 1.92644 -0.3770905 -1.314437 1.957841 -0.3765241 -1.295554 1.927644 -0.3915771 -1.36233 1.968587 -0.3786742 -1.371466 1.958914 -0.3841881 -1.384226 1.977176 -0.4625695 -1.476747 1.973319 -0.4425978 -1.466517 1.958411 -0.4489751 -1.487865 1.980162 -0.5097129 -1.606046 2.008697 -0.5167778 -1.606391 1.991832 -0.4999087 -1.612478 1.99891 -0.6222856 -1.071938 1.715814 -0.6340531 -1.061104 1.713426 -0.624843 -1.066962 1.698838 -0.7664463 -1.212916 1.679296 -0.7671641 -1.229376 1.694408 -0.7134044 -1.176906 1.686744 -0.7988718 -1.2412 1.693852 -0.7953788 -1.296224 1.690678 -0.8037635 -1.293557 1.674822 -0.8103617 -1.310892 1.687094 -0.7702632 -1.383321 1.675623 -0.7873479 -1.386668 1.674229 -0.7771356 -1.382022 1.659943 -0.7676066 -1.530061 1.664508 -0.7755504 -1.529829 1.648661 -0.7585889 -1.494469 1.652577 -0.7839724 -1.670093 1.6546 -0.7974779 -1.667177 1.669254 -0.8032447 -1.666581 1.655483 -0.840251 -0.8379056 1.997211 -0.827907 -0.8504637 2.001402 -0.8265089 -0.8352418 1.989856 -0.8040896 -0.7811877 2.090494 -0.7856906 -0.7786896 2.090509 -0.7532633 -0.6747115 2.212823 -0.7697742 -0.6823378 2.22363 -0.7557347 -0.6859166 2.222398 -0.7680451 -0.6723055 2.213112 -0.7616253 -0.6123974 2.349307 -0.7662635 -0.5973122 2.340359 -0.7780973 -0.6096177 2.347067 -0.7971256 -1.279883 1.688928 -0.7969872 -1.263595 1.693753 -0.8021436 -1.270063 1.679163 -0.9195453 -1.281356 1.745895 -0.8870972 -1.269142 1.716874 -1.031582 -1.309717 1.792894 -1.023103 -1.296525 1.771694 -1.02551 -1.317108 1.777198 -1.06813 -1.339272 1.828566 -1.071643 -1.349865 1.823257 -1.053179 -1.353229 1.843189 -1.059009 -1.364184 1.830078 -1.044948 -1.417497 1.918641 -1.04966 -1.430279 1.907526 -1.032477 -1.424939 1.911163 -0.3855449 -1.333033 1.961145 -0.3810212 -1.350618 1.958625 -0.3717126 -1.338853 1.950941 -0.2861724 -1.331764 2.062223 -0.2945643 -1.321627 2.069011 -0.3030807 -1.332849 2.073968 -0.2946345 -1.342116 2.06727 -0.2230024 -1.372784 2.182546 -0.2115831 -1.361313 2.177897 -0.2252829 -1.355507 2.188276 -1.049109 -1.330275 1.814638 -1.048174 -1.321981 1.800829 -1.052052 -1.338041 1.800576 -1.175439 -1.309256 1.814782 -1.171097 -1.29279 1.819826 -1.172827 -1.295885 1.806946 0.9570138 0.05950397 2.28187 0.9477941 0.04572194 2.279075 0.9590001 0.04769235 2.266168 1.081732 -0.05654102 2.383491 1.055132 -0.01991295 2.350649 1.047759 -0.03819793 2.348292 1.095228 -0.05550271 2.369679 1.153997 -0.07144761 2.431534 1.149712 -0.09066379 2.424971 1.222457 -0.1002817 2.49393 1.22717 -0.1147584 2.483488 1.236874 -0.09973597 2.483243 1.238033 -0.1363235 2.549725 1.242312 -0.1487271 2.536737 1.255639 -0.1384156 2.542276 1.218134 -0.192874 2.618057 1.222921 -0.2048538 2.60968 1.236457 -0.1948443 2.618438 0.8481521 0.1074304 2.347293 0.8485711 0.1227865 2.349876 0.8483029 0.1160179 2.331539 0.5780955 0.1360839 2.340919 0.5720225 0.1271293 2.357522 0.5738275 0.1413234 2.355075 0.6032029 0.119195 2.341617 0.4315812 0.1837497 2.375336 0.44042 0.2027533 2.378171 0.4396704 0.1943838 2.390943 1.235426 -0.1133332 2.515207 1.241819 -0.1252894 2.507429 1.238746 -0.1165007 2.4981 1.348211 -0.06637138 2.528731 1.351463 -0.06939309 2.511635 1.345069 -0.05743688 2.519413 -1.125655 0.2614687 3.591633 -1.111985 0.2517708 3.595307 -1.114728 0.2594892 3.580391 -1.0521 0.3634534 3.642239 -1.041352 0.3634052 3.629854 -1.064149 0.3575872 3.622608 -1.003045 0.5244226 3.724767 -1.023404 0.4811656 3.6933 -1.008877 0.484078 3.683001 -1.007923 0.5876291 3.748967 -1.018676 0.5572047 3.746246 -0.999738 0.5882242 3.765503 -0.9865947 0.5911852 3.751926 -0.9339067 0.6733946 3.743072 -0.9436236 0.6767543 3.752896 -0.9308943 0.6790469 3.762508 -0.9170731 0.6849015 3.753394 -0.8846283 0.8160715 3.783312 -0.886845 0.8035773 3.766499 -0.8981868 0.8224737 3.786328 -0.9000289 0.8114633 3.769932 -0.9049538 0.9258569 3.8154 -0.8944765 0.9299952 3.801372 -0.9115606 0.9286352 3.80295 -0.9965087 0.5798075 3.755098 -1.002711 0.586902 3.747779 -1.006754 0.5699931 3.748152 -1.152278 0.6128054 3.928386 -1.16794 0.617232 3.922642 -1.16115 0.6251699 3.917768 -1.166646 0.6126768 3.933244 -1.179077 0.6380724 3.968318 -1.246815 0.6718798 4.084567 -1.261553 0.6707669 4.075863 -1.254262 0.657927 4.084329 0.1107935 -0.9146252 2.684964 0.1131402 -0.9289197 2.658337 0.1327323 -0.8966554 2.664981 0.2442418 -0.9888978 2.740986 0.2810316 -1.049635 2.750741 0.2287471 -0.9772411 2.699554 0.2953299 -1.050743 2.741039 0.3219781 -1.079784 2.797061 0.3454207 -1.06656 2.786454 0.3578402 -1.090173 2.785029 0.4013411 -1.142333 2.861125 0.4948109 -1.274081 2.950119 0.4766886 -1.254896 2.95921 0.4726013 -1.257812 2.943491 0.5051299 -1.266979 2.954077 0.5009902 -1.252973 2.95817 0.5196196 -1.299089 3.019942 0.5936685 -1.441369 3.16584 0.5936516 -1.42964 3.175106 0.609841 -1.428866 3.167419 0.3798331 -0.3721347 2.683329 0.3848845 -0.3884971 2.668883 0.3933333 -0.3662439 2.66422 0.514086 -0.4164346 2.760559 0.5355374 -0.4120483 2.751307 0.5216175 -0.3956459 2.754096 0.6330444 -0.4611636 2.847023 0.6441654 -0.4572075 2.833796 0.6402227 -0.442348 2.847115 -0.6179601 0.9751357 1.350625 -0.5850754 0.9864149 1.330619 -0.6225567 1.001476 1.327947 -0.5708973 1.046287 1.419031 -0.5937156 1.062176 1.405836 -0.5900063 1.04899 1.416692 -0.562945 1.04508 1.38082 -0.5822935 1.073617 1.39842 -0.5739729 1.074174 1.43821 -0.6648714 1.071762 1.495737 -0.6568455 1.050505 1.504891 -0.6434095 1.070745 1.508809 -0.7105842 1.083647 1.587079 -0.696412 1.094846 1.592163 -0.7110919 1.097949 1.582436 -0.5837408 1.0555 1.431186 -0.5727574 1.050009 1.403444 -0.594671 1.069637 1.4104 -0.5175756 1.124529 1.43909 -0.5052245 1.117482 1.426082 -0.5141386 1.128413 1.41313 -0.5280675 1.131138 1.425352 -0.4768902 1.205878 1.451695 -0.4804893 1.210937 1.43636 -0.4916398 1.213218 1.447276 -0.7875756 1.007032 1.349563 -0.7960832 1.031925 1.349537 -0.7877498 1.017109 1.330873 -0.886065 0.9819929 1.335974 -0.8899797 0.9950541 1.332956 -0.8866315 0.9922567 1.319063 -0.8826254 0.9786298 1.32295 0.5738855 -0.4353181 1.840627 0.5602009 -0.3848773 1.800636 0.5617542 -0.4014931 1.763528 0.5718924 -0.4455096 1.766739 0.5781593 -0.4647036 1.801654 0.3859409 -0.4482377 1.841444 0.4167671 -0.4945901 1.809836 0.4137575 -0.4777814 1.840616 0.3267326 -0.5019628 1.790137 0.3450456 -0.4464818 1.817739 0.2494683 -0.5047803 1.810965 0.2507945 -0.5427133 1.869239 0.2472558 -0.5605008 1.845122 0.1177125 -0.5926309 1.907724 0.202974 -0.5178496 1.85442 0.1134418 -0.634944 1.91482 0.1014175 -0.6389316 1.873822 0.10581 -0.6540522 1.897097 0.07961928 -0.6262603 1.878718 0.0799517 -0.6137471 1.899799 0.09080493 -0.6827207 1.944876 0.07251816 -0.6776655 1.956101 0.04999524 -0.6840674 1.946917 0.05088007 -0.7032186 1.934202 0.06930875 -0.7052055 1.920505 0.0961228 -0.7084258 1.94006 0.125451 -0.8215699 2.079941 0.1268708 -0.808139 2.030241 0.1299489 -0.8466569 2.083419 0.1627226 -0.858822 2.119641 0.1494393 -0.8518645 2.12276 0.1627591 -0.8693558 2.109695 0.1721134 -0.9663794 2.222307 0.159537 -0.9578831 2.231685 0.1731253 -0.9512726 2.234785 0.6799685 -0.556647 2.056032 0.6516857 -0.5690166 2.006811 0.7046355 -0.5632111 2.022217 0.691375 -0.6644589 2.071746 0.6748473 -0.7517394 2.089764 0.6555773 -0.7109938 2.058043 0.6939733 -0.7127056 2.036552 0.6703612 -0.7242901 2.039561 0.7109813 -0.7285113 2.065228 0.7179287 -0.8180516 2.114862 0.7522836 -0.9104452 2.136243 0.7187442 -0.9221219 2.141043 0.7303104 -0.9330971 2.129201 0.776984 -1.002045 2.167025 0.7846977 -1.004242 2.200725 0.7781526 -1.023612 2.210647 0.8285604 -1.135977 2.276351 0.8347368 -1.137693 2.270218 0.8442769 -1.125205 2.28054 0.07551932 -0.6710903 1.942646 0.07109022 -0.6449291 1.919779 0.07405382 -0.6582583 1.902566 0.07974863 -0.6899258 1.916246 -0.04665571 -0.6966497 1.901464 -0.05819129 -0.6818687 1.932722 -0.05983304 -0.6821235 1.901964 -0.04834359 -0.7067301 1.917177 -0.08941173 -0.7178919 1.933168 -0.09593844 -0.6926296 1.918974 -0.1879443 -0.7670062 1.939908 -0.1924812 -0.7833149 1.92051 -0.1815133 -0.790862 1.939033 -0.2626976 -0.8415489 1.960589 -0.2577464 -0.8510565 1.948008 -0.251091 -0.8528062 1.963987 0.8800711 -0.3759474 2.517321 0.8968834 -0.3953911 2.518637 0.8963086 -0.3877959 2.502313 0.9868899 -0.3095678 2.553206 0.9844753 -0.3008587 2.539034 0.9759893 -0.2971189 2.552925 0.6215664 0.3337387 2.618569 0.5910556 0.363663 2.620922 0.5549822 0.355598 2.596948 0.5492389 0.3183344 2.571227 0.5860808 0.2905372 2.573487 0.6184784 0.2973657 2.594724 0.4757927 0.1641533 2.816002 0.4733787 0.2103696 2.871294 0.4408486 0.1934742 2.872921 0.4952666 0.1831578 2.887196 0.438031 0.1643924 2.86518 0.4863293 0.1463594 2.890347 0.467109 0.1163159 3.011398 0.4466174 0.1364337 3.003113 0.4228349 0.1268609 2.99522 0.4156427 0.09962457 2.996316 0.4452552 0.0877195 2.973539 0.4692063 0.09726393 2.98192 0.411271 0.104484 3.043732 0.4344184 0.1116555 3.051215 0.3936628 0.1971173 3.122873 0.3908242 0.1981644 3.091893 0.329893 0.2730467 3.21149 0.3416699 0.2113565 3.148406 0.3315131 0.2505628 3.230381 0.3624207 0.2202012 3.187057 0.3596669 0.2706021 3.233102 0.3464813 0.2974213 3.250579 0.3255335 0.2969527 3.276629 0.3591178 0.3688907 3.388395 0.3452467 0.3755967 3.385224 0.3507453 0.3617084 3.39355 0.6887452 0.5569326 2.718282 0.7128248 0.564282 2.685149 0.6926689 0.5577818 2.652893 0.6479678 0.543967 2.672508 0.6137291 0.7273793 2.708929 0.6552126 0.7332683 2.684703 0.6256487 0.6759037 2.657672 0.6539515 0.6860684 2.709258 0.6080047 0.6878554 2.68391 0.6356669 0.7992755 2.674009 0.6367631 0.8187574 2.723489 0.6105223 0.8251522 2.681777 0.6026279 0.9074692 2.724169 0.622681 0.9835694 2.76493 0.6431118 1.002173 2.769644 0.6528258 1.023285 2.758956 0.6458697 1.035115 2.74979 0.6319499 1.051211 2.756401 0.6396093 1.091977 2.793393 0.6852699 1.206576 2.866168 0.6958951 1.202738 2.867087 0.696352 1.210421 2.853488 0.4337376 0.1219684 3.027314 0.4158759 0.1020827 3.000748 0.4323099 0.1027131 2.979305 0.4525594 0.1121299 2.975569 0.4624318 0.1270703 3.000472 0.4925413 0.03738719 3.05235 0.5165253 -0.04426032 3.083796 0.5106446 -0.0405749 3.041898 0.539088 -0.08578503 3.088382 0.5567581 -0.04444479 3.075313 0.5799438 -0.07323795 3.11079 0.5847979 -0.08330535 3.081409 0.6095957 -0.1008858 3.114369 0.6063584 -0.1003431 3.088266 0.6071937 -0.07111179 3.095498 0.716771 -0.07328045 3.112125 0.7049994 -0.05443465 3.109046 0.7108911 -0.0618357 3.086164 0.840322 -0.04180055 3.115815 0.8425614 -0.05869847 3.11061 0.8401182 -0.0574693 3.127672 0.5817063 -0.06756365 3.108763 0.5664631 -0.08715206 3.087231 0.598822 -0.08595615 3.092592 0.569839 -0.1577222 3.191752 0.5538414 -0.1665164 3.182388 0.5733429 -0.1744405 3.170787 0.5600668 -0.1766884 3.175176 0.5818455 -0.1658583 3.178238 0.5894571 -0.2401288 3.273554 0.6058847 -0.2416064 3.267433 0.5964296 -0.2515757 3.261224 -0.8718302 -0.3363529 1.727822 -0.9178894 -0.3302349 1.72918 -0.9434441 -0.3574424 1.705788 -0.9250868 -0.3883615 1.682727 -0.8804931 -0.392621 1.682701 -0.8553404 -0.3644708 1.706867 -0.8904675 -0.4764124 1.794142 -0.9305768 -0.4730509 1.79497 -0.8683366 -0.4533544 1.819086 -0.9373806 -0.4599277 1.909912 -0.9580857 -0.4835047 1.888701 -0.901812 -0.4744613 1.925763 -0.9431354 -0.5343969 1.903165 -0.9059889 -0.5314247 1.89544 -0.8864772 -0.5113536 1.91653 -0.9252395 -0.5254848 1.965829 -0.9474872 -0.5419986 1.944122 -0.8587623 -0.5819076 1.966192 -0.8517721 -0.6680552 1.994471 -0.8917936 -0.6414441 1.963255 -0.8608855 -0.6963781 1.949604 -0.8326595 -0.6262745 1.943858 -0.8256458 -0.723231 1.957216 -0.8094304 -0.7484949 2.019422 -0.8533098 -0.7604135 2.006989 -0.8002083 -0.7609035 1.997016 -0.8458939 -0.8452853 2.01657 -0.8201007 -0.8870831 2.034331 -0.8132386 -0.8588173 2.064961 -0.8348688 -0.8628168 2.073015 -0.8050693 -0.8697838 2.047322 -0.8463072 -0.8782973 2.063816 -0.8253624 -0.9043549 2.062409 -0.7594962 -0.9329054 2.142705 -0.7275702 -0.9090794 2.143374 -0.7515013 -0.9106079 2.154059 -0.681427 -0.979268 2.198092 -0.695058 -0.9631275 2.217108 -0.7035586 -0.9917904 2.21457 -0.6969079 -0.9934329 2.275073 -0.6863965 -1.014859 2.275195 -0.7187321 -1.013682 2.279006 -0.7777286 -1.009573 2.346781 -0.7633844 -1.015735 2.356311 -0.76885 -0.9979701 2.354402 -0.917051 -0.5488725 1.935135 -0.8875501 -0.5130814 1.93722 -0.8969638 -0.4872197 1.919866 -0.9277014 -0.4863829 1.900724 -0.9491099 -0.5160669 1.900982 -1.019725 -0.4795679 2.053945 -1.020335 -0.4627337 2.113778 -0.9818647 -0.4309263 2.052329 -1.07148 -0.4270762 2.118431 -1.020156 -0.4253915 2.058422 -1.046181 -0.4219327 2.189345 -1.115309 -0.3874907 2.24586 -1.096428 -0.3885648 2.263234 -1.143872 -0.4224412 2.305901 -1.158841 -0.4188477 2.387683 -1.156747 -0.4022467 2.409533 -1.194525 -0.4009547 2.404497 -1.200506 -0.3799055 2.479392 -1.190315 -0.3781055 2.504683 -1.19597 -0.405647 2.518384 -1.193083 -0.3902146 2.532943 -1.216068 -0.3987408 2.511031 -1.234008 -0.4308958 2.569499 -1.244455 -0.4075417 2.571294 -1.242238 -0.4178879 2.549389 -1.304158 -0.4983574 2.595319 -1.316152 -0.4855992 2.595837 -1.313358 -0.4968083 2.581045 -1.492943 -0.1002648 1.918717 -1.485453 -0.07011008 1.892325 -1.521726 -0.08751744 1.898862 -1.526448 -0.01607471 1.998576 -1.503826 0.004198431 1.989353 -1.53277 0.005945742 1.976891 -1.509335 -0.0108065 1.999285 -1.516389 0.01287901 1.979589 -1.537464 -0.01108354 1.984277 -1.579228 0.03791803 2.077413 -1.55946 0.04101723 2.083824 -1.557268 0.0578736 2.070325 -1.590998 0.07188469 2.08586 -1.591223 0.09604734 2.109879 -1.57454 0.1061704 2.106312 -1.579072 0.1047435 2.089347 -1.587161 0.1851786 2.114847 -1.592062 0.1874555 2.099234 -1.603811 0.182937 2.112082 -0.8141975 -0.8795803 2.075181 -0.8293696 -0.8624423 2.075201 -0.8348441 -0.8560271 2.041656 -0.8137531 -0.8799293 2.035475 -0.80717 -0.887405 2.056217 -1.023862 -1.02769 2.056356 -1.003673 -1.01802 2.044191 -0.9857204 -1.033661 2.057996 -1.008794 -1.03375 2.075777 -1.025053 -1.065638 2.052359 -1.016409 -1.087741 2.075733 -1.025888 -1.098617 2.099322 -1.041402 -1.099366 2.079556 -1.010893 -1.175409 2.138637 -1.025555 -1.18074 2.129247 -1.007556 -1.182632 2.12451 -0.6852067 -0.9852649 2.248985 -0.7012374 -1.00839 2.25083 -0.6921304 -0.9999341 2.231084 -0.5897573 -1.073285 2.272209 -0.5822272 -1.066454 2.255256 -0.5904675 -1.077694 2.258592 -0.581952 -1.062449 2.269526 -1.220464 -0.4103735 2.548139 -1.205407 -0.4036435 2.533479 -1.221937 -0.3901337 2.533218 -1.170756 -0.341856 2.627919 -1.159253 -0.3426128 2.621345 -1.166855 -0.3299203 2.616058 -1.568417 0.07384103 2.091474 -1.587138 0.06138283 2.079297 -1.570649 0.05328267 2.079498 -1.612308 0.004381299 2.184397 -1.596537 0.00312829 2.188245 -1.601292 0.01458781 2.193187 -1.021221 -1.068189 2.078286 -1.020693 -1.048198 2.077934 -1.018471 -1.060392 2.053551 -1.149115 -1.046367 2.049278 -1.150918 -1.054904 2.064579 -1.149623 -1.064278 2.049934 -1.130423 0.1994503 3.458113 -1.122346 0.187969 3.447868 -1.115842 0.2057445 3.450381 -1.007205 0.1416165 3.623106 -0.9919945 0.1300641 3.622871 -1.005279 0.1258285 3.639957 -0.9471285 0.08747678 3.717957 -0.9739317 0.09878253 3.689748 -0.8927749 0.04344195 3.897207 -0.8808243 0.04942035 3.876238 -0.8778629 0.02142179 3.92106 -0.8378403 0.01112174 4.026081 -0.8534629 0.02891933 4.003061 -0.8572317 0.003751635 4.038664 -0.8549324 0.00953567 3.995275 -0.8516704 -0.02605205 4.041687 -0.8525589 -0.03035044 4.065309 -0.8690409 -0.1282936 4.076908 -0.8810554 -0.127631 4.089225 -0.901035 -0.1474316 4.087686 -0.8842752 -0.1372432 4.070706 -0.9655837 -0.2429237 4.161038 -0.9569239 -0.250054 4.144486 -1.038321 -0.3114461 4.197642 -1.024877 -0.3192895 4.203893 -1.031934 -0.3051643 4.213142 -1.466565 0.5411412 3.683987 -1.468378 0.5461781 3.668883 -1.466112 0.5292744 3.671346 -1.619474 0.5192834 3.696523 -1.626363 0.5281028 3.682664 -1.615549 0.5117391 3.680921 -1.803463 0.518588 3.737233 -1.796747 0.5016501 3.723839 -1.825405 0.5082775 3.747829 -1.837591 0.5218089 3.739073 -1.848227 0.5426495 3.778073 -1.861226 0.5360448 3.767139 -1.872142 0.6073123 3.825446 -1.877609 0.6140509 3.813634 -1.888088 0.6013805 3.821151 -0.860435 5.94297e-4 4.034664 -0.846345 -0.01003146 4.037546 -0.8468023 0.003264844 4.025875 -0.8104228 0.06946921 4.1278 -0.798974 0.06915414 4.118299 -0.8034011 0.08325397 4.114668 -0.815873 0.08004271 4.120412 -0.8127972 0.1442806 4.206237 -0.7989969 0.1523862 4.197896 -0.8153564 0.1585559 4.196434 -0.7854138 0.1626864 4.25744 -0.7731931 0.1710253 4.248049 -0.7872446 0.1800931 4.254412 -0.7177883 0.1625135 4.316298 -0.7198011 0.1787268 4.316353 -0.731306 0.1696668 4.326077 -1.45038 0.7039729 3.888018 -1.434307 0.6959599 3.892034 -1.439064 0.7021664 3.875688 -1.391462 0.7779142 3.901113 -1.387473 0.8235442 3.907011 -1.38022 0.8173287 3.924518 -1.409287 0.7819448 3.910935 -1.392756 0.8474134 3.928855 -1.373694 0.8490471 3.920725 -1.38335 0.9484258 3.963595 -1.388329 0.9535311 3.946945 -1.40074 0.9499727 3.957717 -1.829282 0.5201517 3.756479 -1.833286 0.5275629 3.742607 -1.823647 0.514742 3.742689 -1.922207 0.4407452 3.741115 -1.931904 0.4543756 3.736168 -1.923308 0.4441128 3.728482 -0.8052998 0.1526393 4.224443 -0.7957348 0.1676027 4.224176 -0.803204 0.1618223 4.209628 -0.9199581 0.2267076 4.253885 -0.9105723 0.2411122 4.25432 -0.9179968 0.2357273 4.238955 0.8559103 0.6012547 3.914698 0.842851 0.6053135 3.911993 0.8500499 0.5960014 3.900327 0.7973363 0.4978225 3.959856 0.8075138 0.477296 3.967684 0.8077663 0.5039458 3.970616 0.7725047 0.3713253 4.059626 0.7759175 0.3848791 4.032301 0.7881933 0.3622487 4.062454 0.7976712 0.274787 4.144287 0.7845538 0.2767572 4.14264 0.7801988 0.3085034 4.092849 0.8092412 0.2526034 4.156942 0.8175932 0.2145264 4.192224 0.8819084 0.1700838 4.317217 0.8399963 0.1896455 4.250741 0.8562304 0.1995962 4.247514 0.8900105 0.1616211 4.308469 0.8951503 0.1771661 4.311903 0.921682 0.7730319 4.069644 0.9320917 0.7854989 4.070555 0.9193801 0.7878848 4.062057 0.8443725 0.8357862 4.221674 0.8374997 0.8540163 4.222542 0.8274454 0.8405045 4.218913 0.8309076 0.8728986 4.264807 0.8271934 0.895507 4.257158 0.8454 0.899057 4.26221 0.8826354 0.9750131 4.284441 0.8842173 0.9653414 4.270924 0.8438141 0.9459373 4.274851 0.8915184 0.9856306 4.268425 0.9757624 0.989782 4.269062 0.9727309 0.9956285 4.256378 0.9700121 1.005833 4.270611 1.158981 0.8823416 4.115151 1.149174 0.8672319 4.118582 1.160596 0.8692665 4.104632 1.239024 0.8303498 4.187716 1.239165 0.8185362 4.178554 1.248277 0.8260249 4.169587 1.245881 0.8379618 4.177128 1.328658 0.8272454 4.258056 1.33643 0.8137894 4.246718 1.337902 0.8320665 4.24684 0.8411477 0.8633878 4.248715 0.8289313 0.8710007 4.246831 0.8278939 0.8563719 4.238949 0.7991361 0.8161066 4.335484 0.7825529 0.8207798 4.330977 0.755115 0.7823488 4.428921 0.7552144 0.7682493 4.422243 0.7674568 0.7747588 4.429606 0.8693207 0.9552856 4.279493 0.8770979 0.9672318 4.269423 0.865203 0.9627922 4.266689 0.8206733 1.036333 4.339026 0.83486 1.044379 4.338678 0.8241059 1.046958 4.327563 1.025563 0.9870792 1.809093 1.015041 0.994823 1.798866 1.009266 0.9822699 1.80105 0.9762423 1.011484 1.878318 0.9761312 1.028464 1.870369 0.9657202 1.019228 1.868091 0.1178837 -1.040078 1.53476 0.120091 -1.023452 1.532765 0.1061869 -1.031126 1.523936 0.01393949 -0.9991292 1.679635 0.00993824 -1.009127 1.681392 0.02915292 -0.9979992 1.635919 0.02720034 -1.015543 1.633685 -0.09790998 -0.996068 1.858426 -0.07146942 -1.003051 1.789516 -0.1115942 -1.017657 1.892214 -0.09581494 -1.013629 1.884965 -0.09841966 -1.000722 1.893105 -0.1182639 -1.036697 1.932134 -0.1344388 -1.028174 1.932277 -0.1314139 -1.039662 1.9187 -0.1520784 -1.120747 1.958116 -0.1574688 -1.103048 1.937833 -0.1483227 -1.131267 1.944489 -0.1893764 -1.186632 1.989161 -0.1869841 -1.195662 1.97427 -0.1753516 -1.200918 1.989885 -0.1870988 -1.247089 2.004064 -0.186107 -1.240972 1.986953 -0.1632795 -1.254394 1.999093 -0.1292934 -1.321341 2.002899 -0.139999 -1.326929 1.989483 -0.1235575 -1.318476 1.987402 -0.1256311 -1.023467 1.915966 -0.1087184 -1.025192 1.915794 -0.1163976 -1.013429 1.906104 -0.1074794 -0.8976731 2.070889 -0.09877407 -0.912847 2.02889 -0.1150988 -0.8848361 2.063022 -0.1037214 -0.8287919 2.141286 -0.09915781 -0.8425332 2.150297 -0.1134965 -0.8421146 2.150166 -0.1776651 -1.229962 1.99563 -0.1823785 -1.212445 1.995836 -0.1899337 -1.223955 1.984349 -0.2520875 -1.241368 2.070248 -0.2642334 -1.235244 2.059133 -0.2596069 -1.252921 2.058786 -0.7180938 -1.045541 2.343505 -0.7004891 -1.045416 2.343722 -0.7094108 -1.036648 2.331624 -0.7154253 -0.9638972 2.408047 -0.7010042 -0.9586964 2.401305 -0.7191949 -0.9557948 2.396966 0.290692 1.277734 1.165399 0.2985452 1.281391 1.157555 0.291283 1.276207 1.146937 0.240825 1.344741 1.154302 0.2209118 1.389004 1.14073 0.2323727 1.415428 1.143768 0.2246643 1.42807 1.157209 0.2045243 1.511789 1.147635 0.2129022 1.511285 1.165665 0.197948 1.508658 1.164863 0.347033 1.299568 1.210001 0.3666033 1.309063 1.209126 0.3544445 1.315155 1.201493 0.3287103 1.407903 1.348457 0.311653 1.407709 1.345176 0.3261557 1.398567 1.354261 0.7246794 -0.7342339 1.567884 0.7176914 -0.7464224 1.55876 0.7376228 -0.7430046 1.558393 0.7492166 -0.851704 1.678072 0.760369 -0.8521149 1.704893 0.7767861 -0.9784042 1.884693 0.7855899 -0.9902535 1.874024 0.7692717 -0.9963148 1.879511 0.8035262 -0.9967152 1.943725 0.7889595 -1.003613 1.956628 0.8015431 -1.012221 1.951009 0.8007233 -0.9864524 1.962309 0.8598637 -0.9328277 2.033196 0.8404195 -0.9393295 2.034928 0.8655584 -0.9419998 2.05198 0.9183521 -0.9111407 2.165102 0.9680756 -0.8722892 2.253758 0.9258239 -0.8933446 2.160265 0.993571 -0.8735455 2.255057 0.9961073 -0.8788412 2.335488 0.9880597 -0.8832239 2.281204 1.006528 -0.8921186 2.331018 0.9836162 -0.9016358 2.337817 0.9384583 -0.9512892 2.421275 0.9330124 -0.9696278 2.416513 0.9497552 -0.9685932 2.423201 0.9218002 -1.047242 2.543331 0.9400369 -1.047022 2.545337 0.9356082 -1.058669 2.536439 0.7975838 -1.005435 1.927844 0.7812514 -0.9981884 1.931885 0.786211 -1.004134 1.915466 0.7389148 -1.097923 1.943692 0.7159216 -1.174667 1.974966 0.7375849 -1.154531 1.96674 0.7225233 -1.185809 1.960162 0.6986219 -1.377946 2.04754 0.6871616 -1.384982 2.040193 0.7075678 -1.38333 2.037915 0.6971595 -1.390766 2.031172 0.7260917 -1.434499 2.082508 0.7081177 -1.435527 2.086014 0.7112128 -1.438801 2.065008 0.7255777 -1.45666 2.098362 0.8116919 -1.47099 2.181622 0.8137091 -1.476449 2.159626 0.8219346 -1.461566 2.167704 0.8919159 -1.525421 2.289644 0.8840414 -1.540082 2.286951 0.8996991 -1.536894 2.277943 1.183742 -0.4734758 1.693481 1.199661 -0.4752928 1.68943 1.184888 -0.464432 1.683942 1.226157 -0.3771126 1.768727 1.220229 -0.3929613 1.779405 1.259269 -0.31468 1.851755 1.246369 -0.3288084 1.85785 1.25247 -0.3051798 1.874505 1.30006 -0.3035778 1.896151 1.3041 -0.2851096 1.890509 1.314582 -0.2904268 1.907357 1.317536 -0.2968292 1.889258 1.40534 -0.3136197 1.902418 1.410126 -0.3025195 1.895372 1.42257 -0.3014392 1.917176 1.547275 -0.3029042 1.937645 1.544175 -0.3166722 1.947004 1.548195 -0.3173724 1.930301 1.442304 -0.6099671 1.705374 1.425165 -0.6150717 1.709496 1.431298 -0.6117689 1.692747 1.471249 -0.7649928 1.697787 1.461194 -0.7685888 1.687298 1.471069 -0.7639448 1.677239 1.480337 -0.7607195 1.68768 1.547403 -0.9029735 1.692782 1.553342 -0.8992037 1.67607 1.562823 -0.8937887 1.688877 0.9894345 -0.8764829 2.310529 1.002162 -0.8891603 2.306638 0.9981705 -0.8779602 2.294712 1.101909 -0.785361 2.343848 1.093264 -0.7785595 2.353914 1.096047 -0.7902838 2.3629 1.104267 -0.7963238 2.352878 1.231699 -0.7563579 2.410908 1.23149 -0.7429574 2.400737 1.223661 -0.7409524 2.416956 0.7162152 -1.431228 2.070569 0.7016889 -1.420761 2.074703 0.7074268 -1.424451 2.057906 0.6171999 -1.543755 2.074015 0.6074239 -1.539028 2.063614 0.617005 -1.544218 2.053475 0.6259853 -1.548583 2.063846 0.5688166 -1.685125 2.081126 0.5748791 -1.688176 2.064323 0.5858128 -1.690707 2.076851 1.277389 -0.3103002 1.886239 1.28693 -0.2961279 1.884007 1.272607 -0.2966108 1.877215 1.211877 -0.2372722 1.998278 1.210253 -0.2497942 2.004086 1.222057 -0.2475391 2.011723 1.224457 -0.2368912 2.002887 1.192311 -0.1648393 2.126705 1.177185 -0.1730749 2.127358 1.193515 -0.1772038 2.133951 -0.4311428 0.8780903 1.153513 -0.4272436 0.8823963 1.142315 -0.4427235 0.8717231 1.139639 -0.5467993 1.023654 1.176175 -0.5750586 1.058533 1.173309 -0.5658912 1.070703 1.18921 -0.5403183 1.036391 1.162277 -0.6513342 1.212738 1.240096 -0.6674674 1.216912 1.258258 -0.6816238 1.239516 1.247428 -0.6934135 1.241813 1.26332 -0.7774342 1.387037 1.384252 -0.7656863 1.396548 1.381773 -0.776556 1.399495 1.369586 -0.1577334 1.167906 1.066588 -0.1483085 1.158712 1.053626 -0.155284 1.175561 1.051697 -0.0773133 1.201186 1.084466 -0.08646577 1.185612 1.086655 -0.07517129 1.182022 1.072458 -0.06148093 1.203724 1.078133 -0.05384474 1.209336 1.107734 -0.04411363 1.234239 1.116035 -0.05957245 1.241202 1.109287 -0.08877217 1.287123 1.165899 -0.07100915 1.292262 1.16487 -0.08619767 1.29712 1.154256 -0.05961108 1.20383 1.103607 -0.05969083 1.199951 1.089528 -0.0610392 1.218764 1.09495 0.05497902 1.222987 1.100421 0.05593222 1.208015 1.091764 0.05429005 1.226706 1.086193 -0.6255291 1.353909 1.894762 -0.6089935 1.352757 1.891578 -0.6199382 1.356225 1.877502 -0.5945894 1.498571 1.916397 -0.602782 1.502248 1.90079 -0.6126634 1.491585 1.914755 -0.6229729 1.692614 1.977295 -0.6058527 1.700597 1.981965 -0.6155601 1.715522 1.971302 -0.6302789 1.831688 2.044689 -0.6413066 1.836242 2.030992 -0.646624 1.827797 2.04632 0.6274074 0.6647238 2.905607 0.6122624 0.6550408 2.908968 0.624814 0.6524753 2.89501 0.6988103 0.5739642 2.995992 0.6751073 0.577715 2.977666 0.6937252 0.5644899 2.97752 0.6963095 0.5833171 2.978687 0.7578476 0.5335482 3.038263 0.8015356 0.4928298 3.105174 0.8088082 0.5056664 3.124315 0.8454877 0.500261 3.13738 0.9207634 0.4815706 3.266378 0.9362373 0.4795253 3.25728 0.9406234 0.4974037 3.279109 0.9945189 0.4956677 3.37975 1.009653 0.4966819 3.369754 0.9993033 0.5109905 3.374516 0.4457645 0.9625543 3.155002 0.4439274 0.9445154 3.15752 0.4567429 0.9523206 3.147296 0.509696 0.956341 3.249923 0.5177712 0.9464471 3.242046 0.5247142 0.9576615 3.235402 0.5148913 0.96657 3.240588 0.5626465 0.9858307 3.338735 0.5786017 0.9780284 3.331284 0.5717194 0.9949749 3.330505 -0.4872803 -0.7652735 2.566583 -0.4861047 -0.7523088 2.565116 -0.49332 -0.7623964 2.550647 -0.5890052 -0.7410198 2.591467 -0.6345615 -0.750844 2.619971 -0.6612067 -0.7284072 2.634039 -0.7103402 -0.7396648 2.676851 -0.7022087 -0.7391176 2.648227 -0.7499653 -0.757018 2.702364 -0.7688749 -0.7423892 2.720744 -0.7841426 -0.7509287 2.708193 -0.7973511 -0.7438019 2.724901 -0.7858077 -0.7331671 2.711146 -0.8813958 -0.6629326 2.726447 -0.8891603 -0.6769539 2.719711 -0.8828312 -0.6734308 2.727335 -0.8841879 -0.6573125 2.717865 -0.8892306 -0.6681522 2.708374 -1.054796 -0.620647 2.743732 -1.050949 -0.6265236 2.757202 -1.079179 -0.6117768 2.771087 -1.044447 -0.6097137 2.743597 -1.085304 -0.634146 2.782626 -1.101085 -0.6226549 2.774599 -1.098115 -0.6472849 2.77747 -1.174193 -0.7629689 2.903403 -1.136503 -0.6864379 2.827877 -1.132392 -0.7080578 2.831699 -1.187738 -0.7497851 2.904998 -1.190327 -0.7608857 2.892524 -0.7739754 -0.7369734 2.717913 -0.7883748 -0.741383 2.7114 -0.7826232 -0.7485773 2.705941 -0.7936158 -0.8541056 2.845377 -0.7974073 -0.8566574 2.828728 -0.8052476 -0.8466391 2.844408 -0.807026 -0.857088 2.831667 -0.8252391 -0.8911723 2.897148 -0.8470049 -0.968861 3.037151 -0.8531265 -0.9516373 3.017548 -0.8476033 -0.9594253 2.993643 -0.8758393 -1.007481 3.101916 -0.8873829 -0.9959821 3.103312 -0.8707014 -0.9957134 3.108644 -0.2282402 -0.909435 2.990115 -0.2111666 -0.909628 2.982267 -0.2210446 -0.8981692 2.978782 -0.1526527 -0.8135952 3.129237 -0.1588893 -0.7984079 3.1321 -0.1435642 -0.8070466 3.118782 -0.1503782 -0.7933223 3.122 -0.1347461 -0.8084266 3.173581 -0.1223444 -0.8006591 3.173207 -0.1309204 -0.7905874 3.183093 -0.1402779 -0.8068093 3.191321 -0.1270816 -0.8707976 3.238878 -0.1176806 -0.857192 3.247648 -0.1355871 -0.8598303 3.248291 -1.082755 -0.629864 2.767087 -1.070283 -0.6170068 2.771197 -1.074652 -0.6222813 2.754411 -1.154468 -0.5405811 2.770099 -1.148592 -0.5314143 2.759666 -1.154884 -0.5403323 2.749529 -1.160286 -0.5487416 2.759942 -1.257666 -0.4925413 2.776019 -1.261427 -0.498218 2.759223 -1.264837 -0.5089296 2.771747 -0.1467701 -0.7949241 3.162264 -0.1302546 -0.8015102 3.161996 -0.1372019 -0.7948868 3.146771 -0.0971021 -0.6965392 3.192937 -0.09126341 -0.6942342 3.174398 -0.1059111 -0.6904521 3.182832 -0.5942854 -0.8873651 2.727002 -0.6136791 -0.8875733 2.688699 -0.5762293 -0.9165235 2.693922 -0.6642401 -1.017541 2.763546 -0.6662768 -0.9635505 2.728039 -0.643404 -0.9934282 2.708465 -0.679794 -0.9961555 2.761469 -0.6960597 -1.014188 2.727557 -0.6312805 -0.9980365 2.729082 -0.7130933 -0.9969916 2.757748 -0.7103817 -1.037718 2.751937 -0.697919 -1.038514 2.771017 -0.851523 -1.00016 2.911842 -0.8117293 -0.9802798 2.864125 -0.8269838 -0.9792027 2.851045 -0.8379635 -0.9959709 2.844052 -0.8268747 -1.015396 2.845706 -0.8121109 -1.017495 2.860024 -1.004581 -1.009692 3.041804 -1.001267 -1.020922 3.022837 -1.015722 -1.04084 3.052095 -1.000621 -1.041952 3.060276 -0.9939629 -1.011774 3.056931 -1.053842 -1.026442 3.157274 -1.084919 -1.032557 3.152024 -1.083361 -1.023557 3.171834 -1.064996 -1.048231 3.147353 -1.102379 -1.074833 3.211203 -1.09871 -1.078028 3.186276 -1.129074 -1.085536 3.198265 -1.151415 -1.185639 3.223011 -1.167988 -1.18167 3.208173 -1.150586 -1.193723 3.202669 -1.239398 -1.293105 3.270788 -1.241127 -1.299262 3.254169 -1.228673 -1.305028 3.260661 -0.6911539 -1.009546 2.76861 -0.7041478 -1.00899 2.741938 -0.661535 -1.005826 2.741797 -0.658497 -1.244127 2.754825 -0.6634451 -1.128035 2.72355 -0.6783239 -1.247814 2.722081 -0.6508522 -1.176241 2.739799 -0.6815389 -1.295288 2.761056 -0.6911626 -1.298558 2.74556 -0.6639866 -1.306291 2.730094 -0.6650405 -1.400608 2.761112 -0.7126956 -1.505903 2.803332 -0.7213414 -1.516536 2.792665 -0.7131834 -1.513111 2.778227 -0.6984816 -1.518456 2.779523 -0.6961218 -1.521191 2.803626 -0.7030363 -1.578282 2.819263 -0.7116034 -1.594318 2.798659 -0.6891489 -1.583747 2.797079 -0.6386452 -1.690077 2.802907 -0.6167654 -1.687754 2.800246 -0.6314259 -1.684432 2.782928 -0.598973 -1.821934 2.80361 -0.5892848 -1.819273 2.790582 -0.5821716 -1.816462 2.806418 -1.087083 -1.063798 3.189526 -1.079559 -1.042706 3.175407 -1.104717 -1.050691 3.178896 -1.096935 -0.9711685 3.315533 -1.085334 -0.9583003 3.309606 -1.099702 -0.9497834 3.302438 -1.109752 -0.9638248 3.306162 -1.142882 -0.8962705 3.442997 -1.151149 -0.883728 3.433059 -1.160177 -0.8974091 3.436927 -0.6997661 -1.559583 2.814066 -0.7151809 -1.556423 2.795631 -0.7027913 -1.576915 2.800151 -0.8081092 -1.60737 2.893065 -0.8156465 -1.59768 2.880738 -0.8223364 -1.61388 2.876033 -0.8040946 -1.617331 2.878947 -0.8871523 -1.675224 2.969973 -0.8989555 -1.662766 2.967207 -0.8991231 -1.673977 2.958952 -0.6490037 0.007805824 1.763272 -0.6360405 -0.001541733 1.755294 -0.6383022 0.01601487 1.753722 -0.5261616 0.02735447 1.918849 -0.5156566 0.03883516 1.910369 -0.5392374 0.04198646 1.90561 -0.4799686 0.06363511 2.03225 -0.4637078 0.05727219 2.021782 -0.454115 0.05776321 2.06595 -0.4574284 0.07428288 2.049201 -0.4296528 0.05394655 2.06154 -0.4273669 0.06926852 2.076717 -0.3300595 0.03378862 2.099357 -0.3453884 0.03562772 2.07734 -0.3237988 0.0467773 2.088012 -0.2267638 -1.19951e-4 2.128262 -0.1510443 -0.02509409 2.182699 -0.1557888 -0.006824374 2.180727 -0.147971 -0.01045173 2.168602 -0.1118085 -0.05587106 2.194045 -0.1294168 -0.07308733 2.204298 -0.1246777 -0.07396185 2.187414 -0.1151491 -0.05831885 2.205496 -0.1444275 -0.1575855 2.200657 -0.1442043 -0.1577679 2.184214 -0.1283092 -0.1584866 2.193245 -0.8966928 0.2322854 1.831625 -0.9013118 0.2443203 1.831824 -0.9079068 0.2333163 1.819112 -1.038869 0.1970295 1.943441 -1.053435 0.1872237 1.94797 -1.070774 0.1707193 1.98949 -1.108134 0.1660114 2.011515 -1.104178 0.1795773 2.029254 -1.22986 0.1701422 2.171999 -1.215984 0.1694228 2.182166 -1.222196 0.1540403 2.17681 -0.4518087 0.05376219 2.057244 -0.4370998 0.06279087 2.062059 -0.4536138 0.06789356 2.049208 -0.5597264 0.1392272 2.230148 -0.5689334 0.1557708 2.224215 -0.5477551 0.1531333 2.222391 -0.5813641 0.1391587 2.286265 -0.5766911 0.1574252 2.276413 -0.5935515 0.1437933 2.279859 -0.5880586 0.1465729 2.306317 -0.5927609 0.07240396 2.371087 -0.5827446 0.06330507 2.367552 -0.573803 0.06990522 2.376809 -0.5841592 0.0790416 2.380286 -0.6109398 -0.002011537 2.479969 -0.6280854 0.002567529 2.477521 -0.6210647 0.01260352 2.486098 -0.92685 0.3533043 1.832101 -0.9253502 0.3669215 1.823262 -0.9323577 0.3510652 1.81849 -1.101595 0.4187225 1.896437 -1.092598 0.4156579 1.874696 -1.126857 0.416387 1.90922 -1.11652 0.4088824 1.890297 -1.225807 0.4671335 1.957824 -1.231128 0.4539596 1.957586 -1.219875 0.4610506 1.97118 -0.5885561 0.1470307 2.269144 -0.5720813 0.1528866 2.273075 -0.5797023 0.1539542 2.257084 -0.6244263 0.2633969 2.306124 -0.6153333 0.2684422 2.295796 -0.6256214 0.265972 2.285925 -0.6328665 0.2586747 2.295384 -0.6973294 0.3515539 2.345248 -0.6921735 0.3618117 2.33035 -0.7057121 0.3503502 2.332912 -0.1372295 -0.03079271 2.194017 -0.1322999 -0.04735636 2.193832 -0.124701 -0.03617548 2.183727 -0.057096 -0.00811398 2.279385 -0.05279904 -0.02428483 2.279687 -0.04454529 -0.01327782 2.269016 -0.5754516 -1.134573 1.226544 -0.5841003 -1.122482 1.218137 -0.5811998 -1.134001 1.209556 -0.6757382 -1.172244 1.255565 -0.6672657 -1.1692 1.23708 -0.6752742 -1.185825 1.258816 -0.6613742 -1.180838 1.240564 -0.7684092 -1.245061 1.300735 -0.8178735 -1.300396 1.357906 -0.7579279 -1.257909 1.299138 -0.8078144 -1.30771 1.359979 -0.808211 -1.31581 1.35015 -0.5009792 -1.271795 1.187075 -0.5095355 -1.287118 1.190977 -0.5089617 -1.279573 1.174943 -0.4348219 -1.327916 1.175941 -0.4398812 -1.337039 1.165517 -0.4378803 -1.325943 1.156172 -0.4330996 -1.317661 1.166552 -0.3503875 -1.340131 1.160943 -0.3517147 -1.331962 1.145271 -0.3491351 -1.322368 1.158401 1.120152 -0.3140214 2.071076 1.124558 -0.3300256 2.074186 1.265227 -0.275129 2.118154 1.127845 -0.3280715 2.060722 1.253592 -0.2693063 2.099363 1.345352 -0.2575798 2.124698 1.385948 -0.2582418 2.154978 1.387747 -0.2389014 2.152086 1.406012 -0.2473542 2.179055 1.57083 -0.2313682 2.276009 1.590621 -0.2435547 2.283015 1.604246 -0.2378439 2.275422 1.58645 -0.2246946 2.271033 1.714082 -0.2343394 2.371279 1.708939 -0.2505756 2.376263 1.703964 -0.2339505 2.383166 1.187207 0.6679275 2.546697 1.204309 0.6737375 2.54374 1.1919 0.6806804 2.53465 1.176495 0.7729523 2.625857 1.168336 0.7559357 2.625169 1.179293 0.7553475 2.637401 1.188114 0.7612105 2.627221 1.194483 0.8257598 2.703609 1.201506 0.8391988 2.69395 1.183326 0.8332512 2.697847 1.180512 0.8563934 2.719862 1.172326 0.8485205 2.756176 1.178924 0.8655662 2.74961 1.11911 0.8521443 2.81791 1.125969 0.8691934 2.819546 1.110669 0.8625293 2.810305 1.183031 0.8515649 2.721051 1.190856 0.8367031 2.720966 1.189141 0.8449231 2.706653 1.280884 0.8934077 2.743153 1.286804 0.8872817 2.728304 1.279094 0.9018111 2.728724 -0.4608877 0.6722747 1.50895 -0.4532059 0.6577047 1.505851 -0.4548432 0.6692629 1.492109 -0.3407841 0.7169901 1.54302 -0.3489415 0.7292132 1.533443 -0.3713789 0.711905 1.534485 -0.3659515 0.6985559 1.520002 -0.3359284 0.7317529 1.528744 -0.2346817 0.8204327 1.61495 -0.2751708 0.7639371 1.5663 -0.2196554 0.834082 1.603517 -0.2290307 0.8410319 1.612762 -0.2087744 0.8386037 1.621366 -0.2280134 0.8566756 1.641864 -0.2202801 0.8625891 1.657693 -0.2222607 0.8697801 1.635496 -0.2175396 0.872999 1.65064 -0.2731305 0.9022756 1.702068 -0.2881186 0.9124213 1.748717 -0.2782995 0.9236842 1.760591 -0.2809863 0.9347967 1.752062 -0.310627 0.9564393 1.836912 -0.2977565 0.9639153 1.836765 -0.3136895 0.9719007 1.828386 -0.617672 0.6972813 1.772348 -0.6022174 0.7064165 1.764457 -0.6134998 0.7038409 1.758213 -0.6579827 0.8192811 1.817564 -0.6429234 0.7998479 1.794113 -0.6624439 0.8001877 1.809209 -0.7186967 0.9034028 1.853324 -0.7107448 0.8941318 1.873426 -0.7229115 0.8951146 1.861424 -0.2221642 0.8603335 1.632553 -0.216011 0.8436779 1.636626 -0.2178416 0.8502074 1.619951 -0.1293244 0.8827133 1.643127 -0.1219248 0.8742855 1.633117 -0.1288422 0.8828457 1.622734 -0.135692 0.8905383 1.632839 -0.04322266 0.956781 1.657065 -0.05450564 0.9550896 1.638334 -0.06158626 0.9615453 1.65409 -0.01717358 1.01653 1.678827 -0.006225764 1.013768 1.663409 -0.02136439 1.023457 1.666012 1.034164 -0.4724233 3.002272 1.018988 -0.4823949 3.002539 1.029012 -0.4811261 2.987702 1.091117 -0.5837578 3.043686 1.093881 -0.5879228 3.027151 1.105073 -0.5791611 3.030834 -0.3601185 -1.158576 3.332245 -0.3483653 -1.170246 3.329326 -0.3484902 -1.157617 3.320334 -0.3041096 -1.124443 3.36547 -0.3143497 -1.119948 3.373161 -0.3131502 -1.1311 3.380979 -0.3046782 -1.135945 3.371731 -0.2550235 -1.122709 3.419046 -0.2598624 -1.106611 3.419328 -0.2651837 -1.120766 3.428545</float_array>
          <technique_common>
            <accessor source="#tree-mesh-positions-array" count="3793" stride="3">
              <param name="X" type="float"/>
              <param name="Y" type="float"/>
              <param name="Z" type="float"/>
            </accessor>
          </technique_common>
        </source>
        <source id="tree-mesh-normals">
          <float_array id="tree-mesh-normals-array" count="11379">0.4818961 -0.8735168 -0.06888151 -0.456876 -0.8892754 0.02130252 -0.5195527 -0.8540086 0.02710068 -0.4720175 0.8813782 -0.01928842 0.463801 0.8856992 0.02063101 -0.5090305 0.8538368 0.1088621 -0.9995325 -0.02624642 -0.01568681 -0.9931989 0.0170294 0.1151773 0.9974769 -0.02288907 0.06720238 0.5164063 -0.8540953 0.06201392 0.542262 0.8397918 0.0264905 -0.2902972 0.7832714 -0.5497396 0.4150281 0.9056823 0.0865519 0.5114393 0.8564578 0.07007187 -0.8110926 -0.0855773 -0.5786237 -0.3400439 0.767525 -0.5433927 -0.2669212 0.7819332 0.5633239 0.6848438 0.1589118 0.7111511 0.619867 0.2148217 0.7547295 0.07852548 -0.5883462 0.8047873 -0.8943031 -0.1007742 -0.4359663 -0.7678933 0.44851 0.4573606 -0.6459932 0.6951591 0.3153516 -0.5370529 0.6327927 0.5578062 -0.8402926 0.09946292 -0.532931 0.6880542 0.2515388 0.6806686 -0.1247914 -0.2710376 0.9544453 -0.03140431 0.5054904 -0.8622605 0.7634413 0.5868869 -0.2696689 -0.01690739 -0.277172 0.9606716 -0.7625175 0.09582966 -0.6398311 0.6816809 0.711773 -0.1693825 0.614288 0.3577141 0.7033427 -0.07205563 0.6831099 -0.7267522 -0.727545 0.4389258 0.5272786 -0.8389894 0.2853601 0.4633211 0.4729344 0.318779 0.8214092 -0.3232874 0.6659849 -0.6722718 -0.7801989 -0.2062503 -0.5905511 -0.6397782 -0.7479695 0.1767073 0.01315367 -0.5151916 0.8569742 0.3812735 0.9241145 0.02536123 0.3421766 0.9391548 0.030061 -0.3627841 0.7744297 -0.518311 0.6122468 0.6000086 -0.514921 0.6044683 0.5259417 -0.5983339 -0.9589546 0.2691519 0.08923912 -0.9812124 0.1924215 0.01400816 0.3923178 -0.6285935 0.6715333 -0.5520374 -0.3805786 0.7418994 -0.5851191 -0.4430205 0.6792411 -0.9766127 0.1751493 0.1247012 -0.3641284 0.3098646 -0.8782907 0.5205693 0.5666536 -0.6386793 0.7006654 0.5130318 -0.4958494 0.9342317 0.2464143 0.2578591 0.3274998 0.2219649 0.9184092 0.3338509 0.03235048 0.9420706 -0.03799635 0.8118406 0.5826416 -0.6230242 0.7812066 -0.03946161 -0.5131297 0.7342152 0.4445516 -0.3886274 0.9146813 -0.1110277 -0.1818931 0.198587 -0.9630567 0.1867171 0.856616 0.4809843 0.7526776 0.6088076 0.2506586 -0.2061859 0.1384339 0.968671 -0.5308555 -0.6754567 0.5118113 -0.3868574 0.148688 0.9100732 -0.01678556 -0.1126465 -0.9934933 0.1535733 0.7783652 -0.6087388 0.2319142 0.8530682 -0.4674296 -0.412072 -0.793289 -0.4482069 -0.6817385 -0.5751043 -0.4522033 -0.5343043 -0.6755484 0.5080881 -0.08411073 -0.03991901 -0.9956565 -0.2584967 0.2229725 0.939927 0.1791459 0.8353326 -0.5197367 0.6079491 0.5778569 -0.544499 0.7458952 -0.3986755 -0.5335714 0.6843681 -0.4125924 -0.6011721 -0.07730454 0.9955596 0.05371338 -0.1228098 0.992367 0.01120054 -0.5017985 0.4337099 0.7483944 -0.6206678 0.4190583 0.6626927 0.1257679 0.9536817 0.2732653 0.6974519 0.6058642 -0.3827394 -0.4592834 -0.558776 0.6905274 -0.390522 -0.5062503 0.7688975 0.6475853 -0.4651114 0.6035767 -0.3024706 0.3286252 0.8947162 0.3679693 0.8098561 0.4568716 -0.3451114 0.2911534 0.89226 0.5115968 -0.4254405 -0.7465046 -0.15977 -0.844202 -0.5116607 -0.1529299 -0.9443752 -0.2911497 0.4824869 0.3365109 0.8086821 0.5186173 0.5433381 0.6601666 0.9934812 -0.07947117 0.08172953 0.461454 -0.6564428 -0.5967773 -0.5122591 -0.5753417 -0.6376306 0.6307724 -0.4208608 -0.6519222 -0.5142531 0.3953798 0.7610641 -0.9730747 0.1880289 -0.1333079 -0.8564611 -0.3804832 0.3488653 -0.4042281 -0.5516668 -0.7295639 -0.4259259 0.5337197 0.7305685 0.1985536 0.09128093 0.9758301 0.4379459 0.2313636 0.8687199 0.3190537 -0.8291611 -0.4590173 0.5080496 -0.7454262 -0.4315385 -0.8373857 0.4194863 -0.3504519 -0.5443385 0.6118467 0.5738809 -0.4300543 -0.2845665 -0.856782 0.7388405 -0.3989171 -0.5431206 -0.1500641 -0.8309227 -0.5357691 -0.1800937 -0.7800702 -0.5992136 0.9275716 0.3669635 0.07034683 0.9064171 0.4222012 0.01242125 -0.7937507 -0.5873475 0.1580604 -0.8674249 -0.4938663 0.06058114 0.3244153 -0.1606817 0.9321675 0.9414126 0.3151979 0.1199693 0.9603286 0.2119584 0.1812251 -0.4166786 -0.8471823 0.3296378 -0.1131052 -0.2891111 0.9505904 0.771496 -0.5350329 -0.3442876 -0.043612 0.9591293 -0.2795871 0.1047417 0.2040205 -0.9733473 0.8503119 -0.5190315 0.08703929 -6.40901e-4 -0.9851863 0.1714867 0.8411157 -0.5398888 -0.03232008 0.8582414 0.4539789 -0.2394261 -0.6795701 -0.1647119 0.7148808 -0.9054366 0.423298 0.03167867 -0.7817325 -0.3568978 0.5113887 -0.8563299 0.5161662 -0.0164802 -0.1753327 0.6430394 -0.7454923 0.8705208 -0.4775901 0.118749 0.2285274 -0.4745423 0.85005 0.1599826 -0.6248539 0.7641749 -0.1663902 0.6391923 -0.7508312 0.7142164 0.1917843 -0.6731372 -0.7565821 -0.3171907 0.5718162 0.92523 -0.3574142 0.1272969 -0.07645177 0.7881402 -0.6107293 0.7723215 0.4813505 -0.4145132 0.9608575 -0.1728591 0.2165011 0.2957624 -0.5450133 0.7845287 -0.838789 -0.1131956 -0.5325596 -0.7378618 0.6711469 0.07156741 -0.6985638 0.7154411 0.01236045 -0.1425557 -0.8287826 -0.5411075 -0.1058406 -0.7925228 -0.6005875 0.7130911 -0.03766119 0.7000592 0.6389805 -0.7666118 0.06332731 0.7467411 0.01733481 0.6648889 -0.7712892 -0.0197156 0.6361793 0.04748815 0.7377145 0.6734406 -0.2390304 -0.9070765 -0.3465209 -0.4211045 0.05224889 0.905506 0.6283835 -0.00778228 0.7778648 0.4476314 -0.8482016 0.2831612 -0.8415992 -0.2277347 -0.4897426 -0.7561735 -0.5765377 -0.3095254 -0.2524551 -0.2495863 0.9348653 0.638642 0.1093498 0.7616949 0.1462497 -0.7758377 0.6137483 0.5326777 0.8376535 0.1207939 -0.7312161 -0.669048 0.1330344 -0.5377504 -0.8416923 -0.04876983 -0.02591079 -0.624087 0.7809252 -0.8784675 0.03991919 -0.4761316 -0.2448263 0.8337278 -0.4949324 0.1965779 -0.6435402 0.7397386 -0.764145 0.1168283 -0.6343765 -0.1767982 -0.9128622 -0.3680015 -0.6399255 -0.1486892 -0.7539145 0.2516915 -0.8295109 0.498561 -0.5687554 0.753549 -0.3296682 -0.03714162 0.866954 0.4970023 -0.4611769 0.8201448 -0.338642 0.338274 0.06232005 0.9389819 0.5173674 0.2057933 0.8306505 -0.2672869 -0.9120959 -0.3108682 0.06851512 0.8675332 0.4926378 0.5732128 0.6223489 0.533019 0.9330186 -0.2943837 0.2069169 -0.3782861 -0.7639275 -0.5227949 -0.895217 0.4345006 -0.09897345 -0.3747189 -0.7608826 -0.5297581 -0.8462311 0.5161374 -0.1322693 0.5985746 0.6748728 0.4315731 0.6833869 -0.7300509 -0.002838253 0.3184344 -0.9400438 -0.1221367 -0.5061396 -0.7534717 -0.4196466 0.911466 -0.09155857 0.4010572 -0.3270453 -0.8764851 -0.3532919 -0.4073374 0.9055606 -0.1184749 -0.1904723 0.9602966 0.2038398 -0.684181 -0.6768565 -0.271591 -0.6724818 -0.7389213 0.04199385 0.6880827 0.5637481 -0.4568703 0.2047219 -0.7809527 0.5900864 0.9919034 0.1005911 0.07751864 -0.9579762 0.2516332 -0.1377039 -0.7781217 0.5302129 -0.3367507 -0.3448711 -0.85174 0.3944654 -0.9041838 -0.2139375 0.3697061 -0.4797903 0.8631405 0.1574479 -0.4713971 -0.857707 0.2052405 0.9178656 -0.03796589 -0.3950713 0.5127826 -0.8466619 -0.1421886 0.5277394 0.8203276 -0.2203491 -0.2405554 -0.9379889 0.2496197 0.7066733 0.5990014 -0.376577 0.8811824 -0.4138411 -0.2285892 -0.9278192 0.278245 0.2484581 0.4711011 -0.8815596 0.03027546 -0.5414179 -0.7116258 0.4477227 -0.2948485 0.9354823 -0.1947751 0.8593717 -0.4961575 -0.1237266 -0.9084243 -0.1170703 0.401323 0.232466 0.8915317 -0.3887556 0.9054042 -0.3989125 -0.1453005 -0.4702391 0.8769373 0.0992788 -0.4630095 -0.8849095 0.0505706 -0.9264808 -0.3758173 -0.01986819 0.9197668 -0.3751459 -0.1153028 0.9675309 0.1792718 -0.1781731 -0.4451256 -0.807208 -0.3876576 0.9993817 -0.03122109 0.01617515 -0.07400882 0.9557062 0.2848654 -0.3644548 0.8455217 0.3902126 0.9233527 -0.2590454 0.2833995 0.4105716 -0.6132786 0.6747743 0.8721452 0.1475905 -0.4664544 -0.3644979 0.6185751 -0.6960648 0.4857097 -0.0308547 -0.8735756 -0.07916605 -0.2470201 0.9657711 -0.926162 -0.06253355 0.3719053 -0.800178 0.3158107 0.5098811 -0.6433535 0.4088408 -0.64726 0.2665537 0.03244179 0.963274 -0.09848403 -0.08545249 -0.991463 -0.9424692 0.2892017 -0.1676735 0.5933492 -0.05255359 -0.8032279 0.9685742 -0.2369782 -0.07553392 -0.9571077 -0.2486692 -0.1486887 -0.8185144 0.01776194 0.5742114 0.02017319 0.2425366 0.9699326 0.4964259 0.1313853 0.8580788 0.957759 -0.08142566 -0.2758036 0.3839632 -0.4047468 -0.8299111 -0.204721 -0.1332457 -0.9697088 -0.8954964 0.4166796 0.1564112 0.7306712 -0.595927 -0.3331526 -0.617103 -0.03918695 -0.785906 0.2340191 0.3719647 0.8982636 0.813253 -0.5798399 -0.04904478 -0.6517921 -0.1261346 -0.747835 -0.1723437 0.5169396 0.8384933 0.004181087 -0.5309075 -0.8474195 -0.9342687 0.197578 0.2968248 -0.8254581 0.3065063 0.4739967 0.8989638 0.290326 0.3279863 -0.9159855 -0.03531116 -0.3996545 -0.08014392 -0.4216254 -0.9032214 0.9510745 -0.2682651 -0.1532682 0.8824099 -0.2905455 0.3700488 0.05792504 0.3102256 0.9488967 -0.8635317 0.4950467 0.09613448 -0.9136565 0.3460279 0.2132994 0.2972284 -0.284807 0.9113399 -0.8964416 0.4417965 -0.03476136 -0.8346556 0.5503435 0.02172929 0.3748425 -0.2033525 -0.9045113 0.3745896 0.0998885 0.9217945 0.712137 -0.5140973 -0.4780846 0.2117122 0.501859 0.8386391 0.2542216 -0.9598772 -0.1183519 -0.1966038 -0.5094854 0.8377181 -0.4719749 0.1985865 0.8589547 0.5404697 -0.6384983 -0.5479165 0.08261537 0.706427 -0.7029479 0.2056372 -0.2333791 -0.9503934 -0.5547722 0.770968 0.312788 0.2316082 -0.435078 0.8700948 -0.2092676 0.846684 0.4892169 0.5981523 -0.7036584 0.3835085 -0.1990769 0.004730463 -0.9799725 -0.8353512 0.5495049 -0.01525974 -0.1103266 0.8906393 0.4411233 -0.05990862 0.8558423 0.5137556 0.8444689 -0.5336604 -0.04559582 0.1014448 -0.8811417 -0.4618425 0.8427641 -0.5327781 0.07678693 0.809134 0.4018203 0.428769 0.7675898 0.3170951 0.5570069 -0.8250932 -0.4078924 -0.3909541 -0.8860357 0.4629164 0.02548354 0.00939989 -0.8997065 -0.4363943 -0.7433024 -0.6206751 0.2495274 -0.8954327 0.3072671 0.3221604 -0.8492547 -0.506037 -0.1506422 -0.02661228 -0.9768115 -0.2124406 -0.8306721 0.3510015 0.4321827 -0.1360846 0.982837 0.1245484 -0.07388567 0.9827619 0.1694701 0.7500618 0.6094309 -0.2569077 0.7603873 0.5925924 -0.2657922 -0.867231 0.3201454 0.3813363 0.1018413 -0.9936016 -0.04883009 -0.7014979 -0.6589533 0.2714432 0.1092265 -0.9882875 -0.1065713 0.8315263 -0.4069431 -0.3781024 -0.733738 -0.610197 0.2988116 0.8822367 -0.3266729 -0.339033 -0.3736134 -0.1042833 0.9217039 0.1376432 -0.7105259 -0.6900778 0.2744914 0.9600487 0.05441606 -0.03723305 0.99455 0.09738582 -0.1693524 0.7149789 0.6783251 -0.1073977 -0.9092648 -0.4021237 0.3166686 -0.7276114 -0.608525 -0.04046797 0.9842326 0.1721873 0.8501308 -0.4600399 0.256205 0.5511825 -0.3107192 0.7743717 -0.7543742 0.3066571 0.5804146 -0.662759 0.4231207 0.6178345 0.1807953 -0.4371562 -0.8810265 0.01937979 0.1842152 -0.9826949 -0.5622882 0.7287711 0.3908 0.6763089 0.2606963 0.6889439 0.9952796 -0.04022377 0.08832144 -0.4482909 -0.5276703 -0.7215258 0.2990235 0.9024113 -0.3102239 0.9974868 -0.06796604 0.02002054 -0.4839708 0.7366379 -0.4723736 0.7447908 -0.3633617 0.5596919 -0.7441421 -0.6288417 0.2254125 -0.6349142 -0.7222592 0.2742729 0.2226096 -0.565741 0.7939661 -0.7849883 -0.1406332 -0.6033371 -0.1485971 -0.5595356 0.8153765 0.6911789 0.6313604 0.3516476 -0.808664 -0.584776 -0.06402897 -0.6602861 -0.2782144 -0.6975808 0.3500909 -0.2004836 0.9150097 0.3561881 0.8314617 -0.426382 0.6280806 0.7238797 -0.285505 0.3618659 -0.8902139 0.2767174 0.3187423 -0.9131033 0.2542552 0.6032032 0.7850644 -0.140783 -0.952702 0.262125 -0.1537837 -0.9432931 -0.3308606 0.0270096 0.1478039 -0.942399 0.3000637 -0.9131113 -0.4063359 0.03344929 -0.5860877 0.7778084 -0.2269701 0.01086491 -0.94061 0.3393154 -0.9050894 0.364282 -0.2193444 -0.4603791 0.8158951 -0.3498088 -0.5224567 -0.8107404 0.2640819 0.9875069 -0.09918707 0.1224427 -0.1592162 -0.9868842 0.02664279 -0.2314285 0.9629782 0.1382528 -0.8554744 0.3392782 0.3912214 0.921092 0.04754847 -0.3864307 -0.0418719 -0.9859431 0.16175 -0.9076537 -0.3836317 0.170269 0.7889022 -0.5832609 -0.1934945 0.117255 0.9925779 0.0322588 -0.7315089 -0.6765747 -0.08450698 -0.05575907 0.990083 0.1289448 0.1193293 0.9685511 0.218333 0.7907711 -0.6110463 0.03610366 0.9543556 -0.2956973 -0.04205495 -0.907702 -0.3278372 -0.2619158 -0.6961386 0.7099943 -0.1062977 0.04538249 -0.9788825 -0.1993228 0.8696311 0.2479951 0.4268959 0.363849 -0.9303755 -0.04489362 0.3450483 0.8753777 0.3386088 -0.9059294 -0.02746719 -0.4225372 -0.8834201 0.3559805 -0.3047076 0.1193922 -0.9788206 -0.1663006 0.6673611 0.6062008 0.4326082 0.2550487 -0.4883983 0.8345162 0.4891889 -0.8721412 0.007995963 0.4480828 -0.2993322 0.8423908 -0.4901092 0.3012558 -0.8179473 -0.2852285 0.9579539 0.03112912 -0.5240518 0.851466 0.01937991 -0.029482 -0.6175962 -0.7859427 -0.5650262 0.2792781 -0.7763693 0.2701852 -0.9604043 0.06799644 -0.1270194 0.3934489 0.9105296 -0.05362284 0.5550285 0.8301013 -0.2563282 0.2826966 -0.924326 -0.02133285 -0.6740465 -0.7383809 -0.483118 -0.365131 0.7957866 -0.1824741 -0.9827482 0.03015291 -0.2668314 -0.5382102 0.7994565 -0.3668764 0.6864169 0.6278803 0.1885179 -0.4579426 -0.8687633 0.1296154 0.7179054 -0.6839678 -0.9868822 0.08020305 0.1401112 -0.01947134 0.4746377 -0.8799659 -0.8541105 -0.19868 0.480647 0.6735534 -0.3406221 0.6559745 0.4214106 0.4494273 -0.7876728 0.8629711 -0.2776669 0.4221161 0.9810134 -0.1778666 0.07730543 0.8648592 0.3228954 -0.384392 -0.07184326 -0.6864482 0.7236211 -0.3034867 0.6766801 -0.6708203 -0.8484606 0.3982738 -0.3485583 -0.9642642 -0.09232151 0.2483373 0.6931469 -0.536493 0.4813758 -0.7401005 -0.4423512 0.5065339 0.3573842 0.5917744 -0.7225508 0.1796077 -0.9115589 0.3698668 -0.5805928 -0.5719254 0.5794941 -0.9126392 0.2472036 0.3255458 0.403531 0.723194 -0.5604937 0.782908 -0.6174941 -0.07587063 -0.9045096 0.2972915 0.3057454 0.4040428 -0.8790731 0.2529426 0.786294 -0.4282745 -0.4453346 0.5738208 -0.7442396 -0.3418143 0.2622504 0.9574444 -0.1205198 -0.4685912 -0.8299074 0.3027806 -0.8508217 -0.206983 0.4829705 0.5386276 -0.805454 -0.2472333 -0.8562483 -0.06033653 0.5130288 0.3576537 0.9077003 0.2194631 0.6632205 0.4512926 -0.5970541 -0.5640543 0.4402077 0.6986131 -0.6046768 -0.5491013 0.5769348 -0.1821696 -0.9506451 -0.2511737 0.4886489 -0.5741953 -0.6569033 0.2049638 0.1969678 0.9587458 -0.5689786 0.6880969 0.450318 0.5987592 -0.663796 0.4481767 -0.5358905 0.6460962 -0.5434899 -0.1033994 -0.2104002 -0.9721319 0.5570616 -0.6713244 -0.4888824 0.4638314 -0.7008132 -0.5419606 -0.8190519 0.3281457 -0.4706107 -0.8359349 0.4436345 -0.3231121 0.2632262 0.3567668 0.8963423 0.5642772 -0.7100389 -0.4212317 0.3290243 0.3074779 0.8928609 -0.808535 0.5528789 -0.2014852 -0.130624 0.4511412 -0.8828415 0.7471975 -0.197977 -0.6344297 0.7803434 -0.5599038 0.2785175 -0.6716051 0.1145384 0.7320025 0.01849478 -0.3842093 0.9230607 -0.6553689 0.745248 0.1228702 -0.1133782 0.9932116 -0.02600222 -0.8333808 -0.5071943 0.2196143 -0.2979882 -0.946244 0.1257996 0.8965623 -0.3972684 -0.1958416 0.9516759 0.2042335 -0.2293508 -0.4185172 -0.6078312 0.674822 -0.8858444 0.4537259 0.09701985 -0.4714851 0.7922685 -0.3873143 0.1973043 -0.8103974 0.5516586 0.9284743 -0.1800916 -0.3248119 0.6054636 0.4646191 -0.6461758 -0.3860334 0.810429 0.4406622 0.3495954 0.1615676 -0.9228646 -0.4137815 0.717907 0.5598167 0.3723006 0.07483243 -0.9250904 0.9169755 0.004821956 0.3989145 0.9482274 -0.3069608 0.08148586 -0.3361689 0.8051574 0.4885817 -0.6822008 0.6529021 0.3291215 -0.2734216 -0.7291039 -0.6274139 -0.5486467 -0.5378123 -0.6401132 -0.6702073 -0.4923704 0.5553321 -0.9912807 -0.05780255 -0.1184129 -0.9356877 0.3528017 0.004425227 0.7953634 0.435022 -0.4220818 0.9641286 -0.1828703 -0.1923923 0.06320589 0.7678098 -0.6375526 -0.8648657 -0.278095 -0.417936 -0.3501119 0.2799491 -0.8938961 -0.206585 0.1302562 -0.9697196 0.5848376 0.5528841 -0.5935355 0.5845096 0.5166342 -0.6256499 -0.9446008 -0.112677 -0.3082748 0.9231655 0.1755141 0.3419945 0.9386583 0.1723437 0.2986945 0.3770608 -0.001586973 0.9261872 0.2599325 -0.3035446 0.9166765 0.6739847 0.6766093 -0.2965545 -0.1174676 0.2679262 -0.9562515 0.4248856 0.6714792 -0.6071146 0.4325801 0.7577934 0.4884914 0.496757 0.7286706 0.4714568 -0.6819214 -0.4901387 -0.5429064 -0.1781687 -0.04925733 -0.9827664 -0.4478769 -0.728811 -0.5179197 -0.7169609 -0.6203671 0.3179813 -0.5686852 -0.7482572 0.3416262 0.5202887 0.2166242 0.8260591 -0.3273788 0.1343757 -0.9352895 0.3982499 0.657117 -0.6399955 -0.8747974 -0.366625 -0.3167265 0.1449059 -0.2120484 0.9664564 0.3452887 0.03427249 0.9378706 0.8774032 0.2805346 0.3891838 0.5335993 -0.6819536 0.5002112 0.8110857 0.2752552 0.516115 0.2632592 0.9640123 0.03708088 -0.8432224 -0.2543187 -0.4736011 -0.609924 0.6950113 -0.3807257 -0.5552305 0.6994019 -0.4500623 0.5267967 -0.7447057 0.4097545 0.261793 0.962756 -0.06756931 -0.9378223 -0.2206532 -0.2679579 0.5232465 -0.8210194 0.2283424 -0.184426 -0.8341441 0.5197988 -0.4310817 -0.7939837 0.4286707 -0.5386565 0.8187579 -0.1987078 0.2625572 0.8773983 -0.4015419 -0.6891264 0.7163802 -0.1091066 -0.9551778 -0.0740081 0.2866327 -0.9241725 -0.02688711 0.3810281 0.6550742 -0.4900238 0.5751127 -0.2335025 -0.9387404 0.2534621 0.6250334 -0.5554496 0.5484607 0.2369814 0.9628497 -0.1294624 0.7824879 0.3722456 0.4991454 0.8811731 0.3630227 0.3029004 -0.8944367 -0.3319612 -0.299641 -0.634462 0.58261 -0.5079603 -0.5903348 0.6479248 -0.4813504 -0.8503716 -0.3755455 -0.3685564 -0.4993638 0.6092349 -0.6160103 0.5655193 0.6647064 -0.4882144 0.2617018 0.9554022 -0.1368173 -0.3302804 0.2037777 -0.9216234 -0.2442142 0.1886694 -0.9511905 0.4828383 0.601282 -0.6366533 0.6142704 0.487461 -0.620527 -0.9064317 -0.3455122 -0.2429053 -0.9018703 -0.2703078 -0.336992 -0.2853855 -0.6260108 0.7257173 -0.6120618 -0.5150719 0.6000678 0.2767473 -0.09198457 0.9565301 -0.3785917 0.3219784 -0.8677547 0.8709319 0.3813703 0.3098939 0.4847323 0.1903161 0.8537063 0.7650835 0.6366591 -0.09650141 -0.6192111 -0.2796201 -0.7337509 -0.1256493 -0.4904507 0.8623632 0.3004936 0.9454593 -0.1257398 0.05047905 0.7835547 0.6192688 -0.09692925 -0.4558667 -0.8847544 -0.1583039 0.3758766 -0.913048 -0.01492404 0.6461303 -0.7630813 -0.187175 0.2708895 0.9442375 -0.1102675 -0.947116 -0.301351 0.8587282 -0.5115685 -0.02972602 0.1181404 -0.9585213 0.259384 0.9116446 -0.3965994 0.107764 -0.8903894 0.4495436 -0.0715363 -0.1481381 0.9593578 -0.2401828 -0.04254388 0.9761601 -0.2128416 0.7916703 0.5134871 -0.3310427 0.8349767 0.5374138 -0.1183232 -0.4583044 0.7583371 0.4635537 -0.08673655 0.9435121 -0.3197839 -0.1553725 0.8794068 -0.4500036 0.4613307 0.2346329 -0.8556409 0.3100482 0.194257 -0.9306635 0.06457853 -0.9315366 0.3578677 -0.4032238 -0.233108 0.8849132 0.18806 -0.9029141 0.3864967 -0.4467126 0.7391496 0.5040891 0.1918719 0.9631744 -0.1883622 0.5072849 0.6911001 0.5148231 0.9301195 0.2168966 -0.2963674 0.5228222 0.8139742 0.2531862 0.952055 -0.03170973 -0.3042792 0.3238389 -0.7224193 -0.6109327 0.378167 -0.7644218 -0.522158 0.5246855 0.8111687 0.2582836 -0.3099547 -0.9180835 -0.2470847 -0.5308824 -0.7541002 -0.3866484 -0.9181302 -0.211679 0.3350058 -0.975413 -0.1156054 0.1876299 0.9102987 -0.1595243 -0.3819794 0.2332597 -0.9430186 -0.2372882 0.7557789 0.653814 -0.03640943 -0.6147527 0.604315 0.5068359 -0.730965 0.4326094 0.5277683 -0.2757116 -0.4370673 -0.8561282 -0.1383129 -0.9828703 -0.121802 -0.1598257 -0.9868179 0.02542191 0.1993487 0.9791954 -0.03790432 -0.06210625 0.466331 -0.8824276 -0.08023357 0.5428355 -0.8359978 0.201214 0.4618186 0.8638499 0.09949159 0.9950384 -3.96746e-4 0.07931905 -0.5701574 0.8176975 0.1246116 -0.5536262 0.8233893 -0.08292108 -0.5010975 -0.8614091 -0.01419121 -0.3928996 0.9194719 0.3694319 0.4976115 0.7847948 0.12586 0.989942 0.06460851 0.4815301 0.2967676 0.8246562 0.1342239 0.285386 -0.9489672 -0.2686609 -0.3374817 -0.9021793 0.1690452 0.6124874 -0.7721937 0.70168 0.7053424 -0.1006847 0.6632152 0.7468381 -0.04876983 0.2682653 0.4048701 -0.8741361 -0.2499176 -0.4863154 -0.8372804 -0.5849899 -0.7924585 -0.1726159 -0.2171437 -0.5031081 0.8364992 -0.4725968 -0.8747849 0.1067882 -0.09265702 -0.436184 -0.8950745 -0.5938118 -0.05093652 0.8029902 0.2818776 0.5587196 0.7799856 0.694744 0.702557 -0.1540925 0.697336 0.06958401 -0.7133587 -0.2682625 -0.6255185 -0.7326403 0.4183567 0.6195085 0.6642191 -0.8046677 -0.3807568 0.4555592 0.6267485 -0.04568767 -0.7778811 -0.3962656 0.3476174 0.8497858 0.4603874 0.8316883 0.3103838 0.4699996 -0.4187269 -0.7770252 -6.71423e-4 -0.717843 -0.6962048 -0.3027766 -0.4481986 -0.8410972 -0.8852025 0.1140493 -0.4510093 -0.4287374 0.7684189 0.4750964 0.1790251 0.5657023 0.8049416 0.9092642 -0.2451623 0.3363542 0.5473569 -0.6898192 -0.4738672 -0.2944518 -0.6465243 -0.7037788 0.6986362 0.6037838 0.3838654 0.7071066 -0.681867 0.1872372 -0.5523392 0.7813259 0.2906053 -0.8366184 -0.153175 -0.5259346 0.09039807 -0.9343783 0.3446237 0.8460375 -0.06787586 0.5287849 -0.2117457 0.8744509 -0.4364624 -0.368764 0.8598796 -0.353016 0.6811548 0.6965059 0.2256274 0.721333 -0.5368109 0.4376219 0.398885 0.8036603 0.4416118 -0.3800572 -0.8858236 -0.2662202 -0.7630158 -0.5713844 -0.3022032 -0.4591628 0.8659546 0.1982228 -0.2860871 -0.6541184 -0.7002024 0.5638741 -0.217053 0.7968276 0.6884377 -0.6812655 0.2488594 0.005249202 -0.3485856 -0.9372624 0.1089231 0.2782742 0.9543056 -0.6626605 0.2933188 -0.6890901 -0.6456741 0.2456833 -0.7230109 -0.02169895 0.5692997 0.8218438 0.5617767 0.822873 -0.08536368 0.9516294 0.2511371 -0.1770076 -0.7982503 0.6007935 0.04293996 0.4850729 -0.8741629 -0.02331668 -0.9724807 -0.2312712 -0.02819931 -0.1471012 -0.9879589 0.0479452 -0.4624926 0.8825631 0.08475267 -0.2721409 0.9621524 0.01422196 0.9923633 -0.1198795 -0.02905428 0.9587041 0.2840435 0.01434403 -0.5432119 -0.8392485 -0.02414071 -0.8885264 -0.4482917 -0.09775191 0.3905258 0.9151233 -0.1001951 -0.4614439 0.741881 -0.4864999 0.7748559 -0.627722 0.07458931 -0.1411209 -0.9137154 0.3810632 0.7394883 0.2700062 0.6166472 -0.6998701 0.2030758 -0.6847935 0.8590583 0.4956951 -0.1276929 0.9046042 -0.1749025 0.3887164 -0.489283 -0.8554824 0.1695644 -0.4395117 0.7039023 -0.5579885 -0.7467131 -0.482661 0.4576658 -0.860343 0.491424 0.1353232 0.8807095 -0.4304667 -0.1976088 -0.5407049 -0.5656389 0.6226484 -0.1555851 -0.7112113 0.685545 -0.2720737 0.912538 -0.3053696 0.2094516 0.711153 -0.6711121 0.9068924 -0.3480958 -0.2374351 -0.930405 -0.3135837 0.1897677 -0.03695839 0.8087204 -0.5870311 -0.8198563 -0.4504876 0.3534074 0.8359203 -0.4767706 0.2718954 0.06592148 0.8401333 -0.5383592 0.8947153 -0.3948332 0.2087852 0.4308446 0.8493286 -0.3049819 -0.1660264 -0.9278557 0.333945 -0.818241 0.522086 -0.2406411 0.847465 0.5233176 0.08911687 0.02462875 -0.9897904 -0.1403871 -0.6243584 0.7533929 0.2063392 -0.5436576 0.8391993 -0.01345866 0.6885514 0.382715 0.6159759 -0.5138556 -0.5608556 -0.6491482 0.8473359 -0.5137912 0.1343151 0.4657268 -0.8797841 -0.09528172 -0.6988275 -0.5009108 -0.5106159 0.7129252 0.4507665 0.5371659 0.7639356 -0.5978786 0.2427832 -0.7756534 -0.4557174 -0.4366732 -0.6108442 0.7917017 0.008820056 -0.02465933 0.9888458 0.1468878 -0.02755832 -0.9977774 -0.06067109 0.7954 0.4518111 0.4039871 -0.8100379 0.5289875 -0.2530033 -0.2925283 -0.4765908 -0.8290287 -0.07303261 -0.9782347 -0.1942247 0.0616492 -0.7971066 0.6006835 -0.1433472 0.4266541 -0.8929827 -0.07443583 0.9273503 -0.3667163 0.07342839 -0.4720354 0.8785163 0.216107 0.5079324 0.8338479 -0.07376563 -0.3928167 -0.9166536 0.1479247 0.2591354 0.954446 -0.1482617 0.9228361 -0.3555168 0.07080465 -0.3777978 -0.9231769 0.09042865 -0.9891916 -0.115424 0.2524875 -0.6106945 0.7505347 0.6648569 -0.7455797 -0.04556488 -0.5595738 0.4857779 -0.6714887 0.6341558 -0.2570621 0.7292227 0.06396895 0.1610822 0.9848657 0.389302 -0.3393117 -0.8563362 -0.8464973 0.5280957 -0.06750732 -0.3019523 0.1896434 0.9342699 0.8715375 -0.3591197 -0.3338498 -0.4403918 0.1443557 -0.8861245 -0.9253081 0.31749 0.2073771 0.3993772 -0.05667454 -0.9150333 -0.2115613 0.244736 -0.9462273 -0.7667211 0.3570076 0.5335583 0.7367323 -0.3095557 -0.6011663 0.7606025 -0.496061 0.4188166 0.2149448 -0.1521369 0.9647037 0.2077427 0.0978133 0.9732809 -0.8977793 0.1025745 -0.428335 -0.8886925 -0.192577 -0.4161006 0.7940779 0.07757967 -0.6028448 0.9560146 -0.11109 0.2714685 -0.06024414 0.08896231 -0.9942114 0.7912546 0.3337638 0.5123652 -0.8643902 -0.1976106 0.4623631 0.06152552 -0.7434031 0.6660079 -0.640757 -0.7674739 0.02035647 0.1050165 -0.6528971 0.7501313 -0.6593703 -0.7518133 -0.002777218 0.5474803 0.8358543 -0.04016298 0.7033677 0.1047711 0.7030625 0.6031498 0.7963359 0.04538196 -0.2269734 0.7923164 -0.5663196 -0.1487818 0.7234615 -0.6741421 0.2181226 -0.7570658 0.6158522 -0.6810044 -0.7322766 -0.002044737 -0.8797708 0.1055957 -0.4635224 -0.8490027 -0.0145269 -0.528189 -0.2907218 0.8628877 -0.4134073 0.2874948 -0.8700227 0.4005089 -0.6722163 -0.7402742 0.01092582 0.2578884 -0.8330866 0.4893471 0.5399425 0.841562 -0.01535105 0.9172624 -0.0956785 0.3866205 0.8633384 -0.02319484 0.5040922 -0.9344878 0.179573 -0.3073861 -0.3344036 0.8949579 -0.2953385 -0.4025796 -0.8854554 0.23216 -0.5162984 0.8359901 -0.1858943 0.2655195 0.4319422 0.8619312 -0.2235502 -0.4669986 0.8555335 0.1672128 0.4800617 0.8611508 0.3770946 0.9242114 -0.06027531 -0.3349785 -0.4321211 -0.8372938 0.1064811 0.493982 -0.8629273 0.1590961 0.4597703 -0.8736703 -0.5379221 -0.841644 -0.04770064 -0.4406007 -0.8975901 -0.0142523 -0.1484455 -0.530943 0.8343042 -0.6081916 -0.1172557 -0.7850823 -0.03839337 0.5205692 -0.8529558 -0.4768022 -0.2964029 -0.8275294 0.4694794 0.3532006 0.8092209 -0.05069249 -0.5890529 0.8065029 -0.6706035 -0.7391806 0.06247323 0.5917064 0.8056155 -0.02945101 0.4611455 0.8864616 -0.03912562 0.6336765 0.198041 0.7478195 -0.01937937 0.6925314 -0.7211275 -0.4410939 -0.3011024 -0.8454428 -0.122352 -0.6479253 0.7518131 -0.3829777 -0.9233093 0.02877902 0.05435425 -0.5014573 0.8634734 0.14631 0.9851973 0.08933031 0.4302237 0.8978024 0.09412002 0.1852799 0.327803 0.9263998 0.2955211 0.4177521 0.8591569 0.0347619 -0.3378533 0.9405567 -0.03137391 0.447323 -0.893822 0.3475564 0.6062398 -0.7153166 -0.3969632 -0.9095028 -0.1233891 -0.8830627 -0.3537133 -0.3083624 -0.2145182 -0.3787106 -0.9003113 -0.4478344 0.4639178 -0.7643459 0.9555087 0.27135 0.1156389 -0.5233063 -0.2483316 0.8151577 0.758068 0.1174381 0.6415149 0.7034405 -0.7095749 0.04092639 0.6246317 -0.06793516 0.7779589 -0.0937857 0.6295822 0.7712526 -0.661476 0.02484273 -0.7495548 -0.8337989 0.5510336 0.03378528 -0.7354483 0.677462 0.0126959 0.7790121 -0.5766368 -0.2462319 -0.3041912 0.7287222 0.6135404 -0.7763991 -0.07245171 -0.6260633 0.07870852 -0.6867082 -0.7226596 -0.1336741 -0.7043528 -0.6971503 -0.6649212 -0.7433555 0.07281869 -0.8688018 0.2727538 0.4132661 -0.8449483 -0.4944073 -0.2040193 -0.9058825 -0.04257482 0.421384 0.6405943 0.6343379 -0.4327292 0.827768 -0.4740523 -0.3001242 0.7965501 0.5997931 -0.07587063 -0.3702556 0.9150184 -0.1601633 -0.07620537 0.8787884 0.4710879 -0.5136106 -0.6606529 0.5474871 0.4521147 -0.8336685 0.3171578 0.09195286 -0.9685416 -0.2312402 0.9560812 -0.1624853 -0.2439415 0.37035 -0.8766324 0.3071753 -0.5832242 -0.5260921 0.6189318 0.2284063 0.9677052 -0.1066648 0.5852948 0.6752345 -0.4488745 -0.2987245 0.9475988 -0.1132272 -0.954497 0.05829221 0.2924683 -0.84669 0.3619254 0.3900334 -0.6013523 -0.6191756 0.5049723 0.650815 -0.7567765 -0.06106823 0.2236709 -0.9719569 -0.07260376 0.9875882 0.1309256 -0.08676493 -0.9596957 0.07925742 -0.269634 0.03604274 0.7021468 0.7111194 0.3817041 0.7356052 0.5596313 0.6701799 -0.7365601 -0.09131461 -0.8179452 -0.1556785 -0.5538321 -0.9288966 -0.3664681 -0.0534076 -0.8679924 0.4029735 -0.2901751 -0.7416225 0.5577123 -0.3727645 0.08899497 0.6826919 -0.7252666 0.1702043 0.9367188 -0.3059222 -0.8631477 0.1228708 0.4897742 -0.9146615 -0.3263117 0.2385689 -0.2190679 -0.3931503 0.8929962 -0.8599013 0.2706724 0.4327889 -0.6131641 0.6662678 -0.424402 0.1522618 0.3536295 -0.9229099 0.7600513 -0.1154237 -0.6395307 0.8719339 -0.165231 -0.4609012 -0.3790425 -0.4251562 0.8219301 -0.6693567 0.3255835 0.6678002 -0.7049922 0.4119169 0.5773307 0.1046203 -0.9938321 -0.03677576 -0.4554939 -0.7106316 0.5362164 0.2768115 -0.9609053 0.006042838 0.6916217 -0.3852109 -0.61096 -0.2257195 0.9736521 0.03244179 -0.1015688 0.9797059 0.1728013 0.8360473 -0.2287731 -0.4986863 -0.7739298 0.419788 0.4741423 0.6587992 0.5803939 -0.4786716 0.5951783 0.5829097 -0.5531538 -0.5277988 -0.6889097 0.4968219 0.3510298 -0.9303112 0.1062977 0.8853833 -0.2907839 -0.3626863 -0.8578626 0.3199932 0.4020897 -0.2527271 0.9657709 -0.05844366 -0.1707519 -0.8863533 0.4303741 0.904488 0.2406413 -0.3521268 -0.6395603 0.7392054 0.2110402 0.4219031 0.3803049 0.8230224 0.6903796 -0.2490994 0.6792095 0.102087 0.9446022 0.3119375 -0.6287491 0.4814347 -0.6106515 0.1443226 0.9877359 -0.05957239 0.03189235 -0.3650689 0.9304342 -0.4665817 -0.8273219 0.3127941 0.02145481 -0.9846324 0.173317 -0.4485964 -0.7042832 -0.5502241 0.06070262 -0.3641243 0.9293701 -0.5414085 -0.8266094 0.1536026 -0.06415164 0.3640653 -0.9291615 0.2441562 0.9101534 -0.3346772 0.4501919 0.8378494 -0.3087649 -0.5085993 -0.5300236 -0.6785292 -0.4564483 -0.5280163 -0.716138 -0.3274074 0.4075196 -0.852486 0.2895995 -0.3605268 0.8866525 -0.3430005 -0.9143119 0.215371 -0.2497685 -0.9621461 0.1090448 -0.2897525 -0.4644158 -0.8368762 -0.3452659 0.6550073 -0.6721287 0.021272 0.999115 0.0362876 0.2771116 -0.08002054 0.9574999 0.4293392 -0.903114 0.007293999 -0.5396817 0.8403323 0.05084598 -0.1911386 0.3440678 0.9192843 -0.168223 0.5500517 0.8180123 -0.4507046 0.8890794 0.08002078 -0.2824873 0.3649506 -0.887137 -0.3308904 0.3889381 -0.85979 -0.2386938 0.5382439 0.8082814 -0.2136334 -0.9251548 0.3137664 -0.8291966 -0.5227571 0.197884 -0.7483024 0.5968352 -0.2895365 0.8211284 -0.4585867 0.3397741 0.1767083 0.8289114 -0.5307353 -0.06958287 -0.6695828 0.7394709 0.8832271 0.4687147 0.01471024 -0.6347917 -0.08893185 -0.7675486 0.5010275 0.1322991 0.8552594 -0.7256289 -0.6878458 -0.01818954 0.6981297 0.7124738 -0.07068276 -0.2218157 0.2254475 -0.9486681 -0.5132451 -0.757492 0.4034667 -0.573002 0.04388689 -0.8183782 0.4273311 0.8037866 -0.4139026 0.6546083 0.2096065 0.7263286 0.2063075 -0.2031641 0.9571633 -0.5320954 -0.6947302 0.4839673 0.5805335 0.8122037 -0.05749785 0.7864542 -0.3747171 0.490996 -0.7474033 -0.04858577 -0.6625918 -0.2484906 0.7067119 -0.6624279 -0.8754478 -0.3784705 0.3005852 0.154946 -0.7727466 0.6155116 0.8308936 0.297321 -0.4703361 -0.8926574 0.4413388 -0.09155774 0.9564517 -0.2299951 0.1797295 0.00766021 0.8798567 -0.4751775 0.3530775 -0.9273894 0.1236336 -0.8597488 -0.4803985 0.1733475 0.1591255 0.8970112 0.4123712 0.8461825 0.3586952 0.3940978 -0.1856753 0.9826083 -0.00238043 -0.8985146 -0.1229311 -0.421378 -0.848365 0.2358197 -0.4739894 0.7982609 -0.4587345 0.3903104 -0.7352638 -0.5151608 -0.4404503 -0.1465825 -0.9093731 -0.3892997 -0.09387552 0.9733028 0.2094499 0.8231927 -0.4551929 0.3393423 0.9373539 -0.3395825 -0.07779234 0.08292126 -0.956479 -0.2797716 0.7769203 0.6137966 0.1401734 -0.93238 0.3460832 0.1043743 -0.9142462 0.3897357 0.1107252 0.4239438 0.8862199 -0.1867781 -0.2144286 -0.9767395 -5.18828e-4 -0.7004771 -0.441491 0.5607296 0.7950803 -0.5742755 0.1950773 -0.2016686 0.7906826 -0.5780577 0.703294 0.2702817 -0.6575146 -0.635568 -0.2900265 0.7154985 -0.3988546 0.7404859 -0.5409212 -0.1345603 0.7337186 -0.6659959 0.2840746 -0.8741061 -0.3940054 -0.3151414 0.7952698 -0.5179111 -0.2480262 0.1426143 0.9581985 -0.3398012 0.1496358 0.9285172 0.3143225 -0.2197725 -0.9235267 0.2790084 -0.7277963 0.6264718 -0.4788797 0.3413593 -0.8087943 -0.5571923 0.7477859 0.3610443 -0.09070229 0.0694611 0.9934527 0.8996764 -0.4199751 -0.1191776 0.8875487 -0.339583 -0.3113532 -0.3288403 0.1238759 0.9362259 -0.486352 0.344774 -0.8028653 -0.6793251 0.2460756 -0.6913496 0.8956968 -0.4395625 -0.06717187 -0.3080326 0.09158879 0.946957 -0.05429357 0.03216713 -0.9980068 0.7732719 -0.06122201 -0.6311122 0.7680427 -0.3126983 0.5588651 0.687323 -0.3017434 0.6607102 -0.8372433 0.07300275 0.5419359 -0.7210111 0.3381809 -0.6047949 -0.7404606 0.006653189 0.6720668 -0.7914655 0.4062162 -0.4566957 0.4910271 0.2311236 -0.8399252 0.8534966 -0.447837 0.2664316 -0.8756324 0.1687418 0.4525418 -0.3165743 0.6146237 -0.7225086 0.3055547 -0.701964 0.6433373 0.8591493 0.01699924 -0.5114427 -0.8585533 0.02581882 0.512074 -0.506839 0.7465094 -0.4310894 -0.8240485 0.1614465 0.5430278 -0.1056883 0.8043663 -0.5846579 0.7847874 0.0840789 -0.6140355 0.06350994 -0.992843 0.1011399 0.4386801 -0.7882142 0.4315996 0.06964439 -0.4616003 0.88435 -0.4328622 0.3834201 0.815855 -0.00262463 0.9932845 -0.1156685 0.2551417 -0.5769682 -0.7758933 0.948288 -0.1541822 0.2774487 0.5859628 -0.6479773 -0.4865933 0.3372429 0.5196593 0.7849978 -0.2768394 0.6522253 0.7056643 0.2968907 0.2855681 0.9112117 0.7570547 0.08639931 -0.6476135 -0.9940118 0.06946176 -0.08435517 -0.2558722 -0.518306 -0.8160199 -0.657446 -0.1078856 0.7457383 0.9469846 0.2866986 0.1449974 -0.9174214 -0.3064175 -0.2538626 0.2302376 -0.09137475 -0.9688351 0.3042481 0.4161323 0.8568938 -0.2069796 0.09357112 0.9738604 0.6906179 -0.1456068 -0.7084106 -0.8481616 0.1094421 0.5183091 -0.9173847 -0.2894161 -0.2732102 0.8908957 -0.1563516 -0.4264495 -0.2073498 -0.4965837 -0.8428586 -0.07516855 -0.6147465 -0.7851347 -0.8926565 0.161294 0.4208905 0.8559273 0.3486151 0.3819109 -0.05502539 -0.7995016 -0.5981384 -0.9365134 -0.1015985 -0.3355896 -0.7212055 0.690503 0.0553928 0.05444687 0.8428584 0.5353739 0.9288518 0.09787505 0.3572883 -0.1047106 -0.8710123 -0.4799723 -0.7780582 -0.4980134 -0.3828947 -0.9472387 0.3077504 -0.08960282 0.6386541 0.6405768 0.4263594 -0.4596258 -0.8314466 -0.3121549 -0.9842476 -0.07544368 -0.1598906 0.4610562 0.8332706 0.3051022 0.8616484 -0.5075037 0.001464903 0.4650132 -0.8820205 -0.07617461 0.5169334 0.8473947 0.1212525 0.7831462 0.2448838 0.571589 -0.4896555 0.8380056 0.2407991 -0.5243194 -0.8207827 -0.2267269 -0.81862 -0.04297119 -0.5727258 -0.7121097 0.09168034 0.6960564 0.9870185 -0.002227842 0.1605916 -0.2026187 0.5695544 0.7965887 -0.1973388 -0.3341577 -0.9216269 0.9947279 -0.01995921 -0.1005898 0.1233282 0.1933394 0.97335 -0.4571178 0.3640035 0.8115078 0.9150567 -0.402426 0.02691787 -0.6643123 -0.09274792 -0.7416785 -0.0035097 -0.2295652 -0.973287 -0.8027541 0.2779105 -0.5275904 0.3015853 -0.1640987 -0.9392114 0.1075796 -0.1217709 0.986711 -0.4718001 0.2331075 0.8503327 0.9524585 -0.2891953 -0.09585922 0.8752642 -0.1398701 -0.4629784 -0.7484787 0.3551802 -0.5600238 -0.2736687 0.174999 -0.94577 -0.8285381 0.3503006 0.4368228 -0.4072483 0.9117004 0.05432415 0.2129629 0.5274022 -0.8224924 0.3317182 0.2645749 -0.9055182 0.2512623 -0.9464225 0.2028593 -0.03433376 -0.9973593 -0.06399822 -0.04910612 -0.7460225 0.6641077 -0.4093793 0.0637843 0.910132 -0.164895 0.9731646 0.1605002 0.09592092 0.9436753 0.3166642 0.1366047 -0.4035881 -0.9046855 -0.1729536 0.3460294 0.9221447 -0.03674554 0.7415648 -0.6698743 -0.3395603 0.6508596 0.6790292 -0.5506886 0.661748 -0.5087552 0.03387594 -0.1249138 0.9915892 0.01464909 -0.03485274 -0.9992851 0.3300055 -0.8225264 -0.4631918 -0.3148991 0.8439529 -0.4342605 -0.4106979 0.4168017 0.8109276 0.09177136 0.4987151 -0.8618941 0.2119548 -0.04431366 -0.9762743 -0.2631671 0.9594018 -0.1014458 0.38882 -0.8776224 -0.2803533 0.2153143 -0.7136657 0.6665742 0.4443352 -0.8769204 -0.1832398 -0.119329 -0.5248644 0.8427799 0.4826303 -0.1156982 -0.8681486 -0.4914204 0.7351468 0.4669745 0.3378524 0.6170461 -0.7107109 0.5793753 -0.7262639 -0.369953 -0.4353855 -0.393788 0.8095497 0.068394 0.9531217 -0.2947566 -0.8459021 -0.478023 0.2365242 -0.7649528 0.5810772 0.2778428 -0.8657986 -0.3944909 0.307847 -0.05990886 -0.9977898 0.02874892 0.8698744 0.4497541 -0.2025831 0.8205681 -0.5444614 -0.1738675 0.7932859 -0.5606684 -0.2373784 0.1689867 0.9850181 0.03439551 0.07138401 0.9970571 0.02795541 0.01309269 -0.999776 0.01663291 -0.8178911 0.5536535 0.1565954 -0.8995394 -0.4149326 0.1366018 0.9416169 0.327016 -0.08011358 0.8570738 -0.5144029 -0.02853554 0.1444485 0.9890435 0.03045839 -0.8145272 0.5787357 0.04013276 -0.05496412 -0.9977167 0.03924697 -0.894517 -0.4447559 0.04507678 0.01934909 0.9998052 0.003906428 -0.898924 -0.436949 0.0318014 -0.8455866 0.5338363 0.001464903 0.9043275 0.4257795 0.03006184 0.8941508 0.4451222 0.04858648 0.8245946 -0.561093 0.07223862 -0.06692743 -0.9950613 0.07330584 -0.9974514 0.02414047 0.06714171 0.4535708 0.8912107 0.004119992 0.4851403 -0.8600436 0.1580002 0.451256 0.4252536 -0.7845555 0.4758644 -0.2977815 -0.8275744 -0.07324463 0.9822413 0.1727353 0.1501532 -0.9309194 -0.3329312 -0.1444771 -0.7314499 0.6664139 -0.5647575 -0.6602825 0.4950516 -0.3939428 0.7762884 0.4921234 -0.4985679 0.7148908 0.4902666 0.40621 -0.3348867 -0.8502026 0.372187 -0.6297728 0.6818088 -0.3704452 0.3059881 0.8770072 0.6143478 -0.7407879 0.2716802 0.3242939 -0.7594629 0.5639588 -0.4837305 0.8653131 0.1312939 -0.51559 0.7788174 -0.3572263 0.2381986 0.0124821 -0.9711363 0.5461964 0.8331959 -0.08633786 0.1409382 0.2996997 -0.9435659 0.05997037 0.7716498 0.6332142 -0.4732937 -0.6404175 -0.6048625 -0.3821597 -0.7207993 0.5782753 0.2392098 0.8171527 0.5244427 -0.424517 -0.8282506 0.3657682 0.1031851 -0.07446658 -0.9918708 0.2842514 -0.8602008 -0.4233863 -0.5297293 0.111885 0.8407549 -0.3732864 0.7674788 0.5211849 -0.2849285 -0.5609148 0.7772969 -0.1855228 0.9725072 -0.140752 0.2992426 -0.938349 -0.1730754 -0.5572829 0.06839376 0.8275011 -0.8370094 -0.03585958 -0.5460124 -0.5412328 -0.4673756 -0.6990186 -0.5341767 0.5555706 0.6371788 0.2439059 -0.5995104 -0.7622974 0.6355966 -0.4694492 -0.6128903 0.9209588 -0.218337 0.3227445 0.9877 -0.03048884 0.1533601 -0.1918127 -0.2992095 -0.9347094 0.7044488 -0.08359259 0.704815 0.2284352 0.4390473 0.868939 -0.8122199 0.4704912 0.3448722 -0.6717946 0.5261557 -0.5213946 0.1119146 0.3116031 0.9435988 -0.5643596 0.3656801 -0.7401192 0.6594586 -0.4423451 0.6078201 -0.4028195 0.6173982 0.6756893 0.4109723 -0.5530394 -0.7247408 0.4905313 -0.8354263 -0.247875 -0.409969 0.1937075 0.8912928 -0.8454346 -0.005554437 0.5340502 -0.6866213 0.2058215 -0.6972724 0.2834314 0.009827136 -0.9589422 0.7633442 -0.2447328 -0.5978391 0.4742357 0.349077 0.8082363 0.8063215 0.3326915 0.4890422 -0.4209597 -0.3802158 -0.8235465 0.6286417 0.2943611 -0.7198342 0.1309284 0.2646646 0.9554112 -0.8765026 -0.3442531 -0.3365013 0.3323888 -0.3582999 0.8724328 -0.3392243 -0.7961319 0.5010998 0.8308604 0.4641392 0.3069947 -0.8105911 -0.3911957 -0.4357843 -0.3806072 0.2785198 -0.8817964 0.3871681 0.7800739 -0.4915137 -0.4695365 -0.7962131 0.3815499 0.6757233 -0.4300751 0.5986931 0.762128 -0.08524036 0.6417905 -0.9458079 0.1233264 -0.3003965 -0.5399192 0.6999326 -0.4675272 -0.7050545 -0.7088999 -0.01895236 0.3181937 0.8872861 0.3338806 0.3053107 0.7716085 0.5580375 0.584293 -0.7848967 0.2062497 -0.3321402 -0.825788 -0.4558039 0.7899309 -0.6120644 -0.03723353 -0.7847763 0.499664 -0.3666908 0.6964858 0.5948863 0.4012705 -0.8826076 0.3558508 -0.3072036 0.7596624 0.5970237 0.2578293 0.6403327 -0.7126948 0.2864269 0.07947206 -0.9760659 0.202434 -0.7476406 0.5504835 -0.3714855 -0.7071515 -0.6990031 0.1064496 -0.6543533 0.7405384 -0.1530517 -0.9681508 0.2177828 -0.12351 0.6871042 -0.7149375 0.1294309 0.326829 -0.9113308 0.2503176 0.2411305 0.7364844 -0.6320179 0.8090101 0.5876524 0.01294022 -0.8998653 -0.3691325 -0.2323443 0.7192453 0.6902521 -0.0789836 0.8572218 0.2588634 0.4451523 -0.683999 -0.02856606 -0.7289234 -0.1899834 -0.6569918 0.7295671 -0.825473 0.1488708 -0.5444557 -0.1484141 -0.7147867 0.683413 -0.7710655 0.244336 -0.5880118 0.8172734 -0.16459 0.5522449 0.8027646 0.4596295 -0.379881 -0.2703995 -0.5311244 0.8029888 0.7535485 0.5698842 0.3277147 -0.2701554 -0.3802075 0.8845669 -0.294263 -0.1061751 -0.9498085 0.1907132 0.2987809 -0.9350715 -0.7818387 -0.4849182 -0.391896 -0.3935779 -0.3782266 0.837879 -0.523684 0.06900453 -0.8491134 0.8695138 0.4789024 0.1208243 -0.6595786 0.685001 -0.3094025 -0.06598246 0.9925755 0.1021782 0.9104813 0.2526385 0.3274106 0.7837781 -0.6206259 0.02270579 -0.9398398 -0.3248162 -0.1058102 0.8607035 0.4692026 -0.1975815 -0.4845583 0.7342995 0.4754025 -0.4591317 -0.8574385 0.2323736 0.6895183 -0.12699 -0.7130485 -0.4064223 -0.9106582 0.07431387 -0.4979549 0.6641026 0.5576815 0.7798836 -0.3285375 -0.5327709 -0.6925799 -0.6939532 0.1968815 0.2163805 0.9621154 0.1658714 0.7105818 0.6525951 -0.2630462 -0.05240219 -0.8202157 -0.5696493 0.8342063 0.5468089 0.07141441 -0.7031628 0.5250832 0.4794264 0.9043201 -0.2993037 -0.3043394 0.1829934 0.4021215 0.8971131 -0.9813165 -0.1327588 -0.1392594 0.4336524 -0.4920058 -0.7549013 -0.8318577 -0.05783355 -0.5519675 0.7127474 -0.2543172 -0.6536926 -0.9869909 0.1506733 -0.05609428 0.1295235 0.9914774 -0.01400828 -0.1218013 0.5626177 0.8176955 -0.1467974 -0.1632168 0.9756079 -0.1317185 -0.354047 0.9259056 -0.0237745 -0.9990807 -0.03567707 0.05365312 -0.4681068 -0.8820416 0.08731633 0.5849068 -0.806387 0.2196455 -0.1500316 -0.9639744 -0.0827378 -0.994441 -0.06512814 0.3516118 0.9340099 0.06320524 -0.3300089 -0.5969644 0.7312508 0.2648112 0.4789001 -0.8369767 -0.02682667 0.383417 0.9231857 -0.5104975 -0.3372085 0.7910011 -0.6859291 -0.7177 -0.1200338 -0.6320823 -0.7747594 0.01483225 0.4933755 0.8672985 -0.0661354 0.2599373 0.4765976 0.839814 0.6702435 0.7381803 0.07657396 0.2865168 0.4689317 0.8354706 -0.2265114 -0.1294002 -0.9653746 0.1478042 0.634371 -0.758767 -0.1035507 -0.1955959 -0.9752023 0.236127 -0.3671153 0.8997057 -0.299818 -0.869332 -0.3929008 -0.1717291 -0.4473442 0.8777199 0.2009959 0.9785503 0.04516756 0.2483667 0.3753272 0.8929969 -0.009308397 0.9921275 0.1248857 -0.1776515 0.6516737 -0.7374018 -0.3929625 0.6437981 -0.6565855 0.3858553 -0.03497505 0.9218962 -0.3349766 -0.2585875 -0.9060482 -0.4501903 -0.07263594 -0.8899735 0.2671701 -0.8345325 0.4818461 0.9596095 0.04379475 -0.2779062 -0.05801761 -0.6150298 0.7863666 -0.2285274 -0.5232509 0.8209652 -0.759288 0.377004 -0.5304242 -0.8680683 -0.3097432 0.3879649 -0.2847443 0.3848779 -0.8779463 0.1159417 0.5915498 -0.7978887 0.6863176 -0.2265751 0.6911092 -0.05636835 -0.2199191 0.9738883 0.7475563 0.6641486 0.008148491 0.6041564 0.5723555 0.5544407 -0.4199756 -0.4234548 -0.8026871 0.0934816 0.3278419 -0.9400963 0.1776495 -0.1226853 0.9764164 -0.7592597 -0.5912814 0.2718661 -0.6463401 -0.301898 -0.7007868 0.5320409 0.8143128 -0.2320068 0.6740758 0.7348089 -0.07535171 -0.9420119 -0.1201243 0.3133427 -0.2934739 -0.2682344 0.9175639 -0.651314 0.4313609 0.6242739 0.9202836 -0.3019595 0.2487946 0.6776494 0.01303172 -0.7352697 -0.5665879 -0.01324528 -0.8238949 0.3906743 -0.2492185 -0.8861511 0.6800287 -0.1109678 0.7247394 0.9957127 -0.05908477 -0.07117027 0.4779573 0.07760965 0.8749478 -0.7484476 -0.2494316 -0.6144998 -0.9981697 0.04095709 0.04449737 0.174509 -0.01806735 -0.9844899 0.8573705 0.4565338 -0.237682 0.8516404 0.3316225 -0.4058759 0.2082608 -0.5228801 0.8265736 0.883336 0.2577312 -0.3915256 -0.1526262 -0.5635358 0.81187 -0.8600967 0.3828654 -0.3371169 -0.3271645 0.5310625 -0.7816241 -0.8753806 0.3217328 -0.3608279 0.9252607 0.04733574 -0.3763669 0.8291633 0.09595084 -0.5507104 0.6552866 -0.3645263 0.6616042 -0.1431059 0.2686632 -0.9525443 -0.8792222 0.1355654 -0.456717 -0.2710763 -0.2085108 0.9397025 -0.3828662 -0.1821705 0.9056641 0.6634192 0.3200209 0.6763592 0.7176681 0.3048601 -0.6261094 -0.6850299 -0.4383141 0.5819061 0.9197159 0.006347894 0.3925334 -0.5742222 -0.061405 -0.8163935 -0.8775829 -0.450465 -0.1641023 -0.857039 0.3647344 0.363941 -0.6686496 0.5187689 0.5327162 0.7480539 -0.1504287 0.6463642 -0.7367069 0.6145074 0.2822125 -0.2127171 -0.3251489 -0.9214282 0.8553402 -0.3249719 0.4034681 -0.2208358 -0.2958211 -0.9293662 0.8170034 -0.5537128 -0.1609591 -0.7370516 -0.4810521 0.474704 -0.7819263 -0.4109073 0.4687713 -0.4535796 0.8746865 -0.1708477 0.835712 -0.5446792 -0.07007247 0.6485891 0.6817327 -0.3384859 0.8607288 0.2642949 -0.4350796 -0.6869971 0.7260318 -0.03021442 -0.7763219 -0.5438251 0.318714 0.3538439 -0.9248651 0.1393523 -0.9730916 -0.173774 0.1513121 0.9440205 -0.3257622 -0.05200475 0.9427034 0.24342 -0.2281605 -0.6569236 -0.7411563 0.138343 -0.1706035 0.9792157 -0.1096868 -0.7425331 0.6695922 0.01706022 0.3322598 0.9344292 -0.1282406 0.2994247 -0.9258939 -0.2303595 -0.9338022 0.1320269 0.3325394 -0.919155 0.1594948 0.3601603 0.8747789 0.3803028 -0.3002198 0.8129946 -0.4760958 -0.3352202 0.3648872 0.8805697 -0.3024145 0.07236081 0.9949845 -0.06906473 -0.7984212 0.581641 0.155619 0.4056662 -0.9122607 -0.05670535 0.9544388 -0.2552657 -0.1545511 0.3920213 0.9168019 -0.07611531 -0.6792129 -0.7268539 0.1017522 -0.9511875 0.3068386 0.03305214 -0.471224 -0.8813475 0.03427356 0.479422 0.8761683 -0.04983741 0.8856908 -0.4629727 -0.03476107 -0.4663044 0.882313 0.06390738 0.9914627 0.1189926 0.05331623 -0.492706 -0.8615946 0.1220473 -0.3824716 -0.9223328 0.05493527 0.6118549 -0.2152235 -0.7611258 -0.3221635 -0.9450352 -0.05585056 -0.7390044 -0.5657746 0.3657483 0.6181948 0.7454596 -0.2492495 -0.06555557 0.9399962 0.3348278 -0.6696057 0.4572485 0.5852794 0.8874278 0.4492073 -0.1033674 0.7178193 -0.4504377 -0.5308872 0.5309759 -0.6390755 -0.5564596 -0.5549702 -0.8258326 0.1000435 -0.3922933 0.8416269 0.371174 -0.6741035 0.6910111 0.2609374 0.9307125 0.280166 0.2351197 0.7333862 0.4815994 0.4797987 0.1529943 -0.9159822 -0.3709036 -0.7027383 0.6924228 0.1634311 -0.9032576 0.375574 -0.2075331 -0.05823004 -0.8352111 -0.5468379 -0.8285728 -0.4584633 -0.3213699 0.7764837 -0.5813099 -0.2432119 0.6826625 0.6074621 0.4061548 -0.8378686 0.4865033 0.24757 -0.5061915 -0.8090336 -0.298722 0.4640519 0.831448 0.3055326 0.06375491 -0.9396299 -0.3362012 -0.9085486 0.3145281 0.2749756 -0.5499297 0.6840322 0.4792467 -0.6733103 0.6644293 -0.3243255 0.1608351 -0.1498482 0.9755397 0.3161442 -0.4015052 0.8595618 0.5483188 -0.6538258 -0.5214003 -0.2830644 0.3817936 -0.8798342 0.4263209 -0.6539016 -0.6250306 0.4694864 -0.7584175 0.4520901 -0.4509449 0.7333654 -0.5087474 -0.4479318 0.2852639 0.8473379 -0.6793276 0.6262851 0.382467 0.7315123 -0.4822322 -0.4820186 0.4117375 -0.2552034 -0.8748391 -0.3874039 0.04864668 0.9206258 0.6492995 -0.6796053 -0.3413897 -0.408258 0.8421524 -0.3522855 -0.01001024 0.564207 -0.8255727 -0.1273238 0.5926724 0.7953163 0.03387606 -0.5388128 -0.8417443 0.1049867 0.6752108 0.7301152 0.1150263 0.9124892 -0.3925971 -0.09695994 -0.7174795 -0.6897985 -0.0826165 -0.6937408 0.7154707 0.04992926 -0.9443223 0.3252117 -0.06982761 0.9723067 -0.2230333 0.1753014 -0.4374295 -0.8820005 0.09854614 0.4767693 -0.8734871 0.3467006 -0.6150883 -0.7081421 -0.05450737 -0.3192622 0.9460976 0.5117713 0.3085765 0.8017923 0.8109733 -0.5768339 -0.09790396 -0.3064479 0.7846605 0.5388857 -0.8367744 0.5119894 -0.1941018 0.549872 -0.794151 -0.2587758 -0.6817154 -0.3125813 -0.661481 -0.3215532 -0.4877012 -0.8116349 0.6136472 0.4042863 0.6782255 0.3354328 -0.8937449 -0.2978336 -0.8793107 0.1992274 -0.432575 0.5493802 0.5579562 0.6219859 -0.8480377 0.4933128 -0.1935834 0.8628775 -0.4089306 0.2970157 -0.467194 -0.7479439 -0.4714973 0.1602844 0.9224289 0.3513317 0.618934 0.6418847 0.4526642 -0.9653353 0.1250998 -0.2290802 -0.8177473 0.5673934 -0.09671717 0.2967997 0.3305845 -0.8958927 -0.9014822 0.2658545 0.3415427 0.7776602 -0.6188687 0.1106626 -0.2546229 -0.5855137 0.7696369 0.9017751 -0.3701953 -0.2230633 -0.7737322 -0.3232023 0.5448659 -0.7044162 0.6736527 -0.2235844 -0.5170621 0.8107822 -0.2743707 0.9347141 0.1131655 -0.3369024 0.4706627 0.5798289 -0.6650377 -0.443665 -0.7288411 0.5214902 -0.4189687 0.891163 -0.1740514 0.9423125 -0.2426586 -0.2305729 0.9838773 0.05847471 -0.1690152 0.6992416 -0.712212 -0.06176954 -0.5105838 -0.8563953 0.0767554 -0.9358827 -0.3169152 0.1539102 -0.5718107 0.818987 0.04788482 -0.900591 0.4330674 0.03726392 0.2127166 0.9768791 0.02142423 -0.149695 0.9882927 -0.02948123 0.6191189 -0.7839547 -0.04590129 0.8047668 0.5934808 -0.01144474 -0.9523383 -0.3023189 -0.04068148 -0.7158037 -0.6982245 -0.01037657 0.4940476 -0.8684898 0.04052972 0.9768874 0.2111314 0.03338789 -0.3323189 0.943152 -0.005340754 0.7956525 0.6057348 0.004760861 0.9749305 0.2216292 0.01977628 -0.6753652 0.7374418 0.007843494 -0.9686389 -0.2394511 -0.06634801 0.1964205 -0.8865171 0.4189349 -0.7588901 -0.6422458 0.1077327 -0.8989171 0.4381054 -0.003418147 0.7193465 0.3479842 -0.6012052 0.5932362 -0.7447344 0.3056823 -0.3982401 0.8563581 -0.3287183 0.8696857 0.3762453 -0.3195094 0.5804183 0.8044614 0.1263198 -0.2871571 -0.933833 -0.2133001 0.7268203 -0.59049 0.3507903 0.6201161 0.7031279 0.3479474 -0.7340394 -0.6218216 -0.2729911 -0.7832161 0.1707553 -0.597842 0.1735345 -0.8808873 0.4403674 -0.5036847 0.7909595 -0.3473972 -0.6226897 0.6627923 -0.4158894 0.9204131 -0.2333459 0.3136711 0.5916433 -0.6036983 -0.5343284 -0.9338529 -0.2470213 -0.2586491 0.5447779 0.8001368 0.2509946 -0.5634867 0.6331634 0.5306475 -0.3826236 0.8562871 -0.3469462 -0.5541115 0.7326199 0.3952577 0.9903812 0.07132351 0.1185674 -0.2705536 -0.7577027 -0.5938751 -0.7500419 -0.4481146 -0.4864468 0.8748245 0.1020857 0.4735618 -0.7295618 0.6559189 0.1936749 -0.1650503 -0.9201676 -0.3550351 0.6471896 -0.7278518 -0.2266659 -0.02102774 0.910023 -0.4140242 0.4924219 0.1579656 -0.8559016 0.4300473 -0.7358811 -0.5230091 -0.05398762 0.9808718 -0.1870187 0.444336 0.6921253 -0.5687953 0.4425272 -0.7902011 -0.4239716 0.08008253 0.9924868 -0.0925039 0.05530107 -0.9967018 -0.05939066 -0.4844624 -0.6682188 0.564606 -0.7810571 -0.1538797 0.6052033 -0.3580198 0.8360407 0.415762 0.6442016 0.6412717 -0.4168633 0.7034728 -0.2367087 -0.6701456 0.3656464 0.9271935 -0.08133274 -0.8614549 -0.09326553 0.4991964 0.4738995 -0.7210426 -0.5054867 -0.4980812 0.8021794 0.3292769 -0.3089434 -0.9459962 0.09820997 0.9388852 -0.03943043 -0.3419649 -0.9381323 0.3028734 -0.167856 0.6183882 0.616618 -0.4872149 0.7246326 -0.3398079 0.5995318 0.7334759 -0.549321 0.4003247 -0.9748406 -0.2147017 0.05990892 0.1265946 0.735274 -0.6658424 -0.3640019 -0.8817288 0.3000948 0.7943215 0.4497299 0.408407 0.7555969 -0.6080666 -0.2435745 0.1601042 0.8220065 0.5465089 0.2973222 0.8027272 0.5169414 -0.9146879 -0.1199706 -0.3859445 0.8840162 -0.4657825 -0.03952223 -0.007812798 -0.8854758 -0.4646199 -0.8629615 -0.4021518 -0.3058941 -0.8975126 -0.2404313 -0.3696807 0.9943879 -0.1057775 -0.001983702 0.04742664 -0.9671198 -0.2498599 0.4273919 0.8354651 0.3454477 -0.1965748 0.9267491 0.3201475 -0.9897875 0.002807676 -0.142523 -0.997011 -0.0333873 -0.06967383 0.7814221 -0.6064231 0.1470736 -0.6374462 0.3649439 -0.6785856 0.1636121 0.5681104 0.8065245 -0.1055045 0.6843599 0.7214711 0.6671302 -0.5849711 0.4612442 -0.0332964 -0.5790407 -0.8146184 -0.641084 0.6974527 0.3202673 0.7110052 -0.2928925 0.6392852 -0.2898434 -0.5105909 -0.8094986 -0.7015993 0.5513547 -0.4514052 -0.4863256 0.7248647 0.4879125 0.4620267 0.8868507 -0.005218684 -0.3960458 0.7508909 0.5284986 -0.8299725 -0.1922716 0.5236197 0.4300175 -0.7576732 -0.4909341 -0.3730621 -0.927284 0.03112918 -0.4144544 -0.9097548 0.02395772 0.8720035 0.1112741 -0.4766843 0.8578109 0.1577246 -0.4891662 0.4752424 -0.7766179 -0.4135329 -0.8678672 -0.1973354 0.4559225 0.4803102 0.8679948 -0.126044 0.5235912 -0.7892323 -0.3208812 -0.3441073 -0.9266025 0.1516514 0.9157375 0.09812015 -0.3896118 -0.5992995 0.7369397 0.312666 -0.904231 -0.07431489 0.4205278 0.4035263 0.9074 -0.1174383 -0.260755 -0.9402928 0.2187607 -0.9473064 -0.1215567 0.2963689 -0.595097 0.8004007 -0.07223927 -0.8713936 0.2317958 -0.4323701 0.9748675 0.1532968 -0.161659 0.938407 -0.2818151 0.1999318 0.612067 -0.7869128 -0.07837384 0.7012396 -0.1292182 0.7011175 -0.1749671 -0.9529954 0.2473588 0.4774433 0.8785884 -0.01141417 -0.0538659 0.8118649 -0.5813553 -0.1393792 -0.8000496 0.5835189 -0.836739 -0.348771 -0.4221691 -0.670328 0.4234566 -0.6093808 0.8396447 0.4710946 0.2703087 0.7570994 0.4169281 0.5029628 0.2169914 0.776866 -0.5910957 0.7633855 -0.3903145 -0.5146817 -0.4367014 0.8560983 -0.2763832 -0.8401863 -0.07333695 0.5373164 -0.6727434 0.7371397 -0.06357228 0.8615137 0.08252561 -0.5009829 0.7081071 -0.702583 0.07043832 -0.003021359 0.7794908 -0.6264066 -0.857347 0.0430321 0.5129371 -0.6255568 0.736739 0.2566989 -0.3210899 0.2579767 0.911235 -0.2326518 -0.5264652 0.8177455 0.5561467 -0.829749 0.0470907 0.1920583 -0.6587908 0.7273983 -0.4448505 0.8951335 0.0290544 -0.3372635 0.2050865 0.9187998 0.1924248 0.2060364 -0.9594383 0.6752402 -0.07791584 -0.7334712 0.4899529 -0.6247251 0.6080006 0.3222208 0.1774381 -0.9298869 0.6014974 -0.7632476 -0.2359112 -0.6373018 0.6786858 0.3650096 0.4585474 0.2852302 -0.841652 -0.1284555 -0.7625843 -0.6340067 0.4316306 0.859721 -0.2730842 -0.3865597 0.08768242 0.9180868 0.2345098 0.9710609 0.04522949 -0.2420789 -0.9593427 0.1451191 -0.39004 0.006470143 0.9207752 0.2564273 -0.6421669 -0.7224035 0.521843 -0.1914757 -0.8312744 0.008545398 0.970424 0.2412555 -0.6499344 -0.6304327 -0.4244289 -0.6091725 0.6121329 -0.5041849 -0.01641947 0.9826973 -0.1844903 0.8034881 -0.2082349 0.5577142 -0.1841843 -0.9721332 0.1450279 0.7697284 -0.3247563 0.5495923 0.3181622 0.9474977 0.03195351 -0.8532096 -0.3298878 -0.4039896 -0.8738328 0.1825673 -0.4506502 0.5384808 0.8305494 0.1422194 0.09006303 0.5463601 0.832694 0.3525324 -0.3444141 0.8701149 0.3469393 -0.4221074 0.8375313 -0.02935969 -0.5184956 -0.8545762 -0.3955618 0.34551 -0.8509722 -0.1271134 -0.5939995 -0.7943595 0.3966224 -0.9178531 0.01538145 0.2311208 -0.9727037 0.02075296 -0.4239143 0.9048998 0.03811866 -0.05728465 0.5355219 0.8425764 -0.5325921 0.4839749 -0.6943443 0.3419968 -0.2576116 -0.9037005 -0.4081683 0.1354762 0.9027984 0.3559457 -0.3146836 0.8799301 -0.3607352 0.3319557 0.8715937 -0.4123797 0.2391814 -0.8790537 -0.8942208 0.4463169 0.03421229 -0.8413925 0.533359 0.08710265 -0.8102267 0.5855436 -0.02591085 0.1790564 -0.2767485 -0.9441129 0.4348934 -0.208108 -0.8761044 -0.3017748 0.2943891 -0.9067894 -0.7036513 0.703987 0.09631866 -0.04098737 0.3640643 0.9304715 0.363178 -0.527188 0.7682283 -0.1749377 0.382043 0.907436 -0.1035521 0.9892539 0.1032164 -0.1789677 -0.5463642 0.8182034 0.0345472 -0.9927759 0.1149032 -0.02233988 0.1925445 -0.981034 0.1146011 0.4621583 -0.8793613 0.02865713 -0.6247809 -0.7802742 0.128304 0.9783335 -0.1624858 -0.2049028 -0.9700685 -0.130315 -0.3309568 -0.7993139 -0.5015626 -0.2036244 -0.2230651 0.9532991 -0.1094121 -0.4755539 0.872856 0.0035097 0.5579815 0.829846 0.08133417 0.435939 -0.8962935 -0.06180167 -0.9917873 0.1119755 0.03112906 -0.03112906 -0.9990305 -0.2490962 0.05731469 0.9667814 -0.6055585 -0.3733392 -0.7027922 -0.7160547 -0.6979564 -0.01107865 0.7642378 0.6009893 -0.2339927 -0.1427071 0.0581693 0.9880542 0.1195445 0.4992972 -0.8581442 0.2652764 -0.4587402 -0.8480483 0.1158212 0.5299088 -0.8401083 -0.2372574 0.4680143 0.8512765 -0.2317329 0.9714289 -0.05124187 -0.1526258 0.9849417 0.0812112 0.383022 -0.4711018 -0.79458 0.1939157 -0.9807181 0.0242623 -0.4662176 0.3684023 0.804314 -0.04931926 -0.5688807 0.82094 0.4536048 -0.891004 0.01883023 0.161842 0.4818943 -0.8611534 -0.05939078 -0.5545378 0.8300365 0.5946306 -0.334701 -0.7310197 -0.4315744 0.8954994 -0.1087405 0.2689666 -0.9501575 0.1576627 -0.004791438 0.6493527 -0.7604724 -0.5732442 0.3882972 0.7215376 -0.3029951 0.9405118 0.1537255 -0.09027647 -0.3545747 0.9306595 0.1153323 -0.5443111 0.8309175 -0.0451067 0.9988797 -0.01431328 -0.1304687 0.4295551 0.8935661 -0.03277748 0.5422936 0.8395495 -0.3344007 0.9384706 -0.08630877 -0.008942008 0.3951886 -0.9185565 -0.008118093 0.3921118 -0.9198818 0.3602448 -0.07599198 -0.9297575 0.3238081 -0.5039626 -0.8007308 0.3547273 -0.604712 0.7130864 -0.3601865 0.3515191 0.864118 0.1290675 -0.5048865 0.8534819 0.5109605 -0.8582438 -0.04834312 -0.4909296 0.8371378 0.2412226 -0.5751983 -0.8178578 -0.0159921 -0.7056384 -0.07855683 -0.704204 -0.6038227 -0.7970399 0.01120054 0.03991961 -0.7589314 0.6499458 0.1051687 -0.6566788 0.7468016 0.676244 0.1804293 0.7142404 0.5128787 0.8584501 -0.004364252 0.5378109 0.8430039 0.0101934 -0.7624872 -0.1095327 -0.6376644 0.732598 0.1805783 0.6562711 0.2758971 -0.6994175 0.6593148 -0.4043757 -0.9145911 -0.001861631 -0.3061689 0.8097055 -0.5006373 0.4954761 0.8539218 0.1591261 -0.1994748 0.7503502 -0.6302258 -0.8632052 -0.08282911 -0.4980124 0.7973117 -0.05206555 0.601318 -0.2650563 -0.9393097 0.2178131 0.5692493 0.821035 0.0430935 0.1820794 -0.829795 0.5275297 -0.5714491 -0.6011752 0.5586003 -0.7528786 -0.6059591 0.2568802 -0.9542418 0.2587107 0.149971 -0.9826375 0.1606548 0.09280991 0.6333962 -0.594118 0.4958155 0.4090158 -0.8168413 0.4067879 -0.2730856 0.8489825 -0.4523858 0.3205101 0.8450701 -0.4279369 0.6904206 0.5060501 -0.5169457 0.982617 -0.1856159 -0.0032655 -0.9871697 -0.07187235 0.142585 0.6741717 0.5555126 0.4867221 0.9755312 0.1981581 0.09524893 -0.1814984 0.7226976 0.6669083 -0.5756863 -0.6315062 -0.5194087 -0.9998441 0.005859673 -0.01666355 -0.9893587 0.03921663 0.1401118 -0.347885 0.8942956 0.2814454 0.4654164 -0.7518993 -0.4669423 -0.3345198 -0.8718084 -0.3578363 0.9934148 -0.1108134 0.02911484 -0.9131828 0.0735197 -0.4008641 0.701754 -0.6795668 0.2138466 -0.6174986 -0.7763825 -0.1261976 0.6980622 0.6861292 0.2047828 0.701173 -0.3310086 0.6314982 0.8173387 -0.1684057 0.5509964 -0.8198632 0.1496042 -0.5526691 -0.1578432 0.9167849 -0.3668665 0.4361827 -0.6946207 0.5720549 0.1618734 -0.9322678 0.3235332 -0.07324552 0.9133109 -0.4006226 -0.7186826 -0.6814499 -0.1382797 -0.1941049 0.9336264 -0.3011068 0.597501 0.7984992 0.07342869 -0.8906108 0.2880401 -0.3519167 0.2422654 -0.8849797 0.3976411 0.7007895 0.6690187 0.2476049 0.7396286 -0.3209075 -0.5915808 -0.4785721 -0.421257 -0.770397 -0.9596613 -0.07800585 -0.2701212 0.5486488 0.2981449 0.7810853 0.9873045 -0.142831 0.06949281 0.1780186 0.543944 0.8200209 -0.9801272 0.1697178 -0.1026974 -0.4634397 0.4878249 0.7397639 0.4986817 -0.5993031 -0.6262209 0.835044 0.100165 0.5409886 -0.8346725 -0.186473 -0.5182178 0.2723516 -0.7142058 -0.644775 -0.6022652 0.5562423 0.5726006 0.9028424 0.4209175 0.08777248 -0.08258491 0.8126043 0.576935 0.7713986 -0.3950686 -0.4988638 -0.740544 -0.591245 0.3194121 -0.776766 -0.6290242 0.03103762 0.165139 0.9297043 0.3292099 0.7546476 -0.2893828 -0.5888674 0.4859237 0.6797805 -0.5493422 0.4593147 0.685798 -0.564545 0.8670969 -0.1753298 0.4662644 -0.9822868 0.0240795 -0.1858306 -0.7419209 0.3529541 -0.5700675 -0.568026 -0.6373354 0.520721 -0.375175 -0.6803996 0.6295238 0.6089432 -0.4221677 0.6715375 -0.8950337 -0.1447216 -0.4218655 -0.4713653 0.7095658 -0.5237664 0.7768738 0.0142526 0.6294951 -0.2500424 -0.6994962 0.6694654 0.8279774 0.4928801 -0.267437 -0.6328483 -0.7270919 0.2661588 0.09598165 0.5497353 -0.8298064 0.4000499 0.5951002 0.6970049 0.5476772 0.3493903 0.7602474 -0.5384135 -0.8216589 0.18705 -0.03289908 0.2105785 -0.9770233 0.3760541 -0.08774185 -0.9224342 -0.3496852 -0.2779353 -0.8946912 -0.910095 -0.3482594 -0.2245938 0.6424872 0.2674385 0.7181135 0.9537473 0.2948434 0.05859631 -0.0849964 0.1671239 0.9822654 -0.9379094 -0.3455054 0.03085464 -0.5565531 -0.05884152 0.8287258 0.9217684 0.1833893 0.3416308 0.8014909 -0.2489438 -0.5437272 0.04837286 -0.594727 -0.8024711 -0.8427272 0.5001795 0.1990768 -0.9770113 -0.1227177 0.1743257 0.7968773 -0.2769584 0.5369179 -0.677711 0.01483231 -0.7351788 -0.2193993 0.9651556 -0.1426141 -0.08740741 0.9308406 0.3548181 0.4970014 -0.189889 0.8467183 -0.529264 -0.6465799 -0.5493762 0.1121279 -0.967675 -0.2259038 0.1492984 -0.748995 -0.6455359 -0.3009518 0.3840561 -0.8728854 -0.3203601 0.8987295 -0.2994239 0.2765706 -0.4443686 0.8520829 0.2040835 -0.9789113 0.009094774 0.2363432 -0.0869196 0.9677742 -0.2554459 0.9667574 -0.01129209 0.04059088 0.5244776 0.8504562 -0.1083747 -0.5638784 -0.8187162 0.1664496 -0.7532046 0.6363785 -0.3048588 -0.1157298 -0.94534 -0.1112411 0.934517 0.3380876 0.4001027 -0.6775805 0.6170921 -0.3340669 -0.6460987 0.6862623 0.9161328 0.03280836 -0.3995301 0.5068934 0.6031204 -0.6158774 -0.6180208 0.6926107 -0.3719418 -0.9266229 0.3367179 0.167306 -0.5579254 0.6902575 0.460721 0.2287699 0.3492587 0.9086709 -0.7179706 0.3799064 -0.5832576 0.6806381 -0.5130575 0.5229762 0.5307921 -0.7530643 -0.3887856 -0.3211579 -0.3511587 -0.8795142 0.07126224 1.83115e-4 0.9974576 0.1626067 -0.8980602 -0.4087141 0.05032551 0.1174669 0.9918009 0.1164299 -0.8490379 -0.5153434 -0.2944236 0.8260769 -0.4805328 -0.291491 0.7868213 -0.5440087 -0.3969894 -0.8448844 0.3585662 -0.7677322 -0.07034593 0.6368978 -0.4096599 0.8968389 0.1669098 0.3426418 0.9062749 -0.2475126 -0.8436629 -0.2676807 -0.4653818 -0.4637688 -0.2063704 0.8615857 0.1072118 0.03656125 0.9935638 0.8374397 0.2228187 0.4990457 0.8183466 0.2830672 -0.500182 -0.8103505 -0.3058041 -0.4998159 0.478075 0.1260116 -0.8692327 -0.3054916 0.9520595 0.01605278 0.3973884 0.6828941 0.612975 0.400164 0.6435524 0.6524639 0.2960078 -0.9533959 -0.05844467 -0.4342259 -0.6586329 -0.6145328 0.2704259 -0.9624673 0.02294999 0.7397207 -0.2914874 0.6065051 0.6868948 -0.3131572 0.6558263 -0.7873449 0.2828558 -0.5477964 -0.3802981 0.9232019 0.0554226 -0.4787351 -0.6406126 -0.6003568 0.7243786 -0.3164864 0.6124639 0.3100762 -0.9493033 0.05173021 0.4499419 0.533625 0.7160983 -0.2923106 -0.8081726 -0.5112842 -0.2579785 0.2965548 -0.919512 -0.7785211 0.2957031 -0.5535926 0.1108163 0.971314 -0.2104015 -0.2013634 0.9793806 0.01632755 0.2366727 0.6261832 0.7428868 0.06293046 -0.2813559 0.9575378 0.2866363 -0.3428831 0.8945786 0.250803 0.6925008 0.6764174 0.1675212 0.9498569 -0.2640238 -0.05649101 0.9812843 -0.1840919 -0.350574 0.6004042 -0.7187577 -0.142249 0.313369 -0.938917 0.06647062 -0.9726747 0.2224538 -0.08142459 -0.5519354 -0.8299021 -0.2878292 -0.6422825 -0.7103714 -0.07050067 0.7078455 0.7028403 0.1773781 -0.165201 0.9701781 0.2424742 -0.2380184 0.9405071 -0.6576302 0.7528199 -0.02801668 -0.4874559 0.3659887 0.7927415 0.5093047 -0.4456415 -0.7362149 -0.3600668 0.2231572 -0.9058437 0.3521242 -0.2415856 0.9042372 0.6269534 -0.7619698 0.1622699 0.7095812 -0.6960915 0.1093212 0.3591824 -0.4341074 -0.8261591 -0.09903293 -0.3576479 -0.9285905 0.4413374 -0.6376366 0.6313802 -0.1925423 0.9807483 0.03256338 -0.7884977 0.5950966 -0.1553434 -0.527767 0.1804595 -0.8299978 -0.3189566 -0.7611498 -0.564728 -0.1033069 -0.8415318 -0.5302377 0.1730429 -0.9440454 0.2807751 -0.08578956 0.9051089 0.4164349 0.5168116 -0.07477194 0.8528277 0.2605434 0.7959133 0.546479 -0.5525857 -0.2480012 -0.7957038 -0.2799567 0.9280108 -0.2458052 0.4304484 -0.7558178 0.4934103 -0.8712618 -0.4906265 -0.01373362 -0.8215516 0.2538603 0.5104979 -0.7769476 -0.6225224 0.09390634 0.8186733 0.5698515 -0.0710178 0.8399794 -0.2447638 -0.4842783 0.805955 -0.3450518 -0.4810155 0.06537139 0.8298384 0.5541616 0.8333898 0.4806786 0.2727813 -0.7523888 0.3382438 0.5652453 -0.01205509 -0.8276213 -0.5611576 9.461e-4 -0.9232715 -0.3841471 0.8816931 -0.2223307 -0.4161567 0.8918854 -0.06158721 0.4480485 0.007934987 0.1855872 0.9825958 0.2310901 0.3541125 0.9062019 0.9024834 -0.02771139 0.4298325 0.7548905 -0.277724 -0.5941463 0.764636 -0.3055614 -0.5674188 -0.1065719 -0.2538866 -0.961345 0.1371528 0.4294343 0.8926227 -0.934579 -0.2113431 -0.2861753 -0.8016836 0.1986202 0.5637849 -0.896455 0.04062032 -0.4412692 -0.1407239 -0.432823 -0.8904275 0.934567 0.1413661 0.3264972 -0.5881322 -0.6204214 -0.5188235 0.3147812 -0.6981099 -0.6430827 -0.8034468 -0.4453048 0.3951923 -0.824503 -0.4335233 0.3636651 0.7864244 -0.03637909 -0.6166144 0.3863136 -0.6692278 -0.6347409 -0.7321463 0.1634282 0.6612511 -0.8372642 -0.1760959 0.5176669 -0.01113969 0.8519877 0.5234432 -0.8420516 -0.05704009 0.5363726 -0.8525143 0.5159521 0.08374375 -0.3358337 -0.6547597 0.6771304 0.8392822 0.08279895 -0.5373542 0.7280781 -0.6845265 -0.03640997 0.7137532 -0.686469 0.1389846 -0.2399083 -0.9141601 0.3267343 0.2043565 0.9261049 -0.3171249 0.8142619 0.1869628 -0.5495657 -0.676909 0.7360545 -0.004242122 0.9005717 0.3748109 -0.2201987 -0.3360511 0.8632158 0.3767337 0.5077803 0.7879171 0.3483474 -0.4877302 -0.8123649 -0.31966 -0.9805883 -0.1677956 0.1014465 -0.9360277 -0.04345947 0.3492326 0.3474331 -0.7623752 -0.545962 0.6235788 -0.6721357 -0.3992284 -0.4275739 -0.8473043 -0.3150496 0.7104276 0.6661136 0.2271244 0.987316 0.001617491 -0.1587591 0.6372159 -0.6517126 -0.4113718 -0.9455718 -0.3053736 0.1124321 -0.5351572 -0.6327581 -0.5596642 0.8091228 0.5319176 0.2497684 0.6475555 -0.6072702 -0.4603204 0.182564 0.3869491 0.9038478 -0.6586626 0.5497705 0.5137276 -0.9163146 0.3108096 0.2525175 0.04147565 -0.415428 -0.9086801 0.8525491 -0.485924 -0.192453 0.9635972 -0.1431372 0.2258149 -0.619271 0.02197402 -0.7848698 -0.3120613 0.1951413 0.9298052 -0.609045 0.5138245 -0.6041924 0.386824 -0.2432337 -0.8894968 0.662536 -0.6601861 -0.3538368 0.6310157 -0.7754632 -0.0218212 0.2233706 -0.4490607 0.8651301 -0.6330925 0.7739696 0.01284861 -0.2002989 0.529634 -0.824238 -0.2906957 0.1450274 0.9457606 -0.428767 0.3488062 0.8333626 0.573123 -0.8132494 0.1007749 0.5281021 -0.4533303 0.7180529 0.401846 -0.1235416 0.9073352 -0.4464013 0.3103171 0.8393028 -0.8726664 0.4862321 -0.04507684 0.914291 -0.3978774 0.07593148 0.932482 -0.3278977 0.1515275 -0.4374064 0.2180317 -0.8724322 -0.2655812 0.2673819 -0.9262686 -0.5468152 0.5609456 0.6215571 -0.04175066 0.1405118 -0.9891983 0.4049291 -0.236524 -0.8832264 0.7839538 -0.5222188 0.3357142 -0.6657665 0.05529993 -0.7441082 0.2495244 0.7385327 -0.6263443 -0.8128595 -0.4840717 -0.3239352 -0.04602324 -0.7201971 0.6922413 -0.7688601 -0.6251776 -0.1341911 0.6729574 0.7375674 0.05588138 0.6622374 0.01437455 0.7491563 0.7702426 0.05804741 0.6351038 -0.01422184 0.7562618 -0.6541146 0.6605185 0.6239875 0.4175583 0.7532103 -0.6346437 0.172921 -0.5899336 -0.7376459 -0.3284157 0.3011361 -0.6844002 0.6640132 -0.4490619 -0.7477244 -0.4891338 -0.7453989 0.5986936 0.2931666 0.05130243 0.9340954 0.3533186 -0.6591823 0.578856 -0.4800046 0.9720738 -0.1502776 0.1802476 0.8697631 0.07645028 0.4875116 0.1852223 -0.8886339 -0.4195505 0.5574062 0.590886 0.5832256 -0.9790518 0.1714256 -0.1098687 -0.7214444 0.2178158 -0.6573235 0.4488432 0.01156669 -0.8935357 0.9084638 -0.2928009 -0.2982637 -0.5424821 0.04785436 0.8387032 -0.9341655 0.3565266 0.01495444 -0.2055475 -0.1875717 0.9605036 0.9491726 -0.3147428 0.002899289 0.3965098 -0.3238734 0.859003 -0.461147 0.469784 -0.7527592 0.7289496 -0.6806377 -0.07324588 0.3248804 -0.5419964 0.7750436 0.4132904 0.06006169 -0.9086163 -0.7101448 0.7031559 -0.03558504 -0.3107479 -0.5111075 0.8013769 -0.8296676 0.2490376 0.4996318 0.1972147 -0.7127137 0.6731609 -0.449728 0.6787426 -0.580563 0.2855384 0.3673911 -0.8851507 0.9688605 0.2173572 -0.1185973 0.9852427 -0.06204497 -0.1595224 -0.372212 -0.6050429 0.7038335 -0.746436 0.4587935 -0.4820186 0.7280036 0.2802573 -0.6256729 -0.6968424 0.04226893 -0.7159779 -0.9505392 -0.1407833 -0.2768667 0.8407561 -0.2792551 0.4638381 0.8755698 0.110419 -0.4703033 0.07660329 -0.1012629 0.9919062 -0.6326872 -0.1487796 0.7599815 -0.8152747 0.4186702 0.4000532 0.157873 -0.2572112 -0.9533722 0.1030011 0.1299493 0.9861561 -0.6728551 0.3384571 -0.6578092 0.5601543 -0.762193 -0.3244829 -0.1829329 -0.4150325 -0.8912258 -0.5682957 0.8012172 0.187326 0.4355745 -0.483185 0.7594782 0.2885883 -0.3118133 -0.9052565 -0.4532057 0.6115377 -0.6485571 0.6364192 -0.7116494 -0.2975328 0.3585711 -0.3088247 0.8809394 0.7342952 -0.67875 -0.0104376 -0.7609439 0.648693 -0.0127266 -0.3724247 0.3485588 0.8601202 -0.08935934 0.1124011 0.9896368 -0.455094 0.2761937 -0.8465262 -0.6773834 0.3834487 0.6277889 -0.1361135 -0.108372 -0.984748 0.7740269 -0.5272185 0.3506041 0.6545451 0.1549764 -0.7399683 -0.09198403 -0.8180292 -0.567774 0.5979323 0.7582192 -0.2599626 -0.2077728 0.6738578 0.7090461 0.4541619 0.8904393 -0.02923774 -0.4117684 -0.910212 0.04428368 -0.6411194 -0.2223027 0.734539 -0.5625657 0.1387721 0.8150228 0.2463198 -0.7186338 -0.6503015 -0.5357963 -0.5798966 0.613712 0.5712233 -0.3410493 -0.7465853 0.1941352 0.9508993 0.2410438 -0.3796337 -0.1548871 -0.9120792 0.6370892 0.4055702 -0.6554619 -0.8289643 -0.4752155 -0.2949382 -0.2777243 -0.3788648 0.8827971 -0.7526924 -0.6578696 -0.02572757 0.7173255 0.696603 0.01373368 0.4315726 0.2651512 0.8622297 0.181129 -0.03610372 0.9827964 0.2919476 0.4728965 -0.8313456 0.4236679 0.5797432 0.6959909 -0.07709151 0.3054363 -0.9490867 -0.5764467 -0.7757982 0.2566055 0.4946355 0.6103668 -0.6186988 0.5598807 -0.762744 0.3236595 0.3982486 -0.8254297 0.4000798 0.4159771 0.6747497 -0.6096522 -0.9198101 0.1613535 0.3576514 0.096197 0.002746701 0.9953586 0.319475 0.9205203 0.224896 -0.2906976 -0.7263625 0.6228101 0.3679692 0.7515948 -0.5474522 -0.1259216 -0.2913654 -0.948288 -0.2594763 -0.8509429 -0.4566928 0.2261458 -0.1796653 0.957381 0.5702447 0.6230118 -0.5354227 0.6391348 0.6760021 -0.3667807 -0.7024387 -0.5515498 -0.4498586 0.06372362 -0.2802559 0.957808 0.6940632 -0.705874 0.1414861 0.1852542 -0.6252255 0.7581386 -0.3587783 -0.138433 0.9231004 -0.4976772 0.01489335 0.8672345 -0.7181155 0.6955923 0.02148544 0.6497486 -0.04110902 -0.7590369 0.5978742 -0.09210741 -0.7962806 0.7451975 -0.6665789 0.01880007 -0.1275716 0.6594659 -0.7408308 -0.1100204 0.5753718 -0.8104584 -0.6600982 0.7384103 -0.1379159 -0.7154551 0.04361152 0.6972963 -0.06335824 0.7271552 -0.683543 0.04400891 -0.7196777 0.6929122 0.803447 -0.5928649 -0.05462926 0.7593172 0.08023488 -0.6457554 -0.5491359 -0.2937799 0.7823958 0.8690451 -0.488588 -0.07773333 -0.2007237 0.8619493 -0.465568 -0.4320006 0.5699478 -0.6989529 -0.3383392 0.133004 -0.9315774 -0.323382 0.6040676 0.7283726 0.1948944 -0.3896669 -0.9000977 0.601595 -0.7982915 -0.02853542 0.4929414 -0.8070116 0.325179 -0.2050582 0.7822668 0.5882261 0.3267372 -0.6711449 0.6654378 0.4150673 -0.4049653 0.8146916 0.1395344 -0.4461317 -0.8840231 0.2774187 0.05740642 0.9590325 -0.1816784 -0.8015459 -0.5696641 0.2827892 0.6165146 -0.7348062 0.1811931 0.8758736 -0.4472299 0.2671369 0.1138681 0.9569075 -0.403549 -0.8943511 -0.1930919 -0.1126169 -0.3858885 0.915646 -0.8596944 0.1572958 0.4859873 -0.7148876 0.3809743 -0.5863397 0.794447 -0.3125783 0.5207197 0.9103032 -0.1078252 -0.399652 0.1484469 0.4374667 -0.8868971 0.978462 0.1802437 -0.1006203 0.6932972 0.06012213 -0.7181395 0.2799196 0.1847005 0.9420886 -0.225536 0.2003272 0.9534162 -0.1033684 -0.1492081 -0.983388 -0.8482936 -0.4450985 -0.2868542 -0.9642494 -0.03381508 -0.2628301 0.706981 0.591923 0.3870465 -0.7429229 -0.3965938 0.5392394 0.1006824 -0.546383 -0.8314617 -0.7770588 -0.11689 0.6184791 0.4449442 -0.3294582 -0.8327558 -0.5091194 -0.6872287 -0.5181835 0.3395868 0.459344 0.8207826 0.9178426 0.2862116 -0.2750415 0.5528846 0.7829074 0.2852624 -0.9055584 0.2483632 0.3439181 0.6763135 -0.2748287 -0.6834246 0.581825 -0.2050609 0.7870385 0.1389828 -0.1474365 -0.979258 -0.8798061 0.4519581 0.1472244 0.6353779 -0.1427685 0.7588889 -0.1654453 0.2237373 0.9605049 0.8685139 -0.4749695 -0.1417309 0.6357489 -0.5280765 -0.5629907 0.2378079 0.0230422 -0.9710389 0.5441299 -0.5211182 0.6575398 0.6796315 -0.5031697 0.5337803 -0.6926249 0.6091864 0.3862158 -0.167303 0.1689816 -0.971316 -0.8456194 0.376726 0.3781604 0.7174701 -0.1071826 0.688294 -0.231731 0.140357 -0.962601 -0.8944801 -0.2027069 0.3985165 -0.8863713 -0.1847331 0.4245231 0.1290325 -0.1190529 0.984468 0.8232287 0.1123111 0.5564897 -0.6999015 -0.008850574 -0.7141846 0.1428306 0.1998713 -0.969356 0.8967787 0.02908486 -0.4415225 -0.8397787 0.1439306 -0.5235036 -0.1848527 0.06744664 0.9804491 0.3094971 -0.8677883 0.3887865 -0.634252 -0.5035989 0.5866113 -0.9590423 0.2720196 0.07901477 -0.7919521 -0.4854137 0.3703854 -0.5567611 0.7208932 -0.4127107 0.9300551 -0.3663576 -0.02792543 0.622225 -0.6727952 0.4002285 0.8094647 0.449611 -0.3776465 0.5262719 0.5173298 -0.6748391 0.7099781 -0.5748677 0.4067656 -0.9427895 -0.2919437 0.1609871 0.2106785 0.8845872 -0.416077 0.2873955 0.7394707 0.6087586 0.2603883 0.3950993 0.8809622 0.2576431 -0.9445999 0.2033494 -0.2799561 0.8821684 -0.3786869 -0.5431813 0.7346589 -0.4064856 -0.2795535 0.1616588 -0.9464229 0.1835708 0.6544765 0.7334592 -0.04342865 -0.851971 -0.5217849 -0.9079152 -0.1711515 -0.382619 0.7688102 0.4544314 0.4499146 0.2263604 -0.775003 -0.5900265 -0.2306032 0.6597949 0.7151873 -0.6603218 0.6898953 0.2966809 0.9826982 -0.05206626 -0.1777457 -0.6246648 -0.6873205 -0.3706544 -0.8171088 -0.009369254 0.5764075 -0.6211215 0.7100538 0.3317104 -0.1836635 -0.9695286 0.1621171 0.0260629 0.9964941 0.07950097 0.01971548 -0.9933736 -0.1132267 0.8184012 0.08313411 -0.5686021 0.7463897 0.2012469 -0.6343519 0.8655955 0.1851926 -0.46524 -0.3030564 -0.952934 -0.008575916 -0.4559558 0.686833 0.5660077 -0.308578 -0.9441065 0.1159418 -0.1937687 -0.8407533 -0.5055568 0.1192073 -0.03796565 0.9921433 0.2230063 0.8417595 -0.4916393 0.1522912 0.6849747 0.7124726 0.4654765 0.8438517 0.2669196 0.3968704 -0.2460145 -0.8842911 0.2279496 0.8238108 0.5190134 -0.689107 -0.4247748 0.5871098 -0.4526019 -0.8567087 -0.2473898 -0.7650019 -0.54929 0.3362333 0.4707641 -0.329367 -0.8184734 0.08185148 0.9538658 0.2888606 -0.169992 -0.9702365 -0.1724641 -0.4736877 0.5449194 0.6918691 0.818045 0.4759212 -0.3229575 -0.5809043 0.6745679 0.455531 0.9098004 0.1357178 0.3922296 0.9810176 0.1764025 0.08054083 -0.291244 -0.7192138 -0.6307998 -0.8123146 0.5351644 0.2318282 -0.183328 -0.8197423 -0.5425986 0.02832126 0.05880934 -0.9978674 -0.1535114 0.2796776 -0.947742 0.06445592 0.762271 0.6440407 0.3283241 0.7829362 0.5284072 -0.1256167 -0.8458069 -0.5184893 -0.02060008 -0.9008507 0.4336401 0.1870509 0.003112912 0.9823454 -0.2050274 -0.7616351 0.6147161 0.2563307 0.8772741 -0.4058137 0.4025226 -0.4635617 -0.7893581 0.3754804 -0.9182989 0.1254653 -0.07800579 0.2438139 -0.9666799 0.4958447 -0.6344323 0.5929872 -0.1261076 -0.4025251 0.9066811 -0.8890449 0.3666841 0.2741204 -0.5881488 0.5996548 -0.5426741 0.8995146 -0.2127168 -0.3816086 0.6049788 0.2736337 -0.7477468 0.8078968 -0.3625342 0.46462 -0.9602059 0.2782161 -0.02450716 -0.7321636 0.5388529 -0.4166221 -0.1883355 -0.01992917 0.9819026 -0.8591773 -0.1677641 0.483394 0.8111307 -0.481069 -0.3326252 0.07007151 -0.1799092 0.9811843 -0.8582044 0.5124201 -0.03018361 0.1128886 -0.07190197 -0.9910027 0.9228048 -0.3718137 -0.1009265 -0.6891465 0.2643544 -0.6746805 0.8300321 -0.122901 0.5440057 0.6954617 0.03241091 -0.717832 0.8411126 0.2797096 -0.4629171 -0.1062078 -0.2027714 0.9734494 -0.8863704 0.06601309 -0.4582464 -0.5730019 -0.2076845 0.7928027 0.437731 -0.7176188 0.541678 -0.4378617 -0.8584188 -0.2671973 0.7777602 0.003723382 0.6285502 -0.7988322 -0.3046091 -0.5187298 -0.4734132 0.6825915 -0.5567305 -0.1422809 0.900838 -0.4101793 -0.3250643 -0.9442458 0.05228006 0.6214416 0.7671425 0.1590685 -0.04092544 -0.9494034 0.3113813 -0.7432719 0.4000496 -0.5361971 0.7611818 0.5599681 0.3271669 0.2323746 0.7338389 0.6383436 0.526829 0.8106001 -0.255693 -0.4923347 6.40902e-4 0.8704057 0.5988593 0.2693371 -0.7542049 0.1828716 -0.4671893 -0.8650388 -0.3263722 -0.710731 -0.6231714 0.6906496 0.723061 -0.01364207 -0.7414022 -0.1870214 0.6444733 0.07806956 0.7068992 0.7029927 0.08768022 -0.7084308 -0.7003129 -0.532414 -0.8225635 -0.1998116 0.0580163 0.7749953 0.6292984 0.7633992 0.6429107 0.06235003 -0.4384339 -0.8181801 -0.3719639 -0.8830579 -0.2023693 0.4233856 -0.7286369 -0.6807529 -0.07525938 -0.5647391 0.4485806 0.6927088 0.9374478 0.3155345 -0.1470704 0.8293656 -0.05203562 -0.5562778 0.4582801 0.6672468 -0.5871638 0.5369926 -0.2327426 -0.8108451 -0.1101127 -0.9528045 -0.2829115 0.1080365 0.9142209 0.390549 0.2878906 0.9575498 0.01474088 -0.4971581 0.2895663 0.8179152 -0.3367817 -0.9265387 0.1676431 -0.5904024 -0.6832432 0.4296555 0.4880093 -0.3138031 -0.8144782 0.9081586 -0.1995037 -0.3680305 0.6822562 -0.5608204 0.4690492 -0.4442711 -0.5892078 0.6748759 -0.6237217 -0.7647206 0.1617825 -0.9286256 0.2086264 -0.3068053 0.05969536 0.9030606 -0.4253449 0.9060171 0.1967254 -0.3747426 -0.675828 0.6092646 -0.4147931 -0.7168682 0.4538832 -0.5292354 -0.1613872 -0.9806532 0.1107859 0.7242298 0.4304177 0.5387318 0.7112106 0.5535808 0.4332756 0.8234412 0.2783359 0.4944431 -0.5179415 0.7023692 -0.4882768 0.1956575 0.1476205 -0.969498 0.5320441 -0.5384532 -0.6534502 -0.6757233 0.6798129 -0.2850484 -0.04800611 -0.1477112 0.9878649 -0.7921295 0.6097154 -0.02789467 0.8525882 -0.52243 0.01266551 -0.01220744 -0.1883307 0.9820299 0.3031507 0.2058238 -0.9304495 0.6652004 -0.2500147 0.7035632 -0.8739605 0.4175392 0.2487046 -0.09369397 0.500149 -0.8608556 -0.3036317 0.8583416 0.413591 0.2223925 -0.06488353 -0.9727958 -0.39061 0.7633665 0.5144857 0.2749485 -0.8336962 -0.4789091 -0.2144898 0.9533627 0.2123534 -0.08609449 0.5633835 0.8216976 0.09830236 -0.1417617 0.9850078 0.2651532 -0.9642018 0.002960383 0.03436398 -0.5346258 -0.84439 0.184948 -0.9804688 0.0668987 0.2114977 -0.4619075 0.8613422 -0.05563592 -0.2878239 -0.956066 -0.224561 0.4822049 -0.8467885 -0.3708717 0.917871 -0.1413048 -0.4613657 0.4235824 -0.7795637 -0.5271883 0.8445572 0.0937854 -0.7215602 0.1459723 -0.6767889 -0.7565941 0.6415379 0.1264703 0.8188382 0.3087047 0.4839478 0.7078312 -0.6641278 -0.2406437 0.7286998 -0.2555347 0.6353729 0.8472745 -0.2447031 -0.4714303 -0.8721137 0.07812887 0.4830257 -0.05945026 0.6147671 0.7864649 -0.895736 0.2913659 0.3358018 0.264297 -0.6609255 -0.7023708 -0.1551318 -0.6249831 -0.7650688 -0.8008548 -0.5482473 -0.2409492 -0.8751147 -0.3790211 -0.3008608 0.07031625 0.7486058 0.6592761 0.7821928 -0.3799414 -0.4937804 0.5388841 0.630748 0.5583556 0.8662232 0.4545207 0.2075297 -0.96579 -0.0119636 0.2590496 0.4436608 -0.2087528 -0.8715432 -0.7756338 -0.00564593 -0.6311581 0.949914 0.04242181 -0.3096186 -0.471587 -0.370476 -0.8002208 -0.9912853 -0.1098376 0.0727266 0.5271501 0.1958082 0.8269051 0.9880144 0.117192 -0.1004678 0.4636771 0.4381936 0.7700585 -0.9035755 -0.3000626 0.3058002 -0.3775508 0.3423929 0.8603618 -0.9442018 -0.2947846 0.1469192 -0.3852434 -0.5412573 -0.7474143 0.3329623 -0.4452723 -0.8311851 0.1162489 -0.5793829 -0.8067229 0.7577718 0.4231241 0.4967374 0.9574703 0.2849552 -0.04529005 0.09470051 -0.4223528 -0.901471 -0.009399771 0.2604786 -0.9654339 0.184276 -0.9513501 -0.2469323 0.007232964 -0.1335515 0.9910156 0.3077216 -0.9303979 -0.1991661 -0.1790547 0.9802998 0.08337777 -0.2430554 0.7027059 0.6686769 -0.2614923 0.6496412 -0.7138544 0.2505619 -0.3058931 0.9185032 -0.5571255 0.8264867 -0.08081448 -0.5153818 0.6593725 0.5473661 -0.2768431 -0.05939108 -0.959078 0.6210042 -0.67719 0.394674 -0.1106014 -0.3487117 -0.9306812 -0.6502217 0.6699984 0.3582094 0.5753841 -0.4887697 0.6557724 0.2525185 0.2065866 -0.9452812 0.4101753 -0.03097677 -0.9114805 -0.708476 0.6414861 0.2942065 0.4752786 -0.7144286 0.5135194 -0.6548244 0.5755045 0.4898976 0.4528787 -0.6806151 0.5759028 0.7367247 -0.6760228 -0.01516783 -0.1785063 -0.8555424 -0.4859864 -0.06515759 -0.872471 -0.4843025 -0.004577875 0.8650974 0.5015832 0.8492699 0.1593735 0.5033298 0.08896309 0.830302 0.5501675 -0.8949134 -0.2792809 -0.3480405 -0.8513345 -0.2315495 -0.4707595 0.9021168 -0.01571738 0.4312057 0.4815068 -0.6349591 0.6041343 0.7309603 -0.6766365 0.08865761 -0.3933683 -0.872497 0.2898455 -0.8008877 -0.5630202 -0.20393 -0.06521904 -0.9788354 -0.1939786 -0.7812582 0.5692726 -0.2560552 0.1973102 0.8680429 -0.4555989 0.2737573 0.9564112 0.1016595 -0.7582889 0.5067772 -0.4100913 0.9712541 0.238045 4.88297e-4 -0.1872331 -0.7428898 0.6426964 0.4978676 -0.6099969 0.6164671 0.9874166 0.147377 -0.05734544 0.342519 0.8130058 -0.470853 -0.6136531 0.7623435 -0.2055785 -0.9933472 -0.004028558 0.1150888 -0.6234226 -0.1348963 0.7701606 -0.91126 -0.3538464 -0.2107086 0.0742526 0.008087515 0.9972067 0.3012226 0.08334738 -0.9499043 0.9824637 0.1864398 0.002319395 0.9459701 0.3225869 0.03283852 0.5057574 0.1586366 0.8479646 -0.984757 -0.1738668 0.004913508 -0.4524725 -0.02160733 -0.8915167 0.3817325 0.1973057 -0.9029677 -0.6184123 0.1880903 -0.7630127 -0.9898916 0.1218328 -0.07260525 -0.9419469 0.3343386 0.03088545 -0.601113 0.4556568 -0.6565365 0.5825145 -0.343643 0.7366046 -0.8817381 0.1670025 0.4411895 -0.5762379 -0.1416103 0.8049202 0.6052082 -0.4536467 0.654162 0.9824973 -0.08548361 -0.1655043 0.4001409 0.5150773 -0.7580124 0.4399015 0.2756785 -0.854686 -0.8791833 -0.4712396 0.07049822 -0.6604096 -0.1253432 0.7403704 -0.1803061 0.278974 0.9432197 -0.3597276 -0.6270436 -0.6909505 -0.3388831 -0.5260257 -0.7800354 -0.5623683 -0.7848193 0.2603856 -0.2245898 0.2364617 0.9453282 0.3304291 0.494133 0.804145 0.4995402 0.3801486 -0.7784258 0.5116576 -0.09323674 -0.8541156 -0.009216845 0.9457948 -0.3246343 0.7754802 0.6309436 0.02325522 -0.02752816 -0.7135363 0.7000774 0.04263532 -0.8351889 -0.5483083 0.01818913 -0.4743835 0.8801304 -0.09729361 0.9382977 0.3318604 0.05255371 0.4080393 -0.9114505 0.2491577 -0.6115107 -0.7509828 0.01294016 -0.4115228 0.9113076 0.05450701 0.9859488 -0.1579056 0.34722 -0.677929 -0.6479589 -0.80099 -0.2924704 -0.5223755 0.9235621 -0.3198683 -0.2114652 0.03488355 0.7148234 0.6984345 0.9998582 0.01522886 -0.007202386 -0.9779143 0.06973546 0.1970294 -0.03726339 0.7187778 0.6942406 -0.5971075 -0.6445343 -0.4775334 -0.09799617 -0.8248342 -0.5568172 0.9542065 0.2857187 0.08862709 0.4239713 -0.7821739 -0.4565657 -0.5433086 -0.6815316 -0.4902352 -0.566599 -0.6439666 -0.5140746 0.9866859 -0.1552206 0.04855602 0.9930639 -0.1153931 0.02255368 -0.4696028 0.6631878 0.5827995 0.4697223 0.6133155 0.6349842 0.6034811 0.6068077 0.5172957 -0.6982495 -0.5496819 -0.458582 -0.9955132 0.05868881 0.07422322 0.6642854 0.4379839 0.6057186 0.9821064 0.1375193 -0.1286687 -0.2628625 0.2161985 0.9402987 -0.2869434 0.3100161 0.9063959 0.3716655 -0.5491665 -0.7485193 -0.5133661 -0.4274236 -0.7441535 0.9023548 0.1972137 -0.3832268 0.4256225 -0.2577357 -0.8674203 -0.9774273 -0.02526956 0.209756 -0.8775497 -0.3522834 0.3252739 -0.4652339 0.3752634 0.8017075 0.9236196 0.05703949 -0.3790429 0.08417075 -0.6379036 -0.7655026 0.9708346 -0.03885042 -0.2365819 -0.6894407 -0.383511 -0.6144843 -0.9289312 -0.2898675 0.2303559 -0.4278791 -0.8831951 -0.1920573 -0.7267245 -0.6060819 0.323321 0.5505369 0.6617797 0.5088782 0.7263311 0.6790565 -0.1064211 0.8649861 -0.2926523 -0.4076196 0.1398387 0.7527241 0.643313 -0.3706582 0.5522487 0.7467489 -0.6963246 -0.4952645 -0.5194662 0.2368296 0.8959854 0.375662 -0.6647742 -0.7122625 -0.2252944 0.7879249 -0.5787435 0.2103106 0.4692931 -0.7233651 0.5064654 -0.7756146 -0.1497271 -0.6131915 0.105109 0.9828484 0.151529 -0.6260656 -0.7793317 -0.02615469 -0.8720321 -0.1564427 -0.4637735 -0.02456814 -0.9309055 0.3644332 0.2823665 -0.859399 0.426266 0.8423044 -0.008087635 0.5389418 -0.2799536 0.8237161 -0.4930699 0.5326545 0.8453865 0.04001086 0.5735411 0.8189433 0.01956254 -0.8594539 0.2032279 -0.4690815 -0.3221583 0.8422015 -0.4323318 0.8877345 0.05606323 0.4569294 -0.4451901 0.8467677 -0.291188 0.5297152 0.828342 0.1823499 -0.604951 -0.7790019 -0.1648951 0.1870231 -0.9593176 0.2114997 0.9251772 -0.02639871 0.3786162 -0.429835 0.8920511 -0.1395956 -0.9549444 -0.09195423 -0.2821801 -0.7690208 -0.4800047 -0.4221405 0.2031075 0.9337758 0.2946357 0.6619878 0.4852217 0.5712548 0.4850711 -0.8696427 0.09180152 -0.6394634 -0.1821981 -0.7469207 0.7052025 -0.567867 0.4245193 -0.5961879 0.6460864 0.4765841 -0.2761968 0.744297 0.6080603 0.6840487 -0.5706408 0.4543641 -0.1798785 -0.2750977 -0.944439 -0.6078523 0.5225204 -0.597903 0.6218634 0.5733681 -0.5334182 -0.9643426 -0.09924811 -0.245343 -0.2404299 -0.808361 0.5373508 -0.9482628 -0.311998 -0.05878001 0.9165825 0.3843585 0.1102047 0.6806949 -0.3836844 0.6240518 0.3397392 -0.6771285 0.6527436 0.262349 0.8384729 -0.4776362 -0.6910996 -0.6495329 0.3169994 0.751403 0.6476697 -0.1261646 0.8277291 0.08911466 0.5540066 0.4878127 -0.4189622 0.765839 0.7739138 0.1208572 0.6216519 -0.9507976 0.002685666 0.3098012 -0.4902067 -0.2700989 0.8287002 0.2301452 0.2451912 -0.9417614 0.3301565 -0.3982753 0.8557883 0.6853338 -0.7007154 0.1982817 0.6336166 -0.7732132 0.02591109 -0.3346168 0.2231287 -0.9155573 -0.8728941 0.4701091 -0.1305892 -0.5662848 0.6202735 -0.5427545 0.2734533 -0.3637295 -0.8904629 -0.113774 0.2278838 0.9670184 -0.4069778 0.4618518 0.788075 -0.2898408 -0.3047953 -0.9072443 0.9818307 -0.1619039 -0.09897351 -0.03116017 0.474361 0.8797789 -0.961764 -0.1601923 -0.2221451 -0.9579019 -0.2837358 -0.04379481 0.3994963 0.4143286 0.8177619 0.7197676 -0.337208 -0.6068157 -0.3647951 -0.7957556 -0.4834229 -0.3543856 -0.3595128 0.8632274 -0.5697314 -0.6498136 0.5031386 0.05609357 -0.1458799 -0.9877108 0.4476305 0.3285127 -0.8316889 0.8684187 -0.4948049 -0.03189235 -0.5954289 -0.3251817 0.7346573 -0.3555511 -0.630348 0.6901049 -0.08966481 0.8841662 -0.458487 0.8957731 -0.194225 -0.3998339 -0.4657903 0.8148735 -0.3449937 0.4450663 0.7411363 0.5026261 0.79951 -0.6005557 -0.01080375 0.488669 -0.8158931 -0.3090652 0.146706 0.8191061 0.5545653 -0.8992843 -0.3142582 -0.3041867 -0.9610119 -0.04220771 -0.2732669 0.1770126 -0.0853933 -0.9804971 -0.04358071 0.8497323 -0.5254101 -0.0032655 0.8468105 0.5318849 -0.09354209 -0.8778921 -0.4696334 -0.06430447 -0.7942385 0.6041938 -0.2176614 0.03354036 0.975448 0.04364228 0.9371194 0.3462697 0.6394714 0.73988 -0.2089353 -0.7894429 0.1869612 0.5846583 -0.8426884 0.163734 0.512901 0.05591076 -0.9007985 -0.4306229 0.6470407 -0.5861546 -0.4876077 -0.4625153 -0.8816631 -0.09354066 0.8891471 0.4174419 -0.1875101 0.8667439 0.01492381 -0.4985303 -0.7942355 0.4765291 0.3769749 -0.1145081 -0.9801554 -0.1618129 0.07529073 0.9592473 0.2723529 0.9081077 0.351432 0.2276754 0.1073355 -0.9472506 -0.301986 -0.3841398 -0.2709151 -0.8826334 -0.653813 0.5119597 0.5571587 0.3238957 0.3104369 0.8937116 0.9212797 -0.3867989 -0.04037672 0.2303295 0.1699622 0.9581552 -0.858614 0.4780013 -0.1851942 0.3383358 0.3240528 0.8834697 -0.6842767 0.09384727 -0.7231585 -0.05105853 -0.4230872 -0.9046493 0.5748256 -0.7333413 -0.3630236 0.6570106 -0.752138 -0.05124121 0.1550348 -0.05841273 0.9861807 0.1186293 -0.9352397 -0.3335477 0.07388752 0.2205945 0.972563 -0.1638283 0.8381248 -0.5202953 0.001190245 -0.8379693 -0.5457162 -0.1220159 0.7617604 -0.6362652 -0.1815569 -0.7993509 -0.5727786 -0.5850867 0.09406065 -0.8054975 0.2176007 0.6985198 0.6817038 0.5899398 -0.332875 0.7356394 -0.1295841 -0.9126126 0.3877452 -0.8785318 -0.4759197 -0.04101806 -0.8725038 -0.4456669 0.2002953 0.185651 0.6778413 -0.7113824 0.8133616 -0.06787419 0.5777856 0.4182647 -0.8145862 0.4018759 -0.2307256 -0.6512811 0.7229099 -0.9501479 0.2445487 0.1934294 -0.9205871 0.3640659 -0.1413353 0.9272571 -0.3661968 0.07806742 0.4184206 0.626166 -0.6579061 0.4362443 0.5144044 -0.7382947 0.9340437 0.1645907 -0.3169736 -0.6302787 0.7233921 -0.2818736 0.4294895 0.866273 -0.2551667 0.7855203 0.06503528 -0.6154092 -0.5029839 0.8538915 0.1337038 0.4960313 -0.8026594 -0.3311962 -0.6715791 -0.109473 0.732801 0.564395 -0.5381483 0.625983 -0.7653674 0.2031376 0.6106947 -0.9033458 0.3106577 0.2957336 0.8741117 -0.2696711 -0.4039879 0.6402094 -0.3407512 0.6884914 -0.05566614 0.2717387 -0.9607598 -0.8747933 -0.1540898 0.4593397 0.6575689 -0.112311 0.7449762 0.2385696 0.3744111 -0.8960474 0.9440345 0.08349907 -0.3191034 -0.9797735 -0.06939959 0.1876902 -0.02322489 -0.03189229 0.9992215 0.319269 -0.6382939 0.700463 0.5981127 -0.6264344 -0.4998413 -0.4497302 0.7474445 -0.4889473 -0.6741667 0.7316342 0.1010487 0.6171091 -0.5049796 -0.6034668 0.0741927 -0.4116459 -0.9083188 0.7864092 0.06692779 0.6140694 -0.9069487 0.05292081 -0.4179039 -0.6568418 -0.3789307 -0.6518976 0.7977386 0.31807 0.5122935 0.06943082 0.4446933 0.8929879 -0.7788192 0.3436766 0.5247164 -0.4254755 -0.6182687 -0.6608437 -0.9095629 0.1167663 0.3988245 0.823789 -0.1441752 -0.5482567 -0.2718089 -0.8485405 -0.4539812 -0.7949026 0.1083431 0.5969857 0.3290857 0.7503079 0.5733592 0.9074821 0.141547 -0.3955261 0.2042943 -0.8945124 -0.3976323 -0.7683304 -0.616465 0.1721609 -0.5379369 0.5896369 -0.6024551 0.1995969 0.6732276 -0.7119872 0.8835269 0.3511829 0.309921 -0.2602683 -0.951011 0.1668488 -0.9335392 -0.3410169 -0.1105085 0.494841 -0.646858 0.5802648 -0.2714735 -0.4839217 0.8319388 0.8550828 -0.2050575 -0.4762193 -0.8422071 0.4605343 0.2803491 -0.8530314 0.4296439 -0.2962156 -0.184211 0.2530918 0.9497426 0.6913556 -0.6652615 -0.2818771 -0.389789 0.7703918 -0.5045405 0.02993911 -0.1404179 -0.9896396 0.3383937 -0.8308163 0.4418528 -0.7262075 -0.4835483 0.4886755 -0.5414329 0.1658693 0.8242196 0.2429947 0.942375 0.2299629 0.343038 0.9352059 -0.08783483 -0.2996036 -0.9520661 0.0617091 0.5207176 -0.2910305 -0.8025924 0.3959915 -0.3511887 -0.8484441 -0.592989 0.2465955 0.7665213 0.408931 0.8118497 -0.416744 0.8703569 -0.4856272 0.08151775 -0.4110018 -0.6766102 -0.6109635 0.9118342 -0.06680738 0.4050867 -0.4506232 0.8682852 0.2074118 -0.5150449 0.8089464 0.2834334 -0.9414272 0.1447222 -0.3045821 -0.4473765 -0.7748137 -0.4466745 0.9373709 -0.08359241 0.3381542 0.8012877 0.5398582 -0.2578587 0.8732229 0.2279499 0.4307212 -0.06421339 -0.7072327 0.7040587 -0.7290382 0.06512755 -0.6813675 -0.3018332 0.5239812 -0.796455 0.2792214 -0.704722 0.6522287 -0.6951786 -0.6799797 -0.2331402 0.8723923 -0.1479572 0.4658761 -0.1182622 0.8386697 -0.5316458 0.3633911 0.9272317 -0.09048914 -0.7221725 -0.5786108 -0.3790467 -0.7453101 0.02456796 -0.6662653 0.3344565 -0.8660041 0.3717201 0.7253866 -0.5356776 0.4322777 0.6897612 0.5780005 0.4360563 -0.321371 0.8871121 -0.3312898 -0.5671682 0.8054925 -0.1717619 0.2258696 -0.9062253 -0.3574057 -0.8657464 0.1427091 -0.4797053 0.7327708 -0.6121886 0.2971063 0.3763063 0.7763263 0.5056788 0.8408087 -0.06699001 0.5371715 -0.5796279 0.6371573 0.5079984 0.6795493 -0.4572446 -0.5737074 -0.3672684 -0.3152026 -0.8750779 0.3122716 0.2883751 0.9051665 -0.8648515 0.08304256 -0.4951121 0.9156125 -0.01641941 0.4017268 -0.69481 0.3387069 0.6344422 0.2447957 0.01135319 0.9695083 0.7960188 0.5222357 0.3059803 -0.6805253 -0.1429536 0.7186443 0.7121201 0.3760048 -0.5928789 -0.7288296 -0.5617673 -0.3914396 -0.1488423 -0.8166034 0.5576782 -0.7988722 0.49194 -0.3461189 -0.8981064 -0.3331429 0.2870901 0.8314252 -0.4819537 0.2765008 0.7868533 -0.4965214 0.3665084 -0.8678457 -0.3581741 0.3443183 0.8699346 0.3749655 -0.3203352 0.1523538 0.9361579 0.3168544 0.5886228 0.1561054 0.7931926 0.607239 -0.7338324 0.3045504 -0.6024798 0.7407013 -0.2972877 -0.58664 -0.1587303 -0.79414 -0.155771 -0.9353891 -0.3174628 0.9855039 0.1683453 -0.02102786 0.8677557 -0.3304631 0.3712065 0.001586973 0.541346 -0.8407984 -0.8634408 -0.3620762 0.3512421 -0.7106723 0.4731711 -0.5206286 -0.8301505 -0.4434733 0.3379077 -0.7655771 -0.2347851 -0.5989722 -0.1397167 -0.3905233 -0.909929 0.7302535 0.287548 -0.6197144 0.8908585 0.4477182 0.07693916 0.6758475 0.104101 0.7296528 -0.2718679 -0.2572796 0.9273052 -0.8223374 -0.1825958 0.5389065 -0.06723308 0.1903463 -0.9794121 0.2832475 -0.714604 0.6396186 -0.6905052 -0.6899253 0.2172688 0.9787658 -0.002777159 0.2049637 0.7846339 0.5967612 -0.168005 -0.2533709 0.7527881 -0.607547 -0.9173384 0.290113 -0.2726257 -0.1566553 0.9076119 0.3894866 0.9704368 0.2397556 0.02774155 -0.192848 0.765624 0.6137016 -0.8111706 -0.4837603 -0.3286005 0.8351735 -0.3853121 -0.3924537 0.1811955 -0.7651903 -0.61778 -0.7267152 -0.6713235 -0.145636 0.7201995 0.5915598 -0.3624497 -0.8914748 -0.2032904 0.4049023 0.3148694 -0.9472635 0.059574 -0.5967987 0.7593733 -0.2591977 0.5025587 0.6572602 -0.5616438 0.4729883 -0.8795055 0.05246269 0.4587413 0.7033261 -0.5430367 0.8867397 0.3329356 -0.3206973 -0.05179119 -0.9532392 0.2977461 0.03528004 0.9027859 0.428641 -0.6347966 0.7169234 0.2881915 -0.6928161 -0.3895469 -0.6068436 -0.4082517 0.8078665 0.4250676 0.9450643 -0.320698 -0.06329727 0.2660047 -0.8218191 -0.5038403 -0.7016697 -0.4422249 -0.5586562 0.7821822 0.4441796 0.436916 -0.6106583 0.4778082 0.6315028 0.8117896 -0.1413055 0.5665955 0.9205814 -0.2526685 0.2978065 -0.8790301 0.212227 -0.4269261 -0.8158053 0.3370831 0.4699326 -0.1270835 -0.2607594 -0.9570028 0.002014219 0.4708471 0.8822126 0.6628179 0.7363389 -0.1359329 0.9803305 -0.01034593 -0.1970915 -0.9988982 -0.04544329 0.0117194 -0.7976046 0.05261409 0.6008815 -0.1549735 -0.7259156 -0.670097 -0.4943143 -0.8617005 0.1145678 0.2929578 -0.7791659 -0.5541447 -0.7380186 0.1833602 0.6493904 0.6048407 0.7744695 -0.185377 0.04474145 0.8516751 0.5221568 0.7587962 -0.2971034 -0.5796187 -0.7493048 -0.622437 0.2260854 -0.3451398 -0.6152029 0.7088047 -0.6984385 -0.3497838 0.6243677 0.8970779 -0.4391391 -0.04907464 -0.4204002 0.7106366 -0.564145 -0.02777189 -0.9611819 0.2745144 -0.3529284 -0.7574656 0.5492609 0.432039 0.3051375 -0.8486656 -0.7622809 0.4804961 0.4336489 -0.1496977 0.8886339 -0.4334978 -0.1637361 0.3548787 0.9204628 -0.03051871 -0.2711895 -0.9620421 -0.06460899 -0.9915359 -0.1126155 -0.2155581 -0.07935023 0.9732617 0.129979 0.9903921 -0.04721236 -0.1745684 -0.442189 0.8797698 0.2241597 -0.5405774 -0.8108813 0.179575 0.181864 -0.9667877 -0.7292153 -0.1834483 0.6592358 -0.03698927 -0.07437533 0.9965442 0.92359 0.2410678 0.2981075 0.9196961 0.3923854 -0.01388621 -0.9208652 -0.3880251 -0.03799676 -0.04458796 0.03830111 -0.9982711 -0.1777439 0.0887804 -0.9800639 -0.1015685 -0.09262633 -0.990507 -0.6114127 -0.4609247 0.6432132 0.8280563 0.4670101 0.3102007 -0.3195644 -0.1769796 0.9308904 -0.7186434 0.3723993 0.5872569 0.5378971 -0.7971558 0.2742436 -0.5138182 0.8570961 0.0371111 0.5262182 -0.8462157 -0.08374565 0.254559 0.2868481 -0.9235356 0.1288848 0.2997954 -0.9452574 0.2930732 0.3959525 -0.8702471 0.2775444 -0.9481801 0.1546729 -0.4124084 0.549593 0.7265444 -0.5663722 0.4973076 0.6571968 -0.05343925 0.05017369 0.9973098 0.7748215 -0.5579826 0.2971655 0.8934151 -0.4483861 -0.02755868 -0.8929977 0.4489709 -0.03131288 -0.05453681 0.002319395 -0.9985091 -0.07699835 0.1393478 -0.9872455 -0.1776844 -0.05878049 -0.9823305 -0.7238849 0.1838171 0.6649827 0.9160115 -0.2780019 0.2892025 0.5444689 -0.6241859 0.5603085 -0.1190566 -0.9419845 0.3138321 0.8559604 0.4945264 0.1509154 -0.7570989 -0.6499752 0.0658307 0.7272808 0.6825696 -0.07184296 -0.6064516 0.5806322 -0.5432153 -0.6674489 0.4468276 -0.5956989 0.4970324 0.8096081 -0.3122399 0.5908663 -0.6318852 0.5015955 -0.559454 -0.5223728 0.6435354 -0.70811 -0.5210569 -0.4765291 0.211525 -0.01617485 0.9772388 0.4211661 0.4524789 -0.7860547 0.6894077 0.5649792 -0.4533384 0.7608723 0.2311823 0.6063234 0.1718558 -0.4346905 0.8840305 -0.257427 0.3919239 -0.883248 0.8005164 0.577147 -0.1614766 0.8895508 0.2993959 0.345053 -0.3200562 0.4742094 -0.8201766 -0.8781335 -0.4640163 -0.1164923 0.3118157 -0.8674502 -0.3876867 -0.09759992 -0.446738 0.8893254 -0.3838413 0.08325666 0.9196382 -0.5925583 0.7877277 0.1684042 0.598295 0.186868 -0.7791814 0.5452579 -0.697885 -0.4643818 -0.1818966 0.8268669 -0.5321699 0.3522193 -0.6976329 0.623899 0.9907683 0.09961396 0.09195369 -0.3226224 0.5442555 -0.7744035 0.9053576 0.1528105 0.3962027 -0.703225 -0.6025114 0.3774318 -0.4249479 0.4357517 -0.7934355 0.1707242 -0.9780477 -0.1194825 0.01010191 -0.3864976 0.9222351 -0.01822006 -0.7101867 -0.7037776 -0.8780127 -0.04355114 0.476652 -0.1713335 0.1489326 -0.9738911 -0.748782 -0.04849457 0.66104 0.8813027 -0.1328805 0.4534847 0.07599127 0.2314225 -0.9698809 0.9233497 -0.168678 0.3449248 -0.9054208 -0.2354576 0.3532322 -0.1851902 0.4366068 -0.8803857 0.08438646 0.3948004 -0.9148834 0.9171863 0.005188167 0.398425 -0.7347787 -0.3858229 0.5578898 0.8748412 -0.1434721 0.4626755 -0.8597684 -0.184247 0.4762893 -0.07339882 0.7806527 0.6206401 0.5704041 0.7830009 0.2480906 0.3026925 0.8186554 0.4880375 -0.009583055 -0.8056222 -0.5923522 -0.8381446 -0.4255271 0.3412334 0.2774859 -0.4888048 -0.8270861 0.7511008 0.001861631 -0.660185 -0.2211685 -0.9646024 -0.1436206 -0.5997397 0.4747926 0.6441151 0.7358407 0.2677421 -0.6219748 -0.6547613 -0.5328366 0.5360717 0.6740708 -0.6037858 -0.4255249 0.02603262 0.992414 -0.120153 0.8035971 -0.4079481 -0.4333705 -0.6479614 -0.5607974 0.5154148 -0.1583914 0.9873068 -0.0117191 -0.5141202 -0.7954123 0.320936 -0.7867284 -0.1265333 0.604192 -0.3339455 0.9304816 0.1506142 -0.1221966 0.9891704 -0.08130162 0.1697165 -0.9825916 0.07556515 0.8129641 0.04629725 -0.5804706 0.7621812 -0.08798623 -0.6413565 -0.8402349 -0.09763216 0.5333604 0.1175287 0.9375133 -0.3274994 -0.2551719 -0.9036155 -0.3440441 -0.2847138 -0.2123221 -0.9348035 0.2423195 -0.7510076 0.6142222 -0.2878863 0.5203499 -0.8039636 -0.07272613 0.9815132 -0.1770392 0.3696197 0.8689771 0.329029 0.459989 0.6080998 0.6470121 -0.6188017 0.2485766 -0.7451806 0.2499521 -0.9205199 0.3002783 -0.4379593 -0.785458 -0.4373185 0.2439752 0.7127591 -0.6576099 0.4081919 0.1197261 0.9050111 0.3969331 0.540282 0.7419835 -0.4492123 -0.8933278 -0.01318424 -0.2822422 -0.6352893 0.718851 -0.09811919 -0.3257313 0.9403573 -0.1147838 -0.02847468 -0.9929824 -0.4052664 -0.2366165 -0.8830469 0.03634846 -0.964654 0.2610011 -0.06311416 0.9233961 0.3786242 0.4978502 -0.02243113 0.8669729 -0.06503689 -0.6931877 -0.717817 -0.8681866 0.3871392 -0.3104438 -0.7856872 0.6152983 -0.06405985 -0.6140758 -0.363361 -0.7006282 0.2930425 -0.7403581 -0.6049762 -0.3501803 0.7770255 0.523073 0.8216841 -0.4747046 0.3154219 0.09656387 0.7722976 0.627879 0.9401437 0.1017205 0.325243 0.7133579 0.5319513 0.4562329 -0.9574724 0.2850779 0.04446613 0.4821772 -0.7308194 -0.4831233 -0.5725089 -0.6019293 -0.5566999 0.03900384 -0.7253562 -0.687268 -0.9752126 0.09009283 -0.2020986 0.9702506 -0.052248 0.2363978 -0.07181197 -0.8562201 -0.5115957 0.139289 0.855022 0.499536 -0.9399171 0.3377817 -0.04959297 0.87581 -0.4594973 -0.147713 -0.118202 -0.8983725 0.423031 -0.7453492 -0.371057 0.5538694 -0.1533603 0.8171585 -0.5556373 0.9212071 -0.1120036 -0.3726028 -0.881573 0.3920476 0.2629215 0.1000101 0.9158999 -0.3887486 -0.02987796 -0.9582928 -0.2842223 0.11881 0.9312841 0.3443752 -0.943894 0.1702659 0.2829729 -0.05060058 -0.7669745 -0.6396795 -0.9164537 0.2140294 0.3380889 0.8634505 0.3287533 0.3825892 0.583163 0.4767422 0.6577522 0.06424194 0.05945044 0.9961621 -0.6640989 -0.6866831 0.295701 -0.5527005 -0.8325909 -0.03625661 0.5528634 0.8324233 -0.03760015 0.01474052 0.06204468 -0.9979646 0.1612955 0.03631818 -0.9862377 -0.06323522 0.1868063 -0.9803595 0.2374101 0.7062487 0.6669703 -0.3656189 -0.8854508 0.2868796 0.1889759 -0.2300855 0.9546459 -0.8641847 0.1519861 0.4796719 0.7430096 -0.4824099 0.4639155 0.06048911 0.1626675 -0.9848251 0.6513981 0.0441305 -0.7574517 0.6559792 -0.4423449 0.6115738 0.7982844 -0.4746003 -0.3708053 0.02377474 0.4096648 0.9119262 0.1515254 0.6417475 0.751798 -0.7736201 0.628534 0.08035588 0.1431666 -0.5447106 -0.8263134 -0.4296153 -0.2392686 -0.8707362 -0.7005634 0.447683 -0.5556897 0.7365541 -0.6749355 0.04416149 -0.3322032 0.8706868 -0.3626921 0.07751917 0.9779014 0.1941642 0.7148014 0.006500661 0.6992974 0.3395199 0.8601984 0.3805064 -0.4337087 0.881151 -0.1883341 0.7308551 0.3589116 0.5805457 0.3380939 -0.9229679 0.1839099 -0.8135007 0.2109211 -0.5419676 -0.7650272 0.09113061 -0.6375175 0.1689822 -0.9783392 -0.1195724 -0.2643246 0.8740628 0.4076111 -0.5064051 -0.7552588 -0.4160988 0.4882134 -0.7215926 -0.4908685 -0.9181755 0.3840253 -0.09735679 -0.5987941 -0.03582996 -0.8001012 -0.3145884 0.4532051 0.83405 -0.8508435 0.4112761 -0.3269822 0.5164794 -0.4745458 -0.71278 0.6815891 -0.006988883 0.7317019 0.9127535 0.2411283 -0.3297547 -0.1901307 0.003601133 0.9817522 0.3689743 0.06540215 -0.9271357 -0.2954592 -0.05295127 -0.9538868 -0.8580892 0.07660418 -0.5077547 0.9991664 0.01205503 -0.03900343 -0.5281048 0.1408462 0.8374173 -0.9978309 0.06583029 3.05194e-5 0.9634538 -0.2014863 -0.1765218 0.7691814 0.1132576 0.6289141 0.5945465 -0.2564537 -0.762067 0.5427878 -0.172282 -0.8220099 -0.4444538 0.2035642 0.8723661 -0.1228379 -0.006134212 0.9924079 -0.8484593 -0.4166762 -0.3263399 -0.998838 7.62984e-4 0.04819005 -0.5165412 -0.1592198 -0.8413289 0.7741242 0.2467797 -0.5829508 0.8725087 0.3421489 0.348802 0.01641899 0.005279719 -0.9998514 -0.6714946 -0.415892 0.6132935 0.7734224 0.1917533 0.6041923 0.1108752 -0.05078345 -0.9925361 -0.8817902 -0.2985385 0.3651313 -0.07181155 0.856459 -0.5111958 0.6940485 0.5692534 -0.4407349 -0.9771968 0.1153628 -0.1782631 0.1535127 -0.8230788 0.5467863 -0.9813808 -0.1653539 -0.097723 0.9691368 0.2209894 0.1092587 0.2379306 -0.7971409 0.5549375 0.00564593 0.9112612 -0.4117903 0.7473005 -0.3167313 0.5841432 -0.875281 -0.4825337 -0.03231942 -0.6065751 -0.2398527 -0.7579824 -0.5886062 0.5700806 -0.5731937 0.2440919 -0.9359604 -0.2537665 0.5295096 0.2964643 0.7948136 0.4178049 -0.9080924 -0.02841317 -0.4770816 0.8782611 0.03241175 0.4741206 0.3693471 0.7992449 0.7385111 -0.4771115 0.4764096 -0.4558641 -0.4648061 -0.759041 0.4550781 -0.8572658 -0.2408303 -0.1324529 -0.9644345 0.2287407 -0.8306723 0.008209645 0.5567012 -0.5852662 0.7655735 0.2671344 0.8260725 0.1714893 -0.5368388 -0.5957671 -0.3959573 0.6987698 -0.8620501 0.2737892 0.4265082 -0.001220762 -0.8440741 -0.5362253 0.8818189 -0.2594734 -0.393788 -0.08194285 0.9950949 0.05542206 -0.3872303 -0.2852039 0.8767619 -0.1251603 0.6717947 0.7300869 0.398544 0.8807703 -0.2557469 0.09051918 -0.6440412 -0.7596165 0.1464001 -0.6376051 -0.7563245 0.09665536 0.7034755 0.7041164 -0.828045 -0.4911138 0.2704605 0.6946775 0.3335136 -0.6373319 -0.7210885 -0.01782345 0.6926137 0.5134813 0.2513235 0.8204715 -0.2077134 -0.1722196 -0.9629101 0.9675638 -0.2525725 0.005249202 0.941143 0.2436022 -0.2343244 -0.6169968 0.03274655 0.7862842 -0.5335 0.1089828 -0.8387495 -0.541592 -0.3172461 -0.7784813 -0.5147629 0.8073785 -0.2883734 0.0587489 0.9234112 0.3792892 0.6918308 0.4156661 0.5904168 -0.7153655 0.5230652 -0.463309 -0.5829716 -0.3143749 -0.7492079 0.005249321 -0.9999682 0.00601232 -0.5411087 -0.6691376 -0.5093686 0.4311413 -0.8914588 0.1393495 0.8818137 0.1248834 0.4547625 0.002197325 -0.9830043 0.1835694 -0.4589114 -0.8762866 0.1467039 -0.4863048 0.5996559 -0.6355473 -0.6830447 0.5452516 -0.4859533 0.7331593 0.6427924 0.2220261 0.3421511 0.9040408 0.256209 -0.9570316 -0.06085592 -0.2835265 -0.2646005 0.8017976 0.5358238 0.5275907 -0.7410746 -0.4152789 0.1256486 -0.7962526 -0.5917723 -0.9898679 -0.03170967 -0.1384057 -0.004120111 0.7907667 0.612104 -0.8793463 -0.2398494 -0.4113667 -0.05365228 0.854012 0.5174794 0.3121796 0.934311 -0.1720665 0.3236904 -0.2140641 0.9216296 0.2122006 -0.4329466 0.8760868 -0.2135112 0.4586403 -0.8625904 -0.02105844 0.8492371 -0.5275915 -0.5808459 -0.7089971 -0.3999267 -0.5078732 -0.7481219 -0.4270579 0.1298897 -0.7187578 0.6830198 0.7862034 0.06705051 0.6143196 0.1628182 -0.1943442 0.9673265 -0.842997 -0.4579077 0.2822706 -0.8773201 -0.4780915 -0.04168993 0.8619599 0.5069581 0.004333734 -0.07977747 0.2651518 -0.9609007 0.06387662 0.2302672 -0.9710288 0.1568979 -0.2893196 0.9442867 -0.8082777 -0.4421356 -0.3888486 -0.3793892 0.9243167 0.0412625 -0.3087897 0.7783222 0.5466842 0.5370833 -0.3557971 0.7648203 0.1940115 -0.8169115 -0.5431529 -0.004913628 -0.3973337 -0.9176611 0.6167134 -0.2549928 0.7447438 -0.5502268 0.3494729 -0.7583662 -0.7887641 0.4503387 -0.4183853 -0.731945 0.6609876 0.1653842 0.6616066 0.01840335 0.7496254 0.2530383 -0.7539266 -0.6062726 0.08014333 -0.7121038 -0.697485 -0.3867453 -0.6410048 0.662979 0.1206428 -0.1914781 0.9740542 0.5353326 0.7936449 0.2890448 0.3177008 0.9480667 0.01535093 -0.3274691 -0.9424581 -0.06735545 -0.1781702 0.02072238 -0.9837815 -0.2982668 0.03103828 -0.9539778 -0.07452827 -0.0447719 -0.9962133 0.1330046 -0.8140812 0.5653155 0.1581833 0.9196793 0.3593994 0.3576886 -0.3792659 -0.853356 -0.378682 0.2553539 0.8896035 0.04727351 -0.6954609 0.7170072 -0.1108752 0.8712236 -0.478201 0.377124 0.02380484 -0.9258568 0.181009 -0.9827775 -0.03720283 -0.1985852 -0.9439129 0.2638037 -0.5097688 0.05740731 0.8583941 -0.4950827 0.5345135 0.6849733 0.1667545 0.9292659 -0.3296332 -0.5051296 0.4149137 0.7567635 0.5739367 -0.2965818 -0.7633059 0.04184126 -0.9991243 -3.35707e-4 0.0285049 -0.6769771 0.7354519 -0.6561387 -0.6381322 0.4028268 0.9798526 -0.07129305 0.1865645 -0.9935707 -0.09894198 0.05502539 0.992133 0.09680533 -0.07937914 -0.2428088 0.6843878 -0.6875007 -0.2576127 0.6228057 -0.7387482 0.7957085 0.5184375 -0.3131622 -0.6284538 -0.5440374 0.5559399 -0.5247265 0.6631948 -0.5336993 0.5971125 0.7758342 0.2038087 0.5412574 0.7097842 0.4508291 0.3986707 -0.8667113 0.2997889 0.08612459 -0.980118 0.1787498 -0.7877093 0.1294028 -0.6023031 -0.0664103 -0.04458886 0.9967957 -0.5410757 0.6941906 0.4746963 0.2638701 -0.8343679 0.483945 0.08136451 0.02523946 -0.9963648 0.535371 -0.6789647 -0.5023795 -0.2694582 0.8384365 -0.4737263 -0.4809491 0.8459869 -0.2302048 0.04687666 0.2306905 -0.9718974 -0.5205435 0.5711452 0.6346871 -0.4149776 0.3160324 0.8531807 0.2584094 -0.7801418 0.5697398 0.2259658 0.2909112 -0.9296829 0.5295661 -0.6919884 -0.4906238 0.7433222 -0.6211544 -0.2482725 -0.2624633 -0.4494836 0.8538603 -0.66764 0.6030612 -0.4365479 0.5455659 0.2438505 -0.8018073 0.9744358 -0.224527 0.00790435 -0.990379 -0.1275703 0.05362224 0.5681108 -0.5344484 0.6257916 -0.00689727 0.7315402 -0.6817637 0.8470782 0.5305684 0.03091543 -0.8239552 0.158089 -0.544156 -0.6594883 -0.7239448 0.2024335 0.357654 0.8819733 -0.3069312 0.948987 0.3152914 0.003906369 0.74585 0.06897252 0.6625335 -0.5378361 -0.5463814 0.6420279 -0.4992944 -0.5507193 0.6688897 -0.8606063 -0.5024349 -0.08316433 -0.02704036 0.54093 -0.8406329 0.4471678 -0.09918749 0.8889336 0.5469354 0.5657964 -0.6170382 0.1399291 -0.7495136 0.6470311 -0.05026453 -0.1210377 0.9913745 -0.3789855 0.8780331 0.2922809 -0.5134277 0.856893 -0.0461148 0.5449197 -0.8381174 -0.02493411 0.09940135 -0.02185177 -0.9948076 0.02939009 -0.1395954 -0.9897724 0.5878595 -0.6401083 0.4946541 -0.7510643 0.4948296 0.4370883 0.2138147 0.06170898 -0.9749233 -0.146278 -0.08813917 0.9853092 -0.6468819 0.6537487 -0.3926277 -0.8244779 -0.3174003 0.4685012 -0.4301379 -0.07568764 0.8995847 0.6179861 0.6427983 0.4526628 0.880506 0.4181419 -0.2233081 0.1212536 -0.1992918 -0.9724096 -0.5516035 -0.3186202 0.7708533 -0.8595219 0.2914921 0.4198268 0.3911935 -0.900221 0.1912325 -0.4878527 0.8696199 0.07590174 0.534572 -0.8397625 -0.09503632 0.5184509 0.426193 -0.7413287 0.3749909 0.458919 -0.8054659 0.6166702 -0.688085 -0.3824356 -0.5959784 -0.4104218 0.690191 0.9972781 0.01461869 -0.07226961 -0.4556828 -0.889758 0.02615493 0.457481 -0.8174842 0.3499013 0.9329357 0.01083421 0.3598802 -0.4188207 0.8554955 -0.3044942 0.5367104 0.8423295 0.04922741 -0.946187 -0.06064164 -0.3178881 -0.4701486 -0.8822193 0.02548354 -0.8043565 -0.1264703 -0.5805308 0.7891115 0.09067332 0.6075206 0.3057978 -0.734983 0.6052173 -0.5589057 -0.8285465 0.03369361 0.1995986 -0.7034477 0.6821449 -0.8124807 -0.4837285 0.3253951 -0.6292802 -0.7525177 0.1942257 -0.8056326 -0.1136516 -0.5814117 -0.276286 0.6988787 -0.6597232 0.5326492 0.3337565 0.7777478 -0.3795741 0.7051894 -0.5988585 0.384549 -0.6772945 0.6272115 -0.5990885 -0.498864 0.626281 0.9915018 -0.109197 0.07071256 0.9770838 0.01104807 0.2125687 -0.6001295 -0.147072 0.7862661 0.4018213 -0.3804576 0.8329415 -0.05951195 0.9177052 0.3927791 -0.1116089 -0.8926272 -0.436761 0.0571323 0.9160403 0.3969965 0.5508753 0.5785869 -0.6014764 -0.6624826 0.4152457 0.6234484 -0.4813717 -0.5699065 0.6659489 -0.5291044 -0.5755845 0.623499 0.1979787 -0.9783269 0.06067234 0.1443557 -0.9894624 0.01120048 0.7252984 -0.313711 -0.6128032 0.6931877 -0.2760177 0.6658117 0.8031671 0.492057 -0.335861 0.9201614 0.3396204 -0.1948361 0.9718581 -0.1919361 0.136574 0.8481888 -0.4002589 0.346942 0.6358646 -0.6296691 0.4463106 0.1907148 0.7572436 0.624668 0.7210843 -0.3463353 -0.6000745 -0.7103605 0.3242034 0.6247241 0.2140927 0.705026 0.6760937 -0.6839556 0.2730207 0.676509 -0.05371397 -0.9770756 -0.2060053 -0.8243258 -0.5180343 0.2283147 -0.8894773 0.4566563 -0.01718217 -0.8268719 -0.4694855 0.309623 0.0070194 -0.9419491 0.3356823 -0.0821563 0.8479315 -0.5237008 0.8161876 0.3355028 -0.4703997 0.06540197 -0.8138471 0.5773868 0.8558133 -0.5061879 0.1065723 0.7305407 0.1704198 -0.6612619 -0.8405714 0.5268907 -0.1258019 -0.1304673 0.8850112 -0.4469156 0.7491833 0.632112 -0.1978859 0.9186364 -0.09958505 0.3823481 0.6813755 -0.7318241 0.01269602 -0.9552146 0.2633485 -0.1349551 0.09186148 -0.7207618 0.6870691 -0.7662978 -0.5728694 0.2908751 -0.7963478 -0.06891322 -0.6009003 0.7790623 0.05270653 0.624727 0.3604662 0.9064606 0.2199848 -0.5462363 -0.82967 -0.1152107 -0.07022523 0.8561317 0.5119639 0.8781514 -0.3114455 0.3631141 0.9145569 -0.3102846 0.2594403 -0.3732191 0.8697967 -0.3227403 -0.6824406 -0.4186324 -0.5991842 0.3560998 -0.0035097 0.9344415 0.2949706 -0.08899474 -0.9513529 0.953598 0.2998496 0.02722299 -0.9069879 0.06665301 -0.415849 0.0149545 -0.4764383 -0.8790807 0.8920063 0.174507 0.4169797 0.7344864 0.3012291 0.6081044 0.1393821 -0.8449912 -0.516297 0.7448209 -0.4651736 -0.4783884 0.8146885 0.5798712 -0.005676627 0.8432055 -0.4554939 -0.2855344 -0.7775318 -0.3430942 -0.5270016 -0.1246107 0.9439046 0.3058046 -0.7027721 -0.6371552 0.3164565 -0.08697903 0.9922327 0.08893227 -0.4678949 -0.3694084 0.8028773 0.906628 0.1878749 -0.3777947 0.02404892 -0.5648149 -0.8248671 0.8036809 0.2981072 -0.515004 0.5463588 0.5975399 -0.5868886 0.2520835 0.9419564 -0.2217481 0.01718199 -0.8796405 0.4753288 0.05081373 -0.9094598 0.412675 -0.230358 0.5200451 -0.8224892 0.3609252 -0.6925516 0.6245843 -0.4780596 -0.5287528 0.7013413 0.2921864 -0.8179327 0.4955938 0.9731502 -0.2160724 0.0793181 0.8965674 0.186107 0.4019095 0.2818454 -0.2300237 0.9314785 -0.6875347 -0.4631276 0.5592933 0.1643778 -0.08981877 0.9822997 0.8800181 0.3429736 0.3285381 -0.7688977 -0.4757009 -0.427206 -0.6646265 -0.4920684 0.5622636 -0.4917582 -0.6137135 0.617681 0.00689727 -0.1181699 0.9929695 -0.2922824 -0.9563194 0.004913568 -0.3794105 -0.9221276 0.07568675 0.9801789 0.05566662 -0.1901333 0.7251079 -0.6666024 0.1728002 0.9618996 0.08688771 -0.2592289 0.4200049 0.7803449 -0.4633116 -0.3457805 -0.9143803 0.2105812 0.8458718 0.3067796 0.4363338 0.5111325 -0.6184374 0.596891 0.2843458 -0.3591784 0.8888972 -0.5336017 -0.6063295 0.5896049 0.8701804 0.2771807 0.4073782 -0.9073688 -0.3668723 -0.2051506 0.8889539 0.3593292 0.2839782 -0.8932898 0.4381301 0.1003768 -0.8188717 -0.5474913 0.1723442 -0.7975696 -0.4518126 0.3996851 0.01641941 -0.9456131 0.324879 -0.657303 0.5765784 0.4852939 -0.4768981 -0.246201 0.8437733 0.09024542 -0.8676317 0.4889489 0.5043029 0.3292436 -0.7982966 0.6536206 -0.6709553 -0.3501419 -0.2100915 0.9287179 -0.3055238 -0.2409183 -0.147255 0.9593093 0.5017929 -0.6775212 -0.5377443 0.5324072 -0.683355 -0.4995685 -0.6323007 -0.2272474 0.7406445 -0.09647172 -0.9714014 0.2169623 0.5370823 -0.6458234 -0.5426369 0.6249123 0.2993634 -0.7210175 -0.3178895 0.7487616 0.5816377 -0.4252282 -0.8758791 -0.2280722 -0.9111441 -0.113439 0.3961669 0.5208395 -0.63492 -0.5706162 -0.5166594 0.6185936 0.5919503 -0.3919254 -0.918684 0.04913562 0.3112976 0.4417679 0.8413887 -0.212443 -0.4643166 0.8598128 -0.661403 -0.7485645 0.04687678 -0.4771988 -0.3414797 -0.8097364 0.3407772 0.454339 0.8230717 0.4721952 0.8757218 0.1007138 -0.6289426 -0.7474187 0.2140015 -0.5337484 -0.4915405 0.6881139 0.4024558 0.8905787 0.2118943 -0.7458625 -0.6619037 -0.07465034 0.6071754 -0.794562 -0.003051877 0.6597056 -0.2192813 0.7188215 -0.7994842 0.4971903 -0.3370859 -0.739071 -0.1028174 -0.6657347 -0.7492124 0.01702958 -0.662111 0.7948991 0.02563595 0.6061998 0.5909199 0.8067237 0.003296077 0.9361048 0.1814346 0.3013126 -0.2372891 -0.4291958 -0.8714844 0.7580702 0.6181695 0.2078368 0.867206 -0.1689549 -0.4684103 0.09073346 -0.825208 -0.5574938 0.5072931 0.6410595 -0.5759311 -0.3745645 0.8816136 -0.2871569 -0.9262269 0.3003088 0.2278562 0.9020424 -0.2323392 -0.3637834 0.2990604 -0.9345369 0.1928831 -0.2028896 -0.8509278 0.4845179 0.7595024 -0.4982575 0.4182054 -0.1584268 -0.9262369 0.3420323 0.9839713 0.07428383 -0.1621183 0.5690879 -0.5631366 0.5991796 0.9025688 0.4219557 0.08557522 0.536799 -0.8147662 0.219096 0.3457207 0.6900375 -0.6358661 -0.2878549 0.9571357 -0.03210592 0.1860454 -0.9811331 -0.05258464 0.5264616 -0.4450966 0.7243806 -0.3215497 0.3042454 -0.8966832 -0.4659115 -0.5583552 -0.6864153 0.439688 0.6459052 0.6240841 0.4992924 0.5692421 0.6532002 0.4730221 0.5296357 0.7040853 0.2603319 -0.5379378 0.8017795 0.4519593 -0.890124 -0.0584138 0.1666032 -0.4398398 -0.8824875 0.20161 -0.9532681 -0.2250183 0.8972571 0.3122699 -0.3121173 0.7716875 -0.62205 0.1324855 -0.7387133 -0.09622651 0.6671156 0.4815926 -0.8605493 -0.1659022 -0.8562148 0.3631169 -0.3674811 0.8880239 -0.458707 0.03164863 0.6849991 0.4882431 0.5407357 0.7793335 -0.3693411 0.5061883 0.4545849 -0.8657408 -0.2093929 -0.5495839 -0.09991878 0.829442 0.8686057 0.4334331 -0.2401247 0.2038664 -0.1360839 -0.9694945 -0.06103765 -0.6755958 0.7347413 -0.2927716 0.8334211 0.4687154 0.1854933 0.5224515 -0.832248 0.1809493 -0.8276852 -0.5312201 0.3159979 0.5036618 -0.8040338 0.2601107 -0.9585003 0.1167034 0.5216643 0.04422223 -0.8520039 0.303757 0.7745453 -0.5548074 0.4883352 -0.7206157 -0.4921806 -0.09329664 0.4301351 0.8979307 -0.6139536 0.3577454 -0.7036188 0.7358999 -0.3227669 0.5952082 -0.7612458 -0.35842 0.5404073 -0.7562912 0.1083424 -0.6452021 0.4211935 0.8091519 -0.4097184 0.4884677 0.8278468 -0.2758065 0.7042882 -0.6047961 0.3717526 -0.5982041 -0.7643194 -0.2407649 0.9510688 -0.2812342 0.1279668 -0.2869703 -0.9289379 0.2339283 0.6930626 0.7188208 -0.05441588 0.2416801 0.9376359 -0.2498592 0.005707025 -0.7358449 0.6771262 0.7722634 0.5970515 -0.2171151 0.1602572 0.1959343 0.9674335 0.7535296 0.5423948 0.3714849 -0.02966439 -0.9677253 -0.2502554 0.400627 0.3337592 0.8532895 -0.1600734 -0.5202921 -0.8388521 -0.1536333 -0.3585998 -0.9207622 0.4504338 0.4265677 -0.7843146 -0.526207 -0.8170216 -0.2357586 -0.02536112 -0.9864909 -0.1618413 -0.1167959 0.8938383 0.4329109 0.945507 0.1634594 -0.2815982 -0.5190454 -0.8546685 -0.01156687 -0.9560374 0.2862985 0.0634489 -0.4227501 -0.2058816 0.8825504 0.8265961 0.3895843 -0.4061564 0.8848357 -0.3711714 -0.2815983 -0.01791453 -0.3762667 -0.9263383 -0.07446807 0.9045431 -0.4198291 -0.6245195 -0.7792226 0.05279862 0.9731906 -0.2275193 -0.03369295 -0.4098045 0.9118668 0.02365195 0.8740119 0.4846771 0.03451728 0.2685946 0.5805562 -0.7686426 -0.1302847 0.9597551 0.2487892 -0.5962309 -0.1634324 -0.7860017 0.4267756 -0.9039074 -0.02853512 0.602507 -0.6500862 0.4630045 -0.4439703 -0.2209322 0.8683775 0.3098333 0.2980833 -0.9028564 -0.4201313 -0.7625295 0.4919742 -0.338518 -0.9398665 0.04535138 -0.5555719 0.07330715 0.8282307 -0.4541601 -0.1593726 0.8765495 -0.1023619 -0.8129437 0.5732754 -0.3784139 -0.8012645 0.4634418 -0.5757756 -0.494686 0.6509749 -0.2125666 -0.6880263 0.6938554 0.1920576 -0.825729 0.5303636 0.7669733 -0.6411434 -0.02621579 -0.2945973 0.9551752 -0.02920639 0.4868375 -0.3488311 0.800816 0.8526754 -0.5164455 -0.07892256 0.7709776 -0.6289409 -0.1001337 -0.3362296 0.2828516 0.898301 0.5165657 -0.3037868 0.8005458 0.6296474 -0.7756526 -0.04367333 0.2479994 -0.5027741 -0.8280789 0.1788448 0.9728733 0.1467382 0.6485508 0.7582957 0.06610327 -0.1984657 0.03985792 0.9792971 0.570623 -0.3299768 -0.7520005 0.1439577 -0.9763004 0.1615977 0.1746292 -0.9831665 -0.05374377 0.01150566 -0.4961785 -0.8681444 0.09564876 -0.503209 -0.8588552 -0.136697 0.7213294 -0.6789683 0.9701912 -0.2094197 0.1219529 0.6320322 0.6685947 -0.3918117 -0.4478769 0.799098 -0.4010597 0.4641404 -0.646708 -0.6052625 -0.8755413 -0.4774459 -0.07397907 -0.1739589 0.2986601 0.9383713 0.62713 -0.2253505 0.7456039 0.8188728 -0.03586053 -0.5728539 0.552239 -0.8121987 -0.1880573 -0.7248632 0.30092 -0.6196938 -0.07562524 -0.9554171 0.2854105 -0.2163193 -0.9380961 0.2705213 -0.3699229 0.4829354 0.7936816 0.1948027 0.6923233 0.6947953 -0.7216784 0.2792167 0.633418 -0.01382529 0.8966915 0.4424402 -0.9399649 -0.1332169 -0.3141965 -0.06192386 -0.4364888 -0.8975763 -0.8075509 0.2319496 0.5422738 0.8535547 0.5112844 0.1001632 -0.06192404 0.6765257 0.7338109 0.7228253 0.6891622 -0.05078452 0.6440719 0.7484772 0.1579661 0.08102917 0.7867617 -0.6119155 -0.6819753 0.534691 0.4990144 -0.7019741 0.7106721 0.04666393 -0.1035826 -0.09558659 0.9900171 0.6713055 -0.4685954 -0.5742537 -0.1305294 0.9143466 -0.3833175 -0.99023 -0.1171942 -0.07556581 -0.8846962 0.4647799 0.03595179 0.5124789 -0.8174576 -0.2629231 -0.5402164 0.1167961 0.8333817 -0.1588829 0.7481474 -0.6442296 0.8738631 -0.3400475 -0.3474638 -0.9272626 0.2214162 0.3019257 -0.6714587 -0.4199783 -0.6105419 -0.1232075 -0.494753 0.8602555 0.4775622 0.8501693 0.2216904 0.6134324 -0.1977327 -0.7645931 -0.7250056 0.0768159 -0.684446 0.8820955 -0.2179983 -0.4175937 -0.01254338 0.4001372 -0.9163694 -0.04904347 -0.8859568 -0.4611675 0.08209747 -0.2517859 0.9642944 -0.5023432 -0.7287639 -0.4653542 -0.4054502 0.4659397 0.7864544 -0.375903 0.918684 -0.1213132 0.2714654 0.1438354 -0.9516396 0.6858009 -0.0445888 -0.7264222 -0.4832119 -0.8688536 0.1077026 -0.02227884 -0.5126885 0.8582856 0.2256575 -0.8261497 0.5162901 0.4384356 -0.4877237 0.7549173 0.4855234 -0.8737224 0.02960318 -0.1807326 0.5970401 0.7815875 -0.04425233 -0.5157993 -0.8555658 0.3682482 -0.7630178 -0.5312223 -0.03625696 0.2743994 0.960932 -0.6326038 0.08340919 0.7699711 0.1065738 0.5287488 0.8420611 -0.7698454 0.6359274 0.05417144 0.8358265 0.2985073 0.4607468 0.8209715 -0.5671722 -0.06573873 -0.823566 0.5605498 0.08673608 0.9273106 0.3150445 0.2020947 -0.9577088 -0.1300098 -0.2566932 -0.731244 -0.5990342 0.3262521 0.4815939 -0.1883648 0.8559125 -0.673061 0.2828174 0.6833763 0.8570517 0.5055268 0.09952443 -0.3981199 0.7632488 0.5088732 0.4320936 -0.7389661 -0.5169375 -0.9956305 0.09253442 -0.01254338 -0.9207382 -0.1838791 0.3441362 0.6787487 0.3377263 0.6521053 -0.9349521 -0.0672335 -0.3483448 0.4913358 0.317679 -0.8109681 0.4498181 0.8152513 0.3647313 0.4266001 0.7172973 0.5509056 -0.02401894 0.6566601 0.7538041 -0.505152 -0.6511858 0.5663732 -0.4504606 -0.7902899 0.4153638 0.2692716 -0.2810825 -0.9211328 0.1676388 0.06631696 -0.9836155 -0.3758403 -0.7859228 0.4909881 0.5505452 0.6591954 0.5122124 -0.3838707 -0.7882809 0.4808913 0.5634871 0.6768682 0.4736368 -0.1767994 0.1220169 -0.9766545 -0.1809501 0.109687 -0.9773566 -0.7844052 0.5542291 0.2784574 0.6005583 0.7949356 -0.08606433 0.2451909 -0.9331845 -0.26277 -0.0432763 0.8766973 0.4790919 -0.639227 -0.6242421 0.4491222 -0.888896 -0.09344911 -0.4484765 0.5599408 0.8098342 0.1750291 -0.5264583 -0.1818646 -0.8305222 -0.4613003 -0.3554896 -0.812914 -0.3783211 -0.5145911 0.7694604 0.06085497 0.7135357 -0.6979711 0.1541832 0.8769094 -0.4552555 -0.8386407 0.4352972 0.3274114 0.8003922 0.1450569 0.5816623 0.9255818 -0.1258605 -0.3570119 0.9656271 -0.2464119 0.0827375 -0.1795732 -0.9824644 -0.05017304 -0.9382959 0.2610345 0.2268525 -0.187568 -0.07745647 -0.9791929 -0.1165231 -0.4677405 -0.8761514 0.08081525 0.7330443 -0.6753628 -0.9871113 -0.1090144 -0.117163 -0.7532084 -0.2502861 -0.6083043 -0.4974086 -0.6540963 0.5698621 0.04086482 0.3945183 0.9179791 -0.02060073 0.700303 -0.7135484 -0.1792975 0.9766907 -0.1180159 0.6965997 -0.7092651 -0.1081293 0.3949519 0.8855211 -0.2446742 0.004211664 0.8968777 -0.4422587 0.9633583 0.07510691 -0.2574876 0.7351104 0.4425556 0.5135732 0.1956869 -0.9362884 -0.2916688 -0.8922861 0.4372467 -0.1124323 -0.217235 -0.8490111 -0.4816526 0.3264294 -0.9045172 0.2743948 0.1622694 -0.9484689 0.2721682 -0.2881044 0.9049348 -0.3131915 -0.6872685 0.140939 -0.7125997 -0.434324 -0.7873743 -0.437498 0.3288169 0.1687422 0.9291962 0.4340716 0.005829095 0.9008595 0.7523564 -0.6580219 -0.0310989 -0.4451834 0.8437641 0.29979 0.2817531 0.8607938 -0.4238505 0.6286365 -0.6383111 0.4442694 0.6631208 0.4992327 0.5577075 0.9880962 -0.05447709 0.1438685 0.8000672 -0.598883 -0.03509736 0.5165067 0.7107003 -0.4776253 -0.3964759 -0.6032136 -0.6920551 0.4662446 0.0240187 0.8843297 -0.5861021 0.7315289 0.3483529 -0.1227477 -0.9213713 0.3687927 -0.5778897 0.7403763 0.3433461 -0.09787482 -0.9371507 0.3349168 0.6930896 0.1910498 -0.6950733 0.6872001 0.2023115 -0.6977292 0.1074901 0.924836 -0.364862 -0.448017 0.8756168 0.1804885 0.3072053 -0.649477 0.6955608 0.5953965 0.5391803 -0.5956406 0.248152 -0.9118238 0.3271054 0.822522 -0.3195356 0.4704834 -0.5692783 0.7164734 -0.4032223 -0.4357258 -0.8396503 0.3242383 0.9468527 0.06921714 0.3141323 -0.3984019 0.1318748 -0.9076812 -0.3560697 -0.5570704 -0.7502581 0.8545669 -0.2107347 -0.4746645 0.08160698 0.9805048 -0.178748 0.9861026 -0.1655356 0.01413029 -0.8957934 -0.4442955 0.01248222 0.0888105 0.7757037 0.6248173</float_array>
          <technique_common>
            <accessor source="#tree-mesh-normals-array" count="3793" stride="3">
              <param name="X" type="float"/>
              <param name="Y" type="float"/>
              <param name="Z" type="float"/>
            </accessor>
          </technique_common>
        </source>
        <source id="tree-mesh-map-0">
          <float_array id="tree-mesh-map-0-array" count="37914">-6.0008e-6 0.1666666 0.06847506 0 0 0 0.0697056 0.6666667 -2.93467e-5 0.5 0 0.6666667 0.06847506 1 0.06868416 0.8333333 -1.08957e-5 0.8333333 0.06860685 0.3333334 0.06827712 0.1666666 -6.0008e-6 0.1666666 0.06926655 0.5 0.06860685 0.3333334 -2.93467e-5 0.5 0.06868416 0.8333333 0.0697056 0.6666667 -1.08957e-5 0.8333333 0.131381 0.6666666 0.200827 0.5 0.1309385 0.5 0.2055963 0.8333334 0.2102492 0.6666667 0.131381 0.6666666 0.3497383 0.5 0.3539893 0.3333333 0.200827 0.5 0.2102492 0.6666667 0.3497383 0.5 0.200827 0.5 0.4323064 0.3333333 0.3920835 0.1666666 0.3539893 0.3333333 0.3497383 0.5 0.4323064 0.3333333 0.3539893 0.3333333 0.3911202 0.8333333 0.4249834 0.6666667 0.3561184 0.6666667 0.4249834 0.6666667 0.4447342 0.5 0.3497383 0.5 0.5806359 0.8333333 0.4249834 0.6666667 0.3911202 0.8333333 0.617104 0.3333333 0.4701411 0.1666666 0.4323064 0.3333333 0.577006 0.6666666 0.6243116 0.5 0.4447342 0.5 0.617104 0.3333333 0.7008615 0.1666666 0.4701411 0.1666666 0.7070167 0.8333333 0.577006 0.6666666 0.5806359 0.8333333 0.6880686 0.5 0.7107675 0.3333334 0.617104 0.3333333 0.7098767 0.6666666 0.6880686 0.5 0.577006 0.6666666 0.7008615 0.1666666 0.7379187 0 0.6523128 0 0.8279641 0.3333334 0.7008615 0.1666666 0.7107675 0.3333334 0.7070167 0.8333333 0.830413 0.6666667 0.7098767 0.6666666 0.7379187 1 0.8328233 0.8333333 0.7070167 0.8333333 0.7008615 0.1666666 0.9997773 0 0.7379187 0 0.9998928 0.1666666 0.9997773 0 0.7008615 0.1666666 1.00005 0.5 0.8279641 0.3333334 0.7771057 0.5 0.830413 0.6666667 1.00005 0.5 0.7771057 0.5 0.1176217 0.6666667 0.1136766 0.5 0 0.5 0.1137616 0.8333333 0.1176217 0.6666667 0 0.8333333 0.1793192 0.1666666 0.2952419 0 0.1120663 0 0.3134373 0.8333333 0.1176217 0.6666667 0.1137616 0.8333333 0.5270595 0.6666667 0.5387982 0.5 0.3389354 0.5 0.4335277 0.3333333 0.5525669 0.1666666 0.4032422 0.1666666 0.5855461 1 0.5110487 0.8333334 0.4989848 1 0.5525669 0.1666666 0.5855461 0 0.4989848 0 0.6029754 0.8333334 0.6716446 0.6666667 0.5270595 0.6666667 0.6767827 0.3333334 0.5525669 0.1666666 0.5591556 0.3333333 0.6829918 0.1666666 0.6973053 0 0.5855461 0 0.8138652 0.1666666 0.6973053 0 0.6829918 0.1666666 0.6767827 0.3333334 0.8138652 0.1666666 0.6829918 0.1666666 0.7948397 0.6666667 0.8235004 0.5 0.6676306 0.5 0.6973053 1 0.9996392 0.8333333 0.6984176 0.8333333 0.9998467 1 0.9996392 0.8333333 0.6973053 1 0.9996392 0.8333333 0.999859 0.6666667 0.7948397 0.6666667 1.000025 0.1666666 0.9998467 0 0.8138652 0.1666666 0.999859 0.6666667 1.000024 0.5 0.8235004 0.5 0.1137702 0.6666668 0.1129584 0.5 0 0.5 0.1164725 0.8333334 0.1137702 0.6666668 0 0.8333333 0.3013282 1 0.1164725 0.8333334 0.113422 1 0.3013282 1 0.3150176 0.8333333 0.1164725 0.8333334 0.3150176 0.8333333 0.305687 0.6666667 0.1164725 0.8333334 0.3622894 0.1666666 0.3013282 0 0.3061256 0.1666666 0.2884163 0.3333333 0.3622894 0.1666666 0.3061256 0.1666666 0.5528084 1 0.4455772 0.8333333 0.3938159 1 0.4624742 0.5 0.5469377 0.3333333 0.4602299 0.3333333 0.5528084 1 0.7319478 0.8333334 0.5653961 0.8333333 0.7319478 0.8333334 0.5967481 0.6666668 0.5653961 0.8333333 0.69111 0.5 0.6825051 0.3333334 0.5650541 0.5 0.73521 1 0.7319478 0.8333334 0.5528084 1 0.6825051 0.3333334 0.9151061 0.1666666 0.5218648 0.1666666 0.9067409 0.3333333 0.9151061 0.1666666 0.6825051 0.3333334 0.9151061 0.1666666 0.8895125 0 0.73521 0 0.8895125 1 1.000014 0.8333333 0.9004138 0.8333333 1.000019 0.5 0.9067409 0.3333333 0.8874164 0.5 1.000001 0.1666666 1 0 0.8895125 0 1 0.3333333 1.000001 0.1666666 0.9067409 0.3333333 0.1131618 0.6666667 0.1467953 0.5 0 0.5 0.1127082 0.8333333 0.1131618 0.6666667 0 0.8333333 0.1467953 0.5 0.302809 0.3333333 0.1126549 0.3333334 0.2852326 1 0.3724723 0.8333333 0.3010817 0.8333333 0.302809 0.3333333 0.3692142 0.1666666 0.282266 0.1666666 0.3724723 0.8333333 0.3113138 0.6666667 0.3010817 0.8333333 0.5183264 1 0.3724723 0.8333333 0.367809 1 0.3692142 0.1666666 0.5183264 0 0.367809 0 0.5178791 0.6666667 0.4108707 0.5 0.3824511 0.6666666 0.5183264 1 0.518943 0.8333333 0.3724723 0.8333333 0.518943 0.8333333 0.5178791 0.6666667 0.3724723 0.8333333 0.5912418 0.3333333 0.573949 0.1666666 0.5555556 0.3333333 0.6660643 0.1666666 0.5910752 0 0.573949 0.1666666 0.5923936 0.6666667 0.6664541 0.5 0.5914403 0.5 0.6688791 1 0.6725733 0.8333333 0.5910752 1 0.9287306 0.3333333 0.6660643 0.1666666 0.5912418 0.3333333 0.6664541 0.5 0.9287306 0.3333333 0.5912418 0.3333333 0.6725733 0.8333333 0.6731843 0.6666668 0.5923936 0.6666667 0.8614689 1 0.6725733 0.8333333 0.6688791 1 0.6660643 0.1666666 0.8614689 0 0.6688791 0 0.8614689 1 0.8732469 0.8333333 0.6725733 0.8333333 0.8616706 0.6666667 0.8904641 0.5 0.6731843 0.6666668 0.1154559 0.5 0.1135362 0.3333333 0 0.3333334 0.1144858 0.6666667 0.1154559 0.5 0 0.6666668 0.3005914 1 0.1561634 0.8333333 0.1112554 1 0.2780611 0.3333334 0.1109955 0.1666666 0.1135362 0.3333333 0.1561634 0.8333333 0.3113865 0.6666668 0.1144858 0.6666667 0.2780611 0.3333334 0.282091 0.1666666 0.1109955 0.1666666 0.3657608 1 0.3241385 0.8333333 0.3005914 1 0.282091 0.1666666 0.3657608 0 0.3005914 0 0.3303082 0.5 0.3649054 0.3333333 0.2780611 0.3333334 0.3649054 0.3333333 0.3820966 0.1666666 0.282091 0.1666666 0.6454864 1 0.3796014 0.8333333 0.3657608 1 0.3649054 0.3333333 0.6743936 0.1666666 0.3820966 0.1666666 0.6371549 0.6666667 0.3303082 0.5 0.3767964 0.6666668 0.6454864 1 0.6727682 0.8333334 0.3796014 0.8333333 0.6599394 0.5 0.3649054 0.3333333 0.3303082 0.5 0.6727682 0.8333334 0.6371549 0.6666667 0.3796014 0.8333333 0.7377801 0.3333333 0.6743936 0.1666666 0.3649054 0.3333333 0.6599394 0.5 0.7377801 0.3333333 0.3649054 0.3333333 0.6454864 1 0.7844278 0.8333334 0.6727682 0.8333334 0.7843645 0.5 0.7377801 0.3333333 0.6599394 0.5 0.898248 0.6666667 0.9998605 0.5 0.7843645 0.5 0.9998438 0.8333333 0.898248 0.6666667 0.7844278 0.8333334 1.000024 0.3333333 0.8560593 0.1666666 0.8199954 0.3333333 0.8560593 0.1666666 1.000008 0 0.7886139 0 1.000012 0.6666667 0.9998605 0.5 0.898248 0.6666667 0.9998438 0.8333333 1.000012 0.6666667 0.898248 0.6666667 3.41422e-5 0.1666666 0.2721954 0.1538214 2.25017e-5 0 0.270382 0.5783184 4.1339e-5 0.3333333 7.64916e-6 0.5826131 0.3715886 0.3333333 0.2721954 0.1538214 4.1339e-5 0.3333333 0.4374976 1 0.3308686 0.8333333 0.2663303 1 0.3715886 0.3333333 0.4315574 0.05444717 0.2721954 0.1538214 0.4374976 1 0.5887873 0.6670439 0.3308686 0.8333333 0.5887873 0.6670439 0.4557524 0.5530822 0.3308686 0.8333333 0.6729809 0.952616 0.5887873 0.6670439 0.4374976 1 0.4557524 0.5530822 0.673681 0.6180664 0.3715886 0.3333333 0.5887873 0.6670439 0.673681 0.6180664 0.4557524 0.5530822 0.7841463 0.2595091 0.6455649 0 0.6107271 0.1595804 0.7815449 0.6433888 0.8333333 0.5830314 0.7841463 0.2595091 1.000022 1 1 0.7416782 0.8853455 0.9188002 1 0.403951 1.000022 0.09017825 0.888473 0.2898486 0.8853455 0.9188002 1 0.7416782 0.884304 0.6148737 0.3169906 -0.006936669 1.07897e-5 0 2.10627e-6 0.2503935 1.26431e-5 0.5826225 0.3008755 0.4288302 2.10627e-6 0.2503935 0.2841494 0.7040756 1.26431e-5 0.5826225 1.33734e-5 0.9198175 0.3008755 0.4288302 0.4162001 0.2918307 0.3169906 -0.006936669 0.3165964 1 0.435483 0.6727811 0.2841494 0.7040756 0.4929558 0.550643 0.4162001 0.2918307 0.3008755 0.4288302 0.435483 0.6727811 0.4929558 0.550643 0.3008755 0.4288302 0.3165964 1 0.5015885 1.264166 0.435483 0.6727811 0.5950567 0.4814292 0.4162001 0.2918307 0.4929558 0.550643 0.5950567 0.4814292 0.6820131 0.2434095 0.5367583 0.1934566 0.6816583 0.8164247 0.4929558 0.550643 0.5015885 1.264166 0.7058622 0.4705721 0.6820131 0.2434095 0.5950567 0.4814292 0.7083333 1 0.6816583 0.8164247 0.6548191 1 0.6816583 0.8164247 0.7819606 0.8139403 0.7058622 0.4705721 0.7916667 1 0.7819606 0.8139403 0.6816583 0.8164247 0.7916667 0.4545594 0.7853581 0.08677858 0.7058622 0.4705721 0.7819606 0.8139403 0.7916667 0.4545594 0.7058622 0.4705721 0.8333334 0.9172576 0.7819606 0.8139403 0.7916667 1 0.8333333 0.2499241 0.7853581 0.08677858 0.7916667 0.4545594 0.8333333 0.2499241 0.8817182 0.0899291 0.8333333 0 0.8856901 0.4702377 0.8333333 0.2499241 0.8333334 0.6056898 0.8856901 0.4702377 1.00002 0.2516568 0.8817182 0.0899291 0.9999843 0.572521 0.8856901 0.4702377 0.8823916 0.848376 0.9583333 1 1 0.9092903 0.9999843 0.572521 1.00002 0.2516568 1 0 0.8817182 0.0899291 0.9999843 0.572521 1.00002 0.2516568 0.8856901 0.4702377 0.4917662 0.3333334 -7.52588e-6 0.1666666 7.71802e-7 0.4470885 1.58714e-5 0.6666667 0.5056034 0.5 7.71802e-7 0.4470885 -7.52588e-6 0.1666666 0.4924601 0.1544867 2.73024e-6 0 0.5124576 0.9043341 1.58714e-5 0.6666667 5.17872e-6 0.9165861 0.4917662 0.3333334 0.4924601 0.1544867 -7.52588e-6 0.1666666 0.4981384 0.6692056 0.5056034 0.5 1.58714e-5 0.6666667 0.4924601 0.1544867 0.6905338 0.03238129 0.5302309 0 0.6863539 0.6021746 0.5056034 0.5 0.4981384 0.6692056 0.696512 1 0.9999502 0.7714962 0.4981384 0.6692056 0.9999726 0.5 0.7181218 0.3333333 0.6863539 0.6021746 -2.00291e-7 0.387927 0.3198605 0.2329227 1.97634e-4 0.03929632 0.335627 1 0.3366621 0.8069599 1.97451e-4 1 0.4676504 0.6666666 0.3347091 0.5 0.3366621 0.8069599 0.4502115 0.2995114 0.5462904 0 0.335627 0 0.4676504 0.6666666 0.6763543 0.4596876 0.3347091 0.5 0.8071686 0.04915267 0.5462904 0 0.4502115 0.2995114 0.8126654 1 1.000049 0.777318 0.793718 0.6708821 0.9993096 0.3965513 1 0.1276473 0.6763543 0.4596876 1.000049 0.777318 0.9993096 0.3965513 0.793718 0.6708821 0.2749973 0.5967521 0.2817747 0.3320293 3.75879e-5 0.2090256 0.2817747 0.3320293 0.305734 0 3.75879e-5 0.2090256 0.4919537 0.4139823 0.2817747 0.3320293 0.2749973 0.5967521 0.6719141 0.5813404 0.4919537 0.4139823 0.4961374 0.7720909 0.6785163 0.9023886 0.4961374 0.7720909 0.4968143 1 0.6785163 0.9023886 0.6719141 0.5813404 0.4961374 0.7720909 1 0.2715908 0.6761966 0.2588092 0.6719141 0.5813404 0.2489519 1 0.4915693 0.803642 -3.5935e-7 0.8325996 0.4915693 0.803642 0.002094566 0.4455981 -3.5935e-7 0.8325996 0.4925985 0.1666666 0.4850496 0 0.002019762 0.1653342 0.9961689 0.2323216 0.9990521 2.79131e-4 0.4925985 0.1666666 2.04689e-7 0.3333333 0.4701484 0.1821729 3.75411e-5 0.03555154 0.472821 0.4396638 2.04689e-7 0.3333333 3.84513e-5 0.7208766 0.7452028 0.5285348 0.472821 0.4396638 3.84513e-5 0.7208766 0.5153824 1 0.7452028 0.5285348 4.77604e-5 1 0.5153824 1 0.7299641 0.9071018 0.7452028 0.5285348 0.7661259 0.2102035 0.4701484 0.1821729 0.472821 0.4396638 0.7661259 0.2102035 0.7159623 0 0.4701484 0.1821729 1.000017 0.9414395 0.7299641 0.9071018 0.8266567 1 0.7452028 0.5285348 1.000033 0.2682055 0.7661259 0.2102035 1.000033 0.2682055 1.000026 0 0.7661259 0.2102035 1.000017 0.9414395 1.000011 0.6310567 0.7299641 0.9071018 -3.24221e-5 0.3333334 0.1725898 0.1666666 0 0.1666666 0.1728748 0.8333333 -4.83084e-5 0.6666667 0 0.8333333 0.1706804 1 0.1728748 0.8333333 -2.2268e-5 1 0.1725898 0.1666666 0.1706804 0 -2.2268e-5 0 0.1716786 0.5 0.1692771 0.3333333 -3.24221e-5 0.3333334 0.1693801 0.6666667 0.1716786 0.5 -4.83084e-5 0.6666667 0.324151 0.5 0.2940465 0.3333334 0.25 0.5 0.2953396 0.6666667 0.324151 0.5 0.25 0.5 0.4918469 0.3333333 0.65841 0.1666666 0.4722572 0.1666666 0.65841 0.1666666 1.000009 0 0.4876369 0 0.999993 0.3333333 0.65841 0.1666666 0.4918469 0.3333333 0.9999842 0.6666667 0.6701601 0.5 0.5019808 0.6666667 0.4996729 0.8333333 0.9999842 0.6666667 0.5019808 0.6666667 1.000001 0.5 0.999993 0.3333333 0.6701601 0.5 1.000009 1 1 0.8333333 0.4996729 0.8333333 0.2030463 1 0.4214302 0.5252587 -2.93504e-7 0.8712149 0.6531915 0.182769 0.5215765 0 1.72576e-4 0.5615565 0.4214302 0.5252587 0.6531915 0.182769 1.72576e-4 0.5615565 0.9999694 0.5831984 0.6531915 0.182769 0.4214302 0.5252587 0.5632605 0.9073657 0.9999694 0.5831984 0.4214302 0.5252587 1 0.9166633 0.5632605 0.9073657 0.7989364 1 1.63975e-5 0.3333333 0.5449704 0.1864393 -2.42934e-7 0.03956919 0.5449704 0.1864393 0.3153035 0 -2.42934e-7 0.03956919 0.6699686 0.5753344 0.5449704 0.1864393 2.0636e-4 0.6120071 0.6707823 0.8413597 0.6699686 0.5753344 2.0636e-4 0.6120071 1.000028 0.9419807 0.6707823 0.8413597 0.7175321 1 0.6699686 0.5753344 1.00006 0.2656846 0.736397 0.1302493 1.00006 0.2656846 1.000043 0 0.736397 0.1302493 1.000028 0.9419807 1.00002 0.6315364 0.6707823 0.8413597 0.2724345 0.4874507 -1.99888e-5 0.2755005 -2.25354e-5 0.6332213 0.2609745 0.1666666 0.2729661 0 -7.02959e-5 0 0.2724345 0.4874507 0.2609745 0.1666666 -1.99888e-5 0.2755005 0.2703043 0.9306789 0.2724345 0.4874507 -2.25354e-5 0.6332213 0.4228473 0.1182577 0.2729661 0 0.2609745 0.1666666 0.4166666 0.7507453 0.2724345 0.4874507 0.2703043 0.9306789 0.6368432 0.1321479 0.4228473 0.1182577 0.4494746 0.3521457 0.9984781 0.834188 0.6588491 0.7806233 0.5327012 0.8987358 0.6368432 0.1321479 1 0.1048212 0.7032039 0 0.9999999 0.4377543 1 0.1048212 0.6368432 0.1321479 0.9999999 0.4377543 0.6615073 0.44073 0.6588491 0.7806233 0.3358949 -0.1555999 -1.77457e-7 0.08371013 1.60889e-7 0.4616444 1.4925e-5 0.7499897 0.3358949 -0.1555999 1.60889e-7 0.4616444 0.5369926 0.6064725 0.3358949 -0.1555999 1.4925e-5 0.7499897 0.3358949 -0.1555999 0.5525885 0.07489246 0.4166666 0 0.7106228 0.3888803 0.5525885 0.07489246 0.3358949 -0.1555999 0.7281814 0.1326075 0.5525885 0.07489246 0.7106228 0.3888803 0.5525884 0.9221478 0.7307904 1.106114 0.5369926 0.6064725 1 0.5832645 0.7106228 0.3888803 0.7307904 1.106114 1 0.9167689 1 0.5832645 0.8397812 1 1 0.5832645 1 0.27262 0.7106228 0.3888803 2.0648e-4 0.06075972 0.5 0.1982935 0.3379664 0.02440714 0.4986399 0.6666667 0.5 0.1982935 2.0648e-4 0.06075972 0.5 0.9165826 0.4986399 0.6666667 1.94858e-4 0.7951583 0.5833333 0.1666666 0.5 0 0.5 0.1982935 0.4986399 0.6666667 0.5833333 0.5705268 0.5 0.1982935 0.5833333 0.9167236 0.4986399 0.6666667 0.5 0.9165826 0.6666667 0.250387 0.5833333 0 0.5833333 0.1666666 0.5833333 0.5705268 0.6666667 0.250387 0.5833333 0.1666666 0.6666667 0.8939098 0.5833333 0.5705268 0.5833333 0.9167236 0.6666667 0.250387 0.75 0 0.6666667 0 0.75 0.5627319 0.6666667 0.250387 0.6666668 0.5828592 0.6666667 0.8939098 0.75 0.5627319 0.6666668 0.5828592 0.75 0.1666666 0.8333333 0.1396517 0.75 0 0.8333333 0.4166234 0.75 0.1666666 0.75 0.5627319 0.75 0.9167146 0.8333333 0.6666667 0.75 0.5627319 0.9166667 0.4166958 0.8333333 0.1396517 0.8333333 0.4166234 0.9166667 0.6743854 0.8333333 0.4166234 0.8333333 0.6666667 0.8333333 0.9166895 0.9166667 0.6743854 0.8333333 0.6666667 0.9166667 0.1666666 1 0.09317195 0.9166667 0 1 0.3974328 0.9166667 0.1666666 0.9166667 0.4166958 1 0.7445697 0.9166667 0.4166958 0.9166667 0.6743854 0.6099395 1 -5.18527e-7 0.8333333 0 1 -9.30759e-7 0.5 0.684827 0.3333333 0 0.3333333 0.347551 0.6666667 0.3527184 0.5 -9.30759e-7 0.5 0.5767462 0.8333333 0.347551 0.6666667 -5.18527e-7 0.8333333 0.684827 0.3333333 0.6636493 0.1666666 2.62829e-5 0.1666666 0.6802556 0.5 0.684827 0.3333333 0.3527184 0.5 0.347551 0.6666667 0.6802556 0.5 0.3527184 0.5 0.5767462 0.8333333 0.7003855 0.6666666 0.347551 0.6666667 1.000098 1 0.9988168 0.8333334 0.7684156 1 0.684827 0.3333333 1.00008 0.1666666 0.6636493 0.1666666 1 0.6666667 1.000002 0.4555075 0.7003855 0.6666666 1.000001 0.8323679 1.67235e-5 0.5928781 -8.213e-6 0.9234598 1.000001 0.2390359 1.000001 0 -1.33839e-5 0 1.000002 0.5 1.000001 0.2390359 6.63635e-6 0.2542521 1.000001 0.8323679 1.000002 0.5 1.67235e-5 0.5928781 0.5111201 0.6180031 -3.60866e-7 0.7228112 0 1 -3.60866e-7 0.7228112 0.51392 0.5 -7.01315e-7 0.4171639 0.9999999 0.2674846 1 0 0.5009744 0 0.9999999 0.2674846 0.5015943 0.2678673 0.51392 0.5 1 0.6666667 0.51392 0.5 0.5111201 0.6180031 9.48829e-6 0.1107619 0.6599248 0.08485662 0.3891524 0 0.4083783 0.5607259 0.6547176 -0.06921631 9.48829e-6 0.1107619 1 0.9166865 6.34447e-5 0.7272662 0.657218 1 0.6547176 -0.06921631 1 0.2726582 0.6599248 0.08485662 1 0.9166865 0.6547176 -0.06921631 6.34447e-5 0.7272662 0.5001156 0.5741097 -8.36999e-7 0.4442855 -3.7724e-7 0.7956219 0.5001156 0.5741097 0.5019487 0.2651423 -8.36999e-7 0.4442855 2.76833e-6 0.9999995 0.5001156 0.5741097 -3.7724e-7 0.7956219 1.000001 0.4426746 0.9999939 0.1036036 0.5019487 0.2651423 1.000002 0.8473122 -1.21614e-7 0.6666667 0 0.9389494 1.000002 0.2499237 1.000002 0 -2.66064e-7 0.09806466 1.000002 0.2499237 -2.66064e-7 0.09806466 1.22624e-7 0.3941483 1.000002 0.5 1.000002 0.2499237 1.22624e-7 0.3941483 1.000002 0.08332282 0 0 -1.58736e-7 0.2982711 -1.33454e-7 0.8935397 1.000002 0.7350006 0 0.5407604 1.000002 0.4165883 1.000002 0.08332282 -1.58736e-7 0.2982711 1.000002 0.4165883 -1.58736e-7 0.2982711 0 0.5407604 1.000002 0.7350006 1.000002 0.4165883 0 0.5407604 0 0.7272548 1 0.4270588 0 0.3725405 1 1 1 0.7573553 0 1 1 0.7573553 1 0.4270588 0 0.7272548 0 0.8333333 1 0.6526697 1.23093e-7 0.4264494 1 0.2500769 1 0 0 0.1060765 1.23093e-7 0.4264494 1 0.2500769 0 0.1060765 1 0.6526697 1 0.2500769 1.23093e-7 0.4264494 0.9999999 0.9166405 0 0.8333333 0 1 1 0.2468075 0 0.1060619 0 0.5047263 0 0.8333333 1.000001 0.5833423 0 0.5047263 0 1 0.9999997 0.8333333 0 0.7272804 0.9999995 0.1646395 0 0.0833407 0 0.4166709 0 0.7272804 1 0.5801672 0 0.4166709 1 0.9062509 0 0.583316 0 0.9608048 1 0.9062509 1 0.5832502 0 0.583316 1.000002 0.9286568 1.116e-6 0.8333333 0 1 1.000001 0.2571831 1.000003 0 -8.64274e-7 0.1884304 1.000001 0.5906795 1.000001 0.2571831 0 0.5606727 -3.95024e-5 1 0.1097085 0.8333334 0 0.8333333 0.1088828 0.5 -7.90622e-6 0.3333334 0 0.6107969 0.2352174 0.8333333 0.3953337 0.6666666 0.2162136 0.6666667 0.3953337 0.6666666 0.4343572 0.5 0.236534 0.5 0.4355287 0.8333333 0.3953337 0.6666666 0.2352174 0.8333333 0.4343572 0.5 0.5218147 0.3333333 0.4362012 0.3333333 0.5218147 0.3333333 0.55647 0.1666666 0.4221498 0.1666666 0.549084 0.5 0.5218147 0.3333333 0.4343572 0.5 0.5551545 0.6666666 0.7046671 0.5 0.549084 0.5 0.7046671 0.5 0.6866225 0.3333333 0.5756262 0.3333333 0.785663 0.8333334 0.6883457 0.6666667 0.6617243 0.8333333 0.8577322 1 0.785663 0.8333334 0.6853526 1 0.7046671 0.5 0.854228 0.3333333 0.6866225 0.3333333 0.785663 0.8333334 0.8633815 0.6666668 0.6883457 0.6666667 0.9999906 0.5632659 0.854228 0.3333333 0.7046671 0.5 0.9999688 0.8333333 0.8633815 0.6666668 0.785663 0.8333334 0.8680226 0.1666666 1 0.2281215 0.8577322 0 0.1851356 0.1666666 5.59677e-6 0 -5.07801e-7 0.1666666 4.08139e-6 0.3333333 0.1851356 0.1666666 -5.07801e-7 0.1666666 -1.31959e-7 0.6666667 0.1821303 0.5 2.0418e-7 0.5 0.1851356 0.1666666 0.1885633 0 5.59677e-6 0 0.1887997 0.3333333 0.1851356 0.1666666 4.08139e-6 0.3333333 0.1877799 0.6666667 0.1821303 0.5 -1.31959e-7 0.6666667 0.2391598 1 0.3170809 0.8333333 0.2346048 0.8333333 0.3167685 0.5 0.2393747 0.3333333 0.23464 0.5 0.3219851 0.6666667 0.3167685 0.5 0.2402226 0.6666667 0.3170809 0.8333333 0.3219851 0.6666667 0.2402226 0.6666667 0.4384373 1 0.3672552 0.8333333 0.368143 1 0.3794897 0.3333333 0.4331522 0.1666666 0.3656421 0.1666666 0.3673096 0.6666666 0.4455324 0.5 0.3648799 0.5 0.4979189 0.6666667 0.4455324 0.5 0.3673096 0.6666666 0.4979189 0.6666667 0.5359185 0.5 0.4455324 0.5 0.5359185 0.5 0.5744071 0.3333333 0.5219085 0.3333333 0.5872685 0.5 0.5744071 0.3333333 0.5359185 0.5 0.6646385 0.5 0.7716739 0.3333333 0.6618261 0.3333334 0.7817499 0.6666667 0.6646385 0.5 0.6620609 0.6666667 0.8410083 0.8577473 0.6769713 0.8333333 0.6638618 1 0.7817499 0.6666667 0.7854803 0.5 0.6646385 0.5 0.7835132 0.1666666 0.8728165 0.04585355 0.7707323 0 0.85507 0.2256814 0.7835132 0.1666666 0.7716739 0.3333333 0.8410083 0.8577473 0.8691175 0.6666668 0.7817499 0.6666667 0.8728165 1 0.9205184 0.9500595 0.8410083 0.8577473 0.9092364 0.3333333 0.9236746 0.1666666 0.8728165 0.04585355 0.8691175 0.6666668 0.923436 0.5749509 0.8684483 0.5 0.923436 0.5749509 1.000018 0.3911918 0.9092364 0.3333333 1.000018 0.3911918 1.000016 0.07046514 0.9236746 0.1666666 1.000006 0.6993956 1.000018 0.3911918 0.923436 0.5749509 0.07792568 0.3333333 -4.05181e-5 0.1666666 0 0.3333333 -1.3765e-5 0.8333333 0.07688397 0.6666668 0 0.6666667 0.07724195 0.5 0.07792568 0.3333333 -1.62135e-5 0.5 0.07688397 0.6666668 0.07724195 0.5 -1.62135e-5 0.5 0.232327 0.8333333 0.3335537 0.6666668 0.2089893 0.6666667 0.3335537 0.6666668 0.3465146 0.5 0.2161741 0.5 0.3757163 0.1666666 0.3334164 0 0.2348384 0.1666666 0.5138554 0.8333333 0.3335537 0.6666668 0.232327 0.8333333 0.5138554 0.8333333 0.5209834 0.6666667 0.3335537 0.6666668 0.6579003 0.6666667 0.5759693 0.5 0.576201 0.6666667 0.6878544 0.5 0.6596429 0.3333333 0.5759693 0.5 0.6579003 0.6666667 0.6878544 0.5 0.5759693 0.5 0.6878544 0.5 0.7921953 0.3333333 0.6596429 0.3333333 0.7941608 0.6666666 0.6878544 0.5 0.6579003 0.6666667 0.7921953 0.3333333 0.8630545 0.1666666 0.6685687 0.1666666 0.8630545 0.1666666 0.8818854 0 0.6703343 0 0.8883834 0.5 0.7921953 0.3333333 0.6878544 0.5 0.7941608 0.6666666 0.8883834 0.5 0.6878544 0.5 0.9999969 0.2905969 0.8630545 0.1666666 0.7921953 0.3333333 0.9999963 0.6270427 0.8883834 0.5 0.7941608 0.6666666 0.8784371 0.8333333 0.9999963 0.6270427 0.7941608 0.6666666 1 0.8965245 0.8784371 0.8333333 0.8818854 1 1 0.8965245 0.9999963 0.6270427 0.8784371 0.8333333 1.30714e-5 0.5 0.1898511 0.3333333 -6.2314e-7 0.3333333 4.96049e-5 0.8333333 0.1994985 0.6666666 8.6795e-6 0.6666667 0.217104 1 0.2243112 0.8333334 4.96049e-5 0.8333333 0.1898511 0.3333333 0.223165 0.1666666 6.53494e-5 0.1666666 0.2227744 0.5 0.1898511 0.3333333 1.30714e-5 0.5 0.2243112 0.8333334 0.1994985 0.6666666 4.96049e-5 0.8333333 0.3335955 0.1666666 0.217104 0 0.223165 0.1666666 0.3337152 1 0.3016414 0.8333333 0.217104 1 0.3335955 0.1666666 0.443216 0 0.3337152 0 0.4692997 0.6666667 0.33394 0.5 0.3265594 0.6666667 0.443216 1 0.4452933 0.8333333 0.3533241 0.8333333 0.4452933 0.8333333 0.4692997 0.6666667 0.3533241 0.8333333 0.6284957 0.6666667 0.5575699 0.5 0.4692997 0.6666667 0.6671316 0.3333333 0.6173804 0.1666666 0.5497411 0.3333333 0.5575699 0.5 0.6671316 0.3333333 0.5497411 0.3333333 0.6284957 0.6666667 0.6667307 0.5 0.5575699 0.5 0.6869674 0.1666666 0.6670633 0 0.6173804 0.1666666 0.6675155 0.8333333 0.685871 0.6666667 0.6284957 0.6666667 0.7666957 0.5 0.6671316 0.3333333 0.6667307 0.5 0.6670633 1 0.7841116 0.9888222 0.6675155 0.8333333 0.6671316 0.3333333 0.7780138 0.2329446 0.6869674 0.1666666 0.8079943 0.6666666 0.7666957 0.5 0.685871 0.6666667 0.9020604 1 0.8774067 0.8333333 0.7841116 0.9888222 0.902588 0.08374065 0.7856085 0 0.7780138 0.2329446 0.9999682 0.5998539 0.8901942 0.5 0.8079943 0.6666666 3.71274e-6 0.6114496 0.1530605 0.4283751 3.25307e-6 0.1875792 0.1487438 0.118143 5.68491e-6 0 3.25307e-6 0.1875792 6.18118e-6 0.9157301 0.2212302 0.7532435 3.71274e-6 0.6114496 0.2212302 0.7532435 0.2995725 0.5933998 0.1530605 0.4283751 0.3529242 0.07831215 0.2983958 0 0.2978259 0.2430231 0.2995725 0.5933998 0.349185 0.4345389 0.2978259 0.2430231 0.353409 1 0.3657507 0.7420641 0.3171501 0.7819744 0.3657507 0.7420641 0.349185 0.4345389 0.3171501 0.7819744 0.353409 1 0.4511693 0.9300399 0.3657507 0.7420641 0.4560834 0.2312347 0.3529242 0.07831215 0.349185 0.4345389 0.6099004 0.2891196 0.563022 0 0.4408804 0 0.563022 1 0.6446827 0.8333333 0.4511693 0.9300399 0.6454578 0.07799029 0.563022 0 0.6099004 0.2891196 0.6328576 0.5887503 0.6099004 0.2891196 0.5595443 0.5752158 0.6446827 0.8333333 0.6328576 0.5887503 0.5595443 0.5752158 0.6951382 0.2402518 0.6454578 0.07799029 0.6099004 0.2891196 0.6446827 0.8333333 0.6830747 0.5787611 0.6328576 0.5887503 0.6991424 0.9314109 0.6446827 0.8333333 0.6463419 1 0.6991424 0.9314109 0.6830747 0.5787611 0.6446827 0.8333333 0.7743836 0.8333333 0.7792059 0.6211793 0.6991424 0.9314109 0.7874633 1 0.7743836 0.8333333 0.6991424 0.9314109 0.7863433 0.07711887 0.6994067 0 0.6951382 0.2402518 0.7792059 0.6211793 0.8552662 0.4228258 0.6951382 0.2402518 1 0.3881802 0.9999886 0.08388012 0.8552662 0.4228258 0.1596552 0.6028274 3.84688e-4 0.6660326 2.22706e-6 0.9471942 0.2663049 0.3333334 0.2993766 0.1031061 7.61235e-6 0.2791461 0.3133416 1 0.4511798 1.032746 0.2856789 0.8567219 0.4411957 0.5 0.2663049 0.3333334 0.2991658 0.573664 0.4373812 0.1391155 0.4499168 0 0.2993766 0.1031061 0.4511798 1.032746 0.4411957 0.5 0.2991658 0.573664 0.5213947 1 0.5216275 0.7487814 0.4511798 1.032746 0.5675838 0.9060134 0.5216275 0.7487814 0.5213947 1 0.5215796 0.4335518 0.5740303 0.3045492 0.5219637 0.09717535 0.5728774 0.5780341 0.5215796 0.4335518 0.5216275 0.7487814 0.654755 0.9613783 0.6550044 0.687034 0.5728774 0.5780341 0.6901673 0.5491323 0.6416168 0.2162038 0.6550044 0.687034 0.7097859 0.9646217 0.6550044 0.687034 0.654755 0.9613783 0.6416168 0.2162038 0.7012994 0.2593652 0.655838 0.05139189 0.6901673 0.5491323 0.7012994 0.2593652 0.6416168 0.2162038 0.8140043 0.06780838 0.7085998 0 0.7012994 0.2593652 0.7972981 0.5771033 0.9999353 0.2728158 0.7846726 0.3333333 0.8182268 1 0.999997 0.9148301 0.794419 0.8333334 0.9999942 0.5956725 0.9999353 0.2728158 0.7972981 0.5771033 0.1196768 0.8613978 -1.19243e-7 0.6117597 0 0.9610381 1.72261e-6 0.2214329 0.1113367 0 0 0 0.101415 0.5574615 0.0934484 0.4370315 1.72261e-6 0.2214329 0.0934484 0.4370315 0.1113367 0 1.72261e-6 0.2214329 0.2999985 0.5 0.0934484 0.4370315 0.101415 0.5574615 0.0934484 0.4370315 0.2978113 0.07571929 0.1113367 0 0.2974185 0.7332122 0.2999985 0.5 0.101415 0.5574615 0.1196768 0.8613978 0.2974185 0.7332122 0.101415 0.5574615 0.2961603 1 0.2974185 0.7332122 0.1196768 0.8613978 0.3175741 0.3809006 0.3533654 0.09129083 0.2978113 0.07571929 0.3527767 1 0.3959702 0.6942778 0.3543735 0.6899109 0.3661154 0.4291719 0.3533654 0.09129083 0.3175741 0.3809006 0.3543735 0.6899109 0.3661154 0.4291719 0.3175741 0.3809006 0.3527767 1 0.4486923 0.9981621 0.3959702 0.6942778 0.4303018 0.1578477 0.3533654 0.09129083 0.3661154 0.4291719 0.3543735 0.6899109 0.3959702 0.6942778 0.3661154 0.4291719 0.5548825 0.1666666 0.5928354 0 0.4488847 0 0.5661286 0.4618319 0.7722346 0.2528799 0.5548825 0.1666666 0.7751302 0.9278737 0.5569369 0.6666668 0.586524 0.972211 0.7752279 0.5856655 0.7722346 0.2528799 0.5661286 0.4618319 0.5569369 0.6666668 0.7752279 0.5856655 0.5661286 0.4618319 0.7751302 0.9278737 0.7752279 0.5856655 0.5569369 0.6666668 0.9999997 0.08380067 0.7763921 0 0.7722346 0.2528799 0.9999998 0.4161857 0.7722346 0.2528799 0.7752279 0.5856655 0.7751302 0.9278737 0.9999998 0.7531743 0.7752279 0.5856655 1.39519e-5 0.5 0.1458149 0.3333333 5.6183e-6 0.2204359 0.1423627 0.6666666 1.39519e-5 0.5 3.74562e-5 0.7965579 0.1969339 0.1666666 3.28581e-5 0 5.6183e-6 0.2204359 0.1956133 0.5 0.1458149 0.3333333 1.39519e-5 0.5 0.1423627 0.6666666 0.1956133 0.5 1.39519e-5 0.5 0.1949951 1 0.3086074 0.8333333 3.74562e-5 0.7965579 0.3086074 0.8333333 0.1423627 0.6666666 3.74562e-5 0.7965579 0.3117212 0.497089 0.1956133 0.5 0.1423627 0.6666666 0.2965819 0.3333333 0.3100459 0.1666666 0.1969339 0.1666666 0.3117212 0.497089 0.2965819 0.3333333 0.1956133 0.5 0.3533758 0.3333334 0.3100459 0.1666666 0.2965819 0.3333333 0.3086074 0.8333333 0.351626 0.6666667 0.3117212 0.497089 0.368046 0.1666666 0.3327545 0 0.3100459 0.1666666 0.3533758 0.3333334 0.368046 0.1666666 0.3100459 0.1666666 0.351626 0.6666667 0.3966737 0.5 0.3117212 0.497089 0.3691443 0.8333333 0.351626 0.6666667 0.3086074 0.8333333 0.5200859 1 0.3691443 0.8333333 0.3327545 1 0.3966737 0.5 0.5372225 0.3333333 0.3533758 0.3333334 0.3691443 0.8333333 0.4836277 0.6666667 0.351626 0.6666667 0.5200859 1 0.5372729 0.8333334 0.3691443 0.8333333 0.5372729 0.8333334 0.4836277 0.6666667 0.3691443 0.8333333 0.4836277 0.6666667 0.5673356 0.5 0.3966737 0.5 0.6468266 0.6710783 0.5673356 0.5 0.4836277 0.6666667 0.6659408 0.9206241 0.5372729 0.8333334 0.5200859 1 0.7674364 0.4274461 0.667627 0.2523563 0.6468266 0.6710783 0.7674364 0.4274461 0.7726269 0.1339809 0.667627 0.2523563 0.8996545 1 0.8290206 0.7297554 0.7852359 1 0.8996545 1 0.9088366 0.7440146 0.8290206 0.7297554 0.8985882 0.3947377 0.9056023 0.07322043 0.8270022 0.28994 0.9088366 0.7440146 1.000004 0.5603144 0.8985882 0.3947377 1.000004 0.5603144 1.000004 0.225664 0.8985882 0.3947377 1.000001 0.8703058 1.000004 0.5603144 0.9088366 0.7440146 0.1366493 1 5.23206e-6 0.8333333 0 1 0.1366493 1 0.2032839 0.8333333 5.23206e-6 0.8333333 0.271913 0.3333333 8.9291e-5 0.1666666 5.52234e-6 0.3333333 0.3207017 0.5 0.271913 0.3333333 -6.49195e-6 0.5 0.3421023 1 0.2032839 0.8333333 0.1366493 1 0.3421023 1 0.5204681 0.8333333 0.2032839 0.8333333 0.5535076 0.6666667 0.3207017 0.5 0.3332802 0.6666668 0.5204681 0.8333333 0.5535076 0.6666667 0.3332802 0.6666668 0.5535076 0.6666667 0.5949409 0.5 0.3207017 0.5 0.7748044 1 0.7767626 0.8333334 0.5718415 1 0.7701149 0.3333333 0.7757102 0.1666666 0.5572099 0.1666666 0.7941702 0.6666667 0.7981746 0.5 0.5949409 0.5 0.7748044 1 1.000018 0.8985109 0.7767626 0.8333334 0.9999763 0.5 0.7701149 0.3333333 0.7981746 0.5 0.1268852 0.1666666 6.87836e-5 0 -1.14424e-6 0.1666666 7.55976e-5 0.3333333 0.1268852 0.1666666 -1.14424e-6 0.1666666 0.1346199 0.6666666 0.1319512 0.5 2.41773e-7 0.5 6.87836e-5 1 0.2979891 0.8333334 1.83826e-5 0.8333333 0.2940367 1 0.2979891 0.8333334 6.87836e-5 1 0.5372057 0.6666667 0.3548393 0.5 0.3212538 0.6666667 0.2979891 0.8333334 0.5372057 0.6666667 0.3212538 0.6666667 0.3480771 0.1666666 0.542471 0 0.2940367 0 0.5533064 0.8333334 0.5372057 0.6666667 0.2979891 0.8333334 0.3548393 0.5 0.5567353 0.3333334 0.3381806 0.3333333 0.5628959 0.1666666 0.542471 0 0.3480771 0.1666666 0.5567353 0.3333334 0.5628959 0.1666666 0.3480771 0.1666666 0.5372057 0.6666667 0.6671225 0.5 0.3548393 0.5 0.6665424 0.6666667 0.6671225 0.5 0.5372057 0.6666667 0.8163035 1 0.6676125 0.8333333 0.6601265 1 0.6671225 0.5 0.8156583 0.3333334 0.6608535 0.3333333 0.8241907 0.1666666 0.8163035 0 0.6679372 0.1666666 0.8156583 0.3333334 0.8241907 0.1666666 0.6679372 0.1666666 0.9111582 0.07904118 0.8163035 0 0.8241907 0.1666666 0.8297587 0.5 0.911125 0.4281933 0.8156583 0.3333334 0.8293179 0.8333334 0.9122272 0.7621566 0.8245773 0.6666667 1.000014 0.6139206 0.911125 0.4281933 0.9122272 0.7621566 1.000014 0.6139206 1.000008 0.2979155 0.911125 0.4281933 1.000025 0.9260261 1.000014 0.6139206 0.9122272 0.7621566 0.2007011 1 7.13259e-6 0.8333333 -6.97927e-7 1 7.82001e-6 0.1666666 0.2007011 0 -6.97927e-7 0 2.03929e-7 0.5 0.1870254 0.3333333 -4.64904e-7 0.3333333 0.2007011 1 0.2041818 0.8333333 7.13259e-6 0.8333333 0.2222756 0.1666666 0.2007011 0 7.82001e-6 0.1666666 0.1855009 0.5 0.1870254 0.3333333 2.03929e-7 0.5 -4.75713e-6 0.6666667 0.1855009 0.5 2.03929e-7 0.5 0.2009711 0.6666668 0.1855009 0.5 -4.75713e-6 0.6666667 0.4173747 0.5 0.2459843 0.3333333 0.2452644 0.5 0.4173747 0.5 0.4409427 0.3333333 0.2459843 0.3333333 0.4647967 1 0.4373523 0.8333334 0.4039298 1 0.4409427 0.3333333 0.4634245 0.1666666 0.4072025 0.1666666 0.47733 0.5 0.4409427 0.3333333 0.4173747 0.5 0.4373523 0.8333334 0.4792399 0.6666667 0.425715 0.6666667 0.4647967 1 0.5583215 0.8333334 0.4373523 0.8333334 0.5750389 0.6666667 0.5604828 0.5 0.4792399 0.6666667 0.5583215 0.8333334 0.5750389 0.6666667 0.4792399 0.6666667 0.8539459 0.06437259 0.7536948 0 0.7504574 0.1666666 0.868789 0.4180625 0.7595699 0.3333333 0.7444627 0.5 0.9226209 0.7431936 0.8668249 0.6666668 0.8730114 0.8795887 0.9238014 0.4007673 1.000018 0.0964756 0.9167611 0.08151966 1 1 1.00002 0.7756664 0.923698 1 1.00002 0.7756664 1.000007 0.4664451 0.9226209 0.7431936 -8.40578e-6 0.8333333 0.1100417 0.6666667 0 0.6666667 0.1100417 0.6666667 0.11351 0.5 -1.64927e-5 0.5 0.147589 0.8333333 0.1100417 0.6666667 0.09156662 0.8333333 0.134155 1 0.2818157 0.8333333 0.147589 0.8333333 0.2967233 0.6666667 0.2722848 0.5 0.1100417 0.6666667 0.2722848 0.5 0.3340662 0.3333333 0.2188336 0.3333333 0.3320965 1 0.4686541 0.8333334 0.3528372 0.8333334 0.4435448 0.1666666 0.5315008 0 0.3320965 0 0.6496116 0.1666666 0.5315008 0 0.4435448 0.1666666 0.4554448 0.3333333 0.6496116 0.1666666 0.4435448 0.1666666 0.4686541 0.8333334 0.6509056 0.6666666 0.4428366 0.6666667 0.6647467 0.3333333 0.6496116 0.1666666 0.4554448 0.3333333 0.5315008 1 0.6780765 0.8333333 0.4686541 0.8333334 0.7758288 0.5 0.6647467 0.3333333 0.4849823 0.5 0.6509056 0.6666666 0.7758288 0.5 0.4849823 0.5 0.6496116 0.1666666 0.7845059 0 0.5315008 0 0.8735099 0.1666666 0.7845059 0 0.6496116 0.1666666 0.7758288 0.5 0.845548 0.3333333 0.6647467 0.3333333 0.8679552 0.8333333 0.8722286 0.6666668 0.6780765 0.8333333 1.000001 1 0.8679552 0.8333333 0.7845059 1 0.7758288 0.5 1.000001 0.4206148 0.845548 0.3333333 0.8722286 0.6666668 1.000001 0.4206148 0.7758288 0.5 1.000001 0.4206148 1.000001 0.06839907 0.8735099 0.1666666 0.8679552 0.8333333 1 0.749997 0.8722286 0.6666668 0.1089903 0.1666666 -5.68032e-6 0 0 0.2763388 -2.71634e-5 0.5 0.1099789 0.3333333 0 0.2763388 0.1345441 1 0.1445419 0.8333333 0.09097021 0.8333333 0.1445419 0.8333333 0.1119787 0.6666667 0.09097021 0.8333333 0.3491718 1 0.2297369 0.8333333 0.1345441 1 0.2661874 0.5 0.4729634 0.3333333 0.232718 0.3333333 0.5044956 0.6666667 0.2661874 0.5 0.2473942 0.6666667 0.5353826 0.5 0.4729634 0.3333333 0.2661874 0.5 0.5485678 1 0.4369725 0.8333333 0.3491718 1 0.6314787 0.8333333 0.5044956 0.6666667 0.4369725 0.8333333 0.6666775 0.6666667 0.5353826 0.5 0.5044956 0.6666667 0.674362 0.5 0.6468946 0.3333333 0.5353826 0.5 0.6673949 1 0.6864776 0.8333334 0.6314787 0.8333333 0.674362 0.5 0.7020121 0.3333333 0.6468946 0.3333333 0.7020121 0.3333333 0.7955024 0.1666666 0.6867561 0.1666666 0.7977678 0.3333333 0.7955024 0.1666666 0.7020121 0.3333333 0.7783024 0.5 0.7977678 0.3333333 0.7020121 0.3333333 0.999866 0.5839359 0.7977678 0.3333333 0.7783024 0.5 0.999866 0.5839359 0.9999994 0.2526232 0.7977678 0.3333333 -4.01779e-5 1 0.07675164 0.9030759 -9.61663e-6 0.7031686 0.07630574 0.2328206 0.07653862 0 -2.39362e-5 0.06737434 0.07675164 0.9030759 0.07629168 0.5720214 -9.61663e-6 0.7031686 0.07630574 0.2328206 0.1236929 0.0512979 0.07653862 0 0.1220719 0.4288203 0.07630574 0.2328206 0.07629168 0.5720214 0.07675164 0.9030759 0.1308253 0.7578901 0.07629168 0.5720214 0.1220719 0.4288203 0.1440277 0.2389831 0.1236929 0.0512979 0.2168774 0.9114478 0.1308253 0.7578901 0.1236929 1 0.1220719 0.4288203 0.247488 0.5590879 0.1440277 0.2389831 0.2379375 0.6666668 0.247488 0.5590879 0.1220719 0.4288203 0.3529867 1 0.431824 0.6257284 0.2168774 0.9114478 0.2379375 0.6666668 0.4296728 0.5 0.247488 0.5590879 0.247488 0.5590879 0.4508149 0.3229903 0.2332733 0.1666666 0.431824 0.6257284 0.4296728 0.5 0.2379375 0.6666668 0.4508149 0.3229903 0.5406339 0.005569338 0.3529867 0 0.4296728 0.5 0.5224083 0.4256287 0.4508149 0.3229903 0.57479 0.244023 0.5406339 0.005569338 0.5224083 0.4256287 0.5302401 0.7298436 0.5856438 0.6112503 0.5224083 0.4256287 0.57479 0.244023 0.5881747 0 0.5406339 0.005569338 0.57479 0.244023 0.6619241 0.08825057 0.5881747 0 0.6597535 0.4208965 0.57479 0.244023 0.5856438 0.6112503 0.6582563 0.7771009 0.5856438 0.6112503 0.5872053 0.909289 0.6597535 0.4208965 0.7420699 0.2801176 0.6619241 0.08825057 0.7437868 0.573113 0.6597535 0.4208965 0.6582563 0.7771009 0.7420699 0.2801176 0.7975962 0.08991914 0.7417944 0 0.885769 0.5 0.7977524 0.3333334 0.7986318 0.5832259 0.7986676 0.8333333 0.8864877 0.790682 0.7986318 0.5832259 1 0.2274541 1 0 0.8897529 0 1 0.5385938 1 0.2274541 0.8821371 0.1047107 0.2842831 0.8153086 3.13112e-4 0.6116409 6.20016e-5 0.9166613 0.2978321 0.3413079 6.21308e-5 0 8.97152e-6 0.2613384 0.2978321 0.3413079 0.3145202 0 6.21308e-5 0 0.2982484 0.5708488 0.2978321 0.3413079 3.13112e-4 0.6116409 0.2982484 0.5708488 0.3556247 0.4232634 0.2978321 0.3413079 0.3557504 0.7132655 0.2982484 0.5708488 0.2842831 0.8153086 0.3674606 1 0.4473277 0.9247465 0.3557504 0.7132655 0.3557504 0.7132655 0.4446385 0.4080876 0.3556247 0.4232634 0.4446385 0.4080876 0.4937282 0.1296683 0.3556247 0.4232634 0.6633249 1 0.6570817 0.7809224 0.5756471 1 0.6594467 0.3932806 0.6604085 0.05774337 0.575019 0.4200464 0.742228 0.883477 0.6570817 0.7809224 0.6633249 1 0.6570817 0.7809224 0.7437725 0.5947147 0.6594467 0.3932806 0.7971308 0.07761454 0.7456297 0 0.741537 0.2579826 0.7437725 0.5947147 0.7928653 0.4525182 0.741537 0.2579826 0.799059 0.7424639 0.7437725 0.5947147 0.742228 0.883477 0.8893688 0.7637067 0.8887308 0.4265222 0.799059 0.7424639 1.000001 1 0.8893688 0.7637067 0.8884069 1 1 0.7053256 1 0.4395376 0.8887308 0.4265222 2.99011e-6 0.609003 0.1277301 0.4668447 -1.68899e-7 0.2055906 0.1255263 0.1666666 5.34124e-6 0 -1.68899e-7 0.2055906 0.1277301 0.4668447 0.1255263 0.1666666 -1.68899e-7 0.2055906 0.1460043 0.6798827 2.99011e-6 0.609003 3.39883e-6 0.9457209 0.1255263 0.1666666 0.2500518 0 5.34124e-6 0 0.1460043 0.6798827 0.1277301 0.4668447 2.99011e-6 0.609003 0.2500518 1 0.3143972 0.7307599 0.1460043 0.6798827 0.3301734 0.5 0.3414237 0.2325465 0.1277301 0.4668447 0.2500518 1 0.5418246 0.8755819 0.3143972 0.7307599 0.3414237 0.2325465 0.5376263 0 0.2500518 0 0.5351904 0.6666668 0.3301734 0.5 0.3143972 0.7307599 0.5719066 0.1666666 0.5376263 0 0.3414237 0.2325465 0.3301734 0.5 0.5577324 0.474335 0.3414237 0.2325465 0.5351904 0.6666668 0.5577324 0.474335 0.3301734 0.5 0.5719066 0.1666666 0.7722961 0 0.5376263 0 0.5418246 0.8755819 0.7885564 0.7053081 0.5351904 0.6666668 0.8556666 0.9119443 0.7885564 0.7053081 0.7722961 1 0.7885564 0.7053081 0.8996493 0.6266965 0.7748152 0.4918995 0.8996493 0.6266965 0.9228948 0.2437114 0.8649489 0.2796394 0.9228948 0.2437114 1.000009 0.06078118 0.9059042 0 1.000014 1 1.000023 0.7312716 0.9114518 0.9207713 1.000009 0.3696979 1.000009 0.06078118 0.9228948 0.2437114 0.1785721 0.8542044 2.10169e-5 0.7274149 -1.82867e-7 1 0.2035714 0.2039694 0.2229106 0 0.1095721 0 0.2229106 1 0.2391788 0.7625566 0.1785721 0.8542044 0.2391788 0.7625566 0.2125011 0.4430291 0.1584346 0.6035662 0.1785721 0.8542044 0.2391788 0.7625566 0.1584346 0.6035662 0.2546407 0.2445679 0.2229106 0 0.2035714 0.2039694 0.2125011 0.4430291 0.2546407 0.2445679 0.2035714 0.2039694 0.3388895 0.8752857 0.2391788 0.7625566 0.2229106 1 0.2125011 0.4430291 0.3402868 0.3874188 0.2546407 0.2445679 0.3403689 0.6666667 0.3402868 0.3874188 0.2125011 0.4430291 0.3388895 0.8752857 0.3403689 0.6666667 0.2391788 0.7625566 0.554247 0.08206862 0.348534 0 0.3398267 0.1666666 0.5585244 0.7355946 0.3403689 0.6666667 0.3388895 0.8752857 0.7703675 0.2676035 0.554247 0.08206862 0.5302769 0.4702154 0.8062757 0.8333333 0.7563456 0.5673693 0.5585244 0.7355946 0.8062757 0.8333333 0.9999868 0.5943723 0.7563456 0.5673693 0.9999868 0.5943723 0.9998317 0.2727211 0.7563456 0.5673693 0.9998317 0.2727211 1 0 0.7703675 0.2676035 4.37645e-6 0.6666667 0.1230363 0.5194898 3.04017e-6 0.2981041 0.1506057 0.09846323 4.50473e-6 0 3.04017e-6 0.2981041 0.2713215 0.6666668 0.3328966 0.5 0.1230363 0.5194898 0.5047232 0.3333333 0.3234793 0.0730012 0.1230363 0.5194898 0.5465604 0.5834959 0.5047232 0.3333333 0.3328966 0.5 0.5465604 0.5834959 0.3328966 0.5 0.2713215 0.6666668 0.7780234 0.4137175 0.5483722 0.0835458 0.5047232 0.3333333 0.7780234 0.4137175 0.5047232 0.3333333 0.5465604 0.5834959 0.5500178 0.8333334 0.7790405 0.7302619 0.5465604 0.5834959 0.7780234 0.4137175 0.7736052 0.0523802 0.5483722 0.0835458 0.7756672 1 0.8725728 0.9537919 0.7790405 0.7302619 0.8632389 0.2595148 0.8741373 0.04665094 0.7736052 0.0523802 0.8692091 0.5774289 0.7780234 0.4137175 0.7790405 0.7302619 0.8692091 0.5774289 0.9232797 0.4982816 0.8632389 0.2595148 1.000019 0.2676188 1.000033 0 0.9230526 0.1666666 1.00002 0.935643 1.000011 0.6346217 0.9231536 0.90381 0.1892272 0.1666666 9.46972e-6 0 6.63104e-4 0.4192329 3.62096e-4 0.6670951 0.1238827 0.5791879 6.63104e-4 0.4192329 0.3185776 0.6586321 0.2974412 0.5 0.1238827 0.5791879 3.62096e-4 0.6670951 0.3185776 0.6586321 0.1238827 0.5791879 0.440643 1 0.3185776 0.6586321 0.220899 1 0.1892272 0.1666666 0.4450783 0.07965135 0.220899 0 0.2958618 0.3333333 0.4450783 0.07965135 0.1892272 0.1666666 0.5294669 0.4343789 0.4450783 0.07965135 0.2958618 0.3333333 0.5294669 0.4343789 0.2958618 0.3333333 0.2974412 0.5 0.6302253 0.7568722 0.5130154 0.6666667 0.3185776 0.6586321 0.6646051 0.9299692 0.7342539 0.7581699 0.671217 0.6085936 0.7843626 0.5 0.6975504 0.193 0.671217 0.6085936 0.7843626 0.5 0.7891493 0.243978 0.6975504 0.193 0.7891493 0.243978 0.8908457 0.08401077 0.7724632 0 0.8902686 1 0.8947126 0.7534325 0.797998 0.7483747 0.8943561 0.424942 0.7891493 0.243978 0.7843626 0.5 1 0.8924376 0.8947126 0.7534325 0.8902686 1 1 0.8924376 1.000003 0.6284202 0.8947126 0.7534325 0.1304109 1 3.27475e-6 0.725928 0 1 3.27475e-6 0.725928 0.1742013 0.6050338 6.17663e-6 0.3851598 0.2428993 0.8333333 0.1742013 0.6050338 3.27475e-6 0.725928 0.4385756 1 0.2428993 0.8333333 0.1304109 1 0.4892654 0.6666666 0.3581433 0.5 0.1742013 0.6050338 0.2428993 0.8333333 0.4892654 0.6666666 0.1742013 0.6050338 0.4385756 1 0.5490769 0.8333333 0.2428993 0.8333333 0.6355867 0.3333333 0.2821679 0.1666666 0.2718508 0.3333334 0.5530005 0.1666666 0.4385756 0 0.2821679 0.1666666 0.6355867 0.3333333 0.5530005 0.1666666 0.2821679 0.1666666 0.4892654 0.6666666 0.713947 0.5 0.3581433 0.5 0.4385756 1 0.7807036 0.9006687 0.5490769 0.8333333 0.7819575 0.6666666 0.713947 0.5 0.4892654 0.6666666 0.9999944 0.4056568 0.7845115 0.1666666 0.6355867 0.3333333 0.9999958 0.7892881 0.7819575 0.6666666 0.7807036 0.9006687 0.1359454 0.1666666 5.2895e-5 0 -5.69896e-7 0.1666666 4.07077e-6 0.3333333 0.1359454 0.1666666 -5.69896e-7 0.1666666 0.1289259 0.6666668 0.1719593 0.5 0 0.5 5.2895e-5 1 0.2624132 0.8333334 3.7338e-6 0.8333333 0.2452347 0.3333333 0.1359454 0.1666666 4.07077e-6 0.3333333 0.1359454 0.1666666 0.3367195 0 5.2895e-5 0 0.3412171 0.1666666 0.3367195 0 0.1359454 0.1666666 0.2452347 0.3333333 0.3412171 0.1666666 0.1359454 0.1666666 0.3461084 0.6666667 0.4965028 0.5 0.1719593 0.5 0.3367195 1 0.518048 0.8333333 0.2624132 0.8333334 0.5611786 1 0.518048 0.8333333 0.3367195 1 0.5359619 0.3333334 0.5542065 0.1666666 0.3412171 0.1666666 0.5611786 1 0.7761853 0.8333334 0.518048 0.8333333 0.7717154 0.1666666 0.5611786 0 0.5542065 0.1666666 0.7717154 0.1666666 0.7785847 0 0.5611786 0 0.7788658 0.6666667 0.4965028 0.5 0.572033 0.6666667 0.7854557 0.5 0.7781808 0.3333333 0.4965028 0.5 0.999996 0.0905745 0.7785847 0 0.7717154 0.1666666 0.9999942 1 0.9999942 0.7887894 0.7785847 1 0.7854557 0.5 1 0.4166983 0.7781808 0.3333333 0.0752936 0.6666667 -3.76704e-5 0.5 -2.13154e-5 0.879276 0.07595652 0.3893405 0.09371364 0.2073308 -6.39303e-6 0.22491 0.07715326 0.9084741 0.0752936 0.6666667 -2.13154e-5 0.879276 0.09371364 0.2073308 0.130284 0 0.07749992 0 0.1300958 0.5794449 0.07595652 0.3893405 0.0752936 0.6666667 0.1433746 0.2498469 0.130284 0 0.09371364 0.2073308 0.1300958 0.5794449 0.1433746 0.2498469 0.09371364 0.2073308 0.2458427 -0.009326338 0.130284 0 0.1433746 0.2498469 0.2358601 0.3333333 0.3368325 0.1845418 0.2458427 -0.009326338 0.4210369 0.9110323 0.2416968 0.8333334 0.2437723 1 0.4210369 0.9110323 0.3765206 0.6298685 0.2416968 0.8333334 0.5909656 0.8333333 0.5778059 0.6522778 0.5727816 0.9603659 0.6446926 0.4479078 0.5805246 0.2132857 0.5778059 0.6522778 0.7418024 0.9187546 0.5909656 0.8333333 0.5727816 0.9603659 0.7421898 0.2528069 0.5805246 0.2132857 0.6446926 0.4479078 0.7420263 0.6021324 0.7421898 0.2528069 0.6446926 0.4479078 0.798907 0.410292 0.7421898 0.2528069 0.7420263 0.6021324 0.897037 0.0404374 0.798264 0 0.7973769 0.1666666 0.8976998 1 0.8915129 0.8333333 0.798264 0.9674665 1 0.3720998 1 0.1062403 0.897037 0.0404374 0.1676824 0.8554726 1.33033e-5 0.6666667 3.41268e-5 0.9611497 0.1102662 0.5 0.1996143 0.4565279 3.57409e-6 0.2606665 0.2362087 0.3401515 3.40626e-5 0 3.57409e-6 0.2606665 0.2894604 0.639393 0.1996143 0.4565279 0.1676824 0.8554726 0.2894604 0.639393 0.310594 0.2691824 0.2362087 0.3401515 0.3566864 0.09406828 0.3211104 0 0.310594 0.2691824 0.3094983 0.9103203 0.3530085 0.7455861 0.2894604 0.639393 0.4456843 1 0.4570188 0.7594445 0.3530085 0.7455861 0.6121907 0.3192294 0.5919752 0 0.4521963 0.0978043 0.6046363 0.5 0.6121907 0.3192294 0.4614896 0.4118198 0.7468187 1 0.8012418 0.8804468 0.7398821 0.7467828 0.8095524 0.5401673 0.7503513 0.5 0.7398821 0.7467828 0.8920407 0.2309535 0.811246 0 0.8003914 0.2591888 0.8012418 0.8804468 0.8877202 0.6666667 0.8095524 0.5401673 0.8877202 0.6666667 0.9995068 0.3943963 0.8095524 0.5401673 0.9995068 0.3943963 1 0.1277347 0.8920407 0.2309535 1 0.7783539 0.9995068 0.3943963 0.8877202 0.6666667 0.1270551 0.1490988 3.42999e-6 0 3.77628e-6 0.2799336 0.1470572 0.664229 5.24533e-6 0.5811526 2.14365e-6 0.9448615 0.1527159 0.5183181 0.1270551 0.1490988 3.77628e-6 0.2799336 0.1527159 0.5183181 3.77628e-6 0.2799336 5.24533e-6 0.5811526 0.1466642 1 0.323898 0.9184235 0.1470572 0.664229 0.519968 0.08892881 0.3240684 0 0.3232498 0.1666666 0.5845032 0.6397103 0.5407406 0.6173389 0.5213569 0.8333333 0.5845032 0.6397103 0.5747208 0.3333333 0.5407406 0.6173389 0.6525889 0.4138509 0.5747208 0.3333333 0.5845032 0.6397103 0.7396644 1 0.694697 0.8333333 0.6528653 1 0.8596972 0.5911033 0.7810363 0.3333333 0.696911 0.6503769 0.9999898 0.3333333 0.8613881 0.07856768 0.7810363 0.3333333 0.8596972 0.5911033 0.9999898 0.3333333 0.7810363 0.3333333 0.9999898 0.3333333 1 0.0609734 0.8613881 0.07856768 1 0.560496 0.9999898 0.3333333 0.8596972 0.5911033 0.2128009 0.9402953 0.2129114 0.6666667 1.07905e-5 0.7728103 0.2166888 0.1666666 0.3003076 0.09190547 0.210175 0 0.3557088 0.6219702 0.3034694 0.3915271 0.329317 0.8030644 0.3557088 0.6219702 0.4578546 0.4252753 0.3523252 0.3333333 0.4559963 0.7489031 0.3557088 0.6219702 0.329317 0.8030644 0.4700054 1 0.6409302 0.7594013 0.4559963 0.7489031 0.6554288 1 0.6409302 0.7594013 0.4700054 1 0.6554288 1 0.7581725 0.7983796 0.6409302 0.7594013 0.7564806 0.2122974 0.6525196 0.04620325 0.7121934 0.4133874 0.7564806 0.2122974 0.7866501 0 0.6525196 0.04620325 0.798618 0.3556115 0.7564806 0.2122974 0.7121934 0.4133874 0.798618 0.3556115 0.7866501 0 0.7564806 0.2122974 0.8987391 0.09417963 0.7866501 0 0.798618 0.3556115 0.8004736 0.7146924 0.8917784 0.6166476 0.798618 0.3556115 0.9055896 1 0.8958535 0.8333333 0.7866501 1 1.000003 1 1.000002 0.7230018 0.8958535 0.8333333 1.000001 0.3712327 1.000002 0.06099337 0.8987391 0.09417963 -1.50355e-5 0.3984535 0.07647627 0.2372308 -1.04251e-5 0.03157281 0.07647627 0.2372308 0.07610934 0 -1.04251e-5 0.03157281 0.0885623 0.5679391 0.07647627 0.2372308 -1.50355e-5 0.3984535 0.07647627 0.2372308 0.1306146 0.08844482 0.07610934 0 0.0885623 0.5679391 0.129661 0.3342627 0.07647627 0.2372308 0.1410495 0.6328662 0.0885623 0.5679391 0.07671159 0.902603 0.1410495 0.6328662 0.129661 0.3342627 0.0885623 0.5679391 0.1299533 1 0.2256258 0.9186151 0.1410495 0.6328662 0.243116 0.6480616 0.129661 0.3342627 0.1410495 0.6328662 0.243116 0.6480616 0.3345575 0.4156097 0.129661 0.3342627 0.5058571 0.9382136 0.243116 0.6480616 0.2256258 0.9186151 0.5058571 0.9382136 0.4732388 0.5903045 0.243116 0.6480616 0.5514543 0.2466196 0.5302773 0 0.3503468 0.1305662 0.5058571 0.9382136 0.6289937 0.7473092 0.4732388 0.5903045 0.5514543 0.2466196 0.6324045 0.09495699 0.5302773 0 0.6324835 0.406011 0.5514543 0.2466196 0.4732388 0.5903045 0.6303051 1 0.6865621 0.9256634 0.6289937 0.7473092 0.6876099 0.2507392 0.6324045 0.09495699 0.6324835 0.406011 0.6865361 0.5786342 0.6324835 0.406011 0.6289937 0.7473092 0.9999825 0.8333333 0.8100007 0.6628875 0.7797112 0.8566939 0.9999825 0.8333333 0.999944 0.554801 0.8100007 0.6628875 3.35567e-5 0.3333334 0.1067538 0.1666666 -4.63932e-7 0.03943753 0.1099519 1 3.31566e-5 0.8333333 -6.07738e-7 1 0.1067538 0.1666666 0.1099519 0 -4.63932e-7 0.03943753 0.1425109 0.6666667 0.1111508 0.5 -1.20076e-7 0.6120165 0.1099519 1 0.1881011 0.8333333 3.31566e-5 0.8333333 0.221629 0.3333333 0.1067538 0.1666666 3.35567e-5 0.3333334 0.2158446 1 0.1881011 0.8333333 0.1099519 1 0.1425109 0.6666667 0.2228073 0.5 0.1111508 0.5 0.2226009 0.1666666 0.3441512 0 0.2158446 0 0.3441512 1 0.3418397 0.8333333 0.2426578 0.8333334 0.4991555 0.3333334 0.3699101 0.1666666 0.3504037 0.3333333 0.4991555 0.3333334 0.5808216 0.1666666 0.3699101 0.1666666 0.6644381 0.6666668 0.5706383 0.5 0.5001702 0.6666667 0.7593464 1 0.6565856 0.8333333 0.5562839 1 0.6534022 0.3333333 0.7542313 0.1666666 0.5808216 0.1666666 0.8665993 0.3333333 0.7542313 0.1666666 0.6534022 0.3333333 0.7343329 0.5 0.8665993 0.3333333 0.6534022 0.3333333 0.8772112 0.5 0.8665993 0.3333333 0.7343329 0.5 0.8665993 0.3333333 0.8953848 0.1146011 0.7542313 0.1666666 0.8684613 0.6666667 1 0.6033291 0.8772112 0.5 1 0.9091749 1 0.6033291 0.8684613 0.6666667 1.43825e-5 0.3882355 0.1077538 0.02414453 -1.23428e-7 0.0388717 0.1085135 1 1.41227e-5 0.7274199 -1.60971e-7 1 0.1085135 1 0.1886824 0.9023659 1.41227e-5 0.7274199 0.2030826 0.6666667 0.1096082 0.5 1.41227e-5 0.7274199 0.2033936 0.2035234 0.1893486 0 0.1077538 0.02414453 0.2033936 0.2035234 0.2483898 0.09207963 0.1893486 0 0.2528465 0.3895539 0.3284072 0.2193471 0.2483898 0.09207963 0.2850176 0.7313168 0.3464442 0.6058086 0.2528465 0.3895539 0.3464442 0.6058086 0.3284072 0.2193471 0.2528465 0.3895539 0.3284072 0.2193471 0.4447389 0.09285169 0.3273142 0 0.4465361 1 0.556476 0.7430618 0.2850176 0.7313168 0.556476 0.7430618 0.4519199 0.4379682 0.3464442 0.6058086 0.556476 0.7430618 0.5489404 0.3981281 0.4519199 0.4379682 0.6219558 0.9131082 0.556476 0.7430618 0.5677291 1 0.6875467 0.05640524 0.6216178 0 0.5645516 0.09092915 0.6855763 0.4022797 0.5645516 0.09092915 0.6206606 0.4197294 0.6586074 0.6666667 0.6855763 0.4022797 0.6206606 0.4197294 0.7675285 0.5344017 0.6855763 0.4022797 0.6586074 0.6666667 0.6855763 0.4022797 0.7636147 0.3221809 0.6875467 0.05640524 0.7675285 0.5344017 0.7636147 0.3221809 0.6855763 0.4022797 0.849808 0.3520571 0.8914156 0.1666666 0.7636147 0.3221809 0.8914156 0.1666666 0.9232289 0 0.8468826 0 0.999477 0.7749589 0.8802686 0.6666666 0.8483259 0.9191708 1.000002 0.3897638 0.8914156 0.1666666 0.9166542 0.4446373 0.1298576 1 3.92735e-6 0.7255298 0 1 7.4977e-6 0.384423 0.1278965 0.07052052 -2.23724e-7 0.1277375 3.92735e-6 0.7255298 0.1314979 0.5 7.4977e-6 0.384423 0.2733458 0.3333334 0.1278965 0.07052052 7.4977e-6 0.384423 0.1482189 0.6600394 0.1314979 0.5 3.92735e-6 0.7255298 0.1298576 1 0.3253474 0.7475131 0.1482189 0.6600394 0.3253474 0.7475131 0.1314979 0.5 0.1482189 0.6600394 0.3667789 1 0.3253474 0.7475131 0.1298576 1 0.3253474 0.7475131 0.3648471 0.5 0.1314979 0.5 0.5476866 0.4620394 0.3647827 0.1666666 0.2733458 0.3333334 0.3648471 0.5 0.5476866 0.4620394 0.2733458 0.3333334 0.3647827 0.1666666 0.5607178 0.1479603 0.3667789 0 0.5476866 0.4620394 0.5607178 0.1479603 0.3647827 0.1666666 0.5232107 1 0.5755075 0.9412662 0.5549949 0.6948453 0.7312791 0.1666666 0.5764235 0 0.5607178 0.1479603 0.7312791 0.1666666 0.7738025 0 0.5764235 0 0.740071 0.4181548 0.5767585 0.3333333 0.5476866 0.4620394 0.7978424 0.2443305 0.7738025 0 0.7312791 0.1666666 0.7978424 0.2443305 0.7312791 0.1666666 0.740071 0.4181548 1 0.2216935 0.8912692 0 0.8879876 0.2664612 1 0.5607636 1 0.2216935 0.8879876 0.2664612 1 0.8721302 1 0.5607636 0.8849424 0.4321135 8.94493e-6 0.3585982 0.1430606 0.07311677 -1.43337e-7 0.03898578 0.1491523 1 0.1520321 0.6361876 -1.87103e-7 1 0.2671459 0.3333333 0.1430606 0.07311677 8.94493e-6 0.3585982 0.3230164 0.6177487 0.1336143 0.5 0.1520321 0.6361876 0.3536038 0.8333333 0.3230164 0.6177487 0.1520321 0.6361876 0.3508903 1 0.3536038 0.8333333 0.1491523 1 0.2671459 0.3333333 0.346828 0.06882607 0.1430606 0.07311677 0.5385815 0.3107718 0.346828 0.06882607 0.2671459 0.3333333 0.5644468 1 0.3536038 0.8333333 0.3508903 1 0.7706815 0.3382847 0.5385815 0.3107718 0.5332005 0.5 0.7686275 1 0.5549363 0.6276991 0.5644468 1 0.7706815 0.3382847 0.7716104 0.05923539 0.5385815 0.3107718 0.7915669 0.8333333 0.7737434 0.6666667 0.5549363 0.6276991 1.14108e-5 0.3333334 0.2307675 0.1666666 9.2214e-5 0.0390048 0.2285967 0.6666667 0.165989 0.5 1.22912e-5 0.7669904 9.21635e-5 1 0.2876442 0.8333333 1.22912e-5 0.7669904 0.2876442 0.8333333 0.2285967 0.6666667 1.22912e-5 0.7669904 0.407219 1 0.2876442 0.8333333 9.21635e-5 1 0.2307675 0.1666666 0.407219 0 9.2214e-5 0.0390048 0.165989 0.5 0.4723256 0.3333334 1.14108e-5 0.3333334 0.5285221 0.5 0.4723256 0.3333334 0.165989 0.5 0.2285967 0.6666667 0.5285221 0.5 0.165989 0.5 0.407219 1 0.5596638 0.7502117 0.2876442 0.8333333 0.5596638 0.7502117 0.5285221 0.5 0.2285967 0.6666667 0.2876442 0.8333333 0.5596638 0.7502117 0.2285967 0.6666667 0.5653665 0.1666666 0.407219 0 0.2307675 0.1666666 0.4723256 0.3333334 0.5653665 0.1666666 0.2307675 0.1666666 0.5653665 0.1666666 0.776107 0 0.407219 0 0.7715227 0.2516504 0.776107 0 0.5653665 0.1666666 0.7715227 0.2516504 0.5653665 0.1666666 0.4723256 0.3333334 0.5285221 0.5 0.7715227 0.2516504 0.4723256 0.3333334 0.7724571 0.7495809 0.8679443 0.5 0.5285221 0.5 0.776107 1 0.9999599 0.8723368 0.7724571 0.7495809 0.9999026 0.6061853 0.8679443 0.5 0.7724571 0.7495809 0.9999999 0.221517 0.776107 0 0.8909379 0.2574004 3.30061e-6 0.6111841 0.1372696 0.3333334 2.91452e-6 0.1875078 0.1558232 0.6136223 3.30061e-6 0.6111841 3.33553e-6 0.9471148 0.1945337 0.03803241 5.0719e-6 0 2.91452e-6 0.1875078 0.2079254 1 0.4104816 0.7393341 0.1558232 0.6136223 0.3886694 0.5389313 0.1760026 0.5 0.1558232 0.6136223 0.1760026 0.5 0.4060258 0.262177 0.1372696 0.3333334 0.4060258 0.262177 0.4097645 0 0.1945337 0.03803241 0.3886694 0.5389313 0.4060258 0.262177 0.1760026 0.5 0.4640597 0.07825833 0.4097645 0 0.4060258 0.262177 0.4104816 0.7393341 0.4638442 0.7276805 0.3886694 0.5389313 0.5664789 0.7180384 0.4735144 0.3905993 0.4638442 0.7276805 0.6654108 1 0.5664789 0.7180384 0.5417324 1 0.5664789 0.7180384 0.5573347 0.3444274 0.4735144 0.3905993 0.7218615 0.217805 0.5782164 0.1182068 0.5573347 0.3444274 0.7645265 0.504165 0.7218615 0.217805 0.5573347 0.3444274 0.7645265 0.504165 0.5573347 0.3444274 0.5664789 0.7180384 0.7542922 0.8333334 0.7645265 0.504165 0.5664789 0.7180384 0.8626357 1 0.7542922 0.8333334 0.6654108 1 0.7645265 0.504165 0.8564933 0.3333334 0.7218615 0.217805 0.7542922 0.8333334 0.8812621 0.704505 0.7645265 0.504165 0.8812621 0.704505 0.9999694 0.3942309 0.7645265 0.504165 0.8564933 0.3333334 0.9999918 0.1123701 0.8564516 0.07410109 1.000001 1 0.8812621 0.704505 0.8626357 1 0.1327472 0.9178923 -5.41672e-7 0.7783821 0 1 0.1317663 0.1666666 0.1315054 0 -2.22171e-7 0.1278007 0.131806 0.4207189 0.1317663 0.1666666 -2.22171e-7 0.1278007 0.1314738 0.6666666 0.131806 0.4207189 -1.77628e-7 0.4391819 0.1327472 0.9178923 0.1314738 0.6666666 -5.41672e-7 0.7783821 0.131806 0.4207189 0.332181 0.2507798 0.1317663 0.1666666 0.3314585 0.7507012 0.1314738 0.6666666 0.1327472 0.9178923 0.333468 1 0.5441469 0.9179692 0.3314585 0.7507012 0.5445766 0.4285016 0.332181 0.2507798 0.3327199 0.5 0.6595591 0.1302958 0.5444113 0 0.6172182 0.3771222 0.5441469 0.9179692 0.6327061 0.7530776 0.5359556 0.6666668 0.6837322 0.9595711 0.6327061 0.7530776 0.6342667 1 0.6831538 0.4297561 0.6595591 0.1302958 0.6172182 0.3771222 0.6837322 0.9595711 0.7785951 0.9146221 0.6928345 0.7609969 0.7748 0.3838086 0.7707085 0.1666666 0.6595591 0.1302958 0.7748 0.3838086 0.90116 0.3122733 0.7707085 0.1666666 0.9999861 0.7487161 0.8867546 0.5 0.8036651 0.6666667 0.9999861 0.7487161 1.000001 0.4443426 0.8867546 0.5 1.000001 0.4443426 0.9997497 0.1662208 0.90116 0.3122733 0.1299452 1 2.29143e-5 0.8333333 0 1 0.270886 0.3333333 0.1282538 0.06643271 3.21654e-6 0.2547035 0.1299452 1 0.3296724 0.7262045 2.29143e-5 0.8333333 0.3490723 0.5 0.270886 0.3333333 0.1290411 0.6062719 0.3426312 1 0.3296724 0.7262045 0.1299452 1 0.3426312 1 0.546361 0.7386587 0.3296724 0.7262045 0.5895265 0.5592948 0.3363361 0.08426308 0.270886 0.3333333 0.546361 0.7386587 0.3490723 0.5 0.3296724 0.7262045 0.5581306 1 0.546361 0.7386587 0.3426312 1 0.5895265 0.5592948 0.555642 0.06766045 0.3363361 0.08426308 0.546361 0.7386587 0.5895265 0.5592948 0.3490723 0.5 0.8047036 0.3333333 0.555642 0.06766045 0.5895265 0.5592948 0.5581306 1 0.7704148 0.9068612 0.546361 0.7386587 0.7795694 0.575763 0.8047036 0.3333333 0.5895265 0.5592948 0.7795694 0.575763 0.5895265 0.5592948 0.546361 0.7386587 0.7834346 0.1666666 0.9999813 0.03906285 0.7707999 0 0.999994 0.4550163 0.8047036 0.3333333 0.7795694 0.575763 0.999994 0.4550163 0.7834346 0.1666666 0.8047036 0.3333333 0.1576994 0.8333333 0.1395317 0.5864821 -3.76936e-7 0.8938756 0.5422531 0.359227 0.3389487 0.06636714 0.2576288 0.3333333 0.6239547 1 0.4807633 0.8333334 0.3460711 1 0.6239547 1 0.7733835 0.7522873 0.4807633 0.8333334 0.8229138 0.5269802 0.5422531 0.359227 0.5469568 0.5660986 0.8441581 0.04451131 0.6239547 0 0.5422531 0.359227 0.8643482 1 0.999989 0.7497561 0.7733835 0.7522873 0.999989 0.7497561 0.8229138 0.5269802 0.7733835 0.7522873 0.999989 0.7497561 0.9999926 0.3535404 0.8229138 0.5269802 9.97552e-6 0.5537547 0.262468 0.471288 1.94581e-6 0.1873713 0.1494755 0.129125 3.43684e-6 0 1.94581e-6 0.1873713 0.3162692 1 0.4615025 0.7165701 0.2583134 0.8333333 0.4615025 0.7165701 0.4694678 0.3983867 0.2731487 0.6666667 0.5507566 1 0.4615025 0.7165701 0.3162692 1 0.4694678 0.3983867 0.5536292 0.09838467 0.3310384 0.1666666 0.7323862 0.4186226 0.4694678 0.3983867 0.5574983 0.5669217 0.7504635 0.8333333 0.7497661 0.6666667 0.5574983 0.5669217 0.7497661 0.6666667 0.9999987 0.5849717 0.7323862 0.4186226 0.7504635 0.8333333 0.9999987 0.5849717 0.7497661 0.6666667 0.9999994 0.9174056 0.7504635 0.8333333 0.7088648 1 1.77523e-6 0.2206629 0.2211714 0 -1.33141e-7 0 2.68735e-6 0.5 0.1847291 0.2707569 1.77523e-6 0.2206629 0.1848168 0.7231388 2.68735e-6 0.5 2.19321e-6 0.8331588 0.2211714 1 0.1848168 0.7231388 2.19321e-6 0.8331588 0.1847291 0.2707569 0.2211714 0 1.77523e-6 0.2206629 0.1880648 0.5 0.1847291 0.2707569 2.68735e-6 0.5 0.1848168 0.7231388 0.1880648 0.5 2.68735e-6 0.5 0.2423713 0.5873875 0.1880648 0.5 0.1848168 0.7231388 0.3299782 0.06559073 0.2211714 0 0.2462794 0.2894079 0.335039 0.5 0.2462794 0.2894079 0.2423713 0.5873875 0.5330284 1 0.3337364 0.8333333 0.3265504 1 0.335039 0.5 0.5611516 0.1457239 0.2462794 0.2894079 0.5493966 0.7275648 0.335039 0.5 0.2516474 0.8153465 0.5611516 0.1457239 0.5330284 0 0.3299782 0.06559073 0.6229064 0.2847238 0.5611516 0.1457239 0.335039 0.5 0.5493966 0.7275648 0.6229064 0.2847238 0.335039 0.5 0.6852104 0.2479377 0.6672328 0 0.6229064 0.2847238 0.6597224 0.5 0.6852104 0.2479377 0.6229064 0.2847238 0.6895902 0.754108 0.6597224 0.5 0.6422695 0.7142053 0.6672328 1 0.7943354 0.6960227 0.6895902 0.754108 0.7779782 0.4244523 0.6852104 0.2479377 0.6597224 0.5 0.6852104 0.2479377 0.7724112 0.08296704 0.6672328 0 0.7943354 0.6960227 0.7779782 0.4244523 0.6895902 0.754108 0.772136 1 0.8910313 0.9260738 0.7943354 0.6960227 0.7943354 0.6960227 0.9999477 0.4157893 0.7779782 0.4244523 0.9999857 0.7490713 0.9999477 0.4157893 0.7943354 0.6960227 1.000002 0.1666666 0.8922528 0 0.8966524 0.2509973 0.9999477 0.4157893 1.000002 0.1666666 0.8966524 0.2509973 6.76934e-6 0.7519245 0.1359437 0.5642052 -2.69769e-5 0.4392847 0.2288097 0.8333333 0.3217524 0.6666668 0.1359437 0.5642052 0.3217524 0.6666668 0.3095285 0.3873388 0.1359437 0.5642052 0.5105139 0.8333333 0.3217524 0.6666668 0.2288097 0.8333333 0.5420027 0.3333333 0.3277031 0.1666666 0.3095285 0.3873388 0.3277031 0.1666666 0.5474935 0.08246803 0.3216884 0 0.5480259 0.6666666 0.5317316 0.5 0.3217524 0.6666668 0.5105139 0.8333333 0.5480259 0.6666666 0.3217524 0.6666668 0.5476914 1 0.7743619 0.7515917 0.5105139 0.8333333 0.7800621 1 0.7743619 0.7515917 0.5476914 1 0.5317316 0.5 0.77697 0.4151063 0.5420027 0.3333333 0.7800621 1 0.8554491 0.9237999 0.7743619 0.7515917 0.77697 0.4151063 0.8562147 0.2560678 0.7747626 0.06186479 0.8590068 0.5614557 0.77697 0.4151063 0.7743619 0.7515917 0.9097594 0.9684737 0.8590068 0.5614557 0.8554491 0.9237999 0.9097594 0.9684737 0.923234 0.7384675 0.8590068 0.5614557 0.923234 0.7384675 1.00001 0.439063 0.9134871 0.4477311 1 1 1.000012 0.7998985 0.9097594 0.9684737 1 0.05527448 0.9097594 0 0.9036568 0.2136645 0.2379133 1 -3.02452e-7 0.7786293 0 1 0.2315757 0.1666666 0.2379133 0 0 0.1276166 1.70136e-5 0.3980879 0.2315757 0.1666666 0 0.1276166 0.2531822 0.8333334 0.2323985 0.6666668 -3.02452e-7 0.7786293 0.438548 0.4900131 0.2315757 0.1666666 1.70136e-5 0.3980879 0.2323985 0.6666668 0.438548 0.4900131 0.2188631 0.5 0.6391339 0.9498484 0.2531822 0.8333334 0.2379133 1 0.6391339 0.9498484 0.6129477 0.6666667 0.2531822 0.8333334 0.7553715 0.02387619 0.6507735 0 0.5689201 0.1666666 0.6129477 0.6666667 0.753299 0.3791388 0.6185787 0.4483646 0.7747126 0.8105456 0.8018363 0.4375378 0.753299 0.3791388 0.8093302 1 0.7747126 0.8105456 0.7574432 1 0.8766811 1 0.8888724 0.8333333 0.8093302 1 0.8932165 0.5740793 0.8018363 0.4375378 0.7747126 0.8105456 1.000001 0.2224515 0.9999682 0 0.8950639 0.1811227 1.000003 0.5 1.000001 0.2224515 0.8928667 0.3333333 0.1995899 1 4.50059e-5 0.8333333 -7.29841e-7 1 3.47769e-5 0.1666666 0.1995899 0 -7.29841e-7 0 0 0.5 0.1486278 0.3333334 0 0.3333333 0.156055 0.6666667 0 0.5 -2.84596e-7 0.6666666 0.1668779 0.5 0.1486278 0.3333334 0 0.5 0.156055 0.6666667 0.1668779 0.5 0 0.5 0.2787604 0.1666666 0.1995899 0 3.47769e-5 0.1666666 0.1486278 0.3333334 0.2787604 0.1666666 3.47769e-5 0.1666666 0.3377524 0.8333333 0.156055 0.6666667 4.50059e-5 0.8333333 0.3525607 0.5 0.1486278 0.3333334 0.1668779 0.5 0.156055 0.6666667 0.3525607 0.5 0.1668779 0.5 0.3525607 0.5 0.3708229 0.3333333 0.1486278 0.3333334 0.37145 0.6666668 0.3525607 0.5 0.156055 0.6666667 0.2787604 0.1666666 0.4833989 0 0.1995899 0 0.4972832 0.1666666 0.4833989 0 0.2787604 0.1666666 0.3708229 0.3333333 0.4972832 0.1666666 0.2787604 0.1666666 0.4833989 1 0.700598 0.8333333 0.3377524 0.8333333 0.7045903 0.3333334 0.4972832 0.1666666 0.3708229 0.3333333 0.7067795 0.1666666 0.7254401 0 0.4833989 0 0.7752873 0.1169161 0.7254401 0 0.7067795 0.1666666 0.7085939 0.6666667 0.75 0.5830412 0.7011455 0.5 0.786462 0.5856273 0.7759765 0.3333334 0.75 0.5830412 0.7707499 0.8333333 0.786462 0.5856273 0.75 0.5830412 0.7859889 1 0.8808522 0.9040082 0.7707499 0.8333333 0.8924322 0.3697862 0.7759765 0.3333334 0.786462 0.5856273 0.8924322 0.3697862 0.8823227 0.1666666 0.7759765 0.3333334 1 1 1.000001 0.7277005 0.8808522 0.9040082 1 0.06829059 0.8768897 0 0.8823227 0.1666666 0.8777024 0.6666667 1.000001 0.7277005 0.8924322 0.3697862 0.249818 0.6666667 2.18402e-7 0.4449809 -2.47455e-6 0.7948276 0.2493464 1 0.2504068 0.8333333 -2.47455e-6 0.7948276 0.2479099 0.5 0.247659 0.3333333 2.18402e-7 0.4449809 0.2504068 0.8333333 0.249818 0.6666667 -2.47455e-6 0.7948276 0.2504068 0.8333333 0.4984801 0.6666666 0.249818 0.6666667 0.4566856 1 0.5019958 0.8333333 0.2504068 0.8333333 0.5701205 1 0.5019958 0.8333333 0.4566856 1 0.4847205 0.1666666 0.5701205 0 0.4566856 0 0.4990852 0.3333333 0.7497035 0.1666666 0.4847205 0.1666666 0.7501929 0.8333333 0.4984801 0.6666666 0.5019958 0.8333333 0.7538967 1 0.7501929 0.8333333 0.5701205 1 0.7497035 0.1666666 0.7538967 0 0.5701205 0 0.7644305 0.5906626 0.5015229 0.5 0.4984801 0.6666666 1.000006 0.2254741 0.7538967 0 0.7497035 0.1666666 1.000006 0.5593004 1.000006 0.2254741 0.7638416 0.3333334 1 0.8723058 1.000006 0.5593004 0.7644305 0.5906626 0.5005025 0.6666668 -2.31691e-6 0.4447736 -1.03323e-5 0.7959734 0.5000477 1 0.4998725 0.8333334 -1.03323e-5 0.7959734 0.5047927 0.3333334 0.5019772 0.08130174 -1.3559e-5 0.1021288 0.5137345 0.5 0.5047927 0.3333334 -2.31691e-6 0.4447736 0.4998725 0.8333334 0.5005025 0.6666668 -1.03323e-5 0.7959734 0.5005025 0.6666668 1 0.5987663 0.5137345 0.5 1.000002 0.8716649 1 0.5987663 0.5005025 0.6666668 -3.20023e-7 0.7216083 0.4984174 0.5 -3.61358e-6 0.3722376 0.5065369 1 0.5072094 0.8333333 -5.08514e-6 1 0.4965724 0.3333333 0.5029924 0.06268209 -3.61358e-6 0.3722376 0.4984174 0.5 0.4965724 0.3333333 -3.61358e-6 0.3722376 0.5072094 0.8333333 0.5153307 0.6666667 -3.20023e-7 0.7216083 1 0.5639531 0.9999997 0.2940685 0.4984174 0.5 1 0.5639531 0.4984174 0.5 0.5153307 0.6666667 -1.01022e-5 0.1666666 0.09819108 0 0 0 0.09954273 0.6666667 -4.00186e-5 0.5 0 0.6666667 0.09819108 1 0.09832388 0.8333333 -1.65471e-5 0.8333333 0.09813225 0.3333333 0.09734958 0.1666666 -1.01022e-5 0.1666666 0.1344554 0.5 0.09813225 0.3333333 -4.00186e-5 0.5 0.09832388 0.8333333 0.09954273 0.6666667 -1.65471e-5 0.8333333 0.167365 0.6666667 0.1344554 0.5 0.09954273 0.6666667 0.2746407 0.1666666 0.1668668 0 0.1593494 0.1666666 0.167365 0.6666667 0.2939679 0.5 0.1344554 0.5 0.2761786 0.3333333 0.2746407 0.1666666 0.1685217 0.3333334 0.2939679 0.5 0.2761786 0.3333333 0.1685217 0.3333334 0.2939679 0.5 0.424901 0.3333333 0.2761786 0.3333333 0.4161787 0.6666667 0.2939679 0.5 0.2784442 0.6666666 0.5475019 0.5 0.424901 0.3333333 0.2939679 0.5 0.5475019 0.5 0.5258222 0.3333333 0.424901 0.3333333 0.5973312 0.1666666 0.5419173 0 0.5286726 0.1666666 0.5475019 0.5 0.5961585 0.3333333 0.5258222 0.3333333 0.6132361 1 0.5981618 0.8333333 0.5419173 1 0.5973312 0.1666666 0.6132361 0 0.5419173 0 0.730175 0.4552113 0.6159359 0.5 0.5966882 0.6666667 0.730175 0.4552113 0.7143108 0.3333334 0.6159359 0.5 0.7134839 0.8333333 0.8394371 0.717188 0.730175 0.4552113 0.838495 0.03880214 0.7160822 0 0.7141868 0.1666666 0.8394371 0.717188 0.8319109 0.5 0.730175 0.4552113 0.8406445 1 0.8170331 0.8333333 0.7160822 1 0.9016979 0.572577 0.8319109 0.5 0.8394371 0.717188 1.000024 1 1.00002 0.7362352 0.9012238 0.8333333 1.000006 0.3664691 1.000015 0.05823272 0.9017865 0.09214186 0.1434606 0.6666666 2.51097e-7 0.5 0 0.6666667 0.1389878 1 0.1683792 0.8333333 -2.37696e-6 0.8333333 0.1735637 0.5 0.145174 0.3333333 2.51097e-7 0.5 0.1683792 0.8333333 0.1434606 0.6666666 -2.37696e-6 0.8333333 0.3292484 1 0.1683792 0.8333333 0.1389878 1 0.1610411 0.1666666 0.3292484 0 0.1389878 0 0.1735637 0.5 0.3293414 0.3333333 0.145174 0.3333333 0.3303447 0.6666667 0.1735637 0.5 0.1434606 0.6666666 0.3430719 0.1666666 0.3292484 0 0.1610411 0.1666666 0.3293414 0.3333333 0.3430719 0.1666666 0.1610411 0.1666666 0.3303447 0.6666667 0.3414395 0.5 0.1735637 0.5 0.3461375 0.8333333 0.3303447 0.6666667 0.1683792 0.8333333 0.5004798 0.3333333 0.3430719 0.1666666 0.3293414 0.3333333 0.3461375 0.8333333 0.4991519 0.6666668 0.3303447 0.6666667 0.4545083 1 0.5005785 0.8333333 0.3461375 0.8333333 0.4999744 0.1666666 0.4545083 0 0.3430719 0.1666666 0.5004798 0.3333333 0.6555238 0.1666666 0.4999744 0.1666666 0.6527016 0.8333333 0.4991519 0.6666668 0.5005785 0.8333333 0.6710276 1 0.6527016 0.8333333 0.527853 1 0.6555238 0.1666666 0.6710276 0 0.527853 0 0.6710276 1 0.829748 0.8333333 0.6527016 0.8333333 0.829748 0.8333333 0.8538162 0.6666667 0.6719684 0.6666667 0.8538162 0.6666667 1.000003 0.5433425 0.8139225 0.5 1.000003 0.2255735 0.8595468 0 0.8367062 0.1666666 1.000003 0.5433425 1.000003 0.2255735 0.8387889 0.3333333 1 0.871485 1.000003 0.5433425 0.8538162 0.6666667 0.197965 0.8333334 1.82761e-5 0.6666666 0 0.8333333 0.1883047 1 0.197965 0.8333334 -8.91101e-7 1 4.24913e-5 0.1666666 0.1883047 0 -8.91101e-7 0 0.2626882 0.3333333 4.24913e-5 0.1666666 5.52712e-6 0.3333333 0.197965 0.8333334 0.3352259 0.6666667 1.82761e-5 0.6666666 0.3668355 0.1666666 0.1883047 0 4.24913e-5 0.1666666 0.2626882 0.3333333 0.3668355 0.1666666 4.24913e-5 0.1666666 0.4678245 1 0.197965 0.8333334 0.1883047 1 0.4678245 1 0.5031754 0.8333334 0.197965 0.8333334 0.5031754 0.8333334 0.3352259 0.6666667 0.197965 0.8333334 0.6039931 0.5 0.5099964 0.3333333 0.3106404 0.5 0.5031754 0.8333334 0.6131031 0.6666667 0.3352259 0.6666667 0.615145 0.1666666 0.4678245 0 0.3668355 0.1666666 0.5099964 0.3333333 0.615145 0.1666666 0.3668355 0.1666666 0.61618 0.9128323 0.5031754 0.8333334 0.4678245 1 0.6039931 0.5 0.6194666 0.3333333 0.5099964 0.3333333 0.61618 0.9128323 0.6131031 0.6666667 0.5031754 0.8333334 0.695112 1 0.8349112 0.8333334 0.6860157 0.8333333 0.8349112 0.8333334 0.8342792 0.6666667 0.6963167 0.6666667 1.000006 1 0.8349112 0.8333334 0.8363938 1 0.8411523 0.5 1.000003 0.3932093 0.8349185 0.3333333 1.000003 0.3932093 1.000004 0.05955994 0.8423822 0.1666666 1 0.7049173 1.000003 0.3932093 0.8411523 0.5 0.197831 1 -5.85073e-5 0.8333333 0 1 -8.41547e-5 0.5 0.1743134 0.3333333 0 0.3333333 0.2080126 0.1666666 0.197831 0 -3.33036e-5 0.1359218 0.1743134 0.3333333 0.2080126 0.1666666 -3.33036e-5 0.1359218 0.1725541 0.6666667 0.2064094 0.5 -8.41547e-5 0.5 0.1702865 0.8333333 0.1725541 0.6666667 -5.85073e-5 0.8333333 0.2064094 0.5 0.2951339 0.3333333 0.1743134 0.3333333 0.25 0.7510458 0.1725541 0.6666667 0.1702865 0.8333333 0.3281717 0.5 0.2951339 0.3333333 0.2064094 0.5 0.3254628 1 0.4983323 0.8333333 0.3266649 0.8333333 0.4926764 0.3333333 0.3263618 0.1666666 0.2951339 0.3333333 0.5113595 0.6666668 0.3281717 0.5 0.3214518 0.6666666 0.4926764 0.3333333 0.5070385 0.1666666 0.3263618 0.1666666 0.6753113 0.5 0.4926764 0.3333333 0.3281717 0.5 0.7589273 0.1666666 0.6183058 0 0.5070385 0.1666666 0.9995431 0.4374032 0.7589273 0.1666666 0.4926764 0.3333333 0.6753113 0.5 0.9995431 0.4374032 0.4926764 0.3333333 0.9999999 0.7230961 0.6753113 0.5 0.5113595 0.6666668 0.9995431 0.4374032 1.000001 0.04241424 0.7589273 0.1666666 0.9999999 0.7230961 0.9995431 0.4374032 0.6753113 0.5 -5.96598e-7 0.7217397 0.3258218 0.5 -3.85957e-6 0.3715807 0.3409003 1 0.3204365 0.8333334 -7.30413e-6 1 0.3310524 0.3333333 0.3072677 0.1666666 -3.85957e-6 0.3715807 0.3258218 0.5 0.3310524 0.3333333 -3.85957e-6 0.3715807 0.3204365 0.8333334 0.3361705 0.6666667 -5.96598e-7 0.7217397 0.3409003 1 0.5694333 0.9114983 0.3204365 0.8333334 0.5704446 0.4096797 0.3310524 0.3333333 0.3258218 0.5 0.5694333 0.9114983 0.3361705 0.6666667 0.3204365 0.8333334 0.6278693 0.6666667 0.5704446 0.4096797 0.3361705 0.6666667 0.6087616 0.1666666 0.6666667 0 0.5677059 0 0.6666667 0.9165484 0.6278693 0.6666667 0.5694333 0.9114983 0.7696705 0.08831316 0.6666667 0 0.6087616 0.1666666 0.6666667 0.9165484 0.7726259 0.7576102 0.6278693 0.6666667 1.000026 0.3970997 0.7696705 0.08831316 0.770568 0.4254798 1.000027 1 1 0.7675812 0.7726259 0.7576102 -9.08518e-7 0.5 0.4440472 0.7110618 0 0.2268273 0.319174 0.8333334 8.17445e-6 0.6666667 -1.07763e-6 0.9605633 0.3289847 1 0.319174 0.8333334 -1.07763e-6 0.9605633 0.3091619 0.1666666 0.3289847 0 -1.41166e-6 0 8.17445e-6 0.6666667 0.4440472 0.7110618 -9.08518e-7 0.5 0.3289847 1 0.6041198 0.8017765 0.319174 0.8333334 0.5625675 0.6666667 0.4440472 0.7110618 8.17445e-6 0.6666667 0.6078648 0.2016916 0.6075987 0 0.3289847 0 0.6041198 0.8017765 0.5728126 0.3806329 0.5625675 0.6666667 0.7701556 0.9140634 0.6041198 0.8017765 0.6075987 1 0.6041198 0.8017765 0.7716004 0.5827488 0.5728126 0.3806329 0.7716004 0.5827488 1.000025 0.2701445 0.7701341 0.2356001 1 0.8983341 1.000021 0.6277293 0.7701556 0.9140634 1.33609e-4 0.6666667 0.2828675 0.5 -7.29313e-6 0.3707151 0.2889779 1 1.3338e-4 0.8333333 -1.46881e-5 1 0.2276899 0.3333333 0.2293235 0.1666666 -7.29313e-6 0.3707151 0.2828675 0.5 0.2276899 0.3333333 -7.29313e-6 0.3707151 0.2889779 1 0.5019487 0.887849 1.3338e-4 0.8333333 0.5530784 0.7228937 0.2828675 0.5 1.33609e-4 0.6666667 0.5530784 0.7228937 0.6221333 0.5476971 0.2828675 0.5 0.6221333 0.5476971 0.6428814 0.2687088 0.4860201 0.3333333 0.6666667 0.9081434 0.5530784 0.7228937 0.5019487 0.887849 0.7657593 0.4088214 0.6428814 0.2687088 0.6221333 0.5476971 1 0.2441871 0.767215 0.1666666 0.7657593 0.4088214 1.000045 0.8904657 1.000106 0.5792604 0.7684249 0.6666667 0 0.7218098 0.4997059 0.5 -3.68656e-6 0.3719962 0.5050627 1 0.506678 0.8333333 -6.54237e-6 1 0.4965688 0.3333333 0.4972347 0.1666666 -3.68656e-6 0.3719962 0.4997059 0.5 0.4965688 0.3333333 -3.68656e-6 0.3719962 0.506678 0.8333333 0.5153515 0.6666667 0 0.7218098 0.4972347 0.1666666 1.000006 0 0.5050627 0 1 0.5639408 1 0.294691 0.4997059 0.5 1 0.5639408 0.4997059 0.5 0.5153515 0.6666667 1.000004 0.1812469 -6.26148e-7 0.05493891 -4.13573e-7 0.4644256 1.000004 0.5831511 1.000004 0.1812469 -4.13573e-7 0.4644256 1.000004 0.5831511 -4.13573e-7 0.4644256 -3.87576e-7 0.7276883 1.000005 0.8333333 1.000004 0.5831511 -3.87576e-7 0.7276883 1.000004 0.2618333 -2.24278e-7 0.08335489 -4.33316e-7 0.4644383 1.000004 0.9209108 -2.66767e-7 0.757352 -2.13483e-7 1 1.000004 0.5831518 1.000004 0.2618333 -4.33316e-7 0.4644383 1.000004 0.5831518 -4.33316e-7 0.4644383 -2.66767e-7 0.757352 1.000005 1 -4.558e-7 0.7723174 0 1 1.000005 1 1.000005 0.7427828 -4.558e-7 0.7723174 1.000004 0.4164834 1.000005 0.08014363 -3.38027e-7 0.4166449 1.000005 0.7427828 1.000004 0.4164834 -3.38027e-7 0.4166449 -3.14168e-7 0.2269487 1.000003 0.07148081 0 0 1.000003 1 1.000003 0.7430388 -3.12335e-7 0.8686011 -3.24038e-7 0.4166886 1.000005 0.1666666 -3.4847e-7 0.03551983 -4.4285e-7 1 1.000004 0.9168475 -2.20962e-7 0.7723358 1.000005 0.1666666 1.000004 0 -3.4847e-7 0.03551983 1.000004 0.4168473 1.000005 0.1666666 -3.24038e-7 0.4166886 1.000005 0.6666667 1.000004 0.4168473 -3.24038e-7 0.4166886 1.000004 0.9168475 1.000005 0.6666667 -2.20962e-7 0.7723358 0 0.3333333 0.1245523 0.1666666 0 0.1666666 0.125032 0.8333333 -4.02105e-7 0.6666667 0 0.8333333 0.1159062 1 0.125032 0.8333333 -6.81718e-7 1 0.1245523 0.1666666 0.1159062 0 -6.81718e-7 0 0.1257754 0.5 0.1301776 0.3333333 0 0.3333333 0.1293691 0.6666667 0.1257754 0.5 -4.02105e-7 0.6666667 0.2108076 1 0.2126505 0.8333334 0.125032 0.8333333 0.2284938 0.1666666 0.2108076 0 0.1245523 0.1666666 0.2491489 0.6666667 0.272633 0.5 0.2138685 0.5 0.272633 0.5 0.2841121 0.3333333 0.2287199 0.3333333 0.2904247 0.1666666 0.3597244 0 0.2702161 0 0.3817751 0.1666666 0.3597244 0 0.2904247 0.1666666 0.3561553 0.3333333 0.3817751 0.1666666 0.2904247 0.1666666 0.4553713 0.3333333 0.3817751 0.1666666 0.3561553 0.3333333 0.4899896 0.5 0.4553713 0.3333333 0.3696815 0.5 0.457925 0.8333333 0.4770137 0.6666667 0.3689592 0.6666668 0.4758476 0.1666666 0.5228406 0 0.4560757 0 0.5256372 0.3333334 0.4758476 0.1666666 0.4553713 0.3333333 0.5378074 0.1666667 0.5228406 0 0.4758476 0.1666666 0.5256372 0.3333334 0.5378074 0.1666667 0.4758476 0.1666666 0.5398672 0.6666667 0.6067702 0.5 0.4899896 0.5 0.6982732 1 0.5265741 0.8333334 0.5228406 1 0.6982732 1 0.7118493 0.8333333 0.5265741 0.8333334 0.7087334 0.6666667 0.6067702 0.5 0.5398672 0.6666667 0.7087334 0.6666667 0.7412944 0.5 0.6067702 0.5 0.7694718 0.919894 0.7118493 0.8333333 0.6982732 1 0.7412944 0.5 0.7690544 0.3333333 0.7106786 0.3333333 0.8752413 0.5 0.7690544 0.3333333 0.7412944 0.5 0.8741272 0.6666668 0.8752413 0.5 0.7704934 0.6666668 0.8742781 0.8333333 0.8741272 0.6666668 0.7704934 0.6666668 1.000002 0.2247703 0.8805166 0 0.8771754 0.1666666 0.8741272 0.6666668 1.000002 0.5600498 0.8752413 0.5 1.000002 0.5600498 1.000002 0.2247703 0.8783413 0.3333333 0.9999999 0.8721973 1.000002 0.5600498 0.8741272 0.6666668 0.1163619 0.3333333 -6.41369e-5 0.1666666 0 0.3333333 -1.40945e-5 0.8333334 0.1147165 0.6666667 0 0.6666667 0.1146958 1 0.1376252 0.8333333 -1.40945e-5 0.8333334 0.1153303 0.1666666 0.1146958 0 -6.41369e-5 0.1666666 0.1148105 0.5 0.1163619 0.3333333 -2.35916e-5 0.5 0.1147165 0.6666667 0.1148105 0.5 -2.35916e-5 0.5 0.1376252 0.8333333 0.195784 0.6666666 0.1147165 0.6666667 0.2197378 0.8333333 0.195784 0.6666666 0.1376252 0.8333333 0.3341642 1 0.2197378 0.8333333 0.197219 1 0.3745837 0.8333334 0.3214492 0.6666667 0.2197378 0.8333333 0.6141825 0.6666667 0.3422809 0.5 0.3214492 0.6666667 0.3745837 0.8333334 0.6141825 0.6666667 0.3214492 0.6666667 0.6161751 1 0.3745837 0.8333334 0.3341642 1 0.6149459 0.3333333 0.611643 0.1666666 0.3359584 0.3333333 0.6141825 0.6666667 0.6110755 0.5 0.3422809 0.5 0.6126303 0.8333333 0.6141825 0.6666667 0.3745837 0.8333334 0.6666667 0.4171258 0.6149459 0.3333333 0.6110755 0.5 0.7158404 0.5283961 0.8293202 0.3333333 0.7048208 0.2522431 0.8348696 0.6666667 1.000023 0.5635542 0.7158404 0.5283961 0.8375906 0.1666666 0.9999998 0.2282562 0.8307313 0 0.1390158 1 -4.00832e-5 0.8333333 0 1 -6.48878e-5 0.5 0.1394696 0.3333334 0 0.3333333 0.1663285 0.1666666 0.1390158 0 -2.49804e-5 0.1355538 0.1394696 0.3333334 0.1663285 0.1666666 -2.49804e-5 0.1355538 0.1572424 0.6666668 0.1361787 0.5 -6.48878e-5 0.5 0.1360581 0.8333333 0.1572424 0.6666668 -4.00832e-5 0.8333333 0.1572424 0.6666668 0.2358989 0.5 0.1361787 0.5 0.2349824 0.8333333 0.1572424 0.6666668 0.1360581 0.8333333 0.2611667 0.6666666 0.2358989 0.5 0.1572424 0.6666668 0.2349824 0.8333333 0.2611667 0.6666666 0.1572424 0.6666668 0.2619988 0.1666666 0.4027882 0 0.2369215 0 0.401423 0.3333334 0.2619988 0.1666666 0.2361232 0.3333334 0.401423 0.3333334 0.4932854 0.1666666 0.2619988 0.1666666 0.5757805 0.6666667 0.3999828 0.5 0.2611667 0.6666666 0.6496082 0.1925306 0.401423 0.3333334 0.3999828 0.5 0.5757805 0.6666667 0.6496082 0.1925306 0.3999828 0.5 0.4932854 0.1666666 0.6220657 0 0.4027882 0 0.6496082 0.1925306 0.4932854 0.1666666 0.401423 0.3333334 0.6496082 0.1925306 0.7649644 0.1666666 0.4932854 0.1666666 0.7401308 0.5999419 0.7629727 0.3333333 0.6496082 0.1925306 0.8398726 0.6962315 0.7401308 0.5999419 0.7448945 0.9129691 0.7448945 0.9129691 0.8620132 0.9274067 0.8398726 0.6962315 0.8620405 0.2586426 0.7649644 0.1666666 0.7629727 0.3333333 1.000031 0.4415445 0.8620405 0.2586426 0.8358424 0.5 1.000031 0.4415445 1.000012 0.1346966 0.8620405 0.2586426 1.000032 0.7621763 1.000031 0.4415445 0.8398726 0.6962315 0 0.7217188 0.2423317 0.5 -2.63741e-6 0.3716537 0.24909 0.3333333 0.2465878 0.1666666 -2.63741e-6 0.3716537 0.2423317 0.5 0.24909 0.3333333 -2.63741e-6 0.3716537 0.241271 0.8333334 0.2501325 0.6666666 0 0.7217188 0.2465878 0.1666666 0.5008586 0 0.244745 0 0.4310222 0.3333333 0.5007987 0.1666666 0.2465878 0.1666666 0.7537676 0.1666666 0.5008586 0 0.5007987 0.1666666 0.7581192 1 0.7563181 0.8333333 0.5008586 1 0.7550526 0.3333333 0.7537676 0.1666666 0.5412268 0.3333333 0.7563181 0.8333333 0.7562987 0.6666668 0.5006678 0.6666666 0.7537676 0.1666666 1.000011 0 0.7581192 0 1.000005 0.6067577 0.7656067 0.5 0.7562987 0.6666668 1.000005 0.6067577 1 0.2954723 0.7656067 0.5 1.000007 0.9402598 1.000005 0.6067577 0.7563181 0.8333333 0.2317917 0.6666667 -7.88264e-7 0.4450099 -3.52853e-6 0.7953038 1.21372e-4 1 0.2038776 0.8333333 -3.52853e-6 0.7953038 0.2119321 0.3333333 0.2395172 0.1666666 -7.07934e-6 0.1666666 0.2095991 0.5 0.2119321 0.3333333 -7.88264e-7 0.4450099 0.2038776 0.8333333 0.2317917 0.6666667 -3.52853e-6 0.7953038 0.2119321 0.3333333 0.4191388 0.2668327 0.2395172 0.1666666 0.544391 1 0.4500086 0.8333333 0.4146382 1 0.544391 1 0.5911411 0.8187127 0.4500086 0.8333333 0.5768792 0.5 0.5461826 0.3333333 0.4649521 0.6196195 0.7420075 0.1666666 0.544391 0 0.5466175 0.1666666 0.544391 1 0.7670416 0.9722369 0.5911411 0.8187127 1.000009 0.2709343 0.7420075 0.1666666 0.5461826 0.3333333 0.9999999 0.6050506 0.5911411 0.8187127 0.7670416 0.9722369 -6.56513e-7 0.7217035 0.2099662 0.5 -3.56974e-6 0.3712723 0.2120309 1 0.2107156 0.8333333 -7.38962e-6 1 0.1924099 0.3333333 0.20306 0.1666666 -3.56974e-6 0.3712723 0.2099662 0.5 0.1924099 0.3333333 -3.56974e-6 0.3712723 0.2107156 0.8333333 0.2655569 0.6666667 -6.56513e-7 0.7217035 0.4785868 0.3333333 0.4742016 0.1666666 0.20306 0.1666666 0.2655569 0.6666667 0.4606295 0.5 0.2099662 0.5 0.4979279 0.8333333 0.2655569 0.6666667 0.2107156 0.8333333 0.8277777 0.08055746 0.7044727 0 0.7115445 0.1666666 0.7122874 0.9208039 0.8289455 0.7499249 0.6735597 0.5343785 0.8289455 0.7499249 1.000017 0.4377179 0.8277201 0.4023826 1 1 1.000014 0.793965 0.827316 1 -3.75469e-5 0.7253089 0.3445159 0.4328806 -6.26632e-5 0.3630633 0.4408591 0.9492693 0.3440973 0.7684662 -2.11488e-4 1 0.3445159 0.4328806 0.347562 0.1666666 -6.26632e-5 0.3630633 0.5 0.2497222 0.4408591 0 0.347562 0.1666666 0.5 0.2497222 0.347562 0.1666666 0.3445159 0.4328806 0.3440973 0.7684662 0.5 0.6053152 0.3445159 0.4328806 0.5 0.2497222 0.6526519 0.0994426 0.4408591 0 0.6552951 0.4217684 0.5 0.2497222 0.5 0.6053152 0.6543831 0.7647103 0.5 0.6053152 0.4408591 0.9492693 1.000054 0.6085917 0.6552951 0.4217684 0.6543831 0.7647103 1.000054 0.6085917 1.000044 0.300593 0.6552951 0.4217684 1.000119 0.9261459 1.000054 0.6085917 0.6543831 0.7647103 0.5004147 0.6666666 -2.71526e-6 0.4445424 -8.34771e-6 0.7959022 0.4997362 1 0.4997301 0.8333334 -8.34771e-6 0.7959022 0.5047326 0.3333333 0.5040564 0.1666666 -1.15646e-5 0.1030942 0.5129646 0.5 0.5047326 0.3333333 -2.71526e-6 0.4445424 0.4997301 0.8333334 0.5004147 0.6666666 -8.34771e-6 0.7959022 1.000013 0.2258411 0.4997362 0 0.5040564 0.1666666 0.5004147 0.6666666 1 0.6002396 0.5129646 0.5 1.000002 0.870774 1 0.6002396 0.5004147 0.6666666 0.4998146 0.6666667 0 0.4448545 -3.90564e-6 0.794791 0.497716 1 0.4971998 0.8333333 -3.90564e-6 0.794791 0.5061106 0.3333334 0.504799 0.1666666 -4.30655e-6 0.104457 0.5148543 0.5 0.5061106 0.3333334 0 0.4448545 0.4971998 0.8333333 0.4998146 0.6666667 -3.90564e-6 0.794791 1.000005 0.2239194 0.497716 0 0.504799 0.1666666 0.4998146 0.6666667 1 0.6027674 0.5148543 0.5 1 0.8718574 1 0.6027674 0.4998146 0.6666667 0.5006242 0.6666667 -9.98542e-6 0.4442321 -1.29648e-5 0.7965281 0.5005965 1 0.5009073 0.8333333 -1.29648e-5 0.7965281 0.5044729 0.3333333 0.5045503 0.1666666 -1.69657e-5 0.1016116 0.5050472 0.5 0.5044729 0.3333333 -9.98542e-6 0.4442321 0.5009073 0.8333333 0.5006242 0.6666667 -1.29648e-5 0.7965281 1.00002 0.2276692 0.5005965 0 0.5045503 0.1666666 0.5006242 0.6666667 1.000015 0.5597555 0.5050472 0.5 1.000015 0.5597555 1.00002 0.2276692 0.5044729 0.3333333 1.000003 0.8703601 1.000015 0.5597555 0.5006242 0.6666667 -1.44414e-7 0.5833534 1.000003 0.2644274 -7.87348e-7 0.2011455 1.000003 0.5834974 1.000003 0.2644274 -1.44414e-7 0.5833534 1.000004 0.9166427 1.000003 0.5834974 -1.44414e-7 0.5833534 1.000003 0.08331054 0 0 0 0.272125 1.000003 0.7352412 -2.74255e-7 0.5 -1.41049e-7 0.8548869 1.000003 0.7352412 1.000003 0.4063882 -2.74255e-7 0.5 1.000004 1 1.000004 0.7427591 -1.21574e-7 0.7723896 1.000004 0.4051884 1.000004 0.07609188 0 0.1057232 1.67869e-5 0.3333333 0.2728368 0.1666666 -6.85641e-7 0.0401808 0.2155542 1 5.18473e-5 0.8333333 -9.03448e-7 1 0.2728368 0.1666666 0.2155542 0 -6.85641e-7 0.0401808 0.319737 0.5 1.67869e-5 0.3333333 7.00575e-7 0.5 0.2995278 0.3333333 0.2728368 0.1666666 1.67869e-5 0.3333333 5.18473e-5 0.8333333 0.3288273 0.6666667 1.12126e-5 0.6666668 0.5199737 0.8333333 0.3288273 0.6666667 5.18473e-5 0.8333333 0.2728368 0.1666666 0.5995461 0 0.2155542 0 0.6692557 0.6666668 0.319737 0.5 0.3288273 0.6666667 0.5199737 0.8333333 0.6692557 0.6666668 0.3288273 0.6666667 0.6673223 0.1666666 0.5995461 0 0.2728368 0.1666666 0.5975235 0.3333333 0.6673223 0.1666666 0.2728368 0.1666666 0.6692557 0.6666668 0.6864117 0.5 0.319737 0.5 0.6673223 0.1666666 1.000005 0.0747314 0.5995461 0 0.9999863 0.3333333 0.6673223 0.1666666 0.5975235 0.3333333 0.9999863 0.3333333 1.000005 0.0747314 0.6673223 0.1666666 1.000005 0.7253212 0.9999863 0.3333333 0.6864117 0.5 0.5278577 0.6779984 1.04225e-6 0.6344165 2.69861e-4 0.9604304 0.346657 0.5 0.3514699 0.3333333 -6.29293e-7 0.2716667 0.5278577 0.6779984 0.346657 0.5 1.04225e-6 0.6344165 0.6181336 0.9552551 0.5278577 0.6779984 2.69861e-4 0.9604304 0.6059307 0.2461215 0.6181336 0 0.3438196 0.1666666 0.6059307 0.2461215 0.3438196 0.1666666 0.3514699 0.3333333 0.5278577 0.6779984 0.6057267 0.5 0.346657 0.5 0.6059307 0.2461215 0.770321 0.09456771 0.6181336 0 0.7701687 0.4273561 0.6059307 0.2461215 0.6057267 0.5 1.000054 0.7362317 0.7701687 0.4273561 0.7506559 0.7592551 1.000068 1 1.000054 0.7362317 0.7506559 0.7592551 1.000018 0.3671351 1.000045 0.05757105 0.770321 0.09456771 0 1 1.000004 0.916682 -3.747e-7 0.7068532 1.000003 0.2454667 1.000004 0 -3.15769e-7 0.1117763 1.000003 0.2454667 -3.15769e-7 0.1117763 -4.67487e-7 0.3937111 1.000004 0.916682 1.000004 0.5760485 -3.747e-7 0.7068532 0.1128618 0.8333333 -5.43764e-5 0.6666666 -1.34422e-5 0.9613483 0.1152381 1 0.1128618 0.8333333 -1.34422e-5 0.9613483 0.1138672 0.5538297 0.1406884 0.3742407 -9.28345e-6 0.3917388 0.1152381 1 0.1918821 0.9283594 0.1128618 0.8333333 0.1406884 0.3742407 0.2041267 0.2553605 0.115677 0.0747565 0.212737 0.5366123 0.3610144 0.2751487 0.2041267 0.2553605 0.3177745 0.6664329 0.3610144 0.2751487 0.212737 0.5366123 0.612784 0.4228894 0.3610144 0.2751487 0.3177745 0.6664329 0.6439314 0.9518709 0.6117727 0.7666373 0.4671848 0.9056584 0.6445182 0.02688825 0.49905 0 0.3610144 0.2751487 0.6965939 0.1957913 0.6445182 0.02688825 0.612784 0.4228894 0.6117727 0.7666373 0.698229 0.606289 0.612784 0.4228894 0.6965939 0.1957913 0.715494 0 0.6445182 0.02688825 0.7168027 0.9175596 0.698229 0.606289 0.6439314 0.9518709 0.8277961 0.4709128 0.6965939 0.1957913 0.698229 0.606289 0.8416905 0.2857487 0.8482466 0 0.715494 0 1 1 1 0.772826 0.8467265 0.9162096 0.8467265 0.9162096 1 0.772826 0.8277961 0.4709128 0.2086114 0.7539119 -5.3095e-7 0.6116843 0 0.9611806 0.3201167 0.93554 0.2086114 0.7539119 0 0.9611806 9.79223e-6 0.2497436 0.322108 0 -1.31001e-7 0 0.2086114 0.7539119 0.3070015 0.542839 -5.3095e-7 0.6116843 0.3599439 0.2505164 0.322108 0 9.79223e-6 0.2497436 0.3070015 0.542839 0.3599439 0.2505164 9.79223e-6 0.2497436 0.3599439 0.2505164 0.436356 0 0.322108 0 0.4353095 0.5740063 0.3599439 0.2505164 0.3070015 0.542839 0.4576296 0.2506039 0.436356 0 0.3599439 0.2505164 0.4353095 0.5740063 0.4576296 0.2506039 0.3599439 0.2505164 0.5739945 0.2473388 0.7870487 0.07037329 0.5749806 0 0.7901255 0.4162329 0.5739945 0.2473388 0.5740953 0.5937411 0.7384262 0.7530623 0.5740953 0.5937411 0.5747112 0.9186369 1 0.3933959 1.000002 0.1282442 0.7901255 0.4162329 -3.63215e-5 0.2218298 0.271512 0 0 0 0.6642443 1 0.6572081 0.7585496 0.271512 1 0.2856109 0.3333333 0.667734 0.2834963 -3.63215e-5 0.2218298 0.6551353 0.5 0.667734 0.2834963 0.2856109 0.3333333 0.6572081 0.7585496 0.6551353 0.5 -6.55598e-7 0.5608847 1.000003 0.2722849 1.000003 0 0.667734 0.2834963 1.000005 0.6104709 1.000003 0.2722849 0.6551353 0.5 -6.62702e-6 0.2227031 0.3095191 0.2082191 0 0 0.226273 0.4031581 0.3095191 0.2082191 -6.62702e-6 0.2227031 0.5474514 0.4869441 0.3095191 0.2082191 0.226273 0.4031581 -1.39989e-5 0.56107 0.5474514 0.4869441 0.226273 0.4031581 0.5474514 0.4869441 0.5931032 0.2780684 0.3095191 0.2082191 0.5727865 0.7091826 0.5474514 0.4869441 -1.39989e-5 0.56107 0.7362059 0.5277356 0.5474514 0.4869441 0.5727865 0.7091826 0.5931032 0.2780684 0.7709911 0.09849989 0.6666667 0 0.5727865 0.7091826 0.7674253 0.7558107 0.7362059 0.5277356 1.000041 0.2706557 0.7709911 0.09849989 0.72902 0.3333333 1.000041 0.2706557 1.000042 0 0.7709911 0.09849989 1.000077 0.5983949 1.000041 0.2706557 0.7362059 0.5277356 0.5018543 0.08826297 -1.5725e-5 0 -3.94113e-6 0.295163 0.5021647 1 0.5016319 0.8333333 -1.0421e-5 0.9437838 0.5021871 0.3333333 0.5018543 0.08826297 -3.94113e-6 0.295163 0.5018139 0.5737012 0.5021871 0.3333333 -3.94113e-6 0.295163 0.5016319 0.8333333 0.5018139 0.5737012 -4.30038e-6 0.6056473 1.000005 0.6054528 1.000004 0.2953899 0.5018139 0.5737012 1.000011 0.9437481 1.000005 0.6054528 0.5016319 0.8333333 1 0.8307265 0 0.7499987 -2.26878e-7 1 0 0.4122193 0.9999998 0.2425737 0 0.08333325 0.2682377 0.9154309 4.13038e-5 0.5855646 -1.09721e-6 0.9613568 0.3649026 0.1666666 0.2753152 0 -1.4284e-6 0 4.13038e-5 0.5855646 0.2730029 0.3333334 -8.3194e-7 0.2723581 0.3678228 0.5587337 0.2730029 0.3333334 4.13038e-5 0.5855646 0.2682377 0.9154309 0.3678228 0.5587337 4.13038e-5 0.5855646 0.3649026 0.1666666 0.5321382 0 0.2753152 0 0.5290707 0.3851519 0.3649026 0.1666666 0.2730029 0.3333334 0.5290707 0.3851519 0.2730029 0.3333334 0.3678228 0.5587337 0.7041934 0.07163476 0.5321382 0 0.3649026 0.1666666 0.5328913 0.9347334 0.7020155 0.7511034 0.3678228 0.5587337 0.8272834 1 1.000017 0.7739374 0.8279961 0.7451855 1 0.3885318 1.000023 0.1314846 0.8286655 0.4210009 3.07987e-5 0.5850313 0.6319557 0.4928301 1.62486e-5 0.1878911 0.6319557 0.4928301 0.6524196 0.1962593 1.62486e-5 0.1878911 0.5691287 0.7456607 3.07987e-5 0.5850313 2.46476e-5 0.9180734 0.6524196 0.1962593 1 0.106926 0.6453799 0 1.000005 0.371472 1 0.106926 0.6524196 0.1962593 1 0.5011495 -1.58825e-7 0.3333333 -1.58825e-7 0.5877818 -2.66008e-6 0.22228 0.1768624 0.06265145 0 0 0.1813717 1 0.1560249 0.7365638 -1.08973e-6 0.8719171 0.1770039 0.3907073 0.1768624 0.06265145 -2.66008e-6 0.22228 0.3429326 0.4856309 0.1770039 0.3907073 0.1560249 0.7365638 0.4216089 0.335199 0.3543753 0 0.1768624 0.06265145 0.3502249 0.8934553 0.5073899 0.699874 0.3429326 0.4856309 0.5156198 0.07138895 0.4541265 0 0.4216089 0.335199 0.522843 0.400762 0.5156198 0.07138895 0.4216089 0.335199 0.5073899 0.699874 0.522843 0.400762 0.4216089 0.335199 0.522843 0.400762 0.6619827 0.08841663 0.5156198 0.07138895 0.6730367 1 0.6510042 0.8333334 0.5274465 1 0.6554818 0.519041 0.6759889 0.3333334 0.522843 0.400762 0.6730367 1 0.8402273 0.7632827 0.6510042 0.8333334 0.6759889 0.3333334 0.8491668 0.2773395 0.6619827 0.08841663 0.8303403 0.5 0.6759889 0.3333334 0.6554818 0.519041 0.8402273 0.7632827 0.6554818 0.519041 0.6510042 0.8333334 0.8402273 0.7632827 1.000003 0.4431922 0.8303403 0.5 1 1 1.000002 0.795689 0.8584629 1 1 0.06007307 0.8584629 0 0.8491668 0.2773395 0.5520598 1 -4.3316e-7 0.7784593 0 1 0.564966 0.6666666 0.5507271 0.5 2.18416e-4 0.439258 0.579765 0.8333333 0.564966 0.6666666 -4.3316e-7 0.7784593 0.6722253 0.2639565 0.5520598 0 8.99897e-5 0.127772 2.18416e-4 0.439258 0.6722253 0.2639565 8.99897e-5 0.127772 0.5507271 0.5 0.6722253 0.2639565 2.18416e-4 0.439258 0.5520598 1 1.000001 0.8941993 0.579765 0.8333333 1.000002 0.5552989 0.6722253 0.2639565 0.5507271 0.5 1.000001 0.2051854 1 0 0.5520598 0 1.000001 0.8941993 1.000002 0.5552989 0.564966 0.6666666 0.1848352 1 3.54199e-5 0.810865 0 1 0.1464968 0.6666667 0.2639676 0.5 -7.89862e-7 0.438762 0.1848352 1 0.3336728 0.8333333 3.54199e-5 0.810865 0.3325552 0.1666666 0.4680805 0 0.1848352 0 0.6729508 0.5 0.2575935 0.3333333 0.2639676 0.5 0.7545793 1 0.6679692 0.8333333 0.4680805 1 0.9998239 0.4167223 0.6573165 0.1666666 0.6458624 0.3333334 0.9999993 0.1132895 0.7545793 0 0.6573165 0.1666666 0.9998239 0.4167223 0.9999993 0.1132895 0.6573165 0.1666666 1 1 1 0.7723165 0.6679692 0.8333333 0.6679692 0.8333333 1 0.7723165 0.6761829 0.6666666 -2.41587e-7 0.7216004 0.5115486 0.6418745 -1.52799e-6 0.3720889 0.9991845 0.8336127 0.5041505 0.8333334 -3.61204e-6 1 0.5115486 0.6418745 0.4990087 0.2411243 -1.52799e-6 0.3720889 0.5041505 0.8333334 0.5115486 0.6418745 -2.41587e-7 0.7216004 0.4990087 0.2411243 1 0.2298089 0.5135325 0 1 0.561642 1 0.2298089 0.5115486 0.6418745 -3.38052e-5 0.3919352 0.3262809 0.1666666 -4.77956e-5 0.02976703 0.3388758 1 0.3271661 0.8333333 -5.81881e-5 1 0.3262809 0.1666666 0.3388758 0 -4.77956e-5 0.02976703 0.3149713 0.6666667 0.2289734 0.4334462 -7.04592e-5 0.7444313 0.3271661 0.8333333 0.6693183 0.7486404 0.3149713 0.6666667 0.6774176 0.07656288 0.3388758 0 0.3262809 0.1666666 0.6693183 0.7486404 0.6708055 0.3998531 0.3916306 0.4124395 0.6708055 0.3998531 0.9999995 0.3919423 0.6774176 0.07656288 1 0.7332913 0.9999995 0.3919423 0.6693183 0.7486404 0.5033347 0.5871683 -5.10996e-6 0.444992 -1.49679e-5 0.7959377 0.5005858 1 0.5006652 0.8333333 -1.49679e-5 0.7959377 0.5056137 0.3333334 0.5028085 0.08003056 -1.57694e-5 0.1000908 0.5033347 0.5871683 0.5056137 0.3333334 -5.10996e-6 0.444992 0.5006652 0.8333333 0.5033347 0.5871683 -1.49679e-5 0.7959377 1.000015 0.5584067 1.000019 0.2271122 0.5056137 0.3333334 1.000001 0.8725288 1.000015 0.5584067 0.5033347 0.5871683 1.000008 0.5 -3.69882e-7 0.2720078 -2.45855e-7 0.6256189 1.000008 0.5 1.000008 0.2427358 -3.69882e-7 0.2720078 1.000008 0.7602819 1.000008 0.5 -2.45855e-7 0.6256189 1.57244e-5 0.3333333 0.1846832 0.1666666 -1.1762e-6 0.03896564 0.1660183 0.8333334 -1.83284e-6 0.6666666 0 0.8333333 0.167365 1 0.1660183 0.8333334 -1.5351e-6 1 0.1846832 0.1666666 0.167365 0 -1.1762e-6 0.03896564 0.2481195 0.6666668 3.39613e-5 0.5 -1.83284e-6 0.6666666 0.2172024 0.3333333 0.1846832 0.1666666 1.57244e-5 0.3333333 0.3187871 0.5 0.3718892 0.3333333 0.2172024 0.3333333 0.5230995 0.5 0.5225185 0.3333333 0.3718892 0.3333333 0.5973339 1 0.5349567 0.8333333 0.5228814 1 0.5973339 1 0.6161485 0.8333333 0.5349567 0.8333333 0.7948077 0.3333333 0.6001586 0.1666666 0.5981789 0.3333333 0.6161485 0.8333333 0.7524403 0.6666668 0.5978061 0.6666668 0.8142295 0.5 0.7948077 0.3333333 0.6033869 0.5 0.7524403 0.6666668 0.8142295 0.5 0.6033869 0.5 0.7948077 0.3333333 0.8497467 0.1666666 0.6001586 0.1666666 0.8538665 0.8333334 0.7524403 0.6666668 0.6161485 0.8333333 0.8497467 0.1666666 1 0.1030939 0.8543714 0 0.9999999 0.3734402 1 0.1030939 0.8497467 0.1666666 0.2282961 0.6666667 3.65838e-7 0.4449926 3.41514e-5 0.8126623 0.2411702 0.5 0.2267233 0.3333333 3.65838e-7 0.4449926 0.1706132 1 0.2663284 0.8333334 3.41514e-5 0.8126623 0.4236201 1 0.2663284 0.8333334 0.1706132 1 0.9999325 0.3333333 0.7858235 0.1666666 0.5783448 0.3333333 0.5905897 0.5 0.9999325 0.3333333 0.5783448 0.3333333 0.7257891 0.6666668 0.9997079 0.5831776 0.5905897 0.5 0.9999626 0.8933408 0.7257891 0.6666668 0.5767728 0.8333334 0.9999626 0.8933408 0.9997079 0.5831776 0.7257891 0.6666668 0.3223913 0.6666666 -6.41212e-6 0.5 -9.75815e-6 0.7964556 3.74032e-4 1 0.3361891 0.8333334 -9.75815e-6 0.7964556 1.92527e-4 0.3333333 0.3377488 0.1666666 2.5068e-4 0.05211281 0.3403737 0.5 1.92527e-4 0.3333333 -6.41212e-6 0.5 0.3361891 0.8333334 0.3223913 0.6666666 -9.75815e-6 0.7964556 0.3377488 0.1666666 0.4466385 0 2.5068e-4 0.05211281 0.4286327 0.3333334 0.3377488 0.1666666 1.92527e-4 0.3333333 0.7148371 0.2568593 0.4466385 0 0.3377488 0.1666666 0.3223913 0.6666666 0.7162514 0.5539392 0.3403737 0.5 0.7148371 0.2568593 0.7397412 0 0.4466385 0 0.7162514 0.5539392 0.7148371 0.2568593 0.4286327 0.3333334 0.7348093 0.9444696 1.000007 0.608262 0.7162514 0.5539392 1.000006 0.2901235 1.000001 0 0.7148371 0.2568593 1.000007 0.608262 1.000006 0.2901235 0.7162514 0.5539392 1.000006 0.5833172 0 0.5 -4.30575e-7 0.8812062 1.000005 0.2427289 1.000005 0 -5.83054e-7 0 1.000006 0.5833172 1.000005 0.2427289 -1.40473e-7 0.2722358 1.000005 0.9165483 1.000006 0.5833172 -4.30575e-7 0.8812062 4.87965e-5 0.8333334 0.3029744 0.6666667 2.30628e-6 0.6666667 0.3298444 0.1666666 6.738e-5 0 1.67167e-5 0.1666666 0.3029744 0.6666667 0.3546425 0.5 -1.57513e-5 0.5 0.4990276 1 0.5425532 0.8333334 0.4771172 0.8333334 0.5438481 0.6666667 0.5023087 0.5 0.4773052 0.6666667 0.4996285 0.3333333 0.6384736 0.1666666 0.4996565 0.1666666 0.7927381 0.3333334 0.6384736 0.1666666 0.4996285 0.3333333 0.8066672 1 1.000038 0.7687505 0.7370911 0.8333333 0.9999961 1 1.000038 0.7687505 0.8066672 1 0.838102 0.1666666 0.9999961 0 0.8066672 0 1 0.3338611 0.9999961 0 0.838102 0.1666666 1 0.3338611 0.838102 0.1666666 0.7927381 0.3333334 1 0.3338611 0.7927381 0.3333334 0.8607782 0.5 0.2639912 1 2.32761e-7 0.7783697 0 1 1.1301e-4 0.5 0.2596879 0.3333333 0 0.3333333 0.1958869 0.1666666 0.2639912 0 -1.78148e-6 0.1276184 0.2596879 0.3333333 0.1958869 0.1666666 -1.78148e-6 0.1276184 0.2090432 0.8333334 0.1860639 0.6666667 2.32761e-7 0.7783697 0.1860639 0.6666667 0.352915 0.5 1.1301e-4 0.5 0.3911409 0.6666667 0.352915 0.5 0.1860639 0.6666667 0.2090432 0.8333334 0.3911409 0.6666667 0.1860639 0.6666667 0.5164312 0.8333333 0.3911409 0.6666667 0.2090432 0.8333334 0.7959614 0.8333333 0.7232224 0.6666666 0.5164312 0.8333333 0.6699247 0.1666666 0.9999955 0 0.6380277 0 1.000001 0.1666666 0.9999955 0 0.6699247 0.1666666 0.6938394 0.3333334 1.000001 0.1666666 0.6699247 0.1666666 1.000001 0.5017369 0.6938394 0.3333334 0.7025689 0.5 1.000001 0.5017369 1.000001 0.1666666 0.6938394 0.3333334 3.89892e-5 0.3333333 0.3657715 0.1666666 -5.29203e-6 0.1022799 0.3251888 0.5 3.89892e-5 0.3333333 -7.54292e-7 0.5 0.4377658 0.3333333 0.3657715 0.1666666 3.89892e-5 0.3333333 0.3251888 0.5 0.4377658 0.3333333 3.89892e-5 0.3333333 0.3657715 0.1666666 0.5013049 0 0.2047888 0 0.5016266 0.6666666 0.3251888 0.5 2.39728e-4 0.6666666 0.5013049 1 0.5451762 0.8333333 0.4087786 0.8333333 0.4377658 0.3333333 0.5576464 0.261479 0.3657715 0.1666666 0.5480678 0.5 0.4377658 0.3333333 0.3251888 0.5 0.5451762 0.8333333 0.5016266 0.6666666 0.4087786 0.8333333 0.5480678 0.5 0.5576464 0.261479 0.4377658 0.3333333 0.7550827 0.2669712 0.5013049 0 0.5576464 0.261479 0.7429291 1 0.5451762 0.8333333 0.5013049 1 0.5451762 0.8333333 0.7487385 0.6666667 0.5016266 0.6666666 0.5480678 0.5 0.7550827 0.2669712 0.5576464 0.261479 0.9999896 0.5320282 0.7550827 0.2669712 0.5480678 0.5 0.9999998 0.2068889 1 0 0.7429291 0 0.9991163 0.9362267 0.9999896 0.5320282 0.7487385 0.6666667 0.4998316 0.6666668 -3.67802e-6 0.444933 -1.12811e-5 0.7956497 0.4998736 1 0.4998505 0.8333333 -1.12811e-5 0.7956497 0.5054311 0.3333333 0.5024549 0.08160614 -1.24732e-5 0.1013844 0.5136802 0.5 0.5054311 0.3333333 -3.67802e-6 0.444933 0.4998505 0.8333333 0.4998316 0.6666668 -1.12811e-5 0.7956497 0.4998316 0.6666668 1 0.5977686 0.5136802 0.5 1.000001 0.8722655 1 0.5977686 0.4998316 0.6666668 0.1278154 0.6666666 0.1303884 0.5 0 0.5 0.1325338 0.8333333 0.1278154 0.6666666 -2.92914e-7 0.8333334 0.2117365 0.1666666 0.2282888 0 8.16348e-5 0 0.2491109 0.5 0.2097447 0.3333333 0.1303884 0.5 0.3389257 1 0.2509416 0.8333334 0.2282888 1 0.4204484 0.1666666 0.3389257 0 0.2731518 0.1666666 0.2474333 0.6666667 0.4303948 0.5 0.2491109 0.5 0.3794119 0.8333333 0.2474333 0.6666667 0.2509416 0.8333334 0.4624841 0.6666667 0.4303948 0.5 0.2474333 0.6666667 0.3794119 0.8333333 0.4624841 0.6666667 0.2474333 0.6666667 0.5080355 0.3333334 0.4204484 0.1666666 0.3757907 0.3333333 0.4303948 0.5 0.5080355 0.3333334 0.3757907 0.3333333 0.5080355 0.3333334 0.6254043 0.1666666 0.4204484 0.1666666 0.6257982 0.8333333 0.6233307 0.6666667 0.5088332 0.8333333 0.5846756 0.5 0.6254231 0.3333333 0.5080355 0.3333334 0.6448047 0.5 0.6254231 0.3333333 0.5846756 0.5 0.7339978 0.4038265 0.6254043 0.1666666 0.6254231 0.3333333 0.6258748 1 0.7440178 0.9791217 0.6257982 0.8333333 0.6233307 0.6666667 0.7339978 0.4038265 0.6448047 0.5 0.8289394 0.7781047 0.7339978 0.4038265 0.6233307 0.6666667 0.7440178 0.9791217 0.8289394 0.7781047 0.6233307 0.6666667 0.8338928 1 0.8289394 0.7781047 0.7440178 0.9791217 0.8349353 0.08794629 0.7458094 0 0.7439778 0.1666666 0.9126716 0.4220209 0.900525 0.07767719 0.8463332 0.4263619 0.900224 0.7571223 0.9126716 0.4220209 0.8463332 0.4263619 1.000014 0.7287736 0.9126716 0.4220209 0.900224 0.7571223 1.000012 0.3737134 1 0.1000776 0.900525 0.07767719 0.2025361 0.8333334 -1.04888e-6 0.6666666 -9.36034e-7 0.9596181 0.2685146 1 0.2025361 0.8333334 -9.36034e-7 0.9596181 6.3567e-5 0.1666666 0.2685146 0 -1.23535e-6 0 1.22102e-6 0.5 0.1961736 0.3333334 0 0.3333333 0.3102577 0.6666667 1.22102e-6 0.5 -1.04888e-6 0.6666666 0.2238134 0.5 0.1961736 0.3333334 1.22102e-6 0.5 0.3102577 0.6666667 0.2238134 0.5 1.22102e-6 0.5 0.3700299 0.1666666 0.2685146 0 6.3567e-5 0.1666666 0.1961736 0.3333334 0.3700299 0.1666666 6.3567e-5 0.1666666 0.4697661 0.5 0.1961736 0.3333334 0.2238134 0.5 0.3102577 0.6666667 0.4697661 0.5 0.2238134 0.5 0.4697661 0.5 0.4780484 0.3333334 0.1961736 0.3333334 0.2685146 1 0.5434513 0.8333333 0.2025361 0.8333334 0.5434513 0.8333333 0.3102577 0.6666667 0.2025361 0.8333334 0.3700299 0.1666666 0.6392049 0 0.2685146 0 0.6644272 0.1666666 0.6392049 0 0.3700299 0.1666666 0.4780484 0.3333334 0.6644272 0.1666666 0.3700299 0.1666666 0.758161 0.4852719 0.6644272 0.1666666 0.4780484 0.3333334 0.4697661 0.5 0.758161 0.4852719 0.4780484 0.3333334 0.6726192 0.6666666 0.758161 0.4852719 0.4697661 0.5 0.6392049 1 0.7984675 0.7044171 0.5434513 0.8333333 0.7984675 0.7044171 0.6726192 0.6666666 0.5434513 0.8333333 0.7821441 0.3333333 0.8101864 0.212179 0.6644272 0.1666666 0.7984675 0.7044171 0.758161 0.4852719 0.6726192 0.6666666 0.8019686 1 0.8707529 0.7727524 0.7984675 0.7044171 0.8841814 1 0.8707529 0.7727524 0.8019686 1 0.8840964 0.07664835 0.8019686 0 0.8101864 0.212179 0.8707529 0.7727524 1.000029 0.4293617 0.875818 0.4079574 1 1 1.00001 0.799643 0.8841814 1 1.000029 0.4293617 1.000025 0.1096503 0.875818 0.4079574 0.3225891 0.6666668 -1.09429e-6 0.4450385 -6.0167e-6 0.795251 0.32761 1 0.315386 0.8333333 -6.0167e-6 0.795251 0.3214293 0.3333333 0.3229852 0.1666666 -6.4177e-6 0.1021536 0.3249325 0.5 0.3214293 0.3333333 -1.09429e-6 0.4450385 0.315386 0.8333333 0.3225891 0.6666668 -6.0167e-6 0.795251 0.32761 1 0.6110211 0.9120222 0.315386 0.8333333 0.6108478 0.4143595 0.3214293 0.3333333 0.3249325 0.5 0.6108478 0.4143595 0.771186 0.2608489 0.6086322 0.1666666 1.000036 0.2235685 1 0 0.7701643 0 1.00001 0.536076 1.000036 0.2235685 0.771186 0.2608489 3.65787e-5 1 0.5656374 0.8333333 2.87001e-5 0.8333333 0.560499 0.5 0.6039151 0.3703803 5.6791e-7 0.4406136 -1.5459e-5 0.6666666 0.560499 0.5 5.6791e-7 0.4406136 0.5975614 1 0.5656374 0.8333333 3.65787e-5 1 4.90728e-5 0.1666666 0.6007046 0.09609669 3.65787e-5 0 0.6039151 0.3703803 0.6007046 0.09609669 4.90728e-5 0.1666666 0.672994 0.6666667 0.560499 0.5 -1.5459e-5 0.6666666 0.7369751 0.8333333 0.672994 0.6666667 0.5656374 0.8333333 0.7691168 1 0.7369751 0.8333333 0.5975614 1 0.672994 0.6666667 0.7710152 0.4272156 0.6039151 0.3703803 1.000028 0.3936615 0.7695648 0.08770388 0.7710152 0.4272156 1.00003 1 1 0.7674916 0.7369751 0.8333333 0.7369751 0.8333333 1 0.7674916 0.672994 0.6666667 1.000005 0.4165517 1.000007 0.1666666 -3.12252e-7 0.2782463 1.000005 0.4165517 -3.12252e-7 0.2782463 -2.23898e-7 0.5611549 1.000006 0.6666667 1.000005 0.4165517 -2.23898e-7 0.5611549 1.000006 0.3333333 1.000006 0.07304799 0 0.1260013 1.000006 0.6767483 1.000006 0.3333333 -6.14749e-7 0.4380735 -4.5044e-7 0.7217676 1.000006 0.6767483 -6.14749e-7 0.4380735 -8.41379e-7 1 1.000006 0.8333333 2.18924e-7 0.7065173 1.000005 1 1.000006 0.8333333 -8.41379e-7 1 1.000005 0.479218 -9.13766e-7 0.4641773 2.18924e-7 0.7065173 0 0.6061061 1.000007 0.4166844 -6.95889e-7 0.207292 1.000006 0.7618774 0 0.6061061 -2.5695e-7 0.9649708 1.000005 0.0876314 -3.25325e-7 0 -6.95889e-7 0.207292 1.000007 0.4166844 1.000005 0.0876314 -6.95889e-7 0.207292 0.1969385 0.6887963 3.88447e-6 0.8012088 0 1 0.216059 0.1666666 0.3721572 0 0 0.1277178 1.33093e-5 0.4076493 0.216059 0.1666666 0 0.1277178 0.3107149 0.5 0.2746961 0.3333333 1.33093e-5 0.4076493 0.4711326 0.665407 0.2075443 0.6666666 0.1969385 0.6887963 0.216059 0.1666666 0.4852346 0.05604004 0.3721572 0 0.4711326 0.665407 0.3107149 0.5 0.2075443 0.6666666 0.3107149 0.5 0.5119044 0.4522496 0.2746961 0.3333333 0.5874906 0.9184575 0.4711326 0.665407 0.4897086 1 0.6141533 0.7223519 0.5874436 0.4247593 0.5119044 0.4522496 0.6480287 0.4219002 0.6242699 0.1284794 0.5874436 0.4247593 0.6141533 0.7223519 0.6480287 0.4219002 0.5874436 0.4247593 0.6619227 0.9222025 0.6141533 0.7223519 0.625 1 0.7474231 0.6666666 0.6480287 0.4219002 0.6141533 0.7223519 0.752885 0.9234381 0.7474231 0.6666666 0.6619227 0.9222025 0.7770342 0.1666666 0.8954953 0 0.7538383 0 0.9994719 0.2274961 0.7770342 0.1666666 0.7559027 0.4218221 0.8968415 0.5786829 0.7559027 0.4218221 0.7474231 0.6666666 0.9994719 0.2274961 0.8954953 0 0.7770342 0.1666666 0.8951926 0.9226316 1 0.6111741 0.8968415 0.5786829 1 0.6111741 0.9994719 0.2274961 0.8968415 0.5786829 0.3196737 1 -8.20953e-7 0.7782146 0 1 0.3210099 0.4339869 0.3134396 0.06143504 -3.71766e-7 0.127937 0.3086987 0.7017957 0.3210099 0.4339869 -7.64756e-7 0.4392962 0.6668409 0.7351887 0.7543485 0.4669417 0.3210099 0.4339869 0.6943361 0.2468447 0.8266977 0.07603037 0.7018911 0 0.8279495 0.7444671 0.7543485 0.4669417 0.7335767 0.8354114 0.8271042 1 1.000018 0.7737836 0.8279495 0.7444671 1 0.3885291 1.000024 0.1317723 0.7543485 0.4669417 -9.24585e-6 0.2230036 0.3250999 0.1051676 0 0 0.3092593 1 0.3304523 0.8333333 -3.23291e-6 0.871647 0.3159461 0.3333333 0.3250999 0.1051676 -9.24585e-6 0.2230036 0.3218641 0.5746113 0.3159461 0.3333333 -2.94463e-6 0.5610054 0.3304523 0.8333333 0.3218641 0.5746113 -3.23291e-6 0.871647 0.3218641 0.5746113 0.6102828 0.4198925 0.3159461 0.3333333 0.3304523 0.8333333 0.6054636 0.7583062 0.3218641 0.5746113 1.000024 0.6051427 0.7706491 0.4284744 0.7707235 0.766783 1.000024 0.6051427 1.000024 0.2974552 0.7706491 0.4284744 1.000061 0.9358177 1.000024 0.6051427 0.7707235 0.766783 -2.44085e-5 0.224893 0.3429891 0 0 0 0.3406845 0.3978869 0.5026461 0.1666666 -2.44085e-5 0.224893 0.3408545 0.9335193 0.5021293 0.6666667 -9.38386e-6 0.8705126 0.5026461 0.1666666 0.6057406 0 0.3429891 0 0.5991323 0.930306 0.5021293 0.6666667 0.3408545 0.9335193 1.000025 0.2248159 0.6057406 0 0.5026461 0.1666666 0.5021293 0.6666667 1.000014 0.5614161 0.6007151 0.4010032 1.000014 0.5614161 1.000025 0.2248159 0.6007151 0.4010032 1.00001 0.8702582 1.000014 0.5614161 0.5021293 0.6666667 3.02331e-7 1 0.9999998 0.9240922 2.11194e-7 0.7499991 0 0.41667 1 0.3359405 1.59234e-7 0.07888543 0.224983 0.7515762 -1.19886e-6 0.6115048 8.82756e-5 0.9612897 0.224983 0.7515762 0.1981039 0.4263854 -1.19886e-6 0.6115048 0.224983 0.7515762 0.4051738 0.5 0.1981039 0.4263854 0.4604882 0.8813604 0.224983 0.7515762 0.2554665 1 0.4452211 0.3521935 0.4224711 0 0.1941552 0.1487864 0.4051738 0.5 0.4452211 0.3521935 0.1981039 0.4263854 0.5545699 0.5587943 0.4051738 0.5 0.224983 0.7515762 0.5545699 0.5587943 0.4452211 0.3521935 0.4051738 0.5 0.5545699 0.5587943 0.6389225 0.2821453 0.4452211 0.3521935 0.69443 0.8333333 0.5545699 0.5587943 0.4604882 0.8813604 0.7727223 0.6001521 0.6389225 0.2821453 0.5545699 0.5587943 0.69443 0.8333333 0.7727223 0.6001521 0.5545699 0.5587943 1.000066 0.2724658 0.6524068 0 0.6389225 0.2821453 0.8721469 0.8930857 0.69443 0.8333333 0.6524068 1 1.000066 0.2724658 0.8686953 0 0.6524068 0 0.8721469 0.8930857 0.7727223 0.6001521 0.69443 0.8333333 0.8721469 0.8930857 1.000003 0.6104459 0.7727223 0.6001521 1.000003 0.6104459 1.000066 0.2724658 0.8700222 0.4609318 1.93281e-5 0.5501025 0.4411247 0.3638752 6.18681e-4 0.2941662 1.00816e-5 0.8913136 0.4283783 0.734534 1.93281e-5 0.5501025 0.4184398 1 0.4283783 0.734534 1.00816e-5 0.8913136 0.4184398 1 0.5399112 0.9169306 0.4283783 0.734534 0.4411247 0.3638752 0.5918713 0.243186 0.4202136 0.01032298 0.6903788 0.7368097 0.5765519 0.6120715 0.5399112 0.9169306 0.7886274 0.9183296 0.6903788 0.7368097 0.5399112 0.9169306 0.5765519 0.6120715 0.7788679 0.2605013 0.5918713 0.243186 0.6903788 0.7368097 0.8153062 0.590765 0.5765519 0.6120715 0.7886274 0.9183296 0.8153062 0.590765 0.6903788 0.7368097 1 0.387642 1.000025 0.1307769 0.7788679 0.2605013 1 0.387642 0.7788679 0.2605013 0.8153062 0.590765 -1.43898e-5 0.2232061 0.5068089 0.0892651 0 0 0.5016956 1 0.5023131 0.8333333 -5.0931e-6 0.8715201 0.501742 0.3333333 0.5068089 0.0892651 -1.43898e-5 0.2232061 0.5019295 0.5929384 0.501742 0.3333333 -6.26145e-6 0.5609332 0.5023131 0.8333333 0.5019295 0.5929384 -5.0931e-6 0.8715201 1 1 1.000005 0.7953241 0.5016956 1 0.5016276 0.9072742 -1.32631e-4 0.611728 -6.74617e-7 0.9611368 -3.11753e-5 0.2726289 0.5019416 0 -8.79758e-7 0 1.000001 0.2726009 -3.11753e-5 0.2726289 0.5016235 0.4296943 0.5016276 0.9072742 1.000001 0.6116777 -1.32631e-4 0.611728 1.000001 0.2726009 0.9999999 0 -3.11753e-5 0.2726289 1.000001 0.6116777 1.000001 0.2726009 0.5016235 0.4296943 -8.37707e-7 0.412215 1 0.2574312 -7.58828e-7 0.05408906 -8.49579e-7 0.6666667 0.9999994 0.583334 -8.37707e-7 0.412215 0.9999998 0.9166674 0 0.7544478 -7.00671e-7 1 6.68537e-7 0.5 1 0.409241 -3.7695e-7 0.1688677 0.174646 0.7299494 -5.61307e-7 0.611696 -1.96934e-7 0.9611568 0.2354181 1 0.174646 0.7299494 -1.96934e-7 0.9611568 0.2315354 0.1666666 0.2354181 0 -2.56779e-7 0 0.174646 0.7299494 0.1749146 0.4534334 -5.61307e-7 0.611696 0.4980276 0.5041823 0.2315354 0.1666666 0.1749146 0.4534334 0.2354181 1 0.5449867 0.8333333 0.174646 0.7299494 0.5449867 0.8333333 0.4016877 0.6334267 0.174646 0.7299494 0.526471 1 0.5449867 0.8333333 0.2354181 1 0.5272388 0.2914037 0.5976336 0.09234887 0.526471 0 0.6008718 0.4116502 0.5272388 0.2914037 0.4980276 0.5041823 0.7177699 0.8990937 0.6020594 0.7063438 0.5988142 1 0.7148659 0.2233424 0.5976336 0.09234887 0.6008718 0.4116502 0.7148659 0.2233424 0.7117117 0 0.5976336 0.09234887 0.6960538 0.6984608 0.7148659 0.2233424 0.6008718 0.4116502 0.7148659 0.2233424 0.8294595 0.09373694 0.7117117 0 0.8131167 0.4223667 0.8294595 0.09373694 0.7148659 0.2233424 1.000013 0.2714213 0.9009659 0.08945107 0.8864905 0.4167953 1.000013 0.2714213 1.000012 0 0.9009659 0.08945107 1.000024 0.6027106 1.000013 0.2714213 0.8864905 0.4167953 0.6700196 1 0.666061 0.7241421 1.79602e-5 0.9199153 0.6703893 0.08801108 2.03334e-5 0 2.12743e-5 0.2510145 1 0.2271891 1.000001 0 0.6703893 0.08801108 1 0.2271891 0.6703893 0.08801108 0.5424314 0.5575333 0 0.2500007 0.9999998 0.08333313 1.30394e-7 0 0.9999997 0.4092411 0 0.2500007 -3.15927e-7 0.5833331 0 0.9122189 0.9999997 0.7500013 -3.15927e-7 0.5833331 0.9999997 0.3307268 -2.23518e-7 0.2499995 4.80367e-7 0.5833334 0 0.9122185 1 0.7425745 4.80367e-7 0.5833334 0.3371145 0.856589 0.5193561 0.7229221 1.21567e-4 0.5724013 0.6015472 0.4027978 4.46778e-4 0.2945626 1.21567e-4 0.5724013 0.6615514 0.1666666 0.4292166 0 0.002230525 0.001321554 0.6015472 0.4027978 0.6615514 0.1666666 0.002230525 0.001321554 0.9999373 0.9508137 0.5193561 0.7229221 0.3371145 0.856589 0.5193561 0.7229221 0.9999068 0.584861 0.6015472 0.4027978 0.999659 0.1061312 -4.23183e-5 0 -2.00273e-7 0.2942821 0.9998691 0.3723881 0.999659 0.1061312 -2.00273e-7 0.2942821 8.80483e-4 0.6057792 0.9998691 0.3723881 -2.00273e-7 0.2942821 0.00175774 0.9449119 0.9997217 0.7213945 8.80483e-4 0.6057792 0.3334008 0.09149527 0.1267885 0 3.11309e-4 0.03929626 -3.13829e-5 0.3881791 0.3334008 0.09149527 3.11309e-4 0.03929626 0.1529508 0.8865689 0.3325917 0.7096467 0.1340934 0.5572509 0.3350234 0.4278981 0.3334008 0.09149527 -3.13829e-5 0.3881791 0.3350234 0.4278981 -3.13829e-5 0.3881791 0.1340934 0.5572509 0.3325917 0.7096467 0.3350234 0.4278981 0.1340934 0.5572509 0.3936497 0.8630365 0.3325917 0.7096467 0.3316434 1 0.3350234 0.4278981 0.3980882 0.3078876 0.3334008 0.09149527 0.3984827 0.5611743 0.3350234 0.4278981 0.3325917 0.7096467 0.4106227 0.09133052 0.375 0 0.3980882 0.3078876 0.4119736 1 0.498028 0.9137125 0.3936497 0.8630365 0.5084936 0.5908702 0.3980882 0.3078876 0.3984827 0.5611743 0.498028 0.9137125 0.5084936 0.5908702 0.3984827 0.5611743 0.6179398 0.9782053 0.7117148 0.8410962 0.6134266 0.4488782 0.772589 0.02721899 0.7099206 0 0.701589 0.2353323 0.7857875 0.4211569 0.8766088 0.1219863 0.772589 0.02721899 0.8795589 0.7529074 1 0.6064336 0.8781834 0.4100742 1.000001 0.8712868 1 0.6064336 0.8795589 0.7529074 -2.89206e-6 0.2224808 0.2238135 0 0 0 0.145489 0.401847 0.2504422 0.276301 -2.89206e-6 0.2224808 0.2192233 0.9121255 0.2581436 0.5940471 -1.08326e-6 0.8716493 0.5334638 0.08100008 0.2238135 0 0.2504422 0.276301 0.5342542 1 0.6293914 0.9124436 0.5331625 0.8333333 0.5351575 0.3333333 0.6218147 0.2173418 0.5334638 0.08100008 0.6107658 0.5740129 0.6583375 0.4130679 0.6218147 0.2173418 0.6293914 0.9124436 0.7991018 0.5947659 0.6107658 0.5740129 0.8116018 0.2161428 0.796831 0 0.6218147 0.2173418 0.7991018 0.5947659 0.8116018 0.2161428 0.6583375 0.4130679 0.8116018 0.2161428 1.000002 0.06098937 0.796831 0 1.000003 1 1.000003 0.7228408 0.8011137 0.906215 1.000001 0.3712466 1.000002 0.06098937 0.8116018 0.2161428 0.2263094 0.08049565 -4.71185e-6 0 1.25563e-4 0.2948225 0.2492442 1 0.001634657 0.6074686 -3.1425e-6 0.9444893 0.5422257 0.1862397 0.4209151 0.06234371 0.418004 0.4851822 0.4574692 0.8695375 0.5544832 0.6384755 0.418004 0.4851822 0.5422257 0.1862397 0.5739153 0 0.5 0 0.5544832 0.6384755 0.5740161 0.4244572 0.5422257 0.1862397 0.5760307 0.9180209 0.5544832 0.6384755 0.4574692 0.8695375 0.5740161 0.4244572 0.7386786 0.2449529 0.5422257 0.1862397 0.7386786 0.2449529 0.7688574 0 0.5739153 0 0.7644504 0.9358308 0.5544832 0.6384755 0.5760307 0.9180209 0.7644504 0.9358308 0.9999955 0.7004628 0.5544832 0.6384755 1 1 0.9999955 0.7004628 0.7644504 0.9358308 0.9999955 0.7004628 1 0.3881927 0.7417451 0.5 -1.1639e-5 0.2232713 0.5019153 0.07858616 0 0 0.5016507 1 0.5022448 0.8333334 -4.60143e-6 0.8712029 0.5016859 0.3333333 0.5019153 0.07858616 -1.1639e-5 0.2232713 0.5018915 0.5930091 0.5016859 0.3333333 -5.57705e-6 0.5611058 0.5022448 0.8333334 0.5018915 0.5930091 -4.60143e-6 0.8712029 1.000006 0.561297 1.000012 0.2233384 0.5016859 0.3333333 1.000005 0.8709447 1.000006 0.561297 0.5018915 0.5930091 0.5021389 0.08823215 -2.61245e-5 0 -6.75297e-6 0.2959203 0.5024244 1 0.501893 0.8333333 -1.7121e-5 0.9425602 0.5024702 0.3333333 0.5021389 0.08823215 -6.75297e-6 0.2959203 0.5021305 0.5742132 0.5024702 0.3333333 -6.75297e-6 0.2959203 0.501893 0.8333333 0.5021305 0.5742132 -9.93309e-6 0.6054886 1.00001 0.6053412 1.000007 0.296168 0.5021305 0.5742132 1.000018 0.9425262 1.00001 0.6053412 0.501893 0.8333333 -1.7199e-5 0.223969 0.5020937 0.07897377 0 0 0.5018346 1 0.5024288 0.8333334 -6.47354e-6 0.8709062 0.5018562 0.3333334 0.5020937 0.07897377 -1.7199e-5 0.223969 0.5020748 0.5931066 0.5018562 0.3333334 -8.41149e-6 0.5611547 0.5024288 0.8333334 0.5020748 0.5931066 -6.47354e-6 0.8709062 1.000009 0.5613718 1.000018 0.2239871 0.5018562 0.3333334 1.000007 0.8706326 1.000009 0.5613718 0.5020748 0.5931066 0.5074942 0.07183212 -9.96779e-6 0 -2.75408e-6 0.294939 0.5120796 1 0.5015161 0.8333334 -6.63726e-6 0.9443119 0.5020613 0.3333333 0.5074942 0.07183212 -2.75408e-6 0.294939 0.5016555 0.573453 0.5020613 0.3333333 -2.75408e-6 0.294939 0.5015161 0.8333334 0.5016555 0.573453 -2.30758e-6 0.6056082 1.000003 0.371747 1 0.1063324 0.5074942 0.07183212 0.2802418 1 1.8688e-5 0.7588344 0 1 1.8688e-5 0.7588344 0.2848158 0.52199 1.90918e-5 0.365536 0.3561639 0.1666666 0.2802418 0 1.12615e-4 0.127704 0.3561639 0.1666666 0.6431757 0.05635362 0.2802418 0 0.6703537 0.6028813 0.6147789 0.3333333 0.2848158 0.52199 0.6147789 0.3333333 0.6431757 0.05635362 0.3561639 0.1666666 0.9999858 0.250894 0.6431757 0.05635362 0.6147789 0.3333333 0.9999939 0.5463801 0.9999858 0.250894 0.6703537 0.6028813 0.69233 0.8333333 0.9999939 0.5463801 0.6703537 0.6028813 -4.64783e-5 0.392939 0.3454704 0.09509831 -6.66561e-5 0.03323996 0.3440403 1 0.4091688 0.8665344 -8.32618e-5 1 0.4449104 0.6146371 0.3453111 0.433011 -1.64739e-4 0.7384491 0.3453111 0.433011 0.5445024 0.2204199 0.3454704 0.09509831 0.6535097 0.4324731 0.5445024 0.2204199 0.4449104 0.6146371 0.4091688 0.8665344 0.6511201 0.7524985 0.4449104 0.6146371 1.00005 0.3933357 0.5445024 0.2204199 0.6535097 0.4324731 1.00009 1 1 0.780627 0.6511201 0.7524985 1 0.3307278 0 0.1666666 0 0.4211151 0.2776069 0.9354352 -1.79777e-6 0.6114528 -6.88734e-7 0.9613066 0.2938128 0.2431418 0.2956327 0 -8.96976e-7 0 0.2980283 0.5631368 0.2938128 0.2431418 -6.56893e-7 0.2724615 0.6997864 0.8796125 1.000001 0.6115328 0.7247731 0.5329174 1.000001 0.272482 1.000001 0 0.7211545 0.2861596 1.000001 0.6115328 1.000001 0.272482 0.7247731 0.5329174 -1.50216e-6 0.221866 0.2273851 0 0 0 0.2273851 1 0.2010656 0.8333333 -6.74512e-7 0.8721272 0.2128126 0.5 0.1890483 0.3140154 1.03608e-4 0.5609396 0.2010656 0.8333333 1.03608e-4 0.5609396 -6.74512e-7 0.8721272 0.3538708 0.6730853 0.2128126 0.5 1.03608e-4 0.5609396 0.2273851 1 0.3538708 0.6730853 0.2010656 0.8333333 0.4851467 0.4064383 0.5104458 0.1020972 0.1890483 0.3140154 0.5652307 0.6613875 0.4851467 0.4064383 0.3538708 0.6730853 0.790949 0.2371307 0.5104458 0.1020972 0.4851467 0.4064383 0.5652307 0.6613875 0.7904647 0.5518864 0.4851467 0.4064383 0.790949 0.2371307 0.8100262 0 0.5104458 0.1020972 0.825609 0.9372244 1.000001 0.6115105 0.7904647 0.5518864 1 0.2725239 1.000001 0 0.790949 0.2371307 1.000001 0.6115105 1 0.2725239 0.7904647 0.5518864 -7.91632e-6 0.2223628 0.5072602 0.09131211 0 0 0.5014857 1 0.5021151 0.8333333 -3.33967e-6 0.8718997 0.5015552 0.3333334 0.5072602 0.09131211 -7.91632e-6 0.2223628 0.5017039 0.5926148 0.5015552 0.3333334 -3.18125e-6 0.5608842 0.5021151 0.8333333 0.5017039 0.5926148 -3.33967e-6 0.8718997 1 1 1.000003 0.7948306 0.5014857 1 0.1797955 0.8333333 1.35648e-5 0.6116713 6.32886e-5 0.961201 0.1208186 0.5 0.213851 0.3333333 6.69072e-5 0.2725771 0.2513036 1 0.1797955 0.8333333 6.32886e-5 0.961201 6.69072e-5 0.2725771 0.2869493 0.1504333 6.32375e-5 0 0.2572405 0.5371683 0.1208186 0.5 1.35648e-5 0.6116713 0.2572405 0.5371683 0.213851 0.3333333 0.1208186 0.5 0.3376614 0.9202401 0.37542 0.6666666 0.2572405 0.5371683 0.3855375 0.4224948 0.2869493 0.1504333 0.2572405 0.5371683 0.37542 0.6666666 0.3855375 0.4224948 0.2572405 0.5371683 0.3855375 0.4224948 0.3677211 0.1666666 0.2869493 0.1504333 0.3855375 0.4224948 0.521162 0.1666666 0.3677211 0.1666666 0.5209174 0.8333334 0.37542 0.6666666 0.3937538 0.9353845 0.5170801 1 0.5209174 0.8333334 0.3937538 0.9353845 0.521162 0.1666666 0.5170801 0 0.3966544 0 0.5203483 0.5443316 0.3855375 0.4224948 0.37542 0.6666666 0.5209174 0.8333334 0.7198416 0.6666667 0.5203483 0.5443316 0.7202973 0.8850129 0.5209174 0.8333334 0.5170801 1 0.7202973 0.8850129 0.7198416 0.6666667 0.5209174 0.8333334 0.7520845 0.1666666 0.7752665 -8.03361e-4 0.7096518 0 0.7757837 1 0.7872311 0.7554814 0.7202973 0.8850129 0.7202973 0.8850129 0.7872311 0.7554814 0.7198416 0.6666667 0.7872311 0.7554814 0.8731275 0.4398044 0.7764353 0.4127561 1 0.6059526 0.8731275 0.4398044 0.88253 0.7560403 1 0.6059526 1 0.2943303 0.8731275 0.4398044 0.9999757 0.9453065 1 0.6059526 0.88253 0.7560403 0.3544128 0.1666666 0.3296114 0 -1.92609e-7 0.1276683 2.68358e-5 0.3333333 0.3544128 0.1666666 -1.92609e-7 0.1276683 0.3382168 0.6666666 0.3468024 0.5 -1.94307e-7 0.5547688 0.357487 0.8662785 0.3382168 0.6666666 -2.04554e-7 0.9299073 0.3468024 0.5 0.502017 0.3333334 2.68358e-5 0.3333333 0.3544128 0.1666666 0.7444123 0 0.3296114 0 0.7525473 0.6336281 0.3468024 0.5 0.3382168 0.6666666 0.357487 0.8662785 0.7525473 0.6336281 0.3382168 0.6666666 0.7872485 0.1666666 0.7444123 0 0.3544128 0.1666666 0.502017 0.3333334 0.7872485 0.1666666 0.3544128 0.1666666 0.8213492 0.6968593 0.7525473 0.6336281 0.357487 0.8662785 0.7525473 0.6336281 0.9999948 0.3332004 0.502017 0.3333334 7.78506e-6 0.387997 0.5570518 0.1666666 1.35816e-5 0.03981703 1.14636e-5 0.6666668 0.5558946 0.4377529 7.78506e-6 0.387997 0.5739216 0.9169242 1.14636e-5 0.6666668 1.23739e-5 0.9485609 0.5570518 0.1666666 0.5987697 0 1.35816e-5 0.03981703 0.5558946 0.4377529 0.5570518 0.1666666 7.78506e-6 0.387997 0.5649922 0.6666667 0.5558946 0.4377529 1.14636e-5 0.6666668 0.5739216 0.9169242 0.5649922 0.6666667 1.14636e-5 0.6666668 0.7262877 0.1666666 0.5987697 0 0.5570518 0.1666666 0.7349964 0.6946325 0.5649922 0.6666667 0.5739216 0.9169242 0.5739216 0.9169242 0.7687875 0.9297164 0.7349964 0.6946325 0.7262877 0.1666666 0.7667294 0 0.5987697 0 1.000038 0.1977654 1 0 0.7667294 0 1.000074 0.8988278 1.000058 0.5663174 0.7349964 0.6946325 -2.37249e-5 0.2244459 0.5022944 0.0788325 0 0 0.5020364 1 0.5026491 0.8333333 -9.17602e-6 0.8709724 0.5020526 0.3333333 0.5022944 0.0788325 -2.37249e-5 0.2244459 0.5022812 0.5927897 0.5020526 0.3333333 -1.12073e-5 0.5610056 0.5026491 0.8333333 0.5022812 0.5927897 -9.17602e-6 0.8709724 1.000012 0.5612358 1.000025 0.2243184 0.5020526 0.3333333 1.000009 0.8707404 1.000012 0.5612358 0.5022812 0.5927897 1 0.09075844 0 0 0 0.2500012 0 0.5833338 0.9999999 0.5026062 0 0.2500012 0.1398364 1 -8.10929e-6 0.7766879 0 1 0.1423256 0.1666666 0.1398364 0 -1.37505e-5 0.1333209 0.09745794 0.3333333 0.1423256 0.1666666 -1.37505e-5 0.1333209 0.09674757 0.6666667 0.1444168 0.5 -2.85215e-5 0.4286118 0.09903615 0.8333333 0.09674757 0.6666667 -8.10929e-6 0.7766879 0.1669044 0.3333334 0.1423256 0.1666666 0.09745794 0.3333333 0.1444168 0.5 0.1669044 0.3333334 0.09745794 0.3333333 0.5611368 0.1666666 0.3661926 0 0.3081417 0.1666666 0.5546239 0.3333333 0.5611368 0.1666666 0.3081417 0.1666666 0.6565192 1 0.5691991 0.8333334 0.3661926 1 0.5546239 0.3333333 0.6674 0.1257933 0.5611368 0.1666666 0.6852775 0.5 0.5546239 0.3333333 0.5408548 0.5 0.6565192 1 0.6715548 0.7575218 0.5691991 0.8333334 0.6930243 0.2890208 0.6674 0.1257933 0.5546239 0.3333333 0.6715548 0.7575218 0.6852775 0.5 0.5713408 0.6666668 0.5691991 0.8333334 0.6715548 0.7575218 0.5713408 0.6666668 0.7389395 0.7564851 0.6852775 0.5 0.6715548 0.7575218 0.6852775 0.5 0.7555931 0.4085181 0.6930243 0.2890208 0.7389395 0.7564851 0.7555931 0.4085181 0.6852775 0.5 1 0.5632159 1 0.2296317 0.8587459 0.4210558 1 0.5632159 0.8587459 0.4210558 0.860255 0.7465815 0.280607 1 -2.7595e-7 0.7786571 0 1 0.1453539 0.6666668 0.2828765 0.5 5.25858e-5 0.3738488 0.201504 0.8333333 0.1453539 0.6666668 -2.7595e-7 0.7786571 0.3424331 0.1666666 0.280607 0 1.82854e-4 0.1277384 0.2828765 0.5 0.3448285 0.3333333 5.25858e-5 0.3738488 0.280607 1 0.4613426 0.8333333 0.201504 0.8333333 0.6120967 0.9270582 0.4613426 0.8333333 0.280607 1 0.4613426 0.8333333 0.6075803 0.6666667 0.3498404 0.6666667 0.6120967 0.9270582 0.6075803 0.6666667 0.4613426 0.8333333 0.6011077 0.1666666 0.6887856 0.1089638 0.6097402 0 0.6946324 0.4181826 0.61124 0.3333333 0.602429 0.5 0.6939826 0.7447506 0.6075803 0.6666667 0.6120967 0.9270582 0.8406897 0.8869824 0.6939826 0.7447506 0.6945107 1 0.6939826 0.7447506 0.8378995 0.5983322 0.6946324 0.4181826 0.835207 0.239579 1.000005 0 0.8362917 0 1.000002 0.6062769 1.000001 0.2951994 0.8378995 0.5983322 1.000003 0.9427045 1.000002 0.6062769 0.8406897 0.8869824 0.5023519 0.5903235 -4.33876e-6 0.4444509 -7.03852e-6 0.7958088 0.5006095 1 0.5008987 0.8333334 -7.03852e-6 0.7958088 0.5035141 0.3333333 0.5019584 0.07989895 -1.18832e-5 0.1041348 0.5023519 0.5903235 0.5035141 0.3333333 -4.33876e-6 0.4444509 0.5008987 0.8333334 0.5023519 0.5903235 -7.03852e-6 0.7958088 1.000007 0.5605306 1.000013 0.2243947 0.5035141 0.3333333 1.000003 0.8710965 1.000007 0.5605306 0.5023519 0.5903235 0.5094316 0.553183 -5.92132e-7 0.4448873 -3.87684e-6 0.7950403 0.4995967 1 0.4995281 0.8333333 -3.87684e-6 0.7950403 0.5039789 0.3333333 0.5087357 0.1091508 -5.71559e-6 0.1050115 0.5094316 0.553183 0.5039789 0.3333333 -5.92132e-7 0.4448873 0.4995281 0.8333333 0.5094316 0.553183 -3.87684e-6 0.7950403 1.000001 0.9090467 1 0.6035501 0.5094316 0.553183 -1.62325e-7 0.3880797 0.2369741 0.2490848 0 0.03899991 0.2369741 0.2490848 0.2274929 0 0 0.03899991 0.2366251 0.5956375 0.2369741 0.2490848 -1.62325e-7 0.3880797 0.4308815 0.153515 0.3853466 0 0.2369741 0.2490848 0.4507151 0.4059204 0.4308815 0.153515 0.3842051 0.5 0.4188342 0.7357596 0.4507151 0.4059204 0.3842051 0.5 0.4308815 0.153515 0.5818067 0.1151077 0.4692298 0 0.5841779 0.7531368 0.5574842 0.442929 0.4188342 0.7357596 0.5841779 0.7531368 0.4188342 0.7357596 0.4590717 0.8892433 0.7110528 0.4470064 0.5818067 0.1151077 0.5574842 0.442929 0.8093004 0.9096974 0.5841779 0.7531368 0.5607386 1 0.5841779 0.7531368 0.7110528 0.4470064 0.5574842 0.442929 0.7110528 0.4470064 0.8276143 0.2319464 0.5818067 0.1151077 0.8141352 0.6221969 0.7110528 0.4470064 0.5841779 0.7531368 0.8276143 0.2319464 0.9004721 0.09687101 0.8571429 0 0.9005462 0.4296893 0.8276143 0.2319464 0.8141352 0.6221969 1.00002 0.7316774 0.9005462 0.4296893 0.883294 0.6666666 1.000071 1 1.00002 0.7316774 0.8868449 0.8603048 1.000019 0.3637787 1.000042 0.06742316 0.9004721 0.09687101 8.49212e-4 0.5554243 0.3807794 0.3333334 9.1408e-5 0.2054752 0.3807794 0.3333334 0.6051782 0.1666666 9.1408e-5 0.2054752 0.9999672 0.4149906 0.6051782 0.1666666 0.3807794 0.3333334 0.9999672 0.4149906 0.3807794 0.3333334 0.4116681 0.5 0.9999903 0.8015266 0.5862247 0.6666666 0.5024055 0.8598772 0.9999903 0.8015266 0.9999672 0.4149906 0.5862247 0.6666666 1.59852e-4 0.221509 0.4150505 0 0 0 0.415341 0.9210237 1.40604e-5 0.5845258 -3.24497e-7 0.872207 0.4201142 0.5714414 0.40681 0.2807615 1.40604e-5 0.5845258 0.415341 0.9210237 0.4201142 0.5714414 1.40604e-5 0.5845258 0.4201142 0.5714414 0.5141654 0.3363096 0.40681 0.2807615 0.5349919 0.7212938 0.4201142 0.5714414 0.415341 0.9210237 0.5349919 0.7212938 0.5728308 0.4295125 0.5141654 0.3363096 0.5423261 1 0.7528656 0.9079866 0.5349919 0.7212938 0.7499912 0.6666667 0.7540299 0.4135721 0.5728308 0.4295125 1.000002 0.705022 1 0.4397318 0.7540299 0.4135721 4.36552e-5 0.3333333 0.5751794 0.1666666 1.3605e-4 0.03891205 0.5241675 0.5 1.000055 0.4392584 4.36552e-5 0.3333333 0.9999793 0.7206845 0.5241675 0.5 0.5989446 0.7076566 0.6495456 1 0.9999793 0.7206845 0.5989446 0.7076566 -1.10422e-5 0.2228437 0.5069569 0.09075772 0 0 0.5015862 1 0.5022049 0.8333333 -4.2211e-6 0.8716127 0.5016431 0.3333333 0.5069569 0.09075772 -1.10422e-5 0.2228437 0.5018162 0.5929741 0.5016431 0.3333333 -4.31263e-6 0.5609689 0.5022049 0.8333333 0.5018162 0.5929741 -4.2211e-6 0.8716127 1 1 1.000005 0.7951563 0.5015862 1 5.55986e-5 0.3333333 0.3286004 0.3045402 -1.25945e-6 0.03039819 0.2957318 0.6885619 -2.78426e-6 0.6114353 -1.18132e-6 0.9611484 0.3613952 1 0.2957318 0.6885619 -1.18132e-6 0.9611484 0.3286004 0.3045402 0.3613952 0 -1.25945e-6 0.03039819 0.2957318 0.6885619 0.2943799 0.5 -2.78426e-6 0.6114353 0.7115135 0.4327764 0.9977381 0.3865601 0.3286004 0.3045402 0.999907 1 1 0.772802 0.7074148 0.6983319 -2.74022e-5 0.2250208 0.502594 0.07759475 0 0 0.5023604 1 0.5029594 0.8333334 -1.1379e-5 0.8704142 0.5023238 0.3333334 0.502594 0.07759475 -2.74022e-5 0.2250208 0.5026001 0.591073 0.5023238 0.3333334 -1.8743e-5 0.56129 0.5029594 0.8333334 0.5026001 0.591073 -1.1379e-5 0.8704142 1.00002 0.5613225 1.000029 0.2247892 0.5023238 0.3333334 1.000012 0.8703565 1.00002 0.5613225 0.5026001 0.591073 8.85512e-4 0.5540047 0.2341578 0.07439625 -4.06256e-7 0.2053638 0.2119096 0.7594239 0.3484743 0.5 8.85512e-4 0.5540047 0.3484743 0.5 0.4193432 0.3333333 8.85512e-4 0.5540047 0.4193432 0.3333333 0.7759274 0.2098885 0.4641223 0.08285921 0.9999869 0.9455709 0.7632763 0.7354159 0.7479167 1 0.7862836 0.5 0.9999878 0.3312978 0.7759274 0.2098885 0.3345088 0.03895193 -5.23856e-6 0 -1.25848e-6 0.2948211 0.3405947 1 0.3211086 0.8333333 -3.49361e-6 0.9444839 0.3348793 0.3333333 0.3345088 0.03895193 -1.25848e-6 0.2948211 0.332717 0.6152438 0.3348793 0.3333333 -1.25848e-6 0.2948211 0.3211086 0.8333333 0.332717 0.6152438 -1.72847e-6 0.605799 0.6045362 0.4109222 0.3348793 0.3333333 0.332717 0.6152438 0.6110272 0.8333333 0.332717 0.6152438 0.3211086 0.8333333 0.6990884 0.6710324 0.6045362 0.4109222 0.332717 0.6152438 0.6990884 0.6710324 0.7708303 0.4216476 0.6045362 0.4109222 1.000021 0.3919078 0.7693371 0.09113729 0.7708303 0.4216476 1.000039 1 1 0.7783791 0.6990884 0.6710324 0.9999999 0.08333331 -7.38594e-7 0 0 0.2500006 0 0.5788843 1 0.4240944 0 0.2500006 -3.18582e-7 0.9166666 1 0.7499973 0 0.5788843 0.2208014 0.8333333 -1.26994e-6 0.6115003 -4.64075e-7 0.961165 0.1756481 1 0.2208014 0.8333333 -4.64075e-7 0.961165 0.2264115 0.1666666 0.1756481 0 -6.05061e-7 0 0.2372954 0.6666668 0.1659656 0.4221714 -1.26994e-6 0.6115003 0.2372954 0.6666668 0.3649115 0.3933304 0.1659656 0.4221714 0.5096311 1 0.2208014 0.8333333 0.1756481 1 0.2264115 0.1666666 0.5105969 0.09229809 0.1756481 0 0.5096311 1 0.5352527 0.8333333 0.2208014 0.8333333 0.2372954 0.6666668 0.5221524 0.5744594 0.3649115 0.3933304 0.5221524 0.5744594 0.5499901 0.379486 0.3649115 0.3933304 0.5963295 1 0.5352527 0.8333333 0.5096311 1 0.5499901 0.379486 0.6183801 0.2894987 0.5105969 0.09229809 0.5963295 1 0.6019372 0.6852162 0.5352527 0.8333333 0.6019372 0.6852162 0.6179232 0.5 0.5499901 0.379486 0.5963295 1 0.7482854 0.8333334 0.6019372 0.6852162 0.8265665 0.03273862 0.5963295 0 0.6183801 0.2894987 0.8470196 1 0.7482854 0.8333334 0.5963295 1 0.8501402 0.59301 0.6179232 0.5 0.6019372 0.6852162 -8.60603e-7 0.3883038 0.5595377 0.1666666 -9.68876e-7 0.03889852 0.5595377 0.1666666 0.6699039 0 -9.68876e-7 0.03889852 0.9999053 0.794103 0.9963762 0.5018295 0.4886464 0.8904812 1.000001 0.1033298 0.5595377 0.1666666 0.434794 0.4321835 -1.43068e-5 0.2239919 0.3455357 0.07674825 0 0 0.352711 1 0.3379225 0.8333334 -5.50905e-6 0.871275 0.3513554 0.3333333 0.3455357 0.07674825 -1.43068e-5 0.2239919 0.3323054 0.5670809 0.3513554 0.3333333 -6.63506e-6 0.5608682 0.3379225 0.8333334 0.3323054 0.5670809 -5.50905e-6 0.871275 0.7402462 0.3052663 0.7415334 0 0.3455357 0.07674825 0.7159594 0.5869508 0.7402462 0.3052663 0.3513554 0.3333333 1 1 1.000004 0.7946924 0.7306015 0.9095205 1 0.05994117 0.7415334 0 0.7402462 0.3052663 0 0.2499976 1 0.169274 -3.77957e-7 0 -2.78425e-7 0.9122189 0.9999999 0.7574254 0 0.5833337 0.5070834 0.0792306 -2.07919e-5 0 -5.28811e-6 0.2946913 0.5120175 1 0.5016991 0.8333333 -1.37929e-5 0.9438963 0.5022847 0.3333333 0.5070834 0.0792306 -5.28811e-6 0.2946913 0.5018671 0.5743605 0.5022847 0.3333333 -5.28811e-6 0.2946913 0.5016991 0.8333333 0.5018671 0.5743605 -4.71044e-6 0.6059698 1.000005 0.3717626 1 0.1065926 0.5070834 0.0792306 0 1 0.06847506 1 -1.08957e-5 0.8333333 0 0.3333333 0.06860685 0.3333334 -6.0008e-6 0.1666666 -2.93467e-5 0.5 0.06860685 0.3333334 0 0.3333333 -1.08957e-5 0.8333333 0.0697056 0.6666667 0 0.6666667 -6.0008e-6 0.1666666 0.06827712 0.1666666 0.06847506 0 0.0697056 0.6666667 0.06926655 0.5 -2.93467e-5 0.5 0.1 0 0.06827712 0.1666666 0.1 0.1666666 0.1 0.1666666 0.06860685 0.3333334 0.1 0.3333333 0.06926655 0.5 0.1 0.3333333 0.06860685 0.3333334 0.06926655 0.5 0.1 0.6666667 0.1 0.5 0.0697056 0.6666667 0.1 0.8333333 0.1 0.6666667 0.1 0.8333333 0.1305846 1 0.1322093 0.8333333 0.1 0.1666666 0.1305846 0 0.1 0 0.1 0.1666666 0.1297708 0.3333333 0.1323 0.1666666 0.1297708 0.3333333 0.1 0.5 0.1309385 0.5 0.1309385 0.5 0.1 0.6666667 0.131381 0.6666666 0.131381 0.6666666 0.1 0.8333333 0.1322093 0.8333333 0.1322093 0.8333333 0.2007706 1 0.2055963 0.8333334 0.1323 0.1666666 0.2007706 0 0.1305846 0 0.1297708 0.3333333 0.2884334 0.1666666 0.1323 0.1666666 0.1297708 0.3333333 0.200827 0.5 0.3539893 0.3333333 0.4419293 0 0.3920835 0.1666666 0.4701411 0.1666666 0.1322093 0.8333333 0.2055963 0.8333334 0.131381 0.6666666 0.131381 0.6666666 0.2102492 0.6666667 0.200827 0.5 0.2007706 1 0.3911202 0.8333333 0.2055963 0.8333334 0.2055963 0.8333334 0.3911202 0.8333333 0.2102492 0.6666667 0.2007706 1 0.3786423 1 0.3911202 0.8333333 0.2884334 0.1666666 0.3786423 0 0.2007706 0 0.2102492 0.6666667 0.3561184 0.6666667 0.3497383 0.5 0.3911202 0.8333333 0.3561184 0.6666667 0.2102492 0.6666667 0.2884334 0.1666666 0.3920835 0.1666666 0.3786423 0 0.3539893 0.3333333 0.3920835 0.1666666 0.2884334 0.1666666 0.3561184 0.6666667 0.4249834 0.6666667 0.3497383 0.5 0.3786423 1 0.4419293 1 0.3911202 0.8333333 0.617104 0.3333333 0.4447342 0.5 0.6243116 0.5 0.4323064 0.3333333 0.4701411 0.1666666 0.3920835 0.1666666 0.3497383 0.5 0.4447342 0.5 0.4323064 0.3333333 0.4419293 1 0.5806359 0.8333333 0.3911202 0.8333333 0.4249834 0.6666667 0.577006 0.6666666 0.4447342 0.5 0.5806359 0.8333333 0.577006 0.6666666 0.4249834 0.6666667 0.830413 0.6666667 1.000018 0.8333333 1.000023 0.6666667 0.4419293 1 0.6523128 1 0.5806359 0.8333333 0.4701411 0.1666666 0.6523128 0 0.4419293 0 0.6523128 1 0.7070167 0.8333333 0.5806359 0.8333333 0.4701411 0.1666666 0.7008615 0.1666666 0.6523128 0 0.6243116 0.5 0.6880686 0.5 0.617104 0.3333333 0.577006 0.6666666 0.6880686 0.5 0.6243116 0.5 0.617104 0.3333333 0.7107675 0.3333334 0.7008615 0.1666666 0.7070167 0.8333333 0.7098767 0.6666666 0.577006 0.6666666 0.6523128 1 0.7379187 1 0.7070167 0.8333333 0.6880686 0.5 0.7771057 0.5 0.7107675 0.3333334 0.7098767 0.6666666 0.7771057 0.5 0.6880686 0.5 0.7771057 0.5 0.8279641 0.3333334 0.7107675 0.3333334 0.7098767 0.6666666 0.830413 0.6666667 0.7771057 0.5 0.7070167 0.8333333 0.8328233 0.8333333 0.830413 0.6666667 0.7379187 1 0.9997773 1 0.8328233 0.8333333 0.8279641 0.3333334 0.9998928 0.1666666 0.7008615 0.1666666 0.9997773 1 1.000018 0.8333333 0.8328233 0.8333333 0.8279641 0.3333334 1.000021 0.3333333 0.9998928 0.1666666 1.00005 0.5 1.000021 0.3333333 0.8279641 0.3333334 0.830413 0.6666667 1.000023 0.6666667 1.00005 0.5 0 0.8333333 0.1120663 1 0.1137616 0.8333333 0 0.6666667 0.1176217 0.6666667 0 0.5 0 0.8333333 0.1176217 0.6666667 0 0.6666667 0 0.1666666 0.1120663 0 0 0 0 0.1666666 0.111175 0.3333333 0.1793192 0.1666666 0.111175 0.3333333 0 0.5 0.1136766 0.5 0.1120663 1 0.3134373 0.8333333 0.1137616 0.8333333 0.111175 0.3333333 0.3389354 0.5 0.3033172 0.3333333 0.111175 0.3333333 0.3033172 0.3333333 0.1793192 0.1666666 0.37528 0 0.3245171 0.1666666 0.4032422 0.1666666 0.1176217 0.6666667 0.3389354 0.5 0.1136766 0.5 0.1176217 0.6666667 0.2831904 0.6666666 0.3389354 0.5 0.3134373 0.8333333 0.2831904 0.6666666 0.1176217 0.6666667 0.1793192 0.1666666 0.3245171 0.1666666 0.2952419 0 0.3033172 0.3333333 0.3245171 0.1666666 0.1793192 0.1666666 0.2831904 0.6666666 0.3790117 0.6666667 0.3389354 0.5 0.3134373 0.8333333 0.3790117 0.6666667 0.2831904 0.6666666 0.2952419 1 0.37528 1 0.3134373 0.8333333 0.3245171 0.1666666 0.4335277 0.3333333 0.4032422 0.1666666 0.3790117 0.6666667 0.5110487 0.8333334 0.5270595 0.6666667 0.3389354 0.5 0.4335277 0.3333333 0.3033172 0.3333333 0.37528 1 0.5110487 0.8333334 0.3134373 0.8333333 0.3790117 0.6666667 0.5270595 0.6666667 0.3389354 0.5 0.5387982 0.5 0.6716446 0.6666667 0.6676306 0.5 0.37528 1 0.4989848 1 0.5110487 0.8333334 0.4032422 0.1666666 0.4989848 0 0.37528 0 0.3389354 0.5 0.5387982 0.5 0.4335277 0.3333333 0.4032422 0.1666666 0.5525669 0.1666666 0.4989848 0 0.4335277 0.3333333 0.5591556 0.3333333 0.5525669 0.1666666 0.5387982 0.5 0.5591556 0.3333333 0.4335277 0.3333333 0.5855461 1 0.6029754 0.8333334 0.5110487 0.8333334 0.5110487 0.8333334 0.6029754 0.8333334 0.5270595 0.6666667 0.5387982 0.5 0.6676306 0.5 0.5591556 0.3333333 0.6029754 0.8333334 0.6973053 1 0.6984176 0.8333333 0.6676306 0.5 0.6767827 0.3333334 0.5591556 0.3333333 0.5525669 0.1666666 0.6829918 0.1666666 0.5855461 0 0.6767827 0.3333334 0.6829918 0.1666666 0.5525669 0.1666666 0 0.8333333 0.113422 1 0.1164725 0.8333334 0.6029754 0.8333334 0.6984176 0.8333333 0.6716446 0.6666667 0.6716446 0.6666667 0.7948397 0.6666667 0.6676306 0.5 0.6984176 0.8333333 0.7948397 0.6666667 0.6716446 0.6666667 0.6676306 0.5 0.8235004 0.5 0.6767827 0.3333334 0.6767827 0.3333334 1.000614 0.3333333 0.8138652 0.1666666 0.8235004 0.5 1.000614 0.3333333 0.6767827 0.3333334 0.6984176 0.8333333 0.9996392 0.8333333 0.7948397 0.6666667 0.8138652 0.1666666 0.9998467 0 0.6973053 0 0.7948397 0.6666667 0.999859 0.6666667 0.8235004 0.5 1.000614 0.3333333 1.000025 0.1666666 0.8138652 0.1666666 0.8235004 0.5 1.000024 0.5 1.000614 0.3333333 0 0.6666667 0.1137702 0.6666668 0 0.5 0 0.8333333 0.1137702 0.6666668 0 0.6666667 0 0 0.1123747 0.1666666 0.113422 0 0 0.1666666 0.1115417 0.3333333 0.1123747 0.1666666 0 0.3333333 0.1129584 0.5 0.1115417 0.3333333 0.113422 0 0.3061256 0.1666666 0.3013282 0 0.1123747 0.1666666 0.2884163 0.3333333 0.3061256 0.1666666 0.2884163 0.3333333 0.1129584 0.5 0.3420111 0.5 0.1137702 0.6666668 0.3420111 0.5 0.1129584 0.5 0.3150176 0.8333333 0.3938159 1 0.4455772 0.8333333 0.1164725 0.8333334 0.305687 0.6666667 0.1137702 0.6666668 0.2884163 0.3333333 0.3792451 0.3333333 0.3622894 0.1666666 0.3420111 0.5 0.3792451 0.3333333 0.2884163 0.3333333 0.4281291 0.6666668 0.3150176 0.8333333 0.4455772 0.8333333 0.3622894 0.1666666 0.3938159 0 0.3013282 0 0.305687 0.6666667 0.4281291 0.6666668 0.3420111 0.5 0.3792451 0.3333333 0.4624742 0.5 0.4602299 0.3333333 0.3792451 0.3333333 0.4602299 0.3333333 0.3622894 0.1666666 0.4624742 0.5 0.5464313 0.6666667 0.5650541 0.5 0.4281291 0.6666668 0.4624742 0.5 0.3420111 0.5 0.3622894 0.1666666 0.5218648 0.1666666 0.3938159 0 0.4602299 0.3333333 0.5218648 0.1666666 0.3622894 0.1666666 0.5218648 0.1666666 0.5528084 0 0.3938159 0 0.4602299 0.3333333 0.5469377 0.3333333 0.5218648 0.1666666 0.5528084 1 0.5653961 0.8333333 0.4455772 0.8333333 0.4624742 0.5 0.5650541 0.5 0.5469377 0.3333333 0.4455772 0.8333333 0.5464313 0.6666667 0.4281291 0.6666668 0.5967481 0.6666668 0.69111 0.5 0.5650541 0.5 0.5464313 0.6666667 0.5967481 0.6666668 0.5650541 0.5 0.5653961 0.8333333 0.5967481 0.6666668 0.5464313 0.6666667 0.5469377 0.3333333 0.6825051 0.3333334 0.5218648 0.1666666 0.5650541 0.5 0.6825051 0.3333334 0.5469377 0.3333333 0.69111 0.5 0.9067409 0.3333333 0.6825051 0.3333334 0.7319478 0.8333334 0.7686326 0.6666667 0.5967481 0.6666668 0.5218648 0.1666666 0.73521 0 0.5528084 0 0.5218648 0.1666666 0.9151061 0.1666666 0.73521 0 0.7686326 0.6666667 0.9004138 0.8333333 0.9020825 0.6666666 0.7686326 0.6666667 0.8874164 0.5 0.69111 0.5 0.73521 1 0.8895125 1 0.7319478 0.8333334 0.8895125 1 0.9004138 0.8333333 0.7319478 0.8333334 0.7686326 0.6666667 0.9020825 0.6666666 0.8874164 0.5 0.8874164 0.5 1.000017 0.6666667 1.000019 0.5 0.9151061 0.1666666 1.000001 0.1666666 0.8895125 0 0.9067409 0.3333333 1.000001 0.1666666 0.9151061 0.1666666 1.000017 0.6666667 0.9004138 0.8333333 1.000014 0.8333333 0 1 0.1127082 0.8333333 0 0.8333333 0.8895125 1 1 1 1.000014 0.8333333 1.000019 0.5 1 0.3333333 0.9067409 0.3333333 0 0.6666667 0.1131618 0.6666667 0 0.5 0 0.8333333 0.1131618 0.6666667 0 0.6666667 0 0.1666666 0.1130312 0 0 0 0 0.1666666 0.1126549 0.3333334 0.1130089 0.1666666 0.1126549 0.3333334 0 0.5 0.1467953 0.5 0.1127082 0.8333333 0.2852326 1 0.3010817 0.8333333 0.1130089 0.1666666 0.2852326 0 0.1130312 0 0.282266 0.1666666 0.1126549 0.3333334 0.302809 0.3333333 0.1131618 0.6666667 0.3010817 0.8333333 0.3113138 0.6666667 0.1131618 0.6666667 0.3113138 0.6666667 0.1467953 0.5 0.2852326 0 0.3692142 0.1666666 0.367809 0 0.1467953 0.5 0.3240699 0.5 0.302809 0.3333333 0.3113138 0.6666667 0.3240699 0.5 0.1467953 0.5 0.2852326 1 0.367809 1 0.3724723 0.8333333 0.417392 0.3333334 0.3240699 0.5 0.4108707 0.5 0.302809 0.3333333 0.417392 0.3333334 0.3692142 0.1666666 0.3240699 0.5 0.3824511 0.6666666 0.4108707 0.5 0.5209823 0.1666666 0.417392 0.3333334 0.5225351 0.3333333 0.3724723 0.8333333 0.3824511 0.6666666 0.3113138 0.6666667 0.3724723 0.8333333 0.5178791 0.6666667 0.3824511 0.6666666 0.3692142 0.1666666 0.5209823 0.1666666 0.5183264 0 0.417392 0.3333334 0.5195886 0.5 0.5225351 0.3333333 0.518943 0.8333333 0.5555556 1 0.5555556 0.8333333 0.5178791 0.6666667 0.5195886 0.5 0.4108707 0.5 0.5555556 0 0.5209823 0.1666666 0.573949 0.1666666 0.5209823 0.1666666 0.5555556 0.3333333 0.573949 0.1666666 0.5225351 0.3333333 0.5555556 0.5 0.5555556 0.3333333 0.5195886 0.5 0.5555556 0.6666667 0.5555556 0.5 0.518943 0.8333333 0.5555556 0.6666667 0.5178791 0.6666667 0.5555556 0.8333333 0.5910752 1 0.5915001 0.8333334 0.5912418 0.3333333 0.5555556 0.5 0.5914403 0.5 0.573949 0.1666666 0.5910752 0 0.5555556 0 0.5914403 0.5 0.5555556 0.6666667 0.5923936 0.6666667 0.5555556 0.6666667 0.5915001 0.8333334 0.5923936 0.6666667 0.8616706 0.6666667 0.6725733 0.8333333 0.8732469 0.8333333 0.5910752 1 0.6725733 0.8333333 0.5915001 0.8333334 0.5912418 0.3333333 0.6660643 0.1666666 0.573949 0.1666666 0.5914403 0.5 0.6664541 0.5 0.5912418 0.3333333 0.5915001 0.8333334 0.6725733 0.8333333 0.5923936 0.6666667 0.6660643 0.1666666 0.6688791 0 0.5910752 0 0.5923936 0.6666667 0.6731843 0.6666668 0.6664541 0.5 0.6664541 0.5 0.8904641 0.5 0.9287306 0.3333333 0.6731843 0.6666668 0.8904641 0.5 0.6664541 0.5 0.6660643 0.1666666 0.8875279 0.1666666 0.8614689 0 0.9287306 0.3333333 0.8875279 0.1666666 0.6660643 0.1666666 0.8732469 0.8333333 0.9994617 1 0.9995833 0.8333333 0.9994678 0.6666667 0.8732469 0.8333333 0.9995833 0.8333333 0.8875279 0.1666666 0.9994617 0 0.8614689 0 0.8616706 0.6666667 0.9994678 0.6666667 0.8904641 0.5 0 0.8333333 0.1112554 1 0.1561634 0.8333333 0.8875279 0.1666666 1.000051 0.1666666 0.9994617 0 0.9287306 0.3333333 1.000051 0.1666666 0.8875279 0.1666666 0.8904641 0.5 1.000051 0.5 0.9287306 0.3333333 0.9994678 0.6666667 1.000051 0.5 0.8904641 0.5 0.9287306 0.3333333 1.000001 0.3333333 1.000051 0.1666666 1.000051 0.5 1.000001 0.3333333 0.9287306 0.3333333 0 0.5 0.1154559 0.5 0 0.3333334 0 0.6666668 0.1154559 0.5 0 0.5 0 0 0.1109955 0.1666666 0.1112554 0 0.1109955 0.1666666 0 0.3333334 0.1135362 0.3333333 0 0.8333333 0.1144858 0.6666667 0 0.6666668 0.2780611 0.3333334 0.1154559 0.5 0.3303082 0.5 0.1109955 0.1666666 0.3005914 0 0.1112554 0 0.3303082 0.5 0.1144858 0.6666667 0.3113865 0.6666668 0.3767964 0.6666668 0.3241385 0.8333333 0.3796014 0.8333333 0.1109955 0.1666666 0.282091 0.1666666 0.3005914 0 0.3005914 1 0.3241385 0.8333333 0.1561634 0.8333333 0.1561634 0.8333333 0.3241385 0.8333333 0.3113865 0.6666668 0.2780611 0.3333334 0.3649054 0.3333333 0.282091 0.1666666 0.3657608 1 0.3796014 0.8333333 0.3241385 0.8333333 0.282091 0.1666666 0.3820966 0.1666666 0.3657608 0 0.3113865 0.6666668 0.3767964 0.6666668 0.3303082 0.5 0.3820966 0.1666666 0.6454864 0 0.3657608 0 0.7886139 0 0.6743936 0.1666666 0.769014 0.1666666 0.3796014 0.8333333 0.6371549 0.6666667 0.3767964 0.6666668 0.6371549 0.6666667 0.6599394 0.5 0.3303082 0.5 0.6371549 0.6666667 0.780637 0.6666667 0.6599394 0.5 0.6727682 0.8333334 0.780637 0.6666667 0.6371549 0.6666667 0.780637 0.6666667 0.7843645 0.5 0.6599394 0.5 0.6727682 0.8333334 0.7844278 0.8333334 0.780637 0.6666667 0.6454864 1 0.7886139 1 0.7844278 0.8333334 0.769014 0.1666666 0.8199954 0.3333333 0.8560593 0.1666666 0.7377801 0.3333333 0.769014 0.1666666 0.6743936 0.1666666 0.769014 0.1666666 0.8560593 0.1666666 0.7886139 0 0.270382 0.5783184 1.88194e-5 0.9138043 0.3308686 0.8333333 0.7843645 0.5 0.8199954 0.3333333 0.7377801 0.3333333 0.780637 0.6666667 0.898248 0.6666667 0.7843645 0.5 0.7844278 0.8333334 0.898248 0.6666667 0.780637 0.6666667 0.7886139 1 0.9998438 0.8333333 0.7844278 0.8333334 0.7843645 0.5 0.9998605 0.5 0.8199954 0.3333333 0.9998605 0.5 1.000024 0.3333333 0.8199954 0.3333333 0.7886139 1 1.000008 1 0.9998438 0.8333333 0.8560593 0.1666666 1 0.1666666 1.000008 0 1.000024 0.3333333 1 0.1666666 0.8560593 0.1666666 1.88194e-5 0.9138043 0.2663303 1 0.3308686 0.8333333 4.1339e-5 0.3333333 0.2721954 0.1538214 3.41422e-5 0.1666666 0.6107271 0.1595804 0.3715886 0.3333333 0.673681 0.6180664 0.270382 0.5783184 0.3715886 0.3333333 4.1339e-5 0.3333333 0.270382 0.5783184 0.4557524 0.5530822 0.3715886 0.3333333 0.3308686 0.8333333 0.4557524 0.5530822 0.270382 0.5783184 0.6107271 0.1595804 0.6455649 0 0.4315574 0.05444717 0.673681 0.6180664 0.7834986 0.9154592 0.7815449 0.6433888 0.5887873 0.6670439 0.6729809 0.952616 0.673681 0.6180664 0.673681 0.6180664 0.7815449 0.6433888 0.6107271 0.1595804 0.7841463 0.2595091 0.7834986 0 0.6455649 0 0.6107271 0.1595804 0.7815449 0.6433888 0.7841463 0.2595091 0.7841463 0.2595091 0.8333333 0 0.7834986 0 0.7815449 0.6433888 0.8333333 0.9051301 0.8333333 0.5830314 0.7841463 0.2595091 0.8333333 0.5830314 0.8333333 0.2616306 0.8333333 0.2616306 0.88389 0.02526229 0.8333333 0 0.8333333 0.2616306 0.884304 0.6148737 0.888473 0.2898486 0.884304 0.6148737 0.8333333 0.9051301 0.8853455 0.9188002 0.888473 0.2898486 1 0.7416782 1 0.403951 0.888473 0.2898486 1.000022 0.09017825 0.88389 0.02526229 0.5950567 0.4814292 0.6816583 0.8164247 0.7058622 0.4705721 0.3165964 1 0.2841494 0.7040756 1.33734e-5 0.9198175 2.10627e-6 0.2503935 0.3008755 0.4288302 0.3169906 -0.006936669 1.26431e-5 0.5826225 0.2841494 0.7040756 0.3008755 0.4288302 0.2841494 0.7040756 0.435483 0.6727811 0.3008755 0.4288302 0.4162001 0.2918307 0.5367583 0.1934566 0.3169906 -0.006936669 0.4162001 0.2918307 0.5950567 0.4814292 0.5367583 0.1934566 0.5015885 1.264166 0.4929558 0.550643 0.435483 0.6727811 0.6548191 1 0.6816583 0.8164247 0.5015885 1.264166 0.7916667 0.4545594 0.8333334 0.9172576 0.8333334 0.6056898 0.7058622 0.4705721 0.7853581 0.08677858 0.6820131 0.2434095 0.8333333 0.2499241 0.8333333 0 0.7853581 0.08677858 0.7916667 0.4545594 0.8333334 0.6056898 0.8333333 0.2499241 0.8333334 0.6056898 0.8823916 0.848376 0.8856901 0.4702377 0.8333334 0.9172576 0.875 1 0.8823916 0.848376 0.8333333 0.2499241 0.8856901 0.4702377 0.8817182 0.0899291 0.6905338 0.03238129 0.4917662 0.3333334 0.7181218 0.3333333 0.8823916 0.848376 0.9583333 1 0.9999843 0.572521 7.71802e-7 0.4470885 0.5056034 0.5 0.4917662 0.3333334 5.17872e-6 0.9165861 0.4408047 1 0.5124576 0.9043341 0.5124576 0.9043341 0.4981384 0.6692056 1.58714e-5 0.6666667 0.696512 1 0.4981384 0.6692056 0.5124576 0.9043341 0.4917662 0.3333334 0.6863539 0.6021746 0.7181218 0.3333333 0.1688302 0.4215498 0.3366621 0.8069599 0.3347091 0.5 0.7181218 0.3333333 0.9999657 0.1711939 0.6905338 0.03238129 0.4981384 0.6692056 0.9999502 0.7714962 0.6863539 0.6021746 0.696512 1 0.9999999 1 0.9999502 0.7714962 0.9999726 0.5 0.9999657 0.1711939 0.7181218 0.3333333 0.6863539 0.6021746 0.9999502 0.7714962 0.9999726 0.5 6.80241e-5 0.6666668 0.1688302 0.4215498 -2.00291e-7 0.387927 -2.00291e-7 0.387927 0.1688302 0.4215498 0.3198605 0.2329227 1.97451e-4 1 0.3366621 0.8069599 6.69871e-5 0.8333334 6.69871e-5 0.8333334 0.3366621 0.8069599 6.80241e-5 0.6666668 0.3198605 0.2329227 0.335627 0 1.97634e-4 0.03929632 0.1688302 0.4215498 0.3347091 0.5 0.3198605 0.2329227 0.9961689 0.2323216 0.4915693 0.803642 0.9996132 0.6107966 0.3347091 0.5 0.4502115 0.2995114 0.3198605 0.2329227 0.3198605 0.2329227 0.4502115 0.2995114 0.335627 0 0.335627 1 0.793718 0.6708821 0.3366621 0.8069599 0.3347091 0.5 0.6763543 0.4596876 0.4502115 0.2995114 0.3366621 0.8069599 0.793718 0.6708821 0.4676504 0.6666666 0.6763543 0.4596876 0.8071686 0.04915267 0.4502115 0.2995114 0.4676504 0.6666666 0.793718 0.6708821 0.6763543 0.4596876 0.793718 0.6708821 0.9993096 0.3965513 0.6763543 0.4596876 0.6763543 0.4596876 1 0.1276473 0.8071686 0.04915267 0.8126654 1 1 1 1.000049 0.777318 0 0.6119223 0.2749973 0.5967521 3.75879e-5 0.2090256 3.09635e-5 0.9159907 0.2749973 0.5967521 0 0.6119223 3.75879e-5 0.2090256 0.305734 0 3.68998e-5 0 3.09635e-5 0.9159907 0.3036254 0.9646663 0.2749973 0.5967521 0.3036254 0.9646663 0.4968143 1 0.4961374 0.7720909 0.2817747 0.3320293 0.4983895 0.07563233 0.305734 0 0.3036254 0.9646663 0.4961374 0.7720909 0.2749973 0.5967521 0.4919537 0.4139823 0.4983895 0.07563233 0.2817747 0.3320293 0.2749973 0.5967521 0.4961374 0.7720909 0.4919537 0.4139823 0.4919537 0.4139823 0.6761966 0.2588092 0.4983895 0.07563233 0.4919537 0.4139823 0.6719141 0.5813404 0.6761966 0.2588092 0.4983895 0.07563233 0.6761966 0.2588092 0.6761537 0 0.6761966 0.2588092 1 0 0.6761537 0 0.6785163 0.9023886 0.9999952 0.6666667 0.6719141 0.5813404 0.6761966 0.2588092 1 0.2715908 1 0 0.9999952 0.6666667 1 0.2715908 0.6719141 0.5813404 0.6785163 0.9023886 1 0.9789352 0.9999952 0.6666667 0.002094566 0.4455981 0.4778274 0.3794578 0.002019762 0.1653342 0.4778274 0.3794578 0.4925985 0.1666666 0.002019762 0.1653342 0.4915693 0.803642 0.4778274 0.3794578 0.002094566 0.4455981 0.4925985 0.1666666 0.9990521 2.79131e-4 0.4850496 0 0.4778274 0.3794578 0.9961689 0.2323216 0.4925985 0.1666666 0.9990542 0.9610641 0.9996132 0.6107966 0.4915693 0.803642 0.1728748 0.8333333 0.2969111 1 0.2975648 0.8333333 4.77604e-5 1 0.7452028 0.5285348 3.84513e-5 0.7208766 2.04689e-7 0.3333333 0.472821 0.4396638 0.4701484 0.1821729 0.7452028 0.5285348 0.7661259 0.2102035 0.472821 0.4396638 0.7299641 0.9071018 1.000011 0.6310567 0.7452028 0.5285348 0.7452028 0.5285348 1.000011 0.6310567 1.000033 0.2682055 -2.2268e-5 1 0.1728748 0.8333333 0 0.8333333 0 0.1666666 0.1725898 0.1666666 -2.2268e-5 0 0 0.5 0.1716786 0.5 -3.24221e-5 0.3333334 -4.83084e-5 0.6666667 0.1716786 0.5 0 0.5 -3.24221e-5 0.3333334 0.1692771 0.3333333 0.1725898 0.1666666 0.1728748 0.8333333 0.1693801 0.6666667 -4.83084e-5 0.6666667 0.2969111 0 0.1725898 0.1666666 0.2979419 0.1666666 0.1725898 0.1666666 0.2940465 0.3333334 0.2979419 0.1666666 0.1692771 0.3333333 0.25 0.5 0.2940465 0.3333334 0.1693801 0.6666667 0.25 0.5 0.1716786 0.5 0.1728748 0.8333333 0.2953396 0.6666667 0.1693801 0.6666667 0.2975648 0.8333333 0.4876369 1 0.4996729 0.8333333 0.2969111 0 0.4722572 0.1666666 0.4876369 0 0.2940465 0.3333334 0.4722572 0.1666666 0.2979419 0.1666666 0.324151 0.5 0.4918469 0.3333333 0.2940465 0.3333334 0.4752351 0.5 0.2953396 0.6666667 0.5019808 0.6666667 0.5019808 0.6666667 0.2975648 0.8333333 0.4996729 0.8333333 0.4228473 0.1182577 0.2724345 0.4874507 0.4494746 0.3521457 0.4722572 0.1666666 0.65841 0.1666666 0.4876369 0 0.4752351 0.5 0.6701601 0.5 0.4918469 0.3333333 0.5019808 0.6666667 0.6701601 0.5 0.4752351 0.5 0.4876369 1 1.000009 1 0.4996729 0.8333333 0.6701601 0.5 0.999993 0.3333333 0.4918469 0.3333333 0.9999842 0.6666667 1.000001 0.5 0.6701601 0.5 0.65841 0.1666666 1 0.1666666 1.000009 0 0.999993 0.3333333 1 0.1666666 0.65841 0.1666666 0.4996729 0.8333333 1 0.8333333 0.9999842 0.6666667 -2.93504e-7 0.8712149 0.4214302 0.5252587 1.72576e-4 0.5615565 0.2030463 1 0.5632605 0.9073657 0.4214302 0.5252587 -5.73374e-6 0.222189 1.72576e-4 0.5615565 0.5215765 0 1 0.2274724 1 0 0.6531915 0.182769 0.9999694 0.5831984 1 0.2274724 0.6531915 0.182769 0.5632605 0.9073657 1 0.9166633 0.9999694 0.5831984 2.0636e-4 0.6120071 0.5449704 0.1864393 1.63975e-5 0.3333333 1.63321e-5 0.8911235 0.6707823 0.8413597 2.0636e-4 0.6120071 0.5613444 1 0.7175321 1 0.6707823 0.8413597 0.6699686 0.5753344 0.736397 0.1302493 0.5449704 0.1864393 0.6707823 0.8413597 1.00002 0.6315364 0.6699686 0.5753344 0.6699686 0.5753344 1.00002 0.6315364 1.00006 0.2656846 -1.99888e-5 0.2755005 0.2609745 0.1666666 -7.02959e-5 0 -4.13026e-5 0.931259 0.2703043 0.9306789 -2.25354e-5 0.6332213 0.4379458 1 0.4166666 0.7507453 0.2703043 0.9306789 0.4494746 0.3521457 0.6588491 0.7806233 0.6615073 0.44073 0.2724345 0.4874507 0.4166666 0.7507453 0.4494746 0.3521457 0.4379458 1 0.5327012 0.8987358 0.4166666 0.7507453 0.7281814 0.1326075 1 0.27262 1 0 0.5327012 0.8987358 0.6588491 0.7806233 0.4166666 0.7507453 0.4494746 0.3521457 0.6615073 0.44073 0.6368432 0.1321479 0.6615073 0.44073 0.9999999 0.4377543 0.6368432 0.1321479 0.9984781 0.834188 0.9999999 0.4377543 0.6588491 0.7806233 -1.55807e-7 1 0.2850644 0.8462679 1.4925e-5 0.7499897 -1.55807e-7 1 0.2630207 1 0.2850644 0.8462679 0.2850644 0.8462679 0.5369926 0.6064725 1.4925e-5 0.7499897 0.2850644 0.8462679 0.5525884 0.9221478 0.5369926 0.6064725 0.5369926 0.6064725 0.7106228 0.3888803 0.3358949 -0.1555999 0.5525884 0.9221478 0.6666667 1 0.7307904 1.106114 0.5369926 0.6064725 0.7307904 1.106114 0.7106228 0.3888803 0.8397812 1 1 0.5832645 0.7307904 1.106114 0.5767462 0.8333333 0.7684156 1 0.9988168 0.8333334 2.01325e-5 0.4448897 0.4986399 0.6666667 2.0648e-4 0.06075972 1.94858e-4 0.7951583 0.4986399 0.6666667 2.01325e-5 0.4448897 0.5 0.1982935 0.5 0 0.3379664 0.02440714 0.5833333 0.1666666 0.5833333 0 0.5 0 0.5 0.1982935 0.5833333 0.5705268 0.5833333 0.1666666 0.5833333 0.9167236 0.5833333 0.5705268 0.4986399 0.6666667 0.6666667 0.250387 0.6666667 0 0.5833333 0 0.5833333 0.5705268 0.6666668 0.5828592 0.6666667 0.250387 0.6666667 0.8939098 0.6666668 0.5828592 0.5833333 0.5705268 0.6666667 0.250387 0.75 0.1666666 0.75 0 0.75 0.5627319 0.75 0.1666666 0.6666667 0.250387 0.6666667 0.8939098 0.75 0.9167146 0.75 0.5627319 0.8333333 0.4166234 0.8333333 0.1396517 0.75 0.1666666 0.8333333 0.6666667 0.8333333 0.4166234 0.75 0.5627319 0.75 0.9167146 0.8333333 0.9166895 0.8333333 0.6666667 0.8333333 0.1396517 0.9166667 0.1666666 0.9166667 0 0.9166667 0.4166958 0.9166667 0.1666666 0.8333333 0.1396517 0.9166667 0.6743854 0.9166667 0.4166958 0.8333333 0.4166234 0.9166667 0.6743854 1 1 1 0.7445697 1 0.3974328 1 0.09317195 0.9166667 0.1666666 1 0.7445697 1 0.3974328 0.9166667 0.4166958 2.62829e-5 0.1666666 0.6099395 0 0 0 0 0.3333333 0.684827 0.3333333 2.62829e-5 0.1666666 0 0.6666667 0.347551 0.6666667 -9.30759e-7 0.5 -5.18527e-7 0.8333333 0.347551 0.6666667 0 0.6666667 0.6099395 1 0.5767462 0.8333333 -5.18527e-7 0.8333333 -9.30759e-7 0.5 0.3527184 0.5 0.684827 0.3333333 2.62829e-5 0.1666666 0.6636493 0.1666666 0.6099395 0 0.347551 0.6666667 0.7003855 0.6666666 0.6802556 0.5 0.7684156 0 1.00008 0.1666666 1.000098 0 0.6636493 0.1666666 0.7684156 0 0.6099395 0 0.5767462 0.8333333 0.9988168 0.8333334 0.7003855 0.6666666 0 0.3725405 1 0.07881176 0 0.09074628 0.6802556 0.5 1.000002 0.4555075 0.684827 0.3333333 0.7003855 0.6666666 1.000002 0.4555075 0.6802556 0.5 0.684827 0.3333333 1.000002 0.4555075 1.00008 0.1666666 0.9988168 0.8333334 1 0.6666667 0.7003855 0.6666666 1.67235e-5 0.5928781 1.000002 0.5 6.63635e-6 0.2542521 6.63635e-6 0.2542521 1.000001 0.2390359 -1.33839e-5 0 0.5015943 0.2678673 0.5009744 0 0 0.1061621 -7.01315e-7 0.4171639 0.5015943 0.2678673 0 0.1061621 -7.01315e-7 0.4171639 0.51392 0.5 0.5015943 0.2678673 -3.60866e-7 0.7228112 0.5111201 0.6180031 0.51392 0.5 0.5015943 0.2678673 0.9999999 0.2674846 0.5009744 0 1 0.6666667 0.9999999 0.2674846 0.51392 0.5 0.5111201 0.6180031 1 0.9392925 1 0.6666667 6.34447e-5 0.7272662 0.4083783 0.5607259 -1.96002e-7 0.4162155 0.4083783 0.5607259 9.48829e-6 0.1107619 -1.96002e-7 0.4162155 9.48829e-6 0.1107619 0.6547176 -0.06921631 0.6599248 0.08485662 6.34447e-5 0.7272662 0.6547176 -0.06921631 0.4083783 0.5607259 0.6599248 0.08485662 1 0.2726582 1 0 0.6547176 -0.06921631 1 0.5833575 1 0.2726582 1 0.9166865 1 0.5833575 0.6547176 -0.06921631 -8.36999e-7 0.4442855 0.5019487 0.2651423 2.42525e-6 0.105045 0.5019487 0.2651423 0.9999939 0.1036036 2.42525e-6 0.105045 2.76833e-6 0.9999995 0.9999938 0.9999937 0.5001156 0.5741097 0.5001156 0.5741097 1.000001 0.4426746 0.5019487 0.2651423 0.9999938 0.9999937 1 0.7973034 0.5001156 0.5741097 0.5001156 0.5741097 1 0.7973034 1.000001 0.4426746 -1.21614e-7 0.6666667 1.000002 0.5 1.22624e-7 0.3941483 -1.21614e-7 0.6666667 1.000002 0.8473122 1.000002 0.5 1.000002 1 1.000002 0.7350006 -1.33454e-7 0.8935397 0 1 1 0.7573553 0 0.7272548 0 0 1 0.2498805 1 0 0 1 1 1 0 0.8333333 1 1 1 0.6526697 0 0.8333333 1 0.2468075 0.9999996 0 0 0.1060619 1.000001 0.5833423 1 0.2468075 0 0.5047263 0 0.8333333 0.9999999 0.9166405 1.000001 0.5833423 0 1 0.9999992 1 0.9999997 0.8333333 1 0.5801672 0.9999995 0.1646395 0 0.4166709 0.9999997 0.8333333 1 0.5801672 0 0.7272804 0 0.2499858 1 0.5832502 1 0.2498805 0.1116041 0.6666667 0 0.8333333 0.1097085 0.8333334 0 0.5606727 1.000001 0.2571831 -8.64274e-7 0.1884304 1.116e-6 0.8333333 1.000001 0.5906795 0 0.5606727 1.116e-6 0.8333333 1.000002 0.9286568 1.000001 0.5906795 0.1116041 0.6666667 0.1088828 0.5 0 0.6107969 -3.95024e-5 0 0.0786103 0.1666666 0.112087 0 -3.95024e-5 1 0.112087 1 0.1097085 0.8333334 -1.58328e-5 0.1666666 0.07585561 0.3333333 0.0786103 0.1666666 0.0786103 0.1666666 0.1310031 0.3333334 0.1318076 0.1666666 0.1088828 0.5 0.07585561 0.3333333 -7.90622e-6 0.3333334 0.0786103 0.1666666 0.1318076 0.1666666 0.112087 0 0.1097085 0.8333334 0.2411066 1 0.2352174 0.8333333 0.1088828 0.5 0.1310031 0.3333334 0.07585561 0.3333333 0.1318076 0.1666666 0.2411066 0 0.112087 0 0.228335 0.1666666 0.1310031 0.3333334 0.2551289 0.3333334 0.1310031 0.3333334 0.236534 0.5 0.2551289 0.3333334 0.1088828 0.5 0.2162136 0.6666667 0.236534 0.5 0.1097085 0.8333334 0.2162136 0.6666667 0.1116041 0.6666667 0.2411066 1 0.4355287 0.8333333 0.2352174 0.8333333 0.2162136 0.6666667 0.3953337 0.6666666 0.236534 0.5 0.228335 0.1666666 0.4221498 0.1666666 0.2411066 0 0.2551289 0.3333334 0.4221498 0.1666666 0.228335 0.1666666 0.5564294 0.8333333 0.4403771 1 0.5560535 1 0.4221498 0.1666666 0.4403771 0 0.2411066 0 0.236534 0.5 0.4343572 0.5 0.2551289 0.3333334 0.2551289 0.3333334 0.4362012 0.3333333 0.4221498 0.1666666 0.4343572 0.5 0.4362012 0.3333333 0.2551289 0.3333334 0.4362012 0.3333333 0.5218147 0.3333333 0.4221498 0.1666666 0.4403771 0 0.55647 0.1666666 0.5560535 0 0.4343572 0.5 0.5551545 0.6666666 0.549084 0.5 0.4355287 0.8333333 0.5551545 0.6666666 0.3953337 0.6666666 0.5560535 1 0.6617243 0.8333333 0.5564294 0.8333333 0.5218147 0.3333333 0.5756262 0.3333333 0.55647 0.1666666 0.549084 0.5 0.5756262 0.3333333 0.5218147 0.3333333 0.549084 0.5 0.7046671 0.5 0.5756262 0.3333333 0.55647 0.1666666 0.6853526 0 0.5560535 0 0.5756262 0.3333333 0.6990587 0.1666666 0.55647 0.1666666 0.5551545 0.6666666 0.6617243 0.8333333 0.6883457 0.6666667 0.5551545 0.6666666 0.6883457 0.6666667 0.7046671 0.5 0.6990587 0.1666666 0.8577322 0 0.6853526 0 0.6853526 1 0.785663 0.8333334 0.6617243 0.8333333 0.6990587 0.1666666 0.854228 0.3333333 0.8680226 0.1666666 3.74153e-6 0.8333333 0.1885633 1 0.1847766 0.8333333 0.6883457 0.6666667 0.8633815 0.6666668 0.7046671 0.5 0.8633815 0.6666668 0.9999906 0.5632659 0.7046671 0.5 0.8577322 1 0.9999688 0.8333333 0.785663 0.8333334 0.854228 0.3333333 1 0.2281215 0.8680226 0.1666666 0.9999906 0.5632659 1 0.2281215 0.854228 0.3333333 0.8577322 1 1 1 0.9999688 0.8333333 0.9999688 0.8333333 0.9999906 0.5632659 0.8633815 0.6666668 2.0418e-7 0.5 0.1821303 0.5 4.08139e-6 0.3333333 -1.31959e-7 0.6666667 0.1847766 0.8333333 0.1877799 0.6666667 0.1821303 0.5 0.1887997 0.3333333 4.08139e-6 0.3333333 0.1885633 1 0.2346048 0.8333333 0.1847766 0.8333333 0.1885633 0 0.2366953 0.1666666 0.2391598 0 0.2366953 0.1666666 0.1887997 0.3333333 0.2393747 0.3333333 0.1887997 0.3333333 0.23464 0.5 0.2393747 0.3333333 0.23464 0.5 0.1877799 0.6666667 0.2402226 0.6666667 0.1877799 0.6666667 0.2346048 0.8333333 0.2402226 0.6666667 0.3212862 0 0.2366953 0.1666666 0.3215252 0.1666666 0.2402226 0.6666667 0.3167685 0.5 0.23464 0.5 0.2346048 0.8333333 0.3170809 0.8333333 0.2402226 0.6666667 0.2391598 1 0.3212862 1 0.3170809 0.8333333 0.2366953 0.1666666 0.3211678 0.3333333 0.3215252 0.1666666 0.3212862 1 0.3672552 0.8333333 0.3170809 0.8333333 0.3167685 0.5 0.3211678 0.3333333 0.2393747 0.3333333 0.3212862 0 0.3656421 0.1666666 0.368143 0 0.3656421 0.1666666 0.3211678 0.3333333 0.3794897 0.3333333 0.3211678 0.3333333 0.3648799 0.5 0.3794897 0.3333333 0.3648799 0.5 0.3219851 0.6666667 0.3673096 0.6666666 0.3219851 0.6666667 0.3672552 0.8333333 0.3673096 0.6666666 0.368143 0 0.4331522 0.1666666 0.4384373 0 0.3672552 0.8333333 0.4979189 0.6666667 0.3673096 0.6666666 0.3648799 0.5 0.4455324 0.5 0.3794897 0.3333333 0.4384373 1 0.5198475 0.8333334 0.3672552 0.8333333 0.4384373 0 0.5215491 0.1666666 0.5202918 0 0.4384373 1 0.5202918 1 0.5198475 0.8333334 0.4331522 0.1666666 0.5219085 0.3333333 0.5215491 0.1666666 0.5198475 0.8333334 0.5751949 1 0.5760048 0.8333333 0.4455324 0.5 0.5219085 0.3333333 0.3794897 0.3333333 0.4455324 0.5 0.5359185 0.5 0.5219085 0.3333333 0.5202918 0 0.5752333 0.1666666 0.5751949 0 0.5215491 0.1666666 0.5744071 0.3333333 0.5752333 0.1666666 0.5744596 0.6666668 0.5198475 0.8333334 0.5760048 0.8333333 0.4979189 0.6666667 0.5744596 0.6666668 0.5359185 0.5 0.5760048 0.8333333 0.6638618 1 0.6769713 0.8333333 0.5744596 0.6666668 0.5872685 0.5 0.5359185 0.5 0.6638618 0 0.5752333 0.1666666 0.6590443 0.1666666 0.6590443 0.1666666 0.5744071 0.3333333 0.6618261 0.3333334 0.5872685 0.5 0.6618261 0.3333334 0.5744071 0.3333333 0.5872685 0.5 0.6620609 0.6666667 0.6646385 0.5 0.5760048 0.8333333 0.6620609 0.6666667 0.5744596 0.6666668 0.6590443 0.1666666 0.7716739 0.3333333 0.7835132 0.1666666 0.6590443 0.1666666 0.7835132 0.1666666 0.6638618 0 0.7854803 0.5 0.85507 0.2256814 0.7716739 0.3333333 0.6769713 0.8333333 0.7817499 0.6666667 0.6620609 0.6666667 0.7835132 0.1666666 0.7707323 0 0.6638618 0 0.6646385 0.5 0.7854803 0.5 0.7716739 0.3333333 0.6769713 0.8333333 0.8410083 0.8577473 0.7817499 0.6666667 0.7835132 0.1666666 0.85507 0.2256814 0.8728165 0.04585355 0.7854803 0.5 0.8691175 0.6666668 0.8684483 0.5 0.07565718 0.8333334 -1.58702e-5 1 0.0786696 1 0.9092364 0.3333333 0.8728165 0.04585355 0.85507 0.2256814 0.8684483 0.5 0.9092364 0.3333333 0.85507 0.2256814 0.8410083 0.8577473 0.9205184 0.9500595 0.8691175 0.6666668 0.8728165 0.04585355 0.9236746 0.1666666 0.9226498 0 0.8684483 0.5 0.923436 0.5749509 0.9092364 0.3333333 0.9205184 0.9500595 0.923436 0.5749509 0.8691175 0.6666668 0.9236746 0.1666666 1.000016 0.07046514 0.9226498 0 0.9092364 0.3333333 1.000018 0.3911918 0.9236746 0.1666666 0.9205184 0.9500595 1.000006 0.6993956 0.923436 0.5749509 1.000027 1 1.000006 0.6993956 0.9205184 0.9500595 -1.62135e-5 0.5 0.07792568 0.3333333 0 0.3333333 0 0.6666667 0.07688397 0.6666668 -1.62135e-5 0.5 -1.58702e-5 0 0.07607543 0.1666666 0.0786696 0 0.1310247 0.8333333 0.0786696 1 0.1318627 1 0.07792568 0.3333333 0.07607543 0.1666666 -4.05181e-5 0.1666666 -1.3765e-5 0.8333333 0.07565718 0.8333334 0.07688397 0.6666668 0.0786696 0 0.1301765 0.1666666 0.1318627 0 0.07792568 0.3333333 0.1301765 0.1666666 0.07607543 0.1666666 0.07792568 0.3333333 0.1300097 0.5 0.1315434 0.3333333 0.1300097 0.5 0.07688397 0.6666668 0.1310338 0.6666666 0.1310338 0.6666666 0.07565718 0.8333334 0.1310247 0.8333333 0.1310247 0.8333333 0.2093432 1 0.232327 0.8333333 0.2093432 0 0.1301765 0.1666666 0.2348384 0.1666666 0.2348384 0.1666666 0.1315434 0.3333333 0.2222378 0.3333333 0.1315434 0.3333333 0.2161741 0.5 0.2222378 0.3333333 0.1300097 0.5 0.2089893 0.6666667 0.2161741 0.5 0.1310247 0.8333333 0.2089893 0.6666667 0.1310338 0.6666666 0.2348384 0.1666666 0.3717742 0.3333333 0.3757163 0.1666666 0.2093432 1 0.3334164 1 0.232327 0.8333333 0.2348384 0.1666666 0.3334164 0 0.2093432 0 0.2089893 0.6666667 0.3335537 0.6666668 0.2161741 0.5 0.2161741 0.5 0.3465146 0.5 0.2222378 0.3333333 0.5223611 0 0.3757163 0.1666666 0.519995 0.1666666 0.3465146 0.5 0.3717742 0.3333333 0.2222378 0.3333333 0.3334164 1 0.5138554 0.8333333 0.232327 0.8333333 0.3334164 1 0.5223611 1 0.5138554 0.8333333 0.3757163 0.1666666 0.5212187 0.3333334 0.519995 0.1666666 0.3717742 0.3333333 0.518822 0.5 0.5212187 0.3333334 0.3465146 0.5 0.5209834 0.6666667 0.518822 0.5 0.5223611 1 0.574839 0.8333333 0.5138554 0.8333333 0.5223611 0 0.5746367 0.1666666 0.5757673 0 0.5746367 0.1666666 0.5212187 0.3333334 0.5753505 0.3333333 0.5212187 0.3333334 0.5759693 0.5 0.5753505 0.3333333 0.5759693 0.5 0.5209834 0.6666667 0.576201 0.6666667 0.5209834 0.6666667 0.574839 0.8333333 0.576201 0.6666667 0.574839 0.8333333 0.6703343 1 0.6841248 0.8333333 0.5757673 0 0.6685687 0.1666666 0.6703343 0 0.5746367 0.1666666 0.6596429 0.3333333 0.6685687 0.1666666 0.6579003 0.6666667 0.574839 0.8333333 0.6841248 0.8333333 0.5759693 0.5 0.6596429 0.3333333 0.5753505 0.3333333 0.6841248 0.8333333 0.8818854 1 0.8784371 0.8333333 0.6596429 0.3333333 0.7921953 0.3333333 0.6685687 0.1666666 0.6841248 0.8333333 0.7941608 0.6666666 0.6579003 0.6666667 0.6685687 0.1666666 0.8630545 0.1666666 0.6703343 0 0.8818854 0 0.9999969 0.2905969 1 0 0.6841248 0.8333333 0.8784371 0.8333333 0.7941608 0.6666666 0.8883834 0.5 0.9999969 0.2905969 0.7921953 0.3333333 0.223165 0.1666666 0.3332098 0.3333333 0.3335955 0.1666666 0.8883834 0.5 0.9999963 0.6270427 0.9999969 0.2905969 -6.2314e-7 0.3333333 0.1898511 0.3333333 6.53494e-5 0.1666666 8.6795e-6 0.6666667 0.1994985 0.6666666 1.30714e-5 0.5 4.2737e-5 1 0.217104 1 4.96049e-5 0.8333333 6.53494e-5 0.1666666 0.217104 0 4.2737e-5 0 6.53494e-5 0.1666666 0.223165 0.1666666 0.217104 0 0.1994985 0.6666666 0.2227744 0.5 1.30714e-5 0.5 0.217104 1 0.3016414 0.8333333 0.2243112 0.8333334 0.3332098 0.3333333 0.2227744 0.5 0.33394 0.5 0.2227744 0.5 0.3265594 0.6666667 0.33394 0.5 0.3265594 0.6666667 0.2243112 0.8333334 0.3016414 0.8333333 0.4458588 0.1666666 0.3332098 0.3333333 0.4393516 0.3333333 0.3335955 0.1666666 0.3337152 0 0.217104 0 0.3337152 1 0.3533241 0.8333333 0.3016414 0.8333333 0.3016414 0.8333333 0.3533241 0.8333333 0.3265594 0.6666667 0.3337152 1 0.443216 1 0.3533241 0.8333333 0.3533241 0.8333333 0.4692997 0.6666667 0.3265594 0.6666667 0.3335955 0.1666666 0.4458588 0.1666666 0.443216 0 0.3332098 0.3333333 0.4387648 0.5 0.4393516 0.3333333 0.5497411 0.3333333 0.4387648 0.5 0.5575699 0.5 0.4692997 0.6666667 0.4387648 0.5 0.33394 0.5 0.4393516 0.3333333 0.5497411 0.3333333 0.4458588 0.1666666 0.4452933 0.8333333 0.5569585 1 0.5644365 0.8333333 0.4692997 0.6666667 0.5575699 0.5 0.4387648 0.5 0.4458588 0.1666666 0.5569585 0 0.443216 0 0.5644365 0.8333333 0.6670633 1 0.6675155 0.8333333 0.5497411 0.3333333 0.6173804 0.1666666 0.4458588 0.1666666 0.4452933 0.8333333 0.5644365 0.8333333 0.4692997 0.6666667 0.5644365 0.8333333 0.6284957 0.6666667 0.4692997 0.6666667 0.7856085 0 0.6869674 0.1666666 0.7780138 0.2329446 0.6173804 0.1666666 0.6670633 0 0.5569585 0 0.5644365 0.8333333 0.6675155 0.8333333 0.6284957 0.6666667 0.5575699 0.5 0.6667307 0.5 0.6671316 0.3333333 0.6671316 0.3333333 0.6869674 0.1666666 0.6173804 0.1666666 0.6284957 0.6666667 0.685871 0.6666667 0.6667307 0.5 0.685871 0.6666667 0.7666957 0.5 0.6667307 0.5 0.685871 0.6666667 0.7841116 0.9888222 0.8079943 0.6666666 0.7666957 0.5 0.7780138 0.2329446 0.6671316 0.3333333 0.7780138 0.2329446 0.8901942 0.5 0.8939796 0.3333333 0.7841116 0.9888222 0.8774067 0.8333333 0.8079943 0.6666666 0.8939796 0.3333333 0.9999682 0.5998539 1.000003 0.2252654 0.8079943 0.6666666 0.8901942 0.5 0.7666957 0.5 0.8939796 0.3333333 0.902588 0.08374065 0.7780138 0.2329446 0.8774067 0.8333333 0.9999682 0.5998539 0.8079943 0.6666666 0.9020604 1 1 0.8717672 0.8774067 0.8333333 0.8939796 0.3333333 1.000003 0.2252654 0.902588 0.08374065 0.8774067 0.8333333 1 0.8717672 0.9999682 0.5998539 1.000003 0.2252654 1 0 0.902588 0.08374065 0.6328576 0.5887503 0.6951382 0.2402518 0.6099004 0.2891196 6.18118e-6 0.9157301 0.1511654 1 0.2212302 0.7532435 0.1530605 0.4283751 0.1487438 0.118143 3.25307e-6 0.1875792 3.71274e-6 0.6114496 0.2212302 0.7532435 0.1530605 0.4283751 0.1511654 1 0.3171501 0.7819744 0.2212302 0.7532435 0.1487438 0.118143 0.2978259 0.2430231 0.2983958 0 0.1530605 0.4283751 0.2978259 0.2430231 0.1487438 0.118143 0.1530605 0.4283751 0.2995725 0.5933998 0.2978259 0.2430231 0.3171501 0.7819744 0.2995725 0.5933998 0.2212302 0.7532435 0.2978259 0.2430231 0.349185 0.4345389 0.3529242 0.07831215 0.2995725 0.5933998 0.3171501 0.7819744 0.349185 0.4345389 0.3657507 0.7420641 0.4362908 0.578664 0.349185 0.4345389 0.3529242 0.07831215 0.4560834 0.2312347 0.4408804 0 0.4362908 0.578664 0.4560834 0.2312347 0.349185 0.4345389 0.3657507 0.7420641 0.4511693 0.9300399 0.4362908 0.578664 0.4560834 0.2312347 0.6099004 0.2891196 0.4408804 0 0.4362908 0.578664 0.5595443 0.5752158 0.4560834 0.2312347 0.4511693 0.9300399 0.5595443 0.5752158 0.4362908 0.578664 0.5595443 0.5752158 0.6099004 0.2891196 0.4560834 0.2312347 0.4511693 0.9300399 0.6446827 0.8333333 0.5595443 0.5752158 0.563022 1 0.6463419 1 0.6446827 0.8333333 0.9999365 0.7728124 0.7874633 1 0.9999887 1 0.6454578 0.07799029 0.6951382 0.2402518 0.6994067 0 0.6991424 0.9314109 0.7792059 0.6211793 0.6830747 0.5787611 0.6830747 0.5787611 0.7792059 0.6211793 0.6951382 0.2402518 0.6951382 0.2402518 0.8552662 0.4228258 0.7863433 0.07711887 0.8552662 0.4228258 0.9999365 0.7728124 1 0.3881802 0.8552662 0.4228258 0.9999886 0.08388012 0.7863433 0.07711887 0.7743836 0.8333333 0.9999365 0.7728124 0.7792059 0.6211793 0.4511798 1.032746 0.5215796 0.4335518 0.4411957 0.5 2.22706e-6 0.9471942 0.2856789 0.8567219 0.1596552 0.6028274 7.61235e-6 0.2791461 0.1531079 0 3.38656e-6 0 3.84688e-4 0.6660326 0.2663049 0.3333334 7.61235e-6 0.2791461 7.61235e-6 0.2791461 0.2993766 0.1031061 0.1531079 0 3.84688e-4 0.6660326 0.2991658 0.573664 0.2663049 0.3333334 0.1596552 0.6028274 0.2991658 0.573664 3.84688e-4 0.6660326 0.1596552 0.6028274 0.2856789 0.8567219 0.2991658 0.573664 0.2663049 0.3333334 0.4373812 0.1391155 0.2993766 0.1031061 0.2856789 0.8567219 0.4511798 1.032746 0.2991658 0.573664 0.4411957 0.5 0.4373812 0.1391155 0.2663049 0.3333334 0.4373812 0.1391155 0.5219637 0.09717535 0.4499168 0 0.4411957 0.5 0.5215796 0.4335518 0.4373812 0.1391155 0.5676082 0 0.6416168 0.2162038 0.655838 0.05139189 0.4373812 0.1391155 0.5215796 0.4335518 0.5219637 0.09717535 0.5219637 0.09717535 0.5740303 0.3045492 0.5676082 0 0.5215796 0.4335518 0.5728774 0.5780341 0.5740303 0.3045492 0.5675838 0.9060134 0.5728774 0.5780341 0.5216275 0.7487814 0.5728774 0.5780341 0.6416168 0.2162038 0.5740303 0.3045492 0.5675838 0.9060134 0.654755 0.9613783 0.5728774 0.5780341 0.7846726 0.3333333 0.6901673 0.5491323 0.7972981 0.5771033 0.655838 0.05139189 0.7012994 0.2593652 0.7085998 0 0.7097859 0.9646217 0.6901673 0.5491323 0.6550044 0.687034 0.7012994 0.2593652 0.7846726 0.3333333 0.8140043 0.06780838 0.7097859 0.9646217 0.7972981 0.5771033 0.6901673 0.5491323 0.2974185 0.7332122 0.3527767 1 0.3543735 0.6899109 0.7097859 0.9646217 0.8182268 1 0.794419 0.8333334 0.7846726 0.3333333 0.9999353 0.2728158 0.8140043 0.06780838 0.794419 0.8333334 0.9999942 0.5956725 0.7972981 0.5771033 0.794419 0.8333334 0.999997 0.9148301 0.9999942 0.5956725 0.8140043 0.06780838 0.9999353 0.2728158 0.9999981 0 -1.19243e-7 0.6117597 0.101415 0.5574615 1.72261e-6 0.2214329 0.1196768 0.8613978 0.101415 0.5574615 -1.19243e-7 0.6117597 0.2999985 0.5 0.3175741 0.3809006 0.0934484 0.4370315 0.3175741 0.3809006 0.2978113 0.07571929 0.0934484 0.4370315 0.2974185 0.7332122 0.3175741 0.3809006 0.2999985 0.5 0.4486923 0.9981621 0.5569369 0.6666668 0.3959702 0.6942778 0.4303018 0.1578477 0.4488847 0 0.3533654 0.09129083 0.3959702 0.6942778 0.4303018 0.1578477 0.3661154 0.4291719 0.4303018 0.1578477 0.5548825 0.1666666 0.4488847 0 0.3959702 0.6942778 0.5661286 0.4618319 0.4303018 0.1578477 0.5569369 0.6666668 0.5661286 0.4618319 0.3959702 0.6942778 0.1949951 0 0.3100459 0.1666666 0.3327545 0 0.4303018 0.1578477 0.5661286 0.4618319 0.5548825 0.1666666 0.5548825 0.1666666 0.7722346 0.2528799 0.5928354 0 0.7722346 0.2528799 0.7763921 0 0.5928354 0 0.7751302 0.9278737 0.9999998 1 0.9999998 0.7531743 0.9999998 0.4161857 0.9999997 0.08380067 0.7722346 0.2528799 0.7752279 0.5856655 0.9999998 0.7531743 0.9999998 0.4161857 0.1458149 0.3333333 0.1969339 0.1666666 5.6183e-6 0.2204359 3.28581e-5 1 0.1949951 1 3.74562e-5 0.7965579 0.1969339 0.1666666 0.1949951 0 3.28581e-5 0 0.1458149 0.3333333 0.2965819 0.3333333 0.1969339 0.1666666 0.1956133 0.5 0.2965819 0.3333333 0.1458149 0.3333333 0.3086074 0.8333333 0.3117212 0.497089 0.1423627 0.6666666 0.1949951 1 0.3327545 1 0.3086074 0.8333333 0.368046 0.1666666 0.5200859 0 0.3327545 0 0.3117212 0.497089 0.3533758 0.3333334 0.2965819 0.3333333 0.3327545 1 0.3691443 0.8333333 0.3086074 0.8333333 0.3117212 0.497089 0.3966737 0.5 0.3533758 0.3333334 0.3533758 0.3333334 0.5068058 0.1666666 0.368046 0.1666666 0.5200859 0 0.667627 0.2523563 0.6670097 0 0.351626 0.6666667 0.4836277 0.6666667 0.3966737 0.5 0.3966737 0.5 0.5673356 0.5 0.5372225 0.3333333 0.5372729 0.8333334 0.6468266 0.6710783 0.4836277 0.6666667 0.667627 0.2523563 0.5673356 0.5 0.6468266 0.6710783 0.5372225 0.3333333 0.667627 0.2523563 0.5068058 0.1666666 0.5372729 0.8333334 0.6659408 0.9206241 0.6468266 0.6710783 0.3421023 0 0.5572099 0.1666666 0.5718415 0 0.6659408 0.9206241 0.7637376 0.7632922 0.6468266 0.6710783 0.667627 0.2523563 0.7726269 0.1339809 0.6670097 0 0.7637376 0.7632922 0.7674364 0.4274461 0.6468266 0.6710783 0.6659408 0.9206241 0.7852359 1 0.7637376 0.7632922 0.7674364 0.4274461 0.8270022 0.28994 0.7726269 0.1339809 0.7637376 0.7632922 0.8290206 0.7297554 0.7674364 0.4274461 0.7852359 1 0.8290206 0.7297554 0.7637376 0.7632922 0.7674364 0.4274461 0.8985882 0.3947377 0.8270022 0.28994 0.8290206 0.7297554 0.8985882 0.3947377 0.7674364 0.4274461 0.8270022 0.28994 0.9056023 0.07322043 0.7726269 0.1339809 0.8290206 0.7297554 0.9088366 0.7440146 0.8985882 0.3947377 0.8996545 1 1.000001 0.8703058 0.9088366 0.7440146 0.8985882 0.3947377 1.000004 0.225664 0.9056023 0.07322043 1.000004 0.225664 1 0 0.9056023 0.07322043 8.9291e-5 0.1666666 0.1366493 0 0 0 0 0.6666667 0.1288619 0.6666666 -6.49195e-6 0.5 5.23206e-6 0.8333333 0.1288619 0.6666666 0 0.6666667 -6.49195e-6 0.5 0.271913 0.3333333 5.52234e-6 0.3333333 5.23206e-6 0.8333333 0.2032839 0.8333333 0.1288619 0.6666666 0.1288619 0.6666666 0.3207017 0.5 -6.49195e-6 0.5 8.9291e-5 0.1666666 0.3275384 0.1666666 0.1366493 0 0.271913 0.3333333 0.3275384 0.1666666 8.9291e-5 0.1666666 0.1288619 0.6666666 0.3332802 0.6666668 0.3207017 0.5 0.2032839 0.8333333 0.3332802 0.6666668 0.1288619 0.6666666 0.3275384 0.1666666 0.3421023 0 0.1366493 0 0.2032839 0.8333333 0.5204681 0.8333333 0.3332802 0.6666668 0.3421023 1 0.5718415 1 0.5204681 0.8333333 0.3275384 0.1666666 0.5378527 0.3333333 0.5572099 0.1666666 0.5535076 0.6666667 0.7767626 0.8333334 0.7941702 0.6666667 0.3207017 0.5 0.5378527 0.3333333 0.271913 0.3333333 0.3207017 0.5 0.5949409 0.5 0.5378527 0.3333333 0.5378527 0.3333333 0.7701149 0.3333333 0.5572099 0.1666666 0.5949409 0.5 0.7701149 0.3333333 0.5378527 0.3333333 0.5718415 1 0.7767626 0.8333334 0.5204681 0.8333333 0.5535076 0.6666667 0.7941702 0.6666667 0.5949409 0.5 0.5718415 0 0.7757102 0.1666666 0.7748044 0 1.000013 0 0.7757102 0.1666666 0.9999933 0.2167077 0.5949409 0.5 0.7981746 0.5 0.7701149 0.3333333 0.1268852 0.1666666 0.3381806 0.3333333 0.3480771 0.1666666 0.7701149 0.3333333 0.9999933 0.2167077 0.7757102 0.1666666 0.7767626 0.8333334 1.000018 0.8985109 0.7941702 0.6666667 0.7941702 0.6666667 0.9999763 0.5 0.7981746 0.5 0.9999763 0.5 0.9999933 0.2167077 0.7701149 0.3333333 0.7941702 0.6666667 1.000018 0.8985109 0.9999763 0.5 0 0.6666667 0.1346199 0.6666666 2.41773e-7 0.5 1.83826e-5 0.8333333 0.1346199 0.6666666 0 0.6666667 2.41773e-7 0.5 0.1319512 0.5 7.55976e-5 0.3333333 1.83826e-5 0.8333333 0.2979891 0.8333334 0.1346199 0.6666666 0.1268852 0.1666666 0.2940367 0 6.87836e-5 0 0.1268852 0.1666666 0.3480771 0.1666666 0.2940367 0 0.1319512 0.5 0.3212538 0.6666667 0.3548393 0.5 0.1319512 0.5 0.3381806 0.3333333 7.55976e-5 0.3333333 0.1319512 0.5 0.3548393 0.5 0.3381806 0.3333333 0.5533064 0.8333334 0.6601265 1 0.6676125 0.8333333 0.2979891 0.8333334 0.3212538 0.6666667 0.1346199 0.6666666 0.2940367 1 0.542471 1 0.2979891 0.8333334 0.542471 1 0.5533064 0.8333334 0.2979891 0.8333334 0.3381806 0.3333333 0.5567353 0.3333334 0.3480771 0.1666666 0.3548393 0.5 0.6671225 0.5 0.5567353 0.3333334 0.6601265 0 0.5628959 0.1666666 0.6679372 0.1666666 0.5628959 0.1666666 0.6608535 0.3333333 0.6679372 0.1666666 0.6665424 0.6666667 0.5533064 0.8333334 0.6676125 0.8333333 0.6671225 0.5 0.6608535 0.3333333 0.5567353 0.3333334 0.8297587 0.5 0.6665424 0.6666667 0.8245773 0.6666667 0.6679372 0.1666666 0.8163035 0 0.6601265 0 0.6608535 0.3333333 0.8156583 0.3333334 0.6679372 0.1666666 0.8163035 1 0.8293179 0.8333334 0.6676125 0.8333333 0.6671225 0.5 0.8297587 0.5 0.8156583 0.3333334 0.6676125 0.8333333 0.8245773 0.6666667 0.6665424 0.6666667 0.8293179 0.8333334 0.909509 1 0.9122272 0.7621566 0.8241907 0.1666666 0.911125 0.4281933 0.9111582 0.07904118 0.911125 0.4281933 0.8245773 0.6666667 0.9122272 0.7621566 0.1870254 0.3333333 0.2452644 0.5 0.2459843 0.3333333 0.909509 1 1.000025 0.9260261 0.9122272 0.7621566 0.911125 0.4281933 1.000008 0.2979155 0.9111582 0.07904118 0.9111582 0.07904118 1.000008 0.2979155 1.000046 0 -4.64904e-7 0.3333333 0.1870254 0.3333333 7.82001e-6 0.1666666 0.1870254 0.3333333 0.2222756 0.1666666 7.82001e-6 0.1666666 7.13259e-6 0.8333333 0.2041818 0.8333333 -4.75713e-6 0.6666667 0.2041818 0.8333333 0.2009711 0.6666668 -4.75713e-6 0.6666667 0.1870254 0.3333333 0.2459843 0.3333333 0.2222756 0.1666666 0.2041818 0.8333333 0.2548725 1 0.2783131 0.8333333 0.2009711 0.6666668 0.2452644 0.5 0.1855009 0.5 0.2899272 0.6666668 0.2041818 0.8333333 0.2783131 0.8333333 0.2222756 0.1666666 0.2548725 0 0.2007011 0 0.2009711 0.6666668 0.2899272 0.6666668 0.2452644 0.5 0.2548725 0 0.4072025 0.1666666 0.4039298 0 0.2548725 1 0.4039298 1 0.2783131 0.8333333 0.2899272 0.6666668 0.4373523 0.8333334 0.425715 0.6666667 0.2459843 0.3333333 0.4072025 0.1666666 0.2222756 0.1666666 0.2899272 0.6666668 0.4173747 0.5 0.2452644 0.5 0.2459843 0.3333333 0.4409427 0.3333333 0.4072025 0.1666666 0.4039298 1 0.4373523 0.8333334 0.2783131 0.8333333 0.2899272 0.6666668 0.425715 0.6666667 0.4173747 0.5 0.4072025 0.1666666 0.4647967 0 0.4039298 0 0.47733 0.5 0.425715 0.6666667 0.4792399 0.6666667 0.5615874 0 0.4634245 0.1666666 0.5677943 0.1666666 0.4373523 0.8333334 0.5583215 0.8333334 0.4792399 0.6666667 0.4647967 1 0.5615874 1 0.5583215 0.8333334 0.4634245 0.1666666 0.5614007 0.3333333 0.5677943 0.1666666 0.47733 0.5 0.5614007 0.3333333 0.4409427 0.3333333 0.5614007 0.3333333 0.7444627 0.5 0.7595699 0.3333333 0.4792399 0.6666667 0.5604828 0.5 0.47733 0.5 0.5615874 1 0.7574933 0.8333333 0.5583215 0.8333334 0.5614007 0.3333333 0.7595699 0.3333333 0.5677943 0.1666666 0.7444627 0.5 0.5750389 0.6666667 0.7410482 0.6666667 0.5750389 0.6666667 0.7574933 0.8333333 0.7410482 0.6666667 0.7536948 0 0.5677943 0.1666666 0.7504574 0.1666666 0.5615874 1 0.7536948 1 0.7574933 0.8333333 0.7574933 0.8333333 0.855701 1 0.8730114 0.8795887 0.7595699 0.3333333 0.7504574 0.1666666 0.5677943 0.1666666 0.7595699 0.3333333 0.8539459 0.06437259 0.7504574 0.1666666 0.7444627 0.5 0.8668249 0.6666668 0.868789 0.4180625 0.8668249 0.6666668 0.7574933 0.8333333 0.8730114 0.8795887 0.868789 0.4180625 0.9226209 0.7431936 0.9238014 0.4007673 0.9167611 0.08151966 0.8888889 0 0.8539459 0.06437259 0.868789 0.4180625 0.9167611 0.08151966 0.8539459 0.06437259 0.8730114 0.8795887 0.923698 1 0.9226209 0.7431936 0.868789 0.4180625 0.9238014 0.4007673 0.9167611 0.08151966 -8.40578e-6 0.8333333 0.07863461 1 0.09156662 0.8333333 0.923698 1 1.00002 0.7756664 0.9226209 0.7431936 0.9226209 0.7431936 1.000007 0.4664451 0.9238014 0.4007673 0.9238014 0.4007673 1.000007 0.4664451 1.000018 0.0964756 0 0.6666667 0.1100417 0.6666667 -1.64927e-5 0.5 -3.97214e-5 0.1666666 0.07863461 0 -1.49432e-5 0 -3.97214e-5 0.1666666 0.111855 0.3333333 0.1127515 0.1666666 -3.36523e-5 0.3333334 0.11351 0.5 0.111855 0.3333333 0.2188336 0.3333333 0.11351 0.5 0.2722848 0.5 -8.40578e-6 0.8333333 0.09156662 0.8333333 0.1100417 0.6666667 0.07863461 1 0.134155 1 0.09156662 0.8333333 0.1127515 0.1666666 0.134155 0 0.07863461 0 0.134155 1 0.147589 0.8333333 0.09156662 0.8333333 0.111855 0.3333333 0.2188336 0.3333333 0.1127515 0.1666666 0.2967233 0.6666667 0.147589 0.8333333 0.2818157 0.8333333 0.1100417 0.6666667 0.2722848 0.5 0.11351 0.5 0.1127515 0.1666666 0.3309075 0.1666666 0.134155 0 0.2188336 0.3333333 0.3309075 0.1666666 0.1127515 0.1666666 0.3536899 0.5 0.2967233 0.6666667 0.354608 0.6666666 0.134155 1 0.3320965 1 0.2818157 0.8333333 0.3309075 0.1666666 0.3320965 0 0.134155 0 0.2188336 0.3333333 0.3340662 0.3333333 0.3309075 0.1666666 0.3320965 1 0.3528372 0.8333334 0.2818157 0.8333333 0.2722848 0.5 0.3536899 0.5 0.3340662 0.3333333 0.2967233 0.6666667 0.3528372 0.8333334 0.354608 0.6666666 0.3340662 0.3333333 0.4435448 0.1666666 0.3309075 0.1666666 0.3309075 0.1666666 0.4435448 0.1666666 0.3320965 0 0.3536899 0.5 0.4554448 0.3333333 0.3340662 0.3333333 0.3536899 0.5 0.4428366 0.6666667 0.4849823 0.5 0.4428366 0.6666667 0.3528372 0.8333334 0.4686541 0.8333334 0.6496116 0.1666666 0.845548 0.3333333 0.8735099 0.1666666 0.3320965 1 0.5315008 1 0.4686541 0.8333334 0.4428366 0.6666667 0.6509056 0.6666666 0.4849823 0.5 0.4849823 0.5 0.6647467 0.3333333 0.4554448 0.3333333 0.4686541 0.8333334 0.6780765 0.8333333 0.6509056 0.6666666 0.5315008 1 0.7845059 1 0.6780765 0.8333333 0.6509056 0.6666666 0.8722286 0.6666668 0.7758288 0.5 0.6780765 0.8333333 0.8722286 0.6666668 0.6509056 0.6666666 0.7845059 1 0.8679552 0.8333333 0.6780765 0.8333333 -1.5664e-5 0.8333333 0.07701617 1 0.09097021 0.8333333 0.8735099 0.1666666 1.000001 0.06839907 0.7845059 0 0.845548 0.3333333 1.000001 0.4206148 0.8735099 0.1666666 1.000001 1 1 0.749997 0.8679552 0.8333333 0.8722286 0.6666668 1 0.749997 1.000001 0.4206148 0.1099789 0.3333333 0.1089903 0.1666666 0 0.2763388 0.1132835 0.5 -3.70352e-5 0.6666667 0.1119787 0.6666667 0.1089903 0.1666666 0.07701617 0 -5.68032e-6 0 -2.71634e-5 0.5 0.1132835 0.5 0.1099789 0.3333333 -3.70352e-5 0.6666667 0.09097021 0.8333333 0.1119787 0.6666667 0.2405442 0.1666666 0.1099789 0.3333333 0.232718 0.3333333 0.07701617 1 0.1345441 1 0.09097021 0.8333333 0.1089903 0.1666666 0.1345441 0 0.07701617 0 0.1345441 1 0.2297369 0.8333333 0.1445419 0.8333333 0.1089903 0.1666666 0.2405442 0.1666666 0.1345441 0 0.232718 0.3333333 0.1132835 0.5 0.2661874 0.5 0.1132835 0.5 0.2473942 0.6666667 0.2661874 0.5 0.1445419 0.8333333 0.2473942 0.6666667 0.1119787 0.6666667 0.2405442 0.1666666 0.4729634 0.3333333 0.5344403 0.1666666 0.2405442 0.1666666 0.3491718 0 0.1345441 0 0.3491718 1 0.4369725 0.8333333 0.2297369 0.8333333 0.2297369 0.8333333 0.4369725 0.8333333 0.2473942 0.6666667 0.2405442 0.1666666 0.5344403 0.1666666 0.3491718 0 0.5485678 0 0.6346399 0.1666666 0.6673949 0 0.4369725 0.8333333 0.5044956 0.6666667 0.2473942 0.6666667 0.5044956 0.6666667 0.5353826 0.5 0.2661874 0.5 0.5344403 0.1666666 0.5485678 0 0.3491718 0 0.5485678 1 0.6314787 0.8333333 0.4369725 0.8333333 0.6314787 0.8333333 0.6666775 0.6666667 0.5044956 0.6666667 0.5485678 1 0.6673949 1 0.6314787 0.8333333 0.5344403 0.1666666 0.6468946 0.3333333 0.6346399 0.1666666 0.6864776 0.8333334 0.801967 1 0.7835574 0.8333333 0.5353826 0.5 0.6468946 0.3333333 0.4729634 0.3333333 0.6666775 0.6666667 0.674362 0.5 0.5353826 0.5 0.6346399 0.1666666 0.6867561 0.1666666 0.6673949 0 0.6468946 0.3333333 0.6867561 0.1666666 0.6346399 0.1666666 0.6314787 0.8333333 0.6864776 0.8333334 0.6666775 0.6666667 0.6468946 0.3333333 0.7020121 0.3333333 0.6867561 0.1666666 0.6867561 0.1666666 0.801967 0 0.6673949 0 0.7783024 0.5 0.6666775 0.6666667 0.7813282 0.6666667 0.674362 0.5 0.7783024 0.5 0.7020121 0.3333333 0.6864776 0.8333334 0.7813282 0.6666667 0.6666775 0.6666667 0.7813282 0.6666667 0.999866 0.5839359 0.7783024 0.5 0.1440277 0.2389831 0.2170544 0 0.1236929 0.0512979 0.7835574 0.8333333 0.9993112 0.8320514 0.7813282 0.6666667 0.801967 1 0.9993112 0.8320514 0.7835574 0.8333333 0.7977678 0.3333333 0.9999994 0.2526232 0.7955024 0.1666666 0.7955024 0.1666666 0.9999994 0.2526232 0.801967 0 0.801967 1 1 1 0.9993112 0.8320514 -8.76229e-6 0.3936749 0.07630574 0.2328206 -2.39362e-5 0.06737434 -9.61663e-6 0.7031686 0.07629168 0.5720214 -8.76229e-6 0.3936749 0.07629168 0.5720214 0.07630574 0.2328206 -8.76229e-6 0.3936749 0.07675164 0.9030759 0.1236929 1 0.1308253 0.7578901 0.1220719 0.4288203 0.1236929 0.0512979 0.07630574 0.2328206 0.1308253 0.7578901 0.1220719 0.4288203 0.07629168 0.5720214 0.5224083 0.4256287 0.431824 0.6257284 0.5302401 0.7298436 0.1440277 0.2389831 0.247488 0.5590879 0.2332733 0.1666666 0.1308253 0.7578901 0.2379375 0.6666668 0.1220719 0.4288203 0.2168774 0.9114478 0.2379375 0.6666668 0.1308253 0.7578901 0.2332733 0.1666666 0.3529867 0 0.2170544 0 0.2168774 0.9114478 0.431824 0.6257284 0.2379375 0.6666668 0.2332733 0.1666666 0.4508149 0.3229903 0.3529867 0 0.4296728 0.5 0.4508149 0.3229903 0.247488 0.5590879 0.3529867 1 0.5384436 0.9523359 0.431824 0.6257284 0.5384436 0.9523359 0.5302401 0.7298436 0.431824 0.6257284 0.5224083 0.4256287 0.5406339 0.005569338 0.4508149 0.3229903 0.5384436 0.9523359 0.5856438 0.6112503 0.5302401 0.7298436 0.5224083 0.4256287 0.5856438 0.6112503 0.57479 0.244023 0.7977524 0.3333334 0.7437868 0.573113 0.7986318 0.5832259 0.5872053 0.909289 0.6617625 1 0.6582563 0.7771009 0.57479 0.244023 0.6597535 0.4208965 0.6619241 0.08825057 0.5856438 0.6112503 0.6582563 0.7771009 0.6597535 0.4208965 0.6617625 1 0.7412045 0.9109601 0.6582563 0.7771009 0.6619241 0.08825057 0.7420699 0.2801176 0.7417944 0 0.6597535 0.4208965 0.7437868 0.573113 0.7420699 0.2801176 0.7412045 0.9109601 0.7437868 0.573113 0.6582563 0.7771009 0.7970021 1 0.7986676 0.8333333 0.7412045 0.9109601 0.7420699 0.2801176 0.7977524 0.3333334 0.7975962 0.08991914 0.7437868 0.573113 0.7986676 0.8333333 0.7986318 0.5832259 0.8864877 0.790682 0.7970021 1 0.8897529 1 0.4446385 0.4080876 0.5206021 0.7363317 0.5218217 0.400765 0.8821371 0.1047107 0.8897529 0 0.7975962 0.08991914 0.7977524 0.3333334 0.8821371 0.1047107 0.7975962 0.08991914 0.7986318 0.5832259 0.8864877 0.790682 0.885769 0.5 0.885769 0.5 0.8821371 0.1047107 0.7977524 0.3333334 0.8897529 1 1.000001 0.8885739 0.8864877 0.790682 0.8821371 0.1047107 1 0.2274541 0.8897529 0 0.885769 0.5 1 0.5385938 0.8821371 0.1047107 0.8864877 0.790682 1 0.5385938 0.885769 0.5 1.000001 0.8885739 1 0.5385938 0.8864877 0.790682 6.20016e-5 0.9166613 0.3145202 1 0.2842831 0.8153086 3.13112e-4 0.6116409 0.2978321 0.3413079 8.97152e-6 0.2613384 0.2842831 0.8153086 0.2982484 0.5708488 3.13112e-4 0.6116409 0.3145202 1 0.3557504 0.7132655 0.2842831 0.8153086 0.2978321 0.3413079 0.357801 0.1178721 0.3145202 0 0.2978321 0.3413079 0.3556247 0.4232634 0.357801 0.1178721 0.3557504 0.7132655 0.3556247 0.4232634 0.2982484 0.5708488 0.3145202 1 0.3674606 1 0.3557504 0.7132655 0.3556247 0.4232634 0.4937282 0.1296683 0.357801 0.1178721 0.4937282 0.1296683 0.4505037 0 0.357801 0.1178721 0.5206021 0.7363317 0.5756471 1 0.5727413 0.7388085 0.4473277 0.9247465 0.5206021 0.7363317 0.3557504 0.7132655 0.4473277 0.9247465 0.523768 1 0.5206021 0.7363317 0.4446385 0.4080876 0.5218217 0.400765 0.4937282 0.1296683 0.570789 0.1159283 0.5218217 0.400765 0.575019 0.4200464 0.5218217 0.400765 0.5727413 0.7388085 0.575019 0.4200464 0.8893688 0.7637067 0.7975088 1 0.8884069 1 0.5756471 1 0.6570817 0.7809224 0.5727413 0.7388085 0.575019 0.4200464 0.6604085 0.05774337 0.570789 0.1159283 0.5727413 0.7388085 0.6570817 0.7809224 0.575019 0.4200464 0.6570817 0.7809224 0.6594467 0.3932806 0.575019 0.4200464 0.6594467 0.3932806 0.741537 0.2579826 0.6604085 0.05774337 0.741537 0.2579826 0.7456297 0 0.6604085 0.05774337 0.6594467 0.3932806 0.7437725 0.5947147 0.741537 0.2579826 0.742228 0.883477 0.7437725 0.5947147 0.6570817 0.7809224 0.7975088 1 0.799059 0.7424639 0.742228 0.883477 0.741537 0.2579826 0.7928653 0.4525182 0.7971308 0.07761454 0.7437725 0.5947147 0.799059 0.7424639 0.7928653 0.4525182 0.799059 0.7424639 0.8887308 0.4265222 0.7928653 0.4525182 0.7971308 0.07761454 0.8887308 0.4265222 0.8902629 0.0961821 1 0.05542373 0.8887308 0.4265222 1 0.4395376 0.8893688 0.7637067 1 0.7053256 0.8887308 0.4265222 1.000001 1 1 0.7053256 0.8893688 0.7637067 0.1460043 0.6798827 0.3301734 0.5 0.1277301 0.4668447 3.39883e-6 0.9457209 0.2500518 1 0.1460043 0.6798827 0.1255263 0.1666666 0.3414237 0.2325465 0.2500518 0 0.1277301 0.4668447 0.3414237 0.2325465 0.1255263 0.1666666 0.5577324 0.474335 0.7885564 0.7053081 0.7748152 0.4918995 0.3143972 0.7307599 0.5418246 0.8755819 0.5351904 0.6666668 0.3414237 0.2325465 0.5577324 0.474335 0.5719066 0.1666666 0.5719066 0.1666666 0.7748152 0.4918995 0.8649489 0.2796394 0.7722961 1 0.7885564 0.7053081 0.5418246 0.8755819 0.5719066 0.1666666 0.8649489 0.2796394 0.7722961 0 0.8996493 0.6266965 0.8556666 0.9119443 0.9114518 0.9207713 0.8649489 0.2796394 0.8547121 0 0.7722961 0 0.7748152 0.4918995 0.8996493 0.6266965 0.8649489 0.2796394 0.8649489 0.2796394 0.9059042 0 0.8547121 0 3.12019e-5 0.3881196 0.2035714 0.2039694 4.06564e-4 0.03946697 0.8649489 0.2796394 0.9228948 0.2437114 0.9059042 0 0.8996493 0.6266965 1.000009 0.3696979 0.9228948 0.2437114 0.9114518 0.9207713 1.000023 0.7312716 0.8996493 0.6266965 1.000023 0.7312716 1.000009 0.3696979 0.8996493 0.6266965 2.10169e-5 0.7274149 0.1584346 0.6035662 3.12019e-5 0.3881196 4.06564e-4 0.03946697 0.2035714 0.2039694 0.1095721 0 0.2546407 0.2445679 0.348534 0 0.2229106 0 0.1584346 0.6035662 0.2125011 0.4430291 3.12019e-5 0.3881196 2.10169e-5 0.7274149 0.1785721 0.8542044 0.1584346 0.6035662 0.2391788 0.7625566 0.3403689 0.6666667 0.2125011 0.4430291 0.3398267 0.1666666 0.5302769 0.4702154 0.554247 0.08206862 0.2546407 0.2445679 0.3402868 0.3874188 0.3398267 0.1666666 0.5537045 1 0.5585244 0.7355946 0.3388895 0.8752857 0.5302769 0.4702154 0.3403689 0.6666667 0.5585244 0.7355946 0.2713215 0.6666668 4.91819e-6 0.9159838 0.272795 0.8333333 0.5585244 0.7355946 0.7563456 0.5673693 0.5302769 0.4702154 0.5537045 1 0.8010661 1 0.5585244 0.7355946 0.554247 0.08206862 0.7703675 0.2676035 0.8010661 0 0.7563456 0.5673693 0.7703675 0.2676035 0.5302769 0.4702154 0.8010661 1 0.8062757 0.8333333 0.5585244 0.7355946 0.7563456 0.5673693 0.9998317 0.2727211 0.7703675 0.2676035 0.8010661 1 1 0.9610357 0.8062757 0.8333333 0.7703675 0.2676035 1 0 0.8010661 0 0.8062757 0.8333333 1 0.9610357 0.9999868 0.5943723 4.91819e-6 0.9159838 0.1514182 1 0.272795 0.8333333 0.1230363 0.5194898 0.1506057 0.09846323 3.04017e-6 0.2981041 4.37645e-6 0.6666667 0.2713215 0.6666668 0.1230363 0.5194898 0.5500178 0.8333334 0.321168 1 0.5480296 1 0.1514182 1 0.321168 1 0.272795 0.8333333 0.1230363 0.5194898 0.3234793 0.0730012 0.1506057 0.09846323 0.3328966 0.5 0.5047232 0.3333333 0.1230363 0.5194898 0.5465604 0.5834959 0.272795 0.8333333 0.5500178 0.8333334 0.5047232 0.3333333 0.5483722 0.0835458 0.3234793 0.0730012 0.5500178 0.8333334 0.7756672 1 0.7790405 0.7302619 0.7790405 0.7302619 0.7780234 0.4137175 0.5465604 0.5834959 0.8741373 0.04665094 0.9232797 0.4982816 0.9230526 0.1666666 0.7780234 0.4137175 0.8632389 0.2595148 0.7736052 0.0523802 0.8692091 0.5774289 0.8632389 0.2595148 0.7780234 0.4137175 0.7790405 0.7302619 0.8725728 0.9537919 0.8692091 0.5774289 0.9230526 0.1666666 0.924088 0 0.8741373 0.04665094 0.8725728 0.9537919 0.9232797 0.4982816 0.8692091 0.5774289 0.2958618 0.3333333 0.1238827 0.5791879 0.2974412 0.5 0.9230526 0.1666666 1.000033 0 0.924088 0 0.9232797 0.4982816 1.000019 0.2676188 0.9230526 0.1666666 0.9231536 0.90381 1.000011 0.6346217 0.9232797 0.4982816 0.9232797 0.4982816 1.000011 0.6346217 1.000019 0.2676188 6.20568e-6 0.9471053 0.220899 1 3.62096e-4 0.6670951 0.1892272 0.1666666 0.220899 0 9.46972e-6 0 6.63104e-4 0.4192329 0.2958618 0.3333333 0.1892272 0.1666666 0.3185776 0.6586321 0.5294669 0.4343789 0.2974412 0.5 0.220899 1 0.3185776 0.6586321 3.62096e-4 0.6670951 0.5294669 0.4343789 0.6302253 0.7568722 0.671217 0.6085936 0.440643 1 0.6302253 0.7568722 0.3185776 0.6586321 0.440643 1 0.6646051 0.9299692 0.6302253 0.7568722 0.4450783 0.07965135 0.6469852 0.2948237 0.6537625 0 0.5294669 0.4343789 0.6469852 0.2948237 0.4450783 0.07965135 0.5294669 0.4343789 0.671217 0.6085936 0.6469852 0.2948237 0.797998 0.7483747 0.8943561 0.424942 0.7843626 0.5 0.6469852 0.2948237 0.6975504 0.193 0.6537625 0 0.6646051 0.9299692 0.671217 0.6085936 0.6302253 0.7568722 0.6646051 0.9299692 0.7724632 1 0.7342539 0.7581699 0.6975504 0.193 0.7724632 0 0.6537625 0 0.671217 0.6085936 0.6975504 0.193 0.6469852 0.2948237 0.6975504 0.193 0.7891493 0.243978 0.7724632 0 0.7342539 0.7581699 0.7843626 0.5 0.671217 0.6085936 0.7724632 1 0.797998 0.7483747 0.7342539 0.7581699 0.7342539 0.7581699 0.797998 0.7483747 0.7843626 0.5 0.7724632 1 0.8902686 1 0.797998 0.7483747 0.7891493 0.243978 0.8943561 0.424942 0.8908457 0.08401077 8.69888e-6 0.1465762 0.2718508 0.3333334 0.2821679 0.1666666 0.8943561 0.424942 1.000002 0.2773234 0.8908457 0.08401077 0.8947126 0.7534325 1.000003 0.6284202 0.8943561 0.424942 1.000002 0.2773234 1 0 0.8908457 0.08401077 0.8943561 0.424942 1.000003 0.6284202 1.000002 0.2773234 0.1304109 1 0.2428993 0.8333333 3.27475e-6 0.725928 8.69888e-6 0.1465762 0.2821679 0.1666666 0.1304109 0 0.7943241 0 0.5530005 0.1666666 0.7845115 0.1666666 0.1742013 0.6050338 0.2718508 0.3333334 6.17663e-6 0.3851598 0.2821679 0.1666666 0.4385756 0 0.1304109 0 0.1742013 0.6050338 0.3581433 0.5 0.2718508 0.3333334 0.3581433 0.5 0.6355867 0.3333333 0.2718508 0.3333334 0.2428993 0.8333333 0.5490769 0.8333333 0.4892654 0.6666666 0.3581433 0.5 0.713947 0.5 0.6355867 0.3333333 0.7819575 0.6666666 0.5490769 0.8333333 0.7807036 0.9006687 0.6355867 0.3333333 0.7845115 0.1666666 0.5530005 0.1666666 0.3367195 0 0.5542065 0.1666666 0.5611786 0 0.713947 0.5 0.9999944 0.4056568 0.6355867 0.3333333 0.7819575 0.6666666 0.9999944 0.4056568 0.713947 0.5 0.7807036 0.9006687 1 1 0.9999958 0.7892881 0.7845115 0.1666666 1 0.03907769 0.7943241 0 0.7819575 0.6666666 0.9999958 0.7892881 0.9999944 0.4056568 0.9999944 0.4056568 1 0.03907769 0.7845115 0.1666666 0 0.6666667 0.1289259 0.6666668 0 0.5 3.7338e-6 0.8333333 0.1289259 0.6666668 0 0.6666667 0 0.5 0.1719593 0.5 4.07077e-6 0.3333333 0.1719593 0.5 0.2452347 0.3333333 4.07077e-6 0.3333333 3.7338e-6 0.8333333 0.2624132 0.8333334 0.1289259 0.6666668 5.2895e-5 1 0.3367195 1 0.2624132 0.8333334 0.1289259 0.6666668 0.3461084 0.6666667 0.1719593 0.5 0.2624132 0.8333334 0.3461084 0.6666667 0.1289259 0.6666668 0.1719593 0.5 0.4965028 0.5 0.2452347 0.3333333 0.2452347 0.3333333 0.5359619 0.3333334 0.3412171 0.1666666 0.4965028 0.5 0.5359619 0.3333334 0.2452347 0.3333333 0.2624132 0.8333334 0.518048 0.8333333 0.3461084 0.6666667 0.7854557 0.5 0.9999942 0.7887894 1 0.4166983 0.3461084 0.6666667 0.572033 0.6666667 0.4965028 0.5 0.518048 0.8333333 0.572033 0.6666667 0.3461084 0.6666667 0.518048 0.8333333 0.7761853 0.8333334 0.572033 0.6666667 0.5359619 0.3333334 0.7717154 0.1666666 0.5542065 0.1666666 0.5611786 1 0.7785847 1 0.7761853 0.8333334 0.5359619 0.3333334 0.7781808 0.3333333 0.7717154 0.1666666 0.4965028 0.5 0.7781808 0.3333333 0.5359619 0.3333334 0.7761853 0.8333334 0.7788658 0.6666667 0.572033 0.6666667 0.7788658 0.6666667 0.7854557 0.5 0.4965028 0.5 0.7785847 1 0.9999942 0.7887894 0.7761853 0.8333334 0.7781808 0.3333333 0.999996 0.0905745 0.7717154 0.1666666 0.7761853 0.8333334 0.9999942 0.7887894 0.7788658 0.6666667 0.7781808 0.3333333 1 0.4166983 0.999996 0.0905745 0.07749992 0 -6.39303e-6 0.22491 0.09371364 0.2073308 -3.76704e-5 0.5 0.07595652 0.3893405 -6.39303e-6 0.22491 0.0752936 0.6666667 0.1304681 0.9280328 0.1300958 0.5794449 0.0752936 0.6666667 0.07595652 0.3893405 -3.76704e-5 0.5 0.1300958 0.5794449 0.09371364 0.2073308 0.07595652 0.3893405 0.1433746 0.2498469 0.2340476 0.602935 0.2358601 0.3333333 0.2437723 1 0.2416968 0.8333334 0.1304681 0.9280328 0.1433746 0.2498469 0.2358601 0.3333333 0.2458427 -0.009326338 0.1304681 0.9280328 0.2340476 0.602935 0.1300958 0.5794449 0.2340476 0.602935 0.3368325 0.1845418 0.2358601 0.3333333 0.3765206 0.6298685 0.5178995 0.2481716 0.3368325 0.1845418 0.2416968 0.8333334 0.3765206 0.6298685 0.2340476 0.602935 0.3368325 0.1845418 0.4405274 0 0.2458427 -0.009326338 0.3368325 0.1845418 0.5178995 0.2481716 0.4405274 0 0.5178995 0.2481716 0.5727816 0 0.5229451 0 0.5143947 0.6666667 0.5343148 0.4632483 0.3765206 0.6298685 0.4210369 0.9110323 0.5143947 0.6666667 0.3765206 0.6298685 0.5178995 0.2481716 0.5229451 0 0.4405274 0 0.4210369 0.9110323 0.5215427 0.9264854 0.5143947 0.6666667 0.5778059 0.6522778 0.5215427 0.9264854 0.5727816 0.9603659 0.5343148 0.4632483 0.5805246 0.2132857 0.5178995 0.2481716 0.5143947 0.6666667 0.5778059 0.6522778 0.5343148 0.4632483 0.5805246 0.2132857 0.7424789 0 0.5727816 0 0.5343148 0.4632483 0.5778059 0.6522778 0.5805246 0.2132857 0.7420263 0.6021324 0.5909656 0.8333333 0.7418024 0.9187546 0.5778059 0.6522778 0.7420263 0.6021324 0.6446926 0.4479078 0.7424789 0 0.7973769 0.1666666 0.798264 0 0.7418024 0.9187546 0.794157 0.6921815 0.7420263 0.6021324 0.7421898 0.2528069 0.798907 0.410292 0.7973769 0.1666666 0.794157 0.6921815 0.798907 0.410292 0.7420263 0.6021324 0.7973769 0.1666666 0.8872411 0.3333334 0.897037 0.0404374 0.794157 0.6921815 0.888304 0.5928665 0.798907 0.410292 0.798264 0.9674665 0.8915129 0.8333333 0.794157 0.6921815 1 0.7220436 0.8976998 1 1 1 0.798907 0.410292 0.888304 0.5928665 0.8872411 0.3333334 0.794157 0.6921815 0.8915129 0.8333333 0.888304 0.5928665 0.8872411 0.3333334 1 0.3720998 0.897037 0.0404374 0.888304 0.5928665 1 0.3720998 0.8872411 0.3333334 0.8915129 0.8333333 1 0.7220436 0.888304 0.5928665 0.4521963 0.0978043 0.3553342 0.4621657 0.4614896 0.4118198 1 0.7220436 1 0.3720998 0.888304 0.5928665 1.33033e-5 0.6666667 0.1102662 0.5 3.57409e-6 0.2606665 0.1996143 0.4565279 0.2362087 0.3401515 3.57409e-6 0.2606665 1.33033e-5 0.6666667 0.1676824 0.8554726 0.1102662 0.5 3.41268e-5 0.9611497 0.2173288 1 0.1676824 0.8554726 0.2362087 0.3401515 0.2173288 0 3.40626e-5 0 0.1676824 0.8554726 0.1996143 0.4565279 0.1102662 0.5 0.2362087 0.3401515 0.310594 0.2691824 0.2173288 0 0.2173288 1 0.3094983 0.9103203 0.1676824 0.8554726 0.1676824 0.8554726 0.3094983 0.9103203 0.2894604 0.639393 0.1996143 0.4565279 0.2894604 0.639393 0.2362087 0.3401515 0.310594 0.2691824 0.3211104 0 0.2173288 0 0.2894604 0.639393 0.3553342 0.4621657 0.310594 0.2691824 0.2894604 0.639393 0.3530085 0.7455861 0.3553342 0.4621657 0.3094983 0.9103203 0.3611111 1 0.3530085 0.7455861 0.310594 0.2691824 0.3553342 0.4621657 0.3566864 0.09406828 0.3611111 1 0.4456843 1 0.3530085 0.7455861 0.3553342 0.4621657 0.4570188 0.7594445 0.4614896 0.4118198 0.4614896 0.4118198 0.6075841 0.7507765 0.6046363 0.5 0.4456843 1 0.5919752 1 0.4570188 0.7594445 0.5919752 1 0.6075841 0.7507765 0.4570188 0.7594445 0.4614896 0.4118198 0.6121907 0.3192294 0.4521963 0.0978043 0.6075841 0.7507765 0.7468187 1 0.7398821 0.7467828 0.6121907 0.3192294 0.7468187 0 0.5919752 0 0.6121907 0.3192294 0.7503513 0.5 0.7380569 0.2612447 0.6046363 0.5 0.7398821 0.7467828 0.7503513 0.5 0.8920407 0.2309535 0.8095524 0.5401673 0.9995068 0.3943963 0.7380569 0.2612447 0.8003914 0.2591888 0.7468187 0 0.7503513 0.5 0.8003914 0.2591888 0.7380569 0.2612447 0.8012418 0.8804468 0.8095524 0.5401673 0.7398821 0.7467828 0.8003914 0.2591888 0.811246 0 0.7468187 0 0.7503513 0.5 0.8095524 0.5401673 0.8003914 0.2591888 0.8920407 0.2309535 0.8958482 0 0.811246 0 0.1527159 0.5183181 0.3232498 0.1666666 0.1270551 0.1490988 0.8012418 0.8804468 0.896416 0.92421 0.8877202 0.6666667 0.8920407 0.2309535 1 0.1277347 0.8958482 0 0.896416 0.92421 1 0.7783539 0.8877202 0.6666667 0.896416 0.92421 1 1 1 0.7783539 2.14365e-6 0.9448615 0.1466642 1 0.1470572 0.664229 0.1470572 0.664229 0.1527159 0.5183181 5.24533e-6 0.5811526 0.1270551 0.1490988 0.3232498 0.1666666 0.3240684 0 0.1527159 0.5183181 0.3222923 0.6666668 0.3224295 0.4212023 0.3224295 0.4212023 0.519968 0.08892881 0.3232498 0.1666666 0.1470572 0.664229 0.323898 0.9184235 0.3222923 0.6666668 0.323898 0.9184235 0.5187395 1 0.5213569 0.8333333 0.5198459 0.4234718 0.3222923 0.6666668 0.5407406 0.6173389 0.3222923 0.6666668 0.5213569 0.8333333 0.5407406 0.6173389 0.5213569 0.8333333 0.574348 1 0.5845032 0.6397103 0.5749265 0.08831322 0.5198459 0.4234718 0.5747208 0.3333333 0.5845032 0.6397103 0.6528653 1 0.694697 0.8333333 0.5198459 0.4234718 0.5407406 0.6173389 0.5747208 0.3333333 0.5749265 0.08831322 0.6525889 0.4138509 0.6530521 0.08573246 0.7414875 0.07363218 0.6525889 0.4138509 0.7810363 0.3333333 0.5845032 0.6397103 0.696911 0.6503769 0.6525889 0.4138509 0.5845032 0.6397103 0.694697 0.8333333 0.696911 0.6503769 0.8598552 0.8333333 0.7396644 1 0.8605272 1 0.6525889 0.4138509 0.696911 0.6503769 0.7810363 0.3333333 0.696911 0.6503769 0.8598552 0.8333333 0.8596972 0.5911033 0.7810363 0.3333333 0.8613881 0.07856768 0.7414875 0.07363218 0.8596972 0.5911033 1 0.9555358 1 0.560496 0.8605272 1 1 0.9555358 0.8598552 0.8333333 3.10811e-6 0.2540683 0.210175 0 3.92621e-6 0 3.92621e-6 1 0.2128009 0.9402953 1.07905e-5 0.7728103 0.2303907 0.5280929 0.3003076 0.09190547 0.2166888 0.1666666 0.2303907 0.5280929 0.2166888 0.1666666 3.10811e-6 0.2540683 1.46709e-5 0.5 0.2303907 0.5280929 3.10811e-6 0.2540683 1.07905e-5 0.7728103 0.2129114 0.6666667 1.46709e-5 0.5 0.2129114 0.6666667 0.2303907 0.5280929 1.46709e-5 0.5 0.2128009 0.9402953 0.329317 0.8030644 0.2129114 0.6666667 0.2128009 0.9402953 0.2988634 1 0.329317 0.8030644 0.2129114 0.6666667 0.3034694 0.3915271 0.2303907 0.5280929 0.3003076 0.09190547 0.3523252 0.3333333 0.3547684 0.09026008 0.2988634 1 0.3559637 1 0.329317 0.8030644 0.3559637 1 0.4559963 0.7489031 0.329317 0.8030644 0.3034694 0.3915271 0.3557088 0.6219702 0.3523252 0.3333333 0.3547684 0.09026008 0.4578546 0.4252753 0.4613193 0.0685442 0.4613193 0.0685442 0.6360349 0.4938393 0.6525196 0.04620325 0.3557088 0.6219702 0.4559963 0.7489031 0.4578546 0.4252753 0.4559963 0.7489031 0.6360349 0.4938393 0.4578546 0.4252753 0.6409302 0.7594013 0.7121934 0.4133874 0.6360349 0.4938393 0.6360349 0.4938393 0.7121934 0.4133874 0.6525196 0.04620325 0.7581725 0.7983796 0.798618 0.3556115 0.7121934 0.4133874 0.6554288 1 0.7866501 1 0.7581725 0.7983796 0.6866571 0 0.7763425 0.251106 0.8063498 0 0.7866501 1 0.8004736 0.7146924 0.7581725 0.7983796 0.7866501 1 0.8958535 0.8333333 0.8004736 0.7146924 0.8909454 0.3333334 0.8987391 0.09417963 0.798618 0.3556115 0.798618 0.3556115 0.8917784 0.6166476 0.8909454 0.3333334 0.8004736 0.7146924 0.8958535 0.8333333 0.8917784 0.6166476 0.9055896 1 1.000003 1 0.8958535 0.8333333 0.8909454 0.3333334 1.000001 0.3712327 0.8987391 0.09417963 0.8917784 0.6166476 1.000001 0.3712327 0.8909454 0.3333334 0.8958535 0.8333333 1.000002 0.7230018 0.8917784 0.6166476 1.000002 0.7230018 1.000001 0.3712327 0.8917784 0.6166476 -1.28616e-5 1 0.07671159 0.902603 -2.12972e-5 0.732747 -2.12972e-5 0.732747 0.0885623 0.5679391 -1.50355e-5 0.3984535 0.07671159 0.902603 0.0885623 0.5679391 -2.12972e-5 0.732747 0.1299533 1 0.1410495 0.6328662 0.07671159 0.902603 0.07647627 0.2372308 0.129661 0.3342627 0.1306146 0.08844482 0.129661 0.3342627 0.2275425 0 0.1306146 0.08844482 0.1410495 0.6328662 0.2256258 0.9186151 0.243116 0.6480616 0.129661 0.3342627 0.3503468 0.1305662 0.2275425 0 0.129661 0.3342627 0.3345575 0.4156097 0.3503468 0.1305662 0.3696667 1 0.5058571 0.9382136 0.2256258 0.9186151 0.243116 0.6480616 0.4732388 0.5903045 0.3345575 0.4156097 0.3345575 0.4156097 0.5514543 0.2466196 0.3503468 0.1305662 0.3345575 0.4156097 0.4732388 0.5903045 0.5514543 0.2466196 0.5058571 0.9382136 0.6303051 1 0.6289937 0.7473092 0.6324835 0.406011 0.6324045 0.09495699 0.5514543 0.2466196 0.6289937 0.7473092 0.6324835 0.406011 0.4732388 0.5903045 0.6324045 0.09495699 0.6876099 0.2507392 0.6866571 0 0.6865361 0.5786342 0.6876099 0.2507392 0.6324835 0.406011 0.6289937 0.7473092 0.6865621 0.9256634 0.6865361 0.5786342 0.7763425 0.251106 0.6865361 0.5786342 0.8100007 0.6628875 0.6865361 0.5786342 0.7797112 0.8566939 0.8100007 0.6628875 0.8100007 0.6628875 0.9999642 0.2275177 0.7763425 0.251106 0.7763425 0.251106 0.9999642 0.2275177 0.8063498 0 0.1099519 0 0.2226009 0.1666666 0.2158446 0 0.7797112 0.8566939 1 1 0.9999825 0.8333333 -1.20076e-7 0.6120165 0.1111508 0.5 3.35567e-5 0.3333334 3.31566e-5 0.8333333 0.1425109 0.6666667 -1.20076e-7 0.6120165 0.1111508 0.5 0.221629 0.3333333 3.35567e-5 0.3333334 3.31566e-5 0.8333333 0.1881011 0.8333333 0.1425109 0.6666667 0.241952 0.6666666 0.1881011 0.8333333 0.2426578 0.8333334 0.221629 0.3333333 0.2226009 0.1666666 0.1067538 0.1666666 0.1111508 0.5 0.2228073 0.5 0.221629 0.3333333 0.2158446 1 0.2426578 0.8333334 0.1881011 0.8333333 0.1425109 0.6666667 0.241952 0.6666666 0.2228073 0.5 0.2226009 0.1666666 0.3504037 0.3333333 0.3699101 0.1666666 0.2158446 1 0.3441512 1 0.2426578 0.8333334 0.2226009 0.1666666 0.3699101 0.1666666 0.3441512 0 0.2228073 0.5 0.3504037 0.3333333 0.221629 0.3333333 0.2228073 0.5 0.3477867 0.6666667 0.3580095 0.5 0.241952 0.6666666 0.3418397 0.8333333 0.3477867 0.6666667 0.4900687 0.8333333 0.3441512 1 0.5562839 1 0.3477867 0.6666667 0.4900687 0.8333333 0.5001702 0.6666667 0.3699101 0.1666666 0.5562839 0 0.3441512 0 0.3580095 0.5 0.4991555 0.3333334 0.3504037 0.3333333 0.3477867 0.6666667 0.5001702 0.6666667 0.3580095 0.5 0.7593464 0 0.5808216 0.1666666 0.7542313 0.1666666 0.3580095 0.5 0.5706383 0.5 0.4991555 0.3333334 0.5001702 0.6666667 0.5706383 0.5 0.3580095 0.5 0.3699101 0.1666666 0.5808216 0.1666666 0.5562839 0 0.5562839 1 0.6565856 0.8333333 0.4900687 0.8333333 0.4900687 0.8333333 0.6565856 0.8333333 0.5001702 0.6666667 0.4991555 0.3333334 0.6534022 0.3333333 0.5808216 0.1666666 0.5706383 0.5 0.6534022 0.3333333 0.4991555 0.3333334 0.6565856 0.8333333 0.6644381 0.6666668 0.5001702 0.6666667 0.6644381 0.6666668 0.8732662 0.8333334 0.8684613 0.6666667 0.5706383 0.5 0.7343329 0.5 0.6534022 0.3333333 0.6644381 0.6666668 0.7343329 0.5 0.5706383 0.5 0.7593464 1 0.8732662 0.8333334 0.6565856 0.8333333 0.6644381 0.6666668 0.8684613 0.6666667 0.7343329 0.5 0.8953848 0.1146011 1 0.3333333 1 0.06206196 0.8684613 0.6666667 0.8772112 0.5 0.7343329 0.5 0.7542313 0.1666666 0.8953848 0.1146011 0.7593464 0 0.7593464 1 0.9050244 1 0.8732662 0.8333334 0.9050244 1 1 0.9091749 0.8732662 0.8333334 0.8732662 0.8333334 1 0.9091749 0.8684613 0.6666667 1 0.3333333 0.8772112 0.5 1 0.6033291 0.1077538 0.02414453 0.187215 0.3947914 0.2033936 0.2035234 1.41227e-5 0.7274199 0.1096082 0.5 1.43825e-5 0.3882355 0.4447389 0.09285169 0.5489404 0.3981281 0.5645516 0.09092915 0.1096082 0.5 0.187215 0.3947914 1.43825e-5 0.3882355 1.41227e-5 0.7274199 0.1886824 0.9023659 0.2030826 0.6666667 0.2030826 0.6666667 0.187215 0.3947914 0.1096082 0.5 0.1886824 0.9023659 0.2417865 1 0.2464289 0.8403632 0.2528465 0.3895539 0.2033936 0.2035234 0.187215 0.3947914 0.2030826 0.6666667 0.2528465 0.3895539 0.187215 0.3947914 0.1886824 0.9023659 0.2464289 0.8403632 0.2030826 0.6666667 0.2033936 0.2035234 0.2528465 0.3895539 0.2483898 0.09207963 0.2030826 0.6666667 0.2850176 0.7313168 0.2528465 0.3895539 0.2464289 0.8403632 0.2850176 0.7313168 0.2030826 0.6666667 0.3284072 0.2193471 0.3273142 0 0.2483898 0.09207963 0.2464289 0.8403632 0.4465361 1 0.2850176 0.7313168 0.3284072 0.2193471 0.4519199 0.4379682 0.4447389 0.09285169 0.3464442 0.6058086 0.4519199 0.4379682 0.3284072 0.2193471 0.2850176 0.7313168 0.556476 0.7430618 0.3464442 0.6058086 0.4465361 1 0.5216031 0.9035393 0.556476 0.7430618 0.5645516 0.09092915 0.5239903 0 0.4447389 0.09285169 0.6206606 0.4197294 0.556476 0.7430618 0.6586074 0.6666667 0.5216031 0.9035393 0.5677291 1 0.556476 0.7430618 0.5489404 0.3981281 0.6206606 0.4197294 0.5645516 0.09092915 0.6856803 0.9319537 0.7675285 0.5344017 0.6586074 0.6666667 0.6219558 0.9131082 0.6586074 0.6666667 0.556476 0.7430618 0.6855763 0.4022797 0.6875467 0.05640524 0.5645516 0.09092915 0.6219558 0.9131082 0.6856803 0.9319537 0.6586074 0.6666667 0.7675285 0.5344017 0.8483259 0.9191708 0.8802686 0.6666666 0.6875467 0.05640524 0.7636147 0.3221809 0.763021 0 0.7636147 0.3221809 0.8468826 0 0.763021 0 0.7675285 0.5344017 0.849808 0.3520571 0.7636147 0.3221809 0.9166542 0.4446373 0.999477 0.7749589 1.000002 0.3897638 0.7636147 0.3221809 0.8914156 0.1666666 0.8468826 0 0.8802686 0.6666666 0.849808 0.3520571 0.7675285 0.5344017 0.8802686 0.6666666 0.9166542 0.4446373 0.849808 0.3520571 0.849808 0.3520571 0.9166542 0.4446373 0.8914156 0.1666666 0.8914156 0.1666666 1.000002 0.03810954 0.9232289 0 1.000002 0.3897638 1.000002 0.03810954 0.8914156 0.1666666 0.5549949 0.6948453 0.740071 0.4181548 0.5476866 0.4620394 0.1298576 1 0.1482189 0.6600394 3.92735e-6 0.7255298 0.1314979 0.5 0.2733458 0.3333334 7.4977e-6 0.384423 0.2733458 0.3333334 0.3647827 0.1666666 0.1278965 0.07052052 0.3647827 0.1666666 0.3667789 0 0.1278965 0.07052052 0.1314979 0.5 0.3648471 0.5 0.2733458 0.3333334 0.3667789 1 0.5549949 0.6948453 0.3253474 0.7475131 0.3253474 0.7475131 0.5549949 0.6948453 0.3648471 0.5 0.3667789 1 0.5232107 1 0.5549949 0.6948453 0.5549949 0.6948453 0.5476866 0.4620394 0.3648471 0.5 0.5476866 0.4620394 0.5767585 0.3333333 0.5607178 0.1479603 0.5767585 0.3333333 0.7312791 0.1666666 0.5607178 0.1479603 0.5755075 0.9412662 0.732944 0.7715234 0.5549949 0.6948453 0.5755075 0.9412662 0.7738025 1 0.732944 0.7715234 0.5767585 0.3333333 0.740071 0.4181548 0.7312791 0.1666666 0.740071 0.4181548 0.7967979 0.7976133 0.8088124 0.6207376 0.7738025 1 0.7967979 0.7976133 0.732944 0.7715234 0.740071 0.4181548 0.8088124 0.6207376 0.7978424 0.2443305 0.8912692 0 0.7978424 0.2443305 0.8879876 0.2664612 0.7738025 1 0.8928635 0.9583728 0.7967979 0.7976133 0.7978424 0.2443305 0.8849424 0.4321135 0.8879876 0.2664612 0.7967979 0.7976133 0.8849424 0.4321135 0.8088124 0.6207376 0.3230164 0.6177487 0.5385815 0.3107718 0.2671459 0.3333333 0.8849424 0.4321135 1 0.5607636 0.8879876 0.2664612 0.8928635 0.9583728 1 0.8721302 0.8849424 0.4321135 1 0.2216935 1 0 0.8912692 0 -1.87103e-7 1 0.1520321 0.6361876 3.69668e-6 0.6992457 3.69668e-6 0.6992457 0.1336143 0.5 8.94493e-6 0.3585982 3.69668e-6 0.6992457 0.1520321 0.6361876 0.1336143 0.5 0.1336143 0.5 0.2671459 0.3333333 8.94493e-6 0.3585982 0.1491523 1 0.3536038 0.8333333 0.1520321 0.6361876 0.1336143 0.5 0.3230164 0.6177487 0.2671459 0.3333333 0.7706815 0.3382847 0.9999946 0.08308613 0.7716104 0.05923539 0.5385815 0.3107718 0.5644468 0 0.346828 0.06882607 0.3230164 0.6177487 0.5549363 0.6276991 0.5332005 0.5 0.3536038 0.8333333 0.5549363 0.6276991 0.3230164 0.6177487 0.5644468 1 0.5549363 0.6276991 0.3536038 0.8333333 0.5549363 0.6276991 0.7706815 0.3382847 0.5332005 0.5 0.5385815 0.3107718 0.7716104 0.05923539 0.5644468 0 0.5549363 0.6276991 0.7737434 0.6666667 0.7706815 0.3382847 0.7686275 1 0.7915669 0.8333333 0.5549363 0.6276991 0.7686275 1 0.9999941 1 0.7915669 0.8333333 0.8909379 0.2574004 0.9999026 0.6061853 0.9999999 0.221517 0.7737434 0.6666667 0.9999948 0.4044457 0.7706815 0.3382847 0.9999941 1 1 0.7942415 0.7915669 0.8333333 0.7915669 0.8333333 1 0.7942415 0.7737434 0.6666667 0.7737434 0.6666667 1 0.7942415 0.9999948 0.4044457 1.22912e-5 0.7669904 0.165989 0.5 1.14108e-5 0.3333334 1.14108e-5 0.3333334 0.4723256 0.3333334 0.2307675 0.1666666 0.407219 1 0.776107 1 0.5596638 0.7502117 0.776107 1 0.7724571 0.7495809 0.5596638 0.7502117 0.5596638 0.7502117 0.7724571 0.7495809 0.5285221 0.5 0.5285221 0.5 0.8679443 0.5 0.7715227 0.2516504 0.7715227 0.2516504 0.8909379 0.2574004 0.776107 0 0.8679443 0.5 0.8909379 0.2574004 0.7715227 0.2516504 0.7724571 0.7495809 0.9999599 0.8723368 0.9999026 0.6061853 0.9999999 0.221517 1 0 0.776107 0 0.4104816 0.7393341 0.464626 1 0.4638442 0.7276805 3.30061e-6 0.6111841 0.1760026 0.5 0.1372696 0.3333334 3.33553e-6 0.9471148 0.2079254 1 0.1558232 0.6136223 0.1372696 0.3333334 0.1945337 0.03803241 2.91452e-6 0.1875078 3.30061e-6 0.6111841 0.1558232 0.6136223 0.1760026 0.5 0.1372696 0.3333334 0.4060258 0.262177 0.1945337 0.03803241 0.1558232 0.6136223 0.4104816 0.7393341 0.3886694 0.5389313 0.2079254 1 0.4097645 1 0.4104816 0.7393341 0.4060258 0.262177 0.4638442 0.7276805 0.4735144 0.3905993 0.4060258 0.262177 0.4735144 0.3905993 0.4640597 0.07825833 0.5664789 0.7180384 0.464626 1 0.5417324 1 0.4640597 0.07825833 0.5573347 0.3444274 0.5782164 0.1182068 0.1315054 0 0.332181 0.2507798 0.333468 0 0.6654108 1 0.7542922 0.8333334 0.5664789 0.7180384 0.5782164 0.1182068 0.7218615 0.217805 0.6654108 0 0.7218615 0.217805 0.8564516 0.07410109 0.6654108 0 0.8564933 0.3333334 0.8564516 0.07410109 0.7218615 0.217805 0.8626357 1 0.8812621 0.704505 0.7542922 0.8333334 0.7645265 0.504165 0.9999694 0.3942309 0.8564933 0.3333334 0.8564933 0.3333334 0.9999694 0.3942309 0.9999918 0.1123701 0.8812621 0.704505 1 0.7052118 0.9999694 0.3942309 1.000001 1 1 0.7052118 0.8812621 0.704505 -1.77628e-7 0.4391819 0.131806 0.4207189 -2.22171e-7 0.1278007 -5.41672e-7 0.7783821 0.1314738 0.6666666 -1.77628e-7 0.4391819 0.333468 1 0.3314585 0.7507012 0.1327472 0.9178923 0.131806 0.4207189 0.3314585 0.7507012 0.3327199 0.5 0.131806 0.4207189 0.3327199 0.5 0.332181 0.2507798 0.5444113 0 0.332181 0.2507798 0.6172182 0.3771222 0.3327199 0.5 0.5359556 0.6666668 0.5445766 0.4285016 0.5445766 0.4285016 0.6172182 0.3771222 0.332181 0.2507798 0.6172182 0.3771222 0.5359556 0.6666668 0.6327061 0.7530776 0.3314585 0.7507012 0.5441469 0.9179692 0.5359556 0.6666668 0.5441469 0.9179692 0.6342667 1 0.6327061 0.7530776 0.6831538 0.4297561 0.6327061 0.7530776 0.6928345 0.7609969 0.6928345 0.7609969 0.7748 0.3838086 0.6831538 0.4297561 0.6327061 0.7530776 0.6837322 0.9595711 0.6928345 0.7609969 0.6831538 0.4297561 0.7748 0.3838086 0.6595591 0.1302958 0.6595591 0.1302958 0.7707085 0.1666666 0.6837322 0 0.3435113 0.6073855 0.5422531 0.359227 0.2576288 0.3333333 0.7785951 0.9146221 0.8036651 0.6666667 0.6928345 0.7609969 0.7707085 0.1666666 0.7939977 0 0.6837322 0 0.7785951 0.9146221 0.8795894 0.8333333 0.8036651 0.6666667 0.7707085 0.1666666 0.90116 0.3122733 0.7939977 0 0.8036651 0.6666667 0.8867546 0.5 0.7748 0.3838086 0.7785951 0.9146221 0.9056094 1 0.8795894 0.8333333 0.90116 0.3122733 0.9997497 0.1662208 0.7939977 0 0.8867546 0.5 0.90116 0.3122733 0.7748 0.3838086 0.8795894 0.8333333 0.9999861 0.7487161 0.8036651 0.6666667 0.9056094 1 0.9999861 0.7487161 0.8795894 0.8333333 0.8867546 0.5 1.000001 0.4443426 0.90116 0.3122733 2.29143e-5 0.8333333 0.1290411 0.6062719 -1.47885e-7 0.5548398 -1.47885e-7 0.5548398 0.1290411 0.6062719 3.21654e-6 0.2547035 0.1290411 0.6062719 0.270886 0.3333333 3.21654e-6 0.2547035 0.270886 0.3333333 0.3363361 0.08426308 0.1282538 0.06643271 2.29143e-5 0.8333333 0.3296724 0.7262045 0.1290411 0.6062719 0.1290411 0.6062719 0.3296724 0.7262045 0.3490723 0.5 0.3490723 0.5 0.5895265 0.5592948 0.270886 0.3333333 0.8047036 0.3333333 0.7834346 0.1666666 0.555642 0.06766045 0.546361 0.7386587 0.7704148 0.9068612 0.7795694 0.575763 0.7834346 0.1666666 0.7707999 0 0.555642 0.06766045 0.7704148 0.9068612 0.9999813 1 0.9999088 0.7728241 0.7704148 0.9068612 0.9999088 0.7728241 0.7795694 0.575763 0.999994 0.4550163 0.9999813 0.03906285 0.7834346 0.1666666 0.7795694 0.575763 0.9999088 0.7728241 0.999994 0.4550163 6.5046e-6 0.2509406 0.1204761 0.00478357 0 0 -3.76936e-7 0.8938756 0.1395317 0.5864821 0 0.5548197 0.11948 1 0.1576994 0.8333333 -3.76936e-7 0.8938756 0 0.5548197 0.1395317 0.5864821 6.5046e-6 0.2509406 0.2576288 0.3333333 0.1204761 0.00478357 6.5046e-6 0.2509406 0.1395317 0.5864821 0.2576288 0.3333333 6.5046e-6 0.2509406 0.11948 1 0.3460711 1 0.1576994 0.8333333 0.2576288 0.3333333 0.3389487 0.06636714 0.1204761 0.00478357 0.1395317 0.5864821 0.3435113 0.6073855 0.2576288 0.3333333 0.1576994 0.8333333 0.3435113 0.6073855 0.1395317 0.5864821 0.3460711 1 0.4807633 0.8333334 0.1576994 0.8333333 0.1576994 0.8333333 0.4807633 0.8333334 0.3435113 0.6073855 0.8441581 0.04451131 0.9999926 0.3535404 0.9999924 0.1216481 0.4807633 0.8333334 0.5469568 0.5660986 0.3435113 0.6073855 0.5422531 0.359227 0.6239547 0 0.3389487 0.06636714 0.4807633 0.8333334 0.7733835 0.7522873 0.5469568 0.5660986 0.5469568 0.5660986 0.7733835 0.7522873 0.8229138 0.5269802 0.8229138 0.5269802 0.8441581 0.04451131 0.5422531 0.359227 0.6239547 1 0.8643482 1 0.7733835 0.7522873 9.97552e-6 0.5537547 0.2583134 0.8333333 0.2731487 0.6666667 0.8643482 1 1 1 0.999989 0.7497561 3.72049e-6 0.9159947 0.1520661 1 0.2583134 0.8333333 0.262468 0.471288 0.1494755 0.129125 1.94581e-6 0.1873713 0.7504635 0.8333333 0.5507566 1 0.7088648 1 0.2731487 0.6666667 0.262468 0.471288 9.97552e-6 0.5537547 0.1520661 1 0.3162692 1 0.2583134 0.8333333 0.1494755 0.129125 0.3310384 0.1666666 0.3162692 0 0.262468 0.471288 0.3310384 0.1666666 0.1494755 0.129125 0.262468 0.471288 0.4694678 0.3983867 0.3310384 0.1666666 0.2731487 0.6666667 0.4694678 0.3983867 0.262468 0.471288 0.2583134 0.8333333 0.4615025 0.7165701 0.2731487 0.6666667 0.3310384 0.1666666 0.5536292 0.09838467 0.3162692 0 0.4615025 0.7165701 0.5574983 0.5669217 0.4694678 0.3983867 0.5536292 0.09838467 0.7323862 0.4186226 0.7091385 0.02459245 0.4615025 0.7165701 0.7504635 0.8333333 0.5574983 0.5669217 0.2462794 0.2894079 0.1880648 0.5 0.2423713 0.5873875 0.5574983 0.5669217 0.7497661 0.6666667 0.7323862 0.4186226 0.7323862 0.4186226 0.9999991 0.241089 0.7091385 0.02459245 0.7323862 0.4186226 0.9999987 0.5849717 0.9999991 0.241089 0.9999991 0.241089 0.9999992 0 0.7091385 0.02459245 0.7504635 0.8333333 0.9999994 0.9174056 0.9999987 0.5849717 0.2211714 1 0.2516474 0.8153465 0.1848168 0.7231388 0.1847291 0.2707569 0.2462794 0.2894079 0.2211714 0 0.2516474 0.8153465 0.3265504 1 0.3337364 0.8333333 0.2516474 0.8153465 0.2423713 0.5873875 0.1848168 0.7231388 0.5493966 0.7275648 0.6672328 1 0.6422695 0.7142053 0.2423713 0.5873875 0.2516474 0.8153465 0.335039 0.5 0.2462794 0.2894079 0.5611516 0.1457239 0.3299782 0.06559073 0.3337364 0.8333333 0.5493966 0.7275648 0.2516474 0.8153465 0.5330284 1 0.5493966 0.7275648 0.3337364 0.8333333 0.5330284 0 0.6229064 0.2847238 0.6672328 0 0.6229064 0.2847238 0.6422695 0.7142053 0.6597224 0.5 6.76934e-6 0.7519245 0.14563 1 0.2288097 0.8333333 0.6672328 1 0.6895902 0.754108 0.6422695 0.7142053 0.6895902 0.754108 0.7779782 0.4244523 0.6597224 0.5 0.6672328 1 0.772136 1 0.7943354 0.6960227 0.7779782 0.4244523 0.7724112 0.08296704 0.6852104 0.2479377 0.7724112 0.08296704 0.8966524 0.2509973 0.8922528 0 0.7779782 0.4244523 0.8966524 0.2509973 0.7724112 0.08296704 0.7779782 0.4244523 0.9999477 0.4157893 0.8966524 0.2509973 0.8910313 0.9260738 0.9999857 0.7490713 0.7943354 0.6960227 1.000002 0.1666666 1 0 0.8922528 0 0.1481393 0.04822027 0.3095285 0.3873388 0.3277031 0.1666666 -2.69769e-5 0.4392847 0.1481393 0.04822027 6.00511e-6 0.08089822 6.76934e-6 0.7519245 0.2288097 0.8333333 0.1359437 0.5642052 0.14563 1 0.3216884 1 0.2288097 0.8333333 0.1481393 0.04822027 0.3277031 0.1666666 0.3216884 0 0.77697 0.4151063 0.5480259 0.6666666 0.7743619 0.7515917 0.1359437 0.5642052 0.3095285 0.3873388 -2.69769e-5 0.4392847 0.3216884 1 0.5105139 0.8333333 0.2288097 0.8333333 0.3217524 0.6666668 0.5317316 0.5 0.3095285 0.3873388 0.5317316 0.5 0.5420027 0.3333333 0.3095285 0.3873388 0.3216884 1 0.5476914 1 0.5105139 0.8333333 0.5420027 0.3333333 0.5474935 0.08246803 0.3277031 0.1666666 0.5420027 0.3333333 0.7747626 0.06186479 0.5474935 0.08246803 0.5105139 0.8333333 0.7743619 0.7515917 0.5480259 0.6666666 0.5420027 0.3333333 0.77697 0.4151063 0.7747626 0.06186479 0.8562801 0 0.9036568 0.2136645 0.9097594 0 0.7747626 0.06186479 0.8562147 0.2560678 0.8562801 0 0.8590068 0.5614557 0.8562147 0.2560678 0.77697 0.4151063 0.8554491 0.9237999 0.8590068 0.5614557 0.7743619 0.7515917 0.8590068 0.5614557 0.9036568 0.2136645 0.8562147 0.2560678 0.9134871 0.4477311 1 0.05527448 0.9036568 0.2136645 0.8590068 0.5614557 0.923234 0.7384675 0.9134871 0.4477311 0.9097594 0.9684737 1.000012 0.7998985 0.923234 0.7384675 0.8027549 0.09325414 0.8928667 0.3333333 0.8950639 0.1811227 0.923234 0.7384675 1.000012 0.7998985 1.00001 0.439063 -3.02452e-7 0.7786293 0.2323985 0.6666668 1.70136e-5 0.3980879 0.2379133 1 0.2531822 0.8333334 -3.02452e-7 0.7786293 0.2323985 0.6666668 0.2188631 0.5 1.70136e-5 0.3980879 0.2188631 0.5 0.438548 0.4900131 1.70136e-5 0.3980879 0.438548 0.4900131 0.6185787 0.4483646 0.2315757 0.1666666 0.2315757 0.1666666 0.5689201 0.1666666 0.2379133 0 0.6185787 0.4483646 0.5689201 0.1666666 0.2315757 0.1666666 0.2323985 0.6666668 0.6129477 0.6666667 0.438548 0.4900131 0.2531822 0.8333334 0.6129477 0.6666667 0.2323985 0.6666668 0.5689201 0.1666666 0.6507735 0 0.2379133 0 0.6129477 0.6666667 0.6185787 0.4483646 0.438548 0.4900131 0.6185787 0.4483646 0.753299 0.3791388 0.5689201 0.1666666 0.753299 0.3791388 0.7553715 0.02387619 0.5689201 0.1666666 0.6391339 0.9498484 0.7747126 0.8105456 0.6129477 0.6666667 0.6391339 0.9498484 0.7574432 1 0.7747126 0.8105456 0.6129477 0.6666667 0.7747126 0.8105456 0.753299 0.3791388 0.753299 0.3791388 0.8027549 0.09325414 0.7553715 0.02387619 0.753299 0.3791388 0.8018363 0.4375378 0.8027549 0.09325414 0.8093302 1 0.8888724 0.8333333 0.7747126 0.8105456 0.3708229 0.3333333 0.7011455 0.5 0.7045903 0.3333334 0.8018363 0.4375378 0.8932165 0.5740793 0.8928667 0.3333333 0.8888724 0.8333333 0.8932165 0.5740793 0.7747126 0.8105456 0.8766811 1 0.9999819 0.9142332 0.8888724 0.8333333 0.8928667 0.3333333 1.000001 0.2224515 0.8950639 0.1811227 0.8932165 0.5740793 1.000003 0.5 0.8928667 0.3333333 0.8888724 0.8333333 0.9999819 0.9142332 0.8932165 0.5740793 0.8932165 0.5740793 0.9999819 0.9142332 1.000003 0.5 0 0.3333333 0.1486278 0.3333334 3.47769e-5 0.1666666 4.50059e-5 0.8333333 0.156055 0.6666667 -2.84596e-7 0.6666666 0.1995899 1 0.3377524 0.8333333 4.50059e-5 0.8333333 0.1486278 0.3333334 0.3708229 0.3333333 0.2787604 0.1666666 0.3377524 0.8333333 0.37145 0.6666668 0.156055 0.6666667 0.1995899 1 0.4833989 1 0.3377524 0.8333333 0.7011455 0.5 0.37145 0.6666668 0.7085939 0.6666667 0.37145 0.6666668 0.700598 0.8333333 0.7085939 0.6666667 0.7752873 0.1169161 0.7045903 0.3333334 0.7759765 0.3333334 0.4972832 0.1666666 0.7067795 0.1666666 0.4833989 0 0.7045903 0.3333334 0.7067795 0.1666666 0.4972832 0.1666666 0.4833989 1 0.7254401 1 0.700598 0.8333333 0.7254401 1 0.7707499 0.8333333 0.700598 0.8333333 0.7045903 0.3333334 0.75 0.5830412 0.7759765 0.3333334 0.700598 0.8333333 0.75 0.5830412 0.7085939 0.6666667 0.786462 0.5856273 0.8808522 0.9040082 0.8777024 0.6666667 0.7254401 1 0.7859889 1 0.7707499 0.8333333 0.7752873 0.1169161 0.8823227 0.1666666 0.8768897 0 0.7759765 0.3333334 0.8823227 0.1666666 0.7752873 0.1169161 0.8777024 0.6666667 0.8924322 0.3697862 0.786462 0.5856273 0.8924322 0.3697862 1 0.06829059 0.8823227 0.1666666 0.8808522 0.9040082 1.000001 0.7277005 0.8777024 0.6666667 0.2436715 0.1666666 2.18402e-7 0.4449809 0.247659 0.3333333 0.8924322 0.3697862 1.000001 0.7277005 1 0.3333333 0 1 0.2493464 1 -2.47455e-6 0.7948276 0 0.05846267 0.2436715 0.1666666 0.2493464 0 0.2436715 0.1666666 0.4566856 0 0.2493464 0 0.249818 0.6666667 0.2479099 0.5 2.18402e-7 0.4449809 0.2493464 1 0.4566856 1 0.2504068 0.8333333 0.247659 0.3333333 0.4847205 0.1666666 0.2436715 0.1666666 0.247659 0.3333333 0.5015229 0.5 0.4990852 0.3333333 0.5015229 0.5 0.249818 0.6666667 0.4984801 0.6666666 0.7638416 0.3333334 0.5015229 0.5 0.7644305 0.5906626 0.2504068 0.8333333 0.5019958 0.8333333 0.4984801 0.6666666 0.5701205 1 0.7501929 0.8333333 0.5019958 0.8333333 0.4847205 0.1666666 0.7497035 0.1666666 0.5701205 0 0.4990852 0.3333333 0.7638416 0.3333334 0.7497035 0.1666666 1.000015 0.2257728 0.5137345 0.5 1 0.5987663 0.7501929 0.8333333 0.7644305 0.5906626 0.4984801 0.6666666 0.7538967 1 1 0.8723058 0.7501929 0.8333333 0.7638416 0.3333334 1.000006 0.2254741 0.7497035 0.1666666 0.7644305 0.5906626 1.000006 0.5593004 0.7638416 0.3333334 0.7501929 0.8333333 1 0.8723058 0.7644305 0.5906626 1.000006 0.2254741 1 0 0.7538967 0 0 1 0.5000477 1 -1.03323e-5 0.7959734 -2.31691e-6 0.4447736 0.5047927 0.3333334 -1.3559e-5 0.1021288 0.5005025 0.6666668 0.5137345 0.5 -2.31691e-6 0.4447736 0.5000477 1 1.000002 0.8716649 0.4998725 0.8333334 0.5047927 0.3333334 1.000015 0.2257728 0.5019772 0.08130174 0.4998725 0.8333334 1.000002 0.8716649 0.5005025 0.6666668 1.000015 0.2257728 1 0 0.5019772 0.08130174 0.5153307 0.6666667 1.000004 0.9431927 1 0.5639531 -5.08514e-6 1 0.5072094 0.8333333 -3.20023e-7 0.7216083 -3.61358e-6 0.3722376 0.5029924 0.06268209 -3.18115e-6 0.06240379 -3.20023e-7 0.7216083 0.5153307 0.6666667 0.4984174 0.5 0.5065369 1 1.000004 0.9431927 0.5072094 0.8333333 0.4965724 0.3333333 0.9999997 0.2940685 0.5029924 0.06268209 0.4984174 0.5 0.9999997 0.2940685 0.4965724 0.3333333 0.5029924 0.06268209 0.9999997 0.2940685 1.000006 0 0.1661197 0.8333334 0.09819108 1 0.1668668 1 0 1 0.09819108 1 -1.65471e-5 0.8333333 0 0.3333333 0.09813225 0.3333333 -1.01022e-5 0.1666666 -4.00186e-5 0.5 0.09813225 0.3333333 0 0.3333333 -1.65471e-5 0.8333333 0.09954273 0.6666667 0 0.6666667 -1.01022e-5 0.1666666 0.09734958 0.1666666 0.09819108 0 0.09954273 0.6666667 0.1344554 0.5 -4.00186e-5 0.5 0.09819108 0 0.1593494 0.1666666 0.1668668 0 0.1593494 0.1666666 0.09813225 0.3333333 0.1685217 0.3333334 0.09954273 0.6666667 0.1661197 0.8333334 0.167365 0.6666667 0.1344554 0.5 0.1685217 0.3333334 0.09813225 0.3333333 0.1661197 0.8333334 0.2759465 1 0.2801322 0.8333334 0.1685217 0.3333334 0.2746407 0.1666666 0.1593494 0.1666666 0.1344554 0.5 0.2939679 0.5 0.1685217 0.3333334 0.2784442 0.6666666 0.1661197 0.8333334 0.2801322 0.8333334 0.2746407 0.1666666 0.2759465 0 0.1668668 0 0.167365 0.6666667 0.2784442 0.6666666 0.2939679 0.5 0.2759465 1 0.424773 0.8333333 0.2801322 0.8333334 0.2759465 0 0.4033574 0.1666666 0.4280143 0 0.4033574 0.1666666 0.2761786 0.3333333 0.424901 0.3333333 0.2801322 0.8333334 0.4161787 0.6666667 0.2784442 0.6666666 0.4280143 1 0.5289593 0.8333333 0.424773 0.8333333 0.4161787 0.6666667 0.5475019 0.5 0.2939679 0.5 0.4280143 0 0.5286726 0.1666666 0.5419173 0 0.424901 0.3333333 0.5286726 0.1666666 0.4033574 0.1666666 0.5241574 0.6666667 0.424773 0.8333333 0.5289593 0.8333333 0.4161787 0.6666667 0.5241574 0.6666667 0.5475019 0.5 0.5286726 0.1666666 0.5961585 0.3333333 0.5973312 0.1666666 0.5419173 1 0.5981618 0.8333333 0.5289593 0.8333333 0.5966882 0.6666667 0.5289593 0.8333333 0.5981618 0.8333333 0.5241574 0.6666667 0.5966882 0.6666667 0.5475019 0.5 0.7134839 0.8333333 0.6132361 1 0.7160822 1 0.5475019 0.5 0.6159359 0.5 0.5961585 0.3333333 0.5966882 0.6666667 0.6159359 0.5 0.5475019 0.5 0.6132361 0 0.7141868 0.1666666 0.7160822 0 0.7141868 0.1666666 0.5961585 0.3333333 0.7143108 0.3333334 0.5966882 0.6666667 0.7134839 0.8333333 0.730175 0.4552113 0.6159359 0.5 0.7143108 0.3333334 0.5961585 0.3333333 0.7141868 0.1666666 0.8331888 0.3333334 0.838495 0.03880214 0.7160822 1 0.8170331 0.8333333 0.7134839 0.8333333 0.8331888 0.3333334 0.730175 0.4552113 0.8319109 0.5 0.9012238 0.8333333 0.8406445 1 0.902556 1 0.7134839 0.8333333 0.8170331 0.8333333 0.8394371 0.717188 0.8406445 1 0.8394371 0.717188 0.8170331 0.8333333 0.838495 0.03880214 0.9027388 0.3333333 0.9017865 0.09214186 0.8319109 0.5 0.9027388 0.3333333 0.8331888 0.3333334 0 0.0582177 0.145174 0.3333333 0.1610411 0.1666666 0.9012238 0.8333333 0.9016979 0.572577 0.8394371 0.717188 0.902556 1 1.000024 1 0.9012238 0.8333333 0.9027388 0.3333333 1.000006 0.3664691 0.9017865 0.09214186 0.9016979 0.572577 1.000006 0.3664691 0.9027388 0.3333333 0.9012238 0.8333333 1.00002 0.7362352 0.9016979 0.572577 1.00002 0.7362352 1.000006 0.3664691 0.9016979 0.572577 0 1 0.1389878 1 -2.37696e-6 0.8333333 0 0.0582177 0.1610411 0.1666666 0.1389878 0 0.3293414 0.3333333 0.4753655 0.5 0.5004798 0.3333333 2.51097e-7 0.5 0.145174 0.3333333 0 0.3333333 -2.37696e-6 0.8333333 0.1434606 0.6666666 0 0.6666667 0.1434606 0.6666666 0.1735637 0.5 2.51097e-7 0.5 0.145174 0.3333333 0.3293414 0.3333333 0.1610411 0.1666666 0.1683792 0.8333333 0.3303447 0.6666667 0.1434606 0.6666666 0.3292484 1 0.3461375 0.8333333 0.1683792 0.8333333 0.1735637 0.5 0.3414395 0.5 0.3293414 0.3333333 0.3292484 1 0.4545083 1 0.3461375 0.8333333 0.3430719 0.1666666 0.4545083 0 0.3292484 0 0.4753655 0.5 0.3303447 0.6666667 0.4991519 0.6666668 0.659139 0.3333333 0.5471038 0.5 0.660726 0.5 0.5004798 0.3333333 0.4999744 0.1666666 0.3430719 0.1666666 0.3461375 0.8333333 0.5005785 0.8333333 0.4991519 0.6666668 0.4545083 1 0.527853 1 0.5005785 0.8333333 0.4999744 0.1666666 0.527853 0 0.4545083 0 0.4753655 0.5 0.5471038 0.5 0.5004798 0.3333333 0.4991519 0.6666668 0.5471038 0.5 0.4753655 0.5 0.527853 1 0.6527016 0.8333333 0.5005785 0.8333333 0.4999744 0.1666666 0.6555238 0.1666666 0.527853 0 0.5004798 0.3333333 0.659139 0.3333333 0.6555238 0.1666666 0.5471038 0.5 0.6719684 0.6666667 0.660726 0.5 0.659139 0.3333333 0.8367062 0.1666666 0.6555238 0.1666666 0.6527016 0.8333333 0.6719684 0.6666667 0.4991519 0.6666668 0.6555238 0.1666666 0.8367062 0.1666666 0.6710276 0 0.659139 0.3333333 0.8139225 0.5 0.8387889 0.3333333 -7.29164e-7 0.5 0.2626882 0.3333333 5.52712e-6 0.3333333 0.6719684 0.6666667 0.8139225 0.5 0.660726 0.5 0.6527016 0.8333333 0.829748 0.8333333 0.6719684 0.6666667 0.6710276 1 0.8595468 1 0.829748 0.8333333 0.8367062 0.1666666 0.8595468 0 0.6710276 0 0.6719684 0.6666667 0.8538162 0.6666667 0.8139225 0.5 0.8139225 0.5 1.000003 0.5433425 0.8387889 0.3333333 0.8595468 1 1 0.871485 0.829748 0.8333333 0.8387889 0.3333333 1.000003 0.2255735 0.8367062 0.1666666 0.829748 0.8333333 1 0.871485 0.8538162 0.6666667 1.000003 0.2255735 1 0 0.8595468 0 -8.91101e-7 1 0.197965 0.8333334 0 0.8333333 0.3352259 0.6666667 0.6039931 0.5 0.3106404 0.5 1.82761e-5 0.6666666 0.3106404 0.5 -7.29164e-7 0.5 1.82761e-5 0.6666666 0.3352259 0.6666667 0.3106404 0.5 0.3668355 0.1666666 0.4678245 0 0.1883047 0 0.2626882 0.3333333 0.5099964 0.3333333 0.3668355 0.1666666 0.3106404 0.5 0.5099964 0.3333333 0.2626882 0.3333333 0.615145 0.1666666 0.695112 0 0.6176785 0 0.615145 0.1666666 0.6176785 0 0.4678245 0 0.5099964 0.3333333 0.6194666 0.3333333 0.615145 0.1666666 0.695112 1 0.6860157 0.8333333 0.61618 0.9128323 0.6936941 0.1666666 0.6194666 0.3333333 0.6955952 0.3333333 0.6194666 0.3333333 0.6939999 0.5 0.6955952 0.3333333 0.6939999 0.5 0.6131031 0.6666667 0.6963167 0.6666667 0.6131031 0.6666667 0.6860157 0.8333333 0.6963167 0.6666667 0.8363938 0 0.6936941 0.1666666 0.8423822 0.1666666 0.6860157 0.8333333 0.8349112 0.8333334 0.6963167 0.6666667 0.695112 1 0.8363938 1 0.8349112 0.8333334 0.6936941 0.1666666 0.8349185 0.3333333 0.8423822 0.1666666 0.6955952 0.3333333 0.8411523 0.5 0.8349185 0.3333333 0.6939999 0.5 0.8342792 0.6666667 0.8411523 0.5 0.25 0.7510458 0.3254628 1 0.3266649 0.8333333 0.8423822 0.1666666 1.000004 0.05955994 0.8363938 0 0.8349185 0.3333333 1.000003 0.3932093 0.8423822 0.1666666 0.8342792 0.6666667 1 0.7049173 0.8411523 0.5 0.8349112 0.8333334 1 0.7049173 0.8342792 0.6666667 1.000006 1 1 0.7049173 0.8349112 0.8333334 0 0.3333333 0.1743134 0.3333333 -3.33036e-5 0.1359218 0 0.6666667 0.1725541 0.6666667 -8.41547e-5 0.5 -5.85073e-5 0.8333333 0.1725541 0.6666667 0 0.6666667 0.197831 1 0.1702865 0.8333333 -5.85073e-5 0.8333333 -8.41547e-5 0.5 0.2064094 0.5 0.1743134 0.3333333 0.197831 1 0.25 0.7510458 0.1702865 0.8333333 0.1743134 0.3333333 0.2951339 0.3333333 0.2080126 0.1666666 0.1725541 0.6666667 0.25 0.7510458 0.2064094 0.5 0.3254628 0 0.2080126 0.1666666 0.3263618 0.1666666 0.25 0.7510458 0.3281717 0.5 0.2064094 0.5 0.2951339 0.3333333 0.3263618 0.1666666 0.2080126 0.1666666 0.3214518 0.6666666 0.4983323 0.8333333 0.5113595 0.6666668 0.25 0.7510458 0.3266649 0.8333333 0.3214518 0.6666666 0.3281717 0.5 0.4926764 0.3333333 0.2951339 0.3333333 0.3254628 0 0.5070385 0.1666666 0.6183058 0 0.3254628 1 0.6183058 1 0.4983323 0.8333333 0.5677059 0 0.3072677 0.1666666 0.6087616 0.1666666 0.5113595 0.6666668 0.6753113 0.5 0.3281717 0.5 0.4926764 0.3333333 0.7589273 0.1666666 0.5070385 0.1666666 0.6183058 1 0.999605 0.999706 0.4983323 0.8333333 0.4983323 0.8333333 0.999605 0.999706 0.5113595 0.6666668 0.999605 0.999706 0.9999999 0.7230961 0.5113595 0.6666668 0.7589273 0.1666666 1.000001 0.04241424 0.6183058 0 -7.30413e-6 1 0.3204365 0.8333334 -5.96598e-7 0.7217397 -3.85957e-6 0.3715807 0.3072677 0.1666666 -4.54003e-6 0.06307154 0.3072677 0.1666666 0.3409003 0 -4.54003e-6 0.06307154 -5.96598e-7 0.7217397 0.3361705 0.6666667 0.3258218 0.5 0.6087616 0.1666666 0.3310524 0.3333333 0.5704446 0.4096797 0.6666668 0.4165231 0.7696705 0.08831316 0.6087616 0.1666666 0.3361705 0.6666667 0.5704446 0.4096797 0.3258218 0.5 0.5694333 0.9114983 0.6278693 0.6666667 0.3361705 0.6666667 0.5704446 0.4096797 0.6666668 0.4165231 0.6087616 0.1666666 0.6278693 0.6666667 0.6666668 0.4165231 0.5704446 0.4096797 0.7694277 1 0.7726259 0.7576102 0.6666667 0.9165484 0.6666668 0.4165231 0.7726259 0.7576102 0.770568 0.4254798 1.000026 0.3970997 0.7726259 0.7576102 1 0.7675812 0.7694277 1 1.000027 1 0.7726259 0.7576102 1.000026 0.3970997 1.000021 0.03820145 0.7696705 0.08831316 0.4440472 0.7110618 0.6078648 0.2016916 0.3091619 0.1666666 0 0.2268273 0.3091619 0.1666666 -1.41166e-6 0 0 0.2268273 0.4440472 0.7110618 0.3091619 0.1666666 0.3091619 0.1666666 0.6078648 0.2016916 0.3289847 0 0.5625675 0.6666667 0.319174 0.8333334 0.6041198 0.8017765 0.6075987 0 0.7701341 0.2356001 0.7708599 0 0.3289847 1 0.6075987 1 0.6041198 0.8017765 0.5625675 0.6666667 0.5728126 0.3806329 0.4440472 0.7110618 0.6078648 0.2016916 0.7716004 0.5827488 0.7701341 0.2356001 0.7708599 0 1.000025 0.2701445 1 0 0.7701556 0.9140634 0.7716004 0.5827488 0.6041198 0.8017765 0.7701556 0.9140634 1.000021 0.6277293 0.7716004 0.5827488 0.2293235 0.1666666 0.4860201 0.3333333 0.55037 0.1666666 0.7716004 0.5827488 1.000021 0.6277293 1.000025 0.2701445 -7.29313e-6 0.3707151 0.2293235 0.1666666 -8.97755e-6 0.06479763 0.2293235 0.1666666 0.2889779 0 -8.97755e-6 0.06479763 0.2293235 0.1666666 0.55037 0.1666666 0.2889779 0 1.33609e-4 0.6666667 0.5019487 0.887849 0.5530784 0.7228937 0.2828675 0.5 0.4860201 0.3333333 0.2276899 0.3333333 0.55037 0.1666666 0.6666667 0 0.5644422 0 0.55037 0.1666666 0.5644422 0 0.2889779 0 0.2828675 0.5 0.6221333 0.5476971 0.4860201 0.3333333 0.4860201 0.3333333 0.6428814 0.2687088 0.55037 0.1666666 0.6666667 0 0.767215 0.1666666 0.7708637 0 0.6666667 0.9081434 0.6221333 0.5476971 0.5530784 0.7228937 0.7684249 0.6666667 0.6666667 0.9081434 0.7702409 0.924869 0.7657593 0.4088214 0.767215 0.1666666 0.6428814 0.2687088 0.6221333 0.5476971 0.7684249 0.6666667 0.7657593 0.4088214 1 0 0.767215 0.1666666 1 0.2441871 0.7684249 0.6666667 1.000106 0.5792604 0.7657593 0.4088214 0.7702409 0.924869 1.000045 0.8904657 0.7684249 0.6666667 0.5153515 0.6666667 1.000004 0.9427103 1 0.5639408 1.000106 0.5792604 1 0.2441871 0.7657593 0.4088214 -6.54237e-6 1 0.506678 0.8333333 0 0.7218098 -3.68656e-6 0.3719962 0.4972347 0.1666666 -4.09881e-6 0.06224966 0.4972347 0.1666666 0.5050627 0 -4.09881e-6 0.06224966 0 0.7218098 0.5153515 0.6666667 0.4997059 0.5 0.5050627 1 1.000004 0.9427103 0.506678 0.8333333 0.4965688 0.3333333 1 0.294691 0.4972347 0.1666666 0.4997059 0.5 1 0.294691 0.4965688 0.3333333 0.4972347 0.1666666 1 0.294691 1.000006 0 0.1245523 0.1666666 0.2287199 0.3333333 0.2284938 0.1666666 -9.34038e-7 1 1.000005 0.8333333 -3.87576e-7 0.7276883 -9.34038e-7 1 1.000004 1 1.000005 0.8333333 -2.24278e-7 0.08335489 1.000004 0.2618333 1.000004 0 -2.66767e-7 0.757352 1.000004 0.9209108 1.000004 0.5831518 -3.38027e-7 0.4166449 1.000005 0.08014363 0 0.1051937 -4.558e-7 0.7723174 1.000005 0.7427828 -3.38027e-7 0.4166449 -2.54927e-7 0.5602828 1.000003 0.4049105 -3.14168e-7 0.2269487 -3.12335e-7 0.8686011 1.000003 0.7430388 -2.54927e-7 0.5602828 1.000003 0.4049105 1.000003 0.07148081 -3.14168e-7 0.2269487 1.000003 0.7430388 1.000003 0.4049105 -2.54927e-7 0.5602828 -2.20962e-7 0.7723358 1.000005 0.6666667 -3.24038e-7 0.4166886 -6.81718e-7 1 0.125032 0.8333333 0 0.8333333 0 0.1666666 0.1245523 0.1666666 -6.81718e-7 0 0 0.5 0.1257754 0.5 0 0.3333333 -4.02105e-7 0.6666667 0.1257754 0.5 0 0.5 0 0.3333333 0.1301776 0.3333333 0.1245523 0.1666666 0.125032 0.8333333 0.1293691 0.6666667 -4.02105e-7 0.6666667 0.1159062 1 0.2108076 1 0.125032 0.8333333 0.1245523 0.1666666 0.2108076 0 0.1159062 0 0.1301776 0.3333333 0.2138685 0.5 0.2287199 0.3333333 0.2138685 0.5 0.1293691 0.6666667 0.2491489 0.6666667 0.1293691 0.6666667 0.2126505 0.8333334 0.2491489 0.6666667 0.2126505 0.8333334 0.2702161 1 0.2740167 0.8333333 0.2284938 0.1666666 0.2841121 0.3333333 0.2904247 0.1666666 0.2284938 0.1666666 0.2702161 0 0.2108076 0 0.2138685 0.5 0.272633 0.5 0.2287199 0.3333333 0.2126505 0.8333334 0.2740167 0.8333333 0.2491489 0.6666667 0.2284938 0.1666666 0.2904247 0.1666666 0.2702161 0 0.2702161 1 0.3534017 0.8333333 0.2740167 0.8333333 0.3561553 0.3333333 0.272633 0.5 0.3696815 0.5 0.2841121 0.3333333 0.3561553 0.3333333 0.2904247 0.1666666 0.272633 0.5 0.3689592 0.6666668 0.3696815 0.5 0.2740167 0.8333333 0.3689592 0.6666668 0.2491489 0.6666667 0.457925 0.8333333 0.3597244 1 0.4560757 1 0.3696815 0.5 0.4770137 0.6666667 0.4899896 0.5 0.3817751 0.1666666 0.4560757 0 0.3597244 0 0.3696815 0.5 0.4553713 0.3333333 0.3561553 0.3333333 0.3534017 0.8333333 0.457925 0.8333333 0.3689592 0.6666668 0.3817751 0.1666666 0.4758476 0.1666666 0.4560757 0 0.4553713 0.3333333 0.4758476 0.1666666 0.3817751 0.1666666 0.457925 0.8333333 0.5228406 1 0.5265741 0.8333334 0.5378074 0.1666667 0.7106786 0.3333333 0.7120715 0.1666666 0.4899896 0.5 0.5256372 0.3333334 0.4553713 0.3333333 0.457925 0.8333333 0.5265741 0.8333334 0.4770137 0.6666667 0.4770137 0.6666667 0.5398672 0.6666667 0.4899896 0.5 0.5265741 0.8333334 0.5398672 0.6666667 0.4770137 0.6666667 0.4899896 0.5 0.6067702 0.5 0.5256372 0.3333334 0.5378074 0.1666667 0.6982732 0 0.5228406 0 0.5378074 0.1666667 0.7120715 0.1666666 0.6982732 0 0.5398672 0.6666667 0.7118493 0.8333333 0.7087334 0.6666667 0.6067702 0.5 0.7106786 0.3333333 0.5256372 0.3333334 0.7120715 0.1666666 0.7715565 0 0.6982732 0 0.6067702 0.5 0.7412944 0.5 0.7106786 0.3333333 0.7120715 0.1666666 0.7690544 0.3333333 0.7738748 0.1666666 0.7704934 0.6666668 0.7118493 0.8333333 0.7694718 0.919894 0.7087334 0.6666667 0.7704934 0.6666668 0.7412944 0.5 0.8805166 0 0.7738748 0.1666666 0.8771754 0.1666666 0.7704934 0.6666668 0.8752413 0.5 0.7412944 0.5 0.7694718 0.919894 0.8742781 0.8333333 0.7704934 0.6666668 0.7694718 0.919894 0.8805166 1 0.8742781 0.8333333 0.7738748 0.1666666 0.8783413 0.3333333 0.8771754 0.1666666 0.1146958 0 0.1951102 0.1666666 0.197219 0 0.8752413 0.5 0.8783413 0.3333333 0.7690544 0.3333333 0.8805166 1 0.9999999 0.8721973 0.8742781 0.8333333 0.8783413 0.3333333 1.000002 0.2247703 0.8771754 0.1666666 0.8752413 0.5 1.000002 0.5600498 0.8783413 0.3333333 0.8742781 0.8333333 0.9999999 0.8721973 0.8741272 0.6666668 1.000002 0.2247703 1 0 0.8805166 0 0 1 0.1146958 1 -1.40945e-5 0.8333334 -6.41369e-5 0.1666666 0.1146958 0 0 0 -2.35916e-5 0.5 0.1163619 0.3333333 0 0.3333333 0 0.6666667 0.1147165 0.6666667 -2.35916e-5 0.5 0.1163619 0.3333333 0.1153303 0.1666666 -6.41369e-5 0.1666666 -1.40945e-5 0.8333334 0.1376252 0.8333333 0.1147165 0.6666667 0.1146958 1 0.197219 1 0.1376252 0.8333333 0.1153303 0.1666666 0.1964768 0.3333334 0.1951102 0.1666666 0.1163619 0.3333333 0.1947281 0.5 0.1964768 0.3333334 0.1947281 0.5 0.1147165 0.6666667 0.195784 0.6666666 0.197219 0 0.3248597 0.1666666 0.3341642 0 0.197219 1 0.2197378 0.8333333 0.1376252 0.8333333 0.3248597 0.1666666 0.1964768 0.3333334 0.3359584 0.3333333 0.3359584 0.3333333 0.1947281 0.5 0.3422809 0.5 0.1947281 0.5 0.3214492 0.6666667 0.3422809 0.5 0.6149459 0.3333333 0.3422809 0.5 0.6110755 0.5 0.2197378 0.8333333 0.3214492 0.6666667 0.195784 0.6666666 0.3341642 1 0.3745837 0.8333334 0.2197378 0.8333333 0.3248597 0.1666666 0.611643 0.1666666 0.3341642 0 0.3359584 0.3333333 0.611643 0.1666666 0.3248597 0.1666666 0.611643 0.1666666 0.6161751 0 0.3341642 0 0.6955459 0.8333333 0.6161751 1 0.6975451 1 0.6161751 1 0.6126303 0.8333333 0.3745837 0.8333334 0.6975451 0 0.611643 0.1666666 0.7048208 0.2522431 0.611643 0.1666666 0.6666667 0.4171258 0.7048208 0.2522431 0.6141825 0.6666667 0.6666667 0.4171258 0.6110755 0.5 0.6141825 0.6666667 0.6955459 0.8333333 0.7158404 0.5283961 0.6955459 0.8333333 0.8307313 1 0.8371865 0.8333334 0.6666667 0.4171258 0.7158404 0.5283961 0.7048208 0.2522431 0.7048208 0.2522431 0.8307313 0 0.6975451 0 0.7158404 0.5283961 0.8371865 0.8333334 0.8348696 0.6666667 0.8293202 0.3333333 0.8375906 0.1666666 0.7048208 0.2522431 0.8371865 0.8333334 1 1 1 0.8333333 0.7158404 0.5283961 1.000023 0.5635542 0.8293202 0.3333333 0.8293202 0.3333333 0.9999998 0.2282562 0.8375906 0.1666666 1.000023 0.5635542 0.9999998 0.2282562 0.8293202 0.3333333 0.8371865 0.8333334 1.000023 0.5635542 0.8348696 0.6666667 0.1390158 1 0.2349824 0.8333333 0.1360581 0.8333333 0 0.3333333 0.1394696 0.3333334 -2.49804e-5 0.1355538 0 0.6666667 0.1572424 0.6666668 -6.48878e-5 0.5 -4.00832e-5 0.8333333 0.1572424 0.6666668 0 0.6666667 0.1390158 1 0.1360581 0.8333333 -4.00832e-5 0.8333333 -6.48878e-5 0.5 0.1361787 0.5 0.1394696 0.3333334 0.1394696 0.3333334 0.2358989 0.5 0.2361232 0.3333334 0.1663285 0.1666666 0.2369215 0 0.1390158 0 0.1394696 0.3333334 0.2361232 0.3333334 0.1663285 0.1666666 0.4043258 0.8333333 0.2369215 1 0.4027882 1 0.1663285 0.1666666 0.2619988 0.1666666 0.2369215 0 0.2361232 0.3333334 0.2619988 0.1666666 0.1663285 0.1666666 0.2361232 0.3333334 0.3999828 0.5 0.401423 0.3333334 0.4043258 0.8333333 0.6220657 1 0.7448945 0.9129691 0.2611667 0.6666666 0.3999828 0.5 0.2358989 0.5 0.2349824 0.8333333 0.4043258 0.8333333 0.2611667 0.6666666 0.2619988 0.1666666 0.4932854 0.1666666 0.4027882 0 0.4043258 0.8333333 0.5757805 0.6666667 0.2611667 0.6666666 0.861061 0 0.7649644 0.1666666 0.8620405 0.2586426 0.4043258 0.8333333 0.7448945 0.9129691 0.5757805 0.6666667 0.4932854 0.1666666 0.7649644 0.1666666 0.6220657 0 0.5757805 0.6666667 0.7401308 0.5999419 0.6496082 0.1925306 0.7649644 0.1666666 0.7631095 0 0.6220657 0 0.6496082 0.1925306 0.7629727 0.3333333 0.7649644 0.1666666 0.7448945 0.9129691 0.7401308 0.5999419 0.5757805 0.6666667 0.7401308 0.5999419 0.8358424 0.5 0.7629727 0.3333333 0.7401308 0.5999419 0.8398726 0.6962315 0.8358424 0.5 0 0.7217188 0.244745 1 0.241271 0.8333334 0.8358424 0.5 0.8620405 0.2586426 0.7629727 0.3333333 0.8620405 0.2586426 1.000012 0.1346966 0.861061 0 0.8398726 0.6962315 1.000031 0.4415445 0.8358424 0.5 0.8620132 0.9274067 1.000032 0.7621763 0.8398726 0.6962315 0.8620132 0.9274067 1 1 1.000032 0.7621763 0.4884337 0.8333334 0.244745 1 0.5008586 1 0.2465878 0.1666666 0.244745 0 0 0.1084738 -2.63741e-6 0.3716537 0.2465878 0.1666666 0 0.1084738 0 0.7217188 0.2501325 0.6666666 0.2423317 0.5 0.2423317 0.5 0.4310222 0.3333333 0.24909 0.3333333 0.24909 0.3333333 0.4310222 0.3333333 0.2465878 0.1666666 0.2423317 0.5 0.5006678 0.6666666 0.5006791 0.5 0.2501325 0.6666666 0.4884337 0.8333334 0.5006678 0.6666666 0.5412268 0.3333333 0.7656067 0.5 0.7550526 0.3333333 0.2465878 0.1666666 0.5007987 0.1666666 0.5008586 0 0.4310222 0.3333333 0.5412268 0.3333333 0.5007987 0.1666666 0.5006791 0.5 0.5412268 0.3333333 0.4310222 0.3333333 0.5008586 1 0.7563181 0.8333333 0.4884337 0.8333334 0.5412268 0.3333333 0.7537676 0.1666666 0.5007987 0.1666666 0.4884337 0.8333334 0.7563181 0.8333333 0.5006678 0.6666666 0.7537676 0.1666666 0.7581192 0 0.5008586 0 0.7656067 0.5 0.5006678 0.6666666 0.7562987 0.6666668 0.4191388 0.2668327 0.2095991 0.5 0.4248465 0.5 0.7581192 1 1.000007 0.9402598 0.7563181 0.8333333 0.7550526 0.3333333 1 0.2954723 0.7537676 0.1666666 0.7656067 0.5 1 0.2954723 0.7550526 0.3333333 0.7563181 0.8333333 1.000005 0.6067577 0.7562987 0.6666668 0.7537676 0.1666666 1 0.2954723 1.000011 0 -7.88264e-7 0.4450099 0.2119321 0.3333333 -7.07934e-6 0.1666666 -7.07934e-6 0.1666666 0.2395172 0.1666666 1.21372e-4 0 0.2317917 0.6666667 0.2095991 0.5 -7.88264e-7 0.4450099 1.21372e-4 1 0.4146382 1 0.2038776 0.8333333 0.2395172 0.1666666 0.4146382 0 1.21372e-4 0 0.4146382 1 0.4500086 0.8333333 0.2038776 0.8333333 0.2395172 0.1666666 0.4191388 0.2668327 0.4146382 0 0.2317917 0.6666667 0.4248465 0.5 0.2095991 0.5 0.2317917 0.6666667 0.4500086 0.8333333 0.4649521 0.6196195 0.4146382 0 0.5466175 0.1666666 0.544391 0 0.4191388 0.2668327 0.4649521 0.6196195 0.5461826 0.3333333 0.4191388 0.2668327 0.5461826 0.3333333 0.5466175 0.1666666 0.5732366 0.6666667 0.4500086 0.8333333 0.5911411 0.8187127 0.5732366 0.6666667 0.5768792 0.5 0.4649521 0.6196195 0.5461826 0.3333333 0.7609325 0.5 1.000009 0.2709343 0.5461826 0.3333333 0.7420075 0.1666666 0.5466175 0.1666666 0.7420075 0.1666666 0.7677523 0 0.544391 0 0.5768792 0.5 0.5911411 0.8187127 0.7609325 0.5 0.7677523 0 1.000009 0.2709343 1 0 0.7609325 0.5 0.9999999 0.6050506 1.000009 0.2709343 0.5911411 0.8187127 0.9999999 0.6050506 0.7609325 0.5 1 1 0.9999999 0.6050506 0.7670416 0.9722369 0.2107156 0.8333333 0.4930409 1 0.4979279 0.8333333 -7.38962e-6 1 0.2107156 0.8333333 -6.56513e-7 0.7217035 -3.56974e-6 0.3712723 0.20306 0.1666666 -4.57779e-6 0.06341844 0.20306 0.1666666 0.2120309 0 -4.57779e-6 0.06341844 -6.56513e-7 0.7217035 0.2655569 0.6666667 0.2099662 0.5 0.1924099 0.3333333 0.4785868 0.3333333 0.20306 0.1666666 0.2099662 0.5 0.4785868 0.3333333 0.1924099 0.3333333 0.2120309 0 0.4742016 0.1666666 0.4930409 0 0.4930409 0 0.7115445 0.1666666 0.7044727 0 0.2099662 0.5 0.4606295 0.5 0.4785868 0.3333333 0.2655569 0.6666667 0.524141 0.6666666 0.4606295 0.5 0.4979279 0.8333333 0.524141 0.6666666 0.2655569 0.6666667 0.4606295 0.5 0.6735597 0.5343785 0.4785868 0.3333333 0.524141 0.6666666 0.6735597 0.5343785 0.4606295 0.5 0.4930409 1 0.7122874 0.9208039 0.4979279 0.8333333 0.7115445 0.1666666 0.4785868 0.3333333 0.7148805 0.3730978 0.4979279 0.8333333 0.6735597 0.5343785 0.524141 0.6666666 0.6735597 0.5343785 0.7148805 0.3730978 0.4785868 0.3333333 0.7115445 0.1666666 0.8277201 0.4023826 0.8277777 0.08055746 0.827316 1 0.8289455 0.7499249 0.7122874 0.9208039 0.7148805 0.3730978 0.8289455 0.7499249 0.8277201 0.4023826 0.8277777 0.08055746 1.000017 0.4377179 1 0.06471109 0.827316 1 1.000014 0.793965 0.8289455 0.7499249 1.000013 0.2258411 0.5129646 0.5 1 0.6002396 0.8289455 0.7499249 1.000014 0.793965 1.000017 0.4377179 -2.11488e-4 1 0.3440973 0.7684662 -3.75469e-5 0.7253089 -6.26632e-5 0.3630633 0.347562 0.1666666 -1.15383e-4 0.07573747 0.347562 0.1666666 0.4408591 0 -1.15383e-4 0.07573747 -3.75469e-5 0.7253089 0.3440973 0.7684662 0.3445159 0.4328806 0.3445159 0.4328806 0.5 0.6053152 0.5 0.2497222 0.3440973 0.7684662 0.4408591 0.9492693 0.5 0.6053152 0.4408591 0.9492693 0.6530291 1 0.6543831 0.7647103 0.5 0.2497222 0.6552951 0.4217684 0.6526519 0.0994426 0.6543831 0.7647103 0.6552951 0.4217684 0.5 0.6053152 0.6530291 1 1.000119 0.9261459 0.6543831 0.7647103 0.6552951 0.4217684 1.000044 0.300593 0.6526519 0.0994426 0.6526519 0.0994426 1.000044 0.300593 1.000214 0 0 1 0.4997362 1 -8.34771e-6 0.7959022 -2.71526e-6 0.4445424 0.5047326 0.3333333 -1.15646e-5 0.1030942 -1.15646e-5 0.1030942 0.5040564 0.1666666 0.4997362 0 0.5004147 0.6666666 0.5129646 0.5 -2.71526e-6 0.4445424 0.4997362 1 1.000002 0.870774 0.4997301 0.8333334 0.5047326 0.3333333 1.000013 0.2258411 0.5040564 0.1666666 0.4997301 0.8333334 1.000002 0.870774 0.5004147 0.6666666 1.000013 0.2258411 1 0 0.4997362 0 1.000005 0.2239194 0.5148543 0.5 1 0.6027674 0 1 0.497716 1 -3.90564e-6 0.794791 0 0.4448545 0.5061106 0.3333334 -4.30655e-6 0.104457 -4.30655e-6 0.104457 0.504799 0.1666666 0.497716 0 0.4998146 0.6666667 0.5148543 0.5 0 0.4448545 0.497716 1 1 0.8718574 0.4971998 0.8333333 0.5061106 0.3333334 1.000005 0.2239194 0.504799 0.1666666 0.4971998 0.8333333 1 0.8718574 0.4998146 0.6666667 1.000005 0.2239194 1 0 0.497716 0 1.000005 0.7253212 0.5995461 1 1.000009 1 0 1 0.5005965 1 -1.29648e-5 0.7965281 -9.98542e-6 0.4442321 0.5044729 0.3333333 -1.69657e-5 0.1016116 -1.69657e-5 0.1016116 0.5045503 0.1666666 0.5005965 0 0.5006242 0.6666667 0.5050472 0.5 -9.98542e-6 0.4442321 0.5005965 1 1.000003 0.8703601 0.5009073 0.8333333 0.5044729 0.3333333 1.00002 0.2276692 0.5045503 0.1666666 0.5050472 0.5 1.000015 0.5597555 0.5044729 0.3333333 0.5009073 0.8333333 1.000003 0.8703601 0.5006242 0.6666667 1.00002 0.2276692 1 0 0.5005965 0 -7.87348e-7 0.2011455 1.000004 0 0 0 0 0.916667 1.000004 0.9166427 -1.44414e-7 0.5833534 -7.87348e-7 0.2011455 1.000003 0.2644274 1.000004 0 1.000003 0.4063882 1.000003 0.08331054 0 0.272125 -2.74255e-7 0.5 1.000003 0.4063882 0 0.272125 1.000003 1 1.000003 0.7352412 -1.41049e-7 0.8548869 0 1 1.000004 1 -1.21574e-7 0.7723896 -2.81429e-7 0.4459534 1.000004 0.4051884 0 0.1057232 -1.21574e-7 0.7723896 1.000004 0.7427591 -2.81429e-7 0.4459534 1.000004 0.7427591 1.000004 0.4051884 -2.81429e-7 0.4459534 1.12126e-5 0.6666668 0.319737 0.5 7.00575e-7 0.5 0.319737 0.5 0.2995278 0.3333333 1.67869e-5 0.3333333 1.12126e-5 0.6666668 0.3288273 0.6666667 0.319737 0.5 0.2155542 1 0.5199737 0.8333333 5.18473e-5 0.8333333 0.2155542 1 0.5995461 1 0.5199737 0.8333333 0.2995278 0.3333333 0.5975235 0.3333333 0.2728368 0.1666666 0.319737 0.5 0.5975235 0.3333333 0.2995278 0.3333333 0.319737 0.5 0.6864117 0.5 0.5975235 0.3333333 0.3514699 0.3333333 0.6057267 0.5 0.6059307 0.2461215 0.6864117 0.5 0.9999863 0.3333333 0.5975235 0.3333333 0.5199737 0.8333333 1.000005 0.7253212 0.6692557 0.6666668 0.6692557 0.6666668 1.000005 0.7253212 0.6864117 0.5 -6.29293e-7 0.2716667 0.3438196 0.1666666 2.69542e-4 0 1.04225e-6 0.6344165 0.346657 0.5 -6.29293e-7 0.2716667 -6.29293e-7 0.2716667 0.3514699 0.3333333 0.3438196 0.1666666 0.6181336 0.9552551 0.5640039 0.8333333 0.5278577 0.6779984 0.3438196 0.1666666 0.6181336 0 2.69542e-4 0 0.5278577 0.6779984 0.6181336 0.9552551 0.7506559 0.7592551 0.5278577 0.6779984 0.7506559 0.7592551 0.6057267 0.5 0.115677 0.0747565 -9.28345e-6 0.3917388 0.1406884 0.3742407 0.6181336 0.9552551 0.7724938 1 0.7506559 0.7592551 0.6059307 0.2461215 0.7701687 0.4273561 0.770321 0.09456771 0.7506559 0.7592551 0.7701687 0.4273561 0.6057267 0.5 0.7724938 1 1.000068 1 0.7506559 0.7592551 0.7701687 0.4273561 1.000018 0.3671351 0.770321 0.09456771 1.000054 0.7362317 1.000018 0.3671351 0.7701687 0.4273561 -3.747e-7 0.7068532 1.000004 0.5760485 -4.67487e-7 0.3937111 1.000004 0.5760485 1.000003 0.2454667 -4.67487e-7 0.3937111 -5.43764e-5 0.6666666 0.1138672 0.5538297 -9.28345e-6 0.3917388 0.1138672 0.5538297 0.1918821 0.9283594 0.212737 0.5366123 0.1128618 0.8333333 0.1138672 0.5538297 -5.43764e-5 0.6666666 0.115677 0.0747565 0.2041267 0.2553605 0.1964676 0 0.212737 0.5366123 0.1406884 0.3742407 0.1138672 0.5538297 0.212737 0.5366123 0.3213758 0.9098715 0.3177745 0.6664329 0.1406884 0.3742407 0.212737 0.5366123 0.2041267 0.2553605 0.2041267 0.2553605 0.3218527 0 0.1964676 0 0.465505 0.6666667 0.3213758 0.9098715 0.4671848 0.9056584 0.3610144 0.2751487 0.49905 0 0.3218527 0 0.7168027 0.9175596 0.8277961 0.4709128 0.698229 0.606289 0.465505 0.6666667 0.612784 0.4228894 0.3177745 0.6664329 0.4671848 0.9056584 0.6117727 0.7666373 0.465505 0.6666667 0.612784 0.4228894 0.6445182 0.02688825 0.3610144 0.2751487 0.465505 0.6666667 0.6117727 0.7666373 0.612784 0.4228894 0.612784 0.4228894 0.698229 0.606289 0.6965939 0.1957913 0.6117727 0.7666373 0.6439314 0.9518709 0.698229 0.606289 0.6965939 0.1957913 0.8416905 0.2857487 0.715494 0 0.8277961 0.4709128 0.8416905 0.2857487 0.6965939 0.1957913 0.3201167 0.93554 0.4353095 0.5740063 0.3070015 0.542839 0.8416905 0.2857487 1 0.03882509 0.8482466 0 0.8277961 0.4709128 1 0.388573 0.8416905 0.2857487 1 0.388573 1 0.03882509 0.8416905 0.2857487 0.8277961 0.4709128 1 0.772826 1 0.388573 -5.3095e-7 0.6116843 0.3070015 0.542839 9.79223e-6 0.2497436 0.3201167 0.93554 0.3070015 0.542839 0.2086114 0.7539119 0.4576296 0.2506039 0.5749806 0 0.436356 0 0.4576296 0.2506039 0.5740953 0.5937411 0.5739945 0.2473388 0.5740953 0.5937411 0.4353165 0.9215725 0.5747112 0.9186369 0.271512 0 0.667734 0.2834963 0.6642443 0 0.5747112 0.9186369 0.7891842 1 0.7384262 0.7530623 0.5739945 0.2473388 0.7901255 0.4162329 0.7870487 0.07037329 0.7384262 0.7530623 0.7901255 0.4162329 0.5740953 0.5937411 0.7891842 1 0.9998656 0.7773104 0.7384262 0.7530623 0.7384262 0.7530623 0.9998656 0.7773104 0.7901255 0.4162329 0.7901255 0.4162329 1.000002 0.1282442 0.7870487 0.07037329 0.7891842 1 1 1 0.9998656 0.7773104 0.9998656 0.7773104 1 0.3933959 0.7901255 0.4162329 -6.55598e-7 0.5608847 0.2856109 0.3333333 -3.63215e-5 0.2218298 0.271512 1 0.6572081 0.7585496 1.54181e-4 0.871998 -6.55598e-7 0.5608847 0.6551353 0.5 0.2856109 0.3333333 1.54181e-4 0.871998 0.6572081 0.7585496 -6.55598e-7 0.5608847 0.5727865 0.7091826 0.2286838 1 0.5493013 1 0.6642443 1 1.000002 0.9620804 0.6572081 0.7585496 0.667734 0.2834963 1.000003 0 0.6642443 0 0.6551353 0.5 1.000003 0.2722849 0.667734 0.2834963 0.6572081 0.7585496 1.000005 0.6104709 0.6551353 0.5 0.6572081 0.7585496 1.000002 0.9620804 1.000005 0.6104709 -1.39989e-5 0.56107 0.226273 0.4031581 -6.62702e-6 0.2227031 0.5931032 0.2780684 0.7362059 0.5277356 0.72902 0.3333333 1.39433e-4 0.8716363 0.5727865 0.7091826 -1.39989e-5 0.56107 0.9999998 0.5 0 0.7499987 1 0.8307265 0.5727865 0.7091826 0.768948 1 0.7674253 0.7558107 0.72902 0.3333333 0.7709911 0.09849989 0.5931032 0.2780684 0.768948 1 1.000034 0.9665501 0.7674253 0.7558107 0.7362059 0.5277356 1.000041 0.2706557 0.72902 0.3333333 0.7674253 0.7558107 1.000077 0.5983949 0.7362059 0.5277356 0.7674253 0.7558107 1.000034 0.9665501 1.000077 0.5983949 -4.30038e-6 0.6056473 0.5018139 0.5737012 -3.94113e-6 0.295163 -1.0421e-5 0.9437838 0.5016319 0.8333333 -4.30038e-6 0.6056473 0.5021647 1 1.000011 0.9437481 0.5016319 0.8333333 0.5021871 0.3333333 1.000004 0.2953899 0.5018543 0.08826297 0.5018139 0.5737012 1.000004 0.2953899 0.5021871 0.3333333 0.5016319 0.8333333 1.000005 0.6054528 0.5018139 0.5737012 0.5018543 0.08826297 1.000004 0.2953899 1.000016 0 0.9999998 0.2425737 1 0 0 0.08333325 0.9999998 0.5 0.9999998 0.2425737 0 0.4122193 0.5290707 0.3851519 0.7041934 0.07163476 0.3649026 0.1666666 -8.3194e-7 0.2723581 0.3649026 0.1666666 -1.4284e-6 0 -8.3194e-7 0.2723581 0.2730029 0.3333334 0.3649026 0.1666666 0.2682377 0.9154309 0.5328913 0.9347334 0.3678228 0.5587337 0.7052533 1 0.7020155 0.7511034 0.5328913 0.9347334 0.5290707 0.3851519 0.7020155 0.7511034 0.7046827 0.420037 0.8279961 0.7451855 0.7052533 1 0.8272834 1 0.7041934 0.07163476 0.8286655 0.4210009 0.8268579 0.0757358 0.7046827 0.420037 0.8279961 0.7451855 0.8286655 0.4210009 0.8286655 0.4210009 1.000017 0.7739374 1 0.3885318 0.8286655 0.4210009 1.000023 0.1314846 0.8268579 0.0757358 0.8272834 1 1 1 1.000017 0.7739374 2.93766e-5 0 0.6524196 0.1962593 0.6453799 0 2.46476e-5 0.9180734 0.6453799 1 0.5691287 0.7456607 1 0.09075903 -1.58825e-7 0.3333333 1 0.5011495 0.5691287 0.7456607 0.6319557 0.4928301 3.07987e-5 0.5850313 0.6453799 1 0.9997258 0.7231573 0.5691287 0.7456607 0.5691287 0.7456607 0.9997258 0.7231573 0.6319557 0.4928301 0.6319557 0.4928301 1.000005 0.371472 0.6524196 0.1962593 0.6453799 1 1 1 0.9997258 0.7231573 0.9997258 0.7231573 1.000005 0.371472 0.6319557 0.4928301 -2.59124e-7 0.9473574 0.9999999 1 1 0.8333333 -1.58825e-7 0.5877818 1 0.8333333 1 0.5011495 0.3325552 0.1666666 0.6458624 0.3333334 0.6573165 0.1666666 -6.7154e-7 0.5610364 0.1770039 0.3907073 -2.66008e-6 0.22228 -1.08973e-6 0.8719171 0.1560249 0.7365638 -6.7154e-7 0.5610364 0.1560249 0.7365638 0.1770039 0.3907073 -6.7154e-7 0.5610364 0.1813717 1 0.3502249 0.8934553 0.1560249 0.7365638 0.1770039 0.3907073 0.4216089 0.335199 0.1768624 0.06265145 0.1560249 0.7365638 0.3502249 0.8934553 0.3429326 0.4856309 0.1770039 0.3907073 0.3429326 0.4856309 0.4216089 0.335199 0.4216089 0.335199 0.4541265 0 0.3543753 0 0.3429326 0.4856309 0.5073899 0.699874 0.4216089 0.335199 0.3502249 0.8934553 0.4698132 0.9080874 0.5073899 0.699874 0.5274465 1 0.5073899 0.699874 0.4698132 0.9080874 0.5274465 1 0.6510042 0.8333334 0.5073899 0.699874 0.5073899 0.699874 0.6554818 0.519041 0.522843 0.400762 0.522843 0.400762 0.6759889 0.3333334 0.6619827 0.08841663 0.6510042 0.8333334 0.6554818 0.519041 0.5073899 0.699874 0.6730367 1 0.8584629 1 0.8402273 0.7632827 0.8491668 0.2773395 0.8584629 0 0.6619827 0.08841663 0.8303403 0.5 0.8491668 0.2773395 0.6759889 0.3333334 0.6554818 0.519041 0.8402273 0.7632827 0.8303403 0.5 0.8584629 1 1.000002 0.795689 0.8402273 0.7632827 0.8303403 0.5 1.000003 0.4431922 0.8491668 0.2773395 1.000003 0.4431922 1 0.06007307 0.8491668 0.2773395 0.8402273 0.7632827 1.000002 0.795689 1.000003 0.4431922 -4.3316e-7 0.7784593 0.564966 0.6666666 2.18416e-4 0.439258 0.5520598 1 0.579765 0.8333333 -4.3316e-7 0.7784593 0.6722253 0.2639565 1.000001 0.2051854 0.5520598 0 0.564966 0.6666666 1.000002 0.5552989 0.5507271 0.5 0.579765 0.8333333 1.000001 0.8941993 0.564966 0.6666666 1.000002 0.5552989 1.000001 0.2051854 0.6722253 0.2639565 -7.89862e-7 0.438762 0.2575935 0.3333333 1.19274e-4 0.127948 3.54199e-5 0.810865 0.1464968 0.6666667 -7.89862e-7 0.438762 -7.89862e-7 0.438762 0.2639676 0.5 0.2575935 0.3333333 1.19274e-4 0.127948 0.3325552 0.1666666 0.1848352 0 0.2575935 0.3333333 0.3325552 0.1666666 1.19274e-4 0.127948 3.54199e-5 0.810865 0.3336728 0.8333333 0.1464968 0.6666667 0.1464968 0.6666667 0.35773 0.6666667 0.2639676 0.5 0.3336728 0.8333333 0.35773 0.6666667 0.1464968 0.6666667 0.1848352 1 0.4680805 1 0.3336728 0.8333333 0.35773 0.6666667 0.6729508 0.5 0.2639676 0.5 0.3325552 0.1666666 0.6573165 0.1666666 0.4680805 0 0.35773 0.6666667 0.6679692 0.8333333 0.6761829 0.6666666 0.6729508 0.5 0.6458624 0.3333334 0.2575935 0.3333333 0.4680805 1 0.6679692 0.8333333 0.3336728 0.8333333 0.35773 0.6666667 0.6761829 0.6666666 0.6729508 0.5 0.9998239 0.4167223 0.6761829 0.6666666 1 0.7723165 0.6573165 0.1666666 0.7545793 0 0.4680805 0 0.6729508 0.5 0.9998239 0.4167223 0.6458624 0.3333334 0.7545793 1 1 1 0.6679692 0.8333333 0.5115486 0.6418745 0.9991845 0.8336127 1 0.561642 -3.61204e-6 1 0.5041505 0.8333334 -2.41587e-7 0.7216004 -1.52799e-6 0.3720889 0.4990087 0.2411243 -2.29196e-6 0.06091129 0.4990087 0.2411243 0.5135325 0 -2.29196e-6 0.06091129 0.5115486 0.6418745 1 0.2298089 0.4990087 0.2411243 0.6693183 0.7486404 0.3388758 1 0.6812453 1 -5.81881e-5 1 0.3271661 0.8333333 -7.04592e-5 0.7444313 -7.04592e-5 0.7444313 0.2289734 0.4334462 -3.38052e-5 0.3919352 -3.38052e-5 0.3919352 0.2289734 0.4334462 0.3262809 0.1666666 0.3271661 0.8333333 0.3149713 0.6666667 -7.04592e-5 0.7444313 0.2289734 0.4334462 0.3916306 0.4124395 0.3262809 0.1666666 0.3149713 0.6666667 0.3916306 0.4124395 0.2289734 0.4334462 0.3149713 0.6666667 0.6693183 0.7486404 0.3916306 0.4124395 0.3916306 0.4124395 0.6774176 0.07656288 0.3262809 0.1666666 0.6693183 0.7486404 1 1 1 0.7332913 0.6693183 0.7486404 0.9999995 0.3919423 0.6708055 0.3998531 1.000009 0 -3.69882e-7 0.2720078 1.000008 0.2427358 0.6774176 0.07656288 0.9999995 0.3919423 1 0 0 1 0.5005858 1 -1.49679e-5 0.7959377 -5.10996e-6 0.444992 0.5056137 0.3333334 -1.57694e-5 0.1000908 0.5005858 1 1.000001 0.8725288 0.5006652 0.8333333 0.5056137 0.3333334 1.000019 0.2271122 0.5028085 0.08003056 0.5033347 0.5871683 1.000015 0.5584067 0.5056137 0.3333334 0.5006652 0.8333333 1.000001 0.8725288 0.5033347 0.5871683 1.000019 0.2271122 1 0 0.5028085 0.08003056 0 0.8953655 1.000009 1 1.000008 0.7602819 0.1660183 0.8333334 0.3489577 1 0.3540133 0.8333333 0 0.8953655 1.000008 0.7602819 -2.45855e-7 0.6256189 -1.5351e-6 1 0.1660183 0.8333334 0 0.8333333 0.1660183 0.8333334 0.2481195 0.6666668 -1.83284e-6 0.6666666 3.39613e-5 0.5 0.2172024 0.3333333 1.57244e-5 0.3333333 3.39613e-5 0.5 0.3187871 0.5 0.2172024 0.3333333 0.2481195 0.6666668 0.3187871 0.5 3.39613e-5 0.5 0.1846832 0.1666666 0.3718892 0.3333333 0.4902108 0.1666666 0.1846832 0.1666666 0.3489577 0 0.167365 0 0.1660183 0.8333334 0.3540133 0.8333333 0.2481195 0.6666668 0.1846832 0.1666666 0.4902108 0.1666666 0.3489577 0 0.3540133 0.8333333 0.5228814 1 0.5349567 0.8333333 0.5170852 0.6666667 0.3540133 0.8333333 0.5349567 0.8333333 0.4902108 0.1666666 0.5228814 0 0.3489577 0 0.2481195 0.6666668 0.5170852 0.6666667 0.3187871 0.5 0.5228814 0 0.6001586 0.1666666 0.5973339 0 0.3187871 0.5 0.5230995 0.5 0.3718892 0.3333333 0.5170852 0.6666667 0.5230995 0.5 0.3187871 0.5 0.3718892 0.3333333 0.5225185 0.3333333 0.4902108 0.1666666 0.6001586 0.1666666 0.5225185 0.3333333 0.5981789 0.3333333 0.5981789 0.3333333 0.5230995 0.5 0.6033869 0.5 0.5230995 0.5 0.5978061 0.6666668 0.6033869 0.5 0.6161485 0.8333333 0.8543714 1 0.8538665 0.8333334 0.5349567 0.8333333 0.5978061 0.6666668 0.5170852 0.6666667 0.5349567 0.8333333 0.6161485 0.8333333 0.5978061 0.6666668 0.6033869 0.5 0.7948077 0.3333333 0.5981789 0.3333333 0.5978061 0.6666668 0.7524403 0.6666668 0.6033869 0.5 0.5973339 0 0.8497467 0.1666666 0.8543714 0 0.9999901 0.6994051 0.8543714 1 1 1 0.7524403 0.6666668 0.9999901 0.6994051 0.8142295 0.5 0.8538665 0.8333334 0.9999901 0.6994051 0.7524403 0.6666668 0.7948077 0.3333333 0.9999999 0.3734402 0.8497467 0.1666666 0.8142295 0.5 0.9999999 0.3734402 0.7948077 0.3333333 0 0.05855172 0.2267233 0.3333333 0.3030186 0.1666666 0.9999901 0.6994051 0.9999999 0.3734402 0.8142295 0.5 0 1 0.1706132 1 3.41514e-5 0.8126623 0 0.05855172 0.3030186 0.1666666 0.1706132 0 0.2411702 0.5 0.5783448 0.3333333 0.2267233 0.3333333 0.2282961 0.6666667 0.2411702 0.5 3.65838e-7 0.4449926 3.41514e-5 0.8126623 0.2663284 0.8333334 0.2282961 0.6666667 0.3030186 0.1666666 0.4236201 0 0.1706132 0 0.4236201 1 0.5767728 0.8333334 0.2663284 0.8333334 0.2663284 0.8333334 0.5767728 0.8333334 0.2282961 0.6666667 0.2267233 0.3333333 0.5783448 0.3333333 0.3030186 0.1666666 0.2282961 0.6666667 0.5905897 0.5 0.2411702 0.5 0.4236201 0 0.7858235 0.1666666 0.7581869 0 0.5767728 0.8333334 0.7257891 0.6666668 0.2282961 0.6666667 0.4236201 1 0.7581869 1 0.5767728 0.8333334 0.7162514 0.5539392 0.3361891 0.8333334 0.7348093 0.9444696 0.5783448 0.3333333 0.7858235 0.1666666 0.3030186 0.1666666 0.7581869 1 0.9999626 0.8933408 0.5767728 0.8333334 0.5905897 0.5 0.9997079 0.5831776 0.9999325 0.3333333 0.7858235 0.1666666 1 0.03946655 0.7581869 0 0.9999325 0.3333333 1 0.03946655 0.7858235 0.1666666 0.3223913 0.6666666 0.3403737 0.5 -6.41212e-6 0.5 3.74032e-4 1 0.4466385 1 0.3361891 0.8333334 0.3403737 0.5 0.4286327 0.3333334 1.92527e-4 0.3333333 0.4466385 1 0.7348093 0.9444696 0.3361891 0.8333334 0.4286327 0.3333334 0.7148371 0.2568593 0.3377488 0.1666666 0.3403737 0.5 0.7162514 0.5539392 0.4286327 0.3333334 5.88233e-6 0.3333333 0.3298444 0.1666666 1.67167e-5 0.1666666 0.7162514 0.5539392 1.000006 0.2901235 0.7148371 0.2568593 0.7148371 0.2568593 1.000001 0 0.7397412 0 0.7348093 0.9444696 1 0.9612063 1.000007 0.608262 -1.40473e-7 0.2722358 1.000005 0.2427289 -5.83054e-7 0 0 0.5 1.000006 0.5833172 -1.40473e-7 0.2722358 2.30628e-6 0.6666667 0.3029744 0.6666667 -1.57513e-5 0.5 4.87965e-5 0.8333334 0.3523802 1 0.3753274 0.8333333 -1.57513e-5 0.5 0.3473181 0.3333333 5.88233e-6 0.3333333 0.3753274 0.8333333 0.4990276 1 0.4771172 0.8333334 0.3298444 0.1666666 0.3523802 0 6.738e-5 0 -1.57513e-5 0.5 0.3546425 0.5 0.3473181 0.3333333 4.87965e-5 0.8333334 0.3753274 0.8333333 0.3029744 0.6666667 0.3523802 0 0.4996565 0.1666666 0.4990276 0 0.3473181 0.3333333 0.4996565 0.1666666 0.3298444 0.1666666 0.4996285 0.3333333 0.3546425 0.5 0.5023087 0.5 0.3546425 0.5 0.4773052 0.6666667 0.5023087 0.5 0.4773052 0.6666667 0.3753274 0.8333333 0.4771172 0.8333334 0.4773052 0.6666667 0.5425532 0.8333334 0.5438481 0.6666667 0.4990276 0 0.6384736 0.1666666 0.6614875 0 0.4990276 1 0.6614875 1 0.5425532 0.8333334 0.4996285 0.3333333 0.7053979 0.5 0.7927381 0.3333334 0.6614875 1 0.7370911 0.8333333 0.5425532 0.8333334 0.7053979 0.5 0.5438481 0.6666667 0.7959508 0.6666666 0.5438481 0.6666667 0.7370911 0.8333333 0.7959508 0.6666666 0.6384736 0.1666666 0.8066672 0 0.6614875 0 0.6614875 1 0.8066672 1 0.7370911 0.8333333 0.8607782 0.5 1.000038 0.7687505 1 0.3338611 0.7927381 0.3333334 0.838102 0.1666666 0.6384736 0.1666666 0.7053979 0.5 0.8607782 0.5 0.7927381 0.3333334 0.7959508 0.6666666 0.8607782 0.5 0.7053979 0.5 0.7370911 0.8333333 1.000038 0.7687505 0.7959508 0.6666666 0.6380277 0 0.3939765 0.1666666 0.6699247 0.1666666 0 0.3333333 0.2596879 0.3333333 -1.78148e-6 0.1276184 2.32761e-7 0.7783697 0.1860639 0.6666667 1.1301e-4 0.5 0.2639912 1 0.2090432 0.8333334 2.32761e-7 0.7783697 1.1301e-4 0.5 0.352915 0.5 0.2596879 0.3333333 0.1958869 0.1666666 0.3939765 0.1666666 0.2639912 0 0.2596879 0.3333333 0.3939765 0.1666666 0.1958869 0.1666666 0.2639912 1 0.5164312 0.8333333 0.2090432 0.8333334 0.2639912 1 0.6380277 1 0.5164312 0.8333333 0.3939765 0.1666666 0.6938394 0.3333334 0.6699247 0.1666666 0.7025689 0.5 0.3911409 0.6666667 0.7232224 0.6666666 0.352915 0.5 0.6938394 0.3333334 0.2596879 0.3333333 0.352915 0.5 0.7025689 0.5 0.6938394 0.3333334 1.000001 0.5017369 0.7959614 0.8333333 0.9999955 0.9361134 0.5164312 0.8333333 0.7232224 0.6666666 0.3911409 0.6666667 0.6380277 1 0.7959614 0.8333333 0.5164312 0.8333333 0.6380277 1 0.9999955 0.9361134 0.7959614 0.8333333 0.7232224 0.6666666 1.000001 0.5017369 0.7025689 0.5 1.000015 0.2261907 0.5136802 0.5 1 0.5977686 0 1 0.2047888 1 1.54801e-4 0.8333334 -5.29203e-6 0.1022799 0.3657715 0.1666666 0.2047888 0 2.39728e-4 0.6666666 0.3251888 0.5 -7.54292e-7 0.5 0.2047888 1 0.4087786 0.8333333 1.54801e-4 0.8333334 1.54801e-4 0.8333334 0.4087786 0.8333333 2.39728e-4 0.6666666 0.2047888 1 0.5013049 1 0.4087786 0.8333333 0.4087786 0.8333333 0.5016266 0.6666666 2.39728e-4 0.6666666 0.3657715 0.1666666 0.5576464 0.261479 0.5013049 0 0.5016266 0.6666666 0.5480678 0.5 0.3251888 0.5 0.7550827 0.2669712 0.7429291 0 0.5013049 0 0.5016266 0.6666666 0.7487385 0.6666667 0.5480678 0.5 0.7429291 1 0.9991163 0.9362267 0.5451762 0.8333333 0.5451762 0.8333333 0.9991163 0.9362267 0.7487385 0.6666667 0.7487385 0.6666667 0.9999896 0.5320282 0.5480678 0.5 0.7550827 0.2669712 0.9999998 0.2068889 0.7429291 0 0.9999896 0.5320282 0.9999998 0.2068889 0.7550827 0.2669712 0 1 0.4998736 1 -1.12811e-5 0.7956497 -3.67802e-6 0.444933 0.5054311 0.3333333 -1.24732e-5 0.1013844 0.4998316 0.6666668 0.5136802 0.5 -3.67802e-6 0.444933 0.4998736 1 1.000001 0.8722655 0.4998505 0.8333333 0.5054311 0.3333333 1.000015 0.2261907 0.5024549 0.08160614 0.4998505 0.8333333 1.000001 0.8722655 0.4998316 0.6666668 1.000015 0.2261907 1 0 0.5024549 0.08160614 6.28424e-5 0.1666667 0.2097447 0.3333333 0.2117365 0.1666666 0 0.6666667 0.1278154 0.6666666 0 0.5 -2.92914e-7 0.8333334 0.1278154 0.6666666 0 0.6666667 8.16348e-5 1 0.1325338 0.8333333 -2.92914e-7 0.8333334 0 0.5 0.1303884 0.5 2.85841e-5 0.3333334 6.28424e-5 0.1666667 0.2117365 0.1666666 8.16348e-5 0 0.1325338 0.8333333 0.2282888 1 0.2509416 0.8333334 0.1303884 0.5 0.2097447 0.3333333 2.85841e-5 0.3333334 0.1303884 0.5 0.2474333 0.6666667 0.2491109 0.5 0.2474333 0.6666667 0.1325338 0.8333333 0.2509416 0.8333334 0.2117365 0.1666666 0.2715874 0.3333334 0.2731518 0.1666666 0.2117365 0.1666666 0.2731518 0.1666666 0.2282888 0 0.2731518 0.1666666 0.3757907 0.3333333 0.4204484 0.1666666 0.2491109 0.5 0.2715874 0.3333334 0.2097447 0.3333333 0.2731518 0.1666666 0.3389257 0 0.2282888 0 0.3389257 1 0.3794119 0.8333333 0.2509416 0.8333334 0.3757907 0.3333333 0.2491109 0.5 0.4303948 0.5 0.3794119 0.8333333 0.5056441 1 0.5088332 0.8333333 0.5846756 0.5 0.4624841 0.6666667 0.6233307 0.6666667 0.4204484 0.1666666 0.5056441 0 0.3389257 0 0.3794119 0.8333333 0.5088332 0.8333333 0.4624841 0.6666667 0.4303948 0.5 0.5846756 0.5 0.5080355 0.3333334 0.5088332 0.8333333 0.6258748 1 0.6257982 0.8333333 0.5088332 0.8333333 0.6233307 0.6666667 0.4624841 0.6666667 0.5056441 0 0.6254043 0.1666666 0.6258748 0 0.6258748 0 0.7439778 0.1666666 0.7458094 0 0.5080355 0.3333334 0.6254231 0.3333333 0.6254043 0.1666666 0.6233307 0.6666667 0.6448047 0.5 0.5846756 0.5 0.6448047 0.5 0.7339978 0.4038265 0.6254231 0.3333333 0.8349353 0.08794629 0.7339978 0.4038265 0.8463332 0.4263619 0.7339978 0.4038265 0.7439778 0.1666666 0.6254043 0.1666666 0.6257982 0.8333333 0.7440178 0.9791217 0.6233307 0.6666667 0.8289394 0.7781047 0.8463332 0.4263619 0.7339978 0.4038265 0.8338928 1 0.900224 0.7571223 0.8289394 0.7781047 1.000014 0.7287736 0.8998766 1 1 1 0.8463332 0.4263619 0.900525 0.07767719 0.8349353 0.08794629 0.8289394 0.7781047 0.900224 0.7571223 0.8463332 0.4263619 0.9126716 0.4220209 1.000012 0.3737134 0.900525 0.07767719 0.8019686 0 0.6644272 0.1666666 0.8101864 0.212179 1.000014 0.7287736 1.000012 0.3737134 0.9126716 0.4220209 0 0.3333333 0.1961736 0.3333334 6.3567e-5 0.1666666 0.2025361 0.8333334 0.3102577 0.6666667 -1.04888e-6 0.6666666 0.1961736 0.3333334 0.4780484 0.3333334 0.3700299 0.1666666 0.2685146 1 0.6392049 1 0.5434513 0.8333333 0.3102577 0.6666667 0.6726192 0.6666666 0.4697661 0.5 0.5434513 0.8333333 0.6726192 0.6666666 0.3102577 0.6666667 0.758161 0.4852719 0.7821441 0.3333333 0.6644272 0.1666666 0.6392049 1 0.8019686 1 0.7984675 0.7044171 0.758161 0.4852719 0.8101864 0.212179 0.7821441 0.3333333 0.32761 0 0.6086322 0.1666666 0.6081606 0 0.7984675 0.7044171 0.875818 0.4079574 0.758161 0.4852719 0.8101864 0.212179 0.875818 0.4079574 0.8840964 0.07664835 0.7984675 0.7044171 0.8707529 0.7727524 0.875818 0.4079574 0.8841814 1 1.00001 0.799643 0.8707529 0.7727524 0.875818 0.4079574 1.000025 0.1096503 0.8840964 0.07664835 0.8707529 0.7727524 1.00001 0.799643 1.000029 0.4293617 0 1 0.32761 1 -6.0167e-6 0.795251 -1.09429e-6 0.4450385 0.3214293 0.3333333 -6.4177e-6 0.1021536 -6.4177e-6 0.1021536 0.3229852 0.1666666 0.32761 0 0.3225891 0.6666668 0.3249325 0.5 -1.09429e-6 0.4450385 0.3229852 0.1666666 0.6108478 0.4143595 0.6086322 0.1666666 0.6108478 0.4143595 0.3225891 0.6666668 0.6903901 0.7034571 0.3225891 0.6666668 0.6110211 0.9120222 0.6903901 0.7034571 0.7701643 0 0.6086322 0.1666666 0.771186 0.2608489 0.7701643 1 0.6903901 0.7034571 0.6110211 0.9120222 0.6007046 0.09609669 0.7710152 0.4272156 0.7695648 0.08770388 0.6108478 0.4143595 0.7733645 0.5 0.771186 0.2608489 0.6903901 0.7034571 0.7733645 0.5 0.6108478 0.4143595 0.7701643 1 1.000039 0.9000717 0.6903901 0.7034571 0.771186 0.2608489 1.000036 0.2235685 0.7701643 0 0.7733645 0.5 1.00001 0.536076 0.771186 0.2608489 0.6903901 0.7034571 1.00001 0.536076 0.7733645 0.5 1.000039 0.9000717 1.00001 0.536076 0.6903901 0.7034571 5.6791e-7 0.4406136 0.6039151 0.3703803 4.90728e-5 0.1666666 2.87001e-5 0.8333333 0.5656374 0.8333333 -1.5459e-5 0.6666666 0.5656374 0.8333333 0.672994 0.6666667 -1.5459e-5 0.6666666 0.5975614 1 0.7369751 0.8333333 0.5656374 0.8333333 0.672994 0.6666667 0.6039151 0.3703803 0.560499 0.5 0.7710152 0.4272156 1 0.7674916 1.000028 0.3936615 0.7691168 1 1.00003 1 0.7369751 0.8333333 1.000028 0.3936615 1.000023 0.04190963 0.7695648 0.08770388 0 0 1.000007 0.1666666 1.000006 0 -4.5044e-7 0.7217676 1.000007 1 1.000006 0.6767483 -2.95017e-7 0.8692066 1.000006 0.6666667 -2.23898e-7 0.5611549 -2.95017e-7 0.8692066 1.000006 0.9314199 1.000006 0.6666667 -9.13766e-7 0.4641773 1.000005 0.0906012 -5.3276e-7 0.0611335 -6.14749e-7 0.4380735 1.000006 0.3333333 0 0.1260013 0.4852346 0.05604004 0.5874436 0.4247593 0.6242699 0.1284794 1.000006 0.8333333 1.000005 0.479218 2.18924e-7 0.7065173 -2.5695e-7 0.9649708 1.000004 1 1.000006 0.7618774 0 0.6061061 1.000006 0.7618774 1.000007 0.4166844 3.88447e-6 0.8012088 0.2075443 0.6666666 1.33093e-5 0.4076493 3.88447e-6 0.8012088 0.1969385 0.6887963 0.2075443 0.6666666 0.2075443 0.6666666 0.3107149 0.5 1.33093e-5 0.4076493 1.33093e-5 0.4076493 0.2746961 0.3333333 0.216059 0.1666666 0.1969385 0.6887963 0.4897086 1 0.4711326 0.665407 0.2746961 0.3333333 0.4852346 0.05604004 0.216059 0.1666666 0.2746961 0.3333333 0.5119044 0.4522496 0.4852346 0.05604004 0.4711326 0.665407 0.5119044 0.4522496 0.3107149 0.5 0.4711326 0.665407 0.6141533 0.7223519 0.5119044 0.4522496 0.6242699 0.1284794 0.5872062 0 0.4852346 0.05604004 0.6616071 0 0.7770342 0.1666666 0.7538383 0 0.4711326 0.665407 0.5874906 0.9184575 0.6141533 0.7223519 0.5874906 0.9184575 0.625 1 0.6141533 0.7223519 0.6619227 0.9222025 0.7474231 0.6666666 0.6141533 0.7223519 0.7770342 0.1666666 0.6480287 0.4219002 0.7559027 0.4218221 0.8968415 0.5786829 0.752885 0.9234381 0.8951926 0.9226316 0.7474231 0.6666666 0.7559027 0.4218221 0.6480287 0.4219002 0.8968415 0.5786829 0.9994719 0.2274961 0.7559027 0.4218221 0.3196737 1 0.6668409 0.7351887 0.3086987 0.7017957 0.9994719 0.2274961 1.000001 0 0.8954953 0 0.8951926 0.9226316 1 0.9613274 1 0.6111741 -7.64756e-7 0.4392962 0.3210099 0.4339869 -3.71766e-7 0.127937 -8.20953e-7 0.7782146 0.3086987 0.7017957 -7.64756e-7 0.4392962 0.3196737 1 0.3086987 0.7017957 -8.20953e-7 0.7782146 0.3210099 0.4339869 0.6943361 0.2468447 0.3134396 0.06143504 0.3086987 0.7017957 0.6668409 0.7351887 0.3210099 0.4339869 0.8279495 0.7444671 1 0.3885291 0.7543485 0.4669417 0.6943361 0.2468447 0.7018911 0 0.3134396 0.06143504 0.3210099 0.4339869 0.7543485 0.4669417 0.6943361 0.2468447 0.6668409 0.7351887 0.7335767 0.8354114 0.7543485 0.4669417 0.7335767 0.8354114 0.8271042 1 0.8279495 0.7444671 0.6943361 0.2468447 0.7543485 0.4669417 0.8266977 0.07603037 0.7543485 0.4669417 1.000024 0.1317723 0.8266977 0.07603037 0.8271042 1 1 1 1.000018 0.7737836 0.3304523 0.8333333 0.6134124 1 0.6054636 0.7583062 -2.94463e-6 0.5610054 0.3159461 0.3333333 -9.24585e-6 0.2230036 -3.23291e-6 0.871647 0.3218641 0.5746113 -2.94463e-6 0.5610054 0.3250999 0.1051676 0.6102828 0.4198925 0.6102442 0.07225906 0.7707235 0.766783 0.6134124 1 0.7705455 1 0.3218641 0.5746113 0.6054636 0.7583062 0.6102828 0.4198925 0.769449 0.09729033 0.6102828 0.4198925 0.7706491 0.4284744 0.6102828 0.4198925 0.7707235 0.766783 0.7706491 0.4284744 0 0.41667 1 0.6666667 1 0.3359405 0.7705455 1 1.000061 0.9358177 0.7707235 0.766783 0.7706491 0.4284744 1.000024 0.2974552 0.769449 0.09729033 0.769449 0.09729033 1.000024 0.2974552 1.0001 0 -1.31899e-5 0.5612102 0.3406845 0.3978869 -2.44085e-5 0.224893 -9.38386e-6 0.8705126 0.5021293 0.6666667 -1.31899e-5 0.5612102 -2.44085e-5 0.224893 0.5026461 0.1666666 0.3429891 0 0.5021293 0.6666667 0.3406845 0.3978869 -1.31899e-5 0.5612102 0.3406845 0.3978869 0.6007151 0.4010032 0.5026461 0.1666666 0.5021293 0.6666667 0.6007151 0.4010032 0.3406845 0.3978869 0.6007151 0.4010032 1.000025 0.2248159 0.5026461 0.1666666 0.5991323 0.930306 1.00001 0.8702582 0.5021293 0.6666667 1.000025 0.2248159 1 0 0.6057406 0 1.59234e-7 0.07888543 1 0.3359405 0.9999999 0 1.30041e-7 0 0.9999998 0.2425704 1 0 2.11194e-7 0.7499991 0.9999998 0.9240922 1 0.6666667 0 0.2544485 0.9999999 0.5833335 0.9999998 0.2425704 0 0.5833332 1 0.9166677 0.9999999 0.5833335 0.4224711 0 0.6389225 0.2821453 0.6524068 0 -4.74603e-7 0.2724989 0.1941552 0.1487864 8.81491e-5 0 -1.19886e-6 0.6115048 0.1981039 0.4263854 -4.74603e-7 0.2724989 -4.74603e-7 0.2724989 0.1981039 0.4263854 0.1941552 0.1487864 8.82756e-5 0.9612897 0.2554665 1 0.224983 0.7515762 0.1981039 0.4263854 0.4452211 0.3521935 0.1941552 0.1487864 0.4604882 0.8813604 0.5545699 0.5587943 0.224983 0.7515762 0.7759302 0 0.5918713 0.243186 0.7788679 0.2605013 0.6524068 1 0.69443 0.8333333 0.4604882 0.8813604 0.8700222 0.4609318 1.000066 0.2724658 0.6389225 0.2821453 0.7727223 0.6001521 0.8700222 0.4609318 0.6389225 0.2821453 1.000066 0.2724658 1.000002 0 0.8686953 0 0.7727223 0.6001521 1.000003 0.6104459 0.8700222 0.4609318 0.8721469 0.8930857 1.000001 0.9620689 1.000003 0.6104459 6.18681e-4 0.2941662 0.4202136 0.01032298 -2.70105e-6 0 0.4283783 0.734534 0.4411247 0.3638752 1.93281e-5 0.5501025 0.4411247 0.3638752 0.4202136 0.01032298 6.18681e-4 0.2941662 0.4283783 0.734534 0.5765519 0.6120715 0.4411247 0.3638752 0.4202136 0.01032298 0.5918713 0.243186 0.5510115 0 0.5765519 0.6120715 0.5918713 0.243186 0.4411247 0.3638752 0.5399112 0.9169306 0.5765519 0.6120715 0.4283783 0.734534 0.5068089 0.0892651 1.000006 0.443736 1 0.06020069 0.5765519 0.6120715 0.8153062 0.590765 0.7788679 0.2605013 0.7788679 0.2605013 1.000025 0.1307769 0.7759302 0 0.7886274 0.9183296 1.000017 0.7749214 0.8153062 0.590765 0.7886274 0.9183296 1 1 1.000017 0.7749214 1.000017 0.7749214 1 0.387642 0.8153062 0.590765 -6.26145e-6 0.5609332 0.501742 0.3333333 -1.43898e-5 0.2232061 -5.0931e-6 0.8715201 0.5019295 0.5929384 -6.26145e-6 0.5609332 0.5016956 1 1.000005 0.7953241 0.5023131 0.8333333 0.5019295 0.5929384 1.000006 0.443736 0.501742 0.3333333 0.5023131 0.8333333 1.000005 0.7953241 0.5019295 0.5929384 -8.49579e-7 0.6666667 1 0.9166664 0.9999994 0.583334 0.5019295 0.5929384 1.000005 0.7953241 1.000006 0.443736 -1.32631e-4 0.611728 0.5016235 0.4296943 -3.11753e-5 0.2726289 -3.11753e-5 0.2726289 0.9999999 0 0.5019416 0 -1.32631e-4 0.611728 1.000001 0.6116777 0.5016235 0.4296943 0.5016276 0.9072742 0.9999999 0.9612119 1.000001 0.6116777 -7.58828e-7 0.05408906 1 0.2574312 0.9999993 0 -8.37707e-7 0.412215 0.9999994 0.583334 1 0.2574312 6.68537e-7 0.5 1 0.6666667 1 0.409241 1 0.409241 0.9999998 0.05381757 -3.7695e-7 0.1688677 0.2315354 0.1666666 0.526471 0 0.2354181 0 0 0.7544478 0.9999998 0.9166674 1 0.6666667 -2.39474e-7 0.2725611 0.2315354 0.1666666 -2.56779e-7 0 -5.61307e-7 0.611696 0.1749146 0.4534334 -2.39474e-7 0.2725611 -2.39474e-7 0.2725611 0.1749146 0.4534334 0.2315354 0.1666666 0.174646 0.7299494 0.4016877 0.6334267 0.1749146 0.4534334 0.1749146 0.4534334 0.4016877 0.6334267 0.4980276 0.5041823 0.8131167 0.4223667 0.8825644 0.6587239 0.8864905 0.4167953 0.4980276 0.5041823 0.5272388 0.2914037 0.2315354 0.1666666 0.5449867 0.8333333 0.4980276 0.5041823 0.4016877 0.6334267 0.526471 1 0.5988142 1 0.5449867 0.8333333 0.5272388 0.2914037 0.6008718 0.4116502 0.5976336 0.09234887 0.6020594 0.7063438 0.6008718 0.4116502 0.4980276 0.5041823 0.5449867 0.8333333 0.6020594 0.7063438 0.4980276 0.5041823 0.5988142 1 0.6020594 0.7063438 0.5449867 0.8333333 0.6020594 0.7063438 0.6960538 0.6984608 0.6008718 0.4116502 0.6020594 0.7063438 0.7177699 0.8990937 0.6960538 0.6984608 0.6960538 0.6984608 0.8131167 0.4223667 0.7148659 0.2233424 0.7177699 0.8990937 0.8195638 0.7371335 0.6960538 0.6984608 0.8287541 1 0.8195638 0.7371335 0.7177699 0.8990937 0.8195638 0.7371335 0.8131167 0.4223667 0.6960538 0.6984608 0.8131167 0.4223667 0.8864905 0.4167953 0.8294595 0.09373694 0.8287541 1 0.8825644 0.6587239 0.8195638 0.7371335 1 0 -2.23518e-7 0.2499995 0.9999997 0.3307268 0.8864905 0.4167953 0.9009659 0.08945107 0.8294595 0.09373694 0.9009974 1 1.00001 0.9650865 0.8825644 0.6587239 0.8825644 0.6587239 1.000024 0.6027106 0.8864905 0.4167953 0.8825644 0.6587239 1.00001 0.9650865 1.000024 0.6027106 2.16275e-5 0.5926612 0.5424314 0.5575333 2.12743e-5 0.2510145 1.79602e-5 0.9199153 0.666061 0.7241421 2.16275e-5 0.5926612 2.12743e-5 0.2510145 0.5424314 0.5575333 0.6703893 0.08801108 2.16275e-5 0.5926612 0.666061 0.7241421 0.5424314 0.5575333 0.666061 0.7241421 0.9999908 0.554606 0.5424314 0.5575333 0.6700196 1 1 0.9610773 0.666061 0.7241421 0.9999908 0.554606 1 0.2271891 0.5424314 0.5575333 0.666061 0.7241421 1 0.9610773 0.9999908 0.554606 0 0.9122189 0.9999997 1 0.9999997 0.7500013 0.9999997 0.4092411 0.9999998 0.08333313 0 0.2500007 0.9999997 0.7500013 0.9999997 0.4092411 -3.15927e-7 0.5833331 1 1 1 0.7425745 0 0.9122185 0.6150097 0 0.4898709 0.1555323 0.701589 0.2353323 1 0.7425745 0.9999997 0.3307268 4.80367e-7 0.5833334 -6.05626e-6 1 0.3371145 0.856589 1.21567e-4 0.5724013 4.46778e-4 0.2945626 0.6015472 0.4027978 0.002230525 0.001321554 0.5193561 0.7229221 0.6015472 0.4027978 1.21567e-4 0.5724013 0.6615514 0.1666666 0.9999101 0 0.4292166 0 0.6615514 0.1666666 1.000002 0.2053493 0.9999101 0 0.6015472 0.4027978 1.000002 0.2053493 0.6615514 0.1666666 0.5193561 0.7229221 0.9999373 0.9508137 0.9999068 0.584861 0.9999068 0.584861 1.000002 0.2053493 0.6015472 0.4027978 0.00175774 0.9449119 1 1 0.9997217 0.7213945 0.9997217 0.7213945 0.9998691 0.3723881 8.80483e-4 0.6057792 0 1 0.1529508 0.8865689 0 0.7273658 0 0.7273658 0.1340934 0.5572509 -3.13829e-5 0.3881791 0.1529508 0.8865689 0.1340934 0.5572509 0 0.7273658 0.3316434 1 0.3325917 0.7096467 0.1529508 0.8865689 0.3334008 0.09149527 0.3980882 0.3078876 0.375 0 0.3350234 0.4278981 0.3984827 0.5611743 0.3980882 0.3078876 0.3936497 0.8630365 0.3984827 0.5611743 0.3325917 0.7096467 0.4898709 0.1555323 0.4930364 0 0.4106227 0.09133052 0.3980882 0.3078876 0.4898709 0.1555323 0.4106227 0.09133052 0.3936497 0.8630365 0.498028 0.9137125 0.3984827 0.5611743 0.5084936 0.5908702 0.4898709 0.1555323 0.3980882 0.3078876 0.5084936 0.5908702 0.6134266 0.4488782 0.4898709 0.1555323 0.5084936 0.5908702 0.6179398 0.9782053 0.6134266 0.4488782 0.4898709 0.1555323 0.6134266 0.4488782 0.701589 0.2353323 0.7727119 0.7525799 0.8783488 1 0.8795589 0.7529074 0.701589 0.2353323 0.7099206 0 0.6150097 0 0.6134266 0.4488782 0.730548 0.4603019 0.701589 0.2353323 0.6134266 0.4488782 0.7117148 0.8410962 0.730548 0.4603019 0.7701654 1 0.7727119 0.7525799 0.7117148 0.8410962 0.730548 0.4603019 0.772589 0.02721899 0.701589 0.2353323 0.7117148 0.8410962 0.7727119 0.7525799 0.730548 0.4603019 0.730548 0.4603019 0.7857875 0.4211569 0.772589 0.02721899 0.7727119 0.7525799 0.7857875 0.4211569 0.730548 0.4603019 0.7857875 0.4211569 0.8795589 0.7529074 0.8781834 0.4100742 0.7857875 0.4211569 0.8781834 0.4100742 0.8766088 0.1219863 0.5351575 0.3333333 0.6107658 0.5740129 0.6218147 0.2173418 0.8783488 1 1.000001 0.8712868 0.8795589 0.7529074 0.8781834 0.4100742 1.000001 0.223141 0.8766088 0.1219863 1.000001 0.223141 1 0 0.8766088 0.1219863 0.8781834 0.4100742 1 0.6064336 1.000001 0.223141 -1.09507e-6 0.5610273 0.145489 0.401847 -2.89206e-6 0.2224808 -1.08326e-6 0.8716493 0.2581436 0.5940471 -1.09507e-6 0.5610273 -2.89206e-6 0.2224808 0.2504422 0.276301 0.2238135 0 0.2581436 0.5940471 0.145489 0.401847 -1.09507e-6 0.5610273 0.145489 0.401847 0.2581436 0.5940471 0.2504422 0.276301 0.2192233 0.9121255 0.5342542 1 0.5331625 0.8333333 0.5351575 0.3333333 0.5334638 0.08100008 0.2504422 0.276301 0.2581436 0.5940471 0.5351575 0.3333333 0.2504422 0.276301 0.2192233 0.9121255 0.5331625 0.8333333 0.2581436 0.5940471 0.5331625 0.8333333 0.534231 0.5846213 0.2581436 0.5940471 0.2581436 0.5940471 0.534231 0.5846213 0.5351575 0.3333333 0.5334638 0.08100008 0.6218147 0.2173418 0.6273947 0 0.5331625 0.8333333 0.6107658 0.5740129 0.534231 0.5846213 0.2492442 1 0.4574692 0.8695375 0.001634657 0.6074686 0.6218147 0.2173418 0.796831 0 0.6273947 0 0.6107658 0.5740129 0.7991018 0.5947659 0.6583375 0.4130679 0.6583375 0.4130679 0.8116018 0.2161428 0.6218147 0.2173418 0.6293914 0.9124436 0.8011137 0.906215 0.7991018 0.5947659 0.7991018 0.5947659 1.000001 0.3712466 0.8116018 0.2161428 0.8011137 0.906215 1.000003 0.7228408 0.7991018 0.5947659 1.000003 0.7228408 1.000001 0.3712466 0.7991018 0.5947659 0.001634657 0.6074686 0.233304 0.5624858 1.25563e-4 0.2948225 1.25563e-4 0.2948225 0.418004 0.4851822 0.2263094 0.08049565 0.233304 0.5624858 0.418004 0.4851822 1.25563e-4 0.2948225 0.233304 0.5624858 0.4574692 0.8695375 0.418004 0.4851822 0.418004 0.4851822 0.4209151 0.06234371 0.2263094 0.08049565 1.000003 0.7225745 0.5120796 1 1 1 0.5422257 0.1862397 0.5 0 0.4209151 0.06234371 0.418004 0.4851822 0.5544832 0.6384755 0.5422257 0.1862397 0.5422257 0.1862397 0.7386786 0.2449529 0.5739153 0 0.7417451 0.5 0.7386786 0.2449529 0.5740161 0.4244572 0.5544832 0.6384755 0.7417451 0.5 0.5740161 0.4244572 0.5544832 0.6384755 0.9999955 0.7004628 0.7417451 0.5 0.7386786 0.2449529 1 0.03885293 0.7688574 0 0.7417451 0.5 1 0.3881927 0.7386786 0.2449529 1 0.3881927 1 0.03885293 0.7386786 0.2449529 -5.57705e-6 0.5611058 0.5016859 0.3333333 -1.1639e-5 0.2232713 -4.60143e-6 0.8712029 0.5018915 0.5930091 -5.57705e-6 0.5611058 0.5016507 1 1.000005 0.8709447 0.5022448 0.8333334 0.5016859 0.3333333 1.000012 0.2233384 0.5019153 0.07858616 0.5018915 0.5930091 1.000006 0.561297 0.5016859 0.3333333 0.5022448 0.8333334 1.000005 0.8709447 0.5018915 0.5930091 1.000012 0.2233384 1 0 0.5019153 0.07858616 -9.93309e-6 0.6054886 0.5021305 0.5742132 -6.75297e-6 0.2959203 -1.7121e-5 0.9425602 0.501893 0.8333333 -9.93309e-6 0.6054886 0.5024244 1 1.000018 0.9425262 0.501893 0.8333333 0.5024702 0.3333333 1.000007 0.296168 0.5021389 0.08823215 0.5021305 0.5742132 1.000007 0.296168 0.5024702 0.3333333 0.501893 0.8333333 1.00001 0.6053412 0.5021305 0.5742132 0.5021389 0.08823215 1.000007 0.296168 1.000028 0 -8.41149e-6 0.5611547 0.5018562 0.3333334 -1.7199e-5 0.223969 -6.47354e-6 0.8709062 0.5020748 0.5931066 -8.41149e-6 0.5611547 0.5018346 1 1.000007 0.8706326 0.5024288 0.8333334 0.5018562 0.3333334 1.000018 0.2239871 0.5020937 0.07897377 0.5020748 0.5931066 1.000009 0.5613718 0.5018562 0.3333334 0.5024288 0.8333334 1.000007 0.8706326 0.5020748 0.5931066 1.000018 0.2239871 1 0 0.5020937 0.07897377 -2.30758e-6 0.6056082 0.5016555 0.573453 -2.75408e-6 0.294939 -6.63726e-6 0.9443119 0.5015161 0.8333334 -2.30758e-6 0.6056082 0.5020613 0.3333333 1.000003 0.371747 0.5074942 0.07183212 0.5016555 0.573453 1.000003 0.371747 0.5020613 0.3333333 0.5015161 0.8333334 1.000003 0.7225745 0.5016555 0.573453 1.12615e-4 0.127704 0.2848158 0.52199 0.3561639 0.1666666 1.000003 0.7225745 1.000003 0.371747 0.5016555 0.573453 1.8688e-5 0.7588344 0.3455244 0.7230634 0.2848158 0.52199 0.2802418 1 0.3455244 0.7230634 1.8688e-5 0.7588344 1.00005 0.3933357 0.6511201 0.7524985 1 0.780627 0.2848158 0.52199 0.6147789 0.3333333 0.3561639 0.1666666 0.2802418 1 0.63152 1 0.3455244 0.7230634 0.3455244 0.7230634 0.6703537 0.6028813 0.2848158 0.52199 0.63152 1 0.69233 0.8333333 0.3455244 0.7230634 0.69233 0.8333333 0.6703537 0.6028813 0.3455244 0.7230634 0.63152 1 0.9999298 0.9610393 0.69233 0.8333333 0.6431757 0.05635362 0.9999858 0.250894 0.9999298 0 0.6703537 0.6028813 0.9999858 0.250894 0.6147789 0.3333333 0.69233 0.8333333 0.9999298 0.9610393 0.9999939 0.5463801 -8.32618e-5 1 0.4091688 0.8665344 -1.64739e-4 0.7384491 -1.64739e-4 0.7384491 0.3453111 0.433011 -4.64783e-5 0.392939 -4.64783e-5 0.392939 0.3453111 0.433011 0.3454704 0.09509831 0.4091688 0.8665344 0.4449104 0.6146371 -1.64739e-4 0.7384491 0.3454704 0.09509831 0.5445024 0.2204199 0.5 0 0.3453111 0.433011 0.4449104 0.6146371 0.5445024 0.2204199 0.4091688 0.8665344 0.6544807 1 0.6511201 0.7524985 0.4449104 0.6146371 0.6511201 0.7524985 0.6535097 0.4324731 0.6544807 1 1.00009 1 0.6511201 0.7524985 1.00005 0.3933357 1.000072 0.03353029 0.5445024 0.2204199 1 0 0 0.1666666 1 0.3307278 1 1 1 0.7425736 0 0.8355337 0 0.4211151 1 0.7425736 1 0.3307278 0.71302 0 0.2938128 0.2431418 0.7211545 0.2861596 -6.56893e-7 0.2724615 0.2938128 0.2431418 -8.96976e-7 0 -1.79777e-6 0.6114528 0.2980283 0.5631368 -6.56893e-7 0.2724615 0.2776069 0.9354352 0.2980283 0.5631368 -1.79777e-6 0.6114528 0.2776069 0.9354352 0.6997864 0.8796125 0.2980283 0.5631368 0.7211545 0.2861596 0.2980283 0.5631368 0.7247731 0.5329174 0.5072602 0.09131211 1.000003 0.44435 1 0.06028211 0.6997864 0.8796125 0.7247731 0.5329174 0.2980283 0.5631368 0.7211545 0.2861596 1.000001 0 0.71302 0 0.7247731 0.5329174 1.000001 0.272482 0.7211545 0.2861596 0.6997864 0.8796125 1 0.9613415 1.000001 0.6115328 1.03608e-4 0.5609396 0.1890483 0.3140154 -1.50216e-6 0.221866 -1.50216e-6 0.221866 0.1890483 0.3140154 0.2273851 0 0.2010656 0.8333333 0.3538708 0.6730853 1.03608e-4 0.5609396 0.2128126 0.5 0.4851467 0.4064383 0.1890483 0.3140154 0.1890483 0.3140154 0.5104458 0.1020972 0.2273851 0 0.3538708 0.6730853 0.4851467 0.4064383 0.2128126 0.5 0.2273851 1 0.5330123 1 0.3538708 0.6730853 0.5330123 1 0.5652307 0.6613875 0.3538708 0.6730853 0.7904647 0.5518864 0.790949 0.2371307 0.4851467 0.4064383 0.5330123 1 0.825609 0.9372244 0.5652307 0.6613875 0.5652307 0.6613875 0.825609 0.9372244 0.7904647 0.5518864 0.790949 0.2371307 1.000001 0 0.8100262 0 0.7904647 0.5518864 1 0.2725239 0.790949 0.2371307 0.825609 0.9372244 1 0.9613257 1.000001 0.6115105 -3.18125e-6 0.5608842 0.5015552 0.3333334 -7.91632e-6 0.2223628 -3.33967e-6 0.8718997 0.5017039 0.5926148 -3.18125e-6 0.5608842 0.5014857 1 1.000003 0.7948306 0.5021151 0.8333333 0.5017039 0.5926148 1.000003 0.44435 0.5015552 0.3333334 0.5021151 0.8333333 1.000003 0.7948306 0.5017039 0.5926148 0.7096518 0 0.521162 0.1666666 0.7520845 0.1666666 0.5017039 0.5926148 1.000003 0.7948306 1.000003 0.44435 1.35648e-5 0.6116713 0.1208186 0.5 6.69072e-5 0.2725771 0.1797955 0.8333333 0.2572405 0.5371683 1.35648e-5 0.6116713 0.213851 0.3333333 0.2869493 0.1504333 6.69072e-5 0.2725771 0.2513036 1 0.3376614 0.9202401 0.1797955 0.8333333 0.1797955 0.8333333 0.3376614 0.9202401 0.2572405 0.5371683 0.3677211 0.1666666 0.3398205 0 0.2869493 0.1504333 0.2572405 0.5371683 0.2869493 0.1504333 0.213851 0.3333333 0.3677211 0.1666666 0.3966544 0 0.3398205 0 0.3376614 0.9202401 0.3937538 0.9353845 0.37542 0.6666666 0.3677211 0.1666666 0.521162 0.1666666 0.3966544 0 0.3855375 0.4224948 0.5262276 0.3333333 0.521162 0.1666666 0.3855375 0.4224948 0.5203483 0.5443316 0.5262276 0.3333333 0.5209174 0.8333334 0.5203483 0.5443316 0.37542 0.6666666 0.5203483 0.5443316 0.7078476 0.4216635 0.5262276 0.3333333 0.7198416 0.6666667 0.7078476 0.4216635 0.5203483 0.5443316 0.521162 0.1666666 0.7078476 0.4216635 0.7520845 0.1666666 0.7757837 1 0.88253 0.7560403 0.7872311 0.7554814 0.7078476 0.4216635 0.7764353 0.4127561 0.7520845 0.1666666 0.7198416 0.6666667 0.7764353 0.4127561 0.7078476 0.4216635 0.7198416 0.6666667 0.7872311 0.7554814 0.7764353 0.4127561 0.7764353 0.4127561 0.7752665 -8.03361e-4 0.7520845 0.1666666 0.5570518 0.1666666 0.7316473 0.4307974 0.7262877 0.1666666 0.7872311 0.7554814 0.88253 0.7560403 0.8731275 0.4398044 0.8731275 0.4398044 1 0.2943303 0.7752665 -8.03361e-4 0.7752665 -8.03361e-4 1 0.2943303 0.9999757 0 -2.04554e-7 0.9299073 0.3382168 0.6666666 -1.94307e-7 0.5547688 -1.94307e-7 0.5547688 0.3468024 0.5 2.68358e-5 0.3333333 2.68358e-5 0.3333333 0.502017 0.3333334 0.3544128 0.1666666 0.3468024 0.5 0.7525473 0.6336281 0.502017 0.3333334 0.7872485 0.1666666 0.9999892 0 0.7444123 0 0.502017 0.3333334 0.9999948 0.3332004 0.7872485 0.1666666 0.8213492 0.6968593 0.999992 0.6666667 0.7525473 0.6336281 0.7872485 0.1666666 0.9999948 0.3332004 0.9999892 0 0.999992 0.6666667 0.9999948 0.3332004 0.7525473 0.6336281 0.8213492 0.6968593 0.9999929 0.9469001 0.999992 0.6666667 0.7316473 0.4307974 0.5649922 0.6666667 0.7349964 0.6946325 0 0.5833338 1 0.8333333 0.9999999 0.5026062 0.7262877 0.1666666 1.000038 0.1977654 0.7667294 0 0.7316473 0.4307974 1.000038 0.1977654 0.7262877 0.1666666 0.7349964 0.6946325 1.000058 0.5663174 0.7316473 0.4307974 0.7687875 0.9297164 1.000074 0.8988278 0.7349964 0.6946325 1.000058 0.5663174 1.000038 0.1977654 0.7316473 0.4307974 -1.12073e-5 0.5610056 0.5020526 0.3333333 -2.37249e-5 0.2244459 -9.17602e-6 0.8709724 0.5022812 0.5927897 -1.12073e-5 0.5610056 0.5020364 1 1.000009 0.8707404 0.5026491 0.8333333 0.5020526 0.3333333 1.000025 0.2243184 0.5022944 0.0788325 0.5022812 0.5927897 1.000012 0.5612358 0.5020526 0.3333333 0.5026491 0.8333333 1.000009 0.8707404 0.5022812 0.5927897 1.000025 0.2243184 1 0 0.5022944 0.0788325 -2.06768e-7 0.9211143 1 1 1 0.8333333 0 0.2500012 0.9999999 0.5026062 1 0.09075844 0.1683409 0.6666667 0.09903615 0.8333333 0.1689648 0.8333333 -2.85215e-5 0.4286118 0.09745794 0.3333333 -1.37505e-5 0.1333209 -8.10929e-6 0.7766879 0.09674757 0.6666667 -2.85215e-5 0.4286118 0.1398364 1 0.09903615 0.8333333 -8.10929e-6 0.7766879 -2.85215e-5 0.4286118 0.1444168 0.5 0.09745794 0.3333333 0.1398364 1 0.1689648 0.8333333 0.09903615 0.8333333 0.09674757 0.6666667 0.1683409 0.6666667 0.1444168 0.5 0.3043383 0.8333333 0.1398364 1 0.3661926 1 0.1398364 0 0.3081417 0.1666666 0.3661926 0 0.3081417 0.1666666 0.1669044 0.3333334 0.3102478 0.3333333 0.1669044 0.3333334 0.3129196 0.5 0.3102478 0.3333333 0.1683409 0.6666667 0.3129196 0.5 0.1444168 0.5 0.1683409 0.6666667 0.3043383 0.8333333 0.3055526 0.6666667 0.3102478 0.3333333 0.5408548 0.5 0.5546239 0.3333333 0.3661926 1 0.5691991 0.8333334 0.3043383 0.8333333 0.3102478 0.3333333 0.5546239 0.3333333 0.3081417 0.1666666 0.3055526 0.6666667 0.5408548 0.5 0.3129196 0.5 0.3055526 0.6666667 0.5691991 0.8333334 0.5713408 0.6666668 0.7389395 0.7564851 0.6565192 1 0.7384148 1 0.5611368 0.1666666 0.6674 0.1257933 0.3661926 0 0.1 0.8333333 0.06847506 1 0.1 1 0.5713408 0.6666668 0.6852775 0.5 0.5408548 0.5 0.6852775 0.5 0.6930243 0.2890208 0.5546239 0.3333333 0.7389395 0.7564851 0.8597946 1 0.860255 0.7465815 0.6674 0.1257933 0.6930243 0.2890208 0.7461092 0.08103215 0.6930243 0.2890208 0.7555931 0.4085181 0.7461092 0.08103215 0.8584403 0.07443088 0.7555931 0.4085181 0.8587459 0.4210558 0.7555931 0.4085181 0.860255 0.7465815 0.8587459 0.4210558 1 0.8333333 0.8597946 1 1 1 0.8587459 0.4210558 1 0.2296317 0.8584403 0.07443088 0.3424331 0.1666666 5.25858e-5 0.3738488 0.3448285 0.3333333 1 0.8333333 1 0.5632159 0.860255 0.7465815 -2.7595e-7 0.7786571 0.1453539 0.6666668 5.25858e-5 0.3738488 0.280607 1 0.201504 0.8333333 -2.7595e-7 0.7786571 0.3424331 0.1666666 0.6097402 0 0.280607 0 0.1453539 0.6666668 0.3498404 0.6666667 0.2828765 0.5 0.201504 0.8333333 0.3498404 0.6666667 0.1453539 0.6666668 0.201504 0.8333333 0.4613426 0.8333333 0.3498404 0.6666667 0.3448285 0.3333333 0.6011077 0.1666666 0.3424331 0.1666666 0.3448285 0.3333333 0.602429 0.5 0.61124 0.3333333 0.602429 0.5 0.3498404 0.6666667 0.6075803 0.6666667 0.6887856 0.1089638 0.61124 0.3333333 0.6946324 0.4181826 0.6120967 0.9270582 0.6945107 1 0.6939826 0.7447506 0.602429 0.5 0.6939826 0.7447506 0.6946324 0.4181826 0.5087357 0.1091508 1 0.3333333 1 0.06179893 0.6946324 0.4181826 0.835207 0.239579 0.6887856 0.1089638 0.835207 0.239579 0.8362917 0 0.6887856 0.1089638 0.6946324 0.4181826 0.8378995 0.5983322 0.835207 0.239579 0.6939826 0.7447506 0.8406897 0.8869824 0.8378995 0.5983322 0.8378995 0.5983322 1.000001 0.2951994 0.835207 0.239579 0.8406897 0.8869824 1.000002 0.6062769 0.8378995 0.5983322 0.835207 0.239579 1.000001 0.2951994 1.000005 0 0 1 0.5006095 1 -7.03852e-6 0.7958088 -4.33876e-6 0.4444509 0.5035141 0.3333333 -1.18832e-5 0.1041348 0.5006095 1 1.000003 0.8710965 0.5008987 0.8333334 0.5035141 0.3333333 1.000013 0.2243947 0.5019584 0.07989895 0.5023519 0.5903235 1.000007 0.5605306 0.5035141 0.3333333 0.5008987 0.8333334 1.000003 0.8710965 0.5023519 0.5903235 1.000013 0.2243947 1 0 0.5019584 0.07989895 0 1 0.4995967 1 -3.87684e-6 0.7950403 -5.92132e-7 0.4448873 0.5039789 0.3333333 -5.71559e-6 0.1050115 0.4995967 1 1.000001 0.9090467 0.4995281 0.8333333 0.4995281 0.8333333 1.000001 0.9090467 0.5094316 0.553183 1 0.3333333 0.5094316 0.553183 1 0.6035501 0.2369741 0.2490848 0.3842051 0.5 0.4308815 0.153515 0 1 0.2183489 0.9203087 0 0.7273285 0 0.7273285 0.2366251 0.5956375 -1.62325e-7 0.3880797 0.2183489 0.9203087 0.2366251 0.5956375 0 0.7273285 0.2183489 0.9203087 0.3853466 1 0.4188342 0.7357596 0.2369741 0.2490848 0.3853466 0 0.2274929 0 0.4188342 0.7357596 0.4285714 1 0.4590717 0.8892433 0.2183489 0.9203087 0.4188342 0.7357596 0.2366251 0.5956375 0.2366251 0.5956375 0.4188342 0.7357596 0.3842051 0.5 0.5818067 0.1151077 0.4507151 0.4059204 0.5574842 0.442929 0.4188342 0.7357596 0.5574842 0.442929 0.4507151 0.4059204 0.5607386 1 0.5841779 0.7531368 0.4590717 0.8892433 0.883294 0.6666666 0.8093004 0.9096974 0.8868449 0.8603048 0.5818067 0.1151077 0.8276143 0.2319464 0.8072639 0 0.8093004 0.9096974 0.8141352 0.6221969 0.5841779 0.7531368 0.7110528 0.4470064 0.8141352 0.6221969 0.8276143 0.2319464 0.8276143 0.2319464 0.8571429 0 0.8072639 0 0.4150505 0 0.5141654 0.3363096 0.5423261 0 0.8276143 0.2319464 0.9005462 0.4296893 0.9004721 0.09687101 0.883294 0.6666666 0.9005462 0.4296893 0.8141352 0.6221969 0.9014061 1 1.000071 1 0.8868449 0.8603048 0.9005462 0.4296893 1.000019 0.3637787 0.9004721 0.09687101 0.8868449 0.8603048 1.00002 0.7316774 0.883294 0.6666666 1.00002 0.7316774 1.000019 0.3637787 0.9005462 0.4296893 8.49212e-4 0.5554243 0.4116681 0.5 0.3807794 0.3333334 5.38902e-5 0.9353992 0.5024055 0.8598772 8.49212e-4 0.5554243 9.1408e-5 0.2054752 0.5912712 0 7.36939e-5 0 8.49212e-4 0.5554243 0.5862247 0.6666666 0.4116681 0.5 0.5024055 0.8598772 0.5862247 0.6666666 8.49212e-4 0.5554243 9.1408e-5 0.2054752 0.6051782 0.1666666 0.5912712 0 0.5862247 0.6666666 0.9999672 0.4149906 0.4116681 0.5 0.6051782 0.1666666 1 0.1277765 0.5912712 0 0.9999672 0.4149906 1 0.1277765 0.6051782 0.1666666 0.5024055 0.8598772 1 1 0.9999903 0.8015266 1.40604e-5 0.5845258 0.40681 0.2807615 1.59852e-4 0.221509 1.59852e-4 0.221509 0.40681 0.2807615 0.4150505 0 0.5423261 1 0.5349919 0.7212938 0.415341 0.9210237 0.5423261 0 0.756555 0.1666666 0.754599 0 0.5349919 0.7212938 0.5141654 0.3363096 0.4201142 0.5714414 0.5349919 0.7212938 0.7499912 0.6666667 0.5728308 0.4295125 0.5728308 0.4295125 0.756555 0.1666666 0.5141654 0.3363096 1.000001 0.05593335 0.7540299 0.4135721 1 0.4397318 0.5349919 0.7212938 0.7528656 0.9079866 0.7499912 0.6666667 0.756555 0.1666666 1.000001 0.05593335 0.754599 0 0.7499912 0.6666667 1.000002 0.705022 0.7540299 0.4135721 0.7528656 0.9079866 1.000002 0.705022 0.7499912 0.6666667 1.000002 1 1.000002 0.705022 0.7528656 0.9079866 0.5069569 0.09075772 1.000005 0.4439049 1 0.06025755 4.39499e-5 0.7422446 0.5241675 0.5 4.36552e-5 0.3333333 1.3596e-4 1 0.6495456 1 4.39499e-5 0.7422446 0.5751794 0.1666666 0.6495456 0 1.3605e-4 0.03891205 4.39499e-5 0.7422446 0.5989446 0.7076566 0.5241675 0.5 0.6495456 1 0.5989446 0.7076566 4.39499e-5 0.7422446 4.36552e-5 0.3333333 1.000055 0.4392584 0.5751794 0.1666666 0.5751794 0.1666666 1.000001 0.128094 0.6495456 0 1.000055 0.4392584 1.000001 0.128094 0.5751794 0.1666666 0.9999793 0.7206845 1.000055 0.4392584 0.5241675 0.5 0.6495456 1 1 1 0.9999793 0.7206845 -4.31263e-6 0.5609689 0.5016431 0.3333333 -1.10422e-5 0.2228437 -4.2211e-6 0.8716127 0.5018162 0.5929741 -4.31263e-6 0.5609689 0.5015862 1 1.000005 0.7951563 0.5022049 0.8333333 0.5018162 0.5929741 1.000005 0.4439049 0.5016431 0.3333333 0.5022049 0.8333333 1.000005 0.7951563 0.5018162 0.5929741 0 0 1 0.2425732 1 0 0.5018162 0.5929741 1.000005 0.7951563 1.000005 0.4439049 0 0.2544471 1 0.5833331 1 0.2425732 0 0.5833334 1 0.9166659 1 0.5833331 0.2957318 0.6885619 0.7115135 0.4327764 0.2943799 0.5 -2.78426e-6 0.6114353 0.2943799 0.5 5.55986e-5 0.3333333 0.2943799 0.5 0.3286004 0.3045402 5.55986e-5 0.3333333 0.3613952 1 0.7074148 0.6983319 0.2957318 0.6885619 0.2943799 0.5 0.7115135 0.4327764 0.3286004 0.3045402 0.3286004 0.3045402 0.9977381 0.3865601 0.3613952 0 0.9977381 0.3865601 0.7074148 0.6983319 1 0.772802 0.3613952 1 0.999907 1 0.7074148 0.6983319 0.9977381 0.3865601 0.9999068 0.0388506 0.3613952 0 0.4255666 0.6788384 0.2268851 1 0.4637314 1 -1.8743e-5 0.56129 0.5023238 0.3333334 -2.74022e-5 0.2250208 -1.1379e-5 0.8704142 0.5026001 0.591073 -1.8743e-5 0.56129 0.5023604 1 1.000012 0.8703565 0.5029594 0.8333334 0.5023238 0.3333334 1.000029 0.2247892 0.502594 0.07759475 0.5026001 0.591073 1.00002 0.5613225 0.5023238 0.3333334 0.5029594 0.8333334 1.000012 0.8703565 0.5026001 0.591073 1.000029 0.2247892 1 0 0.502594 0.07759475 -4.06256e-7 0.2053638 0.2341578 0.07439625 0 0 -5.29292e-7 0.894095 0.2119096 0.7594239 8.85512e-4 0.5540047 0.2268851 1 0.2119096 0.7594239 -5.29292e-7 0.894095 8.85512e-4 0.5540047 0.4193432 0.3333333 0.2341578 0.07439625 0.2119096 0.7594239 0.4255666 0.6788384 0.3484743 0.5 0.4637314 1 0.7632763 0.7354159 0.4255666 0.6788384 0.4193432 0.3333333 0.4641223 0.08285921 0.2341578 0.07439625 0.4193432 0.3333333 0.7862836 0.5 0.7759274 0.2098885 0.7759274 0.2098885 0.7479167 0 0.4641223 0.08285921 0.7862836 0.5 0.4255666 0.6788384 0.7632763 0.7354159 0.6110272 0.8333333 0.3405947 1 0.6061887 1 0.7759274 0.2098885 0.9999794 0 0.7479167 0 0.7632763 0.7354159 0.9999826 0.6666667 0.7862836 0.5 0.7759274 0.2098885 0.9999878 0.3312978 0.9999794 0 0.9999826 0.6666667 0.9999878 0.3312978 0.7862836 0.5 0.7632763 0.7354159 0.9999869 0.9455709 0.9999826 0.6666667 -1.72847e-6 0.605799 0.332717 0.6152438 -1.25848e-6 0.2948211 -3.49361e-6 0.9444839 0.3211086 0.8333333 -1.72847e-6 0.605799 0.6082186 0.0945208 0.3348793 0.3333333 0.6045362 0.4109222 0.6061887 1 0.6990884 0.6710324 0.6110272 0.8333333 0.6110272 0.8333333 0.6990884 0.6710324 0.332717 0.6152438 0.6082186 0.0945208 0.7708303 0.4216476 0.7693371 0.09113729 0.7708303 0.4216476 1 0.7783791 1.000021 0.3919078 0.7685098 1 1.000039 1 0.6990884 0.6710324 1.000021 0.3919078 1.00003 0.03588259 0.7693371 0.09113729 0.2372954 0.6666668 0.5352527 0.8333333 0.5221524 0.5744594 0.9999995 1 1 0.7499973 -3.18582e-7 0.9166666 0 0.2500006 1 0.4240944 0.9999999 0.08333331 0 0.5788843 1 0.7499973 1 0.4240944 -4.44817e-7 0.272571 0.2264115 0.1666666 -6.05061e-7 0 -1.26994e-6 0.6115003 0.1659656 0.4221714 -4.44817e-7 0.272571 -4.44817e-7 0.272571 0.1659656 0.4221714 0.2264115 0.1666666 0.2208014 0.8333333 0.2372954 0.6666668 -1.26994e-6 0.6115003 0.1659656 0.4221714 0.3649115 0.3933304 0.2264115 0.1666666 0.3649115 0.3933304 0.5105969 0.09229809 0.2264115 0.1666666 0.6183801 0.2894987 0.8501402 0.59301 0.8474183 0.3333333 0.3649115 0.3933304 0.5499901 0.379486 0.5105969 0.09229809 0.5105969 0.09229809 0.6183801 0.2894987 0.5963295 0 0.6019372 0.6852162 0.5499901 0.379486 0.5221524 0.5744594 0.5352527 0.8333333 0.6019372 0.6852162 0.5221524 0.5744594 0.6179232 0.5 0.6183801 0.2894987 0.5499901 0.379486 0.6183801 0.2894987 0.8474183 0.3333333 0.8265665 0.03273862 0.7159594 0.5869508 0.3379225 0.8333334 0.7306015 0.9095205 0.7482854 0.8333334 0.8501402 0.59301 0.6019372 0.6852162 0.8470196 1 0.9999931 0.7754795 0.7482854 0.8333334 0.8474183 0.3333333 0.9999888 0.1147865 0.8265665 0.03273862 0.7482854 0.8333334 0.9999931 0.7754795 0.8501402 0.59301 0.8470196 1 1.000001 1 0.9999931 0.7754795 0.8474183 0.3333333 1 0.3720446 0.9999888 0.1147865 0.8501402 0.59301 1 0.3720446 0.8474183 0.3333333 0.9999931 0.7754795 1 0.3720446 0.8501402 0.59301 1.84229e-4 0.6666668 0.434794 0.4321835 -8.60603e-7 0.3883038 -8.60603e-7 0.3883038 0.434794 0.4321835 0.5595377 0.1666666 1.51364e-5 0.8983743 0.4886464 0.8904812 1.84229e-4 0.6666668 1.84229e-4 0.6666668 0.9963762 0.5018295 0.434794 0.4321835 0.4886464 0.8904812 0.9963762 0.5018295 1.84229e-4 0.6666668 0.4886464 0.8904812 1.000001 1 0.9999053 0.794103 0.5595377 0.1666666 1.000001 0.1033298 0.6699039 0 0.9963762 0.5018295 1.000001 0.1033298 0.434794 0.4321835 -6.63506e-6 0.5608682 0.3513554 0.3333333 -1.43068e-5 0.2239919 -5.50905e-6 0.871275 0.3323054 0.5670809 -6.63506e-6 0.5608682 0.352711 1 0.7306015 0.9095205 0.3379225 0.8333334 0.3513554 0.3333333 0.7402462 0.3052663 0.3455357 0.07674825 0.3323054 0.5670809 0.7159594 0.5869508 0.3513554 0.3333333 0 0.2499976 0.9999997 0.5 1 0.169274 0.7159594 0.5869508 1.000003 0.4444652 0.7402462 0.3052663 0.7306015 0.9095205 1.000004 0.7946924 0.7159594 0.5869508 1.000003 0.4444652 1 0.05994117 0.7402462 0.3052663 0.7159594 0.5869508 1.000004 0.7946924 1.000003 0.4444652 -2.78425e-7 0.9122189 1 1 0.9999999 0.7574254 1.000005 0.722275 0.5120175 1 1 1 0 0.5833337 0.9999999 0.7574254 0.9999997 0.5 -4.71044e-6 0.6059698 0.5018671 0.5743605 -5.28811e-6 0.2946913 -1.37929e-5 0.9438963 0.5016991 0.8333333 -4.71044e-6 0.6059698 0.5022847 0.3333333 1.000005 0.3717626 0.5070834 0.0792306 0.5018671 0.5743605 1.000005 0.3717626 0.5022847 0.3333333 0.5016991 0.8333333 1.000005 0.722275 0.5018671 0.5743605 1.000005 0.722275 1.000005 0.3717626 0.5018671 0.5743605 0.1 0 0.06847506 0 0.06827712 0.1666666 0.1 0.1666666 0.06827712 0.1666666 0.06860685 0.3333334 0.06926655 0.5 0.1 0.5 0.1 0.3333333 0.06926655 0.5 0.0697056 0.6666667 0.1 0.6666667 0.0697056 0.6666667 0.06868416 0.8333333 0.1 0.8333333 0.1 0.8333333 0.1 1 0.1305846 1 0.1 0.1666666 0.1323 0.1666666 0.1305846 0 0.1 0.1666666 0.1 0.3333333 0.1297708 0.3333333 0.1297708 0.3333333 0.1 0.3333333 0.1 0.5 0.1309385 0.5 0.1 0.5 0.1 0.6666667 0.131381 0.6666666 0.1 0.6666667 0.1 0.8333333 0.1322093 0.8333333 0.1305846 1 0.2007706 1 0.1323 0.1666666 0.2884334 0.1666666 0.2007706 0 0.1297708 0.3333333 0.3539893 0.3333333 0.2884334 0.1666666 0.1297708 0.3333333 0.1309385 0.5 0.200827 0.5 0.4419293 0 0.3786423 0 0.3920835 0.1666666 0.617104 0.3333333 0.4323064 0.3333333 0.4447342 0.5 0.830413 0.6666667 0.8328233 0.8333333 1.000018 0.8333333 0 0.8333333 0 1 0.1120663 1 0 0.1666666 0.1793192 0.1666666 0.1120663 0 0 0.1666666 0 0.3333333 0.111175 0.3333333 0.111175 0.3333333 0 0.3333333 0 0.5 0.1120663 1 0.2952419 1 0.3134373 0.8333333 0.111175 0.3333333 0.1136766 0.5 0.3389354 0.5 0.37528 0 0.2952419 0 0.3245171 0.1666666 0.3245171 0.1666666 0.3033172 0.3333333 0.4335277 0.3333333 0.3790117 0.6666667 0.3134373 0.8333333 0.5110487 0.8333334 0.5387982 0.5 0.5270595 0.6666667 0.6716446 0.6666667 0.6029754 0.8333334 0.5855461 1 0.6973053 1 0 0.8333333 0 1 0.113422 1 0 0 0 0.1666666 0.1123747 0.1666666 0 0.1666666 0 0.3333333 0.1115417 0.3333333 0 0.3333333 0 0.5 0.1129584 0.5 0.113422 0 0.1123747 0.1666666 0.3061256 0.1666666 0.1123747 0.1666666 0.1115417 0.3333333 0.2884163 0.3333333 0.2884163 0.3333333 0.1115417 0.3333333 0.1129584 0.5 0.1137702 0.6666668 0.305687 0.6666667 0.3420111 0.5 0.3150176 0.8333333 0.3013282 1 0.3938159 1 0.4281291 0.6666668 0.305687 0.6666667 0.3150176 0.8333333 0.3792451 0.3333333 0.3420111 0.5 0.4624742 0.5 0.4624742 0.5 0.4281291 0.6666668 0.5464313 0.6666667 0.4455772 0.8333333 0.5653961 0.8333333 0.5464313 0.6666667 0.5967481 0.6666668 0.7686326 0.6666667 0.69111 0.5 0.69111 0.5 0.8874164 0.5 0.9067409 0.3333333 0.7686326 0.6666667 0.7319478 0.8333334 0.9004138 0.8333333 0.8874164 0.5 0.9020825 0.6666666 1.000017 0.6666667 1.000017 0.6666667 0.9020825 0.6666666 0.9004138 0.8333333 0 1 0.1130312 1 0.1127082 0.8333333 0 0.1666666 0.1130089 0.1666666 0.1130312 0 0 0.1666666 0 0.3333333 0.1126549 0.3333334 0.1126549 0.3333334 0 0.3333333 0 0.5 0.1127082 0.8333333 0.1130312 1 0.2852326 1 0.1130089 0.1666666 0.282266 0.1666666 0.2852326 0 0.282266 0.1666666 0.1130089 0.1666666 0.1126549 0.3333334 0.1131618 0.6666667 0.1127082 0.8333333 0.3010817 0.8333333 0.2852326 0 0.282266 0.1666666 0.3692142 0.1666666 0.417392 0.3333334 0.302809 0.3333333 0.3240699 0.5 0.3240699 0.5 0.3113138 0.6666667 0.3824511 0.6666666 0.5209823 0.1666666 0.3692142 0.1666666 0.417392 0.3333334 0.417392 0.3333334 0.4108707 0.5 0.5195886 0.5 0.518943 0.8333333 0.5183264 1 0.5555556 1 0.5555556 0 0.5183264 0 0.5209823 0.1666666 0.5209823 0.1666666 0.5225351 0.3333333 0.5555556 0.3333333 0.5225351 0.3333333 0.5195886 0.5 0.5555556 0.5 0.5195886 0.5 0.5178791 0.6666667 0.5555556 0.6666667 0.518943 0.8333333 0.5555556 0.8333333 0.5555556 0.6666667 0.5555556 0.8333333 0.5555556 1 0.5910752 1 0.5912418 0.3333333 0.5555556 0.3333333 0.5555556 0.5 0.5914403 0.5 0.5555556 0.5 0.5555556 0.6666667 0.5555556 0.6666667 0.5555556 0.8333333 0.5915001 0.8333334 0.8616706 0.6666667 0.6731843 0.6666668 0.6725733 0.8333333 0.8732469 0.8333333 0.8614689 1 0.9994617 1 0.9994678 0.6666667 0.8616706 0.6666667 0.8732469 0.8333333 0 0.8333333 0 1 0.1112554 1 0 0 0 0.1666666 0.1109955 0.1666666 0.1109955 0.1666666 0 0.1666666 0 0.3333334 0 0.8333333 0.1561634 0.8333333 0.1144858 0.6666667 0.2780611 0.3333334 0.1135362 0.3333333 0.1154559 0.5 0.3303082 0.5 0.1154559 0.5 0.1144858 0.6666667 0.3767964 0.6666668 0.3113865 0.6666668 0.3241385 0.8333333 0.3820966 0.1666666 0.6743936 0.1666666 0.6454864 0 0.7886139 0 0.6454864 0 0.6743936 0.1666666 0.769014 0.1666666 0.7377801 0.3333333 0.8199954 0.3333333 0.270382 0.5783184 7.64916e-6 0.5826131 1.88194e-5 0.9138043 0.6107271 0.1595804 0.4315574 0.05444717 0.3715886 0.3333333 0.673681 0.6180664 0.6729809 0.952616 0.7834986 0.9154592 0.7841463 0.2595091 0.8333333 0.2616306 0.8333333 0 0.7815449 0.6433888 0.7834986 0.9154592 0.8333333 0.9051301 0.8333333 0.2616306 0.888473 0.2898486 0.88389 0.02526229 0.8333333 0.2616306 0.8333333 0.5830314 0.884304 0.6148737 0.884304 0.6148737 0.8333333 0.5830314 0.8333333 0.9051301 0.888473 0.2898486 0.884304 0.6148737 1 0.7416782 0.5950567 0.4814292 0.4929558 0.550643 0.6816583 0.8164247 0.7916667 0.4545594 0.7819606 0.8139403 0.8333334 0.9172576 0.8333334 0.6056898 0.8333334 0.9172576 0.8823916 0.848376 0.6905338 0.03238129 0.4924601 0.1544867 0.4917662 0.3333334 0.4917662 0.3333334 0.5056034 0.5 0.6863539 0.6021746 0.1688302 0.4215498 6.80241e-5 0.6666668 0.3366621 0.8069599 0.9961689 0.2323216 0.4778274 0.3794578 0.4915693 0.803642 0.1728748 0.8333333 0.1706804 1 0.2969111 1 0.2969111 0 0.1706804 0 0.1725898 0.1666666 0.1725898 0.1666666 0.1692771 0.3333333 0.2940465 0.3333334 0.1692771 0.3333333 0.1716786 0.5 0.25 0.5 0.1693801 0.6666667 0.2953396 0.6666667 0.25 0.5 0.1728748 0.8333333 0.2975648 0.8333333 0.2953396 0.6666667 0.2975648 0.8333333 0.2969111 1 0.4876369 1 0.2969111 0 0.2979419 0.1666666 0.4722572 0.1666666 0.2940465 0.3333334 0.4918469 0.3333333 0.4722572 0.1666666 0.324151 0.5 0.4752351 0.5 0.4918469 0.3333333 0.4752351 0.5 0.324151 0.5 0.2953396 0.6666667 0.5019808 0.6666667 0.2953396 0.6666667 0.2975648 0.8333333 0.4228473 0.1182577 0.2609745 0.1666666 0.2724345 0.4874507 0.4494746 0.3521457 0.4166666 0.7507453 0.6588491 0.7806233 0.7281814 0.1326075 0.7106228 0.3888803 1 0.27262 0.5767462 0.8333333 0.6099395 1 0.7684156 1 0.7684156 0 0.6636493 0.1666666 1.00008 0.1666666 0 0.3725405 1 0.4270588 1 0.07881176 0 0 0 0.2499858 1 0.2498805 0 0.2499858 0 0.583316 1 0.5832502 0.1116041 0.6666667 0 0.6107969 0 0.8333333 -3.95024e-5 0 -1.58328e-5 0.1666666 0.0786103 0.1666666 -1.58328e-5 0.1666666 -7.90622e-6 0.3333334 0.07585561 0.3333333 0.0786103 0.1666666 0.07585561 0.3333333 0.1310031 0.3333334 0.1097085 0.8333334 0.112087 1 0.2411066 1 0.1318076 0.1666666 0.228335 0.1666666 0.2411066 0 0.228335 0.1666666 0.1318076 0.1666666 0.1310031 0.3333334 0.1310031 0.3333334 0.1088828 0.5 0.236534 0.5 0.1088828 0.5 0.1116041 0.6666667 0.2162136 0.6666667 0.1097085 0.8333334 0.2352174 0.8333333 0.2162136 0.6666667 0.2411066 1 0.4403771 1 0.4355287 0.8333333 0.5564294 0.8333333 0.4355287 0.8333333 0.4403771 1 0.4403771 0 0.4221498 0.1666666 0.55647 0.1666666 0.4343572 0.5 0.3953337 0.6666666 0.5551545 0.6666666 0.4355287 0.8333333 0.5564294 0.8333333 0.5551545 0.6666666 0.5560535 1 0.6853526 1 0.6617243 0.8333333 0.55647 0.1666666 0.6990587 0.1666666 0.6853526 0 0.5756262 0.3333333 0.6866225 0.3333333 0.6990587 0.1666666 0.5551545 0.6666666 0.5564294 0.8333333 0.6617243 0.8333333 0.6990587 0.1666666 0.8680226 0.1666666 0.8577322 0 0.6990587 0.1666666 0.6866225 0.3333333 0.854228 0.3333333 3.74153e-6 0.8333333 5.59677e-6 1 0.1885633 1 -1.31959e-7 0.6666667 3.74153e-6 0.8333333 0.1847766 0.8333333 0.1885633 1 0.2391598 1 0.2346048 0.8333333 0.1885633 0 0.1851356 0.1666666 0.2366953 0.1666666 0.2366953 0.1666666 0.1851356 0.1666666 0.1887997 0.3333333 0.1887997 0.3333333 0.1821303 0.5 0.23464 0.5 0.23464 0.5 0.1821303 0.5 0.1877799 0.6666667 0.1877799 0.6666667 0.1847766 0.8333333 0.2346048 0.8333333 0.3212862 0 0.2391598 0 0.2366953 0.1666666 0.2366953 0.1666666 0.2393747 0.3333333 0.3211678 0.3333333 0.3212862 1 0.368143 1 0.3672552 0.8333333 0.3212862 0 0.3215252 0.1666666 0.3656421 0.1666666 0.3656421 0.1666666 0.3215252 0.1666666 0.3211678 0.3333333 0.3211678 0.3333333 0.3167685 0.5 0.3648799 0.5 0.3648799 0.5 0.3167685 0.5 0.3219851 0.6666667 0.3219851 0.6666667 0.3170809 0.8333333 0.3672552 0.8333333 0.368143 0 0.3656421 0.1666666 0.4331522 0.1666666 0.3672552 0.8333333 0.5198475 0.8333334 0.4979189 0.6666667 0.4384373 0 0.4331522 0.1666666 0.5215491 0.1666666 0.4331522 0.1666666 0.3794897 0.3333333 0.5219085 0.3333333 0.5198475 0.8333334 0.5202918 1 0.5751949 1 0.5202918 0 0.5215491 0.1666666 0.5752333 0.1666666 0.5215491 0.1666666 0.5219085 0.3333333 0.5744071 0.3333333 0.5744596 0.6666668 0.4979189 0.6666667 0.5198475 0.8333334 0.5760048 0.8333333 0.5751949 1 0.6638618 1 0.6638618 0 0.5751949 0 0.5752333 0.1666666 0.6590443 0.1666666 0.5752333 0.1666666 0.5744071 0.3333333 0.5872685 0.5 0.6646385 0.5 0.6618261 0.3333334 0.5872685 0.5 0.5744596 0.6666668 0.6620609 0.6666667 0.5760048 0.8333333 0.6769713 0.8333333 0.6620609 0.6666667 0.6590443 0.1666666 0.6618261 0.3333334 0.7716739 0.3333333 0.7854803 0.5 0.8684483 0.5 0.85507 0.2256814 0.7854803 0.5 0.7817499 0.6666667 0.8691175 0.6666668 0.07565718 0.8333334 -1.3765e-5 0.8333333 -1.58702e-5 1 -1.58702e-5 0 -4.05181e-5 0.1666666 0.07607543 0.1666666 0.1310247 0.8333333 0.07565718 0.8333334 0.0786696 1 0.0786696 0 0.07607543 0.1666666 0.1301765 0.1666666 0.07792568 0.3333333 0.1315434 0.3333333 0.1301765 0.1666666 0.07792568 0.3333333 0.07724195 0.5 0.1300097 0.5 0.1300097 0.5 0.07724195 0.5 0.07688397 0.6666668 0.1310338 0.6666666 0.07688397 0.6666668 0.07565718 0.8333334 0.1310247 0.8333333 0.1318627 1 0.2093432 1 0.2093432 0 0.1318627 0 0.1301765 0.1666666 0.2348384 0.1666666 0.1301765 0.1666666 0.1315434 0.3333333 0.1315434 0.3333333 0.1300097 0.5 0.2161741 0.5 0.1300097 0.5 0.1310338 0.6666666 0.2089893 0.6666667 0.1310247 0.8333333 0.232327 0.8333333 0.2089893 0.6666667 0.2348384 0.1666666 0.2222378 0.3333333 0.3717742 0.3333333 0.5223611 0 0.3334164 0 0.3757163 0.1666666 0.3757163 0.1666666 0.3717742 0.3333333 0.5212187 0.3333334 0.3717742 0.3333333 0.3465146 0.5 0.518822 0.5 0.3465146 0.5 0.3335537 0.6666668 0.5209834 0.6666667 0.5223611 1 0.5757673 1 0.574839 0.8333333 0.5223611 0 0.519995 0.1666666 0.5746367 0.1666666 0.5746367 0.1666666 0.519995 0.1666666 0.5212187 0.3333334 0.5212187 0.3333334 0.518822 0.5 0.5759693 0.5 0.5759693 0.5 0.518822 0.5 0.5209834 0.6666667 0.5209834 0.6666667 0.5138554 0.8333333 0.574839 0.8333333 0.574839 0.8333333 0.5757673 1 0.6703343 1 0.5757673 0 0.5746367 0.1666666 0.6685687 0.1666666 0.5746367 0.1666666 0.5753505 0.3333333 0.6596429 0.3333333 0.6579003 0.6666667 0.576201 0.6666667 0.574839 0.8333333 0.6841248 0.8333333 0.6703343 1 0.8818854 1 0.8818854 0 0.8630545 0.1666666 0.9999969 0.2905969 0.223165 0.1666666 0.1898511 0.3333333 0.3332098 0.3333333 0.3332098 0.3333333 0.1898511 0.3333333 0.2227744 0.5 0.2227744 0.5 0.1994985 0.6666666 0.3265594 0.6666667 0.3265594 0.6666667 0.1994985 0.6666666 0.2243112 0.8333334 0.4458588 0.1666666 0.3335955 0.1666666 0.3332098 0.3333333 0.3332098 0.3333333 0.33394 0.5 0.4387648 0.5 0.5497411 0.3333333 0.4393516 0.3333333 0.4387648 0.5 0.4452933 0.8333333 0.443216 1 0.5569585 1 0.4458588 0.1666666 0.6173804 0.1666666 0.5569585 0 0.5644365 0.8333333 0.5569585 1 0.6670633 1 0.7856085 0 0.6670633 0 0.6869674 0.1666666 0.685871 0.6666667 0.6675155 0.8333333 0.7841116 0.9888222 0.7780138 0.2329446 0.7666957 0.5 0.8901942 0.5 0.8939796 0.3333333 0.8901942 0.5 0.9999682 0.5998539 0.6328576 0.5887503 0.6830747 0.5787611 0.6951382 0.2402518 0.9999365 0.7728124 0.7743836 0.8333333 0.7874633 1 0.8552662 0.4228258 0.7792059 0.6211793 0.9999365 0.7728124 0.4511798 1.032746 0.5216275 0.7487814 0.5215796 0.4335518 0.5676082 0 0.5740303 0.3045492 0.6416168 0.2162038 0.5728774 0.5780341 0.6550044 0.687034 0.6416168 0.2162038 0.7846726 0.3333333 0.7012994 0.2593652 0.6901673 0.5491323 0.7097859 0.9646217 0.794419 0.8333334 0.7972981 0.5771033 0.2974185 0.7332122 0.2961603 1 0.3527767 1 0.2974185 0.7332122 0.3543735 0.6899109 0.3175741 0.3809006 0.4486923 0.9981621 0.586524 0.972211 0.5569369 0.6666668 0.1949951 0 0.1969339 0.1666666 0.3100459 0.1666666 0.368046 0.1666666 0.5068058 0.1666666 0.5200859 0 0.3533758 0.3333334 0.5372225 0.3333333 0.5068058 0.1666666 0.5200859 0 0.5068058 0.1666666 0.667627 0.2523563 0.667627 0.2523563 0.5372225 0.3333333 0.5673356 0.5 0.3421023 0 0.3275384 0.1666666 0.5572099 0.1666666 0.3275384 0.1666666 0.271913 0.3333333 0.5378527 0.3333333 0.5535076 0.6666667 0.5204681 0.8333333 0.7767626 0.8333334 0.5718415 0 0.5572099 0.1666666 0.7757102 0.1666666 1.000013 0 0.7748044 0 0.7757102 0.1666666 0.1268852 0.1666666 7.55976e-5 0.3333333 0.3381806 0.3333333 0.1319512 0.5 0.1346199 0.6666666 0.3212538 0.6666667 0.5533064 0.8333334 0.542471 1 0.6601265 1 0.6601265 0 0.542471 0 0.5628959 0.1666666 0.5628959 0.1666666 0.5567353 0.3333334 0.6608535 0.3333333 0.6665424 0.6666667 0.5372057 0.6666667 0.5533064 0.8333334 0.8297587 0.5 0.6671225 0.5 0.6665424 0.6666667 0.6676125 0.8333333 0.8293179 0.8333334 0.8245773 0.6666667 0.8293179 0.8333334 0.8163035 1 0.909509 1 0.8241907 0.1666666 0.8156583 0.3333334 0.911125 0.4281933 0.911125 0.4281933 0.8297587 0.5 0.8245773 0.6666667 0.1870254 0.3333333 0.1855009 0.5 0.2452644 0.5 0.2041818 0.8333333 0.2007011 1 0.2548725 1 0.2899272 0.6666668 0.2009711 0.6666668 0.2041818 0.8333333 0.2548725 0 0.2222756 0.1666666 0.4072025 0.1666666 0.2899272 0.6666668 0.2783131 0.8333333 0.4373523 0.8333334 0.4072025 0.1666666 0.4634245 0.1666666 0.4647967 0 0.47733 0.5 0.4173747 0.5 0.425715 0.6666667 0.5615874 0 0.4647967 0 0.4634245 0.1666666 0.4634245 0.1666666 0.4409427 0.3333333 0.5614007 0.3333333 0.47733 0.5 0.5604828 0.5 0.5614007 0.3333333 0.5614007 0.3333333 0.5604828 0.5 0.7444627 0.5 0.7444627 0.5 0.5604828 0.5 0.5750389 0.6666667 0.5750389 0.6666667 0.5583215 0.8333334 0.7574933 0.8333333 0.7536948 0 0.5615874 0 0.5677943 0.1666666 0.7574933 0.8333333 0.7536948 1 0.855701 1 0.7595699 0.3333333 0.868789 0.4180625 0.8539459 0.06437259 0.7444627 0.5 0.7410482 0.6666667 0.8668249 0.6666668 0.8668249 0.6666668 0.7410482 0.6666667 0.7574933 0.8333333 0.868789 0.4180625 0.8668249 0.6666668 0.9226209 0.7431936 -8.40578e-6 0.8333333 -1.49432e-5 1 0.07863461 1 -3.97214e-5 0.1666666 0.1127515 0.1666666 0.07863461 0 -3.97214e-5 0.1666666 -3.36523e-5 0.3333334 0.111855 0.3333333 -3.36523e-5 0.3333334 -1.64927e-5 0.5 0.11351 0.5 0.2188336 0.3333333 0.111855 0.3333333 0.11351 0.5 0.2967233 0.6666667 0.1100417 0.6666667 0.147589 0.8333333 0.3536899 0.5 0.2722848 0.5 0.2967233 0.6666667 0.2967233 0.6666667 0.2818157 0.8333333 0.3528372 0.8333334 0.3340662 0.3333333 0.4554448 0.3333333 0.4435448 0.1666666 0.3536899 0.5 0.4849823 0.5 0.4554448 0.3333333 0.3536899 0.5 0.354608 0.6666666 0.4428366 0.6666667 0.4428366 0.6666667 0.354608 0.6666666 0.3528372 0.8333334 0.6496116 0.1666666 0.6647467 0.3333333 0.845548 0.3333333 -1.5664e-5 0.8333333 -5.68032e-6 1 0.07701617 1 0.1132835 0.5 -2.71634e-5 0.5 -3.70352e-5 0.6666667 -3.70352e-5 0.6666667 -1.5664e-5 0.8333333 0.09097021 0.8333333 0.2405442 0.1666666 0.1089903 0.1666666 0.1099789 0.3333333 0.232718 0.3333333 0.1099789 0.3333333 0.1132835 0.5 0.1132835 0.5 0.1119787 0.6666667 0.2473942 0.6666667 0.1445419 0.8333333 0.2297369 0.8333333 0.2473942 0.6666667 0.2405442 0.1666666 0.232718 0.3333333 0.4729634 0.3333333 0.5485678 0 0.5344403 0.1666666 0.6346399 0.1666666 0.5344403 0.1666666 0.4729634 0.3333333 0.6468946 0.3333333 0.6864776 0.8333334 0.6673949 1 0.801967 1 0.6867561 0.1666666 0.7955024 0.1666666 0.801967 0 0.7783024 0.5 0.674362 0.5 0.6666775 0.6666667 0.6864776 0.8333334 0.7835574 0.8333333 0.7813282 0.6666667 0.7813282 0.6666667 0.9993112 0.8320514 0.999866 0.5839359 0.1440277 0.2389831 0.2332733 0.1666666 0.2170544 0 0.5224083 0.4256287 0.4296728 0.5 0.431824 0.6257284 0.5384436 0.9523359 0.5872053 0.909289 0.5856438 0.6112503 0.7977524 0.3333334 0.7420699 0.2801176 0.7437868 0.573113 0.7437868 0.573113 0.7412045 0.9109601 0.7986676 0.8333333 0.8864877 0.790682 0.7986676 0.8333333 0.7970021 1 0.4446385 0.4080876 0.3557504 0.7132655 0.5206021 0.7363317 0.5206021 0.7363317 0.523768 1 0.5756471 1 0.570789 0.1159283 0.4937282 0.1296683 0.5218217 0.400765 0.5218217 0.400765 0.5206021 0.7363317 0.5727413 0.7388085 0.8893688 0.7637067 0.799059 0.7424639 0.7975088 1 0.7971308 0.07761454 0.7928653 0.4525182 0.8887308 0.4265222 1 0.05542373 0.8902629 0.0961821 0.8887308 0.4265222 0.1460043 0.6798827 0.3143972 0.7307599 0.3301734 0.5 0.5577324 0.474335 0.5351904 0.6666668 0.7885564 0.7053081 0.5719066 0.1666666 0.5577324 0.474335 0.7748152 0.4918995 0.8996493 0.6266965 0.7885564 0.7053081 0.8556666 0.9119443 3.12019e-5 0.3881196 0.2125011 0.4430291 0.2035714 0.2039694 0.2546407 0.2445679 0.3398267 0.1666666 0.348534 0 0.3398267 0.1666666 0.3402868 0.3874188 0.5302769 0.4702154 0.5302769 0.4702154 0.3402868 0.3874188 0.3403689 0.6666667 0.2713215 0.6666668 4.37645e-6 0.6666667 4.91819e-6 0.9159838 0.5500178 0.8333334 0.272795 0.8333333 0.321168 1 0.5465604 0.5834959 0.2713215 0.6666668 0.272795 0.8333333 0.5500178 0.8333334 0.5480296 1 0.7756672 1 0.8741373 0.04665094 0.8632389 0.2595148 0.9232797 0.4982816 0.8725728 0.9537919 0.9231536 0.90381 0.9232797 0.4982816 0.2958618 0.3333333 6.63104e-4 0.4192329 0.1238827 0.5791879 0.3185776 0.6586321 0.5130154 0.6666667 0.5294669 0.4343789 0.5294669 0.4343789 0.5130154 0.6666667 0.6302253 0.7568722 0.797998 0.7483747 0.8947126 0.7534325 0.8943561 0.424942 8.69888e-6 0.1465762 6.17663e-6 0.3851598 0.2718508 0.3333334 0.7943241 0 0.4385756 0 0.5530005 0.1666666 0.7819575 0.6666666 0.4892654 0.6666666 0.5490769 0.8333333 0.3367195 0 0.3412171 0.1666666 0.5542065 0.1666666 0.7854557 0.5 0.7788658 0.6666667 0.9999942 0.7887894 0.07749992 0 -3.84399e-5 0 -6.39303e-6 0.22491 0.0752936 0.6666667 0.07715326 0.9084741 0.1304681 0.9280328 0.1433746 0.2498469 0.1300958 0.5794449 0.2340476 0.602935 0.1304681 0.9280328 0.2416968 0.8333334 0.2340476 0.602935 0.2340476 0.602935 0.3765206 0.6298685 0.3368325 0.1845418 0.3765206 0.6298685 0.5343148 0.4632483 0.5178995 0.2481716 0.5178995 0.2481716 0.5805246 0.2132857 0.5727816 0 0.5778059 0.6522778 0.5143947 0.6666667 0.5215427 0.9264854 0.5805246 0.2132857 0.7421898 0.2528069 0.7424789 0 0.7420263 0.6021324 0.5778059 0.6522778 0.5909656 0.8333333 0.7424789 0 0.7421898 0.2528069 0.7973769 0.1666666 0.7418024 0.9187546 0.798264 0.9674665 0.794157 0.6921815 0.7973769 0.1666666 0.798907 0.410292 0.8872411 0.3333334 1 0.7220436 0.8915129 0.8333333 0.8976998 1 0.4521963 0.0978043 0.3566864 0.09406828 0.3553342 0.4621657 0.3553342 0.4621657 0.3530085 0.7455861 0.4570188 0.7594445 0.4614896 0.4118198 0.4570188 0.7594445 0.6075841 0.7507765 0.6075841 0.7507765 0.5919752 1 0.7468187 1 0.6121907 0.3192294 0.7380569 0.2612447 0.7468187 0 0.6121907 0.3192294 0.6046363 0.5 0.7503513 0.5 0.6046363 0.5 0.6075841 0.7507765 0.7398821 0.7467828 0.8920407 0.2309535 0.8003914 0.2591888 0.8095524 0.5401673 0.1527159 0.5183181 0.3224295 0.4212023 0.3232498 0.1666666 0.1527159 0.5183181 0.1470572 0.664229 0.3222923 0.6666668 0.3224295 0.4212023 0.5198459 0.4234718 0.519968 0.08892881 0.5198459 0.4234718 0.3224295 0.4212023 0.3222923 0.6666668 0.3222923 0.6666668 0.323898 0.9184235 0.5213569 0.8333333 0.5213569 0.8333333 0.5187395 1 0.574348 1 0.5749265 0.08831322 0.519968 0.08892881 0.5198459 0.4234718 0.5845032 0.6397103 0.574348 1 0.6528653 1 0.5749265 0.08831322 0.5747208 0.3333333 0.6525889 0.4138509 0.7414875 0.07363218 0.6530521 0.08573246 0.6525889 0.4138509 0.8598552 0.8333333 0.694697 0.8333333 0.7396644 1 0.696911 0.6503769 0.694697 0.8333333 0.8598552 0.8333333 0.8596972 0.5911033 0.8598552 0.8333333 1 0.9555358 3.10811e-6 0.2540683 0.2166888 0.1666666 0.210175 0 0.2303907 0.5280929 0.3034694 0.3915271 0.3003076 0.09190547 0.2129114 0.6666667 0.329317 0.8030644 0.3034694 0.3915271 0.3003076 0.09190547 0.3034694 0.3915271 0.3523252 0.3333333 0.3559637 1 0.4700054 1 0.4559963 0.7489031 0.3547684 0.09026008 0.3523252 0.3333333 0.4578546 0.4252753 0.4613193 0.0685442 0.4578546 0.4252753 0.6360349 0.4938393 0.4559963 0.7489031 0.6409302 0.7594013 0.6360349 0.4938393 0.6409302 0.7594013 0.7581725 0.7983796 0.7121934 0.4133874 0.7581725 0.7983796 0.8004736 0.7146924 0.798618 0.3556115 0.6866571 0 0.6876099 0.2507392 0.7763425 0.251106 0.7763425 0.251106 0.6876099 0.2507392 0.6865361 0.5786342 0.6865361 0.5786342 0.6865621 0.9256634 0.7797112 0.8566939 0.8100007 0.6628875 0.999944 0.554801 0.9999642 0.2275177 0.1099519 0 0.1067538 0.1666666 0.2226009 0.1666666 0.241952 0.6666666 0.1425109 0.6666667 0.1881011 0.8333333 0.2226009 0.1666666 0.221629 0.3333333 0.3504037 0.3333333 0.2228073 0.5 0.3580095 0.5 0.3504037 0.3333333 0.2228073 0.5 0.241952 0.6666666 0.3477867 0.6666667 0.241952 0.6666666 0.2426578 0.8333334 0.3418397 0.8333333 0.4900687 0.8333333 0.3418397 0.8333333 0.3441512 1 0.3477867 0.6666667 0.3418397 0.8333333 0.4900687 0.8333333 0.7593464 0 0.5562839 0 0.5808216 0.1666666 0.6644381 0.6666668 0.6565856 0.8333333 0.8732662 0.8333334 0.8953848 0.1146011 0.8665993 0.3333333 1 0.3333333 1 0.3333333 0.8665993 0.3333333 0.8772112 0.5 0.1077538 0.02414453 1.43825e-5 0.3882355 0.187215 0.3947914 0.4447389 0.09285169 0.4519199 0.4379682 0.5489404 0.3981281 0.6206606 0.4197294 0.5489404 0.3981281 0.556476 0.7430618 0.6856803 0.9319537 0.7614048 0.897405 0.7675285 0.5344017 0.7675285 0.5344017 0.7614048 0.897405 0.8483259 0.9191708 0.9166542 0.4446373 0.8802686 0.6666666 0.999477 0.7749589 0.5549949 0.6948453 0.732944 0.7715234 0.740071 0.4181548 0.740071 0.4181548 0.732944 0.7715234 0.7967979 0.7976133 0.8912692 0 0.7738025 0 0.7978424 0.2443305 0.7978424 0.2443305 0.8088124 0.6207376 0.8849424 0.4321135 0.7967979 0.7976133 0.8928635 0.9583728 0.8849424 0.4321135 0.3230164 0.6177487 0.5332005 0.5 0.5385815 0.3107718 0.7706815 0.3382847 0.9999948 0.4044457 0.9999946 0.08308613 0.8909379 0.2574004 0.8679443 0.5 0.9999026 0.6061853 0.4104816 0.7393341 0.4097645 1 0.464626 1 0.4060258 0.262177 0.3886694 0.5389313 0.4638442 0.7276805 0.5664789 0.7180384 0.4638442 0.7276805 0.464626 1 0.4640597 0.07825833 0.4735144 0.3905993 0.5573347 0.3444274 0.1315054 0 0.1317663 0.1666666 0.332181 0.2507798 0.131806 0.4207189 0.1314738 0.6666666 0.3314585 0.7507012 0.5444113 0 0.333468 0 0.332181 0.2507798 0.3327199 0.5 0.3314585 0.7507012 0.5359556 0.6666668 0.6172182 0.3771222 0.5445766 0.4285016 0.5359556 0.6666668 0.6831538 0.4297561 0.6172182 0.3771222 0.6327061 0.7530776 0.6928345 0.7609969 0.8036651 0.6666667 0.7748 0.3838086 0.3435113 0.6073855 0.5469568 0.5660986 0.5422531 0.359227 0.8441581 0.04451131 0.8229138 0.5269802 0.9999926 0.3535404 9.97552e-6 0.5537547 3.72049e-6 0.9159947 0.2583134 0.8333333 0.7504635 0.8333333 0.4615025 0.7165701 0.5507566 1 0.5536292 0.09838467 0.4694678 0.3983867 0.7323862 0.4186226 0.2462794 0.2894079 0.1847291 0.2707569 0.1880648 0.5 0.2516474 0.8153465 0.2211714 1 0.3265504 1 0.5493966 0.7275648 0.5330284 1 0.6672328 1 0.5330284 0 0.5611516 0.1457239 0.6229064 0.2847238 0.6229064 0.2847238 0.5493966 0.7275648 0.6422695 0.7142053 6.76934e-6 0.7519245 4.80966e-6 1 0.14563 1 0.1481393 0.04822027 -2.69769e-5 0.4392847 0.3095285 0.3873388 0.77697 0.4151063 0.5317316 0.5 0.5480259 0.6666666 0.8562801 0 0.8562147 0.2560678 0.9036568 0.2136645 0.8590068 0.5614557 0.9134871 0.4477311 0.9036568 0.2136645 0.9134871 0.4477311 1.00001 0.439063 1 0.05527448 0.8027549 0.09325414 0.8018363 0.4375378 0.8928667 0.3333333 0.3708229 0.3333333 0.3525607 0.5 0.7011455 0.5 0.7011455 0.5 0.3525607 0.5 0.37145 0.6666668 0.37145 0.6666668 0.3377524 0.8333333 0.700598 0.8333333 0.7752873 0.1169161 0.7067795 0.1666666 0.7045903 0.3333334 0.7045903 0.3333334 0.7011455 0.5 0.75 0.5830412 0.700598 0.8333333 0.7707499 0.8333333 0.75 0.5830412 0.786462 0.5856273 0.7707499 0.8333333 0.8808522 0.9040082 0.8924322 0.3697862 1 0.3333333 1 0.06829059 0.2436715 0.1666666 0 0.05846267 2.18402e-7 0.4449809 0.2436715 0.1666666 0.4847205 0.1666666 0.4566856 0 0.247659 0.3333333 0.4990852 0.3333333 0.4847205 0.1666666 0.247659 0.3333333 0.2479099 0.5 0.5015229 0.5 0.5015229 0.5 0.2479099 0.5 0.249818 0.6666667 0.7638416 0.3333334 0.4990852 0.3333333 0.5015229 0.5 1.000015 0.2257728 0.5047927 0.3333334 0.5137345 0.5 0.5153307 0.6666667 0.5072094 0.8333333 1.000004 0.9431927 0.1661197 0.8333334 0.09832388 0.8333333 0.09819108 1 0.09819108 0 0.09734958 0.1666666 0.1593494 0.1666666 0.1593494 0.1666666 0.09734958 0.1666666 0.09813225 0.3333333 0.09954273 0.6666667 0.09832388 0.8333333 0.1661197 0.8333334 0.1661197 0.8333334 0.1668668 1 0.2759465 1 0.2784442 0.6666666 0.167365 0.6666667 0.1661197 0.8333334 0.2759465 1 0.4280143 1 0.424773 0.8333333 0.2759465 0 0.2746407 0.1666666 0.4033574 0.1666666 0.4033574 0.1666666 0.2746407 0.1666666 0.2761786 0.3333333 0.2801322 0.8333334 0.424773 0.8333333 0.4161787 0.6666667 0.4280143 1 0.5419173 1 0.5289593 0.8333333 0.4280143 0 0.4033574 0.1666666 0.5286726 0.1666666 0.424901 0.3333333 0.5258222 0.3333333 0.5286726 0.1666666 0.5241574 0.6666667 0.4161787 0.6666667 0.424773 0.8333333 0.5286726 0.1666666 0.5258222 0.3333333 0.5961585 0.3333333 0.5966882 0.6666667 0.5241574 0.6666667 0.5289593 0.8333333 0.7134839 0.8333333 0.5981618 0.8333333 0.6132361 1 0.6132361 0 0.5973312 0.1666666 0.7141868 0.1666666 0.7141868 0.1666666 0.5973312 0.1666666 0.5961585 0.3333333 0.5966882 0.6666667 0.5981618 0.8333333 0.7134839 0.8333333 0.7141868 0.1666666 0.7143108 0.3333334 0.8331888 0.3333334 0.8331888 0.3333334 0.7143108 0.3333334 0.730175 0.4552113 0.9012238 0.8333333 0.8394371 0.717188 0.8406445 1 0.838495 0.03880214 0.8331888 0.3333334 0.9027388 0.3333333 0.8319109 0.5 0.9016979 0.572577 0.9027388 0.3333333 0 0.0582177 0 0.3333333 0.145174 0.3333333 0.3293414 0.3333333 0.3414395 0.5 0.4753655 0.5 0.4753655 0.5 0.3414395 0.5 0.3303447 0.6666667 0.659139 0.3333333 0.5004798 0.3333333 0.5471038 0.5 0.5471038 0.5 0.4991519 0.6666668 0.6719684 0.6666667 0.659139 0.3333333 0.8387889 0.3333333 0.8367062 0.1666666 0.659139 0.3333333 0.660726 0.5 0.8139225 0.5 -7.29164e-7 0.5 0.3106404 0.5 0.2626882 0.3333333 0.3352259 0.6666667 0.6131031 0.6666667 0.6039931 0.5 0.615145 0.1666666 0.6936941 0.1666666 0.695112 0 0.6936941 0.1666666 0.615145 0.1666666 0.6194666 0.3333333 0.6194666 0.3333333 0.6039931 0.5 0.6939999 0.5 0.6939999 0.5 0.6039931 0.5 0.6131031 0.6666667 0.6131031 0.6666667 0.61618 0.9128323 0.6860157 0.8333333 0.8363938 0 0.695112 0 0.6936941 0.1666666 0.6936941 0.1666666 0.6955952 0.3333333 0.8349185 0.3333333 0.6955952 0.3333333 0.6939999 0.5 0.8411523 0.5 0.6939999 0.5 0.6963167 0.6666667 0.8342792 0.6666667 0.25 0.7510458 0.197831 1 0.3254628 1 0.3254628 0 0.197831 0 0.2080126 0.1666666 0.25 0.7510458 0.3214518 0.6666666 0.3281717 0.5 0.3214518 0.6666666 0.3266649 0.8333333 0.4983323 0.8333333 0.3254628 0 0.3263618 0.1666666 0.5070385 0.1666666 0.5677059 0 0.3409003 0 0.3072677 0.1666666 0.6087616 0.1666666 0.3072677 0.1666666 0.3310524 0.3333333 0.6666668 0.4165231 0.770568 0.4254798 0.7696705 0.08831316 0.6666668 0.4165231 0.6278693 0.6666667 0.7726259 0.7576102 1.000026 0.3970997 0.770568 0.4254798 0.7726259 0.7576102 0.4440472 0.7110618 0.5728126 0.3806329 0.6078648 0.2016916 0.5625675 0.6666667 8.17445e-6 0.6666667 0.319174 0.8333334 0.6075987 0 0.6078648 0.2016916 0.7701341 0.2356001 0.6078648 0.2016916 0.5728126 0.3806329 0.7716004 0.5827488 0.7708599 0 0.7701341 0.2356001 1.000025 0.2701445 0.2293235 0.1666666 0.2276899 0.3333333 0.4860201 0.3333333 1.33609e-4 0.6666667 1.3338e-4 0.8333333 0.5019487 0.887849 0.55037 0.1666666 0.6428814 0.2687088 0.6666667 0 0.6666667 0 0.6428814 0.2687088 0.767215 0.1666666 0.7684249 0.6666667 0.6221333 0.5476971 0.6666667 0.9081434 1 0 0.7708637 0 0.767215 0.1666666 0.5153515 0.6666667 0.506678 0.8333333 1.000004 0.9427103 0.1245523 0.1666666 0.1301776 0.3333333 0.2287199 0.3333333 0.1301776 0.3333333 0.1257754 0.5 0.2138685 0.5 0.2138685 0.5 0.1257754 0.5 0.1293691 0.6666667 0.1293691 0.6666667 0.125032 0.8333333 0.2126505 0.8333334 0.2126505 0.8333334 0.2108076 1 0.2702161 1 0.2284938 0.1666666 0.2287199 0.3333333 0.2841121 0.3333333 0.2702161 1 0.3597244 1 0.3534017 0.8333333 0.3561553 0.3333333 0.2841121 0.3333333 0.272633 0.5 0.272633 0.5 0.2491489 0.6666667 0.3689592 0.6666668 0.2740167 0.8333333 0.3534017 0.8333333 0.3689592 0.6666668 0.457925 0.8333333 0.3534017 0.8333333 0.3597244 1 0.3696815 0.5 0.3689592 0.6666668 0.4770137 0.6666667 0.457925 0.8333333 0.4560757 1 0.5228406 1 0.5378074 0.1666667 0.5256372 0.3333334 0.7106786 0.3333333 0.5398672 0.6666667 0.5265741 0.8333334 0.7118493 0.8333333 0.7120715 0.1666666 0.7738748 0.1666666 0.7715565 0 0.7120715 0.1666666 0.7106786 0.3333333 0.7690544 0.3333333 0.7704934 0.6666668 0.7087334 0.6666667 0.7118493 0.8333333 0.8805166 0 0.7715565 0 0.7738748 0.1666666 0.7738748 0.1666666 0.7690544 0.3333333 0.8783413 0.3333333 0.1146958 0 0.1153303 0.1666666 0.1951102 0.1666666 0.1153303 0.1666666 0.1163619 0.3333333 0.1964768 0.3333334 0.1163619 0.3333333 0.1148105 0.5 0.1947281 0.5 0.1947281 0.5 0.1148105 0.5 0.1147165 0.6666667 0.197219 0 0.1951102 0.1666666 0.3248597 0.1666666 0.3248597 0.1666666 0.1951102 0.1666666 0.1964768 0.3333334 0.3359584 0.3333333 0.1964768 0.3333334 0.1947281 0.5 0.1947281 0.5 0.195784 0.6666666 0.3214492 0.6666667 0.6149459 0.3333333 0.3359584 0.3333333 0.3422809 0.5 0.6955459 0.8333333 0.6126303 0.8333333 0.6161751 1 0.6975451 0 0.6161751 0 0.611643 0.1666666 0.611643 0.1666666 0.6149459 0.3333333 0.6666667 0.4171258 0.6141825 0.6666667 0.7158404 0.5283961 0.6666667 0.4171258 0.6141825 0.6666667 0.6126303 0.8333333 0.6955459 0.8333333 0.6955459 0.8333333 0.6975451 1 0.8307313 1 0.7048208 0.2522431 0.8375906 0.1666666 0.8307313 0 0.7158404 0.5283961 0.6955459 0.8333333 0.8371865 0.8333334 0.8371865 0.8333334 0.8307313 1 1 1 0.8371865 0.8333334 1 0.8333333 1.000023 0.5635542 0.1390158 1 0.2369215 1 0.2349824 0.8333333 0.1394696 0.3333334 0.1361787 0.5 0.2358989 0.5 0.4043258 0.8333333 0.2349824 0.8333333 0.2369215 1 0.2361232 0.3333334 0.2358989 0.5 0.3999828 0.5 0.4043258 0.8333333 0.4027882 1 0.6220657 1 0.861061 0 0.7631095 0 0.7649644 0.1666666 0 0.7217188 0 1 0.244745 1 0.4884337 0.8333334 0.241271 0.8333334 0.244745 1 0.2423317 0.5 0.5006791 0.5 0.4310222 0.3333333 0.2423317 0.5 0.2501325 0.6666666 0.5006678 0.6666666 0.2501325 0.6666666 0.241271 0.8333334 0.4884337 0.8333334 0.5412268 0.3333333 0.5006791 0.5 0.7656067 0.5 0.7656067 0.5 0.5006791 0.5 0.5006678 0.6666666 0.4191388 0.2668327 0.2119321 0.3333333 0.2095991 0.5 0.2317917 0.6666667 0.4649521 0.6196195 0.4248465 0.5 0.2317917 0.6666667 0.2038776 0.8333333 0.4500086 0.8333333 0.4146382 0 0.4191388 0.2668327 0.5466175 0.1666666 0.4191388 0.2668327 0.4248465 0.5 0.4649521 0.6196195 0.5732366 0.6666667 0.4649521 0.6196195 0.4500086 0.8333333 0.5461826 0.3333333 0.5768792 0.5 0.7609325 0.5 0.5768792 0.5 0.5732366 0.6666667 0.5911411 0.8187127 0.7677523 0 0.7420075 0.1666666 1.000009 0.2709343 0.2107156 0.8333333 0.2120309 1 0.4930409 1 0.2120309 0 0.20306 0.1666666 0.4742016 0.1666666 0.4930409 0 0.4742016 0.1666666 0.7115445 0.1666666 0.7115445 0.1666666 0.4742016 0.1666666 0.4785868 0.3333333 0.4979279 0.8333333 0.7122874 0.9208039 0.6735597 0.5343785 0.7115445 0.1666666 0.7148805 0.3730978 0.8277201 0.4023826 0.7148805 0.3730978 0.6735597 0.5343785 0.8289455 0.7499249 0.8277777 0.08055746 0.8277201 0.4023826 1.000017 0.4377179 1.000013 0.2258411 0.5047326 0.3333333 0.5129646 0.5 1.000005 0.2239194 0.5061106 0.3333334 0.5148543 0.5 1.000005 0.7253212 0.5199737 0.8333333 0.5995461 1 0.3514699 0.3333333 0.346657 0.5 0.6057267 0.5 0.115677 0.0747565 -3.31614e-5 0.06895405 -9.28345e-6 0.3917388 0.1138672 0.5538297 0.1128618 0.8333333 0.1918821 0.9283594 0.212737 0.5366123 0.1918821 0.9283594 0.3213758 0.9098715 0.2041267 0.2553605 0.3610144 0.2751487 0.3218527 0 0.465505 0.6666667 0.3177745 0.6664329 0.3213758 0.9098715 0.7168027 0.9175596 0.8467265 0.9162096 0.8277961 0.4709128 0.3201167 0.93554 0.4353165 0.9215725 0.4353095 0.5740063 0.4576296 0.2506039 0.5739945 0.2473388 0.5749806 0 0.4576296 0.2506039 0.4353095 0.5740063 0.5740953 0.5937411 0.5740953 0.5937411 0.4353095 0.5740063 0.4353165 0.9215725 0.271512 0 -3.63215e-5 0.2218298 0.667734 0.2834963 0.5727865 0.7091826 1.39433e-4 0.8716363 0.2286838 1 0.5931032 0.2780684 0.5474514 0.4869441 0.7362059 0.5277356 0.9999998 0.5 0 0.4122193 0 0.7499987 0.5290707 0.3851519 0.7046827 0.420037 0.7041934 0.07163476 0.5290707 0.3851519 0.3678228 0.5587337 0.7020155 0.7511034 0.8279961 0.7451855 0.7020155 0.7511034 0.7052533 1 0.7041934 0.07163476 0.7046827 0.420037 0.8286655 0.4210009 0.7046827 0.420037 0.7020155 0.7511034 0.8279961 0.7451855 0.8286655 0.4210009 0.8279961 0.7451855 1.000017 0.7739374 2.93766e-5 0 1.62486e-5 0.1878911 0.6524196 0.1962593 1 0.09075903 -1.92361e-7 0.07888507 -1.58825e-7 0.3333333 -1.58825e-7 0.5877818 -2.59124e-7 0.9473574 1 0.8333333 0.3325552 0.1666666 0.2575935 0.3333333 0.6458624 0.3333334 0.35773 0.6666667 0.3336728 0.8333333 0.6679692 0.8333333 0.9998239 0.4167223 0.6729508 0.5 0.6761829 0.6666666 0.5115486 0.6418745 0.5041505 0.8333334 0.9991845 0.8336127 0.6693183 0.7486404 0.3271661 0.8333333 0.3388758 1 0.3916306 0.4124395 0.6708055 0.3998531 0.6774176 0.07656288 0.6693183 0.7486404 0.6812453 1 1 1 1.000009 0 0 0 -3.69882e-7 0.2720078 0.1660183 0.8333334 0.167365 1 0.3489577 1 0.1846832 0.1666666 0.2172024 0.3333333 0.3718892 0.3333333 0.3540133 0.8333333 0.3489577 1 0.5228814 1 0.5170852 0.6666667 0.2481195 0.6666668 0.3540133 0.8333333 0.5228814 0 0.4902108 0.1666666 0.6001586 0.1666666 0.6001586 0.1666666 0.4902108 0.1666666 0.5225185 0.3333333 0.5981789 0.3333333 0.5225185 0.3333333 0.5230995 0.5 0.5230995 0.5 0.5170852 0.6666667 0.5978061 0.6666668 0.6161485 0.8333333 0.5973339 1 0.8543714 1 0.5973339 0 0.6001586 0.1666666 0.8497467 0.1666666 0.9999901 0.6994051 0.8538665 0.8333334 0.8543714 1 0 0.05855172 3.65838e-7 0.4449926 0.2267233 0.3333333 0.2411702 0.5 0.5905897 0.5 0.5783448 0.3333333 0.2282961 0.6666667 0.7257891 0.6666668 0.5905897 0.5 0.4236201 0 0.3030186 0.1666666 0.7858235 0.1666666 0.7162514 0.5539392 0.3223913 0.6666666 0.3361891 0.8333334 5.88233e-6 0.3333333 0.3473181 0.3333333 0.3298444 0.1666666 4.87965e-5 0.8333334 6.738e-5 1 0.3523802 1 0.3753274 0.8333333 0.3523802 1 0.4990276 1 0.3523802 0 0.3298444 0.1666666 0.4996565 0.1666666 0.3473181 0.3333333 0.4996285 0.3333333 0.4996565 0.1666666 0.4996285 0.3333333 0.3473181 0.3333333 0.3546425 0.5 0.3546425 0.5 0.3029744 0.6666667 0.4773052 0.6666667 0.4773052 0.6666667 0.3029744 0.6666667 0.3753274 0.8333333 0.4773052 0.6666667 0.4771172 0.8333334 0.5425532 0.8333334 0.4990276 0 0.4996565 0.1666666 0.6384736 0.1666666 0.4996285 0.3333333 0.5023087 0.5 0.7053979 0.5 0.7053979 0.5 0.5023087 0.5 0.5438481 0.6666667 0.5438481 0.6666667 0.5425532 0.8333334 0.7370911 0.8333333 0.6384736 0.1666666 0.838102 0.1666666 0.8066672 0 0.8607782 0.5 0.7959508 0.6666666 1.000038 0.7687505 0.6380277 0 0.2639912 0 0.3939765 0.1666666 0.3939765 0.1666666 0.2596879 0.3333333 0.6938394 0.3333334 0.7025689 0.5 0.352915 0.5 0.3911409 0.6666667 1.000001 0.5017369 0.7232224 0.6666666 0.7959614 0.8333333 1.000015 0.2261907 0.5054311 0.3333333 0.5136802 0.5 6.28424e-5 0.1666667 2.85841e-5 0.3333334 0.2097447 0.3333333 0.1325338 0.8333333 8.16348e-5 1 0.2282888 1 0.1303884 0.5 0.1278154 0.6666666 0.2474333 0.6666667 0.2474333 0.6666667 0.1278154 0.6666666 0.1325338 0.8333333 0.2117365 0.1666666 0.2097447 0.3333333 0.2715874 0.3333334 0.2731518 0.1666666 0.2715874 0.3333334 0.3757907 0.3333333 0.3757907 0.3333333 0.2715874 0.3333334 0.2491109 0.5 0.3794119 0.8333333 0.3389257 1 0.5056441 1 0.5846756 0.5 0.4303948 0.5 0.4624841 0.6666667 0.5088332 0.8333333 0.5056441 1 0.6258748 1 0.5056441 0 0.4204484 0.1666666 0.6254043 0.1666666 0.6258748 0 0.6254043 0.1666666 0.7439778 0.1666666 0.8349353 0.08794629 0.7439778 0.1666666 0.7339978 0.4038265 0.8338928 1 0.8998766 1 0.900224 0.7571223 1.000014 0.7287736 0.900224 0.7571223 0.8998766 1 0.8019686 0 0.6392049 0 0.6644272 0.1666666 0.758161 0.4852719 0.875818 0.4079574 0.8101864 0.212179 0.32761 0 0.3229852 0.1666666 0.6086322 0.1666666 0.3229852 0.1666666 0.3214293 0.3333333 0.6108478 0.4143595 0.6108478 0.4143595 0.3249325 0.5 0.3225891 0.6666668 0.3225891 0.6666668 0.315386 0.8333333 0.6110211 0.9120222 0.7701643 0 0.6081606 0 0.6086322 0.1666666 0.6007046 0.09609669 0.6039151 0.3703803 0.7710152 0.4272156 0.7710152 0.4272156 0.672994 0.6666667 1 0.7674916 0 0 -3.12252e-7 0.2782463 1.000007 0.1666666 -4.5044e-7 0.7217676 0 1 1.000007 1 -9.13766e-7 0.4641773 1.000005 0.479218 1.000005 0.0906012 0.4852346 0.05604004 0.5119044 0.4522496 0.5874436 0.4247593 0.6616071 0 0.6242699 0.1284794 0.7770342 0.1666666 0.7770342 0.1666666 0.6242699 0.1284794 0.6480287 0.4219002 0.8968415 0.5786829 0.7474231 0.6666666 0.752885 0.9234381 0.3196737 1 0.7335767 0.8354114 0.6668409 0.7351887 0.8279495 0.7444671 1.000018 0.7737836 1 0.3885291 0.3304523 0.8333333 0.3092593 1 0.6134124 1 0.3250999 0.1051676 0.3159461 0.3333333 0.6102828 0.4198925 0.7707235 0.766783 0.6054636 0.7583062 0.6134124 1 0.769449 0.09729033 0.6102442 0.07225906 0.6102828 0.4198925 0.6102828 0.4198925 0.6054636 0.7583062 0.7707235 0.766783 0 0.41667 2.11194e-7 0.7499991 1 0.6666667 1.30041e-7 0 0 0.2544485 0.9999998 0.2425704 0 0.2544485 0 0.5833332 0.9999999 0.5833335 0 0.5833332 0 0.9166712 1 0.9166677 0.4224711 0 0.4452211 0.3521935 0.6389225 0.2821453 0.7759302 0 0.5510115 0 0.5918713 0.243186 0.5068089 0.0892651 0.501742 0.3333333 1.000006 0.443736 -8.49579e-7 0.6666667 -7.38466e-7 0.9166659 1 0.9166664 6.68537e-7 0.5 0 0.7544478 1 0.6666667 0.2315354 0.1666666 0.5272388 0.2914037 0.526471 0 0.8131167 0.4223667 0.8195638 0.7371335 0.8825644 0.6587239 0.8287541 1 0.9009974 1 0.8825644 0.6587239 1 0 0 0 -2.23518e-7 0.2499995 0.6150097 0 0.4930364 0 0.4898709 0.1555323 0.5084936 0.5908702 0.498028 0.9137125 0.6179398 0.9782053 0.7727119 0.7525799 0.7701654 1 0.8783488 1 0.7857875 0.4211569 0.7727119 0.7525799 0.8795589 0.7529074 0.5351575 0.3333333 0.534231 0.5846213 0.6107658 0.5740129 0.5331625 0.8333333 0.6293914 0.9124436 0.6107658 0.5740129 0.2492442 1 0.4186176 1 0.4574692 0.8695375 0.233304 0.5624858 0.001634657 0.6074686 0.4574692 0.8695375 1.000003 0.7225745 0.5015161 0.8333334 0.5120796 1 1.12615e-4 0.127704 1.90918e-5 0.365536 0.2848158 0.52199 1.00005 0.3933357 0.6535097 0.4324731 0.6511201 0.7524985 1 0 0 0 0 0.1666666 0 0.4211151 0 0.8355337 1 0.7425736 0.71302 0 0.2956327 0 0.2938128 0.2431418 0.7211545 0.2861596 0.2938128 0.2431418 0.2980283 0.5631368 0.5072602 0.09131211 0.5015552 0.3333334 1.000003 0.44435 0.7096518 0 0.5170801 0 0.521162 0.1666666 0.521162 0.1666666 0.5262276 0.3333333 0.7078476 0.4216635 0.7757837 1 0.9999757 0.9453065 0.88253 0.7560403 0.7764353 0.4127561 0.8731275 0.4398044 0.7752665 -8.03361e-4 0.5570518 0.1666666 0.5558946 0.4377529 0.7316473 0.4307974 0.7316473 0.4307974 0.5558946 0.4377529 0.5649922 0.6666667 0 0.5833338 -2.06768e-7 0.9211143 1 0.8333333 0.1683409 0.6666667 0.09674757 0.6666667 0.09903615 0.8333333 0.3043383 0.8333333 0.1689648 0.8333333 0.1398364 1 0.1398364 0 0.1423256 0.1666666 0.3081417 0.1666666 0.3081417 0.1666666 0.1423256 0.1666666 0.1669044 0.3333334 0.1669044 0.3333334 0.1444168 0.5 0.3129196 0.5 0.1683409 0.6666667 0.3055526 0.6666667 0.3129196 0.5 0.1683409 0.6666667 0.1689648 0.8333333 0.3043383 0.8333333 0.3102478 0.3333333 0.3129196 0.5 0.5408548 0.5 0.3055526 0.6666667 0.5713408 0.6666668 0.5408548 0.5 0.3055526 0.6666667 0.3043383 0.8333333 0.5691991 0.8333334 0.7389395 0.7564851 0.6715548 0.7575218 0.6565192 1 0.1 0.8333333 0.06868416 0.8333333 0.06847506 1 0.7389395 0.7564851 0.7384148 1 0.8597946 1 0.8584403 0.07443088 0.7461092 0.08103215 0.7555931 0.4085181 0.7555931 0.4085181 0.7389395 0.7564851 0.860255 0.7465815 1 0.8333333 0.860255 0.7465815 0.8597946 1 0.3424331 0.1666666 1.82854e-4 0.1277384 5.25858e-5 0.3738488 0.3424331 0.1666666 0.6011077 0.1666666 0.6097402 0 0.3448285 0.3333333 0.61124 0.3333333 0.6011077 0.1666666 0.3448285 0.3333333 0.2828765 0.5 0.602429 0.5 0.602429 0.5 0.2828765 0.5 0.3498404 0.6666667 0.6887856 0.1089638 0.6011077 0.1666666 0.61124 0.3333333 0.602429 0.5 0.6075803 0.6666667 0.6939826 0.7447506 0.5087357 0.1091508 0.5039789 0.3333333 1 0.3333333 1 0.3333333 0.5039789 0.3333333 0.5094316 0.553183 0.2369741 0.2490848 0.2366251 0.5956375 0.3842051 0.5 0.4188342 0.7357596 0.3853466 1 0.4285714 1 0.5818067 0.1151077 0.4308815 0.153515 0.4507151 0.4059204 0.883294 0.6666666 0.8141352 0.6221969 0.8093004 0.9096974 0.4150505 0 0.40681 0.2807615 0.5141654 0.3363096 0.5423261 0 0.5141654 0.3363096 0.756555 0.1666666 0.5728308 0.4295125 0.7540299 0.4135721 0.756555 0.1666666 1.000001 0.05593335 0.756555 0.1666666 0.7540299 0.4135721 0.5069569 0.09075772 0.5016431 0.3333333 1.000005 0.4439049 0 0 0 0.2544471 1 0.2425732 0 0.2544471 0 0.5833334 1 0.5833331 0 0.5833334 -1.24615e-7 0.9166681 1 0.9166659 0.2957318 0.6885619 0.7074148 0.6983319 0.7115135 0.4327764 0.9977381 0.3865601 0.7115135 0.4327764 0.7074148 0.6983319 0.4255666 0.6788384 0.2119096 0.7594239 0.2268851 1 0.4637314 1 0.7479167 1 0.7632763 0.7354159 0.4193432 0.3333333 0.3484743 0.5 0.7862836 0.5 0.7862836 0.5 0.3484743 0.5 0.4255666 0.6788384 0.6110272 0.8333333 0.3211086 0.8333333 0.3405947 1 0.6082186 0.0945208 0.3345088 0.03895193 0.3348793 0.3333333 0.6061887 1 0.7685098 1 0.6990884 0.6710324 0.6082186 0.0945208 0.6045362 0.4109222 0.7708303 0.4216476 0.7708303 0.4216476 0.6990884 0.6710324 1 0.7783791 0.2372954 0.6666668 0.2208014 0.8333333 0.5352527 0.8333333 0.6183801 0.2894987 0.6179232 0.5 0.8501402 0.59301 0.7159594 0.5869508 0.3323054 0.5670809 0.3379225 0.8333334 0 0.2499976 0 0.5833337 0.9999997 0.5 1.000005 0.722275 0.5016991 0.8333333 0.5120175 1</float_array>
          <technique_common>
            <accessor source="#tree-mesh-map-0-array" count="18957" stride="2">
              <param name="S" type="float"/>
              <param name="T" type="float"/>
            </accessor>
          </technique_common>
        </source>
        <vertices id="tree-mesh-vertices">
          <input semantic="POSITION" source="#tree-mesh-positions"/>
        </vertices>
        <triangles count="6319">
          <input semantic="VERTEX" source="#tree-mesh-vertices" offset="0"/>
          <input semantic="NORMAL" source="#tree-mesh-normals" offset="1"/>
          <input semantic="TEXCOORD" source="#tree-mesh-map-0" offset="2" set="0"/>
          <p>1 0 0 6 1 1 0 2 2 8 3 3 3 4 4 4 5 5 6 1 6 11 6 7 5 7 8 7 8 9 9 9 10 1 0 11 10 10 12 7 8 13 3 4 14 11 6 15 8 3 16 5 7 17 22 11 18 27 12 19 21 13 20 28 14 21 29 15 22 22 11 23 32 16 24 26 17 25 27 12 26 29 15 27 32 16 28 27 12 29 35 18 30 34 19 31 26 17 32 32 16 33 35 18 34 26 17 35 30 20 36 36 21 37 33 22 38 36 21 39 39 23 40 32 16 41 40 24 42 36 21 43 30 20 44 42 25 45 38 26 46 35 18 47 41 27 48 43 28 49 39 23 50 42 25 51 45 29 52 38 26 53 47 30 54 41 27 55 40 24 56 46 31 57 48 32 58 42 25 59 49 33 60 46 31 61 41 27 62 45 29 63 50 34 64 44 35 65 52 36 66 45 29 67 48 32 68 47 30 69 53 37 70 49 33 71 50 34 72 54 38 73 47 30 74 45 29 75 55 39 76 50 34 77 56 40 78 55 39 79 45 29 80 57 41 81 52 36 82 51 42 83 53 37 84 57 41 85 51 42 86 67 43 87 71 44 88 64 45 89 72 46 90 67 43 91 66 47 92 69 48 93 73 49 94 68 50 95 76 51 96 67 43 97 72 46 98 83 52 99 86 53 100 75 54 101 82 55 102 87 56 103 81 57 104 88 58 105 84 59 106 85 60 107 87 56 108 88 58 109 85 60 110 90 61 111 92 62 112 83 52 113 93 63 114 87 56 115 89 64 116 94 65 117 95 66 118 88 58 119 97 67 120 95 66 121 94 65 122 93 63 123 97 67 124 94 65 125 98 68 126 99 69 127 91 70 128 95 66 129 101 71 130 96 72 131 102 73 132 101 71 133 95 66 134 101 71 135 103 74 136 98 68 137 104 75 138 102 73 139 97 67 140 103 74 141 105 76 142 99 69 143 112 77 144 116 78 145 109 79 146 117 80 147 112 77 148 111 81 149 118 82 150 117 80 151 113 83 152 118 82 153 123 84 154 117 80 155 123 84 156 122 85 157 117 80 158 124 86 159 118 82 160 119 87 161 120 88 162 124 86 163 119 87 164 132 89 165 128 90 166 126 91 167 130 92 168 133 93 169 129 94 170 132 89 171 139 95 172 136 96 173 139 95 174 137 97 175 136 96 176 140 98 177 138 99 178 134 100 179 142 101 180 139 95 181 132 89 182 138 99 183 143 102 184 131 103 185 144 104 186 143 102 187 138 99 188 143 102 189 146 105 190 142 101 191 146 105 192 152 106 193 148 107 194 150 108 195 144 104 196 145 109 197 149 110 198 153 111 199 146 105 200 154 112 201 149 110 202 144 104 203 161 113 204 165 114 205 158 115 206 166 116 207 161 113 208 160 117 209 165 114 210 169 118 211 164 119 212 167 120 213 175 121 214 171 122 215 169 118 216 174 123 217 168 124 218 175 121 219 170 125 220 171 122 221 179 126 222 175 121 223 173 127 224 174 123 225 179 126 226 173 127 227 180 128 228 177 129 229 178 130 230 179 126 231 184 131 232 175 121 233 184 131 234 180 128 235 175 121 236 192 132 237 186 133 238 187 134 239 196 135 240 191 136 241 186 133 242 194 137 243 197 138 244 193 139 245 199 140 246 198 141 247 191 136 248 200 142 249 196 135 250 192 132 251 197 138 252 200 142 253 192 132 254 198 141 255 201 143 256 194 137 257 203 144 258 198 141 259 199 140 260 196 135 261 203 144 262 199 140 263 203 144 264 206 145 265 198 141 266 205 146 267 202 147 268 201 143 269 219 148 270 222 149 271 215 150 272 223 151 273 219 148 274 217 152 275 225 153 276 224 154 277 220 155 278 226 156 279 221 157 280 222 149 281 224 154 282 228 158 283 223 151 284 226 156 285 229 159 286 221 157 287 231 160 288 230 161 289 225 153 290 229 159 291 231 160 292 225 153 293 227 162 294 232 163 295 226 156 296 232 163 297 233 164 298 229 159 299 236 165 300 235 166 301 231 160 302 232 163 303 237 167 304 233 164 305 238 168 306 227 162 307 234 169 308 236 165 309 240 170 310 235 166 311 239 171 312 232 163 313 227 162 314 240 170 315 238 168 316 235 166 317 241 172 318 237 167 319 232 163 320 239 171 321 241 172 322 232 163 323 236 165 324 244 173 325 240 170 326 243 174 327 241 172 328 239 171 329 249 175 330 250 176 331 243 174 332 251 177 333 249 175 334 244 173 335 252 178 336 247 179 337 248 180 338 247 179 339 253 181 340 245 182 341 254 183 342 250 176 343 249 175 344 251 177 345 254 183 346 249 175 347 257 184 348 260 185 349 256 186 350 261 187 351 258 188 352 259 189 353 263 190 354 260 185 355 258 188 356 264 191 357 262 192 358 260 185 359 263 190 360 264 191 361 260 185 362 264 191 363 268 193 364 262 192 365 268 193 366 265 194 367 262 192 368 269 195 369 268 193 370 264 191 371 265 194 372 267 196 373 263 190 374 268 193 375 267 196 376 265 194 377 270 197 378 269 195 379 266 198 380 272 199 381 275 200 382 270 197 383 279 201 384 281 202 385 276 203 386 280 204 387 279 201 388 277 205 389 276 203 390 281 202 391 278 206 392 285 207 393 282 208 394 283 209 395 284 210 396 286 211 397 283 209 398 287 212 399 284 210 400 282 208 401 286 211 402 288 213 403 285 207 404 285 207 405 289 214 406 287 212 407 290 215 408 288 213 409 286 211 410 289 214 411 290 215 412 286 211 413 285 207 414 291 216 415 289 214 416 292 217 417 288 213 418 290 215 419 292 217 420 293 218 421 291 216 422 294 219 423 290 215 424 291 216 425 296 220 426 293 218 427 292 217 428 295 221 429 294 219 430 293 218 431 294 219 432 297 222 433 296 220 434 295 221 435 297 222 436 294 219 437 298 223 438 295 221 439 296 220 440 297 222 441 298 223 442 296 220 443 299 224 444 297 222 445 295 221 446 300 225 447 295 221 448 298 223 449 300 225 450 302 226 451 299 224 452 303 227 453 300 225 454 301 228 455 303 227 456 305 229 457 302 226 458 306 230 459 303 227 460 304 231 461 302 226 462 307 232 463 306 230 464 305 229 465 307 232 466 302 226 467 306 230 468 305 229 469 303 227 470 312 233 471 309 234 472 310 235 473 311 236 474 313 237 475 310 235 476 309 234 477 314 238 478 308 239 479 315 240 480 311 236 481 308 239 482 312 233 483 314 238 484 309 234 485 316 241 486 313 237 487 311 236 488 314 238 489 317 242 490 315 240 491 319 243 492 313 237 493 316 241 494 317 242 495 322 244 496 316 241 497 320 245 498 318 246 499 319 243 500 324 247 501 327 248 502 323 249 503 329 250 504 331 251 505 323 249 506 332 252 507 330 253 508 331 251 509 333 254 510 336 255 511 329 250 512 332 252 513 335 256 514 330 253 515 334 257 516 336 255 517 333 254 518 334 257 519 338 258 520 336 255 521 337 259 522 339 260 523 335 256 524 338 258 525 337 259 526 336 255 527 343 261 528 345 262 529 341 263 530 345 262 531 344 264 532 341 263 533 347 265 534 345 262 535 343 261 536 349 266 537 347 265 538 348 267 539 350 268 540 348 267 541 346 269 542 350 268 543 349 266 544 348 267 545 353 270 546 351 271 547 349 266 548 357 272 549 360 273 550 355 274 551 360 273 552 356 275 553 355 274 554 359 276 555 360 273 556 357 272 557 362 277 558 361 278 559 359 276 560 365 279 561 368 280 562 364 281 563 367 282 564 365 279 565 366 283 566 369 284 567 367 282 568 366 283 569 368 280 570 369 284 571 364 281 572 368 280 573 370 285 574 369 284 575 371 286 576 368 280 577 367 282 578 371 286 579 370 285 580 368 280 581 372 287 582 370 285 583 371 286 584 369 284 585 373 288 586 371 286 587 373 288 588 372 287 589 371 286 590 372 287 591 374 289 592 370 285 593 377 290 594 381 291 595 376 292 596 383 293 597 379 294 598 380 295 599 384 296 600 383 293 601 375 297 602 381 291 603 384 296 604 375 297 605 382 298 606 385 299 607 377 290 608 386 300 609 382 298 610 379 294 611 393 301 612 389 302 613 390 303 614 391 304 615 393 301 616 390 303 617 396 305 618 400 306 619 395 307 620 400 306 621 402 308 622 394 309 623 403 310 624 400 306 625 396 305 626 404 311 627 401 312 628 398 313 629 399 314 630 404 311 631 398 313 632 405 315 633 403 310 634 401 312 635 402 308 636 407 316 637 399 314 638 409 317 639 410 318 640 408 319 641 413 320 642 411 321 643 412 322 644 410 318 645 413 320 646 412 322 647 414 323 648 413 320 649 410 318 650 411 321 651 414 323 652 410 318 653 415 324 654 411 321 655 413 320 656 418 325 657 420 326 658 417 327 659 420 326 660 421 328 661 417 327 662 422 329 663 420 326 664 419 330 665 421 328 666 422 329 667 419 330 668 424 331 669 421 328 670 423 332 671 422 329 672 425 333 673 423 332 674 425 333 675 424 331 676 423 332 677 424 331 678 426 334 679 421 328 680 432 335 681 428 336 682 429 337 683 430 338 684 431 339 685 427 340 686 432 335 687 430 338 688 428 336 689 431 339 690 432 335 691 429 337 692 433 341 693 431 339 694 430 338 695 434 342 696 432 335 697 431 339 698 437 343 699 433 341 700 435 344 701 441 345 702 436 346 703 437 343 704 437 343 705 440 347 706 441 345 707 439 348 708 440 347 709 437 343 710 439 348 711 438 349 712 436 346 713 446 350 714 442 351 715 443 352 716 444 353 717 446 350 718 443 352 719 447 354 720 446 350 721 444 353 722 446 350 723 448 355 724 445 356 725 449 357 726 448 355 727 446 350 728 450 358 729 448 355 730 449 357 731 448 355 732 451 359 733 447 354 734 452 360 735 449 357 736 451 359 737 453 361 738 452 360 739 450 358 740 452 360 741 454 362 742 449 357 743 455 363 744 460 364 745 457 365 746 458 366 747 460 364 748 455 363 749 459 367 750 458 366 751 457 365 752 462 368 753 459 367 754 460 364 755 458 366 756 463 369 757 460 364 758 461 370 759 458 366 760 459 367 761 465 371 762 461 370 763 462 368 764 463 369 765 465 371 766 462 368 767 464 372 768 463 369 769 461 370 770 465 371 771 467 373 772 464 372 773 469 374 774 465 371 775 466 375 776 464 372 777 469 374 778 466 375 779 468 376 780 470 377 781 467 373 782 471 378 783 468 376 784 469 374 785 467 373 786 472 379 787 469 374 788 474 380 789 470 377 790 471 378 791 475 381 792 471 378 793 472 379 794 470 377 795 475 381 796 472 379 797 473 382 798 476 383 799 475 381 800 477 384 801 473 382 802 474 380 803 478 385 804 474 380 805 475 381 806 485 386 807 484 387 808 479 388 809 482 389 810 486 390 811 481 391 812 487 392 813 488 393 814 482 389 815 489 394 816 487 392 817 484 387 818 486 390 819 490 395 820 480 396 821 491 397 822 486 390 823 488 393 824 487 392 825 491 397 826 488 393 827 489 394 828 492 398 829 487 392 830 495 399 831 494 400 832 493 401 833 486 390 834 496 402 835 490 395 836 498 403 837 497 404 838 492 398 839 504 405 840 501 406 841 499 407 842 503 408 843 504 405 844 499 407 845 502 409 846 503 408 847 500 410 848 504 405 849 502 409 850 501 406 851 508 411 852 507 412 853 505 413 854 507 412 855 510 414 856 506 415 857 511 416 858 512 417 859 508 411 860 511 416 861 509 418 862 510 414 863 513 419 864 510 414 865 508 411 866 514 420 867 518 421 868 516 422 869 517 423 870 519 424 871 514 420 872 520 425 873 516 422 874 518 421 875 519 424 876 521 426 877 518 421 878 520 425 879 519 424 880 516 422 881 527 427 882 524 428 883 525 429 884 527 427 885 526 430 886 524 428 887 523 431 888 527 427 889 525 429 890 529 432 891 528 433 892 526 430 893 534 434 894 533 435 895 531 436 896 536 437 897 534 434 898 531 436 899 536 437 900 531 436 901 532 438 902 535 439 903 536 437 904 532 438 905 540 440 906 537 441 907 538 442 908 537 441 909 541 443 910 539 444 911 542 445 912 540 440 913 538 442 914 542 445 915 538 442 916 539 444 917 541 443 918 542 445 919 539 444 920 545 446 921 547 447 922 544 448 923 546 449 924 548 450 925 543 451 926 548 450 927 547 447 928 545 446 929 551 452 930 553 453 931 550 454 932 554 455 933 552 456 934 549 457 935 550 454 936 554 455 937 549 457 938 553 453 939 554 455 940 550 454 941 558 458 942 557 459 943 555 460 944 559 461 945 555 460 946 556 462 947 557 459 948 560 463 949 556 462 950 561 464 951 566 465 952 563 466 953 564 467 954 561 464 955 562 468 956 563 466 957 565 469 958 562 468 959 570 470 960 569 471 961 567 472 962 570 470 963 572 473 964 569 471 965 578 474 966 575 475 967 573 476 968 576 477 969 578 474 970 573 476 971 577 478 972 576 477 973 574 479 974 579 480 975 586 481 976 583 482 977 584 483 978 581 484 979 582 485 980 597 486 981 598 487 982 596 488 983 598 487 984 601 489 985 595 490 986 602 491 987 598 487 988 597 486 989 601 489 990 604 492 991 603 493 992 604 492 993 606 494 994 599 495 995 607 496 996 604 492 997 601 489 998 608 497 999 611 498 1000 607 496 1001 611 498 1002 614 499 1003 610 500 1004 617 501 1005 615 502 1006 616 503 1007 618 504 1008 617 501 1009 612 505 1010 611 498 1011 620 506 1012 614 499 1013 617 501 1014 621 507 1015 615 502 1016 622 508 1017 620 506 1018 611 498 1019 623 509 1020 621 507 1021 617 501 1022 619 510 1023 624 511 1024 618 504 1025 631 512 1026 625 513 1027 626 514 1028 627 515 1029 631 512 1030 626 514 1031 629 516 1032 632 517 1033 628 518 1034 631 512 1035 633 519 1036 625 513 1037 634 520 1038 631 512 1039 627 515 1040 635 521 1041 632 517 1042 629 516 1043 637 522 1044 644 523 1045 642 524 1046 643 525 1047 639 526 1048 640 527 1049 648 528 1050 643 525 1051 641 529 1052 644 523 1053 648 528 1054 641 529 1055 655 530 1056 654 531 1057 649 532 1058 651 533 1059 656 534 1060 650 535 1061 653 536 1062 657 537 1063 652 538 1064 658 539 1065 657 537 1066 653 536 1067 658 539 1068 663 540 1069 657 537 1070 663 540 1071 666 541 1072 662 542 1073 669 543 1074 666 541 1075 663 540 1076 673 544 1077 677 545 1078 672 546 1079 678 547 1080 673 544 1081 674 548 1082 681 549 1083 675 550 1084 670 551 1085 678 547 1086 679 552 1087 673 544 1088 676 553 1089 680 554 1090 681 549 1091 682 555 1092 676 553 1093 677 545 1094 681 549 1095 684 556 1096 678 547 1097 680 554 1098 686 557 1099 681 549 1100 685 558 1101 687 559 1102 680 554 1103 684 556 1104 688 560 1105 683 561 1106 688 560 1107 690 562 1108 685 558 1109 690 562 1110 689 563 1111 687 559 1112 691 564 1113 690 562 1114 688 560 1115 698 565 1116 693 566 1117 694 567 1118 697 568 1119 699 569 1120 696 570 1121 702 571 1122 698 565 1123 695 572 1124 699 569 1125 702 571 1126 695 572 1127 715 573 1128 717 574 1129 714 575 1130 717 574 1131 718 576 1132 713 577 1133 719 578 1134 716 579 1135 711 580 1136 721 581 1137 717 574 1138 715 573 1139 721 581 1140 726 582 1141 717 574 1142 736 583 1143 730 584 1144 731 585 1145 738 586 1146 735 587 1147 730 584 1148 736 583 1149 738 586 1150 730 584 1151 738 586 1152 739 588 1153 735 587 1154 740 589 1155 738 586 1156 736 583 1157 739 588 1158 741 590 1159 734 591 1160 741 590 1161 742 592 1162 733 593 1163 744 594 1164 739 588 1165 738 586 1166 740 589 1167 744 594 1168 738 586 1169 745 595 1170 741 590 1171 739 588 1172 746 596 1173 744 594 1174 740 589 1175 743 597 1176 746 596 1177 740 589 1178 747 598 1179 743 597 1180 742 592 1181 747 598 1182 746 596 1183 743 597 1184 751 599 1185 754 600 1186 750 601 1187 753 602 1188 755 603 1189 752 604 1190 756 605 1191 759 606 1192 753 602 1193 754 600 1194 757 607 1195 749 608 1196 758 609 1197 754 600 1198 751 599 1199 759 606 1200 755 603 1201 753 602 1202 760 610 1203 756 605 1204 757 607 1205 765 611 1206 764 612 1207 756 605 1208 760 610 1209 767 613 1210 765 611 1211 768 614 1212 762 615 1213 763 616 1214 767 613 1215 772 617 1216 766 618 1217 772 617 1218 768 614 1219 766 618 1220 778 619 1221 774 620 1222 768 614 1223 780 621 1224 776 622 1225 773 623 1226 774 620 1227 780 621 1228 773 623 1229 778 619 1230 782 624 1231 774 620 1232 783 625 1233 779 626 1234 776 622 1235 781 627 1236 784 628 1237 778 619 1238 785 629 1239 780 621 1240 782 624 1241 779 626 1242 786 630 1243 781 627 1244 780 621 1245 787 631 1246 783 625 1247 788 632 1248 785 629 1249 784 628 1250 792 633 1251 789 634 1252 786 630 1253 792 633 1254 786 630 1255 787 631 1256 795 635 1257 791 636 1258 788 632 1259 798 637 1260 799 638 1261 797 639 1262 800 640 1263 796 641 1264 797 639 1265 796 641 1266 801 642 1267 798 637 1268 801 642 1269 804 643 1270 799 638 1271 805 644 1272 802 645 1273 803 646 1274 804 643 1275 806 647 1276 803 646 1277 805 644 1278 807 648 1279 802 645 1280 807 648 1281 806 647 1282 802 645 1283 805 644 1284 809 649 1285 807 648 1286 810 650 1287 805 644 1288 806 647 1289 811 651 1290 813 652 1291 809 649 1292 813 652 1293 814 653 1294 809 649 1295 815 654 1296 813 652 1297 811 651 1298 816 655 1299 811 651 1300 812 656 1301 814 653 1302 816 655 1303 812 656 1304 819 657 1305 815 654 1306 811 651 1307 814 653 1308 817 658 1309 816 655 1310 818 659 1311 814 653 1312 815 654 1313 818 659 1314 817 658 1315 814 653 1316 821 660 1317 820 661 1318 818 659 1319 822 662 1320 821 660 1321 818 659 1322 822 662 1323 818 659 1324 819 657 1325 820 661 1326 823 663 1327 819 657 1328 825 664 1329 824 665 1330 823 663 1331 831 666 1332 829 667 1333 827 668 1334 830 669 1335 833 670 1336 828 671 1337 833 670 1338 837 672 1339 834 673 1340 836 674 1341 830 669 1342 832 675 1343 835 676 1344 837 672 1345 833 670 1346 837 672 1347 836 674 1348 832 675 1349 839 677 1350 838 678 1351 837 672 1352 841 679 1353 838 678 1354 839 677 1355 840 680 1356 842 681 1357 839 677 1358 843 682 1359 840 680 1360 838 678 1361 844 683 1362 846 684 1363 843 682 1364 847 685 1365 845 686 1366 846 684 1367 848 687 1368 846 684 1369 844 683 1370 845 686 1371 849 688 1372 844 683 1373 847 685 1374 849 688 1375 845 686 1376 853 689 1377 848 687 1378 849 688 1379 851 690 1380 856 691 1381 850 692 1382 853 689 1383 854 693 1384 852 694 1385 855 695 1386 856 691 1387 851 690 1388 861 696 1389 859 697 1390 857 698 1391 858 699 1392 861 696 1393 857 698 1394 860 700 1395 862 701 1396 858 699 1397 862 701 1398 861 696 1399 858 699 1400 863 702 1401 862 701 1402 860 700 1403 862 701 1404 864 703 1405 861 696 1406 866 704 1407 863 702 1408 860 700 1409 861 696 1410 866 704 1411 860 700 1412 864 703 1413 866 704 1414 861 696 1415 865 705 1416 867 706 1417 864 703 1418 867 706 1419 872 707 1420 868 708 1421 869 709 1422 867 706 1423 865 705 1424 868 708 1425 869 709 1426 865 705 1427 867 706 1428 870 710 1429 872 707 1430 871 711 1431 867 706 1432 869 709 1433 868 708 1434 872 707 1435 869 709 1436 873 712 1437 875 713 1438 870 710 1439 876 714 1440 877 715 1441 873 712 1442 878 716 1443 874 717 1444 875 713 1445 879 718 1446 877 715 1447 876 714 1448 874 717 1449 879 718 1450 876 714 1451 878 716 1452 879 718 1453 874 717 1454 880 719 1455 878 716 1456 877 715 1457 881 720 1458 877 715 1459 879 718 1460 878 716 1461 882 721 1462 879 718 1463 885 722 1464 887 723 1465 884 724 1466 888 725 1467 885 722 1468 886 726 1469 889 727 1470 883 728 1471 884 724 1472 891 729 1473 887 723 1474 885 722 1475 888 725 1476 891 729 1477 885 722 1478 890 730 1479 892 731 1480 886 726 1481 892 731 1482 888 725 1483 886 726 1484 896 732 1485 891 729 1486 888 725 1487 893 733 1488 895 734 1489 889 727 1490 896 732 1491 893 733 1492 891 729 1493 897 735 1494 895 734 1495 893 733 1496 892 731 1497 898 736 1498 896 732 1499 899 737 1500 894 738 1501 895 734 1502 897 735 1503 899 737 1504 895 734 1505 898 736 1506 900 739 1507 896 732 1508 901 740 1509 898 736 1510 892 731 1511 902 741 1512 901 740 1513 894 738 1514 900 739 1515 904 742 1516 897 735 1517 901 740 1518 905 743 1519 898 736 1520 902 741 1521 906 744 1522 901 740 1523 906 744 1524 905 743 1525 901 740 1526 905 743 1527 907 745 1528 900 739 1529 910 746 1530 907 745 1531 905 743 1532 908 747 1533 906 744 1534 902 741 1535 913 748 1536 909 749 1537 910 746 1538 913 748 1539 912 750 1540 909 749 1541 916 751 1542 914 752 1543 912 750 1544 916 751 1545 918 753 1546 914 752 1547 917 754 1548 916 751 1549 915 755 1550 918 753 1551 920 756 1552 917 754 1553 920 756 1554 919 757 1555 917 754 1556 921 758 1557 920 756 1558 918 753 1559 928 759 1560 927 760 1561 922 761 1562 928 759 1563 931 762 1564 927 760 1565 930 763 1566 923 764 1567 924 765 1568 932 766 1569 930 763 1570 925 767 1571 935 768 1572 931 762 1573 928 759 1574 935 768 1575 936 769 1576 931 762 1577 940 770 1578 932 766 1579 934 771 1580 936 769 1581 940 770 1582 934 771 1583 940 770 1584 941 772 1585 932 766 1586 945 773 1587 944 774 1588 937 775 1589 942 776 1590 946 777 1591 938 778 1592 943 779 1593 947 780 1594 941 772 1595 945 773 1596 948 781 1597 944 774 1598 950 782 1599 942 776 1600 947 780 1601 958 783 1602 951 784 1603 952 785 1604 953 786 1605 958 783 1606 952 785 1607 957 787 1608 959 788 1609 954 789 1610 951 784 1611 960 790 1612 956 791 1613 961 792 1614 960 790 1615 951 784 1616 966 793 1617 964 794 1618 965 795 1619 960 790 1620 966 793 1621 965 795 1622 962 796 1623 967 797 1624 961 792 1625 968 798 1626 966 793 1627 960 790 1628 964 794 1629 969 799 1630 963 800 1631 970 801 1632 967 797 1633 962 796 1634 969 799 1635 970 801 1636 962 796 1637 966 793 1638 971 802 1639 964 794 1640 975 803 1641 971 802 1642 966 793 1643 977 804 1644 976 805 1645 972 806 1646 971 802 1647 978 807 1648 974 808 1649 979 809 1650 977 804 1651 973 810 1652 978 807 1653 979 809 1654 973 810 1655 983 811 1656 977 804 1657 979 809 1658 980 812 1659 984 813 1660 978 807 1661 982 814 1662 985 815 1663 981 816 1664 987 817 1665 984 813 1666 985 815 1667 987 817 1668 986 818 1669 984 813 1670 988 819 1671 987 817 1672 985 815 1673 995 820 1674 994 821 1675 989 822 1676 990 823 1677 995 820 1678 989 822 1679 992 824 1680 996 825 1681 991 826 1682 995 820 1683 999 827 1684 994 821 1685 997 828 1686 995 820 1687 990 823 1688 998 829 1689 996 825 1690 992 824 1691 993 830 1692 998 829 1693 992 824 1694 1000 831 1695 998 829 1696 993 830 1697 1008 832 1698 1001 833 1699 1002 834 1700 1008 832 1701 1009 835 1702 1001 833 1703 1012 836 1704 1011 837 1705 1006 838 1706 1009 835 1707 1013 839 1708 1007 840 1709 1014 841 1710 1009 835 1711 1008 832 1712 1011 837 1713 1015 842 1714 1010 843 1715 1012 836 1716 1016 844 1717 1011 837 1718 1021 845 1719 1020 846 1720 1015 842 1721 1016 844 1722 1021 845 1723 1015 842 1724 1028 847 1725 1026 848 1726 1027 849 1727 1029 850 1728 1022 851 1729 1023 852 1730 1034 853 1731 1030 854 1732 1031 855 1733 1033 856 1734 1035 857 1735 1032 858 1736 1035 857 1737 1037 859 1738 1032 858 1739 1037 859 1740 1036 860 1741 1034 853 1742 1043 861 1743 1044 862 1744 1042 863 1745 1044 862 1746 1048 864 1747 1041 865 1748 1051 866 1749 1044 862 1750 1049 867 1751 1050 868 1752 1056 869 1753 1051 866 1754 1055 870 1755 1053 871 1756 1044 862 1757 1053 871 1758 1058 872 1759 1052 873 1760 1057 874 1761 1066 875 1762 1061 876 1763 1062 877 1764 1067 878 1765 1057 874 1766 1068 879 1767 1067 878 1768 1062 877 1769 1063 880 1770 1068 879 1771 1062 877 1772 1066 875 1773 1069 881 1774 1065 882 1775 1070 883 1776 1068 879 1777 1063 880 1778 1067 878 1779 1071 884 1780 1066 875 1781 1072 885 1782 1070 883 1783 1064 886 1784 1069 881 1785 1072 885 1786 1064 886 1787 1068 879 1788 1073 887 1789 1067 878 1790 1075 888 1791 1073 887 1792 1068 879 1793 1072 885 1794 1076 889 1795 1070 883 1796 1077 890 1797 1074 891 1798 1071 884 1799 1078 892 1800 1077 890 1801 1073 887 1802 1072 885 1803 1079 893 1804 1076 889 1805 1074 891 1806 1079 893 1807 1072 885 1808 1079 893 1809 1078 892 1810 1075 888 1811 1077 890 1812 1080 894 1813 1074 891 1814 1086 895 1815 1081 896 1816 1082 897 1817 1083 898 1818 1087 899 1819 1082 897 1820 1092 900 1821 1093 901 1822 1091 902 1823 1093 901 1824 1090 903 1825 1091 902 1826 1099 904 1827 1098 905 1828 1092 900 1829 1096 906 1830 1102 907 1831 1095 908 1832 1103 909 1833 1096 906 1834 1097 910 1835 1104 911 1836 1102 907 1837 1096 906 1838 1105 912 1839 1100 913 1840 1099 904 1841 1106 914 1842 1103 909 1843 1100 913 1844 1107 915 1845 1104 911 1846 1103 909 1847 1111 916 1848 1110 917 1849 1104 911 1850 1108 918 1851 1113 919 1852 1106 914 1853 1111 916 1854 1114 920 1855 1110 917 1856 1114 920 1857 1116 921 1858 1112 922 1859 1120 923 1860 1116 921 1861 1114 920 1862 1117 924 1863 1120 923 1864 1114 920 1865 1121 925 1866 1120 923 1867 1117 924 1868 1121 925 1869 1123 926 1870 1120 923 1871 1124 927 1872 1129 928 1873 1126 929 1874 1127 930 1875 1129 928 1876 1124 927 1877 1129 928 1878 1128 931 1879 1126 929 1880 1127 930 1881 1130 932 1882 1129 928 1883 1131 933 1884 1127 930 1885 1128 931 1886 1129 928 1887 1132 934 1888 1128 931 1889 1131 933 1890 1133 935 1891 1130 932 1892 1134 936 1893 1132 934 1894 1130 932 1895 1131 933 1896 1136 937 1897 1133 935 1898 1137 938 1899 1136 937 1900 1131 933 1901 1138 939 1902 1141 940 1903 1134 936 1904 1137 938 1905 1139 941 1906 1136 937 1907 1136 937 1908 1140 942 1909 1135 943 1910 1141 940 1911 1139 941 1912 1137 938 1913 1140 942 1914 1142 944 1915 1138 939 1916 1139 941 1917 1143 945 1918 1140 942 1919 1145 946 1920 1142 944 1921 1143 945 1922 1144 947 1923 1146 948 1924 1143 945 1925 1145 946 1926 1147 949 1927 1142 944 1928 1145 946 1929 1148 950 1930 1147 949 1931 1149 951 1932 1145 946 1933 1146 948 1934 1150 952 1935 1146 948 1936 1147 949 1937 1149 951 1938 1152 953 1939 1148 950 1940 1153 954 1941 1149 951 1942 1150 952 1943 1152 953 1944 1154 955 1945 1151 956 1946 1160 957 1947 1155 958 1948 1156 959 1949 1157 960 1950 1161 961 1951 1156 959 1952 1162 962 1953 1164 963 1954 1158 964 1955 1163 965 1956 1162 962 1957 1159 966 1958 1170 967 1959 1167 968 1960 1165 969 1961 1168 970 1962 1165 969 1963 1166 971 1964 1168 970 1965 1169 972 1966 1165 969 1967 1171 973 1968 1168 970 1969 1167 968 1970 1171 973 1971 1172 974 1972 1168 970 1973 1173 975 1974 1171 973 1975 1170 967 1976 1174 976 1977 1175 977 1978 1173 975 1979 1173 975 1980 1176 978 1981 1172 974 1982 1176 978 1983 1178 979 1984 1172 974 1985 1183 980 1986 1185 981 1987 1180 982 1988 1184 983 1989 1183 980 1990 1181 984 1991 1186 985 1992 1185 981 1993 1183 980 1994 1185 981 1995 1188 986 1996 1184 983 1997 1189 987 1998 1186 985 1999 1187 988 2000 1188 986 2001 1190 989 2002 1187 988 2003 1191 990 2004 1188 986 2005 1186 985 2006 1194 991 2007 1193 992 2008 1191 990 2009 1195 993 2010 1194 991 2011 1192 994 2012 1196 995 2013 1197 996 2014 1193 992 2015 1200 997 2016 1201 998 2017 1199 999 2018 1202 1000 2019 1198 1001 2020 1199 999 2021 1201 998 2022 1202 1000 2023 1199 999 2024 1204 1002 2025 1200 997 2026 1198 1001 2027 1202 1000 2028 1203 1003 2029 1198 1001 2030 1204 1002 2031 1201 998 2032 1200 997 2033 1203 1003 2034 1207 1004 2035 1204 1002 2036 1206 1005 2037 1205 1006 2038 1201 998 2039 1203 1003 2040 1208 1007 2041 1207 1004 2042 1205 1006 2043 1208 1007 2044 1203 1003 2045 1209 1008 2046 1206 1005 2047 1207 1004 2048 1210 1009 2049 1208 1007 2050 1205 1006 2051 1206 1005 2052 1211 1010 2053 1205 1006 2054 1209 1008 2055 1211 1010 2056 1206 1005 2057 1210 1009 2058 1212 1011 2059 1208 1007 2060 1208 1007 2061 1213 1012 2062 1209 1008 2063 1216 1013 2064 1213 1012 2065 1212 1011 2066 1213 1012 2067 1217 1014 2068 1215 1015 2069 1217 1014 2070 1219 1016 2071 1214 1017 2072 1219 1016 2073 1220 1018 2074 1218 1019 2075 1220 1018 2076 1222 1020 2077 1218 1019 2078 1221 1021 2079 1220 1018 2080 1219 1016 2081 1229 1022 2082 1225 1023 2083 1223 1024 2084 1227 1025 2085 1230 1026 2086 1229 1022 2087 1230 1026 2088 1231 1027 2089 1229 1022 2090 1231 1027 2091 1228 1028 2092 1226 1029 2093 1229 1022 2094 1231 1027 2095 1226 1029 2096 1232 1030 2097 1230 1026 2098 1227 1025 2099 1228 1028 2100 1232 1030 2101 1227 1025 2102 1234 1031 2103 1231 1027 2104 1230 1026 2105 1228 1028 2106 1236 1032 2107 1232 1030 2108 1233 1033 2109 1236 1032 2110 1228 1028 2111 1234 1031 2112 1233 1033 2113 1231 1027 2114 1237 1034 2115 1234 1031 2116 1235 1035 2117 1239 1036 2118 1233 1033 2119 1234 1031 2120 1242 1037 2121 1237 1034 2122 1238 1038 2123 1243 1039 2124 1240 1040 2125 1239 1036 2126 1243 1039 2127 1245 1041 2128 1240 1040 2129 1245 1041 2130 1244 1042 2131 1240 1040 2132 1244 1042 2133 1246 1043 2134 1242 1037 2135 1249 1044 2136 1251 1045 2137 1248 1046 2138 1250 1047 2139 1247 1048 2140 1248 1046 2141 1252 1049 2142 1255 1050 2143 1251 1045 2144 1256 1051 2145 1254 1052 2146 1251 1045 2147 1258 1053 2148 1256 1051 2149 1255 1050 2150 1258 1053 2151 1255 1050 2152 1252 1049 2153 1260 1054 2154 1257 1055 2155 1256 1051 2156 1260 1054 2157 1256 1051 2158 1258 1053 2159 1259 1056 2160 1261 1057 2161 1258 1053 2162 1260 1054 2163 1262 1058 2164 1257 1055 2165 1262 1058 2166 1264 1059 2167 1261 1057 2168 1263 1060 2169 1264 1059 2170 1262 1058 2171 1265 1061 2172 1260 1054 2173 1261 1057 2174 1265 1061 2175 1268 1062 2176 1263 1060 2177 1270 1063 2178 1269 1064 2179 1267 1065 2180 1269 1064 2181 1271 1066 2182 1266 1067 2183 1275 1068 2184 1272 1069 2185 1273 1070 2186 1274 1071 2187 1276 1072 2188 1273 1070 2189 1280 1073 2190 1279 1074 2191 1276 1072 2192 1274 1071 2193 1280 1073 2194 1276 1072 2195 1281 1075 2196 1280 1073 2197 1277 1076 2198 1275 1068 2199 1281 1075 2200 1277 1076 2201 1278 1077 2202 1281 1075 2203 1275 1068 2204 1282 1078 2205 1281 1075 2206 1278 1077 2207 1282 1078 2208 1278 1077 2209 1279 1074 2210 1287 1079 2211 1283 1080 2212 1280 1073 2213 1284 1081 2214 1290 1082 2215 1286 1083 2216 1292 1084 2217 1288 1085 2218 1286 1083 2219 1292 1084 2220 1291 1086 2221 1288 1085 2222 1291 1086 2223 1294 1087 2224 1289 1088 2225 1294 1087 2226 1296 1089 2227 1293 1090 2228 1295 1091 2229 1291 1086 2230 1292 1084 2231 1297 1092 2232 1296 1089 2233 1294 1087 2234 1297 1092 2235 1299 1093 2236 1296 1089 2237 1303 1094 2238 1302 1095 2239 1300 1096 2240 1302 1095 2241 1304 1097 2242 1301 1098 2243 1305 1099 2244 1304 1097 2245 1302 1095 2246 1308 1100 2247 1305 1099 2248 1303 1094 2249 1310 1101 2250 1309 1102 2251 1304 1097 2252 1305 1099 2253 1310 1101 2254 1304 1097 2255 1308 1100 2256 1312 1103 2257 1305 1099 2258 1311 1104 2259 1306 1105 2260 1307 1106 2261 1313 1107 2262 1308 1100 2263 1306 1105 2264 1311 1104 2265 1313 1107 2266 1306 1105 2267 1310 1101 2268 1314 1108 2269 1309 1102 2270 1308 1100 2271 1315 1109 2272 1312 1103 2273 1317 1110 2274 1314 1108 2275 1310 1101 2276 1318 1111 2277 1316 1112 2278 1311 1104 2279 1320 1113 2280 1317 1110 2281 1315 1109 2282 1328 1114 2283 1321 1115 2284 1322 1116 2285 1323 1117 2286 1328 1114 2287 1322 1116 2288 1327 1118 2289 1329 1119 2290 1324 1120 2291 1321 1115 2292 1331 1121 2293 1326 1122 2294 1330 1123 2295 1328 1114 2296 1323 1117 2297 1328 1114 2298 1332 1124 2299 1321 1115 2300 1334 1125 2301 1332 1124 2302 1328 1114 2303 1330 1123 2304 1334 1125 2305 1328 1114 2306 1333 1126 2307 1335 1127 2308 1329 1119 2309 1332 1124 2310 1337 1128 2311 1331 1121 2312 1338 1129 2313 1337 1128 2314 1332 1124 2315 1336 1130 2316 1339 1131 2317 1334 1125 2318 1338 1129 2319 1341 1132 2320 1337 1128 2321 1342 1133 2322 1338 1129 2323 1339 1131 2324 1342 1133 2325 1343 1134 2326 1338 1129 2327 1345 1135 2328 1335 1127 2329 1340 1136 2330 1346 1137 2331 1344 1138 2332 1335 1127 2333 1347 1139 2334 1343 1134 2335 1342 1133 2336 1347 1139 2337 1349 1140 2338 1343 1134 2339 1346 1137 2340 1348 1141 2341 1344 1138 2342 1354 1142 2343 1352 1143 2344 1350 1144 2345 1353 1145 2346 1356 1146 2347 1351 1147 2348 1355 1148 2349 1354 1142 2350 1350 1144 2351 1356 1146 2352 1357 1149 2353 1355 1148 2354 1358 1150 2355 1353 1145 2356 1354 1142 2357 1359 1151 2358 1357 1149 2359 1356 1146 2360 1358 1150 2361 1359 1151 2362 1356 1146 2363 1360 1152 2364 1357 1149 2365 1359 1151 2366 1361 1153 2367 1364 1154 2368 1360 1152 2369 1366 1155 2370 1363 1156 2371 1360 1152 2372 1366 1155 2373 1365 1157 2374 1363 1156 2375 1374 1158 2376 1373 1159 2377 1371 1160 2378 1375 1161 2379 1372 1162 2380 1373 1159 2381 1376 1163 2382 1374 1158 2383 1371 1160 2384 1377 1164 2385 1372 1162 2386 1375 1161 2387 1378 1165 2388 1377 1164 2389 1375 1161 2390 1381 1166 2391 1377 1164 2392 1378 1165 2393 1386 1167 2394 1379 1168 2395 1380 1169 2396 1386 1167 2397 1385 1170 2398 1379 1168 2399 1387 1171 2400 1389 1172 2401 1386 1167 2402 1396 1173 2403 1392 1174 2404 1390 1175 2405 1393 1176 2406 1394 1177 2407 1391 1178 2408 1395 1179 2409 1390 1175 2410 1391 1178 2411 1400 1180 2412 1394 1177 2413 1396 1173 2414 1400 1180 2415 1398 1181 2416 1395 1179 2417 1402 1182 2418 1399 1183 2419 1398 1181 2420 1399 1183 2421 1401 1184 2422 1400 1180 2423 1404 1185 2424 1406 1186 2425 1401 1184 2426 1408 1187 2427 1407 1188 2428 1404 1185 2429 1409 1189 2430 1408 1187 2431 1405 1190 2432 1411 1191 2433 1416 1192 2434 1414 1193 2435 1417 1194 2436 1413 1195 2437 1414 1193 2438 1418 1196 2439 1416 1192 2440 1415 1197 2441 1416 1192 2442 1419 1198 2443 1417 1194 2444 1419 1198 2445 1421 1199 2446 1417 1194 2447 1421 1199 2448 1422 1200 2449 1418 1196 2450 1423 1201 2451 1421 1199 2452 1419 1198 2453 1427 1202 2454 1424 1203 2455 1425 1204 2456 1429 1205 2457 1426 1206 2458 1424 1203 2459 1428 1207 2460 1427 1202 2461 1425 1204 2462 1428 1207 2463 1425 1204 2464 1426 1206 2465 1427 1202 2466 1430 1208 2467 1429 1205 2468 1434 1209 2469 1430 1208 2470 1431 1210 2471 1440 1211 2472 1436 1212 2473 1437 1213 2474 1440 1211 2475 1439 1214 2476 1436 1212 2477 1442 1215 2478 1439 1214 2479 1440 1211 2480 1444 1216 2481 1443 1217 2482 1441 1218 2483 1448 1219 2484 1445 1220 2485 1446 1221 2486 1450 1222 2487 1447 1223 2488 1445 1220 2489 1448 1219 2490 1450 1222 2491 1445 1220 2492 1450 1222 2493 1452 1224 2494 1447 1223 2495 1451 1225 2496 1450 1222 2497 1448 1219 2498 1457 1226 2499 1460 1227 2500 1456 1228 2501 1458 1229 2502 1461 1230 2503 1457 1226 2504 1466 1231 2505 1462 1232 2506 1463 1233 2507 1466 1231 2508 1468 1234 2509 1465 1235 2510 1469 1236 2511 1466 1231 2512 1463 1233 2513 1467 1237 2514 1471 1238 2515 1469 1236 2516 1472 1239 2517 1471 1238 2518 1467 1237 2519 1472 1239 2520 1475 1240 2521 1471 1238 2522 1474 1241 2523 1472 1239 2524 1473 1242 2525 1474 1241 2526 1476 1243 2527 1472 1239 2528 1478 1244 2529 1474 1241 2530 1473 1242 2531 1478 1244 2532 1476 1243 2533 1474 1241 2534 1482 1245 2535 1476 1243 2536 1478 1244 2537 1477 1246 2538 1480 1247 2539 1478 1244 2540 1482 1245 2541 1481 1248 2542 1476 1243 2543 1483 1249 2544 1485 1250 2545 1481 1248 2546 1484 1251 2547 1483 1249 2548 1482 1245 2549 1487 1252 2550 1489 1253 2551 1486 1254 2552 1489 1253 2553 1491 1255 2554 1486 1254 2555 1490 1256 2556 1489 1253 2557 1487 1252 2558 1489 1253 2559 1492 1257 2560 1491 1255 2561 1490 1256 2562 1493 1258 2563 1489 1253 2564 1494 1259 2565 1490 1256 2566 1491 1255 2567 1494 1259 2568 1493 1258 2569 1490 1256 2570 1492 1257 2571 1495 1260 2572 1494 1259 2573 1496 1261 2574 1493 1258 2575 1494 1259 2576 1496 1261 2577 1497 1262 2578 1493 1258 2579 1499 1263 2580 1496 1261 2581 1495 1260 2582 1499 1263 2583 1500 1264 2584 1496 1261 2585 1501 1265 2586 1499 1263 2587 1498 1266 2588 1499 1263 2589 1502 1267 2590 1500 1264 2591 1501 1265 2592 1503 1268 2593 1499 1263 2594 1504 1269 2595 1501 1265 2596 1500 1264 2597 1503 1268 2598 1505 1270 2599 1502 1267 2600 1506 1271 2601 1503 1268 2602 1504 1269 2603 1507 1272 2604 1504 1269 2605 1502 1267 2606 1513 1273 2607 1510 1274 2608 1508 1275 2609 1513 1273 2610 1512 1276 2611 1510 1274 2612 1515 1277 2613 1518 1278 2614 1514 1279 2615 1520 1280 2616 1517 1281 2617 1514 1279 2618 1518 1278 2619 1520 1280 2620 1514 1279 2621 1521 1282 2622 1519 1283 2623 1516 1284 2624 1520 1280 2625 1523 1285 2626 1517 1281 2627 1522 1286 2628 1518 1278 2629 1515 1277 2630 1524 1287 2631 1523 1285 2632 1520 1280 2633 1521 1282 2634 1526 1288 2635 1519 1283 2636 1525 1289 2637 1529 1290 2638 1524 1287 2639 1529 1290 2640 1534 1291 2641 1528 1292 2642 1536 1293 2643 1530 1294 2644 1531 1295 2645 1536 1293 2646 1540 1296 2647 1530 1294 2648 1543 1297 2649 1539 1298 2650 1537 1299 2651 1544 1300 2652 1541 1301 2653 1535 1302 2654 1542 1303 2655 1545 1304 2656 1540 1296 2657 1547 1305 2658 1545 1304 2659 1542 1303 2660 1546 1306 2661 1547 1305 2662 1542 1303 2663 1550 1307 2664 1547 1305 2665 1546 1306 2666 1547 1305 2667 1551 1308 2668 1545 1304 2669 1548 1309 2670 1554 1310 2671 1550 1307 2672 1552 1311 2673 1554 1310 2674 1548 1309 2675 1556 1312 2676 1559 1313 2677 1555 1314 2678 1559 1313 2679 1557 1315 2680 1555 1314 2681 1559 1313 2682 1563 1316 2683 1557 1315 2684 1562 1317 2685 1558 1318 2686 1557 1315 2687 1560 1319 2688 1563 1316 2689 1559 1313 2690 1560 1319 2691 1564 1320 2692 1563 1316 2693 1566 1321 2694 1568 1322 2695 1564 1320 2696 1567 1323 2697 1569 1324 2698 1566 1321 2699 1569 1324 2700 1568 1322 2701 1566 1321 2702 1568 1322 2703 1570 1325 2704 1565 1326 2705 1570 1325 2706 1572 1327 2707 1567 1323 2708 1572 1327 2709 1571 1328 2710 1569 1324 2711 1572 1327 2712 1574 1329 2713 1571 1328 2714 1576 1330 2715 1572 1327 2716 1575 1331 2717 1579 1332 2718 1576 1330 2719 1575 1331 2720 1580 1333 2721 1575 1331 2722 1577 1334 2723 1578 1335 2724 1580 1333 2725 1577 1334 2726 1581 1336 2727 1580 1333 2728 1578 1335 2729 1580 1333 2730 1583 1337 2731 1579 1332 2732 1581 1336 2733 1583 1337 2734 1580 1333 2735 1585 1338 2736 1587 1339 2737 1583 1337 2738 1587 1339 2739 1591 1340 2740 1584 1341 2741 1591 1340 2742 1586 1342 2743 1584 1341 2744 1590 1343 2745 1587 1339 2746 1588 1344 2747 1595 1345 2748 1594 1346 2749 1592 1347 2750 1593 1348 2751 1595 1345 2752 1592 1347 2753 1594 1346 2754 1596 1349 2755 1593 1348 2756 1597 1350 2757 1595 1345 2758 1593 1348 2759 1598 1351 2760 1596 1349 2761 1594 1346 2762 1595 1345 2763 1600 1352 2764 1598 1351 2765 1600 1352 2766 1596 1349 2767 1598 1351 2768 1601 1353 2769 1600 1352 2770 1595 1345 2771 1600 1352 2772 1602 1354 2773 1596 1349 2774 1603 1355 2775 1599 1356 2776 1597 1350 2777 1602 1354 2778 1603 1355 2779 1597 1350 2780 1599 1356 2781 1605 1357 2782 1601 1353 2783 1603 1355 2784 1605 1357 2785 1599 1356 2786 1605 1357 2787 1606 1358 2788 1604 1359 2789 1608 1360 2790 1606 1358 2791 1605 1357 2792 1608 1360 2793 1609 1361 2794 1606 1358 2795 1610 1362 2796 1607 1363 2797 1603 1355 2798 1612 1364 2799 1609 1361 2800 1608 1360 2801 1612 1364 2802 1608 1360 2803 1610 1362 2804 1618 1365 2805 1617 1366 2806 1615 1367 2807 1619 1368 2808 1618 1365 2809 1615 1367 2810 1620 1369 2811 1619 1368 2812 1616 1370 2813 1622 1371 2814 1625 1372 2815 1621 1373 2816 1625 1372 2817 1626 1374 2818 1621 1373 2819 1627 1375 2820 1625 1372 2821 1622 1371 2822 1628 1376 2823 1624 1377 2824 1626 1374 2825 1629 1378 2826 1628 1376 2827 1626 1374 2828 1630 1379 2829 1629 1378 2830 1625 1372 2831 1627 1375 2832 1630 1379 2833 1625 1372 2834 1633 1380 2835 1630 1379 2836 1627 1375 2837 1632 1381 2838 1629 1378 2839 1630 1379 2840 1635 1382 2841 1633 1380 2842 1631 1383 2843 1636 1384 2844 1634 1385 2845 1632 1381 2846 1635 1382 2847 1636 1384 2848 1633 1380 2849 1638 1386 2850 1637 1387 2851 1634 1385 2852 1643 1388 2853 1645 1389 2854 1642 1390 2855 1647 1391 2856 1646 1392 2857 1644 1393 2858 1642 1390 2859 1648 1394 2860 1644 1393 2861 1648 1394 2862 1647 1391 2863 1644 1393 2864 1649 1395 2865 1648 1394 2866 1642 1390 2867 1645 1389 2868 1649 1395 2869 1642 1390 2870 1646 1392 2871 1650 1396 2872 1643 1388 2873 1651 1397 2874 1650 1396 2875 1646 1392 2876 1647 1391 2877 1651 1397 2878 1646 1392 2879 1649 1395 2880 1652 1398 2881 1648 1394 2882 1652 1398 2883 1651 1397 2884 1647 1391 2885 1648 1394 2886 1652 1398 2887 1647 1391 2888 1653 1399 2889 1649 1395 2890 1645 1389 2891 1650 1396 2892 1653 1399 2893 1645 1389 2894 1653 1399 2895 1654 1400 2896 1649 1395 2897 1656 1401 2898 1654 1400 2899 1653 1399 2900 1656 1401 2901 1653 1399 2902 1650 1396 2903 1651 1397 2904 1656 1401 2905 1650 1396 2906 1655 1402 2907 1657 1403 2908 1651 1397 2909 1654 1400 2910 1659 1404 2911 1655 1402 2912 1661 1405 2913 1657 1403 2914 1655 1402 2915 1660 1406 2916 1654 1400 2917 1658 1407 2918 1664 1408 2919 1665 1409 2920 1663 1410 2921 1668 1411 2922 1664 1408 2923 1662 1412 2924 1667 1413 2925 1662 1412 2926 1663 1410 2927 1667 1413 2928 1670 1414 2929 1668 1411 2930 1672 1415 2931 1666 1416 2932 1668 1411 2933 1666 1416 2934 1669 1417 2935 1665 1409 2936 1669 1417 2937 1671 1418 2938 1667 1413 2939 1672 1415 2940 1669 1417 2941 1666 1416 2942 1673 1419 2943 1671 1418 2944 1669 1417 2945 1670 1414 2946 1675 1420 2947 1672 1415 2948 1678 1421 2949 1674 1422 2950 1675 1420 2951 1679 1423 2952 1678 1421 2953 1676 1424 2954 1678 1421 2955 1677 1425 2956 1674 1422 2957 1681 1426 2958 1676 1424 2959 1677 1425 2960 1682 1427 2961 1681 1426 2962 1677 1425 2963 1682 1427 2964 1677 1425 2965 1678 1421 2966 1680 1428 2967 1682 1427 2968 1678 1421 2969 1683 1429 2970 1680 1428 2971 1679 1423 2972 1682 1427 2973 1684 1430 2974 1681 1426 2975 1680 1428 2976 1685 1431 2977 1682 1427 2978 1685 1431 2979 1687 1432 2980 1682 1427 2981 1684 1430 2982 1686 1433 2983 1683 1429 2984 1686 1433 2985 1685 1431 2986 1683 1429 2987 1692 1434 2988 1691 1435 2989 1689 1436 2990 1695 1437 2991 1692 1434 2992 1689 1436 2993 1693 1438 2994 1695 1437 2995 1689 1436 2996 1694 1439 2997 1693 1438 2998 1690 1440 2999 1692 1434 3000 1694 1439 3001 1691 1435 3002 1693 1438 3003 1697 1441 3004 1695 1437 3005 1699 1442 3006 1694 1439 3007 1692 1434 3008 1696 1443 3009 1700 1444 3010 1699 1442 3011 1702 1445 3012 1697 1441 3013 1698 1446 3014 1704 1447 3015 1700 1444 3016 1701 1448 3017 1700 1444 3018 1705 1449 3019 1703 1450 3020 1706 1451 3021 1705 1449 3022 1704 1447 3023 1707 1452 3024 1704 1447 3025 1701 1448 3026 1706 1451 3027 1712 1453 3028 1708 1454 3029 1709 1455 3030 1710 1456 3031 1704 1447 3032 1709 1455 3033 1714 1457 3034 1710 1456 3035 1717 1458 3036 1715 1459 3037 1711 1460 3038 1717 1458 3039 1718 1461 3040 1715 1459 3041 1718 1461 3042 1716 1462 3043 1714 1457 3044 1722 1463 3045 1721 1464 3046 1719 1465 3047 1724 1466 3048 1722 1463 3049 1719 1465 3050 1722 1463 3051 1727 1467 3052 1721 1464 3053 1725 1468 3054 1724 1466 3055 1723 1469 3056 1726 1470 3057 1727 1467 3058 1722 1463 3059 1726 1470 3060 1729 1471 3061 1727 1467 3062 1728 1472 3063 1726 1470 3064 1724 1466 3065 1729 1471 3066 1725 1468 3067 1727 1467 3068 1730 1473 3069 1729 1471 3070 1726 1470 3071 1728 1472 3072 1730 1473 3073 1726 1470 3074 1729 1471 3075 1728 1472 3076 1725 1468 3077 1731 1474 3078 1730 1473 3079 1728 1472 3080 1730 1473 3081 1734 1475 3082 1729 1471 3083 1733 1476 3084 1731 1474 3085 1728 1472 3086 1733 1476 3087 1728 1472 3088 1729 1471 3089 1732 1477 3090 1735 1478 3091 1734 1475 3092 1736 1479 3093 1731 1474 3094 1733 1476 3095 1736 1479 3096 1732 1477 3097 1731 1474 3098 1743 1480 3099 1742 1481 3100 1738 1482 3101 1749 1483 3102 1745 1484 3103 1744 1485 3104 1750 1486 3105 1747 1487 3106 1745 1484 3107 1750 1486 3108 1752 1488 3109 1747 1487 3110 1751 1489 3111 1749 1483 3112 1748 1490 3113 1753 1491 3114 1750 1486 3115 1749 1483 3116 1753 1491 3117 1755 1492 3118 1752 1488 3119 1755 1492 3120 1751 1489 3121 1752 1488 3122 1755 1492 3123 1754 1493 3124 1751 1489 3125 1759 1494 3126 1760 1495 3127 1758 1496 3128 1761 1497 3129 1757 1498 3130 1758 1496 3131 1764 1499 3132 1767 1500 3133 1763 1501 3134 1767 1500 3135 1766 1502 3136 1762 1503 3137 1768 1504 3138 1767 1500 3139 1764 1499 3140 1766 1502 3141 1768 1504 3142 1765 1505 3143 1772 1506 3144 1766 1502 3145 1769 1507 3146 1771 1508 3147 1773 1509 3148 1769 1507 3149 1773 1509 3150 1775 1510 3151 1772 1506 3152 1771 1508 3153 1775 1510 3154 1773 1509 3155 1776 1511 3156 1771 1508 3157 1770 1512 3158 1778 1513 3159 1780 1514 3160 1777 1515 3161 1779 1516 3162 1782 1517 3163 1778 1513 3164 1781 1518 3165 1779 1516 3166 1777 1515 3167 1780 1514 3168 1781 1518 3169 1777 1515 3170 1782 1517 3171 1780 1514 3172 1778 1513 3173 1783 1519 3174 1782 1517 3175 1779 1516 3176 1781 1518 3177 1783 1519 3178 1779 1516 3179 1785 1520 3180 1783 1519 3181 1781 1518 3182 1786 1521 3183 1780 1514 3184 1784 1522 3185 1787 1523 3186 1784 1522 3187 1785 1520 3188 1790 1524 3189 1789 1525 3190 1786 1521 3191 1787 1523 3192 1792 1526 3193 1784 1522 3194 1791 1527 3195 1787 1523 3196 1788 1528 3197 1792 1526 3198 1790 1524 3199 1786 1521 3200 1794 1529 3201 1792 1526 3202 1787 1523 3203 1791 1527 3204 1794 1529 3205 1787 1523 3206 1797 1530 3207 1793 1531 3208 1794 1529 3209 1795 1532 3210 1797 1530 3211 1794 1529 3212 1798 1533 3213 1795 1532 3214 1796 1534 3215 1793 1531 3216 1801 1535 3217 1798 1533 3218 1800 1536 3219 1797 1530 3220 1795 1532 3221 1797 1530 3222 1799 1537 3223 1793 1531 3224 1801 1535 3225 1800 1536 3226 1798 1533 3227 1799 1537 3228 1802 1538 3229 1801 1535 3230 1801 1535 3231 1806 1539 3232 1800 1536 3233 1804 1540 3234 1806 1539 3235 1801 1535 3236 1805 1541 3237 1802 1538 3238 1803 1542 3239 1806 1539 3240 1805 1541 3241 1803 1542 3242 1809 1543 3243 1810 1544 3244 1808 1545 3245 1812 1546 3246 1816 1547 3247 1810 1544 3248 1816 1547 3249 1815 1548 3250 1810 1544 3251 1817 1549 3252 1816 1547 3253 1812 1546 3254 1819 1550 3255 1814 1551 3256 1815 1548 3257 1814 1551 3258 1820 1552 3259 1813 1553 3260 1821 1554 3261 1818 1555 3262 1816 1547 3263 1817 1549 3264 1821 1554 3265 1816 1547 3266 1820 1552 3267 1824 1556 3268 1817 1549 3269 1822 1557 3270 1824 1556 3271 1820 1552 3272 1818 1555 3273 1823 1558 3274 1819 1550 3275 1822 1557 3276 1825 1559 3277 1824 1556 3278 1823 1558 3279 1826 1560 3280 1822 1557 3281 1827 1561 3282 1823 1558 3283 1824 1556 3284 1828 1562 3285 1827 1561 3286 1825 1559 3287 1828 1562 3288 1831 1563 3289 1827 1561 3290 1831 1563 3291 1833 1564 3292 1830 1565 3293 1832 1566 3294 1834 1567 3295 1828 1562 3296 1832 1566 3297 1828 1562 3298 1829 1568 3299 1838 1569 3300 1837 1570 3301 1835 1571 3302 1840 1572 3303 1838 1569 3304 1835 1571 3305 1836 1573 3306 1840 1572 3307 1835 1571 3308 1841 1574 3309 1839 1575 3310 1837 1570 3311 1843 1576 3312 1840 1572 3313 1836 1573 3314 1839 1575 3315 1843 1576 3316 1842 1577 3317 1847 1578 3318 1841 1574 3319 1838 1569 3320 1847 1578 3321 1846 1579 3322 1841 1574 3323 1849 1580 3324 1847 1578 3325 1845 1581 3326 1846 1579 3327 1848 1582 3328 1844 1583 3329 1850 1584 3330 1852 1585 3331 1848 1582 3332 1851 1586 3333 1850 1584 3334 1849 1580 3335 1854 1587 3336 1853 1588 3337 1851 1586 3338 1856 1589 3339 1852 1585 3340 1850 1584 3341 1858 1590 3342 1857 1591 3343 1854 1587 3344 1859 1592 3345 1858 1590 3346 1855 1593 3347 1866 1594 3348 1865 1595 3349 1860 1596 3350 1861 1597 3351 1866 1594 3352 1860 1596 3353 1863 1598 3354 1867 1599 3355 1862 1600 3356 1868 1601 3357 1863 1598 3358 1864 1602 3359 1869 1603 3360 1867 1599 3361 1863 1598 3362 1868 1601 3363 1869 1603 3364 1863 1598 3365 1870 1604 3366 1866 1594 3367 1861 1597 3368 1867 1599 3369 1870 1604 3370 1861 1597 3371 1871 1605 3372 1868 1601 3373 1865 1595 3374 1872 1606 3375 1867 1599 3376 1869 1603 3377 1868 1601 3378 1872 1606 3379 1869 1603 3380 1872 1606 3381 1873 1607 3382 1867 1599 3383 1874 1608 3384 1872 1606 3385 1868 1601 3386 1870 1604 3387 1875 1609 3388 1866 1594 3389 1876 1610 3390 1875 1609 3391 1870 1604 3392 1873 1607 3393 1876 1610 3394 1870 1604 3395 1875 1609 3396 1880 1611 3397 1871 1605 3398 1877 1612 3399 1876 1610 3400 1873 1607 3401 1881 1613 3402 1882 1614 3403 1875 1609 3404 1886 1615 3405 1882 1614 3406 1881 1613 3407 1879 1616 3408 1884 1617 3409 1878 1618 3410 1887 1619 3411 1883 1620 3412 1884 1617 3413 1885 1621 3414 1887 1619 3415 1884 1617 3416 1886 1615 3417 1888 1622 3418 1885 1621 3419 1891 1623 3420 1883 1620 3421 1887 1619 3422 1891 1623 3423 1889 1624 3424 1883 1620 3425 1892 1625 3426 1894 1626 3427 1888 1622 3428 1892 1625 3429 1888 1622 3430 1889 1624 3431 1890 1627 3432 1894 1626 3433 1891 1623 3434 1901 1628 3435 1896 1629 3436 1897 1630 3437 1898 1631 3438 1903 1632 3439 1897 1630 3440 1902 1633 3441 1900 1634 3442 1896 1629 3443 1903 1632 3444 1901 1628 3445 1897 1630 3446 1903 1632 3447 1908 1635 3448 1901 1628 3449 1904 1636 3450 1909 1637 3451 1903 1632 3452 1910 1638 3453 1909 1637 3454 1904 1636 3455 1905 1639 3456 1910 1638 3457 1904 1636 3458 1906 1640 3459 1911 1641 3460 1905 1639 3461 1912 1642 3462 1908 1635 3463 1909 1637 3464 1913 1643 3465 1912 1642 3466 1910 1638 3467 1911 1641 3468 1913 1643 3469 1910 1638 3470 1915 1644 3471 1907 1645 3472 1908 1635 3473 1916 1646 3474 1913 1643 3475 1911 1641 3476 1917 1647 3477 1916 1646 3478 1914 1648 3479 1918 1649 3480 1917 1647 3481 1915 1644 3482 1924 1650 3483 1920 1651 3484 1921 1652 3485 1922 1653 3486 1926 1654 3487 1921 1652 3488 1923 1655 3489 1922 1653 3490 1919 1656 3491 1925 1657 3492 1923 1655 3493 1920 1651 3494 1926 1654 3495 1924 1650 3496 1921 1652 3497 1924 1650 3498 1929 1658 3499 1925 1657 3500 1928 1659 3501 1929 1658 3502 1924 1650 3503 1932 1660 3504 1933 1661 3505 1931 1662 3506 1935 1663 3507 1934 1664 3508 1930 1665 3509 1936 1666 3510 1935 1663 3511 1931 1662 3512 1933 1661 3513 1936 1666 3514 1931 1662 3515 1934 1664 3516 1937 1667 3517 1932 1660 3518 1939 1668 3519 1938 1669 3520 1933 1661 3521 1939 1668 3522 1933 1661 3523 1937 1667 3524 1942 1670 3525 1947 1671 3526 1941 1672 3527 1949 1673 3528 1944 1674 3529 1945 1675 3530 1947 1671 3531 1952 1676 3532 1946 1677 3533 1948 1678 3534 1950 1679 3535 1942 1670 3536 1951 1680 3537 1948 1678 3538 1944 1674 3539 1952 1676 3540 1949 1673 3541 1946 1677 3542 1956 1681 3543 1951 1680 3544 1949 1673 3545 1958 1682 3546 1953 1683 3547 1954 1684 3548 1956 1681 3549 1959 1685 3550 1951 1680 3551 1961 1686 3552 1958 1682 3553 1955 1687 3554 1959 1685 3555 1961 1686 3556 1955 1687 3557 1959 1685 3558 1966 1688 3559 1961 1686 3560 1967 1689 3561 1959 1685 3562 1962 1690 3563 1969 1691 3564 1966 1688 3565 1959 1685 3566 1969 1691 3567 1972 1692 3568 1966 1688 3569 1975 1693 3570 1970 1694 3571 1971 1695 3572 1969 1691 3573 1976 1696 3574 1972 1692 3575 1979 1697 3576 1978 1698 3577 1970 1694 3578 1975 1693 3579 1979 1697 3580 1970 1694 3581 1985 1699 3582 1980 1700 3583 1977 1701 3584 1985 1699 3585 1983 1702 3586 1980 1700 3587 1984 1703 3588 1986 1704 3589 1985 1699 3590 1990 1705 3591 1981 1706 3592 1982 1707 3593 1986 1704 3594 1988 1708 3595 1985 1699 3596 1990 1705 3597 1989 1709 3598 1981 1706 3599 1993 1710 3600 1988 1708 3601 1986 1704 3602 1995 1711 3603 1997 1712 3604 1994 1713 3605 1996 1714 3606 1995 1711 3607 1991 1715 3608 2006 1716 3609 2000 1717 3610 2001 1718 3611 2003 1719 3612 2008 1720 3613 2002 1721 3614 2007 1722 3615 2005 1723 3616 2000 1717 3617 2008 1720 3618 2006 1716 3619 2002 1721 3620 2009 1724 3621 2008 1720 3622 2003 1719 3623 2004 1725 3624 2009 1724 3625 2003 1719 3626 2007 1722 3627 2010 1726 3628 2005 1723 3629 2011 1727 3630 2007 1722 3631 2006 1716 3632 2012 1728 3633 2009 1724 3634 2004 1725 3635 2010 1726 3636 2012 1728 3637 2004 1725 3638 2011 1727 3639 2013 1729 3640 2007 1722 3641 2014 1730 3642 2011 1727 3643 2008 1720 3644 2016 1731 3645 2012 1728 3646 2010 1726 3647 2014 1730 3648 2018 1732 3649 2011 1727 3650 2015 1733 3651 2020 1734 3652 2014 1730 3653 2019 1735 3654 2015 1733 3655 2012 1728 3656 2016 1731 3657 2023 1736 3658 2019 1735 3659 2024 1737 3660 2018 1732 3661 2020 1734 3662 2025 1738 3663 2024 1737 3664 2021 1739 3665 2023 1736 3666 2025 1738 3667 2021 1739 3668 2025 1738 3669 2032 1740 3670 2024 1737 3671 2032 1740 3672 2034 1741 3673 2028 1742 3674 2034 1741 3675 2035 1743 3676 2031 1744 3677 2036 1745 3678 2033 1746 3679 2029 1747 3680 2035 1743 3681 2036 1745 3682 2030 1748 3683 2037 1749 3684 2035 1743 3685 2034 1741 3686 2044 1750 3687 2042 1751 3688 2043 1752 3689 2045 1753 3690 2044 1750 3691 2038 1754 3692 2039 1755 3693 2045 1753 3694 2038 1754 3695 2046 1756 3696 2039 1755 3697 2040 1757 3698 2044 1750 3699 2048 1758 3700 2042 1751 3701 2049 1759 3702 2045 1753 3703 2039 1755 3704 2046 1756 3705 2049 1759 3706 2039 1755 3707 2050 1760 3708 2044 1750 3709 2045 1753 3710 2050 1760 3711 2052 1761 3712 2044 1750 3713 2052 1761 3714 2048 1758 3715 2044 1750 3716 2053 1762 3717 2051 1763 3718 2047 1764 3719 2052 1761 3720 2054 1765 3721 2048 1758 3722 2055 1766 3723 2050 1760 3724 2049 1759 3725 2051 1763 3726 2055 1766 3727 2049 1759 3728 2056 1767 3729 2052 1761 3730 2050 1760 3731 2053 1762 3732 2057 1768 3733 2051 1763 3734 2056 1767 3735 2054 1765 3736 2052 1761 3737 2058 1769 3738 2064 1770 3739 2063 1771 3740 2064 1770 3741 2069 1772 3742 2062 1773 3743 2070 1774 3744 2064 1770 3745 2065 1775 3746 2068 1776 3747 2071 1777 3748 2067 1778 3749 2071 1777 3750 2070 1774 3751 2066 1779 3752 2072 1780 3753 2071 1777 3754 2068 1776 3755 2078 1781 3756 2077 1782 3757 2073 1783 3758 2075 1784 3759 2079 1785 3760 2074 1786 3761 2081 1787 3762 2078 1781 3763 2073 1783 3764 2079 1785 3765 2081 1787 3766 2073 1783 3767 2080 1788 3768 2082 1789 3769 2075 1784 3770 2083 1790 3771 2080 1788 3772 2077 1782 3773 2082 1789 3774 2084 1791 3775 2079 1785 3776 2085 1792 3777 2080 1788 3778 2083 1790 3779 2088 1793 3780 2084 1791 3781 2082 1789 3782 2086 1794 3783 2093 1795 3784 2090 1796 3785 2091 1797 3786 2087 1798 3787 2084 1791 3788 2092 1799 3789 2088 1793 3790 2089 1800 3791 2091 1797 3792 2095 1801 3793 2087 1798 3794 2096 1802 3795 2091 1797 3796 2088 1793 3797 2097 1803 3798 2094 1804 3799 2095 1801 3800 2098 1805 3801 2097 1803 3802 2091 1797 3803 2096 1802 3804 2098 1805 3805 2091 1797 3806 2100 1806 3807 2096 1802 3808 2092 1799 3809 2098 1805 3810 2099 1807 3811 2097 1803 3812 2100 1806 3813 2098 1805 3814 2096 1802 3815 2103 1808 3816 2105 1809 3817 2102 1810 3818 2107 1811 3819 2106 1812 3820 2101 1813 3821 2108 1814 3822 2104 1815 3823 2102 1810 3824 2105 1809 3825 2108 1814 3826 2102 1810 3827 2106 1812 3828 2109 1816 3829 2103 1808 3830 2107 1811 3831 2110 1817 3832 2106 1812 3833 2112 1818 3834 2108 1814 3835 2105 1809 3836 2110 1817 3837 2109 1816 3838 2106 1812 3839 2113 1819 3840 2112 1818 3841 2109 1816 3842 2111 1820 3843 2114 1821 3844 2110 1817 3845 2114 1821 3846 2113 1819 3847 2110 1817 3848 2116 1822 3849 2114 1821 3850 2111 1820 3851 2114 1821 3852 2118 1823 3853 2113 1819 3854 2120 1824 3855 2116 1822 3856 2117 1825 3857 2119 1826 3858 2121 1827 3859 2118 1823 3860 2124 1828 3861 2127 1829 3862 2123 1830 3863 2128 1831 3864 2125 1832 3865 2122 1833 3866 2129 1834 3867 2128 1831 3868 2122 1833 3869 2126 1835 3870 2129 1834 3871 2122 1833 3872 2125 1832 3873 2127 1829 3874 2124 1828 3875 2129 1834 3876 2134 1836 3877 2128 1831 3878 2132 1837 3879 2127 1829 3880 2125 1832 3881 2130 1838 3882 2133 1839 3883 2129 1834 3884 2134 1836 3885 2131 1840 3886 2132 1837 3887 2135 1841 3888 2134 1836 3889 2133 1839 3890 2134 1836 3891 2137 1842 3892 2131 1840 3893 2137 1842 3894 2139 1843 3895 2136 1844 3896 2138 1845 3897 2140 1846 3898 2135 1841 3899 2143 1847 3900 2146 1848 3901 2142 1849 3902 2147 1850 3903 2144 1851 3904 2141 1852 3905 2148 1853 3906 2145 1854 3907 2142 1849 3908 2146 1848 3909 2148 1853 3910 2142 1849 3911 2147 1850 3912 2152 1855 3913 2144 1851 3914 2151 1856 3915 2146 1848 3916 2143 1847 3917 2151 1856 3918 2153 1857 3919 2146 1848 3920 2153 1857 3921 2155 1858 3922 2150 1859 3923 2154 1860 3924 2151 1856 3925 2152 1855 3926 2158 1861 3927 2155 1858 3928 2153 1857 3929 2162 1862 3930 2157 1863 3931 2158 1861 3932 2161 1864 3933 2160 1865 3934 2159 1866 3935 2165 1867 3936 2167 1868 3937 2164 1869 3938 2169 1870 3939 2168 1871 3940 2163 1872 3941 2170 1873 3942 2166 1874 3943 2164 1869 3944 2167 1868 3945 2170 1873 3946 2164 1869 3947 2168 1871 3948 2171 1875 3949 2165 1867 3950 2166 1874 3951 2174 1876 3952 2169 1870 3953 2173 1877 3954 2172 1878 3955 2167 1868 3956 2173 1877 3957 2167 1868 3958 2171 1875 3959 2179 1879 3960 2175 1880 3961 2176 1881 3962 2180 1882 3963 2179 1879 3964 2176 1881 3965 2180 1882 3966 2176 1881 3967 2177 1883 3968 2178 1884 3969 2180 1882 3970 2177 1883 3971 2185 1885 3972 2181 1886 3973 2182 1887 3974 2184 1888 3975 2183 1889 3976 2181 1886 3977 2186 1890 3978 2185 1885 3979 2182 1887 3980 2186 1890 3981 2182 1887 3982 2183 1889 3983 2190 1891 3984 2189 1892 3985 2187 1893 3986 2190 1891 3987 2191 1894 3988 2189 1892 3989 2192 1895 3990 2190 1891 3991 2188 1896 3992 2191 1894 3993 2192 1895 3994 2188 1896 3995 2194 1897 3996 2196 1898 3997 2193 1899 3998 2196 1898 3999 2198 1900 4000 2193 1899 4001 2200 1901 4002 2202 1902 4003 2199 1903 4004 2199 1903 4005 2204 1904 4006 2201 1905 4007 2202 1902 4008 2204 1904 4009 2199 1903 4010 2205 1906 4011 2202 1902 4012 2200 1901 4013 2203 1907 4014 2205 1906 4015 2200 1901 4016 2204 1904 4017 2203 1907 4018 2201 1905 4019 2208 1908 4020 2212 1909 4021 2207 1910 4022 2214 1911 4023 2210 1912 4024 2211 1913 4025 2215 1914 4026 2214 1911 4027 2206 1915 4028 2212 1909 4029 2215 1914 4030 2206 1915 4031 2213 1916 4032 2216 1917 4033 2208 1908 4034 2217 1918 4035 2213 1916 4036 2210 1912 4037 2218 1919 4038 2223 1920 4039 2214 1911 4040 2219 1921 4041 2218 1919 4042 2212 1909 4043 2222 1922 4044 2225 1923 4045 2221 1924 4046 2225 1923 4047 2228 1925 4048 2220 1926 4049 2227 1927 4050 2229 1928 4051 2224 1929 4052 2234 1930 4053 2229 1928 4054 2227 1927 4055 2230 1931 4056 2234 1930 4057 2227 1927 4058 2236 1932 4059 2234 1930 4060 2230 1931 4061 2239 1933 4062 2236 1932 4063 2231 1934 4064 2237 1935 4065 2240 1936 4066 2232 1937 4067 2238 1938 4068 2241 1939 4069 2235 1940 4070 2242 1941 4071 2238 1938 4072 2236 1932 4073 2244 1942 4074 2241 1939 4075 2238 1938 4076 2242 1941 4077 2244 1942 4078 2238 1938 4079 2245 1943 4080 2246 1944 4081 2239 1933 4082 2247 1945 4083 2243 1946 4084 2241 1939 4085 2247 1945 4086 2251 1947 4087 2243 1946 4088 2250 1948 4089 2246 1944 4090 2245 1943 4091 2250 1948 4092 2252 1949 4093 2246 1944 4094 2253 1950 4095 2251 1947 4096 2247 1945 4097 2252 1949 4098 2255 1951 4099 2249 1952 4100 2257 1953 4101 2255 1951 4102 2252 1949 4103 2262 1954 4104 2257 1953 4105 2256 1955 4106 2258 1956 4107 2262 1954 4108 2256 1955 4109 2263 1957 4110 2259 1958 4111 2260 1959 4112 2262 1954 4113 2264 1960 4114 2257 1953 4115 2264 1960 4116 2263 1957 4117 2261 1961 4118 2265 1962 4119 2264 1960 4120 2262 1954 4121 2273 1963 4122 2267 1964 4123 2268 1965 4124 2271 1966 4125 2274 1967 4126 2270 1968 4127 2272 1969 4128 2277 1970 4129 2271 1966 4130 2275 1971 4131 2272 1969 4132 2267 1964 4133 2276 1972 4134 2273 1963 4135 2269 1973 4136 2274 1967 4137 2276 1972 4138 2269 1973 4139 2277 1970 4140 2282 1974 4141 2274 1967 4142 2283 1975 4143 2282 1974 4144 2277 1970 4145 2284 1976 4146 2283 1975 4147 2278 1977 4148 2289 1978 4149 2288 1979 4150 2283 1975 4151 2291 1980 4152 2287 1981 4153 2288 1979 4154 2289 1978 4155 2291 1980 4156 2288 1979 4157 2292 1982 4158 2289 1978 4159 2284 1976 4160 2293 1983 4161 2290 1984 4162 2286 1985 4163 2291 1980 4164 2294 1986 4165 2287 1981 4166 2295 1987 4167 2291 1980 4168 2289 1978 4169 2298 1988 4170 2293 1983 4171 2294 1986 4172 2300 1989 4173 2303 1990 4174 2297 1991 4175 2304 1992 4176 2306 1993 4177 2300 1989 4178 2302 1994 4179 2307 1995 4180 2301 1996 4181 2314 1997 4182 2313 1998 4183 2309 1999 4184 2311 2000 4185 2315 2001 4186 2310 2002 4187 2317 2003 4188 2314 1997 4189 2309 1999 4190 2315 2001 4191 2317 2003 4192 2309 1999 4193 2316 2004 4194 2318 2005 4195 2311 2000 4196 2319 2006 4197 2316 2004 4198 2313 1998 4199 2316 2004 4200 2322 2007 4201 2318 2005 4202 2323 2008 4203 2316 2004 4204 2319 2006 4205 2325 2009 4206 2322 2007 4207 2316 2004 4208 2323 2008 4209 2325 2009 4210 2316 2004 4211 2324 2010 4212 2326 2011 4213 2320 2012 4214 2327 2013 4215 2324 2010 4216 2321 2014 4217 2327 2013 4218 2330 2015 4219 2324 2010 4220 2331 2016 4221 2328 2017 4222 2325 2009 4223 2333 2018 4224 2327 2013 4225 2328 2017 4226 2331 2016 4227 2333 2018 4228 2328 2017 4229 2330 2015 4230 2332 2019 4231 2326 2011 4232 2333 2018 4233 2330 2015 4234 2327 2013 4235 2333 2018 4236 2335 2020 4237 2330 2015 4238 2336 2021 4239 2337 2022 4240 2333 2018 4241 2339 2023 4242 2336 2021 4243 2334 2024 4244 2334 2024 4245 2340 2025 4246 2339 2023 4247 2341 2026 4248 2335 2020 4249 2337 2022 4250 2343 2027 4251 2341 2026 4252 2338 2028 4253 2343 2027 4254 2342 2029 4255 2341 2026 4256 2344 2030 4257 2343 2027 4258 2339 2023 4259 2347 2031 4260 2350 2032 4261 2346 2033 4262 2352 2034 4263 2349 2035 4264 2346 2033 4265 2350 2032 4266 2352 2034 4267 2346 2033 4268 2351 2036 4269 2353 2037 4270 2347 2031 4271 2349 2035 4272 2354 2038 4273 2348 2039 4274 2355 2040 4275 2359 2041 4276 2349 2035 4277 2361 2042 4278 2354 2038 4279 2359 2041 4280 2363 2043 4281 2362 2044 4282 2354 2038 4283 2364 2045 4284 2361 2042 4285 2360 2046 4286 2362 2044 4287 2366 2047 4288 2357 2048 4289 2361 2042 4290 2369 2049 4291 2363 2043 4292 2368 2050 4293 2365 2051 4294 2366 2047 4295 2368 2050 4296 2367 2052 4297 2365 2051 4298 2369 2049 4299 2368 2050 4300 2362 2044 4301 2375 2053 4302 2372 2054 4303 2373 2055 4304 2370 2056 4305 2378 2057 4306 2373 2055 4307 2374 2058 4308 2376 2059 4309 2371 2060 4310 2377 2061 4311 2374 2058 4312 2372 2054 4313 2378 2057 4314 2375 2053 4315 2373 2055 4316 2374 2058 4317 2380 2062 4318 2376 2059 4319 2384 2063 4320 2383 2064 4321 2379 2065 4322 2384 2063 4323 2392 2066 4324 2383 2064 4325 2387 2067 4326 2386 2068 4327 2382 2069 4328 2389 2070 4329 2384 2063 4330 2385 2071 4331 2384 2063 4332 2390 2072 4333 2392 2066 4334 2395 2073 4335 2389 2070 4336 2386 2068 4337 2393 2074 4338 2392 2066 4339 2390 2072 4340 2398 2075 4341 2400 2076 4342 2397 2077 4343 2402 2078 4344 2401 2079 4345 2396 2080 4346 2403 2081 4347 2399 2082 4348 2397 2077 4349 2400 2076 4350 2403 2081 4351 2397 2077 4352 2401 2079 4353 2404 2083 4354 2398 2075 4355 2405 2084 4356 2407 2085 4357 2399 2082 4358 2404 2083 4359 2408 2086 4360 2400 2076 4361 2409 2087 4362 2404 2083 4363 2401 2079 4364 2415 2088 4365 2414 2089 4366 2412 2090 4367 2414 2089 4368 2417 2091 4369 2411 2092 4370 2417 2091 4371 2419 2093 4372 2416 2094 4373 2418 2095 4374 2420 2096 4375 2415 2088 4376 2423 2097 4377 2426 2098 4378 2422 2099 4379 2425 2100 4380 2427 2101 4381 2421 2102 4382 2426 2098 4383 2424 2103 4384 2422 2099 4385 2428 2104 4386 2425 2100 4387 2424 2103 4388 2428 2104 4389 2424 2103 4390 2426 2098 4391 2427 2101 4392 2429 2105 4393 2426 2098 4394 2428 2104 4395 2430 2106 4396 2425 2100 4397 2431 2107 4398 2428 2104 4399 2429 2105 4400 2432 2108 4401 2429 2105 4402 2425 2100 4403 2434 2109 4404 2431 2107 4405 2432 2108 4406 2434 2109 4407 2433 2110 4408 2431 2107 4409 2435 2111 4410 2434 2109 4411 2432 2108 4412 2441 2112 4413 2437 2113 4414 2438 2114 4415 2439 2115 4416 2444 2116 4417 2438 2114 4418 2440 2117 4419 2442 2118 4420 2436 2119 4421 2443 2120 4422 2440 2117 4423 2437 2113 4424 2444 2116 4425 2441 2112 4426 2438 2114 4427 2445 2121 4428 2439 2115 4429 2442 2118 4430 2441 2112 4431 2447 2122 4432 2443 2120 4433 2446 2123 4434 2447 2122 4435 2441 2112 4436 2453 2124 4437 2449 2125 4438 2450 2126 4439 2451 2127 4440 2456 2128 4441 2450 2126 4442 2452 2129 4443 2454 2130 4444 2448 2131 4445 2455 2132 4446 2452 2129 4447 2449 2125 4448 2456 2128 4449 2453 2124 4450 2450 2126 4451 2457 2133 4452 2451 2127 4453 2454 2130 4454 2453 2124 4455 2459 2134 4456 2455 2132 4457 2458 2135 4458 2459 2134 4459 2453 2124 4460 2465 2136 4461 2461 2137 4462 2462 2138 4463 2463 2139 4464 2468 2140 4465 2462 2138 4466 2464 2141 4467 2466 2142 4468 2460 2143 4469 2467 2144 4470 2464 2141 4471 2461 2137 4472 2468 2140 4473 2465 2136 4474 2462 2138 4475 2469 2145 4476 2463 2139 4477 2466 2142 4478 2465 2136 4479 2470 2146 4480 2467 2144 4481 2470 2146 4482 2469 2145 4483 2464 2141 4484 2471 2147 4485 2470 2146 4486 2465 2136 4487 2474 2148 4488 2476 2149 4489 2473 2150 4490 2477 2151 4491 2476 2149 4492 2474 2148 4493 2475 2152 4494 2477 2151 4495 2474 2148 4496 2481 2153 4497 2478 2154 4498 2479 2155 4499 2483 2156 4500 2480 2157 4501 2478 2154 4502 2483 2156 4503 2482 2158 4504 2480 2157 4505 2487 2159 4506 2489 2160 4507 2486 2161 4508 2488 2162 4509 2487 2159 4510 2484 2163 4511 2491 2164 4512 2495 2165 4513 2490 2166 4514 2496 2167 4515 2494 2168 4516 2490 2166 4517 2495 2165 4518 2496 2167 4519 2490 2166 4520 2497 2169 4521 2491 2164 4522 2492 2170 4523 2498 2171 4524 2495 2165 4525 2491 2164 4526 2494 2168 4527 2499 2172 4528 2493 2173 4529 2500 2174 4530 2499 2172 4531 2494 2168 4532 2495 2165 4533 2501 2175 4534 2496 2167 4535 2503 2176 4536 2497 2169 4537 2499 2172 4538 2500 2174 4539 2503 2176 4540 2499 2172 4541 2504 2177 4542 2501 2175 4543 2495 2165 4544 2502 2178 4545 2504 2177 4546 2495 2165 4547 2503 2176 4548 2505 2179 4549 2497 2169 4550 2504 2177 4551 2506 2180 4552 2501 2175 4553 2507 2181 4554 2504 2177 4555 2502 2178 4556 2507 2181 4557 2506 2180 4558 2504 2177 4559 2508 2182 4560 2507 2181 4561 2505 2179 4562 2515 2183 4563 2511 2184 4564 2509 2185 4565 2513 2186 4566 2514 2187 4567 2510 2188 4568 2515 2183 4569 2513 2186 4570 2511 2184 4571 2516 2189 4572 2515 2183 4573 2509 2185 4574 2518 2190 4575 2516 2189 4576 2512 2191 4577 2518 2190 4578 2512 2191 4579 2514 2187 4580 2515 2183 4581 2519 2192 4582 2513 2186 4583 2518 2190 4584 2521 2193 4585 2516 2189 4586 2522 2194 4587 2518 2190 4588 2519 2192 4589 2525 2195 4590 2522 2194 4591 2520 2196 4592 2523 2197 4593 2525 2195 4594 2520 2196 4595 2524 2198 4596 2523 2197 4597 2521 2193 4598 2526 2199 4599 2529 2200 4600 2528 2201 4601 2531 2202 4602 2529 2200 4603 2526 2199 4604 2531 2202 4605 2526 2199 4606 2527 2203 4607 2529 2200 4608 2530 2204 4609 2528 2201 4610 2536 2205 4611 2534 2206 4612 2532 2207 4613 2537 2208 4614 2536 2205 4615 2532 2207 4616 2535 2209 4617 2538 2210 4618 2533 2211 4619 2537 2208 4620 2539 2212 4621 2536 2205 4622 2538 2210 4623 2540 2213 4624 2537 2208 4625 2541 2214 4626 2543 2215 4627 2540 2213 4628 2544 2216 4629 2543 2215 4630 2541 2214 4631 2547 2217 4632 2543 2215 4633 2544 2216 4634 2548 2218 4635 2549 2219 4636 2545 2220 4637 2548 2218 4638 2545 2220 4639 2543 2215 4640 2550 2221 4641 2548 2218 4642 2547 2217 4643 2549 2219 4644 2551 2222 4645 2547 2217 4646 2550 2221 4647 2552 2223 4648 2548 2218 4649 2552 2223 4650 2551 2222 4651 2548 2218 4652 2554 2224 4653 2550 2221 4654 2551 2222 4655 2553 2225 4656 2555 2226 4657 2552 2223 4658 2556 2227 4659 2558 2228 4660 2555 2226 4661 2555 2226 4662 2558 2228 4663 2554 2224 4664 2564 2229 4665 2561 2230 4666 2559 2231 4667 2563 2232 4668 2564 2229 4669 2559 2231 4670 2560 2233 4671 2563 2232 4672 2559 2231 4673 2564 2229 4674 2562 2234 4675 2561 2230 4676 2565 2235 4677 2563 2232 4678 2560 2233 4679 2562 2234 4680 2565 2235 4681 2560 2233 4682 2565 2235 4683 2566 2236 4684 2563 2232 4685 2567 2237 4686 2565 2235 4687 2562 2234 4688 2568 2238 4689 2566 2236 4690 2565 2235 4691 2567 2237 4692 2568 2238 4693 2565 2235 4694 2570 2239 4695 2572 2240 4696 2569 2241 4697 2573 2242 4698 2570 2239 4699 2571 2243 4700 2574 2244 4701 2571 2243 4702 2569 2241 4703 2577 2245 4704 2576 2246 4705 2573 2242 4706 2579 2247 4707 2581 2248 4708 2578 2249 4709 2584 2250 4710 2586 2251 4711 2581 2248 4712 2582 2252 4713 2585 2253 4714 2579 2247 4715 2583 2254 4716 2585 2253 4717 2582 2252 4718 2586 2251 4719 2583 2254 4720 2580 2255 4721 2587 2256 4722 2589 2257 4723 2585 2253 4724 2588 2258 4725 2587 2256 4726 2583 2254 4727 2591 2259 4728 2593 2260 4729 2590 2261 4730 2594 2262 4731 2593 2260 4732 2591 2259 4733 2596 2263 4734 2593 2260 4735 2594 2262 4736 2592 2264 4737 2596 2263 4738 2594 2262 4739 2596 2263 4740 2595 2265 4741 2593 2260 4742 2597 2266 4743 2596 2263 4744 2592 2264 4745 2599 2267 4746 2596 2263 4747 2597 2266 4748 2595 2265 4749 2600 2268 4750 2597 2266 4751 2597 2266 4752 2601 2269 4753 2599 2267 4754 2602 2270 4755 2600 2268 4756 2598 2271 4757 2602 2270 4758 2604 2272 4759 2600 2268 4760 2603 2273 4761 2602 2270 4762 2599 2267 4763 2610 2274 4764 2605 2275 4765 2606 2276 4766 2610 2274 4767 2609 2277 4768 2605 2275 4769 2611 2278 4770 2610 2274 4771 2606 2276 4772 2608 2279 4773 2611 2278 4774 2606 2276 4775 2609 2277 4776 2608 2279 4777 2607 2280 4778 2613 2281 4779 2612 2282 4780 2608 2279 4781 2614 2283 4782 2613 2281 4783 2609 2277 4784 2618 2284 4785 2617 2285 4786 2615 2286 4787 2616 2287 4788 2619 2288 4789 2615 2286 4790 2625 2289 4791 2623 2290 4792 2621 2291 4793 2624 2292 4794 2625 2289 4795 2621 2291 4796 2623 2290 4797 2626 2293 4798 2622 2294 4799 2627 2295 4800 2626 2293 4801 2623 2290 4802 2625 2289 4803 2627 2295 4804 2623 2290 4805 2624 2292 4806 2628 2296 4807 2625 2289 4808 2629 2297 4809 2624 2292 4810 2626 2293 4811 2629 2297 4812 2626 2293 4813 2627 2295 4814 2630 2298 4815 2628 2296 4816 2624 2292 4817 2628 2296 4818 2632 2299 4819 2627 2295 4820 2633 2300 4821 2638 2301 4822 2635 2302 4823 2637 2303 4824 2636 2304 4825 2634 2305 4826 2641 2306 4827 2642 2307 4828 2640 2308 4829 2642 2307 4830 2644 2309 4831 2640 2308 4832 2645 2310 4833 2641 2306 4834 2639 2311 4835 2644 2309 4836 2648 2312 4837 2643 2313 4838 2647 2314 4839 2648 2312 4840 2644 2309 4841 2653 2315 4842 2650 2316 4843 2651 2317 4844 2656 2318 4845 2658 2319 4846 2655 2320 4847 2658 2319 4848 2660 2321 4849 2655 2320 4850 2659 2322 4851 2658 2319 4852 2656 2318 4853 2663 2323 4854 2659 2322 4855 2660 2321 4856 2661 2324 4857 2662 2325 4858 2658 2319 4859 2662 2325 4860 2664 2326 4861 2663 2323 4862 2666 2327 4863 2665 2328 4864 2661 2324 4865 2667 2329 4866 2666 2327 4867 2661 2324 4868 2664 2326 4869 2667 2329 4870 2661 2324 4871 2667 2329 4872 2670 2330 4873 2666 2327 4874 2670 2330 4875 2669 2331 4876 2666 2327 4877 2668 2332 4878 2671 2333 4879 2667 2329 4880 2670 2330 4881 2675 2334 4882 2669 2331 4883 2671 2333 4884 2672 2335 4885 2670 2330 4886 2673 2336 4887 2671 2333 4888 2668 2332 4889 2675 2334 4890 2668 2332 4891 2669 2331 4892 2675 2334 4893 2677 2337 4894 2673 2336 4895 2676 2338 4896 2678 2339 4897 2674 2340 4898 2676 2338 4899 2674 2340 4900 2672 2335 4901 2682 2341 4902 2681 2342 4903 2679 2343 4904 2683 2344 4905 2684 2345 4906 2680 2346 4907 2685 2347 4908 2683 2344 4909 2681 2342 4910 2686 2348 4911 2682 2341 4912 2679 2343 4913 2680 2346 4914 2686 2348 4915 2679 2343 4916 2684 2345 4917 2686 2348 4918 2680 2346 4919 2682 2341 4920 2689 2349 4921 2685 2347 4922 2688 2350 4923 2686 2348 4924 2684 2345 4925 2687 2351 4926 2689 2349 4927 2682 2341 4928 2689 2349 4929 2688 2350 4930 2683 2344 4931 2693 2352 4932 2692 2353 4933 2690 2354 4934 2695 2355 4935 2696 2356 4936 2691 2357 4937 2693 2352 4938 2698 2358 4939 2692 2353 4940 2697 2359 4941 2700 2360 4942 2693 2352 4943 2701 2361 4944 2694 2362 4945 2696 2356 4946 2706 2363 4947 2705 2364 4948 2700 2360 4949 2707 2365 4950 2702 2366 4951 2703 2367 4952 2708 2368 4953 2706 2363 4954 2702 2366 4955 2707 2365 4956 2708 2368 4957 2702 2366 4958 2708 2368 4959 2709 2369 4960 2705 2364 4961 2705 2364 4962 2709 2369 4963 2704 2370 4964 2712 2371 4965 2714 2372 4966 2711 2373 4967 2718 2374 4968 2715 2375 4969 2710 2376 4970 2714 2372 4971 2713 2377 4972 2711 2373 4973 2715 2375 4974 2714 2372 4975 2712 2371 4976 2713 2377 4977 2716 2378 4978 2718 2374 4979 2717 2379 4980 2716 2378 4981 2714 2372 4982 2720 2380 4983 2722 2381 4984 2719 2382 4985 2724 2383 4986 2723 2384 4987 2719 2382 4988 2722 2381 4989 2724 2383 4990 2719 2382 4991 2726 2385 4992 2725 2386 4993 2721 2387 4994 2723 2384 4995 2728 2388 4996 2726 2385 4997 2729 2389 4998 2724 2383 4999 2722 2381 5000 2728 2388 5001 2730 2390 5002 2727 2391 5003 2730 2390 5004 2732 2392 5005 2729 2389 5006 2733 2393 5007 2732 2392 5008 2728 2388 5009 2739 2394 5010 2735 2395 5011 2736 2396 5012 2737 2397 5013 2740 2398 5014 2736 2396 5015 2738 2399 5016 2737 2397 5017 2734 2400 5018 2739 2394 5019 2738 2399 5020 2735 2395 5021 2740 2398 5022 2739 2394 5023 2736 2396 5024 2742 2401 5025 2741 2402 5026 2738 2399 5027 2743 2403 5028 2742 2401 5029 2739 2394 5030 2749 2404 5031 2745 2405 5032 2746 2406 5033 2749 2404 5034 2748 2407 5035 2745 2405 5036 2750 2408 5037 2749 2404 5038 2746 2406 5039 2752 2409 5040 2756 2410 5041 2751 2411 5042 2757 2412 5043 2754 2413 5044 2755 2414 5045 2758 2415 5046 2757 2412 5047 2751 2411 5048 2756 2410 5049 2758 2415 5050 2751 2411 5051 2759 2416 5052 2753 2417 5053 2754 2413 5054 2760 2418 5055 2756 2410 5056 2752 2409 5057 2761 2419 5058 2765 2420 5059 2760 2418 5060 2769 2421 5061 2770 2422 5062 2765 2420 5063 2771 2423 5064 2768 2424 5065 2766 2425 5066 2771 2423 5067 2776 2426 5068 2768 2424 5069 2777 2427 5070 2772 2428 5071 2773 2429 5072 2776 2426 5073 2778 2430 5074 2775 2431 5075 2779 2432 5076 2777 2427 5077 2774 2433 5078 2778 2430 5079 2779 2432 5080 2774 2433 5081 2777 2427 5082 2781 2434 5083 2772 2428 5084 2782 2435 5085 2778 2430 5086 2776 2426 5087 2781 2434 5088 2785 2436 5089 2780 2437 5090 2784 2438 5091 2785 2436 5092 2781 2434 5093 2792 2439 5094 2787 2440 5095 2788 2441 5096 2793 2442 5097 2791 2443 5098 2787 2440 5099 2789 2444 5100 2794 2445 5101 2788 2441 5102 2795 2446 5103 2794 2445 5104 2789 2444 5105 2802 2447 5106 2801 2448 5107 2797 2449 5108 2798 2450 5109 2802 2447 5110 2797 2449 5111 2799 2451 5112 2803 2452 5113 2798 2450 5114 2804 2453 5115 2799 2451 5116 2796 2454 5117 2804 2453 5118 2803 2452 5119 2799 2451 5120 2809 2455 5121 2807 2456 5122 2808 2457 5123 2805 2458 5124 2812 2459 5125 2808 2457 5126 2806 2460 5127 2810 2461 5128 2805 2458 5129 2811 2462 5130 2806 2460 5131 2807 2456 5132 2812 2459 5133 2809 2455 5134 2808 2457 5135 2810 2461 5136 2813 2463 5137 2805 2458 5138 2814 2464 5139 2810 2461 5140 2806 2460 5141 2815 2465 5142 2813 2463 5143 2810 2461 5144 2809 2455 5145 2816 2466 5146 2811 2462 5147 2815 2465 5148 2817 2467 5149 2813 2463 5150 2816 2466 5151 2815 2465 5152 2814 2464 5153 2817 2467 5154 2819 2468 5155 2816 2466 5156 2818 2469 5157 2820 2470 5158 2815 2465 5159 2819 2468 5160 2818 2469 5161 2816 2466 5162 2825 2471 5163 2823 2472 5164 2821 2473 5165 2824 2474 5166 2826 2475 5167 2821 2473 5168 2825 2471 5169 2824 2474 5170 2822 2476 5171 2826 2475 5172 2825 2471 5173 2821 2473 5174 2832 2477 5175 2833 2478 5176 2831 2479 5177 2834 2480 5178 2827 2481 5179 2828 2482 5180 2833 2478 5181 2837 2483 5182 2830 2484 5183 2839 2485 5184 2846 2486 5185 2844 2487 5186 2845 2488 5187 2842 2489 5188 2843 2490 5189 2841 2491 5190 2848 2492 5191 2840 2493 5192 2849 2494 5193 2848 2492 5194 2841 2491 5195 2853 2495 5196 2858 2496 5197 2852 2497 5198 2856 2498 5199 2858 2496 5200 2853 2495 5201 2854 2499 5202 2856 2498 5203 2853 2495 5204 2857 2500 5205 2856 2498 5206 2854 2499 5207 2857 2500 5208 2854 2499 5209 2849 2494 5210 2857 2500 5211 2849 2494 5212 2855 2501 5213 2863 2502 5214 2862 2503 5215 2859 2504 5216 2861 2505 5217 2864 2506 5218 2860 2507 5219 2866 2508 5220 2863 2502 5221 2859 2504 5222 2864 2506 5223 2866 2508 5224 2859 2504 5225 2867 2509 5226 2865 2510 5227 2862 2503 5228 2865 2510 5229 2868 2511 5230 2861 2505 5231 2870 2512 5232 2868 2511 5233 2865 2510 5234 2867 2509 5235 2870 2512 5236 2865 2510 5237 2871 2513 5238 2870 2512 5239 2867 2509 5240 2877 2514 5241 2876 2515 5242 2871 2513 5243 2873 2516 5244 2878 2517 5245 2872 2518 5246 2879 2519 5247 2878 2517 5248 2873 2516 5249 2874 2520 5250 2879 2519 5251 2873 2516 5252 2880 2521 5253 2874 2520 5254 2875 2522 5255 2880 2521 5256 2879 2519 5257 2874 2520 5258 2882 2523 5259 2887 2524 5260 2881 2525 5261 2888 2526 5262 2882 2523 5263 2883 2527 5264 2889 2528 5265 2887 2524 5266 2882 2523 5267 2888 2526 5268 2889 2528 5269 2882 2523 5270 2887 2524 5271 2891 2529 5272 2886 2530 5273 2892 2531 5274 2888 2526 5275 2884 2532 5276 2891 2529 5277 2895 2533 5278 2890 2534 5279 2889 2528 5280 2893 2535 5281 2887 2524 5282 2894 2536 5283 2889 2528 5284 2888 2526 5285 2895 2533 5286 2892 2531 5287 2890 2534 5288 2894 2536 5289 2893 2535 5290 2889 2528 5291 2896 2537 5292 2891 2529 5293 2893 2535 5294 2897 2538 5295 2895 2533 5296 2891 2529 5297 2895 2533 5298 2898 2539 5299 2892 2531 5300 2894 2536 5301 2896 2537 5302 2893 2535 5303 2900 2540 5304 2896 2537 5305 2894 2536 5306 2901 2541 5307 2899 2542 5308 2897 2538 5309 2899 2542 5310 2900 2540 5311 2898 2539 5312 2907 2543 5313 2903 2544 5314 2904 2545 5315 2905 2546 5316 2909 2547 5317 2904 2545 5318 2906 2548 5319 2905 2546 5320 2902 2549 5321 2908 2550 5322 2906 2548 5323 2903 2544 5324 2909 2547 5325 2907 2543 5326 2904 2545 5327 2907 2543 5328 2912 2551 5329 2908 2550 5330 2911 2552 5331 2912 2551 5332 2907 2543 5333 2919 2553 5334 2920 2554 5335 2916 2555 5336 2921 2556 5337 2919 2553 5338 2918 2557 5339 2922 2558 5340 2924 2559 5341 2913 2560 5342 2925 2561 5343 2923 2562 5344 2920 2554 5345 2930 2563 5346 2927 2564 5347 2924 2559 5348 2931 2565 5349 2930 2563 5350 2928 2566 5351 2926 2567 5352 2933 2568 5353 2925 2561 5354 2934 2569 5355 2926 2567 5356 2927 2564 5357 2935 2570 5358 2933 2568 5359 2926 2567 5360 2934 2569 5361 2935 2570 5362 2926 2567 5363 2937 2571 5364 2931 2565 5365 2932 2572 5366 2933 2568 5367 2937 2571 5368 2932 2572 5369 2937 2571 5370 2942 2573 5371 2931 2565 5372 2943 2574 5373 2940 2575 5374 2938 2576 5375 2939 2577 5376 2944 2578 5377 2937 2571 5378 2945 2579 5379 2944 2578 5380 2939 2577 5381 2946 2580 5382 2942 2573 5383 2944 2578 5384 2941 2581 5385 2947 2582 5386 2943 2574 5387 2940 2575 5388 2946 2580 5389 2945 2579 5390 2949 2583 5391 2946 2580 5392 2940 2575 5393 2947 2582 5394 2949 2583 5395 2940 2575 5396 2950 2584 5397 2949 2583 5398 2947 2582 5399 2950 2584 5400 2947 2582 5401 2948 2585 5402 2954 2586 5403 2952 2587 5404 2951 2588 5405 2953 2589 5406 2954 2586 5407 2951 2588 5408 2956 2590 5409 2954 2586 5410 2953 2589 5411 2955 2591 5412 2957 2592 5413 2952 2587 5414 2963 2593 5415 2962 2594 5416 2958 2595 5417 2964 2596 5418 2963 2593 5419 2958 2595 5420 2959 2597 5421 2964 2596 5422 2958 2595 5423 2961 2598 5424 2965 2599 5425 2960 2600 5426 2966 2601 5427 2961 2598 5428 2962 2594 5429 2967 2602 5430 2965 2599 5431 2961 2598 5432 2966 2601 5433 2967 2602 5434 2961 2598 5435 2968 2603 5436 2964 2596 5437 2959 2597 5438 2965 2599 5439 2968 2603 5440 2959 2597 5441 2969 2604 5442 2965 2599 5443 2967 2602 5444 2966 2601 5445 2969 2604 5446 2967 2602 5447 2969 2604 5448 2970 2605 5449 2965 2599 5450 2964 2596 5451 2971 2606 5452 2963 2593 5453 2971 2606 5454 2966 2601 5455 2963 2593 5456 2968 2603 5457 2972 2607 5458 2964 2596 5459 2973 2608 5460 2972 2607 5461 2968 2603 5462 2970 2605 5463 2973 2608 5464 2968 2603 5465 2975 2609 5466 2973 2608 5467 2970 2605 5468 2969 2604 5469 2975 2609 5470 2970 2605 5471 2974 2610 5472 2975 2609 5473 2969 2604 5474 2972 2607 5475 2979 2611 5476 2971 2606 5477 2979 2611 5478 2974 2610 5479 2971 2606 5480 2976 2612 5481 2978 2613 5482 2973 2608 5483 2979 2611 5484 2975 2609 5485 2974 2610 5486 2977 2614 5487 2982 2615 5488 2979 2611 5489 2980 2616 5490 2982 2615 5491 2977 2614 5492 2980 2616 5493 2977 2614 5494 2978 2613 5495 2982 2615 5496 2984 2617 5497 2981 2618 5498 2983 2619 5499 2985 2620 5500 2980 2616 5501 2984 2617 5502 2983 2619 5503 2981 2618 5504 2991 2621 5505 2987 2622 5506 2988 2623 5507 2989 2624 5508 2994 2625 5509 2988 2623 5510 2990 2626 5511 2992 2627 5512 2986 2628 5513 2993 2629 5514 2990 2626 5515 2987 2622 5516 2994 2625 5517 2991 2621 5518 2988 2623 5519 2989 2624 5520 2995 2630 5521 2994 2625 5522 2997 2631 5523 2990 2626 5524 2993 2629 5525 2997 2631 5526 3000 2632 5527 2996 2633 5528 3002 2634 5529 3004 2635 5530 2999 2636 5531 3003 2637 5532 3002 2634 5533 3000 2632 5534 3005 2638 5535 3012 2639 5536 3009 2640 5537 3011 2641 5538 3010 2642 5539 3007 2643 5540 3008 2644 5541 3011 2641 5542 3007 2643 5543 3013 2645 5544 3012 2639 5545 3005 2638 5546 3006 2646 5547 3013 2645 5548 3005 2638 5549 3010 2642 5550 3013 2645 5551 3006 2646 5552 3014 2647 5553 3011 2641 5554 3008 2644 5555 3015 2648 5556 3014 2647 5557 3012 2639 5558 3016 2649 5559 3015 2648 5560 3013 2645 5561 3014 2647 5562 3017 2650 5563 3010 2642 5564 3019 2651 5565 3016 2649 5566 3017 2650 5567 3018 2652 5568 3020 2653 5569 3015 2648 5570 3015 2648 5571 3020 2653 5572 3014 2647 5573 3026 2654 5574 3024 2655 5575 3022 2656 5576 3026 2654 5577 3022 2656 5578 3023 2657 5579 3025 2658 5580 3026 2654 5581 3023 2657 5582 3032 2659 5583 3031 2660 5584 3028 2661 5585 3033 2662 5586 3032 2659 5587 3029 2663 5588 3030 2664 5589 3033 2662 5590 3029 2663 5591 3034 2665 5592 3038 2666 5593 3036 2667 5594 3039 2668 5595 3038 2666 5596 3034 2665 5597 3037 2669 5598 3035 2670 5599 3036 2667 5600 3042 2671 5601 3043 2672 5602 3041 2673 5603 3045 2674 5604 3042 2671 5605 3040 2675 5606 3044 2676 5607 3040 2675 5608 3041 2673 5609 3043 2672 5610 3044 2676 5611 3041 2673 5612 3049 2677 5613 3048 2678 5614 3046 2679 5615 3051 2680 5616 3049 2677 5617 3046 2679 5618 3047 2681 5619 3051 2680 5620 3046 2679 5621 3052 2682 5622 3053 2683 5623 3047 2681 5624 3055 2684 5625 3050 2685 5626 3049 2677 5627 3051 2680 5628 3054 2686 5629 3049 2677 5630 3055 2684 5631 3052 2682 5632 3050 2685 5633 3052 2682 5634 3056 2687 5635 3053 2683 5636 3058 2688 5637 3055 2684 5638 3054 2686 5639 3057 2689 5640 3060 2690 5641 3056 2687 5642 3061 2691 5643 3059 2692 5644 3060 2690 5645 3057 2689 5646 3061 2691 5647 3060 2690 5648 3062 2693 5649 3057 2689 5650 3059 2692 5651 3063 2694 5652 3061 2691 5653 3057 2689 5654 3064 2695 5655 3063 2694 5656 3062 2693 5657 3065 2696 5658 3067 2697 5659 3064 2695 5660 3069 2698 5661 3065 2696 5662 3066 2699 5663 3068 2700 5664 3066 2699 5665 3063 2694 5666 3069 2698 5667 3067 2697 5668 3065 2696 5669 3067 2697 5670 3070 2701 5671 3068 2700 5672 3070 2701 5673 3069 2698 5674 3068 2700 5675 3075 2702 5676 3074 2703 5677 3072 2704 5678 3076 2705 5679 3075 2702 5680 3072 2704 5681 3077 2706 5682 3076 2705 5683 3073 2707 5684 3079 2708 5685 3081 2709 5686 3076 2705 5687 3078 2710 5688 3082 2711 5689 3080 2712 5690 3083 2713 5691 3081 2709 5692 3080 2712 5693 3082 2711 5694 3086 2714 5695 3083 2713 5696 3085 2715 5697 3084 2716 5698 3081 2709 5699 3088 2717 5700 3090 2718 5701 3087 2719 5702 3090 2718 5703 3093 2720 5704 3087 2719 5705 3091 2721 5706 3090 2718 5707 3088 2717 5708 3092 2722 5709 3091 2721 5710 3089 2723 5711 3093 2720 5712 3092 2722 5713 3087 2719 5714 3092 2722 5715 3095 2724 5716 3091 2721 5717 3093 2720 5718 3096 2725 5719 3092 2722 5720 3101 2726 5721 3098 2727 5722 3099 2728 5723 3101 2726 5724 3100 2729 5725 3098 2727 5726 3102 2730 5727 3101 2726 5728 3099 2728 5729 3104 2731 5730 3109 2732 5731 3103 2733 5732 3106 2734 5733 3108 2735 5734 3104 2731 5735 3109 2732 5736 3107 2736 5737 3103 2733 5738 3108 2735 5739 3110 2737 5740 3109 2732 5741 3110 2737 5742 3107 2736 5743 3109 2732 5744 3112 2738 5745 3110 2737 5746 3108 2735 5747 3107 2736 5748 3113 2739 5749 3111 2740 5750 3113 2739 5751 3112 2738 5752 3111 2740 5753 3114 2741 5754 3113 2739 5755 3107 2736 5756 3115 2742 5757 3118 2743 5758 3117 2744 5759 3116 2745 5760 3119 2746 5761 3115 2742 5762 3131 2747 5763 3129 2748 5764 3127 2749 5765 3131 2747 5766 3130 2750 5767 3129 2748 5768 3131 2747 5769 3134 2751 5770 3130 2750 5771 3135 2752 5772 3131 2747 5773 3132 2753 5774 3133 2754 5775 3135 2752 5776 3132 2753 5777 3134 2751 5778 3133 2754 5779 3130 2750 5780 3138 2755 5781 3134 2751 5782 3131 2747 5783 3138 2755 5784 3133 2754 5785 3134 2751 5786 3138 2755 5787 3137 2756 5788 3133 2754 5789 3139 2757 5790 3138 2755 5791 3135 2752 5792 3140 2758 5793 3137 2756 5794 3138 2755 5795 3139 2757 5796 3140 2758 5797 3138 2755 5798 3141 2759 5799 3136 2760 5800 3137 2756 5801 3143 2761 5802 3139 2757 5803 3136 2760 5804 3141 2759 5805 3143 2761 5806 3136 2760 5807 3143 2761 5808 3140 2758 5809 3139 2757 5810 3143 2761 5811 3144 2762 5812 3140 2758 5813 3144 2762 5814 3141 2759 5815 3142 2763 5816 3148 2764 5817 3150 2765 5818 3147 2766 5819 3146 2767 5820 3151 2768 5821 3148 2764 5822 3149 2769 5823 3151 2768 5824 3146 2767 5825 3149 2769 5826 3152 2770 5827 3151 2768 5828 3150 2765 5829 3154 2771 5830 3149 2769 5831 3157 2772 5832 3153 2773 5833 3152 2770 5834 3155 2774 5835 3157 2772 5836 3152 2770 5837 3153 2773 5838 3156 2775 5839 3154 2771 5840 3157 2772 5841 3158 2776 5842 3153 2773 5843 3155 2774 5844 3158 2776 5845 3157 2772 5846 3160 2777 5847 3159 2778 5848 3156 2775 5849 3160 2777 5850 3156 2775 5851 3158 2776 5852 3163 2779 5853 3165 2780 5854 3162 2781 5855 3165 2780 5856 3168 2782 5857 3162 2781 5858 3166 2783 5859 3165 2780 5860 3163 2779 5861 3167 2784 5862 3166 2783 5863 3164 2785 5864 3168 2782 5865 3167 2784 5866 3162 2781 5867 3169 2786 5868 3171 2787 5869 3165 2780 5870 3175 2788 5871 3174 2789 5872 3172 2790 5873 3173 2791 5874 3175 2788 5875 3172 2790 5876 3177 2792 5877 3173 2791 5878 3176 2793 5879 3175 2788 5880 3178 2794 5881 3174 2789 5882 3177 2792 5883 3179 2795 5884 3173 2791 5885 3178 2794 5886 3177 2792 5887 3176 2793 5888 3181 2796 5889 3184 2797 5890 3180 2798 5891 3182 2799 5892 3185 2800 5893 3181 2796 5894 3189 2801 5895 3188 2802 5896 3186 2803 5897 3187 2804 5898 3190 2805 5899 3186 2803 5900 3198 2806 5901 3194 2807 5902 3192 2808 5903 3196 2809 5904 3198 2806 5905 3192 2808 5906 3195 2810 5907 3196 2809 5908 3192 2808 5909 3198 2806 5910 3197 2811 5911 3194 2807 5912 3199 2812 5913 3195 2810 5914 3197 2811 5915 3196 2809 5916 3201 2813 5917 3198 2806 5918 3201 2813 5919 3200 2814 5920 3198 2806 5921 3202 2815 5922 3201 2813 5923 3196 2809 5924 3203 2816 5925 3204 2817 5926 3202 2815 5927 3205 2818 5928 3203 2816 5929 3199 2812 5930 3209 2819 5931 3206 2820 5932 3204 2817 5933 3207 2821 5934 3204 2817 5935 3205 2818 5936 3207 2821 5937 3209 2819 5938 3204 2817 5939 3208 2822 5940 3207 2821 5941 3205 2818 5942 3207 2821 5943 3212 2823 5944 3209 2819 5945 3210 2824 5946 3212 2823 5947 3207 2821 5948 3216 2825 5949 3215 2826 5950 3213 2827 5951 3216 2825 5952 3218 2828 5953 3215 2826 5954 3217 2829 5955 3216 2825 5956 3213 2827 5957 3222 2830 5958 3224 2831 5959 3219 2832 5960 3222 2830 5961 3219 2832 5962 3220 2833 5963 3226 2834 5964 3227 2835 5965 3222 2830 5966 3226 2834 5967 3222 2830 5968 3223 2836 5969 3229 2837 5970 3231 2838 5971 3228 2839 5972 3232 2840 5973 3229 2837 5974 3230 2841 5975 3228 2839 5976 3233 2842 5977 3230 2841 5978 3238 2843 5979 3235 2844 5980 3236 2845 5981 3234 2846 5982 3239 2847 5983 3236 2845 5984 3243 2848 5985 3244 2849 5986 3242 2850 5987 3245 2851 5988 3241 2852 5989 3242 2850 5990 3246 2853 5991 3243 2848 5992 3240 2854 5993 3245 2851 5994 3246 2853 5995 3240 2854 5996 3249 2855 5997 3244 2849 5998 3243 2848 5999 3244 2849 6000 3247 2856 6001 3245 2851 6002 3255 2857 6003 3250 2858 6004 3251 2859 6005 3253 2860 6006 3255 2857 6007 3251 2859 6008 3252 2861 6009 3253 2860 6010 3251 2859 6011 3250 2858 6012 3254 2862 6013 3252 2861 6014 3261 2863 6015 3260 2864 6016 3256 2865 6017 3257 2866 6018 3261 2863 6019 3256 2865 6020 3260 2864 6021 3262 2867 6022 3259 2868 6023 3263 2869 6024 3261 2863 6025 3257 2866 6026 3263 2869 6027 3257 2866 6028 3259 2868 6029 3262 2867 6030 3263 2869 6031 3259 2868 6032 3264 2870 6033 3262 2867 6034 3261 2863 6035 3263 2869 6036 3265 2871 6037 3261 2863 6038 3266 2872 6039 3263 2869 6040 3262 2867 6041 3267 2873 6042 3264 2870 6043 3265 2871 6044 3267 2873 6045 3268 2874 6046 3264 2870 6047 3270 2875 6048 3265 2871 6049 3266 2872 6050 3268 2874 6051 3270 2875 6052 3266 2872 6053 3273 2876 6054 3274 2877 6055 3271 2878 6056 3275 2879 6057 3274 2877 6058 3272 2880 6059 3278 2881 6060 3279 2882 6061 3275 2879 6062 3281 2883 6063 3284 2884 6064 3280 2885 6065 3283 2886 6066 3284 2884 6067 3281 2883 6068 3286 2887 6069 3290 2888 6070 3285 2889 6071 3288 2890 6072 3289 2891 6073 3286 2887 6074 3290 2888 6075 3291 2892 6076 3285 2889 6077 3292 2893 6078 3290 2888 6079 3289 2891 6080 3292 2893 6081 3296 2894 6082 3294 2895 6083 3293 2896 6084 3297 2897 6085 3292 2893 6086 3298 2898 6087 3299 2899 6088 3297 2897 6089 3296 2894 6090 3301 2900 6091 3298 2898 6092 3300 2901 6093 3302 2902 6094 3297 2897 6095 3301 2900 6096 3300 2901 6097 3299 2899 6098 3300 2901 6099 3303 2903 6100 3302 2902 6101 3303 2903 6102 3305 2904 6103 3302 2902 6104 3304 2905 6105 3303 2903 6106 3300 2901 6107 3310 2906 6108 3306 2907 6109 3307 2908 6110 3310 2906 6111 3308 2909 6112 3306 2907 6113 3314 2910 6114 3312 2911 6115 3311 2912 6116 3313 2913 6117 3315 2914 6118 3311 2912 6119 3314 2910 6120 3316 2915 6121 3313 2913 6122 3315 2914 6123 3317 2916 6124 3314 2910 6125 3316 2915 6126 3315 2914 6127 3313 2913 6128 3317 2916 6129 3318 2917 6130 3314 2910 6131 3318 2917 6132 3320 2918 6133 3316 2915 6134 3320 2918 6135 3315 2914 6136 3316 2915 6137 3320 2918 6138 3321 2919 6139 3315 2914 6140 3322 2920 6141 3321 2919 6142 3320 2918 6143 3321 2919 6144 3323 2921 6145 3319 2922 6146 3325 2923 6147 3327 2924 6148 3324 2925 6149 3327 2924 6150 3330 2926 6151 3324 2925 6152 3328 2927 6153 3327 2924 6154 3325 2923 6155 3329 2928 6156 3328 2927 6157 3326 2929 6158 3330 2926 6159 3329 2928 6160 3324 2925 6161 3332 2930 6162 3331 2931 6163 3328 2927 6164 3333 2932 6165 3332 2930 6166 3329 2928 6167 3339 2933 6168 3334 2934 6169 3335 2935 6170 3339 2933 6171 3338 2936 6172 3334 2934 6173 3340 2937 6174 3339 2933 6175 3335 2935 6176 3337 2938 6177 3340 2937 6178 3335 2935 6179 3338 2936 6180 3337 2938 6181 3336 2939 6182 3342 2940 6183 3341 2941 6184 3337 2938 6185 3343 2942 6186 3342 2940 6187 3338 2936 6188 3345 2943 6189 3347 2944 6190 3344 2945 6191 3347 2944 6192 3350 2946 6193 3344 2945 6194 3348 2947 6195 3347 2944 6196 3345 2943 6197 3349 2948 6198 3348 2947 6199 3346 2949 6200 3350 2946 6201 3349 2948 6202 3344 2945 6203 3352 2950 6204 3351 2951 6205 3348 2947 6206 3353 2952 6207 3352 2950 6208 3349 2948 6209 3359 2953 6210 3354 2954 6211 3355 2955 6212 3359 2953 6213 3358 2956 6214 3354 2954 6215 3360 2957 6216 3359 2953 6217 3355 2955 6218 3357 2958 6219 3360 2957 6220 3355 2955 6221 3358 2956 6222 3357 2958 6223 3356 2959 6224 3361 2960 6225 3363 2961 6226 3359 2953 6227 3367 2962 6228 3366 2963 6229 3364 2964 6230 3366 2963 6231 3370 2965 6232 3365 2966 6233 3369 2967 6234 3367 2962 6235 3364 2964 6236 3369 2967 6237 3372 2968 6238 3367 2962 6239 3373 2969 6240 3371 2970 6241 3370 2965 6242 3371 2970 6243 3372 2968 6244 3369 2967 6245 3376 2971 6246 3372 2968 6247 3371 2970 6248 3377 2972 6249 3376 2971 6250 3373 2969 6251 3374 2973 6252 3377 2972 6253 3373 2969 6254 3379 2974 6255 3382 2975 6256 3378 2976 6257 3382 2975 6258 3381 2977 6259 3378 2976 6260 3384 2978 6261 3383 2979 6262 3380 2980 6263 3383 2979 6264 3385 2981 6265 3382 2975 6266 3386 2982 6267 3385 2981 6268 3384 2978 6269 3381 2977 6270 3387 2983 6271 3384 2978 6272 3389 2984 6273 3385 2981 6274 3386 2982 6275 3388 2985 6276 3390 2986 6277 3387 2983 6278 3395 2987 6279 3391 2988 6280 3392 2989 6281 3402 2990 6282 3399 2991 6283 3397 2992 6284 3400 2993 6285 3402 2990 6286 3397 2992 6287 3401 2994 6288 3400 2993 6289 3398 2995 6290 3403 2996 6291 3407 2997 6292 3405 2998 6293 3406 2999 6294 3408 3000 6295 3404 3001 6296 3407 2997 6297 3406 2999 6298 3405 2998 6299 3410 3002 6300 3412 3003 6301 3409 3004 6302 3412 3003 6303 3415 3005 6304 3409 3004 6305 3414 3006 6306 3413 3007 6307 3411 3008 6308 3415 3005 6309 3411 3008 6310 3409 3004 6311 3416 3009 6312 3414 3006 6313 3411 3008 6314 3412 3003 6315 3416 3009 6316 3415 3005 6317 3417 3010 6318 3418 3011 6319 3413 3007 6320 3419 3012 6321 3417 3010 6322 3416 3009 6323 3420 3013 6324 3418 3011 6325 3417 3010 6326 3419 3012 6327 3421 3014 6328 3417 3010 6329 3420 3013 6330 3422 3015 6331 3418 3011 6332 3422 3015 6333 3424 3016 6334 3421 3014 6335 3423 3017 6336 3425 3018 6337 3420 3013 6338 3424 3016 6339 3423 3017 6340 3421 3014 6341 3427 3019 6342 3429 3020 6343 3426 3021 6344 3429 3020 6345 3432 3022 6346 3426 3021 6347 3430 3023 6348 3429 3020 6349 3427 3019 6350 3431 3024 6351 3430 3023 6352 3428 3025 6353 3432 3022 6354 3431 3024 6355 3426 3021 6356 3433 3026 6357 3435 3027 6358 3429 3020 6359 3440 3028 6360 3438 3029 6361 3436 3030 6362 3439 3031 6363 3441 3032 6364 3437 3033 6365 3442 3034 6366 3440 3028 6367 3436 3030 6368 3437 3033 6369 3442 3034 6370 3436 3030 6371 3443 3035 6372 3439 3031 6373 3438 3029 6374 3443 3035 6375 3441 3032 6376 3439 3031 6377 3444 3036 6378 3446 3037 6379 3443 3035 6380 3448 3038 6381 3442 3034 6382 3443 3035 6383 3446 3037 6384 3448 3038 6385 3443 3035 6386 3448 3038 6387 3445 3039 6388 3442 3034 6389 3448 3038 6390 3449 3040 6391 3445 3039 6392 3450 3041 6393 3446 3037 6394 3447 3042 6395 3451 3043 6396 3450 3041 6397 3447 3042 6398 3449 3040 6399 3451 3043 6400 3447 3042 6401 3453 3044 6402 3448 3038 6403 3446 3037 6404 3450 3041 6405 3454 3045 6406 3453 3044 6407 3455 3046 6408 3450 3041 6409 3451 3043 6410 3455 3046 6411 3454 3045 6412 3450 3041 6413 3456 3047 6414 3458 3048 6415 3455 3046 6416 3458 3048 6417 3460 3049 6418 3455 3046 6419 3455 3046 6420 3460 3049 6421 3454 3045 6422 3460 3049 6423 3462 3050 6424 3459 3051 6425 3465 3052 6426 3462 3050 6427 3463 3053 6428 3465 3052 6429 3464 3054 6430 3462 3050 6431 3461 3055 6432 3465 3052 6433 3463 3053 6434 3471 3056 6435 3469 3057 6436 3466 3058 6437 3467 3059 6438 3471 3056 6439 3466 3058 6440 3470 3060 6441 3472 3061 6442 3468 3062 6443 3469 3057 6444 3470 3060 6445 3466 3058 6446 3472 3061 6447 3473 3063 6448 3467 3059 6449 3471 3056 6450 3474 3064 6451 3469 3057 6452 3476 3065 6453 3472 3061 6454 3470 3060 6455 3469 3057 6456 3476 3065 6457 3470 3060 6458 3475 3066 6459 3474 3064 6460 3471 3056 6461 3473 3063 6462 3475 3066 6463 3471 3056 6464 3474 3064 6465 3476 3065 6466 3469 3057 6467 3476 3065 6468 3478 3067 6469 3473 3063 6470 3481 3068 6471 3483 3069 6472 3480 3070 6473 3482 3071 6474 3485 3072 6475 3481 3068 6476 3484 3073 6477 3482 3071 6478 3480 3070 6479 3483 3069 6480 3484 3073 6481 3480 3070 6482 3485 3072 6483 3483 3069 6484 3481 3068 6485 3486 3074 6486 3485 3072 6487 3482 3071 6488 3484 3073 6489 3486 3074 6490 3482 3071 6491 3487 3075 6492 3484 3073 6493 3483 3069 6494 3489 3076 6495 3486 3074 6496 3484 3073 6497 3484 3073 6498 3490 3077 6499 3489 3076 6500 3487 3075 6501 3490 3077 6502 3484 3073 6503 3491 3078 6504 3493 3079 6505 3490 3077 6506 3493 3079 6507 3492 3080 6508 3489 3076 6509 3495 3081 6510 3497 3082 6511 3494 3083 6512 3497 3082 6513 3500 3084 6514 3494 3083 6515 3498 3085 6516 3497 3082 6517 3495 3081 6518 3499 3086 6519 3498 3085 6520 3496 3087 6521 3500 3084 6522 3499 3086 6523 3494 3083 6524 3502 3088 6525 3501 3089 6526 3498 3085 6527 3503 3090 6528 3502 3088 6529 3499 3086 6530 3507 3091 6531 3504 3092 6532 3505 3093 6533 3506 3094 6534 3508 3095 6535 3505 3093 6536 3513 3096 6537 3512 3097 6538 3510 3098 6539 3516 3099 6540 3513 3096 6541 3510 3098 6542 3514 3100 6543 3516 3099 6544 3510 3098 6545 3515 3101 6546 3517 3102 6547 3511 3103 6548 3518 3104 6549 3515 3101 6550 3512 3097 6551 3519 3105 6552 3516 3099 6553 3514 3100 6554 3517 3102 6555 3519 3105 6556 3514 3100 6557 3532 3106 6558 3522 3107 6559 3523 3108 6560 3528 3109 6561 3532 3106 6562 3523 3108 6563 3533 3110 6564 3531 3111 6565 3522 3107 6566 3528 3109 6567 3533 3110 6568 3532 3106 6569 3534 3112 6570 3528 3109 6571 3529 3113 6572 3533 3110 6573 3536 3114 6574 3531 3111 6575 3535 3115 6576 3533 3110 6577 3528 3109 6578 3536 3114 6579 3534 3112 6580 3530 3116 6581 3531 3111 6582 3536 3114 6583 3530 3116 6584 3538 3117 6585 3534 3112 6586 3536 3114 6587 3534 3112 6588 3539 3118 6589 3535 3115 6590 3538 3117 6591 3539 3118 6592 3534 3112 6593 3544 3119 6594 3543 3120 6595 3541 3121 6596 3544 3119 6597 3541 3121 6598 3542 3122 6599 3549 3123 6600 3548 3124 6601 3546 3125 6602 3550 3126 6603 3551 3127 6604 3547 3128 6605 3552 3129 6606 3550 3126 6607 3548 3124 6608 3553 3130 6609 3549 3123 6610 3546 3125 6611 3551 3127 6612 3554 3131 6613 3547 3128 6614 3549 3123 6615 3556 3132 6616 3552 3129 6617 3561 3133 6618 3556 3132 6619 3549 3123 6620 3556 3132 6621 3560 3134 6622 3555 3135 6623 3561 3133 6624 3560 3134 6625 3556 3132 6626 3557 3136 6627 3562 3137 6628 3561 3133 6629 3563 3138 6630 3558 3139 6631 3559 3140 6632 3564 3141 6633 3560 3134 6634 3561 3133 6635 3566 3142 6636 3564 3141 6637 3562 3137 6638 3564 3141 6639 3567 3143 6640 3563 3138 6641 3565 3144 6642 3570 3145 6643 3566 3142 6644 3569 3146 6645 3568 3147 6646 3567 3143 6647 3570 3145 6648 3569 3146 6649 3566 3142 6650 3576 3148 6651 3572 3149 6652 3573 3150 6653 3574 3151 6654 3577 3152 6655 3573 3150 6656 3575 3153 6657 3574 3151 6658 3571 3154 6659 3576 3148 6660 3575 3153 6661 3572 3149 6662 3577 3152 6663 3576 3148 6664 3573 3150 6665 3579 3155 6666 3578 3156 6667 3575 3153 6668 3580 3157 6669 3579 3155 6670 3576 3148 6671 3586 3158 6672 3582 3159 6673 3583 3160 6674 3584 3161 6675 3587 3162 6676 3583 3160 6677 3585 3163 6678 3584 3161 6679 3581 3164 6680 3586 3158 6681 3585 3163 6682 3582 3159 6683 3587 3162 6684 3586 3158 6685 3583 3160 6686 3588 3165 6687 3590 3166 6688 3586 3158 6689 3592 3167 6690 3594 3168 6691 3591 3169 6692 3594 3168 6693 3596 3170 6694 3591 3169 6695 3595 3171 6696 3594 3168 6697 3592 3167 6698 3599 3172 6699 3597 3173 6700 3594 3168 6701 3601 3174 6702 3599 3172 6703 3598 3175 6704 3600 3176 6705 3601 3174 6706 3598 3175 6707 3599 3172 6708 3603 3177 6709 3602 3178 6710 3605 3179 6711 3604 3180 6712 3600 3176 6713 3605 3179 6714 3600 3176 6715 3602 3178 6716 3606 3181 6717 3603 3177 6718 3604 3180 6719 3608 3182 6720 3605 3179 6721 3603 3177 6722 3605 3179 6723 3606 3181 6724 3604 3180 6725 3606 3181 6726 3607 3183 6727 3603 3177 6728 3609 3184 6729 3606 3181 6730 3605 3179 6731 3607 3183 6732 3611 3185 6733 3613 3186 6734 3612 3187 6735 3607 3183 6736 3609 3184 6737 3616 3188 6738 3612 3187 6739 3610 3189 6740 3614 3190 6741 3616 3188 6742 3613 3186 6743 3615 3191 6744 3614 3190 6745 3611 3185 6746 3619 3192 6747 3620 3193 6748 3618 3194 6749 3620 3193 6750 3624 3195 6751 3618 3194 6752 3625 3196 6753 3624 3195 6754 3620 3193 6755 3625 3196 6756 3620 3193 6757 3621 3197 6758 3627 3198 6759 3623 3199 6760 3622 3200 6761 3627 3198 6762 3625 3196 6763 3623 3199 6764 3629 3201 6765 3631 3202 6766 3628 3203 6767 3631 3202 6768 3630 3204 6769 3628 3203 6770 3632 3205 6771 3633 3206 6772 3630 3204 6773 3631 3202 6774 3632 3205 6775 3630 3204 6776 3632 3205 6777 3635 3207 6778 3633 3206 6779 3636 3208 6780 3632 3205 6781 3631 3202 6782 3636 3208 6783 3637 3209 6784 3635 3207 6785 3634 3210 6786 3639 3211 6787 3636 3208 6788 3638 3212 6789 3641 3213 6790 3637 3209 6791 3643 3214 6792 3644 3215 6793 3641 3213 6794 3646 3216 6795 3648 3217 6796 3645 3218 6797 3649 3219 6798 3652 3220 6799 3646 3216 6800 3653 3221 6801 3649 3219 6802 3651 3222 6803 3650 3223 6804 3653 3221 6805 3651 3222 6806 3656 3224 6807 3658 3225 6808 3655 3226 6809 3658 3225 6810 3661 3227 6811 3655 3226 6812 3659 3228 6813 3658 3225 6814 3656 3224 6815 3660 3229 6816 3659 3228 6817 3657 3230 6818 3661 3227 6819 3660 3229 6820 3655 3226 6821 3662 3231 6822 3664 3232 6823 3658 3225 6824 3672 3233 6825 3674 3234 6826 3671 3235 6827 3677 3236 6828 3673 3237 6829 3671 3235 6830 3676 3238 6831 3677 3236 6832 3671 3235 6833 3674 3234 6834 3676 3238 6835 3671 3235 6836 3677 3236 6837 3675 3239 6838 3673 3237 6839 3678 3240 6840 3679 3241 6841 3674 3234 6842 3681 3242 6843 3682 3243 6844 3680 3244 6845 3684 3245 6846 3686 3246 6847 3683 3247 6848 3686 3246 6849 3689 3248 6850 3683 3247 6851 3687 3249 6852 3686 3246 6853 3684 3245 6854 3688 3250 6855 3687 3249 6856 3685 3251 6857 3689 3248 6858 3688 3250 6859 3683 3247 6860 3691 3252 6861 3690 3253 6862 3687 3249 6863 3692 3254 6864 3691 3252 6865 3688 3250 6866 3696 3255 6867 3695 3256 6868 3694 3257 6869 3697 3258 6870 3698 3259 6871 3696 3255 6872 3698 3259 6873 3699 3260 6874 3696 3255 6875 3699 3260 6876 3703 3261 6877 3701 3262 6878 3708 3263 6879 3705 3264 6880 3702 3265 6881 3704 3266 6882 3707 3267 6883 3703 3261 6884 3714 3268 6885 3709 3269 6886 3710 3270 6887 3714 3268 6888 3713 3271 6889 3709 3269 6890 3715 3272 6891 3714 3268 6892 3710 3270 6893 3712 3273 6894 3715 3272 6895 3710 3270 6896 3713 3271 6897 3712 3273 6898 3711 3274 6899 3717 3275 6900 3715 3272 6901 3712 3273 6902 3718 3276 6903 3712 3273 6904 3713 3271 6905 3719 3277 6906 3717 3275 6907 3712 3273 6908 3719 3277 6909 3721 3278 6910 3717 3275 6911 3723 3279 6912 3720 3280 6913 3721 3278 6914 3722 3281 6915 3724 3282 6916 3719 3277 6917 3728 3283 6918 3725 3284 6919 3726 3285 6920 3727 3286 6921 3729 3287 6922 3726 3285 6923 3725 3284 6924 3730 3288 6925 3727 3286 6926 3735 3289 6927 3733 3290 6928 3731 3291 6929 3736 3292 6930 3735 3289 6931 3731 3291 6932 3734 3293 6933 3736 3292 6934 3731 3291 6935 3738 3294 6936 3737 3295 6937 3733 3290 6938 3738 3294 6939 3740 3296 6940 3737 3295 6941 3739 3297 6942 3735 3289 6943 3736 3292 6944 3734 3293 6945 3739 3297 6946 3736 3292 6947 3739 3297 6948 3742 3298 6949 3735 3289 6950 3738 3294 6951 3741 3299 6952 3740 3296 6953 3741 3299 6954 3743 3300 6955 3740 3296 6956 3744 3301 6957 3742 3298 6958 3739 3297 6959 3743 3300 6960 3745 3302 6961 3739 3297 6962 3744 3301 6963 3746 3303 6964 3742 3298 6965 3746 3303 6966 3747 3304 6967 3743 3300 6968 3744 3301 6969 3748 3305 6970 3746 3303 6971 3749 3306 6972 3744 3301 6973 3745 3302 6974 3749 3306 6975 3748 3305 6976 3744 3301 6977 3751 3307 6978 3747 3304 6979 3746 3303 6980 3756 3308 6981 3758 3309 6982 3755 3310 6983 3758 3309 6984 3760 3311 6985 3755 3310 6986 3763 3312 6987 3761 3313 6988 3760 3311 6989 3762 3314 6990 3758 3309 6991 3759 3315 6992 3765 3316 6993 3767 3317 6994 3764 3318 6995 3767 3317 6996 3770 3319 6997 3764 3318 6998 3768 3320 6999 3767 3317 7000 3765 3316 7001 3769 3321 7002 3768 3320 7003 3766 3322 7004 3770 3319 7005 3769 3321 7006 3764 3318 7007 3771 3323 7008 3773 3324 7009 3767 3317 7010 3772 3325 7011 3771 3323 7012 3768 3320 7013 3774 3326 7014 3776 3327 7015 3773 3324 7016 3774 3326 7017 3773 3324 7018 3771 3323 7019 3778 3328 7020 3780 3329 7021 3777 3330 7022 3777 3330 7023 3782 3331 7024 3779 3332 7025 3788 3333 7026 3783 3334 7027 3784 3335 7028 3788 3333 7029 3787 3336 7030 3783 3334 7031 3789 3337 7032 3788 3333 7033 3784 3335 7034 3786 3338 7035 3789 3337 7036 3784 3335 7037 3787 3336 7038 3786 3338 7039 3785 3339 7040 3790 3340 7041 3792 3341 7042 3788 3333 7043 0 2 7044 6 1 7045 5 7 7046 2 3342 7047 7 8 7048 1 0 7049 3 4 7050 7 8 7051 2 3342 7052 5 7 7053 8 3 7054 4 5 7055 1 0 7056 9 9 7057 6 1 7058 8 3 7059 10 10 7060 3 4 7061 12 3343 7062 9 9 7063 13 3344 7064 13 3344 7065 7 8 7066 14 3345 7067 10 10 7068 14 3345 7069 7 8 7070 10 10 7071 16 3346 7072 15 3347 7073 8 3 7074 17 3348 7075 16 3346 7076 17 3348 7077 18 3349 7078 23 3350 7079 13 3344 7080 18 3349 7081 12 3343 7082 13 3344 7083 20 3351 7084 19 3352 7085 20 3351 7086 15 3347 7087 21 13 7088 21 13 7089 16 3346 7090 22 11 7091 22 11 7092 17 3348 7093 23 3350 7094 23 3350 7095 24 3353 7096 28 14 7097 19 3352 7098 24 3353 7099 18 3349 7100 20 3351 7101 25 3354 7102 19 3352 7103 20 3351 7104 27 12 7105 26 17 7106 37 3355 7107 34 19 7108 38 26 7109 23 3350 7110 28 14 7111 22 11 7112 22 11 7113 29 15 7114 27 12 7115 24 3353 7116 30 20 7117 28 14 7118 28 14 7119 30 20 7120 29 15 7121 24 3353 7122 31 3356 7123 30 20 7124 25 3354 7125 31 3356 7126 24 3353 7127 29 15 7128 33 22 7129 32 16 7130 30 20 7131 33 22 7132 29 15 7133 25 3354 7134 34 19 7135 31 3356 7136 26 17 7137 34 19 7138 25 3354 7139 33 22 7140 36 21 7141 32 16 7142 31 3356 7143 37 3355 7144 30 20 7145 42 25 7146 39 23 7147 43 28 7148 35 18 7149 38 26 7150 34 19 7151 32 16 7152 39 23 7153 35 18 7154 37 3355 7155 40 24 7156 30 20 7157 36 21 7158 41 27 7159 39 23 7160 40 24 7161 41 27 7162 36 21 7163 53 37 7164 60 3357 7165 59 3358 7166 37 3355 7167 44 35 7168 40 24 7169 38 26 7170 44 35 7171 37 3355 7172 44 35 7173 47 30 7174 40 24 7175 38 26 7176 45 29 7177 44 35 7178 43 28 7179 46 31 7180 42 25 7181 41 27 7182 46 31 7183 43 28 7184 42 25 7185 48 32 7186 45 29 7187 47 30 7188 49 33 7189 41 27 7190 44 35 7191 50 34 7192 47 30 7193 46 31 7194 51 42 7195 48 32 7196 49 33 7197 51 42 7198 46 31 7199 51 42 7200 52 36 7201 48 32 7202 49 33 7203 53 37 7204 51 42 7205 47 30 7206 54 38 7207 53 37 7208 50 34 7209 55 39 7210 54 38 7211 52 36 7212 56 40 7213 45 29 7214 55 39 7215 60 3357 7216 54 38 7217 52 36 7218 58 3359 7219 56 40 7220 57 41 7221 58 3359 7222 52 36 7223 53 37 7224 59 3358 7225 57 41 7226 66 47 7227 68 50 7228 72 46 7229 65 3360 7230 67 43 7231 64 45 7232 66 47 7233 67 43 7234 65 3360 7235 62 3361 7236 68 50 7237 61 3362 7238 62 3361 7239 70 3363 7240 69 48 7241 70 3363 7242 64 45 7243 71 44 7244 68 50 7245 76 51 7246 72 46 7247 70 3363 7248 75 54 7249 74 3364 7250 70 3363 7251 74 3364 7252 69 48 7253 80 3365 7254 78 3366 7255 81 57 7256 67 43 7257 75 54 7258 71 44 7259 67 43 7260 77 3367 7261 75 54 7262 76 51 7263 77 3367 7264 67 43 7265 69 48 7266 78 3366 7267 73 49 7268 74 3364 7269 78 3366 7270 69 48 7271 77 3367 7272 79 3368 7273 75 54 7274 76 51 7275 79 3368 7276 77 3367 7277 73 49 7278 80 3365 7279 76 51 7280 78 3366 7281 82 55 7282 81 57 7283 79 3368 7284 84 59 7285 83 52 7286 75 54 7287 82 55 7288 74 3364 7289 80 3365 7290 84 59 7291 76 51 7292 79 3368 7293 83 52 7294 75 54 7295 86 53 7296 92 62 7297 91 70 7298 80 3365 7299 85 60 7300 84 59 7301 81 57 7302 85 60 7303 80 3365 7304 75 54 7305 86 53 7306 82 55 7307 81 57 7308 87 56 7309 85 60 7310 82 55 7311 89 64 7312 87 56 7313 86 53 7314 89 64 7315 82 55 7316 88 58 7317 90 61 7318 84 59 7319 84 59 7320 90 61 7321 83 52 7322 86 53 7323 91 70 7324 89 64 7325 90 61 7326 95 66 7327 96 72 7328 91 70 7329 93 63 7330 89 64 7331 87 56 7332 94 65 7333 88 58 7334 93 63 7335 94 65 7336 87 56 7337 111 81 7338 113 83 7339 117 80 7340 90 61 7341 96 72 7342 92 62 7343 92 62 7344 98 68 7345 91 70 7346 96 72 7347 98 68 7348 92 62 7349 91 70 7350 99 69 7351 93 63 7352 93 63 7353 100 3369 7354 97 67 7355 99 69 7356 100 3369 7357 93 63 7358 96 72 7359 101 71 7360 98 68 7361 97 67 7362 102 73 7363 95 66 7364 98 68 7365 103 74 7366 99 69 7367 100 3369 7368 104 75 7369 97 67 7370 99 69 7371 105 76 7372 100 3369 7373 110 3370 7374 112 77 7375 109 79 7376 111 81 7377 112 77 7378 110 3370 7379 106 3371 7380 114 3372 7381 113 83 7382 107 3373 7383 115 3374 7384 114 3372 7385 108 3375 7386 116 78 7387 115 3374 7388 113 83 7389 119 87 7390 118 82 7391 114 3372 7392 120 88 7393 119 87 7394 120 88 7395 116 78 7396 121 3376 7397 112 77 7398 121 3376 7399 116 78 7400 123 84 7401 126 91 7402 128 90 7403 117 80 7404 122 85 7405 112 77 7406 120 88 7407 125 3377 7408 124 86 7409 121 3376 7410 125 3377 7411 120 88 7412 127 3378 7413 123 84 7414 128 90 7415 124 86 7416 126 91 7417 118 82 7418 122 85 7419 127 3378 7420 121 3376 7421 125 3377 7422 130 92 7423 129 94 7424 125 3377 7425 129 94 7426 124 86 7427 130 92 7428 135 3379 7429 134 100 7430 127 3378 7431 130 92 7432 121 3376 7433 124 86 7434 131 103 7435 126 91 7436 129 94 7437 131 103 7438 124 86 7439 131 103 7440 132 89 7441 126 91 7442 129 94 7443 133 93 7444 131 103 7445 132 89 7446 136 96 7447 128 90 7448 130 92 7449 134 100 7450 133 93 7451 128 90 7452 135 3379 7453 127 3378 7454 137 97 7455 140 98 7456 134 100 7457 135 3379 7458 137 97 7459 134 100 7460 136 96 7461 137 97 7462 135 3379 7463 133 93 7464 138 99 7465 131 103 7466 134 100 7467 138 99 7468 133 93 7469 140 98 7470 144 104 7471 138 99 7472 139 95 7473 141 3380 7474 137 97 7475 131 103 7476 142 101 7477 132 89 7478 131 103 7479 143 102 7480 142 101 7481 141 3380 7482 148 107 7483 147 3381 7484 141 3380 7485 145 109 7486 140 98 7487 142 101 7488 146 105 7489 139 95 7490 146 105 7491 148 107 7492 139 95 7493 141 3380 7494 147 3381 7495 145 109 7496 145 109 7497 151 3382 7498 150 108 7499 143 102 7500 149 110 7501 146 105 7502 144 104 7503 149 110 7504 143 102 7505 151 3382 7506 148 107 7507 152 106 7508 155 3383 7509 166 116 7510 160 117 7511 146 105 7512 153 111 7513 152 106 7514 150 108 7515 154 112 7516 144 104 7517 159 3384 7518 161 113 7519 158 115 7520 160 117 7521 161 113 7522 159 3384 7523 156 3385 7524 162 3386 7525 155 3383 7526 156 3385 7527 164 119 7528 163 3387 7529 164 119 7530 158 115 7531 165 114 7532 166 116 7533 167 120 7534 171 122 7535 163 3387 7536 167 120 7537 162 3386 7538 168 124 7539 164 119 7540 169 118 7541 161 113 7542 171 122 7543 170 125 7544 161 113 7545 170 125 7546 165 114 7547 167 120 7548 174 123 7549 173 127 7550 165 114 7551 172 3388 7552 169 118 7553 170 125 7554 172 3388 7555 165 114 7556 167 120 7557 173 127 7558 175 121 7559 176 3389 7560 172 3388 7561 177 129 7562 169 118 7563 176 3389 7564 174 123 7565 172 3388 7566 178 130 7567 177 129 7568 181 3390 7569 176 3389 7570 182 3391 7571 175 121 7572 178 130 7573 170 125 7574 175 121 7575 180 128 7576 178 130 7577 174 123 7578 181 3390 7579 179 126 7580 176 3389 7581 183 3392 7582 182 3391 7583 184 131 7584 185 3393 7585 190 3394 7586 180 128 7587 183 3392 7588 177 129 7589 185 3393 7590 181 3390 7591 186 133 7592 181 3390 7593 187 134 7594 186 133 7595 182 3391 7596 188 3395 7597 187 134 7598 183 3392 7599 189 3396 7600 188 3395 7601 184 131 7602 189 3396 7603 180 128 7604 190 3394 7605 191 136 7606 195 3397 7607 192 132 7608 188 3395 7609 193 139 7610 186 133 7611 191 136 7612 185 3393 7613 193 139 7614 189 3396 7615 194 137 7616 189 3396 7617 195 3397 7618 194 137 7619 205 146 7620 198 141 7621 206 145 7622 191 136 7623 198 141 7624 195 3397 7625 192 132 7626 196 135 7627 186 133 7628 193 139 7629 197 138 7630 192 132 7631 195 3397 7632 198 141 7633 194 137 7634 196 135 7635 199 140 7636 191 136 7637 194 137 7638 201 143 7639 197 138 7640 197 138 7641 202 147 7642 200 142 7643 201 143 7644 202 147 7645 197 138 7646 196 135 7647 204 3398 7648 203 144 7649 200 142 7650 204 3398 7651 196 135 7652 206 145 7653 207 3399 7654 209 3400 7655 208 3401 7656 206 145 7657 209 3400 7658 204 3398 7659 207 3399 7660 203 144 7661 205 146 7662 208 3401 7663 202 147 7664 218 3402 7665 220 155 7666 224 154 7667 204 3398 7668 210 3403 7669 207 3399 7670 200 142 7671 210 3403 7672 204 3398 7673 202 147 7674 211 3404 7675 200 142 7676 208 3401 7677 211 3404 7678 202 147 7679 200 142 7680 212 3405 7681 210 3403 7682 211 3404 7683 212 3405 7684 200 142 7685 216 3406 7686 219 148 7687 215 150 7688 217 152 7689 219 148 7690 216 3406 7691 213 3407 7692 221 157 7693 220 155 7694 221 157 7695 215 150 7696 222 149 7697 218 3402 7698 223 151 7699 217 152 7700 226 156 7701 219 148 7702 227 162 7703 221 157 7704 225 153 7705 220 155 7706 227 162 7707 223 151 7708 228 158 7709 234 169 7710 230 161 7711 235 166 7712 221 157 7713 229 159 7714 225 153 7715 225 153 7716 230 161 7717 224 154 7718 224 154 7719 230 161 7720 228 158 7721 226 156 7722 232 163 7723 229 159 7724 231 160 7725 235 166 7726 230 161 7727 229 159 7728 233 164 7729 231 160 7730 228 158 7731 234 169 7732 227 162 7733 233 164 7734 236 165 7735 231 160 7736 245 182 7737 237 167 7738 246 3408 7739 235 166 7740 238 168 7741 234 169 7742 238 168 7743 239 171 7744 227 162 7745 238 168 7746 242 3409 7747 239 171 7748 240 170 7749 242 3409 7750 238 168 7751 242 3409 7752 243 174 7753 239 171 7754 240 170 7755 244 173 7756 242 3409 7757 236 165 7758 245 182 7759 244 173 7760 246 3408 7761 248 180 7762 247 179 7763 241 172 7764 246 3408 7765 237 167 7766 246 3408 7767 247 179 7768 245 182 7769 261 187 7770 256 186 7771 262 192 7772 243 174 7773 248 180 7774 241 172 7775 242 3409 7776 249 175 7777 243 174 7778 244 173 7779 249 175 7780 242 3409 7781 245 182 7782 251 177 7783 244 173 7784 243 174 7785 250 176 7786 248 180 7787 250 176 7788 252 178 7789 248 180 7790 245 182 7791 253 181 7792 251 177 7793 247 179 7794 255 3410 7795 253 181 7796 252 178 7797 255 3410 7798 247 179 7799 256 186 7800 260 185 7801 262 192 7802 258 188 7803 260 185 7804 257 184 7805 266 198 7806 263 190 7807 267 196 7808 261 187 7809 263 190 7810 258 188 7811 261 187 7812 265 194 7813 263 190 7814 262 192 7815 265 194 7816 261 187 7817 266 198 7818 269 195 7819 264 191 7820 267 196 7821 271 3411 7822 272 199 7823 268 193 7824 269 195 7825 267 196 7826 267 196 7827 272 199 7828 266 198 7829 270 197 7830 271 3411 7831 269 195 7832 266 198 7833 272 199 7834 270 197 7835 270 197 7836 273 3412 7837 271 3411 7838 272 199 7839 273 3412 7840 275 200 7841 270 197 7842 275 200 7843 274 3413 7844 274 3413 7845 276 203 7846 273 3412 7847 274 3413 7848 278 206 7849 277 205 7850 278 206 7851 273 3412 7852 276 203 7853 277 205 7854 281 202 7855 280 204 7856 277 205 7857 279 201 7858 276 203 7859 292 217 7860 294 219 7861 296 220 7862 285 207 7863 287 212 7864 282 208 7865 283 209 7866 286 211 7867 285 207 7868 284 210 7869 287 212 7870 286 211 7871 287 212 7872 289 214 7873 286 211 7874 288 213 7875 291 216 7876 285 207 7877 288 213 7878 292 217 7879 291 216 7880 291 216 7881 290 215 7882 289 214 7883 293 218 7884 294 219 7885 291 216 7886 298 223 7887 299 224 7888 301 228 7889 296 220 7890 295 221 7891 293 218 7892 300 225 7893 299 224 7894 295 221 7895 298 223 7896 301 228 7897 300 225 7898 301 228 7899 304 231 7900 303 227 7901 299 224 7902 302 226 7903 304 231 7904 300 225 7905 303 227 7906 302 226 7907 317 242 7908 312 233 7909 318 246 7910 304 231 7911 302 226 7912 306 230 7913 310 235 7914 313 237 7915 312 233 7916 308 239 7917 314 238 7918 315 240 7919 315 240 7920 316 241 7921 311 236 7922 317 242 7923 316 241 7924 315 240 7925 312 233 7926 319 243 7927 318 246 7928 328 3414 7929 331 251 7930 330 253 7931 318 246 7932 321 3415 7933 317 242 7934 316 241 7935 322 244 7936 319 243 7937 317 242 7938 321 3415 7939 322 244 7940 320 245 7941 321 3415 7942 318 246 7943 319 243 7944 322 244 7945 320 245 7946 325 3416 7947 328 3414 7948 324 247 7949 324 247 7950 328 3414 7951 327 248 7952 323 249 7953 331 251 7954 326 3417 7955 326 3417 7956 331 251 7957 325 3416 7958 327 248 7959 329 250 7960 323 249 7961 328 3414 7962 330 253 7963 327 248 7964 362 277 7965 360 273 7966 363 3418 7967 330 253 7968 333 254 7969 327 248 7970 327 248 7971 333 254 7972 329 250 7973 329 250 7974 336 255 7975 331 251 7976 330 253 7977 335 256 7978 333 254 7979 331 251 7980 336 255 7981 332 252 7982 335 256 7983 334 257 7984 333 254 7985 332 252 7986 336 255 7987 335 256 7988 336 255 7989 337 259 7990 335 256 7991 335 256 7992 339 260 7993 334 257 7994 334 257 7995 339 260 7996 338 258 7997 342 3419 7998 343 261 7999 341 263 8000 340 3420 8001 343 261 8002 342 3419 8003 341 263 8004 344 264 8005 340 3420 8006 340 3420 8007 344 264 8008 343 261 8009 344 264 8010 346 269 8011 348 267 8012 345 262 8013 346 269 8014 344 264 8015 344 264 8016 348 267 8017 343 261 8018 347 265 8019 346 269 8020 345 262 8021 343 261 8022 348 267 8023 347 265 8024 347 265 8025 351 271 8026 346 269 8027 347 265 8028 349 266 8029 351 271 8030 346 269 8031 351 271 8032 350 268 8033 351 271 8034 354 3421 8035 350 268 8036 350 268 8037 352 3422 8038 349 266 8039 351 271 8040 353 270 8041 354 3421 8042 352 3422 8043 353 270 8044 349 266 8045 350 268 8046 354 3421 8047 352 3422 8048 356 275 8049 358 3423 8050 357 272 8051 358 3423 8052 359 276 8053 357 272 8054 360 273 8055 358 3423 8056 356 275 8057 359 276 8058 361 278 8059 360 273 8060 358 3423 8061 362 277 8062 359 276 8063 361 278 8064 363 3418 8065 360 273 8066 383 293 8067 387 3424 8068 392 3425 8069 364 281 8070 369 284 8071 366 283 8072 365 279 8073 367 282 8074 368 280 8075 369 284 8076 371 286 8077 367 282 8078 370 285 8079 374 289 8080 369 284 8081 369 284 8082 374 289 8083 373 288 8084 375 297 8085 383 293 8086 380 295 8087 376 292 8088 381 291 8089 375 297 8090 378 3426 8091 382 298 8092 377 290 8093 379 294 8094 382 298 8095 378 3426 8096 377 290 8097 385 299 8098 381 291 8099 383 293 8100 386 300 8101 379 294 8102 387 3424 8103 381 291 8104 388 3427 8105 381 291 8106 389 302 8107 388 3427 8108 385 299 8109 390 303 8110 389 302 8111 386 300 8112 390 303 8113 382 298 8114 383 293 8115 391 304 8116 386 300 8117 392 3425 8118 394 309 8119 399 314 8120 387 3424 8121 395 307 8122 394 309 8123 389 302 8124 395 307 8125 388 3427 8126 393 301 8127 396 305 8128 389 302 8129 397 3428 8130 391 304 8131 398 313 8132 398 313 8133 392 3425 8134 399 314 8135 433 341 8136 432 335 8137 435 344 8138 395 307 8139 400 306 8140 394 309 8141 397 3428 8142 401 312 8143 396 305 8144 398 313 8145 401 312 8146 397 3428 8147 394 309 8148 402 308 8149 399 314 8150 401 312 8151 403 310 8152 396 305 8153 404 311 8154 405 315 8155 401 312 8156 400 306 8157 406 3429 8158 402 308 8159 403 310 8160 406 3429 8161 400 306 8162 399 314 8163 407 316 8164 404 311 8165 408 319 8166 410 318 8167 412 322 8168 409 317 8169 411 321 8170 410 318 8171 409 317 8172 412 322 8173 411 321 8174 416 3430 8175 415 324 8176 413 320 8177 414 323 8178 416 3430 8179 413 320 8180 411 321 8181 415 324 8182 414 323 8183 419 330 8184 420 326 8185 418 325 8186 417 327 8187 421 328 8188 419 330 8189 420 326 8190 423 332 8191 421 328 8192 422 329 8193 423 332 8194 420 326 8195 421 328 8196 426 334 8197 422 329 8198 422 329 8199 426 334 8200 425 333 8201 428 336 8202 430 338 8203 427 340 8204 427 340 8205 431 339 8206 429 337 8207 433 341 8208 434 342 8209 431 339 8210 435 344 8211 436 346 8212 438 349 8213 432 335 8214 434 342 8215 435 344 8216 433 341 8217 437 343 8218 434 342 8219 450 358 8220 454 362 8221 453 361 8222 437 343 8223 436 346 8224 434 342 8225 435 344 8226 438 349 8227 437 343 8228 438 349 8229 439 348 8230 437 343 8231 441 345 8232 439 348 8233 436 346 8234 442 351 8235 445 356 8236 444 353 8237 442 351 8238 446 350 8239 445 356 8240 445 356 8241 447 354 8242 444 353 8243 445 356 8244 448 355 8245 447 354 8246 447 354 8247 449 357 8248 446 350 8249 448 355 8250 450 358 8251 451 359 8252 447 354 8253 451 359 8254 449 357 8255 450 358 8256 452 360 8257 451 359 8258 489 394 8259 493 401 8260 494 400 8261 456 3431 8262 458 366 8263 455 363 8264 457 365 8265 458 366 8266 456 3431 8267 460 364 8268 459 367 8269 457 365 8270 462 368 8271 461 370 8272 459 367 8273 460 364 8274 463 369 8275 462 368 8276 461 370 8277 463 369 8278 458 366 8279 465 371 8280 464 372 8281 461 370 8282 463 369 8283 466 375 8284 465 371 8285 464 372 8286 466 375 8287 463 369 8288 465 371 8289 468 376 8290 467 373 8291 469 374 8292 468 376 8293 465 371 8294 464 372 8295 467 373 8296 469 374 8297 471 378 8298 470 377 8299 468 376 8300 472 379 8301 471 378 8302 469 374 8303 467 373 8304 470 377 8305 472 379 8306 470 377 8307 473 382 8308 475 381 8309 474 380 8310 473 382 8311 470 377 8312 475 381 8313 474 380 8314 471 378 8315 475 381 8316 476 383 8317 478 385 8318 477 384 8319 476 383 8320 473 382 8321 478 385 8322 477 384 8323 474 380 8324 480 396 8325 485 386 8326 479 388 8327 481 391 8328 486 390 8329 480 396 8330 483 3432 8331 487 392 8332 482 389 8333 484 387 8334 487 392 8335 483 3432 8336 485 386 8337 489 394 8338 484 387 8339 482 389 8340 488 393 8341 486 390 8342 480 396 8343 490 395 8344 485 386 8345 487 392 8346 492 398 8347 491 397 8348 493 401 8349 496 402 8350 495 399 8351 490 395 8352 493 401 8353 485 386 8354 489 394 8355 494 400 8356 492 398 8357 544 448 8358 546 449 8359 543 451 8360 491 397 8361 497 404 8362 486 390 8363 492 398 8364 497 404 8365 491 397 8366 486 390 8367 497 404 8368 496 402 8369 494 400 8370 498 403 8371 492 398 8372 501 406 8373 502 409 8374 500 410 8375 500 410 8376 503 408 8377 499 407 8378 509 418 8379 508 411 8380 505 413 8381 506 415 8382 509 418 8383 505 413 8384 506 415 8385 510 414 8386 509 418 8387 507 412 8388 508 411 8389 510 414 8390 509 418 8391 511 416 8392 508 411 8393 513 419 8394 511 416 8395 510 414 8396 508 411 8397 512 417 8398 513 419 8399 516 422 8400 517 423 8401 515 3433 8402 517 423 8403 514 420 8404 515 3433 8405 514 420 8406 519 424 8407 518 421 8408 516 422 8409 519 424 8410 517 423 8411 518 421 8412 521 426 8413 520 425 8414 519 424 8415 522 3434 8416 521 426 8417 520 425 8418 522 3434 8419 519 424 8420 524 428 8421 526 430 8422 523 431 8423 526 430 8424 528 433 8425 523 431 8426 523 431 8427 528 433 8428 527 427 8429 527 427 8430 529 432 8431 526 430 8432 528 433 8433 530 3435 8434 527 427 8435 527 427 8436 530 3435 8437 529 432 8438 533 435 8439 535 439 8440 532 438 8441 533 435 8442 534 434 8443 535 439 8444 540 440 8445 541 443 8446 537 441 8447 543 451 8448 548 450 8449 545 446 8450 567 472 8451 571 3436 8452 570 470 8453 549 457 8454 552 456 8455 551 452 8456 552 456 8457 553 453 8458 551 452 8459 559 461 8460 558 458 8461 555 460 8462 560 463 8463 559 461 8464 556 462 8465 557 459 8466 558 458 8467 560 463 8468 561 464 8469 564 467 8470 566 465 8471 565 469 8472 564 467 8473 562 468 8474 566 465 8475 565 469 8476 563 466 8477 568 3437 8478 572 473 8479 571 3436 8480 585 3438 8481 583 482 8482 586 481 8483 574 479 8484 576 477 8485 573 476 8486 575 475 8487 577 478 8488 574 479 8489 575 475 8490 578 474 8491 577 478 8492 585 3438 8493 584 483 8494 582 485 8495 579 480 8496 588 3439 8497 587 3440 8498 579 480 8499 587 3440 8500 586 481 8501 580 3441 8502 589 3442 8503 588 3439 8504 588 3439 8505 591 3443 8506 590 3444 8507 584 483 8508 589 3442 8509 581 484 8510 588 3439 8511 590 3444 8512 587 3440 8513 586 481 8514 592 3445 8515 597 486 8516 584 483 8517 591 3443 8518 589 3442 8519 590 3444 8520 592 3445 8521 587 3440 8522 593 3446 8523 591 3443 8524 594 3447 8525 591 3443 8526 595 490 8527 594 3447 8528 584 483 8529 596 488 8530 595 490 8531 586 481 8532 596 488 8533 585 3438 8534 592 3445 8535 602 491 8536 597 486 8537 596 488 8538 598 487 8539 595 490 8540 593 3446 8541 599 495 8542 592 3445 8543 594 3447 8544 599 495 8545 593 3446 8546 609 3448 8547 600 3449 8548 605 3450 8549 599 495 8550 600 3449 8551 592 3445 8552 595 490 8553 601 489 8554 594 3447 8555 594 3447 8556 603 493 8557 599 495 8558 601 489 8559 603 493 8560 594 3447 8561 603 493 8562 604 492 8563 599 495 8564 600 3449 8565 606 494 8566 605 3450 8567 601 489 8568 608 497 8569 607 496 8570 602 491 8571 608 497 8572 598 487 8573 605 3450 8574 616 503 8575 609 3448 8576 604 492 8577 610 500 8578 606 494 8579 607 496 8580 610 500 8581 604 492 8582 607 496 8583 611 498 8584 610 500 8585 606 494 8586 612 505 8587 605 3450 8588 610 500 8589 613 3451 8590 606 494 8591 608 497 8592 616 503 8593 615 502 8594 608 497 8595 615 502 8596 611 498 8597 613 3451 8598 618 504 8599 612 505 8600 612 505 8601 617 501 8602 616 503 8603 613 3451 8604 620 506 8605 619 510 8606 630 3452 8607 633 519 8608 636 3453 8609 615 502 8610 621 507 8611 611 498 8612 621 507 8613 622 508 8614 611 498 8615 618 504 8616 623 509 8617 617 501 8618 620 506 8619 624 511 8620 619 510 8621 622 508 8622 624 511 8623 620 506 8624 618 504 8625 624 511 8626 623 509 8627 623 509 8628 622 508 8629 621 507 8630 628 518 8631 632 517 8632 627 515 8633 629 516 8634 636 3453 8635 635 521 8636 632 517 8637 634 520 8638 627 515 8639 633 519 8640 642 524 8641 636 3453 8642 633 519 8643 638 3454 8644 637 522 8645 638 3454 8646 634 520 8647 639 526 8648 634 520 8649 640 527 8650 639 526 8651 640 527 8652 635 521 8653 641 529 8654 635 521 8655 642 524 8656 641 529 8657 645 3455 8658 638 3454 8659 646 3456 8660 641 529 8661 643 525 8662 640 527 8663 642 524 8664 644 523 8665 641 529 8666 637 522 8667 645 3455 8668 644 523 8669 638 3454 8670 647 3457 8671 646 3456 8672 645 3455 8673 654 531 8674 644 523 8675 643 525 8676 647 3457 8677 639 526 8678 645 3455 8679 650 535 8680 649 532 8681 650 535 8682 647 3457 8683 651 533 8684 647 3457 8685 652 538 8686 651 533 8687 652 538 8688 648 528 8689 653 536 8690 648 528 8691 654 531 8692 653 536 8693 649 532 8694 656 534 8695 655 530 8696 654 531 8697 658 539 8698 653 536 8699 652 538 8700 657 537 8701 651 533 8702 655 530 8703 659 3458 8704 654 531 8705 655 530 8706 661 3459 8707 660 3460 8708 655 530 8709 660 3460 8710 659 3458 8711 656 534 8712 662 542 8713 661 3459 8714 659 3458 8715 664 3461 8716 668 3462 8717 657 537 8718 662 542 8719 651 533 8720 657 537 8721 663 540 8722 662 542 8723 660 3460 8724 665 3463 8725 664 3461 8726 661 3459 8727 666 541 8728 665 3463 8729 667 3464 8730 659 3458 8731 668 3462 8732 658 539 8733 667 3464 8734 663 540 8735 668 3462 8736 670 551 8737 675 550 8738 667 3464 8739 669 543 8740 663 540 8741 670 551 8742 665 3463 8743 671 3465 8744 671 3465 8745 666 541 8746 672 546 8747 669 543 8748 672 546 8749 666 541 8750 669 543 8751 674 548 8752 673 544 8753 668 3462 8754 674 548 8755 667 3464 8756 671 3465 8757 677 545 8758 676 553 8759 671 3465 8760 676 553 8761 670 551 8762 679 552 8763 682 555 8764 677 545 8765 675 550 8766 678 547 8767 674 548 8768 676 553 8769 681 549 8770 670 551 8771 673 544 8772 679 552 8773 677 545 8774 675 550 8775 681 549 8776 678 547 8777 676 553 8778 682 555 8779 680 554 8780 679 552 8781 684 556 8782 683 561 8783 703 3466 8784 692 3467 8785 700 3468 8786 685 558 8787 680 554 8788 682 555 8789 683 561 8790 685 558 8791 682 555 8792 681 549 8793 686 557 8794 684 556 8795 680 554 8796 687 559 8797 686 557 8798 683 561 8799 688 560 8800 685 558 8801 686 557 8802 688 560 8803 684 556 8804 687 559 8805 689 563 8806 686 557 8807 685 558 8808 690 562 8809 687 559 8810 686 557 8811 691 564 8812 688 560 8813 689 563 8814 691 564 8815 686 557 8816 695 572 8817 698 565 8818 694 567 8819 696 570 8820 699 569 8821 695 572 8822 692 3467 8823 701 3469 8824 700 3468 8825 709 3470 8826 700 3468 8827 704 3471 8828 698 565 8829 701 3469 8830 693 566 8831 697 568 8832 703 3466 8833 699 569 8834 700 3468 8835 705 3472 8836 704 3471 8837 698 565 8838 705 3472 8839 701 3469 8840 698 565 8841 707 3473 8842 706 3474 8843 707 3473 8844 699 569 8845 708 3475 8846 708 3475 8847 703 3466 8848 709 3470 8849 709 3470 8850 710 3476 8851 715 573 8852 710 3476 8853 705 3472 8854 711 580 8855 711 580 8856 706 3474 8857 712 3477 8858 706 3474 8859 713 577 8860 712 3477 8861 707 3473 8862 714 575 8863 713 577 8864 709 3470 8865 714 575 8866 708 3475 8867 711 580 8868 720 3478 8869 719 578 8870 710 3476 8871 716 579 8872 715 573 8873 711 580 8874 716 579 8875 710 3476 8876 714 575 8877 717 574 8878 713 577 8879 713 577 8880 718 576 8881 712 3477 8882 722 3479 8883 719 578 8884 723 3480 8885 718 576 8886 720 3478 8887 712 3477 8888 716 579 8889 721 581 8890 715 573 8891 716 579 8892 722 3479 8893 721 581 8894 719 578 8895 724 3481 8896 723 3480 8897 720 3478 8898 725 3482 8899 724 3481 8900 718 576 8901 726 582 8902 725 3482 8903 722 3479 8904 732 3483 8905 721 581 8906 722 3479 8907 728 3484 8908 727 3485 8909 728 3484 8910 724 3481 8911 729 3486 8912 724 3481 8913 730 584 8914 729 3486 8915 730 584 8916 726 582 8917 731 585 8918 726 582 8919 732 3483 8920 731 585 8921 732 3483 8922 733 593 8923 737 3487 8924 727 3485 8925 734 591 8926 733 593 8927 728 3484 8928 735 587 8929 734 591 8930 736 583 8931 732 3483 8932 737 3487 8933 730 584 8934 735 587 8935 729 3486 8936 737 3487 8937 742 592 8938 743 597 8939 735 587 8940 739 588 8941 734 591 8942 737 3487 8943 740 589 8944 736 583 8945 734 591 8946 741 590 8947 733 593 8948 742 592 8949 745 595 8950 747 598 8951 737 3487 8952 743 597 8953 740 589 8954 744 594 8955 745 595 8956 739 588 8957 757 607 8958 761 3488 8959 760 610 8960 744 594 8961 746 596 8962 745 595 8963 750 601 8964 754 600 8965 749 608 8966 752 604 8967 755 603 8968 751 599 8969 748 3489 8970 756 605 8971 753 602 8972 749 608 8973 756 605 8974 748 3489 8975 749 608 8976 757 607 8977 756 605 8978 755 603 8979 758 609 8980 751 599 8981 756 605 8982 764 612 8983 759 606 8984 761 3488 8985 758 609 8986 762 615 8987 758 609 8988 763 616 8989 762 615 8990 763 616 8991 759 606 8992 764 612 8993 769 3490 8994 761 3488 8995 770 3491 8996 760 610 8997 765 611 8998 756 605 8999 765 611 9000 766 618 9001 764 612 9002 764 612 9003 766 618 9004 763 616 9005 765 611 9006 767 613 9007 766 618 9008 766 618 9009 768 614 9010 763 616 9011 760 610 9012 769 3490 9013 767 613 9014 761 3488 9015 771 3492 9016 770 3491 9017 773 623 9018 771 3492 9019 774 620 9020 768 614 9021 771 3492 9022 762 615 9023 770 3491 9024 773 623 9025 769 3490 9026 772 617 9027 775 3493 9028 777 3494 9029 768 614 9030 774 620 9031 771 3492 9032 769 3490 9033 775 3493 9034 767 613 9035 777 3494 9036 779 626 9037 781 627 9038 773 623 9039 776 622 9040 769 3490 9041 772 617 9042 777 3494 9043 768 614 9044 777 3494 9045 778 619 9046 768 614 9047 786 630 9048 783 625 9049 787 631 9050 776 622 9051 779 626 9052 775 3493 9053 777 3494 9054 781 627 9055 778 619 9056 774 620 9057 782 624 9058 780 621 9059 780 621 9060 783 625 9061 776 622 9062 778 619 9063 784 628 9064 782 624 9065 784 628 9066 785 629 9067 782 624 9068 784 628 9069 786 630 9070 788 632 9071 785 629 9072 787 631 9073 780 621 9074 787 631 9075 791 636 9076 790 3495 9077 786 630 9078 789 634 9079 788 632 9080 790 3495 9081 795 635 9082 793 3496 9083 788 632 9084 791 636 9085 785 629 9086 790 3495 9087 792 633 9088 787 631 9089 789 634 9090 795 635 9091 788 632 9092 792 633 9093 794 3497 9094 789 634 9095 790 3495 9096 793 3496 9097 792 633 9098 789 634 9099 794 3497 9100 795 635 9101 793 3496 9102 794 3497 9103 792 633 9104 816 655 9105 819 657 9106 811 651 9107 796 641 9108 800 640 9109 801 642 9110 799 638 9111 800 640 9112 797 639 9113 798 637 9114 801 642 9115 799 638 9116 800 640 9117 802 645 9118 801 642 9119 800 640 9120 803 646 9121 802 645 9122 799 638 9123 803 646 9124 800 640 9125 799 638 9126 804 643 9127 803 646 9128 802 645 9129 804 643 9130 801 642 9131 803 646 9132 806 647 9133 805 644 9134 804 643 9135 802 645 9136 806 647 9137 807 648 9138 808 3498 9139 806 647 9140 805 644 9141 810 650 9142 809 649 9143 808 3498 9144 810 650 9145 806 647 9146 807 648 9147 809 649 9148 808 3498 9149 810 650 9150 811 651 9151 809 649 9152 808 3498 9153 812 656 9154 810 650 9155 809 649 9156 812 656 9157 808 3498 9158 812 656 9159 811 651 9160 810 650 9161 809 649 9162 814 653 9163 812 656 9164 813 652 9165 815 654 9166 814 653 9167 826 3499 9168 822 662 9169 824 665 9170 815 654 9171 819 657 9172 818 659 9173 818 659 9174 820 661 9175 817 658 9176 817 658 9177 820 661 9178 819 657 9179 819 657 9180 823 663 9181 822 662 9182 823 663 9183 826 3499 9184 825 664 9185 823 663 9186 824 665 9187 822 662 9188 821 660 9189 826 3499 9190 820 661 9191 837 672 9192 840 680 9193 836 674 9194 827 668 9195 834 673 9196 831 666 9197 828 671 9198 834 673 9199 827 668 9200 829 667 9201 830 669 9202 828 671 9203 828 671 9204 833 670 9205 834 673 9206 829 667 9207 832 675 9208 830 669 9209 831 666 9210 832 675 9211 829 667 9212 831 666 9213 834 673 9214 832 675 9215 830 669 9216 835 676 9217 833 670 9218 834 673 9219 837 672 9220 832 675 9221 836 674 9222 835 676 9223 830 669 9224 835 676 9225 839 677 9226 837 672 9227 836 674 9228 840 680 9229 835 676 9230 841 679 9231 845 686 9232 844 683 9233 835 676 9234 840 680 9235 839 677 9236 839 677 9237 842 681 9238 841 679 9239 840 680 9240 843 682 9241 842 681 9242 841 679 9243 843 682 9244 838 678 9245 843 682 9246 845 686 9247 842 681 9248 841 679 9249 844 683 9250 843 682 9251 850 692 9252 847 685 9253 851 690 9254 844 683 9255 849 688 9256 848 687 9257 848 687 9258 847 685 9259 846 684 9260 849 688 9261 850 692 9262 853 689 9263 848 687 9264 851 690 9265 847 685 9266 866 704 9267 867 706 9268 868 708 9269 848 687 9270 853 689 9271 852 694 9272 850 692 9273 856 691 9274 853 689 9275 852 694 9276 855 695 9277 851 690 9278 852 694 9279 854 693 9280 855 695 9281 853 689 9282 856 691 9283 854 693 9284 859 697 9285 860 700 9286 858 699 9287 861 696 9288 860 700 9289 859 697 9290 863 702 9291 865 705 9292 862 701 9293 865 705 9294 864 703 9295 862 701 9296 866 704 9297 865 705 9298 863 702 9299 870 710 9300 874 717 9301 872 707 9302 871 711 9303 870 710 9304 867 706 9305 872 707 9306 871 711 9307 869 709 9308 871 711 9309 873 712 9310 870 710 9311 872 707 9312 876 714 9313 871 711 9314 874 717 9315 876 714 9316 872 707 9317 890 730 9318 895 734 9319 894 738 9320 871 711 9321 876 714 9322 873 712 9323 873 712 9324 877 715 9325 875 713 9326 877 715 9327 878 716 9328 875 713 9329 878 716 9330 880 719 9331 882 721 9332 881 720 9333 880 719 9334 877 715 9335 879 718 9336 882 721 9337 881 720 9338 887 723 9339 889 727 9340 884 724 9341 883 728 9342 890 730 9343 886 726 9344 889 727 9345 890 730 9346 883 728 9347 887 723 9348 893 733 9349 889 727 9350 891 729 9351 893 733 9352 887 723 9353 892 731 9354 896 732 9355 888 725 9356 890 730 9357 894 738 9358 892 731 9359 899 737 9360 902 741 9361 894 738 9362 896 732 9363 897 735 9364 893 733 9365 894 738 9366 901 740 9367 892 731 9368 896 732 9369 900 739 9370 897 735 9371 897 735 9372 903 3500 9373 899 737 9374 902 741 9375 909 749 9376 908 747 9377 898 736 9378 905 743 9379 900 739 9380 900 739 9381 907 745 9382 904 742 9383 906 744 9384 910 746 9385 905 743 9386 909 749 9387 907 745 9388 910 746 9389 904 742 9390 909 749 9391 903 3500 9392 906 744 9393 908 747 9394 910 746 9395 935 768 9396 938 778 9397 937 775 9398 908 747 9399 911 3501 9400 910 746 9401 909 749 9402 912 750 9403 908 747 9404 911 3501 9405 913 748 9406 910 746 9407 908 747 9408 912 750 9409 911 3501 9410 913 748 9411 915 755 9412 912 750 9413 911 3501 9414 914 752 9415 913 748 9416 912 750 9417 914 752 9418 911 3501 9419 913 748 9420 917 754 9421 915 755 9422 914 752 9423 917 754 9424 913 748 9425 915 755 9426 916 751 9427 912 750 9428 914 752 9429 918 753 9430 917 754 9431 916 751 9432 921 758 9433 918 753 9434 917 754 9435 919 757 9436 916 751 9437 919 757 9438 921 758 9439 916 751 9440 923 764 9441 928 759 9442 922 761 9443 926 3502 9444 929 3503 9445 925 767 9446 927 760 9447 929 3503 9448 926 3502 9449 925 767 9450 930 763 9451 924 765 9452 927 760 9453 931 762 9454 929 3503 9455 929 3503 9456 932 766 9457 925 767 9458 923 764 9459 933 3504 9460 928 759 9461 930 763 9462 933 3504 9463 923 764 9464 929 3503 9465 934 771 9466 932 766 9467 931 762 9468 934 771 9469 929 3503 9470 933 3504 9471 935 768 9472 928 759 9473 931 762 9474 936 769 9475 934 771 9476 935 768 9477 937 775 9478 936 769 9479 933 3504 9480 939 3505 9481 938 778 9482 940 770 9483 944 774 9484 943 779 9485 932 766 9486 939 3505 9487 930 763 9488 932 766 9489 941 772 9490 939 3505 9491 939 3505 9492 942 776 9493 938 778 9494 941 772 9495 942 776 9496 939 3505 9497 937 775 9498 944 774 9499 936 769 9500 940 770 9501 943 779 9502 941 772 9503 937 775 9504 946 777 9505 945 773 9506 948 781 9507 946 777 9508 949 3506 9509 941 772 9510 947 780 9511 942 776 9512 958 783 9513 963 800 9514 962 796 9515 942 776 9516 949 3506 9517 946 777 9518 944 774 9519 948 781 9520 943 779 9521 943 779 9522 950 782 9523 947 780 9524 950 782 9525 949 3506 9526 942 776 9527 943 779 9528 948 781 9529 950 782 9530 955 3507 9531 957 787 9532 954 789 9533 956 791 9534 957 787 9535 955 3507 9536 954 789 9537 959 788 9538 953 786 9539 956 791 9540 960 790 9541 957 787 9542 958 783 9543 961 792 9544 951 784 9545 958 783 9546 962 796 9547 961 792 9548 959 788 9549 965 795 9550 964 794 9551 959 788 9552 963 800 9553 953 786 9554 959 788 9555 964 794 9556 963 800 9557 968 798 9558 972 806 9559 976 805 9560 960 790 9561 965 795 9562 957 787 9563 961 792 9564 967 797 9565 960 790 9566 967 797 9567 968 798 9568 960 790 9569 963 800 9570 969 799 9571 962 796 9572 964 794 9573 971 802 9574 969 799 9575 972 806 9576 970 801 9577 973 810 9578 970 801 9579 974 808 9580 973 810 9581 975 803 9582 968 798 9583 976 805 9584 971 802 9585 974 808 9586 969 799 9587 980 812 9588 975 803 9589 981 816 9590 973 810 9591 977 804 9592 972 806 9593 974 808 9594 978 807 9595 973 810 9596 977 804 9597 982 814 9598 976 805 9599 971 802 9600 980 812 9601 978 807 9602 976 805 9603 981 816 9604 975 803 9605 982 814 9606 983 811 9607 985 815 9608 979 809 9609 984 813 9610 983 811 9611 984 813 9612 981 816 9613 985 815 9614 996 825 9615 1002 834 9616 1001 833 9617 983 811 9618 988 819 9619 985 815 9620 984 813 9621 986 818 9622 983 811 9623 983 811 9624 986 818 9625 988 819 9626 991 826 9627 996 825 9628 990 823 9629 996 825 9630 997 828 9631 990 823 9632 994 821 9633 999 827 9634 993 830 9635 999 827 9636 1000 831 9637 993 830 9638 996 825 9639 1001 833 9640 997 828 9641 999 827 9642 1003 3508 9643 1005 3509 9644 1000 831 9645 1002 834 9646 998 829 9647 1004 3510 9648 999 827 9649 1005 3509 9650 997 828 9651 1003 3508 9652 995 820 9653 1000 831 9654 1004 3510 9655 1002 834 9656 1003 3508 9657 1007 840 9658 1006 838 9659 1003 3508 9660 1006 838 9661 1005 3509 9662 1004 3510 9663 1011 837 9664 1010 843 9665 1001 833 9666 1007 840 9667 997 828 9668 1004 3510 9669 1008 832 9670 1002 834 9671 1001 833 9672 1009 835 9673 1007 840 9674 1006 838 9675 1011 837 9676 1005 3509 9677 1004 3510 9678 1010 843 9679 1008 832 9680 1007 840 9681 1012 836 9682 1006 838 9683 1014 841 9684 1010 843 9685 1015 842 9686 1017 3511 9687 1013 839 9688 1018 3512 9689 1011 837 9690 1016 844 9691 1015 842 9692 1012 836 9693 1017 3511 9694 1016 844 9695 1013 839 9696 1019 3513 9697 1018 3512 9698 1014 841 9699 1019 3513 9700 1009 835 9701 1019 3513 9702 1023 852 9703 1022 851 9704 1015 842 9705 1020 846 9706 1014 841 9707 1017 3511 9708 1025 3514 9709 1016 844 9710 1019 3513 9711 1022 851 9712 1018 3512 9713 1023 852 9714 1021 845 9715 1024 3515 9716 1021 845 9717 1025 3514 9718 1024 3515 9719 1026 848 9720 1018 3512 9721 1027 849 9722 1017 3511 9723 1026 848 9724 1025 3514 9725 1025 3514 9726 1028 847 9727 1031 855 9728 1022 851 9729 1027 849 9730 1018 3512 9731 1022 851 9732 1028 847 9733 1027 849 9734 1023 852 9735 1030 854 9736 1029 850 9737 1030 854 9738 1025 3514 9739 1031 855 9740 1029 850 9741 1034 853 9742 1033 856 9743 1032 858 9744 1031 855 9745 1028 847 9746 1029 850 9747 1032 858 9748 1028 847 9749 1031 855 9750 1032 858 9751 1034 853 9752 1029 850 9753 1033 856 9754 1032 858 9755 1043 861 9756 1045 3516 9757 1049 867 9758 1032 858 9759 1037 859 9760 1034 853 9761 1034 853 9762 1036 860 9763 1033 856 9764 1033 856 9765 1036 860 9766 1035 857 9767 1042 863 9768 1044 862 9769 1041 865 9770 1039 3517 9771 1045 3516 9772 1038 3518 9773 1039 3517 9774 1047 3519 9775 1046 3520 9776 1040 3521 9777 1048 864 9778 1047 3519 9779 1052 873 9780 1048 864 9781 1053 871 9782 1043 861 9783 1049 867 9784 1044 862 9785 1045 3516 9786 1050 868 9787 1049 867 9788 1046 3520 9789 1050 868 9790 1045 3516 9791 1050 868 9792 1051 866 9793 1049 867 9794 1047 3519 9795 1052 873 9796 1046 3520 9797 1055 870 9798 1051 866 9799 1056 869 9800 1044 862 9801 1053 871 9802 1048 864 9803 1046 3520 9804 1054 3522 9805 1050 868 9806 1052 873 9807 1054 3522 9808 1046 3520 9809 1059 3523 9810 1055 870 9811 1060 3524 9812 1050 868 9813 1057 874 9814 1056 869 9815 1054 3522 9816 1057 874 9817 1050 868 9818 1052 873 9819 1058 872 9820 1054 3522 9821 1057 874 9822 1061 876 9823 1056 869 9824 1053 871 9825 1059 3523 9826 1058 872 9827 1055 870 9828 1061 876 9829 1060 3524 9830 1058 872 9831 1062 877 9832 1054 3522 9833 1054 3522 9834 1062 877 9835 1057 874 9836 1059 3523 9837 1063 880 9838 1058 872 9839 1059 3523 9840 1065 882 9841 1064 886 9842 1065 882 9843 1061 876 9844 1066 875 9845 1068 879 9846 1076 889 9847 1075 888 9848 1057 874 9849 1067 878 9850 1066 875 9851 1065 882 9852 1069 881 9853 1064 886 9854 1064 886 9855 1070 883 9856 1063 880 9857 1066 875 9858 1071 884 9859 1069 881 9860 1067 878 9861 1073 887 9862 1071 884 9863 1069 881 9864 1074 891 9865 1072 885 9866 1071 884 9867 1074 891 9868 1069 881 9869 1073 887 9870 1077 890 9871 1071 884 9872 1085 3525 9873 1088 3526 9874 1091 902 9875 1075 888 9876 1078 892 9877 1073 887 9878 1076 889 9879 1079 893 9880 1075 888 9881 1078 892 9882 1080 894 9883 1077 890 9884 1074 891 9885 1080 894 9886 1079 893 9887 1087 899 9888 1086 895 9889 1082 897 9890 1089 3527 9891 1084 3528 9892 1090 903 9893 1086 895 9894 1088 3526 9895 1081 896 9896 1083 898 9897 1089 3527 9898 1087 899 9899 1084 3528 9900 1091 902 9901 1090 903 9902 1094 3529 9903 1087 899 9904 1095 908 9905 1088 3526 9906 1092 900 9907 1091 902 9908 1086 895 9909 1092 900 9910 1088 3526 9911 1092 900 9912 1098 905 9913 1093 901 9914 1086 895 9915 1094 3529 9916 1092 900 9917 1095 908 9918 1089 3527 9919 1096 906 9920 1089 3527 9921 1097 910 9922 1096 906 9923 1093 901 9924 1097 910 9925 1090 903 9926 1094 3529 9927 1102 907 9928 1101 3530 9929 1094 3529 9930 1099 904 9931 1092 900 9932 1099 904 9933 1100 913 9934 1098 905 9935 1098 905 9936 1100 913 9937 1097 910 9938 1094 3529 9939 1101 3530 9940 1099 904 9941 1105 912 9942 1109 3531 9943 1108 918 9944 1100 913 9945 1103 909 9946 1097 910 9947 1103 909 9948 1104 911 9949 1096 906 9950 1101 3530 9951 1105 912 9952 1099 904 9953 1105 912 9954 1106 914 9955 1100 913 9956 1106 914 9957 1107 915 9958 1103 909 9959 1105 912 9960 1108 918 9961 1106 914 9962 1101 3530 9963 1110 917 9964 1109 3531 9965 1113 919 9966 1115 3532 9967 1119 3533 9968 1104 911 9969 1110 917 9970 1102 907 9971 1107 915 9972 1111 916 9973 1104 911 9974 1109 3531 9975 1112 922 9976 1108 918 9977 1110 917 9978 1112 922 9979 1109 3531 9980 1106 914 9981 1113 919 9982 1107 915 9983 1110 917 9984 1114 920 9985 1112 922 9986 1112 922 9987 1115 3532 9988 1108 918 9989 1117 924 9990 1107 915 9991 1118 3534 9992 1111 916 9993 1117 924 9994 1114 920 9995 1113 919 9996 1118 3534 9997 1107 915 9998 1118 3534 9999 1121 925 10000 1117 924 10001 1133 935 10002 1134 936 10003 1130 932 10004 1119 3533 10005 1122 3535 10006 1118 3534 10007 1115 3532 10008 1122 3535 10009 1119 3533 10010 1120 923 10011 1123 926 10012 1116 921 10013 1116 921 10014 1123 926 10015 1115 3532 10016 1115 3532 10017 1123 926 10018 1122 3535 10019 1125 3536 10020 1127 930 10021 1124 927 10022 1126 929 10023 1128 931 10024 1125 3536 10025 1128 931 10026 1127 930 10027 1125 3536 10028 1129 928 10029 1130 932 10030 1132 934 10031 1131 933 10032 1130 932 10033 1127 930 10034 1132 934 10035 1131 933 10036 1128 931 10037 1143 945 10038 1141 940 10039 1144 947 10040 1133 935 10041 1136 937 10042 1135 943 10043 1132 934 10044 1137 938 10045 1131 933 10046 1134 936 10047 1137 938 10048 1132 934 10049 1135 943 10050 1138 939 10051 1134 936 10052 1134 936 10053 1141 940 10054 1137 938 10055 1135 943 10056 1140 942 10057 1138 939 10058 1139 941 10059 1140 942 10060 1136 937 10061 1138 939 10062 1142 944 10063 1141 940 10064 1142 944 10065 1144 947 10066 1141 940 10067 1143 945 10068 1142 944 10069 1140 942 10070 1142 944 10071 1146 948 10072 1144 947 10073 1143 945 10074 1146 948 10075 1145 946 10076 1155 958 10077 1153 954 10078 1156 959 10079 1147 949 10080 1148 950 10081 1150 952 10082 1145 946 10083 1149 951 10084 1148 950 10085 1146 948 10086 1150 952 10087 1149 951 10088 1148 950 10089 1151 956 10090 1150 952 10091 1148 950 10092 1152 953 10093 1151 956 10094 1149 951 10095 1153 954 10096 1152 953 10097 1151 956 10098 1153 954 10099 1150 952 10100 1154 955 10101 1157 960 10102 1151 956 10103 1152 953 10104 1155 958 10105 1154 955 10106 1153 954 10107 1157 960 10108 1156 959 10109 1161 961 10110 1154 955 10111 1158 964 10112 1176 978 10113 1177 3537 10114 1179 3538 10115 1159 966 10116 1158 964 10117 1154 955 10118 1155 958 10119 1159 966 10120 1154 955 10121 1156 959 10122 1161 961 10123 1160 957 10124 1160 957 10125 1159 966 10126 1155 958 10127 1158 964 10128 1164 963 10129 1161 961 10130 1159 966 10131 1162 962 10132 1158 964 10133 1160 957 10134 1163 965 10135 1159 966 10136 1161 961 10137 1163 965 10138 1160 957 10139 1164 963 10140 1163 965 10141 1161 961 10142 1165 969 10143 1169 972 10144 1170 967 10145 1167 968 10146 1168 970 10147 1166 971 10148 1170 967 10149 1171 973 10150 1167 968 10151 1169 972 10152 1173 975 10153 1170 967 10154 1168 970 10155 1174 976 10156 1169 972 10157 1168 970 10158 1172 974 10159 1174 976 10160 1173 975 10161 1172 974 10162 1171 973 10163 1169 972 10164 1174 976 10165 1173 975 10166 1172 974 10167 1178 979 10168 1174 976 10169 1178 979 10170 1175 977 10171 1174 976 10172 1177 3537 10173 1180 982 10174 1182 3539 10175 1175 977 10176 1177 3537 10177 1173 975 10178 1175 977 10179 1178 979 10180 1177 3537 10181 1176 978 10182 1179 3538 10183 1178 979 10184 1180 982 10185 1179 3538 10186 1181 984 10187 1179 3538 10188 1182 3539 10189 1181 984 10190 1194 991 10191 1189 987 10192 1192 994 10193 1180 982 10194 1185 981 10195 1182 3539 10196 1181 984 10197 1183 980 10198 1180 982 10199 1182 3539 10200 1185 981 10201 1181 984 10202 1185 981 10203 1184 983 10204 1181 984 10205 1184 983 10206 1187 988 10207 1183 980 10208 1187 988 10209 1186 985 10210 1183 980 10211 1184 983 10212 1188 986 10213 1187 988 10214 1186 985 10215 1188 986 10216 1185 981 10217 1189 987 10218 1191 990 10219 1186 985 10220 1187 988 10221 1190 989 10222 1189 987 10223 1188 986 10224 1191 990 10225 1190 989 10226 1191 990 10227 1193 992 10228 1190 989 10229 1189 987 10230 1193 992 10231 1192 994 10232 1195 993 10233 1193 992 10234 1197 996 10235 1194 991 10236 1196 995 10237 1193 992 10238 1195 993 10239 1196 995 10240 1194 991 10241 1204 1002 10242 1206 1005 10243 1201 998 10244 1198 1001 10245 1203 1003 10246 1204 1002 10247 1202 1000 10248 1205 1006 10249 1203 1003 10250 1201 998 10251 1205 1006 10252 1202 1000 10253 1211 1010 10254 1213 1012 10255 1215 1015 10256 1207 1004 10257 1208 1007 10258 1209 1008 10259 1205 1006 10260 1211 1010 10261 1210 1009 10262 1210 1009 10263 1215 1015 10264 1214 1017 10265 1212 1011 10266 1213 1012 10267 1208 1007 10268 1210 1009 10269 1214 1017 10270 1212 1011 10271 1217 1014 10272 1216 1013 10273 1218 1019 10274 1214 1017 10275 1216 1013 10276 1212 1011 10277 1215 1015 10278 1217 1014 10279 1214 1017 10280 1214 1017 10281 1218 1019 10282 1216 1013 10283 1224 3540 10284 1227 1025 10285 1223 1024 10286 1214 1017 10287 1219 1016 10288 1218 1019 10289 1217 1014 10290 1221 1021 10291 1219 1016 10292 1218 1019 10293 1222 1020 10294 1217 1014 10295 1222 1020 10296 1221 1021 10297 1217 1014 10298 1225 1023 10299 1226 1029 10300 1224 3540 10301 1223 1024 10302 1227 1025 10303 1229 1022 10304 1232 1030 10305 1234 1031 10306 1230 1026 10307 1226 1029 10308 1228 1028 10309 1224 3540 10310 1225 1023 10311 1229 1022 10312 1226 1029 10313 1231 1027 10314 1233 1033 10315 1228 1028 10316 1235 1035 10317 1238 1038 10318 1237 1034 10319 1232 1030 10320 1236 1032 10321 1235 1035 10322 1237 1034 10323 1239 1036 10324 1234 1031 10325 1238 1038 10326 1233 1033 10327 1239 1036 10328 1252 1049 10329 1247 1048 10330 1253 3541 10331 1239 1036 10332 1240 1040 10333 1238 1038 10334 1237 1034 10335 1241 3542 10336 1239 1036 10337 1237 1034 10338 1242 1037 10339 1241 3542 10340 1240 1040 10341 1242 1037 10342 1238 1038 10343 1241 3542 10344 1243 1039 10345 1239 1036 10346 1240 1040 10347 1244 1042 10348 1242 1037 10349 1241 3542 10350 1246 1043 10351 1243 1039 10352 1242 1037 10353 1246 1043 10354 1241 3542 10355 1243 1039 10356 1246 1043 10357 1245 1041 10358 1247 1048 10359 1250 1047 10360 1253 3541 10361 1251 1045 10362 1250 1047 10363 1248 1046 10364 1249 1044 10365 1252 1049 10366 1251 1045 10367 1259 1056 10368 1254 1052 10369 1257 1055 10370 1250 1047 10371 1254 1052 10372 1253 3541 10373 1251 1045 10374 1254 1052 10375 1250 1047 10376 1255 1050 10377 1256 1051 10378 1251 1045 10379 1258 1053 10380 1253 3541 10381 1259 1056 10382 1256 1051 10383 1257 1055 10384 1254 1052 10385 1259 1056 10386 1262 1058 10387 1261 1057 10388 1261 1057 10389 1260 1054 10390 1258 1053 10391 1264 1059 10392 1268 1062 10393 1267 1065 10394 1260 1054 10395 1263 1060 10396 1262 1058 10397 1265 1061 10398 1263 1060 10399 1260 1054 10400 1261 1057 10401 1264 1059 10402 1265 1061 10403 1267 1065 10404 1266 1067 10405 1264 1059 10406 1264 1059 10407 1268 1062 10408 1265 1061 10409 1278 1077 10410 1276 1072 10411 1279 1074 10412 1267 1065 10413 1269 1064 10414 1266 1067 10415 1268 1062 10416 1270 1063 10417 1267 1065 10418 1266 1067 10419 1271 1066 10420 1268 1062 10421 1268 1062 10422 1271 1066 10423 1270 1063 10424 1272 1069 10425 1277 1076 10426 1274 1071 10427 1275 1068 10428 1277 1076 10429 1272 1069 10430 1273 1070 10431 1278 1077 10432 1275 1068 10433 1280 1073 10434 1282 1078 10435 1279 1074 10436 1277 1076 10437 1280 1073 10438 1274 1071 10439 1282 1078 10440 1287 1079 10441 1286 1083 10442 1281 1075 10443 1287 1079 10444 1280 1073 10445 1281 1075 10446 1284 1081 10447 1287 1079 10448 1281 1075 10449 1285 3543 10450 1284 1081 10451 1282 1078 10452 1285 3543 10453 1281 1075 10454 1282 1078 10455 1286 1083 10456 1285 3543 10457 1293 1090 10458 1295 1091 10459 1292 1084 10460 1285 3543 10461 1288 1085 10462 1284 1081 10463 1284 1081 10464 1286 1083 10465 1287 1079 10466 1284 1081 10467 1289 1088 10468 1290 1082 10469 1288 1085 10470 1289 1088 10471 1284 1081 10472 1286 1083 10473 1288 1085 10474 1285 3543 10475 1288 1085 10476 1291 1086 10477 1289 1088 10478 1290 1082 10479 1292 1084 10480 1286 1083 10481 1289 1088 10482 1293 1090 10483 1290 1082 10484 1290 1082 10485 1293 1090 10486 1292 1084 10487 1289 1088 10488 1294 1087 10489 1293 1090 10490 1291 1086 10491 1295 1091 10492 1294 1087 10493 1300 1096 10494 1307 1106 10495 1306 1105 10496 1295 1091 10497 1298 3544 10498 1294 1087 10499 1296 1089 10500 1299 1093 10501 1295 1091 10502 1298 3544 10503 1297 1092 10504 1294 1087 10505 1295 1091 10506 1299 1093 10507 1298 3544 10508 1303 1094 10509 1305 1099 10510 1302 1095 10511 1300 1096 10512 1306 1105 10513 1303 1094 10514 1315 1109 10515 1313 1107 10516 1316 1112 10517 1304 1097 10518 1307 1106 10519 1301 1098 10520 1306 1105 10521 1308 1100 10522 1303 1094 10523 1304 1097 10524 1309 1102 10525 1307 1106 10526 1309 1102 10527 1311 1104 10528 1307 1106 10529 1305 1099 10530 1312 1103 10531 1310 1101 10532 1309 1102 10533 1314 1108 10534 1311 1104 10535 1317 1110 10536 1312 1103 10537 1315 1109 10538 1311 1104 10539 1316 1112 10540 1313 1107 10541 1332 1124 10542 1339 1131 10543 1338 1129 10544 1314 1108 10545 1318 1111 10546 1311 1104 10547 1317 1110 10548 1318 1111 10549 1314 1108 10550 1315 1109 10551 1319 3545 10552 1320 1113 10553 1316 1112 10554 1319 3545 10555 1315 1109 10556 1317 1110 10557 1320 1113 10558 1318 1111 10559 1318 1111 10560 1319 3545 10561 1316 1112 10562 1325 3546 10563 1327 1118 10564 1324 1120 10565 1326 1122 10566 1327 1118 10567 1325 3546 10568 1324 1120 10569 1329 1119 10570 1323 1117 10571 1329 1119 10572 1330 1123 10573 1323 1117 10574 1326 1122 10575 1331 1121 10576 1327 1118 10577 1321 1115 10578 1332 1124 10579 1331 1121 10580 1327 1118 10581 1333 1126 10582 1329 1119 10583 1331 1121 10584 1333 1126 10585 1327 1118 10586 1329 1119 10587 1335 1127 10588 1330 1123 10589 1330 1123 10590 1336 1130 10591 1334 1125 10592 1335 1127 10593 1336 1130 10594 1330 1123 10595 1331 1121 10596 1337 1128 10597 1333 1126 10598 1346 1137 10599 1349 1140 10600 1348 1141 10601 1333 1126 10602 1340 1136 10603 1335 1127 10604 1337 1128 10605 1340 1136 10606 1333 1126 10607 1337 1128 10608 1341 1132 10609 1340 1136 10610 1336 1130 10611 1342 1133 10612 1339 1131 10613 1338 1129 10614 1343 1134 10615 1341 1132 10616 1336 1130 10617 1344 1138 10618 1342 1133 10619 1335 1127 10620 1344 1138 10621 1336 1130 10622 1341 1132 10623 1345 1135 10624 1340 1136 10625 1345 1135 10626 1346 1137 10627 1335 1127 10628 1343 1134 10629 1349 1140 10630 1341 1132 10631 1344 1138 10632 1347 1139 10633 1342 1133 10634 1341 1132 10635 1349 1140 10636 1345 1135 10637 1344 1138 10638 1348 1141 10639 1347 1139 10640 1355 1148 10641 1351 1147 10642 1356 1146 10643 1352 1143 10644 1353 1145 10645 1351 1147 10646 1354 1142 10647 1357 1149 10648 1358 1150 10649 1354 1142 10650 1353 1145 10651 1352 1143 10652 1358 1150 10653 1356 1146 10654 1353 1145 10655 1359 1151 10656 1362 3547 10657 1361 1153 10658 1360 1152 10659 1363 1156 10660 1357 1149 10661 1359 1151 10662 1361 1153 10663 1360 1152 10664 1357 1149 10665 1362 3547 10666 1358 1150 10667 1362 3547 10668 1364 1154 10669 1361 1153 10670 1365 1157 10671 1367 3548 10672 1364 1154 10673 1363 1156 10674 1365 1157 10675 1362 3547 10676 1364 1154 10677 1366 1155 10678 1360 1152 10679 1364 1154 10680 1367 3548 10681 1366 1155 10682 1367 3548 10683 1371 1160 10684 1370 3549 10685 1369 3550 10686 1368 3551 10687 1365 1157 10688 1366 1155 10689 1369 3550 10690 1365 1157 10691 1367 3548 10692 1370 3549 10693 1366 1155 10694 1366 1155 10695 1370 3549 10696 1369 3550 10697 1373 1159 10698 1370 3549 10699 1371 1160 10700 1368 3551 10701 1372 1162 10702 1367 3548 10703 1369 3550 10704 1373 1159 10705 1368 3551 10706 1372 1162 10707 1376 1163 10708 1371 1160 10709 1368 3551 10710 1373 1159 10711 1372 1162 10712 1378 1165 10713 1374 1158 10714 1376 1163 10715 1373 1159 10716 1378 1165 10717 1375 1161 10718 1376 1163 10719 1380 1169 10720 1379 1168 10721 1376 1163 10722 1382 3552 10723 1378 1165 10724 1377 1164 10725 1381 1166 10726 1380 1169 10727 1382 3552 10728 1381 1166 10729 1378 1165 10730 1380 1169 10731 1383 3553 10732 1386 1167 10733 1382 3552 10734 1384 3554 10735 1381 1166 10736 1379 1168 10737 1385 1170 10738 1382 3552 10739 1388 3555 10740 1386 1167 10741 1389 1172 10742 1381 1166 10743 1384 3554 10744 1383 3553 10745 1382 3552 10746 1385 1170 10747 1384 3554 10748 1383 3553 10749 1387 1171 10750 1386 1167 10751 1384 3554 10752 1387 1171 10753 1383 3553 10754 1385 1170 10755 1388 3555 10756 1384 3554 10757 1404 1185 10758 1403 3556 10759 1405 1190 10760 1388 3555 10761 1387 1171 10762 1384 3554 10763 1392 1174 10764 1393 1176 10765 1391 1178 10766 1394 1177 10767 1395 1179 10768 1391 1178 10769 1392 1174 10770 1396 1173 10771 1393 1176 10772 1390 1175 10773 1397 3557 10774 1396 1173 10775 1395 1179 10776 1397 3557 10777 1390 1175 10778 1396 1173 10779 1394 1177 10780 1393 1176 10781 1395 1179 10782 1398 1181 10783 1397 3557 10784 1397 3557 10785 1399 1183 10786 1396 1173 10787 1396 1173 10788 1399 1183 10789 1400 1180 10790 1394 1177 10791 1400 1180 10792 1395 1179 10793 1398 1181 10794 1399 1183 10795 1397 3557 10796 1400 1180 10797 1403 3556 10798 1398 1181 10799 1400 1180 10800 1401 1184 10801 1403 3556 10802 1399 1183 10803 1402 1182 10804 1401 1184 10805 1398 1181 10806 1403 3556 10807 1402 1182 10808 1402 1182 10809 1404 1185 10810 1401 1184 10811 1403 3556 10812 1406 1186 10813 1405 1190 10814 1405 1190 10815 1410 3558 10816 1409 1189 10817 1404 1185 10818 1407 1188 10819 1406 1186 10820 1407 1188 10821 1410 3558 10822 1406 1186 10823 1405 1190 10824 1408 1187 10825 1404 1185 10826 1410 3558 10827 1411 1191 10828 1414 1193 10829 1408 1187 10830 1411 1191 10831 1407 1188 10832 1408 1187 10833 1413 1195 10834 1412 3559 10835 1409 1189 10836 1414 1193 10837 1413 1195 10838 1418 1196 10839 1417 1194 10840 1421 1199 10841 1412 3559 10842 1415 1197 10843 1411 1191 10844 1413 1195 10845 1415 1197 10846 1412 3559 10847 1416 1192 10848 1417 1194 10849 1414 1193 10850 1415 1197 10851 1416 1192 10852 1411 1191 10853 1413 1195 10854 1417 1194 10855 1415 1197 10856 1418 1196 10857 1420 3560 10858 1416 1192 10859 1428 1207 10860 1431 1210 10861 1427 1202 10862 1416 1192 10863 1420 3560 10864 1419 1198 10865 1418 1196 10866 1422 1200 10867 1420 3560 10868 1420 3560 10869 1423 1201 10870 1419 1198 10871 1420 3560 10872 1422 1200 10873 1423 1201 10874 1424 1203 10875 1427 1202 10876 1429 1205 10877 1429 1205 10878 1428 1207 10879 1426 1206 10880 1427 1202 10881 1431 1210 10882 1430 1208 10883 1428 1207 10884 1433 3561 10885 1432 3562 10886 1432 3562 10887 1434 1209 10888 1431 1210 10889 1429 1205 10890 1430 1208 10891 1433 3561 10892 1430 1208 10893 1434 1209 10894 1437 1213 10895 1435 3563 10896 1433 3561 10897 1436 1212 10898 1433 3561 10899 1437 1213 10900 1436 1212 10901 1437 1213 10902 1438 3564 10903 1440 1211 10904 1438 3564 10905 1435 3563 10906 1439 1214 10907 1440 1211 10908 1441 1218 10909 1443 1217 10910 1435 3563 10911 1436 1212 10912 1439 1214 10913 1438 3564 10914 1442 1215 10915 1441 1218 10916 1444 1216 10917 1442 1215 10918 1445 1220 10919 1440 1211 10920 1446 1221 10921 1442 1215 10922 1440 1211 10923 1443 1217 10924 1446 1221 10925 1449 3565 10926 1444 1216 10927 1447 1223 10928 1442 1215 10929 1446 1221 10930 1445 1220 10931 1446 1221 10932 1449 3565 10933 1448 1219 10934 1445 1220 10935 1447 1223 10936 1444 1216 10937 1448 1219 10938 1452 1224 10939 1451 1225 10940 1447 1223 10941 1452 1224 10942 1449 3565 10943 1454 3566 10944 1457 1226 10945 1453 3567 10946 1453 3567 10947 1457 1226 10948 1456 1228 10949 1459 3568 10950 1461 1230 10951 1458 1229 10952 1459 3568 10953 1458 1229 10954 1454 3566 10955 1455 3569 10956 1459 3568 10957 1454 3566 10958 1456 1228 10959 1460 1227 10960 1455 3569 10961 1460 1227 10962 1459 3568 10963 1455 3569 10964 1457 1226 10965 1463 1233 10966 1460 1227 10967 1457 1226 10968 1461 1230 10969 1463 1233 10970 1460 1227 10971 1462 1232 10972 1459 3568 10973 1461 1230 10974 1465 1235 10975 1464 3570 10976 1461 1230 10977 1464 3570 10978 1463 1233 10979 1464 3570 10980 1469 1236 10981 1463 1233 10982 1462 1232 10983 1466 1231 10984 1465 1235 10985 1464 3570 10986 1468 1234 10987 1467 1237 10988 1467 1237 10989 1470 3571 10990 1472 1239 10991 1466 1231 10992 1469 1236 10993 1468 1234 10994 1469 1236 10995 1470 3571 10996 1468 1234 10997 1471 1238 10998 1473 1242 10999 1470 3571 11000 1470 3571 11001 1473 1242 11002 1472 1239 11003 1475 1240 11004 1478 1244 11005 1473 1242 11006 1472 1239 11007 1476 1243 11008 1475 1240 11009 1505 1270 11010 1509 3572 11011 1508 1275 11012 1476 1243 11013 1477 1246 11014 1475 1240 11015 1476 1243 11016 1481 1248 11017 1477 1246 11018 1479 3573 11019 1482 1245 11020 1478 1244 11021 1478 1244 11022 1480 1247 11023 1479 3573 11024 1477 1246 11025 1481 1248 11026 1480 1247 11027 1482 1245 11028 1483 1249 11029 1481 1248 11030 1479 3573 11031 1484 1251 11032 1482 1245 11033 1480 1247 11034 1484 1251 11035 1479 3573 11036 1481 1248 11037 1485 1250 11038 1480 1247 11039 1485 1250 11040 1484 1251 11041 1480 1247 11042 1486 1254 11043 1491 1255 11044 1488 3574 11045 1488 3574 11046 1490 1256 11047 1487 1252 11048 1491 1255 11049 1490 1256 11050 1488 3574 11051 1492 1257 11052 1494 1259 11053 1491 1255 11054 1489 1253 11055 1493 1258 11056 1492 1257 11057 1493 1258 11058 1495 1260 11059 1492 1257 11060 1494 1259 11061 1495 1260 11062 1496 1261 11063 1493 1258 11064 1498 1266 11065 1495 1260 11066 1493 1258 11067 1497 1262 11068 1498 1266 11069 1498 1266 11070 1499 1263 11071 1495 1260 11072 1496 1261 11073 1500 1264 11074 1497 1262 11075 1497 1262 11076 1501 1265 11077 1498 1266 11078 1497 1262 11079 1500 1264 11080 1501 1265 11081 1499 1263 11082 1503 1268 11083 1502 1267 11084 1504 1269 11085 1503 1268 11086 1501 1265 11087 1502 1267 11088 1504 1269 11089 1500 1264 11090 1503 1268 11091 1506 1271 11092 1505 1270 11093 1507 1272 11094 1506 1271 11095 1504 1269 11096 1502 1267 11097 1505 1270 11098 1507 1272 11099 1509 3572 11100 1507 1272 11101 1510 1274 11102 1507 1272 11103 1508 1275 11104 1510 1274 11105 1510 1274 11106 1511 3575 11107 1509 3572 11108 1509 3572 11109 1511 3575 11110 1508 1275 11111 1520 1280 11112 1525 1289 11113 1524 1287 11114 1508 1275 11115 1511 3575 11116 1513 1273 11117 1516 1284 11118 1519 1283 11119 1515 1277 11120 1517 1281 11121 1521 1282 11122 1516 1284 11123 1519 1283 11124 1522 1286 11125 1515 1277 11126 1517 1281 11127 1523 1285 11128 1521 1282 11129 1527 3576 11130 1523 1285 11131 1528 1292 11132 1522 1286 11133 1525 1289 11134 1518 1278 11135 1519 1283 11136 1526 1288 11137 1522 1286 11138 1524 1287 11139 1528 1292 11140 1523 1285 11141 1521 1282 11142 1527 3576 11143 1526 1288 11144 1525 1289 11145 1531 1295 11146 1530 1294 11147 1524 1287 11148 1529 1290 11149 1528 1292 11150 1525 1289 11151 1530 1294 11152 1529 1290 11153 1526 1288 11154 1531 1295 11155 1522 1286 11156 1526 1288 11157 1533 3577 11158 1532 3578 11159 1527 3576 11160 1534 1291 11161 1533 3577 11162 1538 3579 11163 1529 1290 11164 1535 1302 11165 1533 3577 11166 1538 3579 11167 1537 1299 11168 1530 1294 11169 1535 1302 11170 1529 1290 11171 1532 3578 11172 1536 1293 11173 1531 1295 11174 1533 3577 11175 1537 1299 11176 1532 3578 11177 1544 1300 11178 1540 1296 11179 1545 1304 11180 1532 3578 11181 1539 1298 11182 1536 1293 11183 1537 1299 11184 1539 1298 11185 1532 3578 11186 1530 1294 11187 1540 1296 11188 1535 1302 11189 1535 1302 11190 1541 1301 11191 1538 3579 11192 1538 3579 11193 1541 1301 11194 1537 1299 11195 1536 1293 11196 1542 1303 11197 1540 1296 11198 1539 1298 11199 1542 1303 11200 1536 1293 11201 1541 1301 11202 1543 1297 11203 1537 1299 11204 1543 1297 11205 1549 3580 11206 1548 1309 11207 1539 1298 11208 1546 1306 11209 1542 1303 11210 1543 1297 11211 1546 1306 11212 1539 1298 11213 1544 1300 11214 1549 3580 11215 1541 1301 11216 1543 1297 11217 1548 1309 11218 1546 1306 11219 1551 1308 11220 1553 3581 11221 1552 1311 11222 1548 1309 11223 1550 1307 11224 1546 1306 11225 1545 1304 11226 1551 1308 11227 1544 1300 11228 1544 1300 11229 1551 1308 11230 1549 3580 11231 1551 1308 11232 1552 1311 11233 1549 3580 11234 1549 3580 11235 1552 1311 11236 1548 1309 11237 1553 3581 11238 1550 1307 11239 1554 1310 11240 1559 1313 11241 1561 3582 11242 1560 1319 11243 1557 1315 11244 1558 1318 11245 1556 1312 11246 1570 1325 11247 1574 1329 11248 1575 1331 11249 1558 1318 11250 1561 3582 11251 1556 1312 11252 1557 1315 11253 1563 1316 11254 1562 1317 11255 1562 1317 11256 1561 3582 11257 1558 1318 11258 1563 1316 11259 1564 1320 11260 1565 1326 11261 1566 1321 11262 1560 1319 11263 1561 3582 11264 1562 1317 11265 1566 1321 11266 1561 3582 11267 1563 1316 11268 1565 1326 11269 1562 1317 11270 1560 1319 11271 1566 1321 11272 1564 1320 11273 1562 1317 11274 1567 1323 11275 1566 1321 11276 1565 1326 11277 1567 1323 11278 1562 1317 11279 1568 1322 11280 1565 1326 11281 1564 1320 11282 1565 1326 11283 1570 1325 11284 1567 1323 11285 1568 1322 11286 1571 1328 11287 1570 1325 11288 1569 1324 11289 1571 1328 11290 1568 1322 11291 1567 1323 11292 1572 1327 11293 1569 1324 11294 1570 1325 11295 1573 3583 11296 1572 1327 11297 1575 1331 11298 1573 3583 11299 1570 1325 11300 1577 1334 11301 1572 1327 11302 1578 1335 11303 1573 3583 11304 1575 1331 11305 1572 1327 11306 1574 1329 11307 1577 1334 11308 1575 1331 11309 1579 1332 11310 1581 1336 11311 1578 1335 11312 1576 1330 11313 1578 1335 11314 1572 1327 11315 1580 1333 11316 1579 1332 11317 1575 1331 11318 1576 1330 11319 1579 1332 11320 1578 1335 11321 1581 1336 11322 1584 1341 11323 1586 1342 11324 1579 1332 11325 1583 1337 11326 1582 3584 11327 1583 1337 11328 1584 1341 11329 1582 3584 11330 1581 1336 11331 1585 1338 11332 1583 1337 11333 1588 1344 11334 1591 1340 11335 1590 1343 11336 1583 1337 11337 1587 1339 11338 1584 1341 11339 1586 1342 11340 1585 1338 11341 1581 1336 11342 1586 1342 11343 1588 1344 11344 1585 1338 11345 1585 1338 11346 1588 1344 11347 1587 1339 11348 1587 1339 11349 1589 3585 11350 1591 1340 11351 1590 1343 11352 1589 3585 11353 1587 1339 11354 1604 1359 11355 1610 1362 11356 1603 1355 11357 1595 1345 11358 1598 1351 11359 1594 1346 11360 1596 1349 11361 1597 1350 11362 1593 1348 11363 1597 1350 11364 1599 1356 11365 1595 1345 11366 1599 1356 11367 1601 1353 11368 1595 1345 11369 1596 1349 11370 1602 1354 11371 1597 1350 11372 1601 1353 11373 1604 1359 11374 1600 1352 11375 1600 1352 11376 1604 1359 11377 1602 1354 11378 1601 1353 11379 1605 1357 11380 1604 1359 11381 1604 1359 11382 1603 1355 11383 1602 1354 11384 1603 1355 11385 1607 1363 11386 1605 1357 11387 1607 1363 11388 1608 1360 11389 1605 1357 11390 1606 1358 11391 1611 3586 11392 1604 1359 11393 1606 1358 11394 1609 1361 11395 1611 3586 11396 1607 1363 11397 1610 1362 11398 1608 1360 11399 1610 1362 11400 1614 3587 11401 1613 3588 11402 1609 1361 11403 1614 3587 11404 1611 3586 11405 1610 1362 11406 1613 3588 11407 1612 1364 11408 1617 1366 11409 1612 1364 11410 1615 1367 11411 1609 1361 11412 1617 1366 11413 1614 3587 11414 1612 1364 11415 1616 1370 11416 1615 1367 11417 1614 3587 11418 1616 1370 11419 1613 3588 11420 1628 1376 11421 1633 1380 11422 1627 1375 11423 1616 1370 11424 1619 1368 11425 1615 1367 11426 1617 1366 11427 1620 1369 11428 1616 1370 11429 1618 1365 11430 1620 1369 11431 1617 1366 11432 1621 1373 11433 1626 1374 11434 1623 3589 11435 1623 3589 11436 1624 1377 11437 1622 1371 11438 1623 3589 11439 1626 1374 11440 1624 1377 11441 1624 1377 11442 1627 1375 11443 1622 1371 11444 1625 1372 11445 1629 1378 11446 1626 1374 11447 1624 1377 11448 1628 1376 11449 1627 1375 11450 1635 1382 11451 1639 3590 11452 1636 1384 11453 1633 1380 11454 1632 1381 11455 1630 1379 11456 1628 1376 11457 1634 1385 11458 1631 1383 11459 1629 1378 11460 1634 1385 11461 1628 1376 11462 1632 1381 11463 1634 1385 11464 1629 1378 11465 1634 1385 11466 1635 1382 11467 1631 1383 11468 1633 1380 11469 1636 1384 11470 1632 1381 11471 1634 1385 11472 1637 1387 11473 1635 1382 11474 1636 1384 11475 1638 1386 11476 1634 1385 11477 1636 1384 11478 1639 3590 11479 1638 1386 11480 1658 1407 11481 1661 1405 11482 1660 1406 11483 1637 1387 11484 1640 3591 11485 1635 1382 11486 1639 3590 11487 1641 3592 11488 1638 1386 11489 1638 1386 11490 1641 3592 11491 1637 1387 11492 1637 1387 11493 1641 3592 11494 1640 3591 11495 1644 1393 11496 1646 1392 11497 1643 1388 11498 1643 1388 11499 1650 1396 11500 1645 1389 11501 1649 1395 11502 1654 1400 11503 1652 1398 11504 1654 1400 11505 1655 1402 11506 1652 1398 11507 1652 1398 11508 1655 1402 11509 1651 1397 11510 1651 1397 11511 1657 1403 11512 1656 1401 11513 1656 1401 11514 1658 1407 11515 1654 1400 11516 1657 1403 11517 1658 1407 11518 1656 1401 11519 1655 1402 11520 1659 1404 11521 1661 1405 11522 1660 1406 11523 1659 1404 11524 1654 1400 11525 1670 1414 11526 1673 1419 11527 1675 1420 11528 1664 1408 11529 1666 1416 11530 1665 1409 11531 1662 1412 11532 1667 1413 11533 1668 1411 11534 1665 1409 11535 1667 1413 11536 1663 1410 11537 1664 1408 11538 1668 1411 11539 1666 1416 11540 1665 1409 11541 1669 1417 11542 1667 1413 11543 1668 1411 11544 1670 1414 11545 1672 1415 11546 1667 1413 11547 1671 1418 11548 1670 1414 11549 1669 1417 11550 1675 1420 11551 1674 1422 11552 1669 1417 11553 1674 1422 11554 1673 1419 11555 1678 1421 11556 1673 1419 11557 1676 1424 11558 1673 1419 11559 1677 1425 11560 1676 1424 11561 1692 1434 11562 1697 1441 11563 1696 1443 11564 1679 1423 11565 1680 1428 11566 1678 1421 11567 1676 1424 11568 1681 1426 11569 1679 1423 11570 1681 1426 11571 1683 1429 11572 1679 1423 11573 1684 1430 11574 1683 1429 11575 1681 1426 11576 1683 1429 11577 1685 1431 11578 1680 1428 11579 1682 1427 11580 1687 1432 11581 1684 1430 11582 1684 1430 11583 1687 1432 11584 1686 1433 11585 1685 1431 11586 1688 3593 11587 1687 1432 11588 1686 1433 11589 1688 3593 11590 1685 1431 11591 1690 1440 11592 1693 1438 11593 1689 1436 11594 1691 1435 11595 1694 1439 11596 1690 1440 11597 1696 1443 11598 1699 1442 11599 1692 1434 11600 1693 1438 11601 1699 1442 11602 1698 1446 11603 1693 1438 11604 1698 1446 11605 1697 1441 11606 1700 1444 11607 1697 1441 11608 1701 1448 11609 1698 1446 11610 1703 1450 11611 1702 1445 11612 1702 1445 11613 1701 1448 11614 1697 1441 11615 1701 1448 11616 1703 1450 11617 1705 1449 11618 1699 1442 11619 1700 1444 11620 1703 1450 11621 1700 1444 11622 1704 1447 11623 1705 1449 11624 1707 1452 11625 1705 1449 11626 1708 1454 11627 1708 1454 11628 1709 1455 11629 1707 1452 11630 1705 1449 11631 1706 1451 11632 1708 1454 11633 1707 1452 11634 1709 1455 11635 1704 1447 11636 1704 1447 11637 1710 1456 11638 1706 1451 11639 1746 3594 11640 1749 1483 11641 1744 1485 11642 1712 1453 11643 1711 1460 11644 1708 1454 11645 1710 1456 11646 1712 1453 11647 1706 1451 11648 1712 1453 11649 1713 3595 11650 1711 1460 11651 1710 1456 11652 1714 1457 11653 1712 1453 11654 1711 1460 11655 1715 1459 11656 1709 1455 11657 1712 1453 11658 1716 1462 11659 1713 3595 11660 1714 1457 11661 1716 1462 11662 1712 1453 11663 1715 1459 11664 1714 1457 11665 1709 1455 11666 1713 3595 11667 1717 1458 11668 1711 1460 11669 1716 1462 11670 1717 1458 11671 1713 3595 11672 1715 1459 11673 1718 1461 11674 1714 1457 11675 1721 1464 11676 1723 1469 11677 1720 3596 11678 1720 3596 11679 1723 1469 11680 1719 1465 11681 1723 1469 11682 1724 1466 11683 1719 1465 11684 1724 1466 11685 1726 1470 11686 1722 1463 11687 1721 1464 11688 1727 1467 11689 1723 1469 11690 1723 1469 11691 1727 1467 11692 1725 1468 11693 1725 1468 11694 1728 1472 11695 1724 1466 11696 1731 1474 11697 1732 1477 11698 1730 1473 11699 1729 1471 11700 1734 1475 11701 1733 1476 11702 1732 1477 11703 1734 1475 11704 1730 1473 11705 1734 1475 11706 1735 1478 11707 1737 3597 11708 1734 1475 11709 1737 3597 11710 1733 1476 11711 1736 1479 11712 1735 1478 11713 1732 1477 11714 1733 1476 11715 1737 3597 11716 1736 1479 11717 1739 3598 11718 1741 3599 11719 1738 1482 11720 1738 1482 11721 1742 1481 11722 1740 3600 11723 1741 3599 11724 1743 1480 11725 1738 1482 11726 1740 3600 11727 1742 1481 11728 1739 3598 11729 1744 1485 11730 1741 3599 11731 1739 3598 11732 1742 1481 11733 1744 1485 11734 1739 3598 11735 1741 3599 11736 1745 1484 11737 1743 1480 11738 1744 1485 11739 1745 1484 11740 1741 3599 11741 1742 1481 11742 1746 3594 11743 1744 1485 11744 1743 1480 11745 1746 3594 11746 1742 1481 11747 1745 1484 11748 1747 1487 11749 1743 1480 11750 1743 1480 11751 1747 1487 11752 1746 3594 11753 1753 1491 11754 1754 1493 11755 1756 3601 11756 1747 1487 11757 1748 1490 11758 1746 3594 11759 1749 1483 11760 1750 1486 11761 1745 1484 11762 1747 1487 11763 1752 1488 11764 1748 1490 11765 1748 1490 11766 1752 1488 11767 1751 1489 11768 1751 1489 11769 1753 1491 11770 1749 1483 11771 1750 1486 11772 1753 1491 11773 1752 1488 11774 1759 1494 11775 1763 1501 11776 1762 1503 11777 1753 1491 11778 1756 3601 11779 1755 1492 11780 1757 1498 11781 1761 1497 11782 1763 1501 11783 1760 1495 11784 1761 1497 11785 1758 1496 11786 1771 1508 11787 1768 1504 11788 1770 1512 11789 1762 1503 11790 1760 1495 11791 1759 1494 11792 1761 1497 11793 1764 1499 11794 1763 1501 11795 1761 1497 11796 1765 1505 11797 1764 1499 11798 1760 1495 11799 1765 1505 11800 1761 1497 11801 1760 1495 11802 1766 1502 11803 1765 1505 11804 1762 1503 11805 1766 1502 11806 1760 1495 11807 1763 1501 11808 1767 1500 11809 1762 1503 11810 1765 1505 11811 1768 1504 11812 1764 1499 11813 1767 1500 11814 1769 1507 11815 1766 1502 11816 1768 1504 11817 1772 1506 11818 1770 1512 11819 1767 1500 11820 1771 1508 11821 1769 1507 11822 1784 1522 11823 1783 1519 11824 1785 1520 11825 1769 1507 11826 1773 1509 11827 1772 1506 11828 1772 1506 11829 1774 3602 11830 1770 1512 11831 1772 1506 11832 1775 1510 11833 1774 3602 11834 1774 3602 11835 1776 1511 11836 1770 1512 11837 1771 1508 11838 1776 1511 11839 1775 1510 11840 1780 1514 11841 1788 1528 11842 1781 1518 11843 1782 1517 11844 1784 1522 11845 1780 1514 11846 1788 1528 11847 1786 1521 11848 1789 1525 11849 1788 1528 11850 1785 1520 11851 1781 1518 11852 1791 1527 11853 1793 1531 11854 1796 1534 11855 1785 1520 11856 1788 1528 11857 1787 1523 11858 1784 1522 11859 1792 1526 11860 1786 1521 11861 1789 1525 11862 1791 1527 11863 1788 1528 11864 1790 1524 11865 1791 1527 11866 1789 1525 11867 1790 1524 11868 1794 1529 11869 1793 1531 11870 1794 1529 11871 1796 1534 11872 1795 1532 11873 1809 1543 11874 1811 3603 11875 1812 1546 11876 1793 1531 11877 1798 1533 11878 1796 1534 11879 1798 1533 11880 1800 1536 11881 1795 1532 11882 1793 1531 11883 1799 1537 11884 1801 1535 11885 1800 1536 11886 1799 1537 11887 1797 1530 11888 1799 1537 11889 1803 1542 11890 1802 1538 11891 1800 1536 11892 1803 1542 11893 1799 1537 11894 1800 1536 11895 1806 1539 11896 1803 1542 11897 1802 1538 11898 1804 1540 11899 1801 1535 11900 1805 1541 11901 1804 1540 11902 1802 1538 11903 1811 3603 11904 1815 1548 11905 1814 1551 11906 1808 1545 11907 1811 3603 11908 1807 3604 11909 1809 1543 11910 1812 1546 11911 1810 1544 11912 1811 3603 11913 1813 1553 11914 1812 1546 11915 1811 3603 11916 1814 1551 11917 1813 1553 11918 1823 1558 11919 1821 1554 11920 1824 1556 11921 1810 1544 11922 1815 1548 11923 1808 1545 11924 1813 1553 11925 1817 1549 11926 1812 1546 11927 1816 1547 11928 1818 1555 11929 1815 1548 11930 1818 1555 11931 1819 1550 11932 1815 1548 11933 1813 1553 11934 1820 1552 11935 1817 1549 11936 1819 1550 11937 1820 1552 11938 1814 1551 11939 1819 1550 11940 1822 1557 11941 1820 1552 11942 1817 1549 11943 1824 1556 11944 1821 1554 11945 1819 1550 11946 1823 1558 11947 1822 1557 11948 1825 1559 11949 1829 1568 11950 1828 1562 11951 1822 1557 11952 1826 1560 11953 1825 1559 11954 1827 1561 11955 1826 1560 11956 1823 1558 11957 1825 1559 11958 1827 1561 11959 1824 1556 11960 1827 1561 11961 1829 1568 11962 1826 1560 11963 1830 1565 11964 1832 1566 11965 1829 1568 11966 1827 1561 11967 1831 1563 11968 1830 1565 11969 1828 1562 11970 1834 1567 11971 1831 1563 11972 1851 1586 11973 1855 1593 11974 1854 1587 11975 1831 1563 11976 1834 1567 11977 1833 1564 11978 1837 1570 11979 1839 1575 11980 1836 1573 11981 1838 1569 11982 1841 1574 11983 1837 1570 11984 1839 1575 11985 1842 1577 11986 1836 1573 11987 1842 1577 11988 1843 1576 11989 1836 1573 11990 1843 1576 11991 1844 1583 11992 1840 1572 11993 1840 1572 11994 1845 1581 11995 1838 1569 11996 1844 1583 11997 1845 1581 11998 1840 1572 11999 1839 1575 12000 1846 1579 12001 1843 1576 12002 1841 1574 12003 1846 1579 12004 1839 1575 12005 1845 1581 12006 1847 1578 12007 1838 1569 12008 1846 1579 12009 1844 1583 12010 1843 1576 12011 1844 1583 12012 1848 1582 12013 1845 1581 12014 1848 1582 12015 1849 1580 12016 1845 1581 12017 1847 1578 12018 1850 1584 12019 1846 1579 12020 1847 1578 12021 1849 1580 12022 1850 1584 12023 1846 1579 12024 1850 1584 12025 1848 1582 12026 1848 1582 12027 1851 1586 12028 1849 1580 12029 1848 1582 12030 1852 1585 12031 1851 1586 12032 1851 1586 12033 1853 1588 12034 1850 1584 12035 1873 1607 12036 1878 1618 12037 1877 1612 12038 1852 1585 12039 1856 1589 12040 1855 1593 12041 1853 1588 12042 1856 1589 12043 1850 1584 12044 1854 1587 12045 1857 1591 12046 1853 1588 12047 1855 1593 12048 1858 1590 12049 1854 1587 12050 1856 1589 12051 1859 1592 12052 1855 1593 12053 1853 1588 12054 1857 1591 12055 1856 1589 12056 1856 1589 12057 1857 1591 12058 1859 1592 12059 1862 1600 12060 1867 1599 12061 1861 1597 12062 1865 1595 12063 1868 1601 12064 1864 1602 12065 1866 1594 12066 1871 1605 12067 1865 1595 12068 1867 1599 12069 1873 1607 12070 1870 1604 12071 1871 1605 12072 1874 1608 12073 1868 1601 12074 1866 1594 12075 1875 1609 12076 1871 1605 12077 1878 1618 12078 1874 1608 12079 1879 1616 12080 1874 1608 12081 1880 1611 12082 1879 1616 12083 1886 1615 12084 1877 1612 12085 1883 1620 12086 1876 1610 12087 1881 1613 12088 1875 1609 12089 1877 1612 12090 1881 1613 12091 1876 1610 12092 1875 1609 12093 1882 1614 12094 1880 1611 12095 1882 1614 12096 1885 1621 12097 1880 1611 12098 1877 1612 12099 1884 1617 12100 1883 1620 12101 1880 1611 12102 1884 1617 12103 1879 1616 12104 1887 1619 12105 1888 1622 12106 1890 1627 12107 1882 1614 12108 1886 1615 12109 1885 1621 12110 1886 1615 12111 1889 1624 12112 1888 1622 12113 1883 1620 12114 1889 1624 12115 1886 1615 12116 1890 1627 12117 1891 1623 12118 1887 1619 12119 1891 1623 12120 1892 1625 12121 1889 1624 12122 1888 1622 12123 1894 1626 12124 1890 1627 12125 1899 3605 12126 1896 1629 12127 1900 1634 12128 1891 1623 12129 1894 1626 12130 1893 3606 12131 1895 3607 12132 1898 1631 12133 1897 1630 12134 1895 3607 12135 1899 3605 12136 1898 1631 12137 1899 3605 12138 1904 1636 12139 1898 1631 12140 1901 1628 12141 1902 1633 12142 1896 1629 12143 1898 1631 12144 1904 1636 12145 1903 1632 12146 1900 1634 12147 1905 1639 12148 1899 3605 12149 1900 1634 12150 1907 1645 12151 1906 1640 12152 1907 1645 12153 1901 1628 12154 1908 1635 12155 1914 1648 12156 1907 1645 12157 1915 1644 12158 1903 1632 12159 1909 1637 12160 1908 1635 12161 1910 1638 12162 1912 1642 12163 1909 1637 12164 1905 1639 12165 1911 1641 12166 1910 1638 12167 1906 1640 12168 1914 1648 12169 1911 1641 12170 1927 3608 12171 1925 1657 12172 1929 1658 12173 1912 1642 12174 1915 1644 12175 1908 1635 12176 1913 1643 12177 1918 1649 12178 1912 1642 12179 1914 1648 12180 1916 1646 12181 1911 1641 12182 1915 1644 12183 1917 1647 12184 1914 1648 12185 1912 1642 12186 1918 1649 12187 1915 1644 12188 1916 1646 12189 1918 1649 12190 1913 1643 12191 1919 1656 12192 1922 1653 12193 1921 1652 12194 1920 1651 12195 1923 1655 12196 1919 1656 12197 1924 1650 12198 1925 1657 12199 1920 1651 12200 1922 1653 12201 1928 1659 12202 1926 1654 12203 1923 1655 12204 1927 3608 12205 1922 1653 12206 1926 1654 12207 1928 1659 12208 1924 1650 12209 1927 3608 12210 1928 1659 12211 1922 1653 12212 1937 1667 12213 1940 3609 12214 1939 1668 12215 1930 1665 12216 1934 1664 12217 1932 1660 12218 1931 1662 12219 1935 1663 12220 1930 1665 12221 1932 1660 12222 1937 1667 12223 1933 1661 12224 1935 1663 12225 1940 3609 12226 1934 1664 12227 1936 1666 12228 1938 1669 12229 1935 1663 12230 1933 1661 12231 1938 1669 12232 1936 1666 12233 1935 1663 12234 1938 1669 12235 1940 3609 12236 1957 3610 12237 1947 1671 12238 1953 1683 12239 1941 1672 12240 1947 1671 12241 1946 1677 12242 1943 3611 12243 1948 1678 12244 1942 1670 12245 1944 1674 12246 1948 1678 12247 1943 3611 12248 1946 1677 12249 1949 1673 12250 1945 1675 12251 1942 1670 12252 1950 1679 12253 1947 1671 12254 1949 1673 12255 1951 1680 12256 1944 1674 12257 1947 1671 12258 1954 1684 12259 1953 1683 12260 1954 1684 12261 1948 1678 12262 1955 1687 12263 1949 1673 12264 1957 3610 12265 1956 1681 12266 1951 1680 12267 1955 1687 12268 1948 1678 12269 1957 3610 12270 1960 3612 12271 1963 3613 12272 1955 1687 12273 1958 1682 12274 1954 1684 12275 1951 1680 12276 1959 1685 12277 1955 1687 12278 1962 1690 12279 1957 3610 12280 1963 3613 12281 1958 1682 12282 1960 3612 12283 1953 1683 12284 1956 1681 12285 1962 1690 12286 1959 1685 12287 1960 3612 12288 1968 3614 12289 1963 3613 12290 1960 3612 12291 1965 3615 12292 1964 3616 12293 1965 3615 12294 1961 1686 12295 1966 1688 12296 1963 3613 12297 1967 1689 12298 1962 1690 12299 1964 3616 12300 1974 3617 12301 1968 3614 12302 1967 1689 12303 1969 1691 12304 1959 1685 12305 1964 3616 12306 1971 1695 12307 1970 1694 12308 1966 1688 12309 1971 1695 12310 1965 3615 12311 1973 3618 12312 1968 3614 12313 1974 3617 12314 1967 1689 12315 1973 3618 12316 1969 1691 12317 1971 1695 12318 1976 1696 12319 1975 1693 12320 1970 1694 12321 1978 1698 12322 1974 3617 12323 1977 1701 12324 1974 3617 12325 1978 1698 12326 1973 3618 12327 1977 1701 12328 1969 1691 12329 1984 1703 12330 1979 1697 12331 1981 1706 12332 1969 1691 12333 1980 1700 12334 1976 1696 12335 1977 1701 12336 1980 1700 12337 1969 1691 12338 1979 1697 12339 1982 1707 12340 1981 1706 12341 1982 1707 12342 1976 1696 12343 1983 1702 12344 1977 1701 12345 1984 1703 12346 1985 1699 12347 1980 1700 12348 1983 1702 12349 1976 1696 12350 1982 1707 12351 1987 3619 12352 1990 1705 12353 1981 1706 12354 1989 1709 12355 1984 1703 12356 1987 3619 12357 1985 1699 12358 1988 1708 12359 1994 1713 12360 1990 1705 12361 1991 1715 12362 1984 1703 12363 1989 1709 12364 1986 1704 12365 1990 1705 12366 1986 1704 12367 1989 1709 12368 1990 1705 12369 1992 3620 12370 1991 1715 12371 1988 1708 12372 1992 3620 12373 1987 3619 12374 1998 3621 12375 2005 1723 12376 2004 1725 12377 1994 1713 12378 1993 1710 12379 1986 1704 12380 1991 1715 12381 1995 1711 12382 1994 1713 12383 1992 3620 12384 1996 1714 12385 1991 1715 12386 1993 1710 12387 1996 1714 12388 1992 3620 12389 1994 1713 12390 1997 1712 12391 1993 1710 12392 1997 1712 12393 1996 1714 12394 1993 1710 12395 1998 3621 12396 2003 1719 12397 2002 1721 12398 1998 3621 12399 2004 1725 12400 2003 1719 12401 2010 1726 12402 2017 3622 12403 2016 1731 12404 2000 1717 12405 2005 1723 12406 1999 3623 12407 2002 1721 12408 2006 1716 12409 2001 1718 12410 2006 1716 12411 2007 1722 12412 2000 1717 12413 2005 1723 12414 2010 1726 12415 2004 1725 12416 2008 1720 12417 2011 1727 12418 2006 1716 12419 2009 1724 12420 2014 1730 12421 2008 1720 12422 2007 1722 12423 2013 1729 12424 2010 1726 12425 2009 1724 12426 2015 1733 12427 2014 1730 12428 2012 1728 12429 2015 1733 12430 2009 1724 12431 2017 3622 12432 2011 1727 12433 2018 1732 12434 2026 3624 12435 2022 3625 12436 2027 3626 12437 2016 1731 12438 2019 1735 12439 2012 1728 12440 2014 1730 12441 2020 1734 12442 2018 1732 12443 2015 1733 12444 2021 1739 12445 2020 1734 12446 2019 1735 12447 2021 1739 12448 2015 1733 12449 2017 3622 12450 2022 3625 12451 2016 1731 12452 2018 1732 12453 2022 3625 12454 2017 3622 12455 2021 1739 12456 2024 1737 12457 2020 1734 12458 2019 1735 12459 2023 1736 12460 2021 1739 12461 2016 1731 12462 2026 3624 12463 2023 1736 12464 2022 3625 12465 2028 1742 12466 2027 3626 12467 2026 3624 12468 2029 1747 12469 2023 1736 12470 2024 1737 12471 2028 1742 12472 2018 1732 12473 2023 1736 12474 2029 1747 12475 2025 1738 12476 2026 3624 12477 2031 1744 12478 2030 1748 12479 2041 3627 12480 2046 1756 12481 2040 1757 12482 2028 1742 12483 2031 1744 12484 2027 3626 12485 2024 1737 12486 2032 1740 12487 2028 1742 12488 2025 1738 12489 2033 1746 12490 2032 1740 12491 2029 1747 12492 2033 1746 12493 2025 1738 12494 2028 1742 12495 2034 1741 12496 2031 1744 12497 2031 1744 12498 2035 1743 12499 2030 1748 12500 2033 1746 12501 2037 1749 12502 2032 1740 12503 2030 1748 12504 2036 1745 12505 2029 1747 12506 2032 1740 12507 2037 1749 12508 2034 1741 12509 2036 1745 12510 2037 1749 12511 2033 1746 12512 2038 1754 12513 2044 1750 12514 2043 1752 12515 2048 1758 12516 2053 1762 12517 2047 1764 12518 2042 1751 12519 2047 1764 12520 2041 3627 12521 2042 1751 12522 2048 1758 12523 2047 1764 12524 2049 1759 12525 2050 1760 12526 2045 1753 12527 2046 1756 12528 2051 1763 12529 2049 1759 12530 2047 1764 12531 2051 1763 12532 2046 1756 12533 2055 1766 12534 2058 1769 12535 2056 1767 12536 2055 1766 12537 2056 1767 12538 2050 1760 12539 2051 1763 12540 2057 1768 12541 2055 1766 12542 2058 1769 12543 2063 1771 12544 2056 1767 12545 2059 3628 12546 2057 1768 12547 2060 3629 12548 2057 1768 12549 2061 3630 12550 2060 3629 12551 2061 3630 12552 2054 1765 12553 2062 1773 12554 2054 1765 12555 2063 1771 12556 2062 1773 12557 2065 1775 12558 2059 3628 12559 2066 1779 12560 2063 1771 12561 2064 1770 12562 2062 1773 12563 2058 1769 12564 2065 1775 12565 2064 1770 12566 2059 3628 12567 2067 1778 12568 2066 1779 12569 2060 3629 12570 2068 1776 12571 2067 1778 12572 2061 3630 12573 2069 1772 12574 2068 1776 12575 2085 1792 12576 2086 1794 12577 2090 1796 12578 2066 1779 12579 2070 1774 12580 2065 1775 12581 2067 1778 12582 2071 1777 12583 2066 1779 12584 2069 1772 12585 2072 1780 12586 2068 1776 12587 2064 1770 12588 2072 1780 12589 2069 1772 12590 2070 1774 12591 2072 1780 12592 2064 1770 12593 2074 1786 12594 2079 1785 12595 2073 1783 12596 2076 3631 12597 2080 1788 12598 2075 1784 12599 2077 1782 12600 2080 1788 12601 2076 3631 12602 2078 1781 12603 2083 1790 12604 2077 1782 12605 2075 1784 12606 2082 1789 12607 2079 1785 12608 2078 1781 12609 2085 1792 12610 2083 1790 12611 2079 1785 12612 2084 1791 12613 2081 1787 12614 2080 1788 12615 2085 1792 12616 2082 1789 12617 2086 1794 12618 2081 1787 12619 2087 1798 12620 2085 1792 12621 2088 1793 12622 2082 1789 12623 2084 1791 12624 2087 1798 12625 2081 1787 12626 2089 1800 12627 2093 1795 12628 2092 1799 12629 2085 1792 12630 2090 1796 12631 2089 1800 12632 2088 1793 12633 2091 1797 12634 2084 1791 12635 2086 1794 12636 2095 1801 12637 2094 1804 12638 2086 1794 12639 2094 1804 12640 2093 1795 12641 2110 1817 12642 2104 1815 12643 2111 1820 12644 2092 1799 12645 2096 1802 12646 2088 1793 12647 2091 1797 12648 2097 1803 12649 2095 1801 12650 2094 1804 12651 2099 1807 12652 2093 1795 12653 2093 1795 12654 2099 1807 12655 2092 1799 12656 2099 1807 12657 2100 1806 12658 2092 1799 12659 2097 1803 12660 2099 1807 12661 2094 1804 12662 2101 1813 12663 2106 1812 12664 2103 1808 12665 2102 1810 12666 2104 1815 12667 2101 1813 12668 2104 1815 12669 2107 1811 12670 2101 1813 12671 2103 1808 12672 2109 1816 12673 2105 1809 12674 2111 1820 12675 2108 1814 12676 2112 1818 12677 2115 3632 12678 2116 1822 12679 2111 1820 12680 2109 1816 12681 2112 1818 12682 2105 1809 12683 2110 1817 12684 2113 1819 12685 2109 1816 12686 2112 1818 12687 2115 3632 12688 2111 1820 12689 2113 1819 12690 2115 3632 12691 2112 1818 12692 2116 1822 12693 2118 1823 12694 2114 1821 12695 2115 3632 12696 2118 1823 12697 2117 1825 12698 2120 1824 12699 2118 1823 12700 2121 1827 12701 2116 1822 12702 2119 1826 12703 2118 1823 12704 2120 1824 12705 2119 1826 12706 2116 1822 12707 2127 1829 12708 2130 1838 12709 2126 1835 12710 2123 1830 12711 2126 1835 12712 2122 1833 12713 2123 1830 12714 2127 1829 12715 2126 1835 12716 2126 1835 12717 2130 1838 12718 2129 1834 12719 2132 1837 12720 2128 1831 12721 2134 1836 12722 2133 1839 12723 2136 1844 12724 2135 1841 12725 2129 1834 12726 2133 1839 12727 2134 1836 12728 2132 1837 12729 2131 1840 12730 2127 1829 12731 2130 1838 12732 2137 1842 12733 2136 1844 12734 2135 1841 12735 2139 1843 12736 2138 1845 12737 2135 1841 12738 2137 1842 12739 2134 1836 12740 2135 1841 12741 2140 1846 12742 2137 1842 12743 2145 1854 12744 2150 1859 12745 2149 3633 12746 2137 1842 12747 2140 1846 12748 2139 1843 12749 2142 1849 12750 2145 1854 12751 2141 1852 12752 2145 1854 12753 2147 1850 12754 2141 1852 12755 2145 1854 12756 2149 3633 12757 2147 1850 12758 2143 1847 12759 2152 1855 12760 2151 1856 12761 2146 1848 12762 2150 1859 12763 2148 1853 12764 2149 3633 12765 2154 1860 12766 2152 1855 12767 2149 3633 12768 2152 1855 12769 2147 1850 12770 2146 1848 12771 2153 1857 12772 2150 1859 12773 2150 1859 12774 2155 1858 12775 2149 3633 12776 2154 1860 12777 2157 1863 12778 2156 3634 12779 2154 1860 12780 2153 1857 12781 2151 1856 12782 2159 1866 12783 2154 1860 12784 2156 3634 12785 2158 1861 12786 2157 1863 12787 2155 1858 12788 2153 1857 12789 2159 1866 12790 2158 1861 12791 2161 1864 12792 2157 1863 12793 2162 1862 12794 2159 1866 12795 2160 1865 12796 2158 1861 12797 2156 3634 12798 2161 1864 12799 2159 1866 12800 2171 1875 12801 2174 1876 12802 2173 1877 12803 2160 1865 12804 2162 1862 12805 2158 1861 12806 2163 1872 12807 2168 1871 12808 2165 1867 12809 2164 1869 12810 2166 1874 12811 2163 1872 12812 2166 1874 12813 2169 1870 12814 2163 1872 12815 2165 1867 12816 2171 1875 12817 2167 1868 12818 2169 1870 12819 2174 1876 12820 2168 1871 12821 2170 1873 12822 2172 1878 12823 2166 1874 12824 2167 1868 12825 2172 1878 12826 2170 1873 12827 2166 1874 12828 2172 1878 12829 2174 1876 12830 2212 1909 12831 2220 1926 12832 2219 1921 12833 2175 1880 12834 2178 1884 12835 2177 1883 12836 2175 1880 12837 2179 1879 12838 2178 1884 12839 2181 1886 12840 2185 1885 12841 2184 1888 12842 2183 1889 12843 2184 1888 12844 2186 1890 12845 2188 1896 12846 2190 1891 12847 2187 1893 12848 2189 1892 12849 2191 1894 12850 2188 1896 12851 2195 3635 12852 2197 3636 12853 2194 1897 12854 2193 1899 12855 2198 1900 12856 2195 3635 12857 2197 3636 12858 2196 1898 12859 2194 1897 12860 2198 1900 12861 2197 3636 12862 2195 3635 12863 2201 1905 12864 2203 1907 12865 2200 1901 12866 2206 1915 12867 2214 1911 12868 2211 1913 12869 2207 1910 12870 2212 1909 12871 2206 1915 12872 2209 3637 12873 2213 1916 12874 2208 1908 12875 2210 1912 12876 2213 1916 12877 2209 3637 12878 2208 1908 12879 2216 1917 12880 2212 1909 12881 2214 1911 12882 2217 1918 12883 2210 1912 12884 2215 1914 12885 2218 1919 12886 2214 1911 12887 2212 1909 12888 2218 1919 12889 2215 1914 12890 2216 1917 12891 2221 1924 12892 2220 1926 12893 2221 1924 12894 2217 1918 12895 2222 1922 12896 2217 1918 12897 2223 1920 12898 2222 1922 12899 2223 1920 12900 2224 1929 12901 2226 3638 12902 2219 1921 12903 2228 1925 12904 2227 1927 12905 2219 1921 12906 2224 1929 12907 2218 1919 12908 2221 1924 12909 2225 1923 12910 2220 1926 12911 2223 1920 12912 2226 3638 12913 2222 1922 12914 2219 1921 12915 2227 1927 12916 2224 1929 12917 2224 1929 12918 2233 3639 12919 2226 3638 12920 2230 1931 12921 2225 1923 12922 2231 1934 12923 2228 1925 12924 2230 1931 12925 2227 1927 12926 2225 1923 12927 2232 1937 12928 2231 1934 12929 2226 3638 12930 2232 1937 12931 2222 1922 12932 2237 1935 12933 2229 1928 12934 2235 1940 12935 2231 1934 12936 2240 1936 12937 2239 1933 12938 2234 1930 12939 2235 1940 12940 2229 1928 12941 2231 1934 12942 2236 1932 12943 2230 1931 12944 2233 3639 12945 2237 1935 12946 2232 1937 12947 2234 1930 12948 2238 1938 12949 2235 1940 12950 2236 1932 12951 2238 1938 12952 2234 1930 12953 2237 1935 12954 2241 1939 12955 2243 1946 12956 2244 1942 12957 2249 1952 12958 2248 3640 12959 2239 1933 12960 2242 1941 12961 2236 1932 12962 2237 1935 12963 2243 1946 12964 2240 1936 12965 2240 1936 12966 2245 1943 12967 2239 1933 12968 2243 1946 12969 2245 1943 12970 2240 1936 12971 2239 1933 12972 2246 1944 12973 2242 1941 12974 2244 1942 12975 2247 1945 12976 2241 1939 12977 2244 1942 12978 2248 3640 12979 2247 1945 12980 2245 1943 12981 2251 1947 12982 2250 1948 12983 2246 1944 12984 2249 1952 12985 2242 1941 12986 2248 3640 12987 2253 1950 12988 2247 1945 12989 2246 1944 12990 2252 1949 12991 2249 1952 12992 2248 3640 12993 2255 1951 12994 2254 3641 12995 2256 1955 12996 2251 1947 12997 2253 1950 12998 2250 1948 12999 2256 1955 13000 2252 1949 13001 2259 1958 13002 2254 3641 13003 2260 1959 13004 2256 1955 13005 2257 1953 13006 2252 1949 13007 2253 1950 13008 2258 1956 13009 2256 1955 13010 2253 1950 13011 2259 1958 13012 2258 1956 13013 2254 3641 13014 2261 1961 13015 2260 1959 13016 2272 1969 13017 2279 3642 13018 2278 1977 13019 2257 1953 13020 2261 1961 13021 2255 1951 13022 2259 1958 13023 2265 1962 13024 2258 1956 13025 2261 1961 13026 2263 1957 13027 2260 1959 13028 2257 1953 13029 2264 1960 13030 2261 1961 13031 2258 1956 13032 2265 1962 13033 2262 1954 13034 2263 1957 13035 2265 1962 13036 2259 1958 13037 2266 3643 13038 2272 1969 13039 2271 1966 13040 2267 1964 13041 2272 1969 13042 2266 3643 13043 2269 1973 13044 2273 1963 13045 2268 1965 13046 2270 1968 13047 2274 1967 13048 2269 1973 13049 2273 1963 13050 2275 1971 13051 2267 1964 13052 2271 1966 13053 2277 1970 13054 2274 1967 13055 2272 1969 13056 2278 1977 13057 2277 1970 13058 2275 1971 13059 2280 3644 13060 2279 3642 13061 2273 1963 13062 2281 3645 13063 2280 3644 13064 2281 3645 13065 2274 1967 13066 2282 1974 13067 2278 1977 13068 2285 3646 13069 2284 1976 13070 2278 1977 13071 2283 1975 13072 2277 1970 13073 2285 3646 13074 2280 3644 13075 2286 1985 13076 2286 1985 13077 2281 3645 13078 2287 1981 13079 2281 3645 13080 2288 1979 13081 2287 1981 13082 2293 1983 13083 2287 1981 13084 2294 1986 13085 2283 1975 13086 2288 1979 13087 2282 1974 13088 2284 1976 13089 2289 1978 13090 2283 1975 13091 2285 3646 13092 2290 1984 13093 2284 1976 13094 2286 1985 13095 2290 1984 13096 2285 3646 13097 2290 1984 13098 2292 1982 13099 2284 1976 13100 2299 3647 13101 2292 1982 13102 2296 3648 13103 2292 1982 13104 2295 1987 13105 2289 1978 13106 2296 3648 13107 2290 1984 13108 2297 1991 13109 2290 1984 13110 2298 1988 13111 2297 1991 13112 2291 1980 13113 2298 1988 13114 2294 1986 13115 2291 1980 13116 2299 3647 13117 2300 1989 13118 2299 3647 13119 2301 1996 13120 2305 3649 13121 2298 1988 13122 2300 1989 13123 2297 1991 13124 2297 1991 13125 2301 1996 13126 2296 3648 13127 2300 1989 13128 2305 3649 13129 2304 1992 13130 2303 1990 13131 2302 1994 13132 2297 1991 13133 2305 3649 13134 2307 1995 13135 2308 3650 13136 2300 1989 13137 2306 1993 13138 2303 1990 13139 2303 1990 13140 2307 1995 13141 2302 1994 13142 2306 1993 13143 2307 1995 13144 2303 1990 13145 2305 3649 13146 2306 1993 13147 2304 1992 13148 2314 1997 13149 2323 2008 13150 2319 2006 13151 2310 2002 13152 2315 2001 13153 2309 1999 13154 2312 3651 13155 2316 2004 13156 2311 2000 13157 2313 1998 13158 2316 2004 13159 2312 3651 13160 2314 1997 13161 2319 2006 13162 2313 1998 13163 2311 2000 13164 2318 2005 13165 2315 2001 13166 2315 2001 13167 2322 2007 13168 2321 2014 13169 2317 2003 13170 2320 2012 13171 2314 1997 13172 2315 2001 13173 2321 2014 13174 2317 2003 13175 2329 3652 13176 2320 2012 13177 2326 2011 13178 2317 2003 13179 2324 2010 13180 2320 2012 13181 2321 2014 13182 2324 2010 13183 2317 2003 13184 2321 2014 13185 2328 2017 13186 2327 2013 13187 2329 3652 13188 2332 2019 13189 2334 2024 13190 2325 2009 13191 2328 2017 13192 2322 2007 13193 2323 2008 13194 2329 3652 13195 2325 2009 13196 2324 2010 13197 2330 2015 13198 2326 2011 13199 2329 3652 13200 2331 2016 13201 2325 2009 13202 2340 2025 13203 2335 2020 13204 2341 2026 13205 2329 3652 13206 2334 2024 13207 2331 2016 13208 2330 2015 13209 2335 2020 13210 2332 2019 13211 2331 2016 13212 2336 2021 13213 2333 2018 13214 2335 2020 13215 2334 2024 13216 2332 2019 13217 2333 2018 13218 2337 2022 13219 2335 2020 13220 2334 2024 13221 2336 2021 13222 2331 2016 13223 2336 2021 13224 2338 2028 13225 2337 2022 13226 2336 2021 13227 2339 2023 13228 2338 2028 13229 2347 2031 13230 2348 2039 13231 2351 2036 13232 2338 2028 13233 2341 2026 13234 2337 2022 13235 2341 2026 13236 2342 2029 13237 2340 2025 13238 2339 2023 13239 2343 2027 13240 2338 2028 13241 2340 2025 13242 2344 2030 13243 2339 2023 13244 2340 2025 13245 2342 2029 13246 2344 2030 13247 2358 3653 13248 2348 2039 13249 2354 2038 13250 2349 2035 13251 2348 2039 13252 2345 3654 13253 2346 2033 13254 2349 2035 13255 2345 3654 13256 2347 2031 13257 2353 2037 13258 2350 2032 13259 2350 2032 13260 2355 2040 13261 2352 2034 13262 2352 2034 13263 2355 2040 13264 2349 2035 13265 2350 2032 13266 2357 2048 13267 2356 3655 13268 2353 2037 13269 2358 3653 13270 2357 2048 13271 2360 2046 13272 2365 2051 13273 2364 2045 13274 2349 2035 13275 2359 2041 13276 2354 2038 13277 2355 2040 13278 2360 2046 13279 2359 2041 13280 2356 3655 13281 2360 2046 13282 2355 2040 13283 2354 2038 13284 2362 2044 13285 2358 3653 13286 2360 2046 13287 2361 2042 13288 2359 2041 13289 2358 3653 13290 2362 2044 13291 2357 2048 13292 2361 2042 13293 2363 2043 13294 2354 2038 13295 2365 2051 13296 2357 2048 13297 2366 2047 13298 2380 2062 13299 2377 2061 13300 2381 3656 13301 2363 2043 13302 2369 2049 13303 2362 2044 13304 2364 2045 13305 2367 2052 13306 2361 2042 13307 2365 2051 13308 2367 2052 13309 2364 2045 13310 2362 2044 13311 2368 2050 13312 2366 2047 13313 2361 2042 13314 2367 2052 13315 2369 2049 13316 2372 2054 13317 2374 2058 13318 2371 2060 13319 2371 2060 13320 2376 2059 13321 2370 2056 13322 2375 2053 13323 2377 2061 13324 2372 2054 13325 2370 2056 13326 2379 2065 13327 2378 2057 13328 2376 2059 13329 2379 2065 13330 2370 2056 13331 2379 2065 13332 2383 2064 13333 2378 2057 13334 2376 2059 13335 2380 2062 13336 2379 2065 13337 2375 2053 13338 2381 3656 13339 2377 2061 13340 2375 2053 13341 2383 2064 13342 2382 2069 13343 2379 2065 13344 2385 2071 13345 2384 2063 13346 2380 2062 13347 2382 2069 13348 2386 2068 13349 2380 2062 13350 2386 2068 13351 2385 2071 13352 2388 3657 13353 2383 2064 13354 2392 2066 13355 2388 3657 13356 2387 2067 13357 2382 2069 13358 2386 2068 13359 2391 3658 13360 2395 2073 13361 2386 2068 13362 2389 2070 13363 2385 2071 13364 2389 2070 13365 2390 2072 13366 2384 2063 13367 2387 2067 13368 2392 2066 13369 2391 3658 13370 2390 2072 13371 2395 2073 13372 2394 3659 13373 2391 3658 13374 2393 2074 13375 2395 2073 13376 2392 2066 13377 2393 2074 13378 2391 3658 13379 2394 3659 13380 2393 2074 13381 2390 2072 13382 2401 2079 13383 2406 3660 13384 2409 2087 13385 2396 2080 13386 2401 2079 13387 2398 2075 13388 2397 2077 13389 2399 2082 13390 2396 2080 13391 2399 2082 13392 2402 2078 13393 2396 2080 13394 2398 2075 13395 2404 2083 13396 2400 2076 13397 2403 2081 13398 2405 2084 13399 2399 2082 13400 2400 2076 13401 2405 2084 13402 2403 2081 13403 2402 2078 13404 2407 2085 13405 2406 3660 13406 2406 3660 13407 2412 2090 13408 2414 2089 13409 2400 2076 13410 2408 2086 13411 2405 2084 13412 2404 2083 13413 2410 3661 13414 2408 2086 13415 2409 2087 13416 2410 3661 13417 2404 2083 13418 2408 2086 13419 2411 2092 13420 2405 2084 13421 2410 3661 13422 2411 2092 13423 2408 2086 13424 2406 3660 13425 2414 2089 13426 2409 2087 13427 2412 2090 13428 2405 2084 13429 2413 3662 13430 2409 2087 13431 2411 2092 13432 2410 3661 13433 2411 2092 13434 2413 3662 13435 2405 2084 13436 2412 2090 13437 2416 2094 13438 2415 2088 13439 2415 2088 13440 2417 2091 13441 2414 2089 13442 2413 3662 13443 2417 2091 13444 2416 2094 13445 2415 2088 13446 2419 2093 13447 2418 2095 13448 2415 2088 13449 2420 2096 13450 2417 2091 13451 2445 2121 13452 2443 2120 13453 2447 2122 13454 2417 2091 13455 2420 2096 13456 2419 2093 13457 2421 2102 13458 2427 2101 13459 2423 2097 13460 2422 2099 13461 2424 2103 13462 2421 2102 13463 2424 2103 13464 2425 2100 13465 2421 2102 13466 2423 2097 13467 2427 2101 13468 2426 2098 13469 2426 2098 13470 2429 2105 13471 2428 2104 13472 2427 2101 13473 2425 2100 13474 2429 2105 13475 2425 2100 13476 2430 2106 13477 2432 2108 13478 2428 2104 13479 2431 2107 13480 2430 2106 13481 2432 2108 13482 2431 2107 13483 2429 2105 13484 2430 2106 13485 2435 2111 13486 2432 2108 13487 2431 2107 13488 2433 2110 13489 2430 2106 13490 2430 2106 13491 2433 2110 13492 2435 2111 13493 2436 2119 13494 2439 2115 13495 2438 2114 13496 2437 2113 13497 2440 2117 13498 2436 2119 13499 2436 2119 13500 2442 2118 13501 2439 2115 13502 2441 2112 13503 2443 2120 13504 2437 2113 13505 2439 2115 13506 2446 2123 13507 2444 2116 13508 2440 2117 13509 2445 2121 13510 2442 2118 13511 2444 2116 13512 2446 2123 13513 2441 2112 13514 2445 2121 13515 2446 2123 13516 2439 2115 13517 2457 2133 13518 2455 2132 13519 2459 2134 13520 2448 2131 13521 2451 2127 13522 2450 2126 13523 2449 2125 13524 2452 2129 13525 2448 2131 13526 2448 2131 13527 2454 2130 13528 2451 2127 13529 2453 2124 13530 2455 2132 13531 2449 2125 13532 2451 2127 13533 2458 2135 13534 2456 2128 13535 2452 2129 13536 2457 2133 13537 2454 2130 13538 2456 2128 13539 2458 2135 13540 2453 2124 13541 2457 2133 13542 2458 2135 13543 2451 2127 13544 2508 2182 13545 2501 2175 13546 2506 2180 13547 2460 2143 13548 2463 2139 13549 2462 2138 13550 2461 2137 13551 2464 2141 13552 2460 2143 13553 2460 2143 13554 2466 2142 13555 2463 2139 13556 2465 2136 13557 2467 2144 13558 2461 2137 13559 2463 2139 13560 2471 2147 13561 2468 2140 13562 2464 2141 13563 2469 2145 13564 2466 2142 13565 2467 2144 13566 2470 2146 13567 2464 2141 13568 2468 2140 13569 2471 2147 13570 2465 2136 13571 2469 2145 13572 2471 2147 13573 2463 2139 13574 2473 2150 13575 2475 2152 13576 2472 3663 13577 2472 3663 13578 2475 2152 13579 2474 2148 13580 2473 2150 13581 2476 2149 13582 2475 2152 13583 2482 2158 13584 2481 2153 13585 2479 2155 13586 2480 2157 13587 2482 2158 13588 2479 2155 13589 2481 2153 13590 2483 2156 13591 2478 2154 13592 2484 2163 13593 2487 2159 13594 2486 2161 13595 2485 3664 13596 2488 2162 13597 2484 2163 13598 2486 2161 13599 2489 2160 13600 2485 3664 13601 2489 2160 13602 2488 2162 13603 2485 3664 13604 2493 2173 13605 2497 2169 13606 2492 2170 13607 2497 2169 13608 2498 2171 13609 2491 2164 13610 2493 2173 13611 2499 2172 13612 2497 2169 13613 2496 2167 13614 2500 2174 13615 2494 2168 13616 2496 2167 13617 2501 2175 13618 2500 2174 13619 2498 2171 13620 2502 2178 13621 2495 2165 13622 2497 2169 13623 2502 2178 13624 2498 2171 13625 2497 2169 13626 2505 2179 13627 2502 2178 13628 2514 2187 13629 2519 2192 13630 2518 2190 13631 2505 2179 13632 2507 2181 13633 2502 2178 13634 2500 2174 13635 2508 2182 13636 2503 2176 13637 2503 2176 13638 2508 2182 13639 2505 2179 13640 2510 2188 13641 2512 2191 13642 2509 2185 13643 2511 2184 13644 2513 2186 13645 2510 2188 13646 2510 2188 13647 2514 2187 13648 2512 2191 13649 2516 2189 13650 2517 3665 13651 2515 2183 13652 2512 2191 13653 2516 2189 13654 2509 2185 13655 2515 2183 13656 2516 2189 13657 2520 2196 13658 2515 2183 13659 2520 2196 13660 2519 2192 13661 2537 2208 13662 2533 2211 13663 2538 2210 13664 2516 2189 13665 2521 2193 13666 2520 2196 13667 2518 2190 13668 2522 2194 13669 2521 2193 13670 2520 2196 13671 2522 2194 13672 2519 2192 13673 2521 2193 13674 2523 2197 13675 2520 2196 13676 2522 2194 13677 2524 2198 13678 2521 2193 13679 2525 2195 13680 2524 2198 13681 2522 2194 13682 2528 2201 13683 2530 2204 13684 2527 2203 13685 2530 2204 13686 2531 2202 13687 2527 2203 13688 2534 2206 13689 2535 2209 13690 2533 2211 13691 2535 2209 13692 2539 2212 13693 2541 2214 13694 2536 2205 13695 2535 2209 13696 2534 2206 13697 2537 2208 13698 2540 2213 13699 2539 2212 13700 2541 2214 13701 2538 2210 13702 2535 2209 13703 2541 2214 13704 2542 3666 13705 2544 2216 13706 2538 2210 13707 2541 2214 13708 2540 2213 13709 2540 2213 13710 2542 3666 13711 2539 2212 13712 2546 3667 13713 2542 3666 13714 2545 2220 13715 2543 2215 13716 2545 2220 13717 2542 3666 13718 2552 2223 13719 2554 2224 13720 2551 2222 13721 2546 3667 13722 2547 2217 13723 2544 2216 13724 2545 2220 13725 2549 2219 13726 2546 3667 13727 2547 2217 13728 2548 2218 13729 2543 2215 13730 2546 3667 13731 2549 2219 13732 2547 2217 13733 2547 2217 13734 2551 2222 13735 2550 2221 13736 2549 2219 13737 2548 2218 13738 2551 2222 13739 2550 2221 13740 2553 2225 13741 2552 2223 13742 2554 2224 13743 2553 2225 13744 2550 2221 13745 2563 2232 13746 2567 2237 13747 2562 2234 13748 2553 2225 13749 2556 2227 13750 2555 2226 13751 2554 2224 13752 2557 3668 13753 2553 2225 13754 2557 3668 13755 2556 2227 13756 2553 2225 13757 2554 2224 13758 2558 2228 13759 2557 3668 13760 2561 2230 13761 2562 2234 13762 2560 2233 13763 2563 2232 13764 2562 2234 13765 2564 2229 13766 2568 2238 13767 2569 2241 13768 2566 2236 13769 2568 2238 13770 2571 2243 13771 2570 2239 13772 2571 2243 13773 2566 2236 13774 2569 2241 13775 2581 2248 13776 2585 2253 13777 2584 2250 13778 2569 2241 13779 2572 2240 13780 2574 2244 13781 2570 2239 13782 2573 2242 13783 2572 2240 13784 2574 2244 13785 2573 2242 13786 2571 2243 13787 2572 2240 13788 2575 3669 13789 2574 2244 13790 2574 2244 13791 2575 3669 13792 2573 2242 13793 2573 2242 13794 2576 2246 13795 2572 2240 13796 2572 2240 13797 2576 2246 13798 2575 3669 13799 2575 3669 13800 2577 2245 13801 2573 2242 13802 2580 2255 13803 2582 2252 13804 2579 2247 13805 2581 2248 13806 2586 2251 13807 2578 2249 13808 2580 2255 13809 2583 2254 13810 2582 2252 13811 2578 2249 13812 2586 2251 13813 2580 2255 13814 2597 2266 13815 2593 2260 13816 2595 2265 13817 2584 2250 13818 2589 2257 13819 2586 2251 13820 2585 2253 13821 2589 2257 13822 2584 2250 13823 2583 2254 13824 2587 2256 13825 2585 2253 13826 2586 2251 13827 2588 2258 13828 2583 2254 13829 2586 2251 13830 2589 2257 13831 2588 2258 13832 2592 2264 13833 2594 2262 13834 2591 2259 13835 2595 2265 13836 2599 2267 13837 2598 2271 13838 2590 2261 13839 2597 2266 13840 2592 2264 13841 2620 3670 13842 2617 2285 13843 2618 2284 13844 2597 2266 13845 2600 2268 13846 2601 2269 13847 2598 2271 13848 2600 2268 13849 2595 2265 13850 2600 2268 13851 2604 2272 13852 2601 2269 13853 2599 2267 13854 2602 2270 13855 2598 2271 13856 2601 2269 13857 2603 2273 13858 2599 2267 13859 2601 2269 13860 2604 2272 13861 2603 2273 13862 2607 2280 13863 2608 2279 13864 2606 2276 13865 2605 2275 13866 2609 2277 13867 2607 2280 13868 2610 2274 13869 2614 2283 13870 2609 2277 13871 2611 2278 13872 2612 2282 13873 2610 2274 13874 2608 2279 13875 2612 2282 13876 2611 2278 13877 2609 2277 13878 2613 2281 13879 2608 2279 13880 2610 2274 13881 2612 2282 13882 2614 2283 13883 2619 2288 13884 2618 2284 13885 2615 2286 13886 2620 3670 13887 2619 2288 13888 2616 2287 13889 2629 2297 13890 2630 2298 13891 2624 2292 13892 2622 2294 13893 2624 2292 13894 2621 2291 13895 2622 2294 13896 2626 2293 13897 2624 2292 13898 2625 2289 13899 2628 2296 13900 2627 2295 13901 2630 2298 13902 2632 2299 13903 2628 2296 13904 2629 2297 13905 2632 2299 13906 2631 3671 13907 2635 2302 13908 2630 2298 13909 2633 2300 13910 2630 2298 13911 2634 2305 13912 2633 2300 13913 2631 3671 13914 2635 2302 13915 2634 2305 13916 2634 2305 13917 2638 2301 13918 2637 2303 13919 2634 2305 13920 2636 2304 13921 2633 2300 13922 2633 2300 13923 2636 2304 13924 2638 2301 13925 2639 2311 13926 2644 2309 13927 2643 2313 13928 2639 2311 13929 2643 2313 13930 2645 2310 13931 2652 3672 13932 2650 2316 13933 2653 2315 13934 2645 2310 13935 2642 2307 13936 2641 2306 13937 2643 2313 13938 2646 3673 13939 2645 2310 13940 2645 2310 13941 2646 3673 13942 2642 2307 13943 2642 2307 13944 2647 2314 13945 2644 2309 13946 2643 2313 13947 2648 2312 13948 2646 3673 13949 2646 3673 13950 2647 2314 13951 2642 2307 13952 2649 3674 13953 2652 3672 13954 2654 3675 13955 2651 2317 13956 2654 3675 13957 2653 2315 13958 2697 2359 13959 2703 2367 13960 2702 2366 13961 2657 3676 13962 2659 2322 13963 2656 2318 13964 2655 2320 13965 2660 2321 13966 2657 3676 13967 2660 2321 13968 2659 2322 13969 2657 3676 13970 2658 2319 13971 2662 2325 13972 2660 2321 13973 2659 2322 13974 2661 2324 13975 2658 2319 13976 2660 2321 13977 2662 2325 13978 2663 2323 13979 2659 2322 13980 2663 2323 13981 2661 2324 13982 2661 2324 13983 2665 2328 13984 2662 2325 13985 2663 2323 13986 2664 2326 13987 2661 2324 13988 2662 2325 13989 2665 2328 13990 2664 2326 13991 2666 2327 13992 2664 2326 13993 2665 2328 13994 2666 2327 13995 2669 2331 13996 2664 2326 13997 2664 2326 13998 2668 2332 13999 2667 2329 14000 2667 2329 14001 2671 2333 14002 2670 2330 14003 2669 2331 14004 2668 2332 14005 2664 2326 14006 2670 2330 14007 2674 2340 14008 2675 2334 14009 2672 2335 14010 2674 2340 14011 2670 2330 14012 2673 2336 14013 2672 2335 14014 2671 2333 14015 2668 2332 14016 2675 2334 14017 2673 2336 14018 2674 2340 14019 2678 2339 14020 2675 2334 14021 2673 2336 14022 2677 2337 14023 2672 2335 14024 2677 2337 14025 2676 2338 14026 2672 2335 14027 2675 2334 14028 2678 2339 14029 2677 2337 14030 2681 2342 14031 2683 2344 14032 2680 2346 14033 2682 2341 14034 2685 2347 14035 2681 2342 14036 2686 2348 14037 2687 2351 14038 2682 2341 14039 2683 2344 14040 2688 2350 14041 2684 2345 14042 2685 2347 14043 2689 2349 14044 2683 2344 14045 2688 2350 14046 2687 2351 14047 2686 2348 14048 2691 2357 14049 2694 2362 14050 2690 2354 14051 2692 2353 14052 2695 2355 14053 2691 2357 14054 2691 2357 14055 2696 2356 14056 2694 2362 14057 2690 2354 14058 2697 2359 14059 2693 2352 14060 2694 2362 14061 2697 2359 14062 2690 2354 14063 2692 2353 14064 2698 2358 14065 2695 2355 14066 2695 2355 14067 2699 3677 14068 2696 2356 14069 2698 2358 14070 2699 3677 14071 2695 2355 14072 2693 2352 14073 2700 2360 14074 2698 2358 14075 2699 3677 14076 2701 2361 14077 2696 2356 14078 2697 2359 14079 2702 2366 14080 2700 2360 14081 2699 3677 14082 2705 2364 14083 2704 2370 14084 2701 2361 14085 2703 2367 14086 2694 2362 14087 2700 2360 14088 2705 2364 14089 2698 2358 14090 2699 3677 14091 2704 2370 14092 2701 2361 14093 2707 2365 14094 2704 2370 14095 2709 2369 14096 2702 2366 14097 2706 2363 14098 2700 2360 14099 2701 2361 14100 2707 2365 14101 2703 2367 14102 2706 2363 14103 2708 2368 14104 2705 2364 14105 2714 2372 14106 2718 2374 14107 2717 2379 14108 2710 2376 14109 2715 2375 14110 2712 2371 14111 2711 2373 14112 2713 2377 14113 2710 2376 14114 2713 2377 14115 2718 2374 14116 2710 2376 14117 2714 2372 14118 2716 2378 14119 2713 2377 14120 2728 2388 14121 2724 2383 14122 2729 2389 14123 2719 2382 14124 2723 2384 14125 2721 2387 14126 2721 2387 14127 2725 2386 14128 2720 2380 14129 2720 2380 14130 2725 2386 14131 2722 2381 14132 2723 2384 14133 2726 2385 14134 2721 2387 14135 2725 2386 14136 2727 2391 14137 2722 2381 14138 2726 2385 14139 2727 2391 14140 2725 2386 14141 2726 2385 14142 2728 2388 14143 2727 2391 14144 2727 2391 14145 2729 2389 14146 2722 2381 14147 2728 2388 14148 2731 3678 14149 2733 2393 14150 2728 2388 14151 2732 2392 14152 2730 2390 14153 2747 3679 14154 2745 2405 14155 2748 2407 14156 2729 2389 14157 2732 2392 14158 2731 3678 14159 2734 2400 14160 2737 2397 14161 2736 2396 14162 2735 2395 14163 2738 2399 14164 2734 2400 14165 2737 2397 14166 2743 2403 14167 2740 2398 14168 2738 2399 14169 2741 2402 14170 2737 2397 14171 2739 2394 14172 2742 2401 14173 2738 2399 14174 2740 2398 14175 2743 2403 14176 2739 2394 14177 2741 2402 14178 2743 2403 14179 2737 2397 14180 2744 3680 14181 2747 3679 14182 2750 2408 14183 2757 2412 14184 2762 3681 14185 2763 3682 14186 2744 3680 14187 2750 2408 14188 2746 2406 14189 2751 2411 14190 2757 2412 14191 2755 2414 14192 2757 2412 14193 2759 2416 14194 2754 2413 14195 2753 2417 14196 2760 2418 14197 2752 2409 14198 2753 2417 14199 2761 2419 14200 2760 2418 14201 2759 2416 14202 2761 2419 14203 2753 2417 14204 2756 2410 14205 2765 2420 14206 2764 3683 14207 2756 2410 14208 2762 3681 14209 2758 2415 14210 2757 2412 14211 2763 3682 14212 2759 2416 14213 2756 2410 14214 2764 3683 14215 2762 3681 14216 2763 3682 14217 2766 2425 14218 2768 2424 14219 2767 3684 14220 2763 3682 14221 2768 2424 14222 2764 3683 14223 2766 2425 14224 2762 3681 14225 2759 2416 14226 2767 3684 14227 2761 2419 14228 2766 2425 14229 2772 2428 14230 2771 2423 14231 2761 2419 14232 2769 2421 14233 2765 2420 14234 2767 3684 14235 2769 2421 14236 2761 2419 14237 2765 2420 14238 2770 2422 14239 2764 3683 14240 2772 2428 14241 2770 2422 14242 2773 2429 14243 2773 2429 14244 2769 2421 14245 2774 2433 14246 2769 2421 14247 2775 2431 14248 2774 2433 14249 2776 2426 14250 2780 2437 14251 2782 2435 14252 2768 2424 14253 2775 2431 14254 2767 3684 14255 2768 2424 14256 2776 2426 14257 2775 2431 14258 2774 2433 14259 2777 2427 14260 2773 2429 14261 2775 2431 14262 2778 2430 14263 2774 2433 14264 2771 2423 14265 2781 2434 14266 2780 2437 14267 2783 3685 14268 2780 2437 14269 2785 2436 14270 2778 2430 14271 2783 3685 14272 2779 2432 14273 2782 2435 14274 2783 3685 14275 2778 2430 14276 2777 2427 14277 2784 2438 14278 2781 2434 14279 2779 2432 14280 2784 2438 14281 2777 2427 14282 2786 3686 14283 2791 2443 14284 2790 3687 14285 2783 3685 14286 2784 2438 14287 2779 2432 14288 2786 3686 14289 2789 2444 14290 2788 2441 14291 2786 3686 14292 2790 3687 14293 2789 2444 14294 2793 2442 14295 2797 2449 14296 2791 2443 14297 2792 2439 14298 2793 2442 14299 2787 2440 14300 2788 2441 14301 2794 2445 14302 2792 2439 14303 2790 3687 14304 2795 2446 14305 2789 2444 14306 2795 2446 14307 2796 2454 14308 2794 2445 14309 2794 2445 14310 2796 2454 14311 2792 2439 14312 2791 2443 14313 2797 2449 14314 2790 3687 14315 2792 2439 14316 2798 2450 14317 2793 2442 14318 2795 2446 14319 2801 2448 14320 2800 3688 14321 2796 2454 14322 2799 2451 14323 2792 2439 14324 2795 2446 14325 2800 3688 14326 2796 2454 14327 2816 2466 14328 2812 2459 14329 2817 2467 14330 2797 2449 14331 2801 2448 14332 2790 3687 14333 2800 3688 14334 2804 2453 14335 2796 2454 14336 2798 2450 14337 2803 2452 14338 2802 2447 14339 2801 2448 14340 2804 2453 14341 2800 3688 14342 2802 2447 14343 2804 2453 14344 2801 2448 14345 2809 2455 14346 2811 2462 14347 2807 2456 14348 2805 2458 14349 2813 2463 14350 2812 2459 14351 2811 2462 14352 2814 2464 14353 2806 2460 14354 2813 2463 14355 2817 2467 14356 2812 2459 14357 2814 2464 14358 2815 2465 14359 2810 2461 14360 2811 2462 14361 2816 2466 14362 2814 2464 14363 2829 3689 14364 2834 2480 14365 2828 2482 14366 2816 2466 14367 2818 2469 14368 2815 2465 14369 2815 2465 14370 2820 2470 14371 2817 2467 14372 2817 2467 14373 2820 2470 14374 2819 2468 14375 2822 2476 14376 2824 2474 14377 2821 2473 14378 2823 2472 14379 2825 2471 14380 2822 2476 14381 2831 2479 14382 2833 2478 14383 2830 2484 14384 2832 2477 14385 2836 3690 14386 2838 3691 14387 2830 2484 14388 2835 3692 14389 2829 3689 14390 2838 3691 14391 2839 2485 14392 2844 2487 14393 2834 2480 14394 2836 3690 14395 2827 2481 14396 2830 2484 14397 2837 2483 14398 2835 3692 14399 2832 2477 14400 2838 3691 14401 2833 2478 14402 2836 3690 14403 2840 2493 14404 2839 2485 14405 2835 3692 14406 2840 2493 14407 2834 2480 14408 2841 2491 14409 2837 2483 14410 2842 2489 14411 2837 2483 14412 2843 2490 14413 2842 2489 14414 2843 2490 14415 2838 3691 14416 2844 2487 14417 2843 2490 14418 2846 2486 14419 2845 2488 14420 2839 2485 14421 2848 2492 14422 2847 3693 14423 2839 2485 14424 2847 3693 14425 2846 2486 14426 2841 2491 14427 2850 3694 14428 2849 2494 14429 2847 3693 14430 2852 2497 14431 2846 2486 14432 2850 3694 14433 2845 2488 14434 2851 3695 14435 2845 2488 14436 2852 2497 14437 2851 3695 14438 2848 2492 14439 2853 2495 14440 2847 3693 14441 2847 3693 14442 2853 2495 14443 2852 2497 14444 2855 2501 14445 2858 2496 14446 2857 2500 14447 2849 2494 14448 2854 2499 14449 2848 2492 14450 2850 3694 14451 2855 2501 14452 2849 2494 14453 2851 3695 14454 2855 2501 14455 2850 3694 14456 2852 2497 14457 2858 2496 14458 2851 3695 14459 2872 2518 14460 2869 3696 14461 2873 2516 14462 2860 2507 14463 2864 2506 14464 2859 2504 14465 2862 2503 14466 2865 2510 14467 2861 2505 14468 2863 2502 14469 2867 2509 14470 2862 2503 14471 2861 2505 14472 2868 2511 14473 2864 2506 14474 2866 2508 14475 2869 3696 14476 2863 2502 14477 2864 2506 14478 2869 3696 14479 2866 2508 14480 2863 2502 14481 2871 2513 14482 2867 2509 14483 2863 2502 14484 2872 2518 14485 2871 2513 14486 2869 3696 14487 2874 2520 14488 2873 2516 14489 2875 2522 14490 2870 2512 14491 2876 2515 14492 2868 2511 14493 2874 2520 14494 2864 2506 14495 2868 2511 14496 2875 2522 14497 2874 2520 14498 2880 2521 14499 2877 2514 14500 2878 2517 14501 2871 2513 14502 2876 2515 14503 2870 2512 14504 2872 2518 14505 2877 2514 14506 2871 2513 14507 2872 2518 14508 2878 2517 14509 2877 2514 14510 2876 2515 14511 2880 2521 14512 2875 2522 14513 2910 3697 14514 2908 2550 14515 2912 2551 14516 2881 2525 14517 2886 2530 14518 2885 3698 14519 2881 2525 14520 2887 2524 14521 2886 2530 14522 2884 2532 14523 2888 2526 14524 2883 2527 14525 2886 2530 14526 2890 2534 14527 2885 3698 14528 2885 3698 14529 2890 2534 14530 2884 2532 14531 2886 2530 14532 2891 2529 14533 2890 2534 14534 2890 2534 14535 2892 2531 14536 2884 2532 14537 2887 2524 14538 2893 2535 14539 2891 2529 14540 2892 2531 14541 2894 2536 14542 2888 2526 14543 2896 2537 14544 2897 2538 14545 2891 2529 14546 2892 2531 14547 2898 2539 14548 2894 2536 14549 2897 2538 14550 2899 2542 14551 2895 2533 14552 2895 2533 14553 2899 2542 14554 2898 2539 14555 2898 2539 14556 2900 2540 14557 2894 2536 14558 2896 2537 14559 2901 2541 14560 2897 2538 14561 2900 2540 14562 2901 2541 14563 2896 2537 14564 2902 2549 14565 2905 2546 14566 2904 2545 14567 2903 2544 14568 2906 2548 14569 2902 2549 14570 2907 2543 14571 2908 2550 14572 2903 2544 14573 2905 2546 14574 2911 2552 14575 2909 2547 14576 2906 2548 14577 2910 3697 14578 2905 2546 14579 2909 2547 14580 2911 2552 14581 2907 2543 14582 2910 3697 14583 2911 2552 14584 2905 2546 14585 2914 3699 14586 2923 2562 14587 2922 2558 14588 2917 3700 14589 2919 2553 14590 2916 2555 14591 2918 2557 14592 2919 2553 14593 2917 3700 14594 2913 2560 14595 2921 2556 14596 2918 2557 14597 2916 2555 14598 2920 2554 14599 2915 3701 14600 2914 3699 14601 2922 2558 14602 2913 2560 14603 2921 2556 14604 2924 2559 14605 2927 2564 14606 2920 2554 14607 2923 2562 14608 2915 3701 14609 2920 2554 14610 2926 2567 14611 2925 2561 14612 2926 2567 14613 2921 2556 14614 2927 2564 14615 2922 2558 14616 2929 3702 14617 2928 2566 14618 2922 2558 14619 2928 2566 14620 2924 2559 14621 2928 2566 14622 2932 2572 14623 2931 2565 14624 2925 2561 14625 2929 3702 14626 2923 2562 14627 2928 2566 14628 2930 2563 14629 2924 2559 14630 2930 2563 14631 2934 2569 14632 2927 2564 14633 2932 2572 14634 2925 2561 14635 2933 2568 14636 2934 2569 14637 2936 3703 14638 2938 2576 14639 2939 2577 14640 2935 2570 14641 2940 2575 14642 2931 2565 14643 2936 3703 14644 2930 2563 14645 2934 2569 14646 2938 2576 14647 2935 2570 14648 2933 2568 14649 2939 2577 14650 2937 2571 14651 2938 2576 14652 2941 2581 14653 2943 2574 14654 2938 2576 14655 2940 2575 14656 2935 2570 14657 2936 3703 14658 2942 2573 14659 2941 2581 14660 2941 2581 14661 2948 2585 14662 2947 2582 14663 2937 2571 14664 2944 2578 14665 2942 2573 14666 2940 2575 14667 2945 2579 14668 2939 2577 14669 2945 2579 14670 2946 2580 14671 2944 2578 14672 2950 2584 14673 2946 2580 14674 2951 2588 14675 2946 2580 14676 2948 2585 14677 2942 2573 14678 2943 2574 14679 2947 2582 14680 2940 2575 14681 2949 2583 14682 2951 2588 14683 2946 2580 14684 2950 2584 14685 2953 2589 14686 2949 2583 14687 2956 2590 14688 2952 2587 14689 2957 2592 14690 2951 2588 14691 2952 2587 14692 2950 2584 14693 2949 2583 14694 2953 2589 14695 2951 2588 14696 2954 2586 14697 2955 2591 14698 2952 2587 14699 2977 2614 14700 2973 2608 14701 2978 2613 14702 2956 2590 14703 2955 2591 14704 2954 2586 14705 2960 2600 14706 2965 2599 14707 2959 2597 14708 2963 2593 14709 2966 2601 14710 2962 2594 14711 2965 2599 14712 2970 2605 14713 2968 2603 14714 2964 2596 14715 2972 2607 14716 2971 2606 14717 2966 2601 14718 2974 2610 14719 2969 2604 14720 2971 2606 14721 2974 2610 14722 2966 2601 14723 2975 2609 14724 2976 2612 14725 2973 2608 14726 2972 2607 14727 2977 2614 14728 2979 2611 14729 2975 2609 14730 2978 2613 14731 2976 2612 14732 2989 2624 14733 2996 2633 14734 2995 2630 14735 2979 2611 14736 2981 2618 14737 2975 2609 14738 2978 2613 14739 2981 2618 14740 2980 2616 14741 2979 2611 14742 2982 2615 14743 2981 2618 14744 2980 2616 14745 2985 2620 14746 2982 2615 14747 2981 2618 14748 2983 2619 14749 2980 2616 14750 2982 2615 14751 2985 2620 14752 2984 2617 14753 2986 2628 14754 2989 2624 14755 2988 2623 14756 2987 2622 14757 2990 2626 14758 2986 2628 14759 2986 2628 14760 2992 2627 14761 2989 2624 14762 2991 2621 14763 2993 2629 14764 2987 2622 14765 2992 2627 14766 2997 2631 14767 2996 2633 14768 2997 2631 14769 2991 2621 14770 2998 3704 14771 2991 2621 14772 2995 2630 14773 2998 3704 14774 2999 2636 14775 2996 2633 14776 3000 2632 14777 2999 2636 14778 2998 3704 14779 2995 2630 14780 3013 2645 14781 3017 2650 14782 3016 2649 14783 2997 2631 14784 3001 3705 14785 3000 2632 14786 2998 3704 14787 3001 3705 14788 2997 2631 14789 2999 2636 14790 3004 2635 14791 2998 3704 14792 3000 2632 14793 3002 2634 14794 2999 2636 14795 3001 3705 14796 3003 2637 14797 3000 2632 14798 2998 3704 14799 3003 2637 14800 3001 3705 14801 3004 2635 14802 3003 2637 14803 2998 3704 14804 3007 2643 14805 3010 2642 14806 3006 2646 14807 3009 2640 14808 3012 2639 14809 3008 2644 14810 3012 2639 14811 3014 2647 14812 3008 2644 14813 3013 2645 14814 3015 2648 14815 3012 2639 14816 3014 2647 14817 3010 2642 14818 3011 2641 14819 3017 2650 14820 3020 2653 14821 3019 2651 14822 3016 2649 14823 3018 2652 14824 3015 2648 14825 3019 2651 14826 3018 2652 14827 3016 2649 14828 3021 3706 14829 3024 2655 14830 3027 3707 14831 3030 2664 14832 3031 2660 14833 3033 2662 14834 3021 3706 14835 3025 2658 14836 3023 2657 14837 3021 3706 14838 3027 3707 14839 3025 2658 14840 3035 2670 14841 3039 2668 14842 3034 2665 14843 3029 2663 14844 3032 2659 14845 3028 2661 14846 3054 2686 14847 3060 2690 14848 3059 2692 14849 3038 2666 14850 3037 2669 14851 3036 2667 14852 3040 2675 14853 3044 2676 14854 3045 2674 14855 3042 2671 14856 3045 2674 14857 3043 2672 14858 3048 2678 14859 3050 2685 14860 3047 2681 14861 3048 2678 14862 3049 2677 14863 3050 2685 14864 3050 2685 14865 3052 2682 14866 3047 2681 14867 3047 2681 14868 3053 2683 14869 3051 2680 14870 3049 2677 14871 3054 2686 14872 3055 2684 14873 3053 2683 14874 3054 2686 14875 3051 2680 14876 3053 2683 14877 3056 2687 14878 3054 2686 14879 3055 2684 14880 3056 2687 14881 3052 2682 14882 3055 2684 14883 3057 2689 14884 3056 2687 14885 3059 2692 14886 3058 2688 14887 3054 2686 14888 3062 2693 14889 3065 2696 14890 3064 2695 14891 3055 2684 14892 3058 2688 14893 3057 2689 14894 3058 2688 14895 3059 2692 14896 3057 2689 14897 3062 2693 14898 3063 2694 14899 3057 2689 14900 3065 2696 14901 3061 2691 14902 3066 2699 14903 3068 2700 14904 3064 2695 14905 3067 2697 14906 3063 2694 14907 3066 2699 14908 3061 2691 14909 3068 2700 14910 3069 2698 14911 3066 2699 14912 3075 2702 14913 3079 2708 14914 3077 2706 14915 3069 2698 14916 3071 3708 14917 3067 2697 14918 3067 2697 14919 3071 3708 14920 3070 2701 14921 3073 2707 14922 3076 2705 14923 3072 2704 14924 3074 2703 14925 3077 2706 14926 3073 2707 14927 3075 2702 14928 3077 2706 14929 3074 2703 14930 3076 2705 14931 3078 2710 14932 3075 2702 14933 3077 2706 14934 3079 2708 14935 3076 2705 14936 3083 2713 14937 3085 2715 14938 3081 2709 14939 3078 2710 14940 3080 2712 14941 3075 2702 14942 3076 2705 14943 3081 2709 14944 3078 2710 14945 3079 2708 14946 3080 2712 14947 3081 2709 14948 3080 2712 14949 3082 2711 14950 3083 2713 14951 3078 2710 14952 3081 2709 14953 3082 2711 14954 3081 2709 14955 3084 2716 14956 3082 2711 14957 3082 2711 14958 3084 2716 14959 3086 2714 14960 3093 2720 14961 3094 3709 14962 3096 2725 14963 3089 2723 14964 3091 2721 14965 3088 2717 14966 3087 2719 14967 3092 2722 14968 3089 2723 14969 3090 2718 14970 3095 2724 14971 3094 3709 14972 3099 2728 14973 3094 3709 14974 3097 3710 14975 3092 2722 14976 3096 2725 14977 3095 2724 14978 3097 3710 14979 3095 2724 14980 3098 2727 14981 3095 2724 14982 3099 2728 14983 3098 2727 14984 3116 2745 14985 3120 3711 14986 3119 2746 14987 3097 3710 14988 3102 2730 14989 3099 2728 14990 3098 2727 14991 3100 2729 14992 3097 3710 14993 3097 3710 14994 3100 2729 14995 3102 2730 14996 3105 3712 14997 3106 2734 14998 3104 2731 14999 3103 2733 15000 3107 2736 15001 3105 3712 15002 3104 2731 15003 3108 2735 15004 3109 2732 15005 3107 2736 15006 3106 2734 15007 3105 3712 15008 3106 2734 15009 3111 2740 15010 3108 2735 15011 3107 2736 15012 3111 2740 15013 3106 2734 15014 3111 2740 15015 3112 2738 15016 3108 2735 15017 3110 2737 15018 3114 2741 15019 3107 2736 15020 3112 2738 15021 3114 2741 15022 3110 2737 15023 3115 2742 15024 3119 2746 15025 3118 2743 15026 3121 3713 15027 3125 3714 15028 3124 3715 15029 3117 2744 15030 3118 2743 15031 3120 3711 15032 3122 3716 15033 3126 3717 15034 3125 3714 15035 3123 3718 15036 3124 3715 15037 3126 3717 15038 3135 2752 15039 3137 2756 15040 3136 2760 15041 3128 3719 15042 3132 2753 15043 3127 2749 15044 3129 2748 15045 3130 2750 15046 3128 3719 15047 3128 3719 15048 3130 2750 15049 3132 2753 15050 3127 2749 15051 3132 2753 15052 3131 2747 15053 3130 2750 15054 3133 2754 15055 3132 2753 15056 3135 2752 15057 3138 2755 15058 3131 2747 15059 3155 2774 15060 3154 2771 15061 3156 2775 15062 3136 2760 15063 3139 2757 15064 3135 2752 15065 3142 2763 15066 3141 2759 15067 3137 2756 15068 3140 2758 15069 3142 2763 15070 3137 2756 15071 3141 2759 15072 3145 3720 15073 3143 2761 15074 3140 2758 15075 3144 2762 15076 3142 2763 15077 3143 2761 15078 3145 3720 15079 3144 2762 15080 3147 2766 15081 3149 2769 15082 3146 2767 15083 3151 2768 15084 3150 2765 15085 3148 2764 15086 3150 2765 15087 3149 2769 15088 3147 2766 15089 3151 2768 15090 3153 2773 15091 3150 2765 15092 3149 2769 15093 3154 2771 15094 3152 2770 15095 3153 2773 15096 3154 2771 15097 3150 2765 15098 3152 2770 15099 3153 2773 15100 3151 2768 15101 3165 2780 15102 3170 3721 15103 3169 2786 15104 3153 2773 15105 3158 2776 15106 3156 2775 15107 3156 2775 15108 3159 2778 15109 3155 2774 15110 3155 2774 15111 3161 3722 15112 3158 2776 15113 3155 2774 15114 3159 2778 15115 3161 3722 15116 3161 3722 15117 3160 2777 15118 3158 2776 15119 3164 2785 15120 3166 2783 15121 3163 2779 15122 3162 2781 15123 3167 2784 15124 3164 2785 15125 3165 2780 15126 3171 2787 15127 3168 2782 15128 3167 2784 15129 3170 3721 15130 3166 2783 15131 3168 2782 15132 3171 2787 15133 3167 2784 15134 3182 2799 15135 3183 3723 15136 3185 2800 15137 3167 2784 15138 3171 2787 15139 3170 3721 15140 3174 2789 15141 3176 2793 15142 3173 2791 15143 3173 2791 15144 3179 2795 15145 3175 2788 15146 3174 2789 15147 3178 2794 15148 3176 2793 15149 3175 2788 15150 3179 2795 15151 3178 2794 15152 3180 2798 15153 3184 2797 15154 3183 3723 15155 3181 2796 15156 3185 2800 15157 3184 2797 15158 3187 2804 15159 3191 3724 15160 3190 2805 15161 3190 2805 15162 3189 2801 15163 3186 2803 15164 3195 2810 15165 3202 2815 15166 3196 2809 15167 3188 2802 15168 3189 2801 15169 3191 3724 15170 3193 3725 15171 3195 2810 15172 3192 2808 15173 3194 2807 15174 3197 2811 15175 3193 3725 15176 3193 3725 15177 3197 2811 15178 3195 2810 15179 3198 2806 15180 3200 2814 15181 3197 2811 15182 3197 2811 15183 3200 2814 15184 3199 2812 15185 3210 2824 15186 3214 3726 15187 3213 2827 15188 3199 2812 15189 3203 2816 15190 3195 2810 15191 3201 2813 15192 3199 2812 15193 3200 2814 15194 3202 2815 15195 3204 2817 15196 3201 2813 15197 3203 2816 15198 3205 2818 15199 3204 2817 15200 3206 2820 15201 3205 2818 15202 3199 2812 15203 3201 2813 15204 3206 2820 15205 3199 2812 15206 3204 2817 15207 3206 2820 15208 3201 2813 15209 3206 2820 15210 3208 2822 15211 3205 2818 15212 3206 2820 15213 3209 2819 15214 3208 2822 15215 3208 2822 15216 3210 2824 15217 3207 2821 15218 3209 2819 15219 3211 3727 15220 3208 2822 15221 3212 2823 15222 3211 3727 15223 3209 2819 15224 3211 3727 15225 3210 2824 15226 3208 2822 15227 3210 2824 15228 3213 2827 15229 3212 2823 15230 3212 2823 15231 3214 3726 15232 3211 3727 15233 3237 3728 15234 3235 2844 15235 3238 2843 15236 3213 2827 15237 3215 2826 15238 3212 2823 15239 3215 2826 15240 3218 2828 15241 3214 3726 15242 3214 3726 15243 3217 2829 15244 3213 2827 15245 3214 3726 15246 3218 2828 15247 3217 2829 15248 3221 3729 15249 3223 2836 15250 3220 2833 15251 3219 2832 15252 3224 2831 15253 3221 3729 15254 3220 2833 15255 3223 2836 15256 3222 2830 15257 3221 3729 15258 3224 2831 15259 3223 2836 15260 3224 2831 15261 3225 3730 15262 3223 2836 15263 3222 2830 15264 3227 2835 15265 3224 2831 15266 3225 3730 15267 3226 2834 15268 3223 2836 15269 3224 2831 15270 3227 2835 15271 3225 3730 15272 3228 2839 15273 3231 2838 15274 3233 2842 15275 3232 2840 15276 3231 2838 15277 3229 2837 15278 3233 2842 15279 3232 2840 15280 3230 2841 15281 3237 3728 15282 3239 2847 15283 3234 2846 15284 3273 2876 15285 3269 3731 15286 3272 2880 15287 3239 2847 15288 3238 2843 15289 3236 2845 15290 3240 2854 15291 3243 2848 15292 3242 2850 15293 3241 2852 15294 3245 2851 15295 3240 2854 15296 3244 2849 15297 3245 2851 15298 3242 2850 15299 3246 2853 15300 3249 2855 15301 3243 2848 15302 3246 2853 15303 3248 3732 15304 3249 2855 15305 3245 2851 15306 3248 3732 15307 3246 2853 15308 3244 2849 15309 3249 2855 15310 3247 2856 15311 3247 2856 15312 3248 3732 15313 3245 2851 15314 3250 2858 15315 3255 2857 15316 3254 2862 15317 3254 2862 15318 3253 2860 15319 3252 2861 15320 3256 2865 15321 3260 2864 15322 3258 3733 15323 3258 3733 15324 3259 2868 15325 3257 2866 15326 3260 2864 15327 3259 2868 15328 3258 3733 15329 3261 2863 15330 3262 2867 15331 3260 2864 15332 3261 2863 15333 3265 2871 15334 3264 2870 15335 3263 2869 15336 3266 2872 15337 3265 2871 15338 3264 2870 15339 3266 2872 15340 3262 2867 15341 3269 3731 15342 3268 2874 15343 3267 2873 15344 3265 2871 15345 3269 3731 15346 3267 2873 15347 3264 2870 15348 3268 2874 15349 3266 2872 15350 3270 2875 15351 3269 3731 15352 3265 2871 15353 3270 2875 15354 3271 2878 15355 3269 3731 15356 3270 2875 15357 3273 2876 15358 3271 2878 15359 3269 3731 15360 3271 2878 15361 3272 2880 15362 3277 3734 15363 3279 2882 15364 3281 2883 15365 3272 2880 15366 3274 2877 15367 3273 2876 15368 3271 2878 15369 3276 3735 15370 3272 2880 15371 3271 2878 15372 3274 2877 15373 3276 3735 15374 3275 2879 15375 3277 3734 15376 3274 2877 15377 3276 3735 15378 3275 2879 15379 3272 2880 15380 3274 2877 15381 3277 3734 15382 3276 3735 15383 3276 3735 15384 3278 2881 15385 3275 2879 15386 3277 3734 15387 3278 2881 15388 3276 3735 15389 3278 2881 15390 3281 2883 15391 3280 2885 15392 3278 2881 15393 3280 2885 15394 3279 2882 15395 3293 2896 15396 3298 2898 15397 3297 2897 15398 3279 2882 15399 3283 2886 15400 3281 2883 15401 3280 2885 15402 3282 3736 15403 3279 2882 15404 3282 3736 15405 3283 2886 15406 3279 2882 15407 3280 2885 15408 3284 2884 15409 3282 3736 15410 3287 3737 15411 3288 2890 15412 3286 2887 15413 3285 2889 15414 3291 2892 15415 3287 3737 15416 3286 2887 15417 3289 2891 15418 3290 2888 15419 3291 2892 15420 3288 2890 15421 3287 3737 15422 3288 2890 15423 3291 2892 15424 3289 2891 15425 3290 2888 15426 3292 2893 15427 3294 2895 15428 3293 2896 15429 3292 2893 15430 3289 2891 15431 3291 2892 15432 3293 2896 15433 3289 2891 15434 3290 2888 15435 3294 2895 15436 3291 2892 15437 3294 2895 15438 3295 3738 15439 3291 2892 15440 3291 2892 15441 3295 3738 15442 3293 2896 15443 3292 2893 15444 3297 2897 15445 3296 2894 15446 3294 2895 15447 3298 2898 15448 3295 3738 15449 3310 2906 15450 3313 2913 15451 3308 2909 15452 3297 2897 15453 3302 2902 15454 3296 2894 15455 3298 2898 15456 3301 2900 15457 3299 2899 15458 3299 2899 15459 3300 2901 15460 3297 2897 15461 3296 2894 15462 3302 2902 15463 3301 2900 15464 3301 2900 15465 3304 2905 15466 3300 2901 15467 3302 2902 15468 3305 2904 15469 3301 2900 15470 3305 2904 15471 3304 2905 15472 3301 2900 15473 3308 2909 15474 3309 3739 15475 3307 2908 15476 3307 2908 15477 3311 2912 15478 3310 2906 15479 3309 3739 15480 3311 2912 15481 3307 2908 15482 3309 3739 15483 3313 2913 15484 3311 2912 15485 3311 2912 15486 3312 2911 15487 3310 2906 15488 3362 3740 15489 3359 2953 15490 3363 2961 15491 3314 2910 15492 3313 2913 15493 3312 2911 15494 3311 2912 15495 3315 2914 15496 3314 2910 15497 3314 2910 15498 3318 2917 15499 3316 2915 15500 3319 2922 15501 3318 2917 15502 3317 2916 15503 3315 2914 15504 3319 2922 15505 3317 2916 15506 3315 2914 15507 3321 2919 15508 3319 2922 15509 3318 2917 15510 3322 2920 15511 3320 2918 15512 3319 2922 15513 3323 2921 15514 3318 2917 15515 3323 2921 15516 3322 2920 15517 3318 2917 15518 3326 2929 15519 3328 2927 15520 3325 2923 15521 3324 2925 15522 3329 2928 15523 3326 2929 15524 3327 2924 15525 3333 2932 15526 3330 2926 15527 3328 2927 15528 3331 2931 15529 3327 2924 15530 3329 2928 15531 3332 2930 15532 3328 2927 15533 3330 2926 15534 3333 2932 15535 3329 2928 15536 3331 2931 15537 3333 2932 15538 3327 2924 15539 3336 2939 15540 3337 2938 15541 3335 2935 15542 3334 2934 15543 3338 2936 15544 3336 2939 15545 3339 2933 15546 3343 2942 15547 3338 2936 15548 3340 2937 15549 3341 2941 15550 3339 2933 15551 3337 2938 15552 3341 2941 15553 3340 2937 15554 3338 2936 15555 3342 2940 15556 3337 2938 15557 3339 2933 15558 3341 2941 15559 3343 2942 15560 3346 2949 15561 3348 2947 15562 3345 2943 15563 3344 2945 15564 3349 2948 15565 3346 2949 15566 3347 2944 15567 3353 2952 15568 3350 2946 15569 3348 2947 15570 3351 2951 15571 3347 2944 15572 3349 2948 15573 3352 2950 15574 3348 2947 15575 3350 2946 15576 3353 2952 15577 3349 2948 15578 3351 2951 15579 3353 2952 15580 3347 2944 15581 3356 2959 15582 3357 2958 15583 3355 2955 15584 3354 2954 15585 3358 2956 15586 3356 2959 15587 3360 2957 15588 3361 2960 15589 3359 2953 15590 3357 2958 15591 3361 2960 15592 3360 2957 15593 3358 2956 15594 3362 3740 15595 3357 2958 15596 3364 2964 15597 3370 2965 15598 3369 2967 15599 3362 3740 15600 3361 2960 15601 3357 2958 15602 3366 2963 15603 3368 3741 15604 3370 2965 15605 3367 2962 15606 3368 3741 15607 3366 2963 15608 3389 2984 15609 3387 2983 15610 3390 2986 15611 3370 2965 15612 3371 2970 15613 3369 2967 15614 3367 2962 15615 3372 2968 15616 3368 3741 15617 3368 3741 15618 3373 2969 15619 3370 2965 15620 3372 2968 15621 3374 2973 15622 3368 3741 15623 3374 2973 15624 3373 2969 15625 3368 3741 15626 3372 2968 15627 3375 3742 15628 3374 2973 15629 3372 2968 15630 3376 2971 15631 3375 3742 15632 3373 2969 15633 3376 2971 15634 3371 2970 15635 3374 2973 15636 3375 3742 15637 3377 2972 15638 3378 2976 15639 3381 2977 15640 3380 2980 15641 3380 2980 15642 3383 2979 15643 3379 2974 15644 3379 2974 15645 3383 2979 15646 3382 2975 15647 3381 2977 15648 3384 2978 15649 3380 2980 15650 3382 2975 15651 3385 2981 15652 3381 2977 15653 3383 2979 15654 3384 2978 15655 3385 2981 15656 3381 2977 15657 3385 2981 15658 3387 2983 15659 3384 2978 15660 3387 2983 15661 3386 2982 15662 3385 2981 15663 3388 2985 15664 3387 2983 15665 3389 2984 15666 3388 2985 15667 3385 2981 15668 3394 3743 15669 3391 2988 15670 3395 2987 15671 3394 3743 15672 3396 3744 15673 3393 3745 15674 3392 2989 15675 3396 3744 15676 3395 2987 15677 3403 2996 15678 3400 2993 15679 3404 3001 15680 3398 2995 15681 3400 2993 15682 3397 2992 15683 3399 2991 15684 3401 2994 15685 3398 2995 15686 3402 2990 15687 3401 2994 15688 3399 2991 15689 3402 2990 15690 3403 2996 15691 3401 2994 15692 3404 3001 15693 3401 2994 15694 3405 2998 15695 3429 3020 15696 3434 3746 15697 3433 3026 15698 3403 2996 15699 3405 2998 15700 3401 2994 15701 3404 3001 15702 3408 3000 15703 3403 2996 15704 3405 2998 15705 3406 2999 15706 3404 3001 15707 3403 2996 15708 3408 3000 15709 3407 2997 15710 3411 3008 15711 3413 3007 15712 3410 3002 15713 3410 3002 15714 3413 3007 15715 3412 3003 15716 3415 3005 15717 3416 3009 15718 3411 3008 15719 3414 3006 15720 3417 3010 15721 3413 3007 15722 3413 3007 15723 3418 3011 15724 3412 3003 15725 3416 3009 15726 3417 3010 15727 3414 3006 15728 3412 3003 15729 3418 3011 15730 3416 3009 15731 3418 3011 15732 3419 3012 15733 3416 3009 15734 3421 3014 15735 3420 3013 15736 3417 3010 15737 3418 3011 15738 3422 3015 15739 3419 3012 15740 3419 3012 15741 3422 3015 15742 3421 3014 15743 3420 3013 15744 3425 3018 15745 3422 3015 15746 3421 3014 15747 3423 3017 15748 3420 3013 15749 3422 3015 15750 3425 3018 15751 3424 3016 15752 3428 3025 15753 3430 3023 15754 3427 3019 15755 3426 3021 15756 3431 3024 15757 3428 3025 15758 3429 3020 15759 3435 3027 15760 3432 3022 15761 3431 3024 15762 3434 3746 15763 3430 3023 15764 3432 3022 15765 3435 3027 15766 3431 3024 15767 3455 3046 15768 3449 3040 15769 3456 3047 15770 3431 3024 15771 3435 3027 15772 3434 3746 15773 3438 3029 15774 3439 3031 15775 3437 3033 15776 3440 3028 15777 3443 3035 15778 3438 3029 15779 3441 3032 15780 3442 3034 15781 3437 3033 15782 3442 3034 15783 3444 3036 15784 3440 3028 15785 3440 3028 15786 3444 3036 15787 3443 3035 15788 3445 3039 15789 3444 3036 15790 3442 3034 15791 3443 3035 15792 3442 3034 15793 3441 3032 15794 3445 3039 15795 3447 3042 15796 3444 3036 15797 3444 3036 15798 3447 3042 15799 3446 3037 15800 3445 3039 15801 3449 3040 15802 3447 3042 15803 3448 3038 15804 3452 3747 15805 3449 3040 15806 3448 3038 15807 3453 3044 15808 3452 3747 15809 3450 3041 15810 3453 3044 15811 3446 3037 15812 3453 3044 15813 3457 3748 15814 3452 3747 15815 3454 3045 15816 3457 3748 15817 3453 3044 15818 3449 3040 15819 3457 3748 15820 3456 3047 15821 3458 3048 15822 3463 3053 15823 3460 3049 15824 3457 3748 15825 3459 3051 15826 3456 3047 15827 3454 3045 15828 3459 3051 15829 3457 3748 15830 3454 3045 15831 3460 3049 15832 3459 3051 15833 3459 3051 15834 3458 3048 15835 3456 3047 15836 3483 3069 15837 3488 3749 15838 3487 3075 15839 3460 3049 15840 3463 3053 15841 3462 3050 15842 3462 3050 15843 3464 3054 15844 3458 3048 15845 3458 3048 15846 3464 3054 15847 3461 3055 15848 3466 3058 15849 3470 3060 15850 3468 3062 15851 3468 3062 15852 3472 3061 15853 3467 3059 15854 3467 3059 15855 3473 3063 15856 3471 3056 15857 3472 3061 15858 3476 3065 15859 3473 3063 15860 3475 3066 15861 3479 3750 15862 3474 3064 15863 3473 3063 15864 3478 3067 15865 3475 3066 15866 3474 3064 15867 3477 3751 15868 3476 3065 15869 3475 3066 15870 3478 3067 15871 3479 3750 15872 3477 3751 15873 3478 3067 15874 3476 3065 15875 3474 3064 15876 3479 3750 15877 3477 3751 15878 3488 3749 15879 3486 3074 15880 3489 3076 15881 3506 3094 15882 3509 3752 15883 3508 3095 15884 3487 3075 15885 3491 3078 15886 3490 3077 15887 3488 3749 15888 3491 3078 15889 3487 3075 15890 3489 3076 15891 3492 3080 15892 3488 3749 15893 3490 3077 15894 3493 3079 15895 3489 3076 15896 3492 3080 15897 3491 3078 15898 3488 3749 15899 3496 3087 15900 3498 3085 15901 3495 3081 15902 3494 3083 15903 3499 3086 15904 3496 3087 15905 3497 3082 15906 3503 3090 15907 3500 3084 15908 3498 3085 15909 3501 3089 15910 3497 3082 15911 3499 3086 15912 3502 3088 15913 3498 3085 15914 3500 3084 15915 3503 3090 15916 3499 3086 15917 3501 3089 15918 3503 3090 15919 3497 3082 15920 3504 3092 15921 3507 3091 15922 3509 3752 15923 3505 3093 15924 3508 3095 15925 3507 3091 15926 3520 3753 15927 3518 3104 15928 3521 3754 15929 3511 3103 15930 3514 3100 15931 3510 3098 15932 3512 3097 15933 3515 3101 15934 3511 3103 15935 3513 3096 15936 3518 3104 15937 3512 3097 15938 3511 3103 15939 3517 3102 15940 3514 3100 15941 3513 3096 15942 3521 3754 15943 3518 3104 15944 3515 3101 15945 3520 3753 15946 3517 3102 15947 3527 3755 15948 3513 3096 15949 3522 3107 15950 3513 3096 15951 3523 3108 15952 3522 3107 15953 3523 3108 15954 3519 3105 15955 3524 3756 15956 3519 3105 15957 3525 3757 15958 3524 3756 15959 3520 3753 15960 3525 3757 15961 3517 3102 15962 3520 3753 15963 3527 3755 15964 3526 3758 15965 3524 3756 15966 3529 3113 15967 3528 3109 15968 3522 3107 15969 3531 3111 15970 3527 3755 15971 3524 3756 15972 3528 3109 15973 3523 3108 15974 3526 3758 15975 3529 3113 15976 3525 3757 15977 3526 3758 15978 3531 3111 15979 3530 3116 15980 3538 3117 15981 3533 3110 15982 3537 3759 15983 3532 3106 15984 3533 3110 15985 3522 3107 15986 17 3348 15987 6 1 15988 12 3343 15989 3530 3116 15990 3534 3112 15991 3529 3113 15992 3534 3112 15993 3535 3115 15994 3528 3109 15995 3538 3117 15996 3540 3760 15997 3542 3122 15998 3533 3110 15999 3535 3115 16000 3537 3759 16001 3535 3115 16002 3539 3118 16003 3537 3759 16004 3540 3760 16005 3539 3118 16006 3541 3121 16007 3539 3118 16008 3542 3122 16009 3541 3121 16010 3545 3761 16011 3540 3760 16012 3543 3120 16013 3541 3121 16014 3543 3120 16015 3540 3760 16016 3553 3130 16017 3547 3128 16018 3554 3131 16019 3545 3761 16020 3544 3119 16021 3542 3122 16022 3548 3124 16023 3550 3126 16024 3547 3128 16025 3549 3123 16026 3552 3129 16027 3548 3124 16028 3553 3130 16029 3561 3133 16030 3549 3123 16031 3550 3126 16032 3555 3135 16033 3551 3127 16034 3552 3129 16035 3555 3135 16036 3550 3126 16037 3552 3129 16038 3556 3132 16039 3555 3135 16040 3554 3131 16041 3557 3136 16042 3553 3130 16043 3554 3131 16044 3559 3140 16045 3558 3139 16046 3559 3140 16047 3555 3135 16048 3560 3134 16049 3562 3137 16050 3558 3139 16051 3563 3138 16052 3561 3133 16053 3562 3137 16054 3564 3141 16055 3559 3140 16056 3564 3141 16057 3563 3138 16058 3584 3161 16059 3589 3762 16060 3588 3165 16061 3563 3138 16062 3565 3144 16063 3562 3137 16064 3565 3144 16065 3566 3142 16066 3562 3137 16067 3563 3138 16068 3567 3143 16069 3565 3144 16070 3564 3141 16071 3566 3142 16072 3567 3143 16073 3567 3143 16074 3568 3147 16075 3565 3144 16076 3566 3142 16077 3569 3146 16078 3567 3143 16079 3565 3144 16080 3568 3147 16081 3570 3145 16082 3571 3154 16083 3574 3151 16084 3573 3150 16085 3572 3149 16086 3575 3153 16087 3571 3154 16088 3574 3151 16089 3580 3157 16090 3577 3152 16091 3575 3153 16092 3578 3156 16093 3574 3151 16094 3576 3148 16095 3579 3155 16096 3575 3153 16097 3577 3152 16098 3580 3157 16099 3576 3148 16100 3578 3156 16101 3580 3157 16102 3574 3151 16103 3581 3164 16104 3584 3161 16105 3583 3160 16106 3582 3159 16107 3585 3163 16108 3581 3164 16109 3584 3161 16110 3588 3165 16111 3587 3162 16112 3587 3162 16113 3588 3165 16114 3586 3158 16115 3589 3762 16116 3586 3158 16117 3590 3166 16118 3594 3168 16119 3598 3175 16120 3599 3172 16121 3591 3169 16122 3596 3170 16123 3593 3763 16124 3593 3763 16125 3595 3171 16126 3592 3167 16127 3596 3170 16128 3595 3171 16129 3593 3763 16130 3596 3170 16131 3597 3173 16132 3600 3176 16133 3594 3168 16134 3597 3173 16135 3596 3170 16136 3600 3176 16137 3599 3172 16138 3602 3178 16139 3596 3170 16140 3600 3176 16141 3595 3171 16142 3595 3171 16143 3600 3176 16144 3598 3175 16145 3603 3177 16146 3601 3174 16147 3604 3180 16148 3600 3176 16149 3604 3180 16150 3601 3174 16151 3603 3177 16152 3605 3179 16153 3602 3178 16154 3610 3189 16155 3608 3182 16156 3613 3186 16157 3603 3177 16158 3607 3183 16159 3608 3182 16160 3608 3182 16161 3609 3184 16162 3605 3179 16163 3606 3181 16164 3609 3184 16165 3607 3183 16166 3607 3183 16167 3613 3186 16168 3608 3182 16169 3631 3202 16170 3635 3207 16171 3634 3210 16172 3607 3183 16173 3612 3187 16174 3611 3185 16175 3610 3189 16176 3612 3187 16177 3609 3184 16178 3611 3185 16179 3614 3190 16180 3613 3186 16181 3612 3187 16182 3615 3191 16183 3611 3185 16184 3613 3186 16185 3616 3188 16186 3610 3189 16187 3616 3188 16188 3615 3191 16189 3612 3187 16190 3619 3192 16191 3621 3197 16192 3620 3193 16193 3617 3764 16194 3622 3200 16195 3619 3192 16196 3618 3194 16197 3622 3200 16198 3617 3764 16199 3619 3192 16200 3623 3199 16201 3621 3197 16202 3622 3200 16203 3623 3199 16204 3619 3192 16205 3618 3194 16206 3624 3195 16207 3622 3200 16208 3623 3199 16209 3625 3196 16210 3621 3197 16211 3624 3195 16212 3626 3765 16213 3622 3200 16214 3625 3196 16215 3626 3765 16216 3624 3195 16217 3622 3200 16218 3626 3765 16219 3627 3198 16220 3630 3204 16221 3633 3206 16222 3629 3201 16223 3629 3201 16224 3633 3206 16225 3631 3202 16226 3634 3210 16227 3636 3208 16228 3631 3202 16229 3634 3210 16230 3640 3766 16231 3639 3211 16232 3636 3208 16233 3635 3207 16234 3632 3205 16235 3636 3208 16236 3638 3212 16237 3637 3209 16238 3637 3209 16239 3640 3766 16240 3635 3207 16241 3642 3767 16242 3641 3213 16243 3644 3215 16244 3636 3208 16245 3639 3211 16246 3638 3212 16247 3640 3766 16248 3642 3767 16249 3639 3211 16250 3638 3212 16251 3643 3214 16252 3641 3213 16253 3639 3211 16254 3643 3214 16255 3638 3212 16256 3642 3767 16257 3643 3214 16258 3639 3211 16259 3658 3225 16260 3663 3768 16261 3662 3231 16262 3647 3769 16263 3649 3219 16264 3646 3216 16265 3645 3218 16266 3650 3223 16267 3647 3769 16268 3648 3217 16269 3650 3223 16270 3645 3218 16271 3647 3769 16272 3651 3222 16273 3649 3219 16274 3650 3223 16275 3651 3222 16276 3647 3769 16277 3646 3216 16278 3652 3220 16279 3648 3217 16280 3648 3217 16281 3654 3770 16282 3650 3223 16283 3652 3220 16284 3654 3770 16285 3648 3217 16286 3653 3221 16287 3652 3220 16288 3649 3219 16289 3650 3223 16290 3654 3770 16291 3653 3221 16292 3657 3230 16293 3659 3228 16294 3656 3224 16295 3655 3226 16296 3660 3229 16297 3657 3230 16298 3658 3225 16299 3664 3232 16300 3661 3227 16301 3660 3229 16302 3663 3768 16303 3659 3228 16304 3661 3227 16305 3664 3232 16306 3660 3229 16307 3665 3771 16308 3669 3772 16309 3668 3773 16310 3660 3229 16311 3664 3232 16312 3663 3768 16313 3666 3774 16314 3670 3775 16315 3669 3772 16316 3667 3776 16317 3668 3773 16318 3670 3775 16319 3677 3236 16320 3678 3240 16321 3675 3239 16322 3673 3237 16323 3675 3239 16324 3672 3233 16325 3675 3239 16326 3674 3234 16327 3672 3233 16328 3676 3238 16329 3680 3244 16330 3677 3236 16331 3675 3239 16332 3678 3240 16333 3674 3234 16334 3674 3234 16335 3679 3241 16336 3676 3238 16337 3679 3241 16338 3680 3244 16339 3682 3243 16340 3676 3238 16341 3681 3242 16342 3680 3244 16343 3679 3241 16344 3681 3242 16345 3676 3238 16346 3700 3777 16347 3695 3256 16348 3701 3262 16349 3685 3251 16350 3687 3249 16351 3684 3245 16352 3683 3247 16353 3688 3250 16354 3685 3251 16355 3686 3246 16356 3692 3254 16357 3689 3248 16358 3687 3249 16359 3690 3253 16360 3686 3246 16361 3688 3250 16362 3691 3252 16363 3687 3249 16364 3689 3248 16365 3692 3254 16366 3688 3250 16367 3690 3253 16368 3692 3254 16369 3686 3246 16370 3694 3257 16371 3695 3256 16372 3693 3778 16373 3693 3778 16374 3697 3258 16375 3696 3255 16376 3695 3256 16377 3697 3258 16378 3693 3778 16379 3696 3255 16380 3699 3260 16381 3695 3256 16382 3697 3258 16383 3700 3777 16384 3698 3259 16385 3701 3262 16386 3705 3264 16387 3700 3777 16388 3699 3260 16389 3701 3262 16390 3695 3256 16391 3699 3260 16392 3704 3266 16393 3703 3261 16394 3703 3261 16395 3702 3265 16396 3701 3262 16397 3704 3266 16398 3700 3777 16399 3705 3264 16400 3718 3276 16401 3714 3268 16402 3716 3779 16403 3703 3261 16404 3708 3263 16405 3702 3265 16406 3705 3264 16407 3706 3780 16408 3704 3266 16409 3703 3261 16410 3707 3267 16411 3708 3263 16412 3706 3780 16413 3707 3267 16414 3704 3266 16415 3705 3264 16416 3708 3263 16417 3706 3780 16418 3711 3274 16419 3712 3273 16420 3710 3270 16421 3709 3269 16422 3713 3271 16423 3711 3274 16424 3716 3779 16425 3715 3272 16426 3717 3275 16427 3716 3779 16428 3719 3277 16429 3718 3276 16430 3718 3276 16431 3719 3277 16432 3712 3273 16433 3716 3779 16434 3721 3278 16435 3720 3280 16436 3721 3278 16437 3724 3282 16438 3723 3279 16439 3720 3280 16440 3722 3281 16441 3719 3277 16442 3723 3279 16443 3722 3281 16444 3720 3280 16445 3738 3294 16446 3742 3298 16447 3741 3299 16448 3728 3283 16449 3730 3288 16450 3725 3284 16451 3726 3285 16452 3729 3287 16453 3728 3283 16454 3727 3286 16455 3730 3288 16456 3729 3287 16457 3732 3781 16458 3734 3293 16459 3731 3291 16460 3733 3290 16461 3737 3295 16462 3732 3781 16463 3732 3781 16464 3737 3295 16465 3734 3293 16466 3735 3289 16467 3738 3294 16468 3733 3290 16469 3737 3295 16470 3740 3296 16471 3734 3293 16472 3740 3296 16473 3739 3297 16474 3734 3293 16475 3745 3302 16476 3751 3307 16477 3750 3782 16478 3740 3296 16479 3743 3300 16480 3739 3297 16481 3739 3297 16482 3745 3302 16483 3744 3301 16484 3746 3303 16485 3743 3300 16486 3741 3299 16487 3742 3298 16488 3746 3303 16489 3741 3299 16490 3747 3304 16491 3745 3302 16492 3743 3300 16493 3745 3302 16494 3750 3782 16495 3749 3306 16496 3772 3325 16497 3770 3319 16498 3773 3324 16499 3748 3305 16500 3751 3307 16501 3746 3303 16502 3749 3306 16503 3754 3783 16504 3748 3305 16505 3750 3782 16506 3752 3784 16507 3749 3306 16508 3748 3305 16509 3754 3783 16510 3751 3307 16511 3749 3306 16512 3752 3784 16513 3754 3783 16514 3750 3782 16515 3753 3785 16516 3752 3784 16517 3751 3307 16518 3753 3785 16519 3750 3782 16520 3754 3783 16521 3753 3785 16522 3751 3307 16523 3757 3786 16524 3759 3315 16525 3756 3308 16526 3756 3308 16527 3759 3315 16528 3758 3309 16529 3755 3310 16530 3760 3311 16531 3757 3786 16532 3757 3786 16533 3761 3313 16534 3759 3315 16535 3760 3311 16536 3761 3313 16537 3757 3786 16538 3760 3311 16539 3762 3314 16540 3763 3312 16541 3758 3309 16542 3762 3314 16543 3760 3311 16544 3761 3313 16545 3762 3314 16546 3759 3315 16547 3766 3322 16548 3768 3320 16549 3765 3316 16550 3764 3318 16551 3769 3321 16552 3766 3322 16553 3767 3317 16554 3773 3324 16555 3770 3319 16556 3768 3320 16557 3771 3323 16558 3767 3317 16559 3769 3321 16560 3772 3325 16561 3768 3320 16562 3778 3328 16563 3781 3787 16564 3780 3329 16565 3772 3325 16566 3775 3788 16567 3771 3323 16568 3773 3324 16569 3776 3327 16570 3772 3325 16571 3775 3788 16572 3774 3326 16573 3771 3323 16574 3772 3325 16575 3776 3327 16576 3775 3788 16577 3777 3330 16578 3780 3329 16579 3782 3331 16580 3791 3789 16581 3788 3333 16582 3792 3341 16583 3779 3332 16584 3782 3331 16585 3781 3787 16586 3785 3339 16587 3786 3338 16588 3784 3335 16589 3783 3334 16590 3787 3336 16591 3785 3339 16592 3789 3337 16593 3790 3340 16594 3788 3333 16595 3786 3338 16596 3790 3340 16597 3789 3337 16598 3787 3336 16599 3791 3789 16600 3786 3338 16601 3791 3789 16602 3790 3340 16603 3786 3338 16604 12 3343 16605 6 1 16606 9 9 16607 13 3344 16608 9 9 16609 7 8 16610 10 10 16611 15 3347 16612 14 3345 16613 10 10 16614 8 3 16615 16 3346 16616 8 3 16617 11 6 16618 17 3348 16619 17 3348 16620 12 3343 16621 18 3349 16622 13 3344 16623 19 3352 16624 18 3349 16625 13 3344 16626 14 3345 16627 20 3351 16628 20 3351 16629 14 3345 16630 15 3347 16631 21 13 16632 15 3347 16633 16 3346 16634 22 11 16635 16 3346 16636 17 3348 16637 23 3350 16638 18 3349 16639 24 3353 16640 19 3352 16641 25 3354 16642 24 3353 16643 20 3351 16644 26 17 16645 25 3354 16646 20 3351 16647 21 13 16648 27 12 16649 37 3355 16650 31 3356 16651 34 19 16652 42 25 16653 35 18 16654 39 23 16655 53 37 16656 54 38 16657 60 3357 16658 66 47 16659 61 3362 16660 68 50 16661 62 3361 16662 69 48 16663 68 50 16664 62 3361 16665 63 3790 16666 70 3363 16667 70 3363 16668 63 3790 16669 64 45 16670 68 50 16671 73 49 16672 76 51 16673 70 3363 16674 71 44 16675 75 54 16676 80 3365 16677 73 49 16678 78 3366 16679 78 3366 16680 74 3364 16681 82 55 16682 79 3368 16683 76 51 16684 84 59 16685 86 53 16686 83 52 16687 92 62 16688 90 61 16689 88 58 16690 95 66 16691 111 81 16692 106 3371 16693 113 83 16694 106 3371 16695 107 3373 16696 114 3372 16697 107 3373 16698 108 3375 16699 115 3374 16700 108 3375 16701 109 79 16702 116 78 16703 113 83 16704 114 3372 16705 119 87 16706 114 3372 16707 115 3374 16708 120 88 16709 120 88 16710 115 3374 16711 116 78 16712 112 77 16713 122 85 16714 121 3376 16715 123 84 16716 118 82 16717 126 91 16718 127 3378 16719 122 85 16720 123 84 16721 125 3377 16722 121 3376 16723 130 92 16724 130 92 16725 127 3378 16726 135 3379 16727 128 90 16728 136 96 16729 135 3379 16730 137 97 16731 141 3380 16732 140 98 16733 140 98 16734 145 109 16735 144 104 16736 141 3380 16737 139 95 16738 148 107 16739 145 109 16740 147 3381 16741 151 3382 16742 151 3382 16743 147 3381 16744 148 107 16745 155 3383 16746 162 3386 16747 166 116 16748 156 3385 16749 163 3387 16750 162 3386 16751 156 3385 16752 157 3791 16753 164 119 16754 164 119 16755 157 3791 16756 158 115 16757 166 116 16758 162 3386 16759 167 120 16760 163 3387 16761 168 124 16762 167 120 16763 168 124 16764 163 3387 16765 164 119 16766 161 113 16767 166 116 16768 171 122 16769 167 120 16770 168 124 16771 174 123 16772 176 3389 16773 169 118 16774 172 3388 16775 172 3388 16776 170 125 16777 178 130 16778 181 3390 16779 174 123 16780 176 3389 16781 176 3389 16782 177 129 16783 183 3392 16784 184 131 16785 179 126 16786 185 3393 16787 185 3393 16788 179 126 16789 181 3390 16790 181 3390 16791 182 3391 16792 187 134 16793 182 3391 16794 183 3392 16795 188 3395 16796 183 3392 16797 180 128 16798 189 3396 16799 184 131 16800 190 3394 16801 189 3396 16802 190 3394 16803 185 3393 16804 191 136 16805 192 132 16806 187 134 16807 188 3395 16808 193 139 16809 188 3395 16810 189 3396 16811 189 3396 16812 190 3394 16813 195 3397 16814 205 146 16815 201 143 16816 198 141 16817 206 145 16818 203 144 16819 207 3399 16820 208 3401 16821 205 146 16822 206 145 16823 218 3402 16824 213 3407 16825 220 155 16826 213 3407 16827 214 3792 16828 221 157 16829 221 157 16830 214 3792 16831 215 150 16832 218 3402 16833 224 154 16834 223 151 16835 226 156 16836 222 149 16837 219 148 16838 227 162 16839 219 148 16840 223 151 16841 234 169 16842 228 158 16843 230 161 16844 233 164 16845 237 167 16846 236 165 16847 245 182 16848 236 165 16849 237 167 16850 246 3408 16851 241 172 16852 248 180 16853 261 187 16854 259 189 16855 256 186 16856 266 198 16857 264 191 16858 263 190 16859 267 196 16860 269 195 16861 271 3411 16862 270 197 16863 274 3413 16864 273 3412 16865 272 199 16866 271 3411 16867 273 3412 16868 274 3413 16869 277 205 16870 276 203 16871 274 3413 16872 275 200 16873 278 206 16874 278 206 16875 275 200 16876 273 3412 16877 277 205 16878 278 206 16879 281 202 16880 292 217 16881 290 215 16882 294 219 16883 298 223 16884 297 222 16885 299 224 16886 301 228 16887 299 224 16888 304 231 16889 317 242 16890 314 238 16891 312 233 16892 312 233 16893 313 237 16894 319 243 16895 328 3414 16896 325 3416 16897 331 251 16898 362 277 16899 358 3423 16900 360 273 16901 383 293 16902 384 296 16903 387 3424 16904 387 3424 16905 384 296 16906 381 291 16907 381 291 16908 385 299 16909 389 302 16910 385 299 16911 382 298 16912 390 303 16913 386 300 16914 391 304 16915 390 303 16916 383 293 16917 392 3425 16918 391 304 16919 392 3425 16920 387 3424 16921 394 309 16922 387 3424 16923 388 3427 16924 395 307 16925 389 302 16926 396 305 16927 395 307 16928 393 301 16929 397 3428 16930 396 305 16931 397 3428 16932 393 301 16933 391 304 16934 398 313 16935 391 304 16936 392 3425 16937 433 341 16938 430 338 16939 432 335 16940 435 344 16941 434 342 16942 436 346 16943 450 358 16944 449 357 16945 454 362 16946 489 394 16947 485 386 16948 493 401 16949 493 401 16950 490 395 16951 496 402 16952 544 448 16953 547 447 16954 546 449 16955 567 472 16956 568 3437 16957 571 3436 16958 568 3437 16959 569 471 16960 572 473 16961 585 3438 16962 582 485 16963 583 482 16964 579 480 16965 580 3441 16966 588 3439 16967 580 3441 16968 581 484 16969 589 3442 16970 588 3439 16971 589 3442 16972 591 3443 16973 586 481 16974 587 3440 16975 592 3445 16976 590 3444 16977 593 3446 16978 592 3445 16979 593 3446 16980 590 3444 16981 591 3443 16982 591 3443 16983 584 483 16984 595 490 16985 584 483 16986 585 3438 16987 596 488 16988 586 481 16989 597 486 16990 596 488 16991 592 3445 16992 600 3449 16993 602 491 16994 609 3448 16995 602 491 16996 600 3449 16997 600 3449 16998 599 495 16999 606 494 17000 601 489 17001 598 487 17002 608 497 17003 602 491 17004 609 3448 17005 608 497 17006 605 3450 17007 612 505 17008 616 503 17009 606 494 17010 613 3451 17011 612 505 17012 610 500 17013 614 499 17014 613 3451 17015 608 497 17016 609 3448 17017 616 503 17018 613 3451 17019 619 510 17020 618 504 17021 613 3451 17022 614 499 17023 620 506 17024 630 3452 17025 625 513 17026 633 519 17027 629 516 17028 630 3452 17029 636 3453 17030 633 519 17031 637 522 17032 642 524 17033 633 519 17034 631 512 17035 638 3454 17036 638 3454 17037 631 512 17038 634 520 17039 634 520 17040 632 517 17041 640 527 17042 640 527 17043 632 517 17044 635 521 17045 635 521 17046 636 3453 17047 642 524 17048 645 3455 17049 637 522 17050 638 3454 17051 638 3454 17052 639 526 17053 647 3457 17054 645 3455 17055 649 532 17056 654 531 17057 645 3455 17058 646 3456 17059 650 535 17060 650 535 17061 646 3456 17062 647 3457 17063 647 3457 17064 643 525 17065 652 538 17066 652 538 17067 643 525 17068 648 528 17069 648 528 17070 644 523 17071 654 531 17072 649 532 17073 650 535 17074 656 534 17075 654 531 17076 659 3458 17077 658 539 17078 655 530 17079 656 534 17080 661 3459 17081 656 534 17082 651 533 17083 662 542 17084 659 3458 17085 660 3460 17086 664 3461 17087 660 3460 17088 661 3459 17089 665 3463 17090 661 3459 17091 662 542 17092 666 541 17093 667 3464 17094 658 539 17095 659 3458 17096 668 3462 17097 664 3461 17098 670 551 17099 670 551 17100 664 3461 17101 665 3463 17102 671 3465 17103 665 3463 17104 666 541 17105 669 543 17106 673 544 17107 672 546 17108 669 543 17109 667 3464 17110 674 548 17111 668 3462 17112 675 550 17113 674 548 17114 671 3465 17115 672 546 17116 677 545 17117 679 552 17118 683 561 17119 682 555 17120 679 552 17121 678 547 17122 684 556 17123 703 3466 17124 697 568 17125 692 3467 17126 692 3467 17127 693 566 17128 701 3469 17129 709 3470 17130 703 3466 17131 700 3468 17132 700 3468 17133 701 3469 17134 705 3472 17135 698 565 17136 706 3474 17137 705 3472 17138 698 565 17139 702 571 17140 707 3473 17141 707 3473 17142 702 571 17143 699 569 17144 708 3475 17145 699 569 17146 703 3466 17147 709 3470 17148 704 3471 17149 710 3476 17150 710 3476 17151 704 3471 17152 705 3472 17153 711 580 17154 705 3472 17155 706 3474 17156 706 3474 17157 707 3473 17158 713 577 17159 707 3473 17160 708 3475 17161 714 575 17162 709 3470 17163 715 573 17164 714 575 17165 711 580 17166 712 3477 17167 720 3478 17168 722 3479 17169 716 579 17170 719 578 17171 719 578 17172 720 3478 17173 724 3481 17174 720 3478 17175 718 576 17176 725 3482 17177 718 576 17178 717 574 17179 726 582 17180 722 3479 17181 727 3485 17182 732 3483 17183 722 3479 17184 723 3480 17185 728 3484 17186 728 3484 17187 723 3480 17188 724 3481 17189 724 3481 17190 725 3482 17191 730 584 17192 730 584 17193 725 3482 17194 726 582 17195 726 582 17196 721 581 17197 732 3483 17198 732 3483 17199 727 3485 17200 733 593 17201 727 3485 17202 728 3484 17203 734 591 17204 728 3484 17205 729 3486 17206 735 587 17207 736 583 17208 731 585 17209 732 3483 17210 737 3487 17211 733 593 17212 742 592 17213 742 592 17214 741 590 17215 745 595 17216 757 607 17217 754 600 17218 761 3488 17219 761 3488 17220 754 600 17221 758 609 17222 758 609 17223 755 603 17224 763 616 17225 763 616 17226 755 603 17227 759 606 17228 769 3490 17229 760 610 17230 761 3488 17231 761 3488 17232 762 615 17233 771 3492 17234 773 623 17235 770 3491 17236 771 3492 17237 772 617 17238 767 613 17239 775 3493 17240 769 3490 17241 776 622 17242 775 3493 17243 777 3494 17244 775 3493 17245 779 626 17246 786 630 17247 779 626 17248 783 625 17249 784 628 17250 781 627 17251 786 630 17252 787 631 17253 785 629 17254 791 636 17255 790 3495 17256 791 636 17257 795 635 17258 816 655 17259 817 658 17260 819 657 17261 826 3499 17262 821 660 17263 822 662 17264 823 663 17265 820 661 17266 826 3499 17267 837 672 17268 838 678 17269 840 680 17270 841 679 17271 842 681 17272 845 686 17273 843 682 17274 846 684 17275 845 686 17276 850 692 17277 849 688 17278 847 685 17279 848 687 17280 852 694 17281 851 690 17282 866 704 17283 864 703 17284 867 706 17285 866 704 17286 868 708 17287 865 705 17288 870 710 17289 875 713 17290 874 717 17291 890 730 17292 889 727 17293 895 734 17294 899 737 17295 903 3500 17296 902 741 17297 897 735 17298 904 742 17299 903 3500 17300 902 741 17301 903 3500 17302 909 749 17303 909 749 17304 904 742 17305 907 745 17306 935 768 17307 933 3504 17308 938 778 17309 933 3504 17310 930 763 17311 939 3505 17312 940 770 17313 936 769 17314 944 774 17315 937 775 17316 938 778 17317 946 777 17318 948 781 17319 945 773 17320 946 777 17321 958 783 17322 953 786 17323 963 800 17324 959 788 17325 957 787 17326 965 795 17327 968 798 17328 967 797 17329 972 806 17330 972 806 17331 967 797 17332 970 801 17333 970 801 17334 969 799 17335 974 808 17336 975 803 17337 966 793 17338 968 798 17339 980 812 17340 971 802 17341 975 803 17342 976 805 17343 982 814 17344 981 816 17345 982 814 17346 977 804 17347 983 811 17348 979 809 17349 978 807 17350 984 813 17351 984 813 17352 980 812 17353 981 816 17354 996 825 17355 998 829 17356 1002 834 17357 999 827 17358 995 820 17359 1003 3508 17360 1004 3510 17361 1000 831 17362 999 827 17363 1003 3508 17364 997 828 17365 1007 840 17366 1004 3510 17367 1005 3509 17368 1011 837 17369 1007 840 17370 1013 839 17371 1012 836 17372 1014 841 17373 1008 832 17374 1010 843 17375 1017 3511 17376 1012 836 17377 1013 839 17378 1013 839 17379 1009 835 17380 1019 3513 17381 1014 841 17382 1020 846 17383 1019 3513 17384 1019 3513 17385 1020 846 17386 1023 852 17387 1023 852 17388 1020 846 17389 1021 845 17390 1021 845 17391 1016 844 17392 1025 3514 17393 1026 848 17394 1017 3511 17395 1018 3512 17396 1025 3514 17397 1026 848 17398 1028 847 17399 1022 851 17400 1029 850 17401 1028 847 17402 1023 852 17403 1024 3515 17404 1030 854 17405 1030 854 17406 1024 3515 17407 1025 3514 17408 1029 850 17409 1030 854 17410 1034 853 17411 1043 861 17412 1038 3518 17413 1045 3516 17414 1039 3517 17415 1046 3520 17416 1045 3516 17417 1039 3517 17418 1040 3521 17419 1047 3519 17420 1040 3521 17421 1041 865 17422 1048 864 17423 1052 873 17424 1047 3519 17425 1048 864 17426 1055 870 17427 1044 862 17428 1051 866 17429 1059 3523 17430 1053 871 17431 1055 870 17432 1055 870 17433 1056 869 17434 1061 876 17435 1058 872 17436 1063 880 17437 1062 877 17438 1059 3523 17439 1064 886 17440 1063 880 17441 1059 3523 17442 1060 3524 17443 1065 882 17444 1065 882 17445 1060 3524 17446 1061 876 17447 1068 879 17448 1070 883 17449 1076 889 17450 1085 3525 17451 1081 896 17452 1088 3526 17453 1089 3527 17454 1083 898 17455 1084 3528 17456 1084 3528 17457 1085 3525 17458 1091 902 17459 1094 3529 17460 1086 895 17461 1087 899 17462 1095 908 17463 1087 899 17464 1089 3527 17465 1089 3527 17466 1090 903 17467 1097 910 17468 1093 901 17469 1098 905 17470 1097 910 17471 1094 3529 17472 1095 908 17473 1102 907 17474 1105 912 17475 1101 3530 17476 1109 3531 17477 1101 3530 17478 1102 907 17479 1110 917 17480 1113 919 17481 1108 918 17482 1115 3532 17483 1112 922 17484 1116 921 17485 1115 3532 17486 1117 924 17487 1111 916 17488 1107 915 17489 1113 919 17490 1119 3533 17491 1118 3534 17492 1118 3534 17493 1122 3535 17494 1121 925 17495 1133 935 17496 1135 943 17497 1134 936 17498 1143 945 17499 1139 941 17500 1141 940 17501 1142 944 17502 1147 949 17503 1146 948 17504 1155 958 17505 1152 953 17506 1153 954 17507 1153 954 17508 1151 956 17509 1157 960 17510 1161 961 17511 1157 960 17512 1154 955 17513 1176 978 17514 1173 975 17515 1177 3537 17516 1177 3537 17517 1178 979 17518 1180 982 17519 1180 982 17520 1178 979 17521 1179 3538 17522 1179 3538 17523 1177 3537 17524 1182 3539 17525 1194 991 17526 1191 990 17527 1189 987 17528 1189 987 17529 1190 989 17530 1193 992 17531 1195 993 17532 1192 994 17533 1193 992 17534 1204 1002 17535 1207 1004 17536 1206 1005 17537 1211 1010 17538 1209 1008 17539 1213 1012 17540 1210 1009 17541 1211 1010 17542 1215 1015 17543 1217 1014 17544 1213 1012 17545 1216 1013 17546 1224 3540 17547 1228 1028 17548 1227 1025 17549 1232 1030 17550 1235 1035 17551 1234 1031 17552 1235 1035 17553 1236 1032 17554 1238 1038 17555 1238 1038 17556 1236 1032 17557 1233 1033 17558 1252 1049 17559 1249 1044 17560 1247 1048 17561 1259 1056 17562 1253 3541 17563 1254 1052 17564 1258 1053 17565 1252 1049 17566 1253 3541 17567 1259 1056 17568 1257 1055 17569 1262 1058 17570 1264 1059 17571 1263 1060 17572 1268 1062 17573 1264 1059 17574 1266 1067 17575 1268 1062 17576 1278 1077 17577 1273 1070 17578 1276 1072 17579 1280 1073 17580 1283 1080 17581 1282 1078 17582 1282 1078 17583 1283 1080 17584 1287 1079 17585 1293 1090 17586 1296 1089 17587 1295 1091 17588 1300 1096 17589 1301 1098 17590 1307 1106 17591 1315 1109 17592 1308 1100 17593 1313 1107 17594 1317 1110 17595 1310 1101 17596 1312 1103 17597 1332 1124 17598 1334 1125 17599 1339 1131 17600 1346 1137 17601 1345 1135 17602 1349 1140 17603 1355 1148 17604 1350 1144 17605 1351 1147 17606 1354 1142 17607 1355 1148 17608 1357 1149 17609 1359 1151 17610 1358 1150 17611 1362 3547 17612 1357 1149 17613 1363 1156 17614 1362 3547 17615 1362 3547 17616 1365 1157 17617 1364 1154 17618 1365 1157 17619 1368 3551 17620 1367 3548 17621 1367 3548 17622 1372 1162 17623 1371 1160 17624 1373 1159 17625 1369 3550 17626 1370 3549 17627 1372 1162 17628 1377 1164 17629 1376 1163 17630 1378 1165 17631 1373 1159 17632 1374 1158 17633 1376 1163 17634 1377 1164 17635 1380 1169 17636 1376 1163 17637 1379 1168 17638 1382 3552 17639 1380 1169 17640 1381 1166 17641 1383 3553 17642 1388 3555 17643 1385 1170 17644 1386 1167 17645 1404 1185 17646 1402 1182 17647 1403 3556 17648 1403 3556 17649 1401 1184 17650 1406 1186 17651 1405 1190 17652 1406 1186 17653 1410 3558 17654 1410 3558 17655 1407 1188 17656 1411 1191 17657 1408 1187 17658 1412 3559 17659 1411 1191 17660 1408 1187 17661 1409 1189 17662 1413 1195 17663 1409 1189 17664 1410 3558 17665 1414 1193 17666 1418 1196 17667 1415 1197 17668 1417 1194 17669 1428 1207 17670 1432 3562 17671 1431 1210 17672 1428 1207 17673 1429 1205 17674 1433 3561 17675 1432 3562 17676 1435 3563 17677 1434 1209 17678 1435 3563 17679 1432 3562 17680 1433 3561 17681 1433 3561 17682 1430 1208 17683 1437 1213 17684 1437 1213 17685 1434 1209 17686 1438 3564 17687 1438 3564 17688 1434 1209 17689 1435 3563 17690 1440 1211 17691 1438 3564 17692 1441 1218 17693 1438 3564 17694 1439 1214 17695 1442 1215 17696 1444 1216 17697 1441 1218 17698 1442 1215 17699 1449 3565 17700 1443 1217 17701 1444 1216 17702 1446 1221 17703 1443 1217 17704 1449 3565 17705 1448 1219 17706 1449 3565 17707 1452 1224 17708 1454 3566 17709 1458 1229 17710 1457 1226 17711 1459 3568 17712 1462 1232 17713 1461 1230 17714 1460 1227 17715 1463 1233 17716 1462 1232 17717 1461 1230 17718 1462 1232 17719 1465 1235 17720 1464 3570 17721 1467 1237 17722 1469 1236 17723 1464 3570 17724 1465 1235 17725 1468 1234 17726 1467 1237 17727 1468 1234 17728 1470 3571 17729 1469 1236 17730 1471 1238 17731 1470 3571 17732 1471 1238 17733 1475 1240 17734 1473 1242 17735 1475 1240 17736 1477 1246 17737 1478 1244 17738 1505 1270 17739 1506 1271 17740 1509 3572 17741 1509 3572 17742 1506 1271 17743 1507 1272 17744 1507 1272 17745 1505 1270 17746 1508 1275 17747 1510 1274 17748 1512 1276 17749 1511 3575 17750 1520 1280 17751 1518 1278 17752 1525 1289 17753 1527 3576 17754 1521 1282 17755 1523 1285 17756 1525 1289 17757 1522 1286 17758 1531 1295 17759 1526 1288 17760 1532 3578 17761 1531 1295 17762 1526 1288 17763 1527 3576 17764 1533 3577 17765 1527 3576 17766 1528 1292 17767 1534 1291 17768 1538 3579 17769 1534 1291 17770 1529 1290 17771 1533 3577 17772 1534 1291 17773 1538 3579 17774 1544 1300 17775 1535 1302 17776 1540 1296 17777 1543 1297 17778 1541 1301 17779 1549 3580 17780 1551 1308 17781 1547 1305 17782 1553 3581 17783 1553 3581 17784 1547 1305 17785 1550 1307 17786 1559 1313 17787 1556 1312 17788 1561 3582 17789 1570 1325 17790 1571 1328 17791 1574 1329 17792 1577 1334 17793 1574 1329 17794 1572 1327 17795 1579 1332 17796 1582 3584 17797 1581 1336 17798 1581 1336 17799 1582 3584 17800 1584 1341 17801 1588 1344 17802 1586 1342 17803 1591 1340 17804 1604 1359 17805 1611 3586 17806 1610 1362 17807 1610 1362 17808 1611 3586 17809 1614 3587 17810 1617 1366 17811 1609 1361 17812 1612 1364 17813 1612 1364 17814 1613 3588 17815 1616 1370 17816 1614 3587 17817 1617 1366 17818 1616 1370 17819 1628 1376 17820 1631 1383 17821 1633 1380 17822 1635 1382 17823 1640 3591 17824 1639 3590 17825 1658 1407 17826 1657 1403 17827 1661 1405 17828 1670 1414 17829 1671 1418 17830 1673 1419 17831 1669 1417 17832 1672 1415 17833 1675 1420 17834 1678 1421 17835 1675 1420 17836 1673 1419 17837 1673 1419 17838 1674 1422 17839 1677 1425 17840 1692 1434 17841 1695 1437 17842 1697 1441 17843 1693 1438 17844 1694 1439 17845 1699 1442 17846 1700 1444 17847 1696 1443 17848 1697 1441 17849 1698 1446 17850 1699 1442 17851 1703 1450 17852 1701 1448 17853 1702 1445 17854 1703 1450 17855 1707 1452 17856 1701 1448 17857 1705 1449 17858 1708 1454 17859 1711 1460 17860 1709 1455 17861 1746 3594 17862 1748 1490 17863 1749 1483 17864 1753 1491 17865 1751 1489 17866 1754 1493 17867 1759 1494 17868 1757 1498 17869 1763 1501 17870 1771 1508 17871 1767 1500 17872 1768 1504 17873 1768 1504 17874 1766 1502 17875 1772 1506 17876 1784 1522 17877 1782 1517 17878 1783 1519 17879 1788 1528 17880 1780 1514 17881 1786 1521 17882 1791 1527 17883 1790 1524 17884 1793 1531 17885 1790 1524 17886 1792 1526 17887 1794 1529 17888 1794 1529 17889 1791 1527 17890 1796 1534 17891 1809 1543 17892 1807 3604 17893 1811 3603 17894 1811 3603 17895 1808 1545 17896 1815 1548 17897 1823 1558 17898 1818 1555 17899 1821 1554 17900 1825 1559 17901 1826 1560 17902 1829 1568 17903 1827 1561 17904 1830 1565 17905 1829 1568 17906 1830 1565 17907 1833 1564 17908 1832 1566 17909 1851 1586 17910 1852 1585 17911 1855 1593 17912 1873 1607 17913 1872 1606 17914 1878 1618 17915 1878 1618 17916 1872 1606 17917 1874 1608 17918 1874 1608 17919 1871 1605 17920 1880 1611 17921 1886 1615 17922 1881 1613 17923 1877 1612 17924 1877 1612 17925 1878 1618 17926 1884 1617 17927 1880 1611 17928 1885 1621 17929 1884 1617 17930 1887 1619 17931 1885 1621 17932 1888 1622 17933 1891 1623 17934 1893 3606 17935 1892 1625 17936 1899 3605 17937 1895 3607 17938 1896 1629 17939 1899 3605 17940 1905 1639 17941 1904 1636 17942 1900 1634 17943 1906 1640 17944 1905 1639 17945 1900 1634 17946 1902 1633 17947 1907 1645 17948 1907 1645 17949 1902 1633 17950 1901 1628 17951 1914 1648 17952 1906 1640 17953 1907 1645 17954 1927 3608 17955 1923 1655 17956 1925 1657 17957 1937 1667 17958 1934 1664 17959 1940 3609 17960 1957 3610 17961 1952 1676 17962 1947 1671 17963 1947 1671 17964 1950 1679 17965 1954 1684 17966 1954 1684 17967 1950 1679 17968 1948 1678 17969 1949 1673 17970 1952 1676 17971 1957 3610 17972 1957 3610 17973 1953 1683 17974 1960 3612 17975 1962 1690 17976 1956 1681 17977 1957 3610 17978 1960 3612 17979 1964 3616 17980 1968 3614 17981 1960 3612 17982 1958 1682 17983 1965 3615 17984 1965 3615 17985 1958 1682 17986 1961 1686 17987 1963 3613 17988 1968 3614 17989 1967 1689 17990 1964 3616 17991 1970 1694 17992 1974 3617 17993 1964 3616 17994 1965 3615 17995 1971 1695 17996 1966 1688 17997 1972 1692 17998 1971 1695 17999 1973 3618 18000 1967 1689 18001 1968 3614 18002 1971 1695 18003 1972 1692 18004 1976 1696 18005 1977 1701 18006 1973 3618 18007 1974 3617 18008 1984 1703 18009 1978 1698 18010 1979 1697 18011 1979 1697 18012 1975 1693 18013 1982 1707 18014 1982 1707 18015 1975 1693 18016 1976 1696 18017 1977 1701 18018 1978 1698 18019 1984 1703 18020 1982 1707 18021 1983 1702 18022 1987 3619 18023 1987 3619 18024 1983 1702 18025 1985 1699 18026 1994 1713 18027 1986 1704 18028 1990 1705 18029 1990 1705 18030 1987 3619 18031 1992 3620 18032 1988 1708 18033 1993 1710 18034 1992 3620 18035 1998 3621 18036 1999 3623 18037 2005 1723 18038 2010 1726 18039 2013 1729 18040 2017 3622 18041 2017 3622 18042 2013 1729 18043 2011 1727 18044 2026 3624 18045 2016 1731 18046 2022 3625 18047 2022 3625 18048 2018 1732 18049 2028 1742 18050 2026 3624 18051 2030 1748 18052 2029 1747 18053 2026 3624 18054 2027 3626 18055 2031 1744 18056 2041 3627 18057 2047 1764 18058 2046 1756 18059 2048 1758 18060 2054 1765 18061 2053 1762 18062 2055 1766 18063 2059 3628 18064 2058 1769 18065 2059 3628 18066 2055 1766 18067 2057 1768 18068 2057 1768 18069 2053 1762 18070 2061 3630 18071 2061 3630 18072 2053 1762 18073 2054 1765 18074 2054 1765 18075 2056 1767 18076 2063 1771 18077 2065 1775 18078 2058 1769 18079 2059 3628 18080 2059 3628 18081 2060 3629 18082 2067 1778 18083 2060 3629 18084 2061 3630 18085 2068 1776 18086 2061 3630 18087 2062 1773 18088 2069 1772 18089 2085 1792 18090 2078 1781 18091 2086 1794 18092 2086 1794 18093 2078 1781 18094 2081 1787 18095 2085 1792 18096 2089 1800 18097 2088 1793 18098 2089 1800 18099 2090 1796 18100 2093 1795 18101 2086 1794 18102 2087 1798 18103 2095 1801 18104 2110 1817 18105 2107 1811 18106 2104 1815 18107 2111 1820 18108 2104 1815 18109 2108 1814 18110 2115 3632 18111 2117 1825 18112 2116 1822 18113 2115 3632 18114 2113 1819 18115 2118 1823 18116 2120 1824 18117 2117 1825 18118 2118 1823 18119 2127 1829 18120 2131 1840 18121 2130 1838 18122 2132 1837 18123 2125 1832 18124 2128 1831 18125 2133 1839 18126 2130 1838 18127 2136 1844 18128 2130 1838 18129 2131 1840 18130 2137 1842 18131 2135 1841 18132 2136 1844 18133 2139 1843 18134 2145 1854 18135 2148 1853 18136 2150 1859 18137 2143 1847 18138 2144 1851 18139 2152 1855 18140 2149 3633 18141 2155 1858 18142 2154 1860 18143 2154 1860 18144 2155 1858 18145 2157 1863 18146 2159 1866 18147 2153 1857 18148 2154 1860 18149 2161 1864 18150 2156 3634 18151 2157 1863 18152 2171 1875 18153 2168 1871 18154 2174 1876 18155 2212 1909 18156 2216 1917 18157 2220 1926 18158 2216 1917 18159 2213 1916 18160 2221 1924 18161 2221 1924 18162 2213 1916 18163 2217 1918 18164 2217 1918 18165 2214 1911 18166 2223 1920 18167 2223 1920 18168 2218 1919 18169 2224 1929 18170 2219 1921 18171 2220 1926 18172 2228 1925 18173 2224 1929 18174 2229 1928 18175 2233 3639 18176 2230 1931 18177 2228 1925 18178 2225 1923 18179 2225 1923 18180 2222 1922 18181 2232 1937 18182 2226 3638 18183 2233 3639 18184 2232 1937 18185 2237 1935 18186 2233 3639 18187 2229 1928 18188 2231 1934 18189 2232 1937 18190 2240 1936 18191 2237 1935 18192 2235 1940 18193 2241 1939 18194 2244 1942 18195 2242 1941 18196 2249 1952 18197 2245 1943 18198 2243 1946 18199 2251 1947 18200 2248 3640 18201 2254 3641 18202 2253 1950 18203 2248 3640 18204 2249 1952 18205 2255 1951 18206 2256 1955 18207 2250 1948 18208 2251 1947 18209 2259 1958 18210 2253 1950 18211 2254 3641 18212 2254 3641 18213 2255 1951 18214 2261 1961 18215 2272 1969 18216 2275 1971 18217 2279 3642 18218 2275 1971 18219 2273 1963 18220 2280 3644 18221 2273 1963 18222 2276 1972 18223 2281 3645 18224 2281 3645 18225 2276 1972 18226 2274 1967 18227 2278 1977 18228 2279 3642 18229 2285 3646 18230 2285 3646 18231 2279 3642 18232 2280 3644 18233 2286 1985 18234 2280 3644 18235 2281 3645 18236 2281 3645 18237 2282 1974 18238 2288 1979 18239 2293 1983 18240 2286 1985 18241 2287 1981 18242 2299 3647 18243 2295 1987 18244 2292 1982 18245 2296 3648 18246 2292 1982 18247 2290 1984 18248 2290 1984 18249 2293 1983 18250 2298 1988 18251 2291 1980 18252 2300 1989 18253 2298 1988 18254 2291 1980 18255 2295 1987 18256 2299 3647 18257 2299 3647 18258 2296 3648 18259 2301 1996 18260 2297 1991 18261 2302 1994 18262 2301 1996 18263 2300 1989 18264 2299 3647 18265 2305 3649 18266 2305 3649 18267 2301 1996 18268 2307 1995 18269 2305 3649 18270 2308 3650 18271 2306 1993 18272 2314 1997 18273 2320 2012 18274 2323 2008 18275 2315 2001 18276 2318 2005 18277 2322 2007 18278 2329 3652 18279 2323 2008 18280 2320 2012 18281 2321 2014 18282 2322 2007 18283 2328 2017 18284 2329 3652 18285 2326 2011 18286 2332 2019 18287 2340 2025 18288 2334 2024 18289 2335 2020 18290 2347 2031 18291 2345 3654 18292 2348 2039 18293 2358 3653 18294 2351 2036 18295 2348 2039 18296 2350 2032 18297 2356 3655 18298 2355 2040 18299 2350 2032 18300 2353 2037 18301 2357 2048 18302 2353 2037 18303 2351 2036 18304 2358 3653 18305 2360 2046 18306 2356 3655 18307 2365 2051 18308 2365 2051 18309 2356 3655 18310 2357 2048 18311 2380 2062 18312 2374 2058 18313 2377 2061 18314 2375 2053 18315 2382 2069 18316 2381 3656 18317 2375 2053 18318 2378 2057 18319 2383 2064 18320 2379 2065 18321 2380 2062 18322 2385 2071 18323 2380 2062 18324 2381 3656 18325 2382 2069 18326 2388 3657 18327 2382 2069 18328 2383 2064 18329 2386 2068 18330 2387 2067 18331 2391 3658 18332 2387 2067 18333 2388 3657 18334 2392 2066 18335 2390 2072 18336 2389 2070 18337 2395 2073 18338 2401 2079 18339 2402 2078 18340 2406 3660 18341 2402 2078 18342 2399 2082 18343 2407 2085 18344 2406 3660 18345 2407 2085 18346 2412 2090 18347 2412 2090 18348 2407 2085 18349 2405 2084 18350 2409 2087 18351 2414 2089 18352 2411 2092 18353 2412 2090 18354 2413 3662 18355 2416 2094 18356 2413 3662 18357 2411 2092 18358 2417 2091 18359 2415 2088 18360 2416 2094 18361 2419 2093 18362 2445 2121 18363 2440 2117 18364 2443 2120 18365 2457 2133 18366 2452 2129 18367 2455 2132 18368 2508 2182 18369 2500 2174 18370 2501 2175 18371 2514 2187 18372 2513 2186 18373 2519 2192 18374 2537 2208 18375 2532 2207 18376 2533 2211 18377 2535 2209 18378 2536 2205 18379 2539 2212 18380 2541 2214 18381 2539 2212 18382 2542 3666 18383 2540 2213 18384 2543 2215 18385 2542 3666 18386 2546 3667 18387 2544 2216 18388 2542 3666 18389 2552 2223 18390 2555 2226 18391 2554 2224 18392 2563 2232 18393 2566 2236 18394 2567 2237 18395 2568 2238 18396 2570 2239 18397 2569 2241 18398 2568 2238 18399 2567 2237 18400 2571 2243 18401 2571 2243 18402 2567 2237 18403 2566 2236 18404 2581 2248 18405 2579 2247 18406 2585 2253 18407 2597 2266 18408 2590 2261 18409 2593 2260 18410 2595 2265 18411 2596 2263 18412 2599 2267 18413 2620 3670 18414 2616 2287 18415 2617 2285 18416 2629 2297 18417 2631 3671 18418 2630 2298 18419 2629 2297 18420 2627 2295 18421 2632 2299 18422 2635 2302 18423 2632 2299 18424 2630 2298 18425 2630 2298 18426 2631 3671 18427 2634 2305 18428 2631 3671 18429 2632 2299 18430 2635 2302 18431 2634 2305 18432 2635 2302 18433 2638 2301 18434 2639 2311 18435 2640 2308 18436 2644 2309 18437 2652 3672 18438 2649 3674 18439 2650 2316 18440 2651 2317 18441 2649 3674 18442 2654 3675 18443 2697 2359 18444 2694 2362 18445 2703 2367 18446 2699 3677 18447 2698 2358 18448 2705 2364 18449 2707 2365 18450 2701 2361 18451 2704 2370 18452 2714 2372 18453 2715 2375 18454 2718 2374 18455 2728 2388 18456 2723 2384 18457 2724 2383 18458 2727 2391 18459 2730 2390 18460 2729 2389 18461 2728 2388 18462 2729 2389 18463 2731 3678 18464 2747 3679 18465 2744 3680 18466 2745 2405 18467 2757 2412 18468 2758 2415 18469 2762 3681 18470 2756 2410 18471 2760 2418 18472 2765 2420 18473 2763 3682 18474 2762 3681 18475 2766 2425 18476 2767 3684 18477 2759 2416 18478 2763 3682 18479 2766 2425 18480 2764 3683 18481 2772 2428 18482 2772 2428 18483 2764 3683 18484 2770 2422 18485 2773 2429 18486 2770 2422 18487 2769 2421 18488 2769 2421 18489 2767 3684 18490 2775 2431 18491 2776 2426 18492 2771 2423 18493 2780 2437 18494 2771 2423 18495 2772 2428 18496 2781 2434 18497 2783 3685 18498 2782 2435 18499 2780 2437 18500 2786 3686 18501 2787 2440 18502 2791 2443 18503 2793 2442 18504 2798 2450 18505 2797 2449 18506 2792 2439 18507 2799 2451 18508 2798 2450 18509 2795 2446 18510 2790 3687 18511 2801 2448 18512 2816 2466 18513 2809 2455 18514 2812 2459 18515 2829 3689 18516 2835 3692 18517 2834 2480 18518 2832 2477 18519 2827 2481 18520 2836 3690 18521 2838 3691 18522 2836 3690 18523 2839 2485 18524 2836 3690 18525 2834 2480 18526 2840 2493 18527 2835 3692 18528 2841 2491 18529 2840 2493 18530 2841 2491 18531 2835 3692 18532 2837 2483 18533 2837 2483 18534 2833 2478 18535 2843 2490 18536 2843 2490 18537 2833 2478 18538 2838 3691 18539 2843 2490 18540 2844 2487 18541 2846 2486 18542 2839 2485 18543 2840 2493 18544 2848 2492 18545 2841 2491 18546 2842 2489 18547 2850 3694 18548 2850 3694 18549 2842 2489 18550 2845 2488 18551 2845 2488 18552 2846 2486 18553 2852 2497 18554 2848 2492 18555 2854 2499 18556 2853 2495 18557 2855 2501 18558 2851 3695 18559 2858 2496 18560 2872 2518 18561 2863 2502 18562 2869 3696 18563 2869 3696 18564 2864 2506 18565 2874 2520 18566 2875 2522 18567 2868 2511 18568 2870 2512 18569 2880 2521 18570 2876 2515 18571 2877 2514 18572 2910 3697 18573 2906 2548 18574 2908 2550 18575 2914 3699 18576 2915 3701 18577 2923 2562 18578 2921 2556 18579 2913 2560 18580 2924 2559 18581 2920 2554 18582 2919 2553 18583 2926 2567 18584 2926 2567 18585 2919 2553 18586 2921 2556 18587 2922 2558 18588 2923 2562 18589 2929 3702 18590 2928 2566 18591 2929 3702 18592 2932 2572 18593 2932 2572 18594 2929 3702 18595 2925 2561 18596 2934 2569 18597 2930 2563 18598 2936 3703 18599 2939 2577 18600 2933 2568 18601 2935 2570 18602 2938 2576 18603 2936 3703 18604 2941 2581 18605 2936 3703 18606 2931 2565 18607 2942 2573 18608 2941 2581 18609 2942 2573 18610 2948 2585 18611 2950 2584 18612 2948 2585 18613 2946 2580 18614 2950 2584 18615 2952 2587 18616 2953 2589 18617 2956 2590 18618 2953 2589 18619 2952 2587 18620 2977 2614 18621 2972 2607 18622 2973 2608 18623 2975 2609 18624 2981 2618 18625 2978 2613 18626 2989 2624 18627 2992 2627 18628 2996 2633 18629 2992 2627 18630 2990 2626 18631 2997 2631 18632 2997 2631 18633 2993 2629 18634 2991 2621 18635 2991 2621 18636 2994 2625 18637 2995 2630 18638 2999 2636 18639 2995 2630 18640 2996 2633 18641 3013 2645 18642 3010 2642 18643 3017 2650 18644 3017 2650 18645 3014 2647 18646 3020 2653 18647 3021 3706 18648 3022 2656 18649 3024 2655 18650 3030 2664 18651 3028 2661 18652 3031 2660 18653 3035 2670 18654 3037 2669 18655 3039 2668 18656 3054 2686 18657 3056 2687 18658 3060 2690 18659 3062 2693 18660 3059 2692 18661 3065 2696 18662 3065 2696 18663 3059 2692 18664 3061 2691 18665 3068 2700 18666 3063 2694 18667 3064 2695 18668 3075 2702 18669 3080 2712 18670 3079 2708 18671 3083 2713 18672 3086 2714 18673 3085 2715 18674 3093 2720 18675 3090 2718 18676 3094 3709 18677 3090 2718 18678 3091 2721 18679 3095 2724 18680 3099 2728 18681 3096 2725 18682 3094 3709 18683 3097 3710 18684 3094 3709 18685 3095 2724 18686 3095 2724 18687 3096 2725 18688 3099 2728 18689 3116 2745 18690 3117 2744 18691 3120 3711 18692 3121 3713 18693 3122 3716 18694 3125 3714 18695 3122 3716 18696 3123 3718 18697 3126 3717 18698 3123 3718 18699 3121 3713 18700 3124 3715 18701 3135 2752 18702 3133 2754 18703 3137 2756 18704 3155 2774 18705 3152 2770 18706 3154 2771 18707 3165 2780 18708 3166 2783 18709 3170 3721 18710 3182 2799 18711 3180 2798 18712 3183 3723 18713 3187 2804 18714 3188 2802 18715 3191 3724 18716 3195 2810 18717 3203 2816 18718 3202 2815 18719 3210 2824 18720 3211 3727 18721 3214 3726 18722 3212 2823 18723 3215 2826 18724 3214 3726 18725 3237 3728 18726 3234 2846 18727 3235 2844 18728 3273 2876 18729 3268 2874 18730 3269 3731 18731 3270 2875 18732 3268 2874 18733 3273 2876 18734 3277 3734 18735 3275 2879 18736 3279 2882 18737 3278 2881 18738 3277 3734 18739 3281 2883 18740 3293 2896 18741 3295 3738 18742 3298 2898 18743 3294 2895 18744 3296 2894 18745 3298 2898 18746 3310 2906 18747 3312 2911 18748 3313 2913 18749 3309 3739 18750 3308 2909 18751 3313 2913 18752 3362 3740 18753 3358 2956 18754 3359 2953 18755 3364 2964 18756 3365 2966 18757 3370 2965 18758 3389 2984 18759 3386 2982 18760 3387 2983 18761 3394 3743 18762 3393 3745 18763 3391 2988 18764 3392 2989 18765 3393 3745 18766 3396 3744 18767 3403 2996 18768 3402 2990 18769 3400 2993 18770 3404 3001 18771 3400 2993 18772 3401 2994 18773 3429 3020 18774 3430 3023 18775 3434 3746 18776 3455 3046 18777 3451 3043 18778 3449 3040 18779 3449 3040 18780 3452 3747 18781 3457 3748 18782 3458 3048 18783 3461 3055 18784 3463 3053 18785 3459 3051 18786 3462 3050 18787 3458 3048 18788 3483 3069 18789 3485 3072 18790 3488 3749 18791 3488 3749 18792 3485 3072 18793 3486 3074 18794 3506 3094 18795 3504 3092 18796 3509 3752 18797 3520 3753 18798 3515 3101 18799 3518 3104 18800 3527 3755 18801 3521 3754 18802 3513 3096 18803 3513 3096 18804 3516 3099 18805 3523 3108 18806 3523 3108 18807 3516 3099 18808 3519 3105 18809 3519 3105 18810 3517 3102 18811 3525 3757 18812 3520 3753 18813 3526 3758 18814 3525 3757 18815 3520 3753 18816 3521 3754 18817 3527 3755 18818 3524 3756 18819 3525 3757 18820 3529 3113 18821 3526 3758 18822 3530 3116 18823 3529 3113 18824 3526 3758 18825 3527 3755 18826 3531 3111 18827 3538 3117 18828 3536 3114 18829 3533 3110 18830 17 3348 18831 11 6 18832 6 1 18833 3538 3117 18834 3537 3759 18835 3540 3760 18836 3540 3760 18837 3537 3759 18838 3539 3118 18839 3539 3118 18840 3538 3117 18841 3542 3122 18842 3545 3761 18843 3542 3122 18844 3540 3760 18845 3553 3130 18846 3546 3125 18847 3547 3128 18848 3553 3130 18849 3557 3136 18850 3561 3133 18851 3554 3131 18852 3558 3139 18853 3557 3136 18854 3554 3131 18855 3551 3127 18856 3559 3140 18857 3559 3140 18858 3551 3127 18859 3555 3135 18860 3562 3137 18861 3557 3136 18862 3558 3139 18863 3559 3140 18864 3560 3134 18865 3564 3141 18866 3584 3161 18867 3585 3163 18868 3589 3762 18869 3589 3762 18870 3585 3163 18871 3586 3158 18872 3594 3168 18873 3595 3171 18874 3598 3175 18875 3600 3176 18876 3597 3173 18877 3599 3172 18878 3603 3177 18879 3599 3172 18880 3601 3174 18881 3610 3189 18882 3609 3184 18883 3608 3182 18884 3631 3202 18885 3633 3206 18886 3635 3207 18887 3634 3210 18888 3635 3207 18889 3640 3766 18890 3637 3209 18891 3641 3213 18892 3640 3766 18893 3642 3767 18894 3640 3766 18895 3641 3213 18896 3658 3225 18897 3659 3228 18898 3663 3768 18899 3665 3771 18900 3666 3774 18901 3669 3772 18902 3666 3774 18903 3667 3776 18904 3670 3775 18905 3667 3776 18906 3665 3771 18907 3668 3773 18908 3677 3236 18909 3680 3244 18910 3678 3240 18911 3679 3241 18912 3678 3240 18913 3680 3244 18914 3700 3777 18915 3697 3258 18916 3695 3256 18917 3701 3262 18918 3702 3265 18919 3705 3264 18920 3699 3260 18921 3698 3259 18922 3704 3266 18923 3704 3266 18924 3698 3259 18925 3700 3777 18926 3718 3276 18927 3713 3271 18928 3714 3268 18929 3716 3779 18930 3714 3268 18931 3715 3272 18932 3716 3779 18933 3720 3280 18934 3719 3277 18935 3716 3779 18936 3717 3275 18937 3721 3278 18938 3721 3278 18939 3719 3277 18940 3724 3282 18941 3738 3294 18942 3735 3289 18943 3742 3298 18944 3745 3302 18945 3747 3304 18946 3751 3307 18947 3772 3325 18948 3769 3321 18949 3770 3319 18950 3778 3328 18951 3779 3332 18952 3781 3787 18953 3791 3789 18954 3787 3336 18955 3788 3333 18956</p>
        </triangles>
      </mesh>
    </geometry>
  </library_geometries>
  <library_visual_scenes>
    <visual_scene id="Scene" name="Scene">
      <node id="tree" name="tree" type="NODE">
        <matrix sid="transform">1 0 0 0 0 1 0 0 0 0 1 0 0 0 0 1</matrix>
        <instance_geometry url="#tree-mesh" name="tree"/>
      </node>
    </visual_scene>
  </library_visual_scenes>
  <scene>
    <instance_visual_scene url="#Scene"/>
  </scene>
</COLLADA>