<?xml version="1.0" encoding="utf-8"?>
<COLLADA xmlns="http://www.collada.org/2005/11/COLLADASchema" version="1.4.1" xmlns:xsi="http://www.w3.org/2001/XMLSchema-instance">
  <asset>
    <contributor>
      <author>Blender User</author>
      <authoring_tool>Blender 4.1.1 commit date:2024-04-15, commit time:15:11, hash:e1743a0317bc</authoring_tool>
    </contributor>
    <created>2026-09-28T10:19:16</created>
    <modified>2026-09-28T10:19:16</modified>
    <unit name="meter" meter="1"/>
    <up_axis>Z_UP</up_axis>
  </asset>
  <library_images/>
  <library_geometries>
    <geometry id="tree-mesh" name="tree">
      <mesh>
        <source id="tree-mesh-positions">
          <float_array id="tree-mesh-positions-array" count="10968">-0.05403637 -0.09359377 0 0.0530104 -0.09327149 3.22862e-5 0.1080728 0 0 0.05279237 0.09384649 2.77041e-5 -0.05403637 0.09359377 0 -0.1098249 1.297e-4 1.34849e-4 -0.02387773 -0.09227126 0.288301 0.1294107 -0.003881514 0.2551382 -0.02567088 0.08540356 0.2487634 0.07745844 -0.09287559 0.2493991 0.07736688 0.0853433 0.2484635 -0.07730662 -0.003691971 0.2450812 0.04537087 -0.0862717 0.3943353 0.09269815 0.001127362 0.4087721 0.04732722 0.08739906 0.3845738 -0.04537087 0.0862717 0.3459386 -0.09269815 -0.001127362 0.3315019 -0.1125226 -0.07568162 0.4577568 -0.04350769 -0.07136797 0.5267908 0.005960822 0.01352906 0.5409824 -0.03664541 0.09740227 0.5096185 -0.105866 0.09356081 0.4408093 -0.1483163 0.007384419 0.4182012 -0.247033 -0.03372758 0.688305 -0.2173802 0.04396981 0.7149766 -0.2223016 0.1191982 0.6575812 -0.322596 0.03325629 0.5654792 -0.2947916 -0.0442152 0.6092614 -0.2899745 0.1155189 0.5948867 -0.3582429 0.03990304 0.6278555 -0.3371372 -0.02619612 0.667101 -0.3271958 0.1106474 0.646258 -0.267324 0.1096168 0.6979948 -0.2953761 -0.01738488 0.7357442 -0.2742148 0.05973798 0.7573087 -0.2997298 0.09162628 0.630995 -0.3708176 -6.15536e-4 0.6876325 -0.3403522 0.01797866 0.7538698 -0.37896 0.07338893 0.6412904 -0.3114024 0.1365863 0.7049307 -0.4176506 0.07985693 0.7074206 -0.3879926 0.08580642 0.7553345 -0.3490965 0.128899 0.759394 -0.3676295 0.1563458 0.6691147 -0.4041545 0.116001 0.6662586 -0.3484682 0.1699519 0.7219122 -0.3964299 0.07363188 0.7011057 -0.3775019 0.08584856 0.7489589 -0.4022139 0.169746 0.7399927 -0.4293878 0.1573361 0.6987557 -0.3830316 0.1310577 0.7626363 -0.4406236 0.1093594 0.6902418 -0.3986842 0.08884984 0.7572774 -0.4000002 0.1619763 0.7375139 -0.442883 0.09046113 0.7514925 -0.462426 0.125941 0.7374203 -0.443136 0.1645427 0.7409896 -0.4567083 0.2175385 0.9151594 -0.4733949 0.1924511 0.922071 -0.5029693 0.1893282 0.9114439 -0.4695315 0.2408882 0.8968787 -0.4991338 0.2377272 0.886263 -0.5158643 0.2118992 0.8935688 -0.03631806 -0.06516957 0.4281262 0.05668652 -0.04850882 0.4281358 0.09299504 0.01664793 0.3701571 0.03629297 0.06512957 0.312182 -0.05669206 0.04849827 0.3121477 -0.09298419 -0.01668614 0.3701559 -0.08705085 0.2385119 0.7254639 -0.1063987 0.3444543 0.6184554 -0.001244485 0.2541214 0.7257007 0.03283178 0.3138639 0.6715887 -0.01985156 0.3593314 0.6179709 -0.1398895 0.2832043 0.6718884 0.008926928 0.3638058 0.7273485 -0.03727954 0.4121355 0.6938787 -0.1369622 0.3466436 0.7370359 -0.01643925 0.3062368 0.7678272 -0.1105647 0.4060217 0.7029799 -0.08837711 0.2938994 0.766012 -0.02281677 0.3001568 0.7412149 -0.02788329 0.4184623 0.7578981 -0.09752368 0.4178103 0.7677275 -0.1255176 0.3525228 0.7743985 0.01495736 0.3593581 0.773676 -0.08353972 0.4071377 0.7969266 0.0864607 0.3242017 1.111266 0.08982884 0.4263254 1.146164 0.009542822 0.3701701 1.167745 0.04354101 0.322851 1.164967 0.03762149 0.4228599 1.169404 0.1644886 0.3227705 1.353002 0.1835412 0.3712612 1.337427 0.1157038 0.3208442 1.375478 0.15421 0.4151103 1.343033 0.1050322 0.4124817 1.363435 0.0833947 0.3633365 1.373906 0.1587802 0.3664095 1.48823 0.2193806 0.394241 1.50521 0.2312749 0.4295527 1.471695 0.1937851 0.4640468 1.457835 0.1489937 0.4597167 1.478059 0.1367731 0.4239091 1.511576 0.1883925 0.4379636 1.567357 0.2159397 0.5576135 1.641182 0.2560501 0.5471143 1.616767 0.2660041 0.5818303 1.581156 0.2284455 0.5963625 1.556468 0.1852986 0.5942848 1.574849 0.1857032 0.6006271 1.628997 0.2591494 0.6967143 1.680146 0.2908771 0.678009 1.658044 0.2904435 0.6810153 1.615178 0.2579381 0.6989933 1.595101 0.2246211 0.7131214 1.615783 0.2250855 0.7148581 1.660038 0.3194252 0.7529233 1.642551 0.2723436 0.774041 1.644309 0.3176553 0.7536674 1.614089 0.2940227 0.7643882 1.599588 0.2946048 0.764289 1.660374 0.2700018 0.7752742 1.616791 -0.05359268 0.01053428 0.4125961 -0.02094709 -0.05044513 0.4125953 0.03263759 -0.06098508 0.3701457 0.05356907 -0.01053816 0.3277 0.02094364 0.050448 0.3276803 -0.03264814 0.06097114 0.3701437 0.2148956 0.1515958 0.551101 0.1465632 0.1148242 0.6309054 0.176382 0.05814224 0.6302248 0.2262794 0.04838269 0.5912988 0.2455108 0.09504055 0.551535 0.1656317 0.1615362 0.5912562 0.1844629 0.1295864 0.6603531 0.2892249 0.1267257 0.6248517 0.2515388 0.1631419 0.6066885 0.2004461 0.1679935 0.6270273 0.2645463 0.0799269 0.6429786 0.2205831 0.08602696 0.6721473 0.2712449 0.1074276 0.6747382 0.1924435 0.1626083 0.6832897 0.2217063 0.1361823 0.7028405 0.2622825 0.1467923 0.6977274 0.2044265 0.1934258 0.6534973 0.2753403 0.1863124 0.6788038 0.2452569 0.2146455 0.6691769 0.2040014 0.2025198 0.6977095 0.2384363 0.2109718 0.7146106 0.2645733 0.1860146 0.7226443 0.1380541 0.2723881 1.193388 0.1800123 0.271373 1.241643 0.1409448 0.3092772 1.226284 0.1515816 0.2696394 1.254937 0.1861994 0.3023461 1.246691 0.1751952 0.3062598 1.175617 0.1204083 0.4112316 1.525399 0.09306216 0.3865224 1.529381 0.1348785 0.3984826 1.532025 0.09903693 0.406623 1.523553 0.1196329 0.3709948 1.538853 -0.008849024 0.07342523 0.4276231 -0.07371824 0.005867898 0.4276213 -0.06486523 -0.06754559 0.3701401 0.0088467 -0.07343113 0.3126483 0.07369828 -0.005862057 0.3126703 0.06486517 0.06755977 0.3701429 0.2245157 -0.2760631 0.6150698 0.2217568 -0.1555134 0.7378759 0.1491377 -0.2034198 0.7234728 0.1568328 -0.2711818 0.6696292 0.2850929 -0.2135398 0.6156239 0.2770952 -0.1456576 0.6694414 0.1976401 -0.2402106 0.7723985 0.2051455 -0.2968657 0.7264806 0.2618821 -0.3030305 0.6793593 0.311667 -0.2506888 0.6813909 0.3131633 -0.1997916 0.7390253 0.2604066 -0.200187 0.7883058 0.2475773 -0.2801 0.6720324 0.293577 -0.2534624 0.7982895 0.229156 -0.2799214 0.7925635 0.338405 -0.2567744 0.743626 0.2618438 -0.3215205 0.7852109 0.2694804 -0.311585 0.6768703 0.236446 -0.3309175 0.7283508 0.3420625 -0.3278744 0.7953785 0.3685353 -0.3454978 0.7136492 0.3257716 -0.4068977 0.7559648 0.3467854 -0.3914547 0.7173303 0.3761861 -0.3229514 0.7585298 0.4050287 -0.4354164 0.8193795 0.4223956 -0.4090168 0.8215599 0.4411682 -0.4033296 0.7996759 0.4262012 -0.4447301 0.7777574 0.443111 -0.4206358 0.7783445 0.4075418 -0.4499794 0.8001305 0.05446916 0.02525025 0.4168031 -0.01395303 0.05838382 0.4168037 -0.06840848 0.03313285 0.3701426 -0.05446851 -0.0252484 0.3234728 0.01396656 -0.05836308 0.3234943 0.06843429 -0.03312599 0.3701483 -0.1570213 -0.2428345 0.5691496 -0.05622977 -0.1967024 0.6566441 -0.123993 -0.1784504 0.6665595 -0.1722487 -0.2004217 0.6244869 -0.09345227 -0.2737837 0.5694673 -0.04294019 -0.2503052 0.6128545 -0.06843239 -0.2811352 0.6549374 -0.08500802 -0.2400882 0.6957235 -0.1712248 -0.2832681 0.6295325 -0.113708 -0.300837 0.6186155 -0.1415876 -0.2353444 0.7170367 -0.1840923 -0.2469292 0.6751258 -0.07338243 -0.2697561 0.6448469 -0.1660775 -0.2986056 0.6961396 -0.1606152 -0.309281 0.642738 -0.1202638 -0.2835339 0.726304 -0.09677129 -0.3288343 0.6387187 -0.05411678 -0.3392058 0.7335072 -0.09280812 -0.3995211 0.713158 -0.08433145 -0.3491714 0.751631 -0.04226404 -0.3632616 0.7091498 -0.05532813 -0.399653 0.707752 -0.09901022 -0.3846725 0.7487679 -0.06549054 -0.4044581 0.7463552 -0.009319782 -0.3522675 0.7645756 -0.02554184 -0.3367354 0.7731978 -0.01104342 -0.3756368 0.7722448 -0.04278749 -0.3434959 0.7888781 -0.04391676 -0.3663104 0.7960129 -0.02812057 -0.3822484 0.7876985 -0.3027012 0.04658645 0.6898512 -0.3107889 0.048891 0.6890771 -0.3115966 0.04090434 0.6848573 -0.3032118 0.03960239 0.6861973 -0.3753781 -0.07285487 0.9576536 -0.3549717 -0.05315065 0.9019703 -0.355731 -0.04563182 0.9068725 -0.3876245 -0.1070038 1.032171 -0.3981357 -0.1196015 1.061791 -0.4062923 -0.1143991 1.073958 -0.4051543 -0.1079192 1.104061 -0.4202455 -0.09280318 1.167535 -0.4217244 -0.09242194 1.182276 -0.4220584 -0.05089724 1.228569 -0.4151872 -0.0877304 1.188544 -0.4237686 0.003669738 1.306717 -0.4308491 0.005311071 1.31297 -0.4407142 0.07725423 1.416706 -0.4427515 0.09417814 1.430711 -0.4604367 0.1865236 1.553825 -0.457319 0.1897214 1.551562 -0.4544136 0.1880079 1.553202 -0.06885689 0.3537652 0.7395148 -0.0605607 0.3576732 0.7405635 -0.06376671 0.3583413 0.7303786 -0.0999372 0.4221588 0.7488391 -0.09502553 0.4242626 0.7489876 -0.09771943 0.4127115 0.7544162 -0.09242218 0.4244298 0.7552841 -0.09716939 0.4378152 0.7566415 -0.07872718 0.4734632 0.7538574 -0.08004236 0.4974826 0.7622507 -0.07299542 0.5001849 0.7609222 -0.07765132 0.4976718 0.7560371 -0.08112555 0.5284118 0.7344267 -0.08385038 0.5547975 0.7071387 -0.08818656 0.5553961 0.7087675 -0.08583652 0.5582712 0.7123063 0.232061 0.1257313 0.6429673 0.2319141 0.1197184 0.6377239 0.2361225 0.1238141 0.6326633 0.310033 0.09357273 0.6795088 0.3259174 0.09035998 0.6790971 0.3356875 0.08288753 0.6904678 0.3498772 0.08776164 0.700246 0.4068808 0.07125222 0.7364329 0.4639484 0.07288753 0.7788255 0.4630132 0.07097619 0.780064 0.4655381 0.07155835 0.7766289 0.2548493 -0.2480235 0.7333716 0.2609195 -0.2542954 0.7333614 0.2633153 -0.2460098 0.7319347 0.2943614 -0.2038981 1.007838 0.2995933 -0.2057641 0.9885941 0.289064 -0.208002 0.9515787 0.3146864 -0.1736968 1.131795 0.3573848 -0.0752328 1.479066 0.326528 -0.141857 1.219039 0.3403698 -0.1032307 1.34338 0.3651849 -0.07070583 1.49222 0.3630843 -0.07542425 1.49302 0.3750202 -0.03211671 1.5656 0.3758944 -0.02808427 1.562186 0.3898409 0.03226047 1.621226 0.3875347 -0.00140798 1.602201 0.3954901 0.03250712 1.62061 0.4266954 0.1971554 1.708752 0.4275847 0.1986464 1.706042 0.4304332 0.1963115 1.708641 -0.1227582 -0.2592937 0.6689488 -0.1322186 -0.2603737 0.659587 -0.1281925 -0.2711515 0.6632968 -0.1941769 -0.2582724 0.7272348 -0.1737636 -0.2678645 0.7031409 -0.1869367 -0.2621016 0.7338805 -0.1972457 -0.2526141 0.7431033 -0.1887821 -0.2664194 0.7334544 -0.2087763 -0.2711161 0.7549575 -0.217397 -0.2664104 0.7505046 -0.2169016 -0.2679222 0.7623805 -0.2353395 -0.3169751 0.7775915 -0.2390938 -0.3083747 0.780499 -0.2480093 -0.3221312 0.7789415 -0.2856376 -0.3677378 0.8298102 -0.2823264 -0.3727771 0.8266771 -0.3290389 -0.4110565 0.87189 -0.3256858 -0.40783 0.8773066 -0.3246387 -0.4122201 0.8746259 0.2325302 0.172748 0.6847934 0.2402748 0.1715881 0.6800552 0.2329212 0.1719037 0.6743711 0.2432001 0.2633541 0.6771703 0.2413242 0.2882068 0.6699488 0.2378844 0.2850646 0.676467 0.2462849 0.2784445 0.6709619 0.2407101 0.3281142 0.7207397 0.2353211 0.3185926 0.7016783 0.2458336 0.3331221 0.7184958 0.2450014 0.3377931 0.7256809 0.2860113 0.3529527 0.7473728 0.283785 0.3569846 0.7469788 0.2824496 0.3543012 0.7508719 -0.09548974 0.4231062 0.7533826 -0.09473949 0.424488 0.7541304 -0.09538006 0.424274 0.7531501 -0.1400329 0.4338208 0.7800566 -0.1667206 0.4400851 0.7982547 -0.1756008 0.4420427 0.8041167 -0.2252203 0.4580569 0.8384156 -0.241575 0.4648262 0.8490689 -0.2441274 0.4667298 0.8512511 -0.2878269 0.486671 0.8858827 -0.2880166 0.4869254 0.8854874 -0.2882268 0.4863467 0.8855543 -0.2066562 -0.2627405 0.7482587 -0.205711 -0.2621837 0.7482919 -0.2079101 -0.262808 0.7475204 -0.2242198 -0.2369018 0.7743709 -0.2236807 -0.2397866 0.7711554 -0.2207797 -0.230654 0.7792736 -0.2102742 -0.2104995 0.7933754 -0.2087674 -0.2067255 0.795125 -0.2041421 -0.184379 0.8107261 -0.2046306 -0.1854645 0.8104278 -0.204696 -0.1841889 0.810635 -0.1987783 -0.1754861 0.8164683 -0.1983591 -0.1756639 0.8161119 -0.1987649 -0.1752212 0.8159955 -0.1893395 -0.1683756 0.820392 -0.188861 -0.16824 0.8199775 -0.1891536 -0.167966 0.8199552 -0.1642301 -0.1584956 0.8242127 -0.1639857 -0.1587677 0.8236894 -0.164209 -0.1583317 0.8237556 -0.3839431 0.1237508 0.7156379 -0.3759685 0.1234114 0.7165811 -0.3783982 0.1247364 0.7098512 -0.3827303 0.1596379 0.7188361 -0.376832 0.1590459 0.7218934 -0.3838835 0.1606937 0.7243879 -0.3595808 0.1918079 0.7135944 -0.3576145 0.1897749 0.7087035 -0.3450119 0.222374 0.7031245 -0.3444236 0.2228847 0.7091297 -0.3417609 0.2210323 0.7058079 0.1847347 0.4428187 1.481149 0.1380367 0.4279038 1.480154 0.1290593 0.3939691 1.458632 0.1591537 0.3698163 1.436105 0.2022153 0.3822931 1.436151 0.2138599 0.4179736 1.458312 0.2203787 0.1608307 1.747396 0.2278169 0.275007 1.714491 0.1953319 0.1794365 1.770871 0.2594894 0.1672021 1.75454 0.2896246 0.1400821 1.865512 0.2487902 0.1143466 1.938302 0.2800036 0.1230283 1.940366 0.2450503 0.07742881 1.945386 0.2687203 0.05559182 1.939101 0.2987962 0.06431299 1.940094 0.3333957 0.01746857 2.117294 0.3083214 0.03482121 2.129858 0.2837393 0.003181219 2.120543 0.3155537 -0.01298427 2.107091 -0.4064035 -0.1108651 1.106174 -0.405564 -0.112981 1.102781 -0.409781 -0.1115374 1.103598 -0.4665032 -0.3606002 1.241637 -0.4641417 -0.360396 1.243825 -0.4688597 -0.3649993 1.25001 -0.4668573 -0.3752588 1.260946 -0.4549872 -0.3767081 1.288268 -0.4642779 -0.3736938 1.261716 -0.4524065 -0.3745257 1.287518 -0.4521144 -0.3766703 1.287008 -0.2218083 -0.2368997 0.7735867 -0.2218346 -0.2368736 0.7735189 -0.2218465 -0.2369607 0.7735126 -0.2507023 -0.2340355 0.7856066 -0.2495563 -0.2340767 0.7851015 -0.250688 -0.2340111 0.7855373 -0.2652081 -0.2323654 0.7921412 -0.2651977 -0.2322992 0.7921456 -0.2652284 -0.2323288 0.7920829 -0.2770063 -0.2307006 0.7968779 -0.2772138 -0.2305955 0.7969809 -0.2770036 -0.2306435 0.7968435 -0.2876396 -0.2289633 0.8007224 -0.2875548 -0.2289059 0.8007096 -0.2876428 -0.2289077 0.8006917 -0.2975412 -0.2274628 0.8056181 -0.2974938 -0.2274019 0.8056134 -0.2975507 -0.2274088 0.8055921 -0.307089 -0.2264761 0.8135452 -0.3071246 -0.2264432 0.8135097 -0.3071329 -0.2264987 0.8135051 -0.3144367 -0.2263806 0.8235675 -0.3144578 -0.2263308 0.8235571 -0.3144908 -0.2263901 0.8235725 -0.318744 -0.2269529 0.8338288 -0.3187666 -0.2269058 0.8338246 -0.3188073 -0.226966 0.8338794 -0.3220885 -0.2278263 0.8447415 -0.3262535 -0.2286604 0.8568326 -0.3220904 -0.2278268 0.8446227 -0.326574 -0.2285766 0.8567073 -0.3265739 -0.2286271 0.8567048 -0.4109975 0.1161265 0.7314657 -0.4157334 0.1240727 0.7332172 -0.4132438 0.1220659 0.7235439 -0.5078878 0.06834918 0.7221742 -0.5095368 0.07182782 0.7180353 -0.4636936 0.09217709 0.7171923 -0.5061735 0.06533873 0.7182559 0.2587193 0.6858881 1.638049 0.255918 0.6944227 1.634782 0.248502 0.6869168 1.635249 0.2418358 0.6987102 1.681794 0.2430776 0.7054519 1.67898 0.2341668 0.7047295 1.679929 0.2771429 0.7215689 1.794425 0.2776226 0.7292423 1.790457 0.2718745 0.7262388 1.795991 0.4625739 0.7731176 2.085932 0.468483 0.770073 2.083076 0.4627485 0.7665624 2.086936 -0.07009756 -0.3706063 0.7293439 -0.07361119 -0.3704435 0.7297834 -0.07256698 -0.3713527 0.7249318 -0.07402515 -0.4332454 0.7424533 -0.07106488 -0.4336894 0.7409785 -0.07172286 -0.4325357 0.7449408 -0.07790118 0.4976873 0.7581717 -0.07736784 0.498057 0.7575906 -0.07783776 0.4982085 0.7576597 -0.05451858 0.5454293 0.8086418 -0.05446237 0.5456304 0.8084191 -0.05377948 0.5456483 0.8080657 0.3790359 -0.02865922 1.565119 0.3741687 -0.02965462 1.564573 0.3775819 -0.03315621 1.562285 0.3805307 -0.2691566 1.938167 0.3837862 -0.2737448 1.939457 0.3811717 -0.285135 1.955893 0.40058 -0.4229368 2.210588 0.4028706 -0.4253156 2.209081 0.4038451 -0.4221577 2.21078 0.2416706 0.2874246 0.6774176 0.2422547 0.2856292 0.6757306 0.2415351 0.2869731 0.6769948 0.2407117 0.3415715 0.6221287 0.2403219 0.3425213 0.6232502 0.239812 0.3429231 0.6237452 -0.3787782 0.1598747 0.7211 -0.3789341 0.1602672 0.7206435 -0.3794267 0.1597996 0.7206072 -0.3973711 0.1754975 0.7379621 -0.3976796 0.1759222 0.7377674 -0.3969634 0.1759081 0.7377091 -0.4028444 0.1829112 0.7494251 -0.4029679 0.1833903 0.7491331 -0.4033279 0.1830399 0.7492142 -0.4042118 0.188784 0.7623476 -0.4043488 0.1890388 0.7620536 -0.4047147 0.1885892 0.7619952 -0.3989391 0.196981 0.7906348 -0.3991724 0.1973664 0.7905309 -0.3995447 0.1971261 0.7906474 0.243121 0.3287581 0.7172028 0.2432566 0.3290839 0.7170279 0.2430145 0.3289439 0.7168211 0.2218518 0.3453172 0.7311148 0.2217384 0.3454095 0.7308325 0.2216072 0.3451903 0.730889 -0.1986354 -0.1754887 0.8162117 -0.1986013 -0.1754358 0.8161857 -0.198669 -0.175469 0.8161695 -0.2239879 -0.1415098 0.8523023 -0.2239421 -0.1414762 0.8523027 -0.2239855 -0.1414685 0.8522651 -0.467386 -0.3697582 1.255148 -0.4674674 -0.3697444 1.254792 -0.4670951 -0.3699679 1.254942 -0.5006181 -0.4218746 1.260691 -0.5009073 -0.4216884 1.26069 -0.5007813 -0.4218018 1.260394 -0.3071163 -0.226473 0.8135229 -0.3071142 -0.2264707 0.8135189 -0.3071152 -0.2264759 0.8135188 -0.3433206 -0.2188734 0.7986091 -0.3433188 -0.2188717 0.7986056 -0.3433197 -0.2188757 0.7986056 0.2400189 0.7015119 1.692923 0.2424118 0.7085576 1.693352 0.2385743 0.7054166 1.687789 -0.08900284 0.8070361 1.85771 -0.08601886 0.8091278 1.862245 -0.08767575 0.8035957 1.862339 -0.4030473 0.1831003 0.7492817 -0.40303 0.1831369 0.7492715 -0.4030451 0.1831004 0.7492307 -0.4429149 0.2014598 0.7475916 -0.4429008 0.2014876 0.7475585 -0.442914 0.201458 0.7475503 0.1745125 0.08756631 0.5939236 0.1944859 0.08011388 0.5803647 0.203629 0.09809482 0.5670292 0.1950207 0.1146679 0.5685029 0.178256 0.1217844 0.579386 0.2110196 0.1252167 0.6386851 0.2318997 0.1013489 0.6241677 0.2153816 0.1047137 0.6347863 0.2257924 0.1317193 0.603451 0.2496806 0.1092928 0.6337778 0.2476633 0.1268445 0.6442241 0.230183 0.132313 0.6514815 0.222107 0.07539719 0.7000344 0.2230789 0.06315475 0.6856747 0.2419285 0.05103325 0.6893685 0.2547036 0.07650738 0.7030256 0.23607 0.09034103 0.699093 0.2800006 0.004659295 0.803134 0.2589274 0.03422206 0.7989075 0.2637067 -0.01450735 0.8486925 0.2677832 -0.007757425 0.8764891 0.2793751 -0.01896297 0.8484872 0.2918723 3.48527e-4 0.8677791 0.296723 -0.01640796 0.948285 0.3113552 -0.04789865 0.9802981 0.3351712 -0.04669219 1.03391 0.3350915 -0.03574842 1.04686 0.3179015 -0.05056667 1.046286 0.3171771 -0.03967076 1.056198 0.3293787 -0.05453324 1.06188 0.3243441 -0.03246265 1.064138 0.323547 -0.04695266 1.081174 0.3052056 -0.05355477 1.069136 0.2679427 -0.06489914 1.094473 0.2759763 -0.05401664 1.108 0.2644144 -0.04929274 1.094661 -0.2878046 0.01439464 0.7087895 -0.2729825 0.05160123 0.7087091 -0.2877823 0.0791614 0.6841245 -0.3175193 0.06992959 0.6593613 -0.3328681 0.0325613 0.6590867 -0.3173916 0.005216538 0.6841507 -0.3862608 0.103038 0.7438287 -0.3766078 0.03991866 0.7562406 -0.3613168 0.0513451 0.7902429 -0.3222406 0.07830661 0.7673084 -0.3487759 0.1087988 0.7577689 -0.3914394 0.06471675 0.7342315 -0.3897892 0.07951515 0.8053358 -0.4185575 0.09904921 0.7850708 -0.4716158 0.01312524 0.8000009 -0.5213154 0.02110135 0.7515227 -0.4716418 0.006216883 0.7671018 -0.4941971 0.06577628 0.7901743 -0.5662626 0.0404492 0.7710344 -0.5490019 0.02889376 0.82108 -0.5666605 -0.007412254 0.8180315 -0.5776103 0.04489082 0.80634 -0.5764213 -0.0169475 0.7916311 -0.5864928 2.38026e-4 0.8418701 -0.6251363 0.001187145 0.8060995 -0.6105281 -0.0189206 0.7906563 -0.6185038 -0.005879282 0.8428239 -0.5899459 -0.07921397 0.8733276 -0.6418216 -0.07254672 0.8625038 -0.62918 -0.09379667 0.8514212 -0.5991647 -0.08606874 0.8475952 -0.6454918 -0.1368542 0.9520936 -0.6607441 -0.1182642 0.9330533 -0.6389824 -0.1572411 0.9136378 -0.6404917 -0.1632016 0.951215 -0.7114742 -0.2012432 0.9976771 -0.6941158 -0.207155 0.9756073 -0.6800392 -0.2169257 1.02338 -0.6956587 -0.2063774 1.038654 -0.7139997 -0.1995564 1.028869 -0.6863839 -0.2266842 1.005859 -0.7332607 -0.2294605 1.012718 -0.7410801 -0.2345692 1.046625 -0.7466687 -0.2115319 1.017127 -0.7439669 -0.2414897 1.028932 -0.8152098 -0.2145681 1.047996 -0.8149375 -0.2041131 1.034618 -0.8248987 -0.2109515 1.020228 -0.8244039 -0.2275204 1.017557 -0.826715 -0.2317866 1.047896 -0.9103869 -0.2482603 1.056158 -0.8966745 -0.2195373 1.056973 -0.9089502 -0.2428755 1.070699 -0.9321103 -0.2291525 1.077224 -0.9130307 -0.2267623 1.048768 -0.9447776 -0.2354717 1.053196 -0.9508591 -0.2097314 1.059426 -0.969403 -0.2250305 1.069782 -1.0209 -0.1653916 1.044744 -1.028678 -0.1753988 1.057728 -1.018347 -0.1597315 1.059512 0.2960492 -0.2753164 0.7651093 0.2681066 -0.2950826 0.765044 0.25795 -0.3104606 0.7355464 0.2756785 -0.3057954 0.7072507 0.303656 -0.2861486 0.7068105 0.3139045 -0.2709083 0.7355542 0.3765407 -0.4387334 0.8023648 0.3715762 -0.4324699 0.7462483 0.3898507 -0.4057412 0.7977408 0.3815867 -0.4649615 0.7849998 0.4145562 -0.4363415 0.7559949 0.4232149 -0.4220856 0.7805904 0.4210144 -0.4695286 0.8318273 0.3929498 -0.4742164 0.8243035 0.4084845 -0.502318 0.7866027 0.4366912 -0.4984139 0.7947542 0.4416941 -0.4828565 0.8176184 0.3785953 -0.5062218 0.8167002 0.381138 -0.5567582 0.9070096 0.3674188 -0.5271402 0.871204 0.3707839 -0.5813069 0.8617265 0.4027485 -0.5622826 0.8535732 0.4054856 -0.5536854 0.8797493 0.3406927 -0.629208 0.936542 0.3369224 -0.6847051 1.027807 0.3751794 -0.664937 0.9602058 0.3796907 -0.6606446 0.9887112 0.3476865 -0.7218062 1.019837 0.3594151 -0.6888109 1.043364 0.3313509 -0.7585597 1.097933 0.3673772 -0.7591854 1.114307 0.3624829 -0.7728818 1.104271 0.358101 -0.8067946 1.208433 0.3504852 -0.8402972 1.205022 0.3446972 -0.8172242 1.219261 0.3443546 -0.8774977 1.308302 0.3647016 -0.8684915 1.274385 0.3695482 -0.8724005 1.315112 0.3488782 -0.8724933 1.331767 0.3705252 -0.9150819 1.430442 0.3654828 -0.9325887 1.423383 0.3804947 -0.9270123 1.423866 -0.08612877 0.4580928 0.7646892 -0.07686954 0.4560605 0.7533289 -0.08701014 0.4608926 0.7445529 -0.04882222 0.5452463 0.7558647 -0.05937349 0.5458673 0.7730968 -0.06006979 0.5550509 0.7606076 -0.03605204 0.5815582 0.7840437 -0.01553642 0.6039282 0.7870275 -0.01167428 0.6298899 0.779485 -0.03193295 0.6123507 0.7776278 -0.02366417 0.6491574 0.798301 -0.01288384 0.655006 0.7894276 -0.03166311 0.650059 0.7824361 -0.05620211 0.7154602 0.788135 -0.05109608 0.715848 0.774033 -0.06534975 0.7131161 0.7698128 -0.1039204 0.7758469 0.7909988 -0.1044453 0.808699 0.7932813 -0.09093976 0.7837182 0.7784092 -0.1091825 0.7782493 0.7788779 -0.1129848 0.8266062 0.7852746 -0.1010741 0.8303685 0.7705078 -0.07242858 0.8899146 0.7769827 -0.09241724 0.8266717 0.7830694 -0.05069696 0.8971704 0.7679809 -0.05446195 0.8978621 0.7589887 -0.07123363 0.8998314 0.7663299 -0.05875551 0.9161984 0.7578299 -0.01506763 1.043989 0.7758201 0.002869963 1.070366 0.7783427 0.001384615 1.043873 0.7688409 -0.01881283 1.046591 0.7669113 -0.00778824 1.040774 0.7572108 -0.02177304 1.087537 0.7820413 -0.002402901 1.095763 0.7785691 -0.01663368 1.102703 0.7726789 -0.07058048 1.140441 0.8084239 -0.06686568 1.143593 0.8283138 -0.05514413 1.148768 0.8123596 -0.09795492 1.217701 0.8657959 -0.1076215 1.220373 0.852198 -0.1138295 1.208705 0.8646633 -0.2182245 -0.2026897 0.7995521 -0.2019064 -0.2099997 0.8023273 -0.2020484 -0.1998494 0.7906258 -0.1969475 -0.158755 0.8324747 -0.1915821 -0.1465083 0.8613857 -0.1812202 -0.1690425 0.8416749 -0.1783574 -0.1384401 0.8478542 -0.1835425 -0.126647 0.8651379 -0.1936588 -0.1259552 0.848298 -0.2011157 -0.1270038 0.8526502 -0.2662582 -0.01181137 0.8780173 -0.229242 -0.05520075 0.8709402 -0.2216518 -0.05402624 0.864397 -0.2320446 -0.04029059 0.8566572 -0.2399157 -0.0509352 0.8538814 -0.3076683 0.07335048 0.906182 -0.3429853 0.1017751 0.9303905 -0.3322666 0.09920781 0.9092242 -0.3458968 0.1010624 0.9093229 -0.366811 0.1089985 0.9261162 -0.3756449 0.1191049 0.9436596 -0.4519012 0.2048541 1.005114 -0.4728908 0.2183139 1.010437 -0.4757769 0.209851 1.027676 -0.4833427 0.2142566 1.009478 -0.5092269 0.2237434 1.034899 -0.5048934 0.2205607 1.043624 -0.5895994 0.2837229 1.140086 -0.6021888 0.286727 1.125414 -0.5955336 0.2917566 1.129604 -0.6007035 0.2721059 1.134838 0.4451465 0.08040994 0.7725871 0.4435836 0.06604892 0.7717552 0.455208 0.06959855 0.7588021 0.5238535 0.07078522 0.8297412 0.5375654 0.06343901 0.8552897 0.5677074 0.04364466 0.8755285 0.5662015 0.05877304 0.8589304 0.5917422 0.04589879 0.9162615 0.6072068 0.04347074 0.907802 0.6429929 0.05561071 0.9882948 0.6522971 0.04069465 0.9839699 0.6477421 0.05641257 0.9692822 0.6548815 0.04426169 1.008597 0.6790449 0.04495269 1.018738 0.675166 0.03025966 1.003982 0.6631279 0.0590431 0.9972463 0.7275778 -0.02538627 1.029419 0.727273 -0.01218056 1.030573 0.7265335 -0.02630931 1.019372 0.7283009 -0.009509146 1.010715 0.7396733 -0.01233971 1.026884 0.8398836 -0.09007054 1.064318 0.8469761 -0.0801807 1.084034 0.8415095 -0.09684818 1.07446 0.8528771 -0.08370679 1.07166 0.8983218 -0.1172918 1.115683 0.9052492 -0.1002671 1.123537 0.9128208 -0.1211016 1.130881 0.907296 -0.1126326 1.107748 0.9245808 -0.1103351 1.118084 0.9269734 -0.1402481 1.11681 0.9329468 -0.1268849 1.134134 0.9523981 -0.190161 1.13301 0.9483397 -0.192836 1.116902 0.9641005 -0.1838979 1.120755 -0.254212 0.4598327 0.8582147 -0.244052 0.4728655 0.8623784 -0.2573328 0.4732336 0.8481845 -0.3370084 0.5050844 0.9469714 -0.3396297 0.5230684 0.9443308 -0.3473239 0.5217415 0.9645069 -0.3554438 0.5098959 0.9471454 -0.3898843 0.5433961 0.9887413 -0.4525873 0.5765928 1.096294 -0.4671292 0.5723831 1.08246 -0.4676485 0.5675096 1.094221 -0.4562795 0.567371 1.096234 -0.4765127 0.5945858 1.113524 -0.489037 0.6113983 1.153181 -0.4914259 0.5929127 1.162037 -0.494779 0.6133843 1.181292 -0.5079952 0.6068552 1.168118 -0.5363493 0.6100415 1.207863 -0.5478225 0.6218064 1.197923 -0.5384811 0.6055541 1.190141 -0.6241366 0.5913362 1.210938 -0.6230996 0.6087108 1.215774 -0.6381747 0.6056674 1.20189 -0.6921476 0.6173803 1.244722 -0.7295186 0.6113032 1.253738 -0.7016565 0.6267349 1.235471 -0.7043559 0.6096078 1.230794 -0.7506687 0.6172991 1.253765 -0.7500175 0.6141859 1.23714 -0.7449089 0.6019008 1.24337 -0.827309 0.5591121 1.245762 -0.828643 0.5483194 1.241956 -0.8344122 0.564575 1.239203 -0.83513 0.563211 1.229527 -0.8292869 0.5546073 1.225733 -0.8284214 0.5473418 1.232293 -0.9536417 0.5312736 1.253226 -0.9584109 0.5435984 1.247203 -0.956386 0.5382056 1.233921 -0.955789 0.5247718 1.240088 -1.048652 0.541806 1.261363 -1.050398 0.5356355 1.245746 -1.04838 0.523625 1.259212 -0.3104598 -0.395327 0.8694831 -0.3241161 -0.3940498 0.8595082 -0.3131059 -0.4097446 0.8581666 -0.4091006 -0.4679652 0.9655932 -0.4155175 -0.4859663 1.012887 -0.4315199 -0.4819639 1.020807 -0.4225328 -0.4916597 0.9964465 -0.44275 -0.5240141 1.077769 -0.4610504 -0.5198091 1.098538 -0.4630664 -0.5173649 1.075632 -0.4410536 -0.5166516 1.048891 -0.4791979 -0.5347913 1.111656 -0.4984589 -0.5417277 1.106205 -0.4928969 -0.5259883 1.097034 -0.5612499 -0.5193077 1.120171 -0.5799227 -0.5283304 1.12719 -0.5840027 -0.5182449 1.113528 -0.588401 -0.5269415 1.109034 -0.584177 -0.535607 1.112028 -0.62464 -0.541681 1.134315 -0.7031967 -0.5393462 1.168452 -0.7496112 -0.5601303 1.196924 -0.7603762 -0.5510619 1.186386 -0.751599 -0.5563262 1.175693 -0.7632756 -0.5695619 1.185902 -0.8181593 -0.5826014 1.228421 -0.8217163 -0.5809533 1.210298 -0.8206998 -0.5976808 1.220047 -0.8494721 -0.594141 1.252682 -0.8525858 -0.5794607 1.251309 -0.8597591 -0.5832408 1.238836 -0.8653125 -0.5943585 1.24905 -0.9035714 -0.5368012 1.306038 -0.8952442 -0.5461863 1.318068 -0.8884845 -0.5387557 1.319295 -0.8915055 -0.529291 1.316613 -0.8973188 -0.5292738 1.308107 -0.9025541 -0.5456563 1.311423 -0.9524487 -0.5234058 1.397156 -0.9562711 -0.50636 1.389081 -0.9644302 -0.5226956 1.387691 -0.4846597 0.1865724 0.9181315 -0.4593805 0.2056829 0.9181141 -0.4610996 0.2342787 0.9040823 -0.4878712 0.2434378 0.8902999 -0.5131408 0.2243425 0.8903117 -0.5130595 0.1987013 0.9023663 -0.4851738 0.2376759 0.9823972 -0.5270391 0.2909131 1.007647 -0.5147395 0.2298226 1.002789 -0.5404038 0.2639328 0.9797927 -0.5097391 0.2878746 1.03952 -0.5679326 0.2803056 1.122165 -0.528765 0.2850308 1.126144 -0.5517249 0.2807191 1.164308 -0.5710612 0.3035423 1.128087 -0.5392087 0.3170044 1.185785 -0.5617985 0.3264627 1.200349 -0.5392077 0.2984936 1.200283 -0.5758367 0.3124062 1.191103 -0.5740377 0.2938771 1.195004 -0.5699272 0.287549 1.21364 -0.5648671 0.3193677 1.222466 -0.5717632 0.3007167 1.229772 -0.6771009 0.2943335 1.262069 -0.6646331 0.3032565 1.268028 -0.6708235 0.3187909 1.267755 -0.6755759 0.323027 1.25404 -0.6853814 0.3135787 1.247452 -0.6837615 0.2988239 1.249486 -0.7710695 0.3289743 1.347735 -0.7806031 0.3385931 1.333749 -0.7806862 0.3217943 1.338067 0.2787573 0.76843 1.656843 0.306099 0.7559133 1.656558 0.3205515 0.7522675 1.630898 0.3080788 0.7609186 1.605423 0.2809341 0.773346 1.605345 0.2661021 0.7771961 1.631179 0.3398097 0.8206325 1.65972 0.3100384 0.8237003 1.658645 0.3454446 0.7974594 1.633166 0.3395209 0.8200896 1.611351 0.3166003 0.8407539 1.613071 0.2985218 0.83275 1.635304 0.3503772 0.8476569 1.647185 0.3219265 0.8790547 1.636228 0.2734017 0.8958856 1.69908 0.2899596 0.9198834 1.715703 0.3075024 0.9203718 1.690971 0.2607635 0.9598684 1.69293 0.2510515 0.942542 1.705884 0.2579045 1.050708 1.772019 0.2377181 1.037423 1.80755 0.2560544 1.042269 1.811621 0.2652954 1.053831 1.799754 0.2272521 1.053202 1.800359 0.234895 1.077221 1.802547 0.2327371 1.152054 1.932588 0.2467713 1.148573 1.927053 0.2535317 1.152096 1.911435 0.2247368 1.151421 1.912151 0.2459405 1.158375 1.900519 0.2323539 1.17134 1.918173 0.2510005 1.232504 2.03127 0.2404083 1.217686 2.03997 0.2328352 1.227484 2.034474 0.1094573 0.3720003 1.535549 0.1304533 0.3830466 1.535292 0.1337416 0.4017062 1.530757 0.1153145 0.4146118 1.524986 0.09529036 0.406212 1.524724 0.121717 0.421581 1.61216 0.08603316 0.4060913 1.617573 0.09941154 0.402374 1.660411 0.1001917 0.4427936 1.705749 0.08588743 0.4325371 1.678966 0.1125263 0.4165416 1.717568 0.1136996 0.4322741 1.786682 0.08793503 0.4196348 1.796441 0.1010511 0.41062 1.821719 0.09000903 0.4323877 1.805916 0.1141003 0.4162635 1.82437 0.1039689 0.4372652 1.828373 0.1128146 0.4266963 1.953359 0.1045746 0.4321973 1.953407 0.09356439 0.4236134 1.953603 0.1092933 0.4140881 1.953487 0.4215807 -0.4056215 0.822203 0.4054888 -0.428184 0.8219996 0.4073161 -0.4499595 0.8005832 0.4273818 -0.4461601 0.7793232 0.4445097 -0.4221103 0.7795218 0.4427829 -0.4001464 0.8011423 0.5080626 -0.4732995 0.8907626 0.5196987 -0.4810474 0.8454673 0.491626 -0.5113551 0.8700506 0.5128017 -0.510652 0.8547334 0.5046156 -0.5029121 0.9049555 0.5319997 -0.4771617 0.8821403 0.5211714 -0.5195343 0.9053851 0.5471203 -0.5159447 0.8987398 0.5558485 -0.4900606 0.8908406 0.5217308 -0.4694209 0.9097981 0.5500927 -0.4864225 0.9549706 0.5603063 -0.4447152 0.9353754 0.5610125 -0.4427956 1.011985 0.5945364 -0.4562135 1.002434 0.5605783 -0.4284279 0.9951176 0.5824239 -0.4572883 1.021901 0.6004292 -0.438485 0.9959678 0.5979902 -0.4206042 1.007171 0.5976385 -0.4228016 1.029536 0.6053103 -0.4426413 1.039722 0.6640917 -0.4398665 1.03686 0.6632224 -0.4728757 1.035208 0.6596638 -0.4698518 1.014605 0.6728149 -0.4557135 1.009458 0.6730204 -0.4403028 1.019901 0.6672765 -0.4586042 1.046963 0.7942821 -0.4853053 1.087882 0.7777345 -0.4931635 1.088592 0.7824273 -0.5073364 1.082587 0.7943394 -0.5094683 1.072364 0.7986336 -0.4844901 1.074021 0.7939904 -0.4947649 1.063965 0.8493438 -0.5190714 1.122323 0.8467828 -0.5292527 1.129397 0.8393704 -0.53959 1.11013 0.8618782 -0.5325646 1.109901 0.8592146 -0.5205925 1.115243 0.8716793 -0.5311142 1.141157 0.8875891 -0.4965633 1.179593 0.9010915 -0.4955291 1.168246 0.8879029 -0.4825093 1.169843 -0.0472396 -0.3521758 0.7927504 -0.03965592 -0.3748095 0.7927875 -0.01913118 -0.3820526 0.7804632 -0.007086098 -0.3652776 0.7683342 -0.01549458 -0.3409824 0.7684522 -0.03473502 -0.3367438 0.7805814 0.0214411 -0.3236355 0.8610594 0.04178202 -0.3623051 0.8728045 0.04224365 -0.3508685 0.8432112 0.008865118 -0.3400626 0.8680728 0.01825672 -0.358684 0.8743086 0.04419422 -0.3276449 0.8614142 0.04865002 -0.3383404 0.8806602 -0.01562321 -0.307296 0.9158539 -0.01493585 -0.3127505 0.9424982 0.01160496 -0.323324 0.9280854 0.0253852 -0.3114878 0.9172306 -0.006988584 -0.2906852 0.9151499 0.002591013 -0.2804161 0.9419902 -0.02188777 -0.2903065 1.011471 -0.01052391 -0.2796906 1.00211 -0.04196661 -0.2807137 0.9921909 -0.01713484 -0.2670864 0.9923025 -0.03165614 -0.2689331 0.9860141 -0.03913092 -0.2864394 1.008016 -0.03403407 -0.2182648 1.019183 -0.06012421 -0.2240201 1.007119 -0.05750596 -0.2278921 1.02076 -0.04272848 -0.2292714 1.025603 -0.03632593 -0.2154049 1.005214 -0.04902112 -0.2182347 0.9991332 -0.1072453 -0.1654019 1.040857 -0.1037831 -0.1707662 1.050963 -0.09606921 -0.164462 1.057845 -0.09222686 -0.1538447 1.054841 -0.09578317 -0.1483325 1.044692 -0.1031184 -0.1549677 1.037532 -0.1532431 -0.1604481 1.076761 -0.1454212 -0.1486359 1.08619 -0.1531182 -0.1430218 1.071061 -0.4594272 0.1811896 1.557366 -0.4464147 0.1904852 1.552115 -0.4594929 0.1965097 1.54696 -0.4664617 0.1877434 1.552352 -0.457072 0.2384045 1.640847 -0.4562846 0.2269527 1.592965 -0.4711177 0.2510977 1.638733 -0.4705888 0.2356266 1.651849 -0.4766053 0.2425922 1.647336 -0.4599608 0.2367326 1.650446 -0.4618133 0.2485361 1.63696 -0.4407838 0.2900646 1.666639 -0.418098 0.3174808 1.674348 -0.4288825 0.2911495 1.653871 -0.4410303 0.2965357 1.648261 -0.4340652 0.3240512 1.672126 -0.4138278 0.3907506 1.715428 -0.4012591 0.3926102 1.703372 -0.411616 0.3762426 1.685591 -0.4174836 0.4084273 1.706762 -0.4058946 0.4201538 1.734322 -0.4227833 0.4297836 1.733366 -0.4168264 0.4845027 1.761285 -0.4184411 0.5055083 1.791874 -0.4303863 0.4939435 1.797812 -0.4358929 0.5406293 1.840551 -0.4540636 0.5377472 1.835329 -0.4486854 0.5482246 1.828002 -0.08484458 0.56112 0.7178162 -0.07561534 0.5580209 0.7099974 -0.08658504 0.5516876 0.7012525 -0.09687024 0.5547401 0.7092032 -0.08929419 0.6362318 0.6573265 -0.09771269 0.6268962 0.661502 -0.08417367 0.6481516 0.6631814 -0.09276646 0.6700475 0.6652219 -0.1030118 0.6521404 0.6664032 -0.1118057 0.6712185 0.6663315 -0.100095 0.6800177 0.6511685 -0.12956 0.6764354 0.661045 -0.150551 0.7107482 0.674814 -0.1418658 0.7086212 0.6638121 -0.1186415 0.6799844 0.6481185 -0.1644551 0.7071692 0.6601947 -0.224358 0.7672213 0.6996031 -0.2329857 0.7673693 0.6935208 -0.2241217 0.782498 0.7028986 -0.2240462 0.7876414 0.6942397 -0.2300133 0.7849091 0.6867204 -0.2374184 0.7782307 0.6882709 -0.2982417 0.874708 0.765863 -0.2844405 0.869912 0.7564275 -0.2884857 0.8825729 0.7525315 -0.298783 0.8864278 0.7494642 -0.3039523 0.875994 0.748383 -0.3031189 0.8689688 0.7554393 -0.3459607 0.9576479 0.8154388 -0.3331118 0.9648201 0.8148126 -0.3324438 0.9534674 0.8287308 0.4578005 0.07581728 0.7860448 0.4664459 0.06314879 0.7757102 0.4682869 0.08122271 0.7740421 0.5205884 0.06129544 0.833437 0.5020037 0.07156574 0.8166424 0.5211307 0.0571615 0.8141043 0.5113217 0.07562899 0.807166 0.5235281 0.08348083 0.841126 0.5373442 0.08196473 0.8375315 0.5337366 0.07850003 0.8608087 0.5401765 0.08179861 0.8529111 0.5215231 0.1262568 0.8930708 0.5220767 0.1135668 0.9000518 0.5441555 0.179962 1.008783 0.5514001 0.1868732 1.006159 0.548604 0.1952957 1.001636 0.5325572 0.187878 1.009478 0.5401483 0.2005795 1.006029 0.5446221 0.1977319 1.051467 0.5460205 0.1847204 1.048533 0.5588592 0.186383 1.04217 0.557828 0.2032229 1.049138 0.5729215 0.1476539 1.108838 0.5819075 0.1351786 1.100412 0.5831334 0.1517443 1.085219 0.591742 0.1477969 1.109022 0.5796702 0.1551221 1.106061 0.5989136 0.1130222 1.158216 0.6465817 0.09761309 1.21223 0.6285933 0.1054155 1.219198 0.640395 0.09260755 1.21463 0.6516396 0.1057366 1.227394 0.6365864 0.112404 1.21747 0.6549155 0.07971614 1.268614 0.6588074 0.07847511 1.293799 0.6734414 0.08683061 1.283532 0.6539813 0.09363317 1.282978 0.6778972 0.09646487 1.314441 0.6928092 0.08382004 1.318532 0.6931274 0.09294998 1.302733 0.7396528 0.1238601 1.333251 0.7487466 0.1151397 1.320204 0.7422711 0.1300237 1.315892 0.4310593 0.192255 1.713774 0.437973 0.1978191 1.704296 0.4206132 0.2019926 1.704331 0.4432892 0.2782723 1.78314 0.4562593 0.2856637 1.771513 0.4517406 0.3065686 1.789105 0.4470654 0.3066705 1.800453 0.4652851 0.3100233 1.822824 0.4830517 0.345261 1.851909 0.4931725 0.3777601 1.885544 0.4843837 0.3743861 1.909654 0.4942874 0.3718738 1.909987 0.4884647 0.3888217 1.900897 0.4822632 0.3837548 1.9067 0.5336368 0.4239364 2.003767 0.5170281 0.4214154 2.008611 0.5311467 0.4334375 2.000821 0.5220074 0.4369994 2.002602 0.5255517 0.4169915 2.005086 0.5162132 0.4328346 2.011009 0.5568637 0.4466007 2.115112 0.5637943 0.4524042 2.112006 0.5619158 0.4620326 2.110239 0.5526669 0.4656763 2.111731 0.5446459 0.4541424 2.116447 -0.3179123 -0.4121876 0.8795014 -0.3255851 -0.4021434 0.8809421 -0.3356879 -0.4047149 0.8720084 -0.3353284 -0.4117362 0.8674364 -0.3235682 -0.4198274 0.8702481 -0.3819423 -0.4633532 0.9693789 -0.4297231 -0.5183232 1.028017 -0.4346401 -0.5072339 1.023437 -0.4498642 -0.5368381 1.096063 -0.4668377 -0.5322309 1.093796 -0.4552054 -0.5486524 1.098036 -0.5000234 -0.5639126 1.143678 -0.4806704 -0.5532097 1.142836 -0.493168 -0.5502341 1.145911 -0.4876213 -0.5696812 1.141481 -0.4820481 -0.5780436 1.186796 -0.4875035 -0.5711234 1.205105 -0.5040602 -0.5699949 1.177372 -0.4945538 -0.5871223 1.195791 -0.4263412 -0.5954595 1.244262 -0.4490422 -0.5794411 1.238373 -0.4401683 -0.5986169 1.25767 -0.4380345 -0.6028546 1.247649 -0.3752292 -0.632032 1.366151 -0.3795732 -0.6282868 1.340665 -0.3729227 -0.6620563 1.384404 -0.3667017 -0.6635947 1.426848 -0.373535 -0.6664229 1.410304 -0.3509535 -0.6823199 1.433951 -0.3470667 -0.6792948 1.453487 -0.3426554 -0.7227071 1.590907 -0.3480362 -0.7408627 1.584817 -0.3565488 -0.7304215 1.589144 -0.3362772 -0.7316089 1.587279 0.2766654 0.3608194 0.7522935 0.2822502 0.3478114 0.755123 0.2904949 0.3469826 0.74682 0.2895979 0.3582465 0.7401346 0.3939234 0.4302654 0.8726326 0.4271042 0.4350513 0.8966549 0.4314267 0.4428613 0.8851612 0.4324374 0.4556354 0.8935628 0.4192454 0.4529357 0.8926843 0.4453748 0.4534038 0.9331017 0.5315911 0.505354 1.049517 0.5175091 0.5139642 1.055339 0.5265536 0.5069096 1.05969 0.539208 0.5150249 1.05083 0.5268359 0.5237427 1.049138 0.524294 0.5333002 1.091787 0.5288952 0.5247003 1.109737 0.5435401 0.5302251 1.098553 0.5378348 0.5398094 1.093693 0.4872164 0.5383413 1.141014 0.4887818 0.555145 1.164853 0.4778748 0.5652813 1.167963 0.4691407 0.562197 1.163252 0.4484401 0.5695682 1.200181 0.4363554 0.5804035 1.241169 0.4431622 0.5867515 1.251755 0.4488598 0.5988925 1.256742 0.4224866 0.6115871 1.286743 0.4370803 0.6195737 1.280039 0.4269245 0.6194791 1.282136 0.433622 0.6608792 1.390024 0.423958 0.6502652 1.394059 0.4186701 0.6669313 1.386047 -0.2876435 0.4783078 0.8901476 -0.2821415 0.4946731 0.8880673 -0.2933808 0.4909076 0.8777437 -0.3807713 0.5229277 0.9571955 -0.3714335 0.5297402 0.975625 -0.3994798 0.5424683 0.98035 -0.3741527 0.5144534 0.9606826 -0.4649724 0.5798023 1.074324 -0.4134343 0.5387989 1.019057 -0.4978923 0.5764729 1.106015 -0.4849312 0.5821242 1.118831 -0.5332601 0.6161463 1.156965 -0.5261609 0.6031868 1.166689 -0.5184704 0.6197168 1.167034 -0.5430107 0.6006462 1.203714 -0.5411822 0.623456 1.193077 -0.5413458 0.6077069 1.224527 -0.557541 0.6081692 1.213442 -0.5476735 0.5523046 1.260372 -0.5625145 0.5494195 1.261587 -0.5591993 0.5658052 1.268581 -0.5761017 0.5178965 1.344337 -0.5572465 0.5125454 1.332334 -0.5619488 0.5192179 1.345016 -0.5744473 0.5083716 1.332261 -0.579379 0.4967702 1.366547 -0.5986396 0.5034598 1.378961 -0.6056936 0.4860862 1.367567 -0.6086454 0.4872502 1.382558 -0.607396 0.5004976 1.366219 -0.6877614 0.4843251 1.390779 -0.693698 0.4990146 1.391231 -0.6889528 0.4970712 1.374662 -0.7969712 0.4971249 1.432157 -0.8764045 0.5283134 1.46414 -0.7269471 0.4880866 1.384866 -0.8801095 0.5314015 1.453468 -0.8837034 0.5137289 1.455151 -0.1694259 -0.1504858 0.8277277 -0.1635357 -0.1648836 0.8311596 -0.1613312 -0.1570662 0.8137508 -0.1021683 -0.1223217 0.8548666 -0.09727543 -0.1366685 0.8451234 -0.01590937 -0.0935508 0.894842 -0.0129866 -0.09169018 0.8770051 -0.08324152 -0.1087478 0.8502674 0.004045367 -0.09154939 0.8973218 0.00826776 -0.0732358 0.893678 0.003708958 -0.07019686 0.9021353 0.02650982 -0.06893569 0.9249536 0.1140934 -0.06410014 0.9799334 0.1093509 -0.06124716 0.9895637 0.1183341 -0.05759912 0.9752752 0.1193945 -0.04689651 0.9789012 0.09714847 -0.04750448 0.9796074 0.1328148 -0.05711859 0.993247 0.1330001 -0.07027018 0.9979763 0.1675822 -0.1182122 0.9849314 0.1768813 -0.1157538 0.9803395 0.1821616 -0.1078228 0.9855305 0.1959511 -0.1251631 1.003961 0.2554336 -0.1853737 1.015573 0.2537344 -0.1616823 1.01309 0.2688168 -0.194298 1.011967 0.2705091 -0.1869143 1.027825 0.2638161 -0.170764 1.002533 0.2791896 -0.203989 1.017736 0.2848002 -0.1982089 1.029369 0.2643855 -0.2068942 1.032208 0.2599442 -0.2419461 1.063193 0.2683511 -0.2510649 1.050749 0.27695 -0.2419123 1.0638 -0.3462461 0.2235793 0.7163797 -0.3340504 0.2170765 0.7020592 -0.3516655 0.2263209 0.7003508 -0.3097089 0.2761361 0.7143098 -0.2865266 0.3202174 0.6993511 -0.3140921 0.2892473 0.7146634 -0.2714325 0.3813195 0.7106239 -0.2793609 0.3766087 0.7185196 -0.2592191 0.3892199 0.7322151 -0.2676358 0.3967429 0.7335002 -0.2519224 0.3954782 0.7260044 -0.2344316 0.4848118 0.7487659 -0.2492345 0.5015642 0.7642588 -0.240959 0.5014772 0.7774865 -0.2287877 0.5080258 0.7707316 -0.2423523 0.5137797 0.761613 -0.2349881 0.5601102 0.8135073 -0.2430299 0.5684724 0.8159741 -0.2279297 0.564946 0.8063867 -0.2319016 0.5691279 0.7987186 -0.2412642 0.5732333 0.7989478 -0.2480073 0.5687397 0.8060851 -0.2017034 0.6231516 0.80742 -0.1961674 0.6125304 0.8165511 -0.1749264 0.6251621 0.8076922 -0.1925004 0.6209099 0.7970362 -0.1588808 0.6718807 0.8268798 -0.1586794 0.6729232 0.8093892 -0.1701651 0.6833454 0.8255716 -0.1413826 0.7328193 0.8359388 -0.1523598 0.7381832 0.8227237 -0.1611756 0.737322 0.8348808 0.311976 0.03529644 2.127664 0.2883556 0.02473658 2.127544 0.2857962 0.001716673 2.119439 0.3048505 -0.01348268 2.110774 0.3285517 -0.002921164 2.110872 0.3325309 0.02159732 2.119311 0.3324694 -0.02073228 2.264116 0.3474903 -0.05616503 2.253014 0.3142013 -0.03865611 2.288279 0.3263108 -0.067721 2.257257 0.3496648 -0.03661543 2.260235 0.3097027 -0.05929833 2.276342 0.3356898 -0.02057832 2.291864 0.3375547 -0.05911147 2.316978 0.3556525 -0.05262303 2.307087 0.3550317 -0.02985918 2.295835 0.3217484 -0.03723102 2.324339 0.3352361 0.02749204 2.347452 0.3523384 -0.00446546 2.358579 0.3629751 0.05603688 2.409422 0.372985 0.01111322 2.357584 0.384054 0.08538186 2.401272 0.384699 0.05517774 2.425045 0.393884 0.06205022 2.385882 0.3668166 0.07940638 2.412451 0.3977484 0.05320984 2.406891 0.3905717 0.09058332 2.435414 0.3568055 0.06993567 2.438478 0.3843708 0.07732331 2.452846 0.3193663 0.1152691 2.496768 0.3107185 0.1025686 2.488018 0.3060129 0.09050905 2.504368 0.321286 0.08427166 2.50924 0.3376449 0.09391039 2.507359 0.336211 0.1093044 2.501154 0.2855418 0.1468479 2.623511 0.2616407 0.1569551 2.612516 0.2746815 0.1768618 2.64911 0.2664221 0.1776064 2.639451 0.2555847 0.1572125 2.644537 0.2659509 0.1552973 2.655341 0.2519257 0.2014318 2.704976 0.2735835 0.1906109 2.70951 0.2677101 0.2483286 2.806246 0.2566795 0.2357238 2.811665 0.2688531 0.2290848 2.813827 -0.4602044 -0.3709716 1.290852 -0.454088 -0.3864449 1.286329 -0.4443955 -0.370725 1.285284 -0.4372052 -0.3865081 1.365628 -0.4275858 -0.3923673 1.340733 -0.4209839 -0.3769631 1.372557 -0.4094304 -0.3868924 1.396605 -0.4300659 -0.3767518 1.384092 -0.4247481 -0.3958392 1.393667 -0.4153149 -0.395237 1.392032 -0.4232437 -0.3961769 1.41127 -0.4100026 -0.3908212 1.409761 -0.4022987 -0.4394053 1.427689 -0.4074713 -0.4491506 1.424403 -0.4028158 -0.4445278 1.408767 -0.3873683 -0.4492056 1.425896 -0.3882237 -0.5339227 1.465426 -0.3786087 -0.5342295 1.463115 -0.38499 -0.5285844 1.483196 -0.391479 -0.5350971 1.478612 -0.3719477 -0.5350354 1.473655 -0.3752155 -0.5294891 1.481433 -0.3914836 -0.6173641 1.560527 -0.3785812 -0.6267395 1.553606 -0.381767 -0.6198929 1.560148 -0.3982825 -0.6231805 1.555848 -0.3951738 -0.6303534 1.549627 -0.3854594 -0.6330627 1.549515 -0.4068254 -0.6850535 1.651585 -0.4188354 -0.694557 1.641813 -0.4016929 -0.6995455 1.642283 -0.322041 -0.2374563 0.8580639 -0.3219622 -0.2192342 0.8587605 -0.3361465 -0.2264788 0.8533322 -0.3449669 -0.2257003 0.905454 -0.3554584 -0.2411113 0.9252576 -0.3430618 -0.2283098 0.9354097 -0.3337351 -0.2426154 0.910356 -0.3603358 -0.2348342 0.9452974 -0.3604323 -0.2185425 0.9334261 -0.3658244 -0.224681 0.9280402 -0.4115488 -0.1952567 0.9634445 -0.4159309 -0.1824839 0.9619002 -0.4123193 -0.1845664 0.9497364 -0.4305675 -0.1938415 0.9533593 -0.424646 -0.1974731 0.9619851 -0.4766417 -0.1608421 0.9762629 -0.4958275 -0.1535772 1.011899 -0.5025703 -0.1402534 1.001983 -0.5268284 -0.131088 1.030253 -0.5595022 -0.1377639 1.045936 -0.5941595 -0.1254427 1.061194 -0.5932007 -0.1179643 1.058652 -0.5906811 -0.1215846 1.081524 -0.6219038 -0.1015191 1.093411 -0.6439754 -0.09970426 1.129546 -0.7204963 -0.09571993 1.189806 -0.6732394 -0.114128 1.153384 -0.7139113 -0.1020343 1.212066 -0.7347618 -0.1051797 1.2118 -0.7438678 -0.08830732 1.234084 -0.7838121 -0.0923686 1.305242 -0.7864347 -0.1102552 1.3023 -0.7966005 -0.1032601 1.29556 -0.5064421 0.06732571 0.7304462 -0.5128917 0.07740736 0.7168608 -0.5063596 0.06418484 0.7120113 -0.5670992 0.04678171 0.7107321 -0.5654814 0.03567087 0.7211982 -0.5694357 0.04480725 0.7316602 -0.5771378 0.05239659 0.7212087 -0.604559 0.01259392 0.7422051 -0.6147196 0.01710331 0.7302327 -0.5987423 0.005159735 0.7310444 -0.6136636 -0.004136741 0.7284776 -0.6112082 -0.060835 0.7751317 -0.6255884 -0.07530838 0.7874612 -0.6287714 -0.06214487 0.7725744 -0.6198772 -0.07792651 0.7662334 -0.6120141 -0.07448935 0.7714555 -0.6610003 -0.1717262 0.8268811 -0.6528993 -0.1817571 0.8486391 -0.6635089 -0.1620277 0.8419806 -0.7081259 -0.2781835 0.9415209 -0.7182842 -0.2754699 0.9449394 -0.7255387 -0.277022 0.9380872 -0.7252136 -0.2850204 0.9322221 -0.7167514 -0.2905085 0.9314933 -0.709407 -0.2888376 0.9382265 -0.8105329 -0.3905737 1.107843 -0.8097237 -0.3764579 1.093568 -0.824051 -0.3843252 1.097715 -0.8264029 -0.395026 1.097021 -0.8181775 -0.4007523 1.096166 -0.8080167 -0.3966652 1.097592 -0.8936198 -0.439888 1.259281 -0.9000038 -0.4549607 1.250784 -0.8838061 -0.4502289 1.260206 0.4547359 0.7704064 2.09003 0.4697014 0.7617696 2.084109 0.4660191 0.7804099 2.083278 0.5061089 0.7770259 2.189971 0.5174704 0.7806069 2.174849 0.5214496 0.7921039 2.233 0.5496417 0.7855997 2.270582 0.565729 0.8069106 2.309031 0.5399544 0.8034251 2.266981 0.574652 0.8005602 2.336416 0.5604159 0.7968897 2.349993 0.5789599 0.8144708 2.442251 0.5933287 0.8263274 2.479077 0.5958801 0.8139867 2.526733 0.6064397 0.8126405 2.536885 0.6109932 0.8183953 2.516492 0.6098139 0.8294805 2.530783 0.6141774 0.8373585 2.703036 0.6174219 0.8278141 2.690486 0.6311337 0.8425382 2.691928 0.6233338 0.8472738 2.72135 0.6322022 0.8286565 2.68894 0.6107339 0.8213806 2.740065 0.6181555 0.8354842 2.743681 0.6038189 0.829414 2.729416 0.5346799 0.8110174 2.766229 0.544774 0.8186928 2.780994 0.5352917 0.8226052 2.776406 0.5323036 0.8050736 2.788535 0.4622896 0.8229818 2.823853 0.4728114 0.8190785 2.838103 0.4700852 0.8359149 2.831328 -0.07263767 -0.4294947 0.7520647 -0.08181703 -0.4342343 0.7402188 -0.06260329 -0.4351024 0.7381901 -0.07743173 -0.4926922 0.7579259 -0.0677098 -0.5368791 0.8010253 -0.06773471 -0.551765 0.7896116 -0.07794958 -0.553016 0.8120895 -0.0831831 -0.5610424 0.8068448 -0.06352448 -0.5865109 0.826027 -0.06965744 -0.6348949 0.881188 -0.06976449 -0.6490823 0.8710074 -0.07966339 -0.636455 0.8832373 -0.07997977 -0.5917806 0.8199105 -0.08323943 -0.7149507 0.9465591 -0.06764423 -0.6931234 0.9341433 -0.08226609 -0.6994926 0.955405 -0.07180941 -0.7013856 0.9570987 -0.08685433 -0.7069234 0.9509259 -0.07171916 -0.7068284 0.9360032 -0.07517415 -0.7150576 0.9668495 -0.1068084 -0.6850838 0.9977785 -0.1151977 -0.6994963 0.9912089 -0.1011056 -0.7017933 1.002358 -0.124674 -0.6973451 1.043557 -0.1402444 -0.697011 1.034219 -0.130643 -0.7121355 1.038024 -0.06050294 0.5443129 0.8119966 -0.05236768 0.5377971 0.8139002 -0.04399603 0.5446982 0.8047589 -0.06089824 0.5526154 0.8054043 -0.03473836 0.5937778 0.8512468 -0.02076238 0.5997343 0.8937139 -0.01394927 0.6131365 0.8848733 0.01048034 0.6553717 0.9686844 -0.001123189 0.6684649 0.9977824 0.006932139 0.6852291 0.9946061 -0.00178945 0.6781855 0.9950083 0.008373975 0.6645699 1.000397 0.01267063 0.6713516 0.979189 0.008823871 0.67661 1.01642 -0.0448516 0.6571667 1.047714 -0.0356785 0.6537615 1.051155 -0.03293108 0.6601209 1.060106 -0.04067915 0.6735771 1.052049 -0.04419517 0.6669963 1.043849 -0.04929065 0.6708759 1.080137 -0.1180853 0.6782621 1.169409 -0.1091584 0.6740715 1.171485 -0.1082203 0.6927053 1.163871 -0.1230111 0.6900345 1.175011 -0.1092056 0.6854826 1.190657 -0.1125279 0.6987918 1.197035 -0.1220033 0.6916888 1.215438 -0.1105683 0.6863133 1.208999 -0.1178007 0.7052209 1.214604 -0.08295273 0.6900746 1.250314 -0.08114004 0.7077229 1.247144 -0.07078868 0.6967178 1.239589 0.399431 -0.4148724 2.214365 0.3926495 -0.4265961 2.209287 0.3988105 -0.433669 2.205576 0.4121116 -0.4272891 2.207739 0.4134302 -0.4695085 2.330064 0.410071 -0.5087114 2.431643 0.4223099 -0.5233915 2.426287 0.4236591 -0.5027056 2.397155 0.4088062 -0.5274417 2.463837 0.4146423 -0.535049 2.461519 0.4248002 -0.5231699 2.49467 0.4416093 -0.5639282 2.647612 0.4369902 -0.5585494 2.674056 0.4270462 -0.5599811 2.675373 0.4388568 -0.5743231 2.664403 0.424191 -0.5712888 2.695657 0.4293428 -0.5759374 2.670992 0.434903 -0.5857011 2.839875 0.4448524 -0.5840251 2.851692 0.4288594 -0.5718579 2.860204 0.4484543 -0.5743741 2.855286 0.4259437 -0.5626203 2.964991 0.442982 -0.5672184 2.913838 0.4336984 -0.559956 3.060526 0.4200907 -0.5695226 3.060395 0.4264513 -0.5788373 3.060462 0.4370579 -0.5765056 3.060567 0.2423335 0.3483997 0.6316194 0.2483476 0.3397384 0.6184163 0.2301509 0.3408329 0.6214929 0.2318218 0.3980361 0.5954803 0.2461671 0.3941254 0.5824881 0.2275792 0.4273288 0.5589023 0.2399632 0.4378303 0.5697345 0.2211861 0.4421789 0.5634731 0.2268567 0.4603288 0.5647878 0.2365222 0.4509692 0.5701464 0.2375435 0.4460739 0.5530921 0.2447254 0.4690887 0.5389174 0.2594494 0.4652919 0.5532037 0.2843166 0.4753091 0.5265503 0.306059 0.5214346 0.5152855 0.3269371 0.512872 0.5150952 0.312872 0.5139647 0.5026642 0.3284816 0.5236049 0.5195881 0.3296759 0.5150046 0.5047594 0.3391321 0.534445 0.5095847 0.363706 0.5242159 0.5049964 0.387932 0.5073872 0.5201978 0.3927168 0.526326 0.5252836 0.4210665 0.5177469 0.5377386 0.4344875 0.5192501 0.5202578 0.4532115 0.5139863 0.5363844 0.4530284 0.5355418 0.5366588 0.4982939 0.5380513 0.5589629 0.5044329 0.5382465 0.5416421 0.5067349 0.5531206 0.5474537 0.5108658 0.5525285 0.5607295 0.5460266 0.5354936 0.5702214 0.5282569 0.5286824 0.5786448 0.5545871 0.5070623 0.5899712 0.5596541 0.5157727 0.609919 0.5459656 0.5055401 0.5999614 0.5629922 0.5087224 0.5957344 0.5457577 0.5111313 0.6089533 0.5545691 0.4839139 0.6504353 0.539336 0.4765518 0.6442027 0.5553054 0.4702156 0.6397257 -0.4052232 0.1897867 0.7929927 -0.3892576 0.1958512 0.7902463 -0.3920459 0.2052417 0.7879424 -0.407053 0.2044338 0.7892286 -0.3903469 0.2107529 0.879437 -0.3980906 0.221143 0.9228116 -0.3937498 0.2375304 0.9187954 -0.3814467 0.2320491 0.9292646 -0.4023209 0.2333011 0.9589024 -0.3845523 0.2305517 0.9901205 -0.3963354 0.2206014 0.9771248 -0.3867233 0.2403376 0.9876099 -0.3956021 0.2437003 0.9892806 -0.3946859 0.243382 1.007277 -0.3828662 0.235129 1.006253 -0.3546561 0.284429 1.030827 -0.3402489 0.2860451 1.02069 -0.342609 0.2961876 1.017081 -0.3506726 0.300962 1.020543 -0.3543438 0.299176 1.03024 -0.3388563 0.2947339 1.036794 -0.3029808 0.3856254 1.092162 -0.304916 0.4046456 1.118314 -0.3075426 0.3996352 1.092786 -0.3196685 0.3895332 1.085383 -0.3228436 0.3916221 1.097741 -0.3163371 0.4247438 1.137638 -0.3190065 0.4794486 1.168025 -0.3062427 0.4862684 1.188841 -0.3105158 0.4877822 1.177749 -0.3256343 0.4816787 1.184076 -0.334838 0.5272545 1.247373 -0.3214049 0.5281471 1.249498 -0.3275451 0.5407619 1.237365 0.2197683 0.3370508 0.7363686 0.226999 0.3472399 0.7356415 0.216381 0.347578 0.7221599 0.182655 0.3877515 0.7672827 0.1624942 0.3970651 0.7722274 0.1334894 0.4017866 0.8037053 0.1422063 0.4019347 0.8107393 0.1309701 0.4110546 0.8003871 0.1338276 0.4247716 0.8317018 0.1016159 0.4667423 0.8734089 0.08655858 0.4786964 0.88571 0.08500224 0.472348 0.9121531 0.092673 0.47844 0.9096297 0.07519751 0.4798189 0.899725 0.06156498 0.4998456 0.9476366 0.06986212 0.5315088 0.9976196 0.05835849 0.54214 0.9901151 0.05086731 0.5363425 0.9931039 0.06259894 0.5251631 1.000052 0.06783109 0.5401955 0.9932091 0.05559551 0.5684428 1.099596 0.06290292 0.5748904 1.097485 0.06086641 0.583806 1.093578 0.05129224 0.5863783 1.091719 0.04340857 0.5741809 1.096194 -0.2242987 -0.1494265 0.8584188 -0.2150983 -0.1404519 0.8567436 -0.2236992 -0.1333436 0.8459682 -0.2330973 -0.1451092 0.8497664 -0.2841711 -0.06575018 0.9607909 -0.2847445 -0.03967458 0.9701589 -0.2912783 -0.05576586 0.9485065 -0.2762811 -0.05763632 0.9627225 -0.2848377 -0.0462675 0.9525576 -0.2922267 -0.06144529 0.9571696 -0.3042824 -0.05910068 0.9918903 -0.298843 -0.05619126 1.008395 -0.3119248 -0.04611009 0.9920985 -0.3050831 -0.0443409 1.007765 -0.3294963 -0.1103534 1.062232 -0.3224874 -0.1020463 1.063568 -0.3312327 -0.08445882 1.054254 -0.3407716 -0.09634542 1.057486 -0.336692 -0.1055521 1.055042 -0.3752186 -0.1420119 1.183642 -0.4026582 -0.1555526 1.220942 -0.396715 -0.1641291 1.203398 -0.3978559 -0.1812165 1.252512 -0.393176 -0.17509 1.259616 -0.404474 -0.1667601 1.274929 -0.4109049 -0.1759375 1.255434 -0.4251773 -0.1872779 1.296314 -0.4326539 -0.1758491 1.282168 -0.4392634 -0.1873934 1.288346 -0.4375833 -0.1695882 1.297272 -0.4951202 -0.1722747 1.314444 -0.504739 -0.1661739 1.299381 -0.501522 -0.1804314 1.297626 -0.5480208 -0.1757059 1.338282 -0.5551605 -0.1580746 1.33928 -0.5660141 -0.1742241 1.332055 -0.5915508 -0.1729139 1.339011 -0.5888664 -0.1930333 1.342446 -0.5973203 -0.1896868 1.357171 -0.596984 -0.1737152 1.350211 -0.6251736 -0.2496106 1.342231 -0.6401686 -0.2376183 1.342973 -0.6305503 -0.2443237 1.328781 -0.5029602 -0.4183361 1.269079 -0.5088376 -0.4179853 1.254735 -0.4937511 -0.427628 1.255066 -0.5737125 -0.543739 1.29887 -0.6153092 -0.5896652 1.321913 -0.5866385 -0.5375298 1.287575 -0.5665023 -0.5325329 1.279378 -0.6613574 -0.6465744 1.344401 -0.6566803 -0.648813 1.334942 -0.6286005 -0.6316217 1.323216 -0.647281 -0.661159 1.346495 -0.6886612 -0.7048183 1.382509 -0.7143803 -0.7213829 1.404273 -0.7070437 -0.7000567 1.373215 -0.7070071 -0.7257714 1.382108 -0.6958377 -0.7341983 1.407638 -0.7146136 -0.74084 1.403561 -0.6759421 -0.7847474 1.475715 -0.6649442 -0.7936251 1.465565 -0.6697536 -0.7687687 1.465796 -0.6744269 -0.7913177 1.46806 -0.6568485 -0.7886 1.469842 -0.6382071 -0.880033 1.609365 -0.6488984 -0.8899405 1.633509 -0.6569208 -0.8899056 1.62234 -0.655479 -0.894358 1.611725 -0.6456558 -0.9032943 1.619009 -0.6381397 -0.8975678 1.622213 -0.6698437 -0.9896057 1.794724 -0.6556811 -0.9907189 1.795466 -0.6691394 -0.9762909 1.801254 -0.3463471 -0.2209604 0.8079711 -0.3399687 -0.2097417 0.7934332 -0.3433893 -0.2272165 0.7925571 -0.4079765 -0.2000493 0.7886084 -0.4538464 -0.2057971 0.7703764 -0.45327 -0.2008314 0.7794615 -0.4170348 -0.2082332 0.7691206 -0.4350217 -0.1896071 0.7697812 -0.5289895 -0.179596 0.775276 -0.5320307 -0.1794811 0.7580881 -0.541727 -0.1884651 0.7584145 -0.6055064 -0.1665982 0.7716227 -0.6103574 -0.181314 0.7811394 -0.6256309 -0.1854535 0.7738211 -0.6669768 -0.1694858 0.7900555 -0.6488584 -0.1699752 0.7695802 -0.6796747 -0.1787196 0.7746912 -0.7406176 -0.1795012 0.8110826 -0.7391656 -0.1642428 0.8017738 -0.7573844 -0.1702703 0.798956 -0.775966 -0.1872645 0.8141294 -0.7955043 -0.1748578 0.8327539 -0.8203704 -0.1868326 0.8248065 -0.9251166 -0.186212 0.8984831 -0.848726 -0.1911992 0.8627358 -0.8621531 -0.1818041 0.850554 -0.916423 -0.194352 0.9093406 -0.9218872 -0.2067475 0.8981947 -0.08674263 0.7981681 1.866086 -0.08177292 0.8099899 1.868137 -0.08662903 0.8161298 1.857651 -0.09361267 0.8030384 1.853047 -0.1648064 0.8354128 1.920974 -0.1739225 0.8381839 1.906482 -0.2902767 0.8827301 2.008274 -0.1922532 0.8294555 1.922542 -0.2821015 0.8684976 2.020251 -0.2822708 0.8795149 2.023708 -0.2842096 0.885118 2.015097 -0.2945392 0.8726275 2.008786 -0.2875207 0.8650626 2.012069 -0.3885988 0.9284775 2.1603 -0.3903786 0.9406187 2.169546 -0.3876928 0.9434669 2.151343 -0.3974089 0.9420959 2.148674 -0.4013002 0.9328257 2.149243 -0.4149546 0.9386094 2.186217 -0.4558919 0.9956087 2.299428 -0.4515218 1.007025 2.283332 -0.4769971 1.007821 2.307771 -0.4557101 1.009037 2.310322 -0.465037 0.9955472 2.29723 -0.4663382 1.013866 2.295528 -0.4706379 0.9856883 2.331529 -0.4763006 1.003726 2.340737 -0.4737331 0.9584459 2.385733 -0.4763783 0.9412744 2.385888 -0.4897175 0.9565571 2.387136 -0.4926915 0.940426 2.386946 -0.5098052 0.9142854 2.464621 -0.5254104 0.9159638 2.458422 -0.5160852 0.9007667 2.454253 -0.4422485 0.2011622 0.757519 -0.4391556 0.2102726 0.7439618 -0.4471609 0.193219 0.7419114 -0.5457937 0.2533852 0.7481568 -0.597934 0.2633156 0.7739025 -0.5667742 0.2638201 0.7714807 -0.5747911 0.2729087 0.7650938 -0.5780367 0.257613 0.7556052 -0.646317 0.2946121 0.7985954 -0.6285552 0.3020523 0.79245 -0.6502026 0.3065406 0.7831037 -0.6507139 0.2952135 0.7822089 -0.6497405 0.2902258 0.7900828 -0.6677412 0.3043803 0.7965273 -0.7382389 0.2570877 0.7916536 -0.741919 0.2667335 0.7928307 -0.7398448 0.2731372 0.7844676 -0.7411055 0.268639 0.775556 -0.7394835 0.2583878 0.774382 -0.7353929 0.253885 0.7827535 -0.8567116 0.2443378 0.8055446 -0.8688325 0.2488679 0.7997788 -0.8631196 0.24515 0.7892025 -0.8637476 0.2308177 0.792087 -0.945656 0.2306929 0.8282613 -0.9448138 0.2417975 0.828821 -0.9533486 0.2454253 0.8219018 -0.9524068 0.2419965 0.812609 -0.9479403 0.2318408 0.8111543 -0.9095516 0.2295407 0.815131 -0.9535167 0.2193639 0.8185358 -1.00498 0.1798037 0.8231934 -0.9994761 0.1673838 0.8169806 -1.008817 0.1850841 0.8154571 -1.001002 0.1807342 0.8037245 -1.073709 0.1464889 0.8187103 -1.069163 0.1388524 0.8043583 -1.064198 0.1308888 0.8199049 0.2302677 0.1111386 0.650592 0.2444555 0.1083692 0.6306905 0.2319571 0.1186519 0.6112467 0.2084453 0.1263844 0.629903 0.2493274 0.1834949 0.6607171 0.2543238 0.1933766 0.6298668 0.2666206 0.1757914 0.6609258 0.2702533 0.1832668 0.6294606 0.3042552 0.2178936 0.6617619 0.2800718 0.2485177 0.6665409 0.2875412 0.2463573 0.6827998 0.3042986 0.2385109 0.6830998 0.3086515 0.2486615 0.6543045 0.2894291 0.2500107 0.6525071 0.3125607 0.2652947 0.6696859 0.2832463 0.3183351 0.6776183 0.2663401 0.3187277 0.675992 0.2686602 0.3188627 0.6475926 0.259418 0.3182349 0.6613081 0.2886222 0.3571345 0.6630761 0.2806073 0.3684012 0.6492053 0.260921 0.3905683 0.6767563 0.2747816 0.3967432 0.6791476 0.254267 0.3912814 0.6638219 0.2555938 0.4039868 0.6543428 0.2670276 0.4181309 0.6749539 0.2659706 0.4160581 0.6602196 0.2003492 0.444598 0.7154088 0.2102169 0.4542447 0.7200829 0.209411 0.4614607 0.6967459 0.1967168 0.4428097 0.7019724 0.1891601 0.5012578 0.7367025 0.1691868 0.502002 0.7276291 0.1788735 0.5128531 0.7602768 0.1603832 0.5110104 0.7498635 0.1622469 0.5275719 0.7740959 0.1700237 0.5429247 0.7581672 0.1598017 0.6159243 0.8295561 0.1414448 0.6127974 0.8290713 0.1566024 0.6067766 0.8392845 0.2860574 0.2558614 0.6769776 0.2867852 0.2374165 0.6777774 0.2953492 0.23083 0.6667069 0.3037508 0.2389104 0.6545396 0.3029688 0.2551356 0.6541255 0.3909887 0.2702899 0.7385804 0.4024288 0.2423889 0.7466451 0.4303339 0.2555457 0.7579344 0.4026514 0.2673451 0.7675655 0.4069972 0.2533143 0.7701383 0.4192368 0.2687531 0.7490808 0.4840596 0.2877339 0.8544159 0.5044336 0.2904694 0.8460095 0.4939404 0.2785453 0.8655345 0.5266906 0.3044303 0.8952462 0.5356244 0.2843211 0.9055292 0.5200307 0.2834554 0.8664179 0.5687828 0.3191826 0.981078 0.5709756 0.3083183 0.9828844 0.5848026 0.3158475 0.9727339 0.2596046 0.404427 0.6777115 0.272698 0.3906282 0.6789204 0.2760414 0.3845804 0.6667309 0.2699577 0.3885782 0.6541334 0.2603075 0.3988326 0.6535596 0.3174058 0.4619977 0.6551895 0.3372471 0.4726006 0.6641934 0.3885319 0.5013508 0.6509346 0.3911328 0.51301 0.6407293 0.37274 0.4936369 0.6623396 0.384112 0.5228254 0.6414932 0.4029266 0.5520027 0.6566208 0.4114481 0.5533085 0.6675105 0.4668774 0.6028838 0.678409 0.4709398 0.6017206 0.6686849 0.4557571 0.6127991 0.6749384 0.3176462 -0.04314851 1.069674 0.326755 -0.05361378 1.055108 0.3232734 -0.03394877 1.052693 0.3905741 -0.03282171 1.099225 0.3888723 -0.01867896 1.095711 0.3970417 -0.03516578 1.086266 0.395156 -0.02151638 1.083454 -0.4005638 0.05626803 0.779044 -0.3677403 0.04517054 0.7780401 -0.3458155 0.06027328 0.7622693 -0.3506696 0.08846873 0.7446158 -0.383921 0.09978246 0.7455072 -0.4054696 0.08476901 0.761091 -0.3626556 0.1525368 0.9171909 -0.3217284 0.133232 0.8680207 -0.3545023 0.1722365 0.8596789 -0.3304398 0.1754539 0.9731572 -0.3187131 0.2041863 0.9344193 -0.3585137 0.2176843 0.9805077 -0.3071679 0.259656 1.099152 -0.3323706 0.2954485 1.110258 -0.3136262 0.2904441 1.119166 -0.346406 0.2678816 1.13895 -0.3271297 0.263493 1.146951 -0.3529776 0.3011035 1.179668 -0.3519334 0.2893252 1.220353 -0.3349393 0.2890826 1.23709 -0.3202959 0.299498 1.228488 -0.3244661 0.3158165 1.220624 -0.3415375 0.3212377 1.21764 -0.3417595 0.3281511 1.268607 -0.3476071 0.3371365 1.254825 -0.3191825 0.3361884 1.274686 -0.3000697 0.3563227 1.264726 -0.3148112 0.3457893 1.246798 -0.3257651 0.358706 1.246558 -0.3087304 0.3989639 1.286528 -0.2886367 0.4081509 1.291393 -0.2881647 0.4094524 1.264184 -0.2972705 0.450824 1.292007 -0.2829183 0.4984859 1.33111 -0.2628082 0.5020509 1.324776 -0.2792363 0.5075333 1.312224 -0.2674738 0.5149799 1.319067 -0.2720646 0.5165574 1.343153 -0.2932144 0.6031171 1.380074 -0.2790912 0.600524 1.386702 -0.2846614 0.6082221 1.372291 -0.5932652 -0.005778849 0.8301157 -0.5770675 0.02043515 0.829359 -0.5689198 0.03068655 0.8052004 -0.575705 0.01655507 0.7800825 -0.590546 -0.007674157 0.7784209 -0.5989548 -0.01839625 0.8029103 -0.6972701 0.09017479 0.7732288 -0.7177504 0.1141343 0.7967578 -0.7867376 0.1050518 0.81947 -0.7810986 0.1030326 0.7773039 -0.8487899 0.1652991 0.8225578 -0.8815187 0.145391 0.8059151 -0.8737064 0.1909655 0.8089902 -0.8770891 0.1812786 0.7902523 -0.9125986 0.1760296 0.7959647 -0.8937687 0.1658452 0.8289685 -0.9343685 0.1856922 0.845944 -0.9453726 0.1958481 0.8337262 -0.9507139 0.1896365 0.81641 -0.9365028 0.1591643 0.8248177 -0.9421751 0.1596351 0.8475702 -1.008776 0.1231402 0.8554771 -1.013069 0.1276071 0.8945012 -1.024862 0.1343032 0.8845538 -1.026043 0.1302497 0.8683961 -1.028774 0.09814584 0.8832194 -1.015676 0.1094068 0.8952338 -1.101968 0.08890479 0.9223254 -1.207891 0.05727088 1.030778 -1.209091 0.06759798 1.032857 -1.220159 0.06713902 1.018876 -1.214642 0.07323348 1.027889 -0.7122414 -0.1988636 1.031431 -0.7264623 -0.2119094 1.031274 -0.7244418 -0.227078 1.021117 -0.7079256 -0.2305294 1.010235 -0.6951088 -0.2174878 1.011114 -0.6971113 -0.2022526 1.021272 -0.6373057 -0.2923654 1.179377 -0.6482121 -0.3005738 1.177886 -0.6474992 -0.3114483 1.169574 -0.6247807 -0.3062211 1.164744 -0.6244388 -0.2973945 1.176318 -0.6332243 -0.3232607 1.177315 -0.6423112 -0.3354669 1.222214 -0.657898 -0.3413654 1.215816 -0.6541036 -0.3453974 1.205086 -0.6360709 -0.3530744 1.213788 -0.653988 -0.3615276 1.207893 -0.65002 -0.3582054 1.22724 -0.7239147 -0.4032924 1.22031 -0.7124518 -0.4139718 1.223636 -0.7170102 -0.4047707 1.236518 -0.325336 0.3277831 1.25477 -0.3509059 0.3258063 1.238615 -0.3277216 0.3028597 1.233322 -0.3861533 0.2541176 1.341923 -0.3966323 0.239165 1.323074 -0.3730519 0.2330564 1.332817 -0.3735734 0.2460767 1.341499 -0.3953592 0.2542541 1.32868 -0.3857395 0.229244 1.325364 -0.4395645 0.207386 1.430613 -0.4485582 0.215209 1.428019 -0.4583221 0.2127067 1.420716 -0.4550398 0.2035883 1.410336 -0.4474458 0.1946342 1.414436 -0.4383147 0.1966244 1.422491 -0.485659 0.1599612 1.459959 -0.4955514 0.1581333 1.442443 -0.4782964 0.148812 1.444807 -0.5223023 0.07513511 1.463485 -0.5360635 0.08283036 1.460665 -0.5270292 0.07482308 1.448948 -0.9183107 0.1823704 0.8412186 -0.9040076 0.1841167 0.808107 -0.9363176 0.1701165 0.8162963 -0.9739395 0.2817913 0.8187505 -0.9510074 0.291283 0.804546 -0.9730256 0.2797725 0.790215 -0.961458 0.2925479 0.8184463 -0.9598317 0.2895596 0.7900921 -0.9809187 0.2764696 0.8047344 -1.045356 0.3834996 0.8087763 -1.025752 0.3665225 0.7991221 -1.030168 0.3613834 0.7875059 -1.048511 0.3517016 0.7996358 -1.057863 0.3838613 0.80811 -1.056741 0.3816094 0.7854228 -1.039634 0.4175083 0.785447 -1.062692 0.4155562 0.7918854 -1.041405 0.4979679 0.7899185 -1.029597 0.4957562 0.7781624 -1.047382 0.4957496 0.7736209 -0.9182559 -0.233033 1.06601 -0.9411872 -0.2225191 1.064614 -0.9340163 -0.2363817 1.051283 -0.9713094 -0.3103254 1.13587 -0.9828097 -0.3137657 1.123828 -0.9673467 -0.3217301 1.123615 -0.6491066 -0.3225684 1.205763 -0.6405963 -0.34178 1.204633 -0.6312773 -0.3233732 1.19408 -0.5681747 -0.3054554 1.29165 -0.5815176 -0.3004983 1.29935 -0.5765012 -0.316296 1.299751 -0.463512 0.179917 1.440157 -0.4532632 0.1972108 1.428584 -0.4714304 0.1951836 1.427793 -0.4658367 0.260451 1.534144 -0.4818484 0.258027 1.533932 -0.4755944 0.2701483 1.525696 -1.041062 0.3676343 0.8038029 -1.042994 0.3906389 0.8018916 -1.048274 0.3746895 0.7857661 -1.148475 0.3734606 0.847395 -1.154199 0.3809286 0.8333651 -1.153298 0.3644604 0.8334615 0.4156608 -0.4526842 0.8195416 0.4108201 -0.481299 0.8199914 0.4070879 -0.4950529 0.7947624 0.4081252 -0.4809819 0.7702085 0.4129744 -0.4522991 0.7697107 0.4166951 -0.4395906 0.7979905 0.5751457 -0.4694125 0.7887111 0.6793237 -0.5068101 0.8151966 0.6546519 -0.5257259 0.8134281 0.6719725 -0.5412613 0.7949604 0.6792901 -0.5309376 0.7747903 0.6761821 -0.5063101 0.7738386 0.7708188 -0.5150189 0.8113322 0.769442 -0.5253037 0.8333085 0.8003 -0.5618072 0.8390558 0.7600676 -0.5561037 0.8136819 0.7689257 -0.5475805 0.7959283 0.7918589 -0.5319346 0.7999727 0.8256744 -0.5674387 0.8378684 0.8061592 -0.5889902 0.8174929 0.8123284 -0.5780049 0.8015583 0.8403168 -0.5652742 0.8210205 0.8383301 -0.5875019 0.7998778 0.8619551 -0.6720971 0.8198316 0.8446965 -0.6778212 0.8195642 0.8420556 -0.6928307 0.8017054 0.8486186 -0.684767 0.7866365 0.9069717 -0.7440879 0.7859042 0.8741658 -0.6740731 0.8046352 0.899833 -0.7622202 0.8145141 0.923634 -0.7528198 0.8020839 0.9347582 -0.7957851 0.8194647 0.9132896 -0.8098922 0.8064451 0.9227523 -0.8176323 0.7952168 0.9160318 -0.8220103 0.824826 0.9362894 -0.8277041 0.8025883 0.9407464 -0.8240125 0.8159967 0.9011566 -0.9295206 0.8718177 0.8891822 -0.9183116 0.8649938 0.8837738 -0.9312276 0.8581512 0.9039924 -0.9335296 0.8496434 0.9092155 -0.9258853 0.8589142 0.8917502 -0.9497188 0.8565783 0.8947639 -1.040817 0.9259127 0.9129778 -1.041186 0.9238989 0.9057943 -1.047869 0.9118844 0.7914 -0.5543946 0.8349874 0.8119322 -0.5773519 0.8239036 0.8164893 -0.562512 0.803229 0.8012549 -0.5411121 0.8072524 0.8860996 -0.5183731 0.8867052 0.8862954 -0.4873104 0.877502 0.8905783 -0.4961855 0.8950629 0.9046549 -0.5185016 0.8777169 0.9012766 -0.4894406 0.8663499 0.9694431 -0.4871896 0.9020419 0.9655961 -0.4712754 0.931846 0.9967066 -0.4827994 0.9552486 0.9796272 -0.4976804 0.9218028 1.007645 -0.455101 0.9429602 0.9912862 -0.4573078 0.9692533 1.012724 -0.4710425 0.963826 1.019023 -0.4591028 0.9568261 0.9945682 -0.4492424 0.9571508 1.012829 -0.4012911 1.048937 0.9935806 -0.3904832 1.053489 1.001416 -0.4001141 1.055721 1.01656 -0.3907743 1.042995 0.9963355 -0.3821029 1.044428 1.012842 -0.3747708 1.051622 1.054275 -0.3396434 1.146344 1.045808 -0.3245381 1.140626 1.03977 -0.3388844 1.151626 0.925158 -0.8044784 0.822121 0.9199978 -0.8119955 0.7996975 0.9232333 -0.7861919 0.8032344 1.03922 -0.8038704 0.7950237 1.034236 -0.8212586 0.7851845 1.037528 -0.8038291 0.7744678 1.036641 -0.8157781 0.7954496 1.037393 -0.8161178 0.7745108 1.042248 -0.7987515 0.7842881 1.147205 -0.8503525 0.7801297 1.15174 -0.8344029 0.7820315 1.149789 -0.8373984 0.7683141 0.9965465 -0.4648885 0.9619397 0.9866164 -0.4812682 0.9416345 1.003491 -0.4594671 0.9377121 1.093129 -0.5516282 0.9690743 1.097998 -0.5551614 0.9478455 1.105266 -0.5370586 0.9581765 1.100392 -0.5411638 0.9691851 1.094827 -0.5604593 0.9590442 1.106872 -0.5459499 0.9482032 1.201461 -0.6250386 0.9898279 1.205468 -0.6239815 0.9752708 1.211468 -0.6107705 0.9871852 -0.0263735 0.6390817 0.7927877 -0.02178454 0.6276514 0.792259 -0.01520812 0.6354657 0.7782815 0.05983418 0.6759207 0.8434267 0.06405621 0.6570959 0.8420461 0.1016457 0.689361 0.8647267 0.09870386 0.6919595 0.8869776 0.1340772 0.6986625 0.9161753 0.1266376 0.6938433 0.8870753 0.1704747 0.7177135 0.9467459 0.1686679 0.7406051 0.9530636 0.1963155 0.7615102 1.001322 0.2213637 0.768146 1.006794 0.217542 0.7770751 1.00659 0.2384247 0.7927977 1.070341 0.2750856 0.8217451 1.115832 0.2727116 0.8484094 1.130863 0.2707363 0.8394443 1.140029 0.2848277 0.8384241 1.125854 0.2858773 0.8524136 1.13553 0.2773863 0.8450449 1.169443 0.2748997 0.8610652 1.182385 0.26365 0.8580497 1.168788 0.2188748 0.8486278 1.221303 0.233554 0.8485496 1.231491 0.2256281 0.8626467 1.225481 -0.1040574 0.7994701 0.7898209 -0.09967935 0.8168574 0.7854156 -0.1057174 0.8133338 0.7746998 -0.1090836 0.8013446 0.7769669 -0.167788 0.8351428 0.8206676 -0.1787173 0.8231825 0.8139511 -0.204806 0.8554247 0.8288056 -0.2211202 0.8462933 0.8247732 -0.2619978 0.8731308 0.8693119 -0.2572273 0.8817438 0.8683606 -0.2689456 0.8705701 0.8620375 -0.2438287 0.8717548 0.84133 -0.3339161 0.9434286 0.912082 -0.3421075 0.9372791 0.9157485 -0.3655495 0.9699053 0.9676465 -0.3576727 0.9758558 0.9641911 -0.3710503 0.9656758 0.9590518 -0.366162 0.991321 0.9666633 -0.4188489 1.049734 1.03376 -0.4022927 1.048248 1.04424 -0.4153469 1.037687 1.046076 -0.01414895 1.084722 0.7764106 -0.004096806 1.069935 0.7805024 -0.009222447 1.074712 0.7637646 0.07190346 1.131126 0.7720794 0.08163899 1.119539 0.7632178 0.07103335 1.130539 0.754792 0.07849353 1.124045 0.7721462 0.07767242 1.123392 0.7548275 0.06793695 1.134971 0.763628 0.1410412 1.200865 0.7687681 0.1353232 1.205106 0.7520828 0.1270095 1.212071 0.7649815 0.2733212 0.8538418 1.161941 0.2783033 0.8415052 1.158929 0.2801519 0.8460441 1.145819 0.2750926 0.8584129 1.149087 0.3626367 0.8880734 1.182322 0.3662227 0.8753613 1.185196 0.370392 0.8728698 1.172371 0.3668732 0.8857073 1.169074 -0.1928144 -0.1332202 0.8553892 -0.196407 -0.145631 0.8568288 -0.1874428 -0.1513339 0.849278 -0.1812506 -0.1374899 0.8459626 -0.09647822 -0.1579891 0.9834477 -0.08892786 -0.1590169 0.9647749 -0.09375697 -0.1432409 0.9700843 -0.1002624 -0.1468123 0.9758571 -0.09090149 -0.163263 0.9771897 -0.08533632 -0.1489062 0.9670239 -0.09293103 -0.1589421 1.014681 -0.07513785 -0.1688871 1.006327 -0.08189588 -0.1562378 1.016026 -0.09662681 -0.1745775 1.014165 -0.08042174 -0.1692313 1.025139 -0.1536842 -0.2178786 1.116785 -0.159277 -0.2348544 1.10989 -0.1431157 -0.2319375 1.117796 -0.1556812 -0.2363436 1.160503 -0.1593864 -0.2533411 1.156318 -0.1440622 -0.2414752 1.153019 -0.1197479 -0.2582995 1.208348 -0.1432446 -0.2537289 1.159269 -0.1043293 -0.2549408 1.197148 -0.1102361 -0.2442851 1.204558 -0.06994402 -0.2767012 1.292246 -0.07261258 -0.2861917 1.290103 -0.06703257 -0.2909228 1.282364 -0.05675107 -0.2887664 1.283428 -0.0589928 -0.275636 1.275553 -0.06136167 -0.2729039 1.289016 -0.01131206 -0.3448294 1.448476 -0.0234121 -0.3388465 1.453874 -0.03070652 -0.3509879 1.450651 -0.01875394 -0.3571903 1.445196 -0.09005069 -0.1507787 1.000296 -0.08480823 -0.1665211 1.003411 -0.08257246 -0.1599285 0.986501 -0.01244133 -0.1288182 1.027341 -0.003200411 -0.135748 1.013251 -0.008810579 -0.1187999 1.012617 0.06838333 -0.1120388 1.05866 0.07804131 -0.119574 1.060457 0.07230806 -0.1105675 1.041724 0.07266646 -0.1053098 1.050921 0.0819115 -0.1211099 1.045754 0.1329097 -0.05294102 1.057314 0.1386715 -0.06876021 1.049642 0.1357025 -0.04603326 1.04325 0.1581982 -0.04517269 1.057549 0.177793 -0.03328925 1.04062 0.2178384 -0.02064377 1.055262 0.2435706 0.005364716 1.069718 0.2182961 -0.001454889 1.051687 0.2788217 0.005381584 1.079299 0.3874503 0.03892338 1.095716 0.384564 0.04851037 1.095473 0.3805299 0.05264496 1.103714 0.3843194 0.0337013 1.10997 -0.1521753 -0.2477022 1.14538 -0.1574728 -0.229145 1.139919 -0.1570876 -0.2417992 1.130555 -0.2547595 -0.2554733 1.173139 -0.272535 -0.2596492 1.160495 -0.263357 -0.2683696 1.176616 -0.2729039 -0.2710962 1.161587 -0.2994697 -0.2668155 1.180198 -0.2946602 -0.2861389 1.179799 -0.3760522 -0.3089646 1.221266 -0.3880264 -0.3275606 1.236737 -0.3996784 -0.3209557 1.221474 -0.373861 -0.3273669 1.213045 -0.4002032 -0.3083697 1.24218 -0.4117736 -0.325562 1.241573 -0.4349849 -0.2796989 1.295686 -0.4448589 -0.2752793 1.284701 -0.4475888 -0.2927035 1.29233 0.07288414 -0.1070453 1.056038 0.06875115 -0.1179678 1.047708 0.08505654 -0.1107145 1.045279 0.1254597 -0.2018558 1.129342 0.1301281 -0.1991111 1.158065 0.1439376 -0.2154065 1.154107 0.1373804 -0.2313357 1.180698 0.1444361 -0.2052759 1.157859 0.1840135 -0.2764564 1.286586 0.1752908 -0.283095 1.286362 0.1831529 -0.2924911 1.27804 0.1925306 -0.2812514 1.28054 -0.3903337 -0.3188702 1.239292 -0.3988056 -0.316237 1.224463 -0.3820059 -0.321788 1.224191 -0.4073173 -0.3988328 1.234806 -0.4242375 -0.39324 1.235262 -0.4158622 -0.3961731 1.220195 0.6603151 0.03735673 1.007115 0.6743646 0.04520392 1.003732 0.6656407 0.05165433 0.9978391 0.6585088 0.1131234 1.113156 0.6497966 0.1148319 1.119349 0.6478862 0.08300393 1.054709 0.6652132 0.131678 1.128451 0.6500363 0.1360381 1.12528 0.6500043 0.1434684 1.153563 0.6816027 0.183607 1.269433 0.6897025 0.1829988 1.263466 0.6619746 0.140838 1.131111 0.6815152 0.1974151 1.253722 0.7115846 0.2131779 1.33828 0.694633 0.2138463 1.34224 0.7068788 0.2006436 1.342535 0.910898 -0.1237524 1.12858 0.9250833 -0.1208774 1.117531 0.9114932 -0.1094111 1.117722 0.94705 -0.06788319 1.189348 0.9607454 -0.07955521 1.189242 0.9616538 -0.06561738 1.17848 -0.5240761 0.6177682 1.18723 -0.5122442 0.6010789 1.18768 -0.5091718 0.6151553 1.179765 -0.4652738 0.6546019 1.291531 -0.4446157 0.6581748 1.315291 -0.4565246 0.6549866 1.269269 -0.4619248 0.6637024 1.288013 -0.4153727 0.7117325 1.378578 -0.4149774 0.7080057 1.41191 -0.4271262 0.7252765 1.420359 -0.4216846 0.7304508 1.466212 -0.4026951 0.7416919 1.486576 -0.4070274 0.7468503 1.464227 -0.3964877 0.7653068 1.509973 -0.3867465 0.7689067 1.491837 -0.3997474 0.7741203 1.498733 -0.3097502 0.8252893 1.521892 -0.3232751 0.8351677 1.528115 -0.3136235 0.8314833 1.531198 -0.3071193 0.8348073 1.515391 -0.3171555 0.8373404 1.511796 -0.3196825 0.8456839 1.522139 -0.2713803 0.9264669 1.576861 -0.2561815 0.9224745 1.567428 -0.2714393 0.9333581 1.563215 -0.7277263 0.6091804 1.252666 -0.7254039 0.6210389 1.239099 -0.7404241 0.6127914 1.241524 -0.7695134 0.6954799 1.320431 -0.757553 0.7060115 1.313525 -0.7777932 0.7328326 1.3491 -0.7660258 0.7127608 1.310072 -0.8082649 0.7678659 1.362028 -0.8124377 0.7590554 1.367954 -0.8253445 0.7853808 1.410305 -0.8546916 0.8604375 1.480735 -0.8210563 0.8004024 1.397478 -0.8682585 0.855916 1.477565 -0.8582846 0.8457995 1.490241 -0.3960215 0.7499724 1.491269 -0.404069 0.764168 1.488892 -0.409105 0.7518094 1.481629 -0.4613298 0.7373943 1.572895 -0.4731829 0.7290318 1.563121 -0.4635399 0.7222757 1.569306 -0.4603258 0.7286555 1.575717 -0.4685181 0.7399098 1.568075 -0.5310543 0.74146 1.652338 -0.5304903 0.7249866 1.65285 -0.5204292 0.7371804 1.659972 -0.4787737 -0.5284118 1.098782 -0.4710478 -0.5370547 1.090612 -0.4663732 -0.5197574 1.094161 -0.3951679 -0.5684313 1.2259 -0.3939989 -0.5859915 1.22586 -0.3797647 -0.5779895 1.223213 -0.3859487 -0.5858414 1.221969 -0.3843216 -0.5701304 1.226659 -0.390765 -0.5864173 1.249387 -0.3327574 -0.6542557 1.427111 -0.3386806 -0.6611832 1.424103 -0.3254995 -0.670062 1.419539 -0.3237228 -0.6541798 1.423801 -0.3347494 -0.6704111 1.423562 -0.3196195 -0.6638966 1.424383 -0.3341271 -0.7240074 1.606801 -0.3272571 -0.7388648 1.601338 -0.317219 -0.7260216 1.606064 -0.8380941 -0.5926057 1.244882 -0.8545024 -0.5856631 1.240756 -0.8445585 -0.5905749 1.228027 -0.8916125 -0.6867191 1.250997 -0.8920751 -0.687816 1.233713 -0.8785256 -0.6942563 1.242414 -0.8839294 -0.6933874 1.251277 -0.896529 -0.6849894 1.242429 -0.8834145 -0.6925335 1.233912 -0.954168 -0.7758329 1.25056 -0.9391903 -0.7855826 1.246664 -0.9464836 -0.7791814 1.263337 -0.57502 0.3155744 1.214512 -0.5737206 0.2943313 1.214163 -0.5622007 0.2853769 1.201339 -0.5515669 0.2952607 1.188494 -0.5626925 0.3241641 1.199572 -0.5174053 0.3164455 1.260399 -0.5004249 0.3170092 1.236372 -0.4671899 0.3172944 1.307025 -0.4806752 0.300572 1.274335 -0.4614341 0.3131148 1.276177 -0.4772833 0.3336614 1.279713 -0.4522608 0.3438517 1.331341 -0.4332859 0.346527 1.319799 -0.4331946 0.3335157 1.340052 -0.423491 0.3456402 1.340898 -0.4392825 0.3594152 1.338895 -0.4291304 0.372176 1.393713 -0.4171342 0.3713223 1.390786 -0.4181849 0.3844313 1.382757 -0.4330995 0.3829447 1.387918 0.3218998 0.8441983 1.662253 0.3310528 0.8154788 1.65818 0.3325512 0.8040806 1.638488 0.3255292 0.8162533 1.614706 0.3168202 0.8416338 1.613545 0.3149687 0.8556964 1.637538 0.4086059 0.845591 1.606477 0.4265135 0.8785372 1.647669 0.4130978 0.8339706 1.628246 0.4606752 0.8935998 1.60933 0.4882969 0.9171276 1.631356 0.5153796 0.895523 1.653295 0.5352251 0.8947979 1.637 0.5393509 0.9092754 1.620596 0.5666437 0.9516462 1.664495 0.5777484 0.9587514 1.634055 0.6100928 0.9604029 1.676238 0.618814 0.998494 1.669077 0.6436885 0.9754575 1.672733 0.6587017 0.9973041 1.667318 0.6575108 1.021253 1.702384 0.7116489 1.070353 1.706935 0.7181913 1.063939 1.734104 0.7273778 1.064951 1.727008 0.7113524 1.084617 1.725272 0.7218501 1.085125 1.744506 0.738704 1.082408 1.726863 0.7445339 1.093185 1.74656 0.7445772 1.068182 1.751779 0.7699805 1.060144 1.792399 0.7817958 1.059378 1.781385 0.7777506 1.076214 1.789112 0.7183635 1.07847 1.742611 0.7390207 1.078959 1.743472 0.7284983 1.079008 1.723178 0.7180576 1.156647 1.74193 0.7362806 1.157095 1.741768 0.7273871 1.157103 1.726658 0.5278189 -0.4935303 0.9109467 0.4997707 -0.5017309 0.8885834 0.5101143 -0.5014963 0.8680507 0.5332615 -0.4964771 0.8684509 0.5447538 -0.4920722 0.8889631 0.5360549 -0.6008495 0.9165084 0.5587508 -0.5689934 0.8955709 0.5469931 -0.5629447 0.9130081 0.5449581 -0.6566763 0.9132912 0.569743 -0.6458761 0.896225 0.5477605 -0.6338679 0.8918768 0.5762096 -0.6616753 0.9354053 0.5893596 -0.6735281 0.9255273 0.5925366 -0.730538 0.9634676 0.593133 -0.7360706 0.9376751 0.6076332 -0.725297 0.9632454 0.5857603 -0.7336488 0.9500957 0.6096994 -0.734615 0.9388228 0.6166958 -0.7324022 0.9522609 0.5792192 -0.8174323 0.957695 0.5668541 -0.8175858 0.9562878 0.5628832 -0.8107345 0.9455356 0.5744452 -0.7895048 0.9361088 0.5814745 -0.8203416 0.9365622 0.586362 -0.8178678 0.9473261 0.5716122 -0.863454 0.9415417 0.5735436 -0.9226626 0.9653952 0.5848476 -0.9236578 0.9543848 0.5883778 -0.9203897 0.97025 0.594819 -0.4563345 1.020693 0.6031396 -0.4261914 1.009779 0.5864695 -0.4236793 0.9991832 0.5729519 -0.4385661 0.999374 0.5760325 -0.4546824 1.009472 0.5522239 -0.3962214 1.11137 0.5358422 -0.4033157 1.124087 0.5400517 -0.375298 1.124114 0.5163915 -0.3852419 1.11544 0.5262745 -0.3731281 1.117602 0.5202592 -0.3992255 1.121588 0.4842658 -0.3516342 1.234853 0.4790014 -0.325865 1.304774 0.5034627 -0.3451193 1.238674 0.500371 -0.3338758 1.236097 0.475241 -0.3089687 1.298005 0.4807645 -0.3388966 1.23565 0.4913496 -0.3142395 1.302339 0.5916091 -0.72458 0.9575742 0.5906915 -0.7382395 0.9576468 0.5982422 -0.7453618 0.9486503 0.6063192 -0.7390463 0.9400147 0.6072636 -0.7253581 0.9399126 0.5996688 -0.7182315 0.9489529 0.7254622 -0.7548835 1.092919 0.6834427 -0.7484122 1.042321 0.6909188 -0.754382 1.038283 0.7049056 -0.7464725 1.038436 0.6944855 -0.7346826 1.040396 0.7202762 -0.7680484 1.091883 0.7329059 -0.7648153 1.08425 0.8609347 -0.5223876 1.127958 0.8420296 -0.5305925 1.126108 0.8487312 -0.5277299 1.108065 0.8895751 -0.5907866 1.114976 0.8814051 -0.5942829 1.130535 0.873333 -0.5978338 1.114715 0.02901154 -0.3307062 0.8843463 0.01911687 -0.3493202 0.8846013 0.01823496 -0.3603976 0.8668488 0.02660036 -0.35397 0.8491843 0.03669381 -0.3347787 0.849281 0.03758633 -0.3236559 0.86704 0.1173195 -0.3987892 0.9099496 0.143988 -0.3828301 0.8986169 0.1322669 -0.3872166 0.9133124 0.1183963 -0.4095982 0.896467 0.1272298 -0.3828495 0.8776533 0.1345096 -0.4107173 0.8863053 0.1496809 -0.4132005 0.9002032 0.1376267 -0.4418386 0.9447435 0.1090631 -0.4428431 0.9450091 0.1126254 -0.4997363 0.9707105 0.1260769 -0.5068185 0.9660437 0.1387525 -0.4815337 0.9544616 0.1262071 -0.482954 0.9847267 0.1136419 -0.4873327 0.9792284 0.139214 -0.4901607 0.9829191 0.1292061 -0.508732 0.9924415 0.08613252 -0.5088552 1.022597 0.09782707 -0.4931684 1.034468 0.08842349 -0.4835532 1.031675 0.07462781 -0.4919144 1.02388 0.09509253 -0.5057119 1.031885 0.05214929 -0.5142918 1.071895 0.0519405 -0.5045956 1.077574 0.05637109 -0.5241271 1.078279 0.06337207 -0.5224909 1.087602 0.06412899 -0.5123184 1.093227 0.05486637 -0.5033376 1.08837 -0.005020439 -0.5171284 1.084561 -8.2063e-4 -0.5286598 1.096358 -0.001092493 -0.5118495 1.101951 0.129954 -0.4030804 0.9194614 0.1310344 -0.4181123 0.9015459 0.1297057 -0.4088391 0.8859044 0.1280065 -0.3917647 0.8862745 0.1272868 -0.3806098 0.9005882 0.2215286 -0.3849235 0.9128409 0.2216448 -0.4003705 0.9128132 0.2217958 -0.4082048 0.9001028 0.2044104 -0.3854567 0.8860432 0.2380959 -0.4033212 0.8893926 0.2464475 -0.3837288 0.9036934 0.3086564 -0.410012 0.9067542 0.342133 -0.4205906 0.9283735 0.3408615 -0.4283012 0.9392563 0.3347144 -0.4383566 0.9381047 0.3341624 -0.4435281 0.9274146 0.3401778 -0.439144 0.9184617 0.3829433 -0.4746152 0.9597632 0.3946297 -0.4690715 0.944656 0.3915822 -0.4619317 0.9606329 -0.01997005 -0.2669582 1.004377 -0.03451871 -0.2670103 1.004465 -0.04072248 -0.2832873 0.9921036 -0.01969236 -0.2869355 0.9891743 -0.01262569 -0.2770172 0.9966604 -0.03820693 -0.335518 1.074491 -0.03214228 -0.3419513 1.065489 -0.03219217 -0.3283534 1.083251 -0.02018904 -0.3462183 1.072863 -0.02026355 -0.3278344 1.082854 -0.01453429 -0.3396627 1.082216 -0.02448564 -0.3809265 1.175754 -0.03672772 -0.3834323 1.174278 -0.03344684 -0.3947488 1.168275 -0.0205022 -0.3919456 1.169884 0.1280563 -0.4874705 0.9914968 0.1173377 -0.4972397 0.9913024 0.1133869 -0.50339 0.9783688 0.1200399 -0.4998493 0.9658226 0.1308017 -0.4901239 0.9655783 0.1348046 -0.483857 0.9787728 0.2302151 -0.6230764 1.027413 0.1885191 -0.5785609 1.009782 0.2064217 -0.573114 1.001436 0.1879506 -0.5875054 1.001311 0.2241364 -0.6330823 1.011522 0.2051264 -0.5813877 0.9929183 0.2151348 -0.6308085 1.028536 0.2320778 -0.6261085 1.017797 0.04719817 -0.5092871 1.086363 0.05891549 -0.5233807 1.074931 0.06342774 -0.503465 1.076596 0.09180867 -0.5345455 1.12687 0.09833192 -0.5177916 1.126402 0.08333545 -0.5218839 1.135721 -0.4557412 0.2435227 1.647595 -0.4639173 0.2533575 1.647229 -0.4723346 0.2442595 1.63723 -0.4602253 0.2349027 1.640385 -0.5253314 0.210406 1.728438 -0.5233136 0.1932211 1.725902 -0.5180479 0.2101117 1.735897 -0.5287657 0.201792 1.725203 -0.514526 0.1938209 1.730787 -0.5250634 0.1960986 1.759551 -0.5895994 0.1789668 1.845299 -0.5766865 0.188417 1.85255 -0.5866392 0.1877794 1.850359 -0.5851927 0.1705581 1.849277 -0.5757489 0.1710593 1.852486 -0.5739713 0.1798288 1.860666 -0.6125172 0.1796724 1.970807 -0.6179938 0.1880512 1.96999 -0.6265848 0.1702227 1.96704 -0.6278457 0.1875647 1.968148 -0.6322793 0.178605 1.967141 -0.617446 0.1707975 1.97156 -0.6333713 0.1947246 2.031901 -0.642041 0.177464 2.031539 -0.624721 0.182429 2.034574 -0.1014975 0.6703324 0.665975 -0.09437447 0.6632804 0.6659093 -0.09599471 0.656956 0.6531013 -0.1075204 0.6684811 0.6533938 -0.03022235 0.7496118 0.6128904 -0.024818 0.7261959 0.6173481 -0.02549391 0.7483056 0.6030997 -0.02442896 0.7341132 0.6070697 -0.02405798 0.7544373 0.6212036 -0.01334613 0.7514178 0.619657 -0.01146531 0.7647557 0.612284 -0.01897978 0.7738745 0.6059817 -0.05019861 0.8500005 0.6334923 -0.04615634 0.8652508 0.6467144 -0.03690046 0.8696833 0.6464585 -0.03361362 0.8760671 0.6389151 -0.04046738 0.8850262 0.6338279 -0.04900544 0.8722379 0.6311795 -0.06036931 0.9756314 0.6944822 -0.05100816 0.9790672 0.6944697 -0.07247728 1.037221 0.7205222 -0.05307674 1.03985 0.7181712 -0.060606 0.9879963 0.6800608 -0.0559042 1.031624 0.7307206 -0.02407044 0.7582006 0.6151927 -0.02076697 0.7444155 0.620288 -0.02649092 0.7509254 0.6061332 0.04259455 0.7620483 0.5989429 0.03644108 0.7476435 0.5933538 0.04548919 0.7538933 0.5983489 0.04121708 0.7535163 0.5835675 0.07296019 0.779644 0.5835238 0.1079605 0.7790209 0.5768479 0.1248448 0.7985776 0.5843058 0.1118757 0.7932342 0.5674073 0.1493625 0.8350349 0.5727984 0.160763 0.840686 0.5805422 0.1660636 0.828001 0.5710791 0.1698502 0.8411172 0.5643407 0.2105819 0.8892703 0.584126 0.2019857 0.897498 0.5723676 0.1990097 0.8970823 0.5883877 0.5269363 0.07513719 0.8393469 0.5187172 0.06577879 0.8370866 0.5216606 0.06653481 0.8223231 0.530788 0.07735013 0.8275098 0.6127014 -0.02441549 0.8419611 0.6167503 -0.009435474 0.8365195 0.6281272 -0.03233158 0.8590084 0.6203696 -0.008461952 0.8514424 0.6471217 -0.01810097 0.8629053 0.6502183 -0.03803539 0.8587026 0.6922522 -8.69672e-4 0.9001001 0.7057293 -0.006362617 0.9141375 0.7019537 -0.01546943 0.9018332 0.6602932 -0.02730792 0.8567478 0.7161908 -9.56456e-4 0.898336 0.7023138 0.003075182 0.8965051 0.7582087 -9.24464e-4 0.9353566 0.8005154 0.007967114 0.9962254 0.8096382 0.02285718 0.986114 0.8631535 0.01337075 1.046564 0.8505717 0.02718025 1.054239 0.8377742 0.009298324 1.04095 0.8624762 0.02419167 1.043102 0.8319644 0.02643716 1.028119 0.8669612 0.02584779 1.06329 0.8625729 0.03713434 1.048477 0.900776 0.08957576 1.058733 0.9075198 0.07806593 1.070216 0.9164665 0.08091795 1.05481 0.9583207 0.1266905 1.086302 0.9684641 0.1141914 1.083257 0.9646201 0.1252598 1.069899 0.6408284 -0.02531266 0.8629903 0.6255565 -0.02700376 0.8538758 0.6374937 -0.02461373 0.8445634 0.6444261 -0.1173673 0.8395481 0.657878 -0.1113503 0.8482322 0.6434553 -0.08791697 0.8596959 0.6546424 -0.1172583 0.8398427 0.6570854 -0.171052 0.8502376 0.6800897 -0.1861158 0.8616042 0.6730858 -0.194004 0.862306 0.7186299 -0.255548 0.8578354 0.7196484 -0.2487684 0.8643224 0.7004445 -0.2528469 0.8603722 0.7476789 -0.2891771 0.8863379 0.766453 -0.3285671 0.8993097 0.7507682 -0.3092936 0.8741378 0.7913521 -0.3585289 0.9087267 0.8079583 -0.3549726 0.9025762 0.857242 -0.3917558 0.9511514 0.8544511 -0.4050469 0.9396122 0.8632311 -0.3916286 0.9416044 0.5397872 0.1920284 1.038453 0.5568866 0.1960394 1.03755 0.5477637 0.1978129 1.023032 0.5353761 0.3126179 1.068291 0.5256167 0.3188492 1.054972 0.5167538 0.3127478 1.064362 0.5251973 0.3351858 1.083043 0.5458117 0.3364552 1.085332 0.5459761 0.3549422 1.083873 0.5304062 0.350243 1.086169 0.5987184 0.3499628 1.124803 0.5976649 0.3589568 1.124794 0.6179921 0.3564023 1.159766 0.6050227 0.3704995 1.143815 0.5699861 0.3484035 1.123736 0.6735821 0.385564 1.241454 0.6859993 0.3912592 1.23015 0.6724509 0.3975905 1.238773 0.5255994 0.3307889 1.083705 0.5412418 0.3406241 1.079246 0.5321589 0.3349852 1.066968 0.4960678 0.3998956 1.084849 0.498856 0.3869144 1.066462 0.4827632 0.3936952 1.076586 0.4955158 0.4114438 1.076815 0.4661486 0.4688537 1.090912 0.4657414 0.4698472 1.074285 0.4752272 0.4805017 1.075649 0.4798962 0.4859945 1.090965 0.4614133 0.4857356 1.085998 0.4876697 0.5524047 1.098054 0.4703126 0.5542662 1.095291 0.4801256 0.5502338 1.110557 0.8663845 0.02613121 1.049253 0.8489786 0.02883946 1.051644 0.855916 0.01588326 1.041919 0.8611409 -0.01845186 1.118227 0.8468047 -0.02697324 1.115104 0.8615194 -0.03248995 1.108949 0.8518948 -0.02036827 1.120861 0.8520721 -0.03335368 1.110164 0.8664324 -0.02490687 1.113235 0.881139 -0.05634957 1.188362 0.8729552 -0.07191324 1.181966 0.8895033 -0.06563591 1.180349 0.6844286 0.08370679 1.304068 0.6725127 0.0968424 1.30436 0.6696202 0.08246433 1.294384 0.648326 0.05522876 1.364729 0.6365889 0.06340801 1.362295 0.6320221 0.05339479 1.3538 0.6437593 0.04521548 1.356235 -0.4926228 -0.5762718 1.180514 -0.4945222 -0.5620994 1.179196 -0.4968395 -0.57366 1.165374 -0.5872316 -0.575745 1.207275 -0.637308 -0.5964567 1.21466 -0.580275 -0.5714793 1.190201 -0.5931929 -0.5869691 1.19145 -0.6443749 -0.5883303 1.231728 -0.652306 -0.5892912 1.212611 -0.6850285 -0.6233908 1.238206 -0.670184 -0.5860536 1.232555 -0.6966211 -0.6177492 1.224533 -0.7043693 -0.6224215 1.241229 -0.7282853 -0.719312 1.235423 -0.7321112 -0.6963767 1.236512 -0.7108938 -0.6837204 1.223044 -0.7779116 -0.7720665 1.233817 -0.7628768 -0.7600412 1.220614 -0.759626 -0.7798147 1.22965 -0.8285412 -0.8557276 1.258444 -0.827935 -0.8600899 1.24109 -0.8187367 -0.862922 1.256394 -0.6839664 -0.6141603 1.233759 -0.6709925 -0.6016372 1.23698 -0.6834964 -0.6005015 1.22387 -0.7447634 -0.5588152 1.306804 -0.7393712 -0.543572 1.2997 -0.7350216 -0.5535645 1.303674 -0.7346066 -0.5600211 1.275398 -0.7479907 -0.5624018 1.296222 -0.8131275 -0.5224257 1.355147 -0.8238219 -0.5310682 1.36059 -0.8215349 -0.5238696 1.386781 -0.8274524 -0.5397236 1.380008 -0.8751633 -0.5210526 1.450237 -0.8888145 -0.5248772 1.438896 -0.8788937 -0.5373469 1.44793 0.5349003 0.5347377 1.082961 0.5335274 0.5169395 1.087 0.5372888 0.5235851 1.070525 0.647323 0.5256906 1.112818 0.6341533 0.5101604 1.101357 0.6367169 0.5251315 1.092894 0.6420179 0.5156627 1.112028 0.6555905 0.5163047 1.097019 0.6562502 0.5313037 1.104864 0.8193468 0.5490337 1.165343 0.8112398 0.5613524 1.152934 0.8129236 0.5531327 1.172843 0.8181385 0.5660105 1.176213 0.8250684 0.5557479 1.160199 0.8357464 0.5776609 1.176129 0.909714 0.6057013 1.227682 0.9207107 0.5977729 1.213973 0.912506 0.6140683 1.215217 -0.5410592 0.6110759 1.200619 -0.530973 0.6172097 1.188659 -0.5476909 0.6119523 1.188694 -0.5737385 0.7383269 1.23172 -0.5724515 0.7357911 1.214213 -0.5794159 0.7264179 1.229035 -0.57219 0.7463104 1.225798 -0.574784 0.711689 1.207966 -0.6011245 0.7667883 1.236226 -0.6354525 0.8325529 1.270913 -0.6197306 0.8377469 1.270495 -0.6341431 0.8499654 1.261873 -0.6378109 0.8702777 1.29753 -0.6220616 0.8691109 1.292509 -0.637423 0.8786714 1.287403 -0.5957412 0.9216008 1.334296 -0.5928523 0.9089723 1.348667 -0.5834457 0.9197078 1.344804 -0.6020106 0.9189258 1.347552 -0.578368 0.9707604 1.419332 -0.5742155 0.982498 1.408216 -0.5898281 0.9797101 1.413911 -0.5833969 0.5112113 1.362886 -0.5937607 0.4952194 1.364343 -0.578884 0.4986734 1.355024 -0.5094602 0.4647228 1.482839 -0.509177 0.4576793 1.457709 -0.5161762 0.4763799 1.451887 -0.4919146 0.4498772 1.499108 -0.4813602 0.4651663 1.519982 -0.4674203 0.4587714 1.513061 -0.4377996 0.4525865 1.60609 -0.4251307 0.4486971 1.599105 -0.4355287 0.4650679 1.605049 -0.4243771 0.463971 1.59891 -0.6349566 0.8515557 1.285231 -0.6298386 0.8659061 1.288196 -0.6312683 0.8612115 1.27211 -0.7394583 0.888849 1.283998 -0.7328029 0.9046426 1.278837 -0.7384737 0.8920333 1.270845 -0.7344406 0.9005264 1.286929 -0.7369917 0.9015522 1.271009 -0.833216 0.9482176 1.297801 -0.8313789 0.9542568 1.285246 -0.8392267 0.9383579 1.28557 0.1036669 -0.0579614 0.9835306 0.1221023 -0.06615298 0.987479 0.1187997 -0.05174362 0.9766489 0.1178413 -0.01619076 1.049961 0.1342979 -0.01036292 1.046247 0.124959 0.01069968 1.056578 0.1321066 -0.006615459 1.064906 0.1464728 0.02797168 1.092235 0.1454612 0.04145628 1.158461 0.1589963 0.03687089 1.139675 0.1641646 0.03795927 1.16747 0.1667748 0.05292183 1.159638 0.1396156 0.04293531 1.129537 0.1782816 0.04370349 1.163091 0.1723502 0.05844914 1.170806 0.178898 0.04920369 1.183113 0.2312401 0.03910404 1.18686 0.2311047 0.05710577 1.185068 0.2351393 0.04713881 1.171837 0.2707892 -0.1891648 1.029801 0.2705919 -0.1984063 1.01461 0.2680801 -0.1803733 1.014332 0.3393163 -0.170427 1.017523 0.3418641 -0.1885876 1.01799 0.3391511 -0.1797447 1.002555 0.1672548 0.03836804 1.167661 0.170586 0.05237877 1.165235 0.1595183 0.05289602 1.1563 0.1561454 0.03913444 1.158603 0.1222172 0.05431509 1.216542 0.1307697 0.06602841 1.219073 0.1229159 0.07386368 1.210035 0.1147232 0.06236457 1.207711 -0.235799 0.5587376 0.8076683 -0.2284159 0.573499 0.8089963 -0.2410293 0.5725633 0.7987886 -0.2958703 0.5865654 0.8918603 -0.2995903 0.6039472 0.8908717 -0.2988437 0.5870497 0.8692662 -0.3022477 0.5991476 0.8803418 -0.2992928 0.582193 0.8819173 -0.2973499 0.6009181 0.9011168 -0.3128885 0.6077816 0.9078659 -0.3132848 0.6054187 0.8909365 -0.3072532 0.6563963 0.9125082 -0.3220446 0.6556281 0.9037953 -0.3084079 0.6593229 0.8960947 -0.2939348 0.6003124 0.8962062 -0.3091289 0.6080367 0.8960519 -0.3069195 0.5938454 0.8876373 -0.3105451 0.5690543 0.9445687 -0.3207955 0.5774524 0.9465222 -0.3289133 0.5695506 0.9386738 -0.3185867 0.561502 0.9369717 0.3281385 -0.03632062 2.309421 0.311519 -0.04124337 2.289028 0.321006 -0.04993784 2.271115 0.3541443 -0.05182176 2.281393 0.3350948 -0.1241315 2.334003 0.3042972 -0.1199957 2.31558 0.3376414 -0.1118205 2.289998 0.3145653 -0.1164678 2.33286 0.3102293 -0.1369407 2.302996 0.3490451 -0.1085209 2.307553 0.3169986 -0.1557143 2.318876 0.3262129 -0.1520531 2.33679 0.2514375 -0.1697387 2.417374 0.2464684 -0.1529384 2.401304 0.2333371 -0.1590024 2.390072 0.2337999 -0.1768942 2.383898 0.2324169 -0.1968083 2.40705 0.2672392 -0.1779839 2.393607 0.2124422 -0.2277495 2.475497 0.1780094 -0.2336646 2.520584 0.1720648 -0.2326067 2.499709 0.1769212 -0.2414475 2.486429 0.1950384 -0.2374013 2.51613 0.1640623 -0.2872482 2.562155 0.1748793 -0.280102 2.567516 0.1507589 -0.2797527 2.562465 0.1689396 -0.2847708 2.601664 0.157045 -0.268799 2.588873 0.1463646 -0.2777675 2.586529 0.1560702 -0.3141437 2.597902 0.167863 -0.3122234 2.590206 0.1771209 -0.3050227 2.595239 0.1719781 -0.3117294 2.616978 0.1627222 -0.3204543 2.612699 0.2178882 -0.3591644 2.614697 0.2093462 -0.369449 2.599141 0.2187784 -0.3639843 2.603836 0.2525795 -0.4389616 2.648028 0.2048182 -0.3765583 2.620183 0.2479056 -0.4473803 2.633424 0.26251 -0.436161 2.640039 0.3262767 -0.1221418 2.33773 0.3108819 -0.1353791 2.335992 0.3047098 -0.13989 2.314481 0.3249366 -0.1220153 2.303946 0.332848 -0.1158072 2.321109 0.3828928 -0.2149208 2.304524 0.3859945 -0.1926737 2.333137 0.3704259 -0.2129965 2.318826 0.4230275 -0.2187746 2.322052 0.4578926 -0.2598381 2.315206 0.4503788 -0.2714768 2.341878 0.4827051 -0.2777974 2.34891 0.4680069 -0.2929818 2.336245 0.4741789 -0.2894906 2.324455 0.4748295 -0.2603499 2.33248 0.4717323 -0.2977563 2.354754 0.4930276 -0.3019424 2.336963 0.4941216 -0.2986242 2.349111 0.4763002 -0.3932561 2.394256 0.4834006 -0.387686 2.418965 0.4681181 -0.359357 2.393744 0.4673815 -0.3759633 2.391611 0.4871516 -0.37335 2.384952 0.496787 -0.4029395 2.423041 0.506152 -0.4626314 2.47993 0.5197107 -0.4656601 2.469955 0.5226237 -0.4553356 2.478717 0.374845 0.07483261 2.436769 0.3855838 0.05285006 2.415691 0.3845942 0.06296163 2.402545 0.3790145 0.08046948 2.402359 0.3738873 0.08826178 2.417552 0.468862 0.09141457 2.448265 0.5207823 0.12632 2.459689 0.5613212 0.1237613 2.445933 0.5610358 0.1390122 2.447902 0.5603129 0.1455694 2.461991 0.584354 0.1294777 2.482456 0.595391 0.1260486 2.473431 0.6710824 0.1671643 2.526632 0.6650993 0.145744 2.517416 0.6823784 0.1577114 2.508243 0.6765115 0.1687735 2.507436 0.668376 0.1710047 2.515094 0.6974194 0.1793043 2.526407 0.7119504 0.236207 2.529221 0.7209736 0.2320056 2.514901 0.7049724 0.2409077 2.514823 0.4767753 -0.2786195 2.350513 0.478654 -0.2925775 2.350711 0.4785178 -0.3002769 2.339093 0.4762299 -0.2926719 2.326656 0.4745295 -0.2795886 2.327244 0.4746887 -0.2718389 2.338891 0.641332 -0.2838011 2.328309 0.6484255 -0.2682116 2.338243 0.6440138 -0.2787413 2.338077 0.6267537 -0.2737808 2.316657 0.6464474 -0.262728 2.328625 0.7280346 -0.2905274 2.348552 0.7314149 -0.2821924 2.332184 0.7302261 -0.275518 2.345613 0.1728303 -0.2982082 2.600627 0.1622133 -0.2807561 2.587456 0.1534255 -0.3032678 2.59071 0.1269529 -0.2763146 2.663133 0.1276656 -0.2563828 2.659918 0.1127065 -0.2673873 2.652168 0.1321457 -0.2662965 2.6648 0.1169869 -0.2568694 2.655279 0.1170522 -0.2771876 2.657149 0.0865733 -0.2569351 2.731812 0.07626432 -0.2708083 2.726709 0.07062792 -0.2575699 2.721707 0.6689274 0.172391 2.523039 0.6677041 0.1555002 2.511822 0.6834293 0.1665807 2.509157 0.7081001 0.1162621 2.583648 0.7216016 0.1134874 2.57261 0.7213433 0.1275141 2.582777 -0.4250028 -0.3979015 1.40185 -0.4098639 -0.3930472 1.40064 -0.4206647 -0.3840674 1.388444 -0.4393209 -0.3352766 1.463153 -0.4221479 -0.3365089 1.44634 -0.4464176 -0.2830144 1.49822 -0.4528526 -0.3022664 1.481371 -0.4701304 -0.2729444 1.535401 -0.4485459 -0.2833089 1.52984 -0.4460774 -0.2748683 1.525152 -0.4664355 -0.2772374 1.545096 -0.4691402 -0.2649843 1.533341 -0.4719441 -0.2629746 1.555173 -0.4749081 -0.2554324 1.543092 -0.5474092 -0.2703263 1.557626 -0.5278227 -0.2591665 1.560405 -0.546797 -0.2507181 1.552256 -0.5284262 -0.2656885 1.540375 -0.6363698 -0.2613986 1.577626 -0.6348865 -0.2681686 1.598601 -0.6381326 -0.2588754 1.597093 -0.6356977 -0.2717092 1.580512 -0.6421643 -0.2769425 1.594213 -0.6438167 -0.2573932 1.588969 -0.7016557 -0.2784876 1.637769 -0.7109599 -0.2703765 1.624287 -0.7073599 -0.2881659 1.625149 -0.4743182 -0.2696574 1.543808 -0.4647634 -0.2790442 1.541938 -0.4623503 -0.2630343 1.533963 -0.4710329 -0.2622722 1.538829 -0.4120163 -0.2363682 1.614524 -0.4175758 -0.2388508 1.637394 -0.3959212 -0.2311877 1.663532 -0.4183266 -0.2235817 1.625937 -0.392414 -0.2122588 1.678241 -0.4030472 -0.224062 1.687073 -0.3852383 -0.2172183 1.683174 -0.4018549 -0.2140792 1.681464 -0.389012 -0.2091984 1.6983 -0.3991209 -0.1634159 1.705658 -0.3839114 -0.1623885 1.700066 -0.3970127 -0.1590374 1.689867 -0.3890897 -0.2097733 1.685294 -0.4020755 -0.2111427 1.687352 -0.4024611 -0.2216113 1.679665 -0.3896964 -0.2201719 1.677711 -0.3872466 -0.2427553 1.734066 -0.3917587 -0.2558105 1.725434 -0.3760458 -0.250449 1.725696 -0.3529717 -0.223636 0.9329 -0.3596168 -0.231269 0.9330415 -0.3578814 -0.2391233 0.9268999 -0.3500709 -0.2393293 0.9210386 -0.3434265 -0.2316936 0.9208919 -0.3451612 -0.2238402 0.9270392 -0.270866 -0.2990252 1.059537 -0.2790724 -0.3097849 1.055789 -0.2519552 -0.3312181 1.074495 -0.2622481 -0.3004969 1.046791 -0.2531436 -0.3506671 1.100244 -0.2491501 -0.3294291 1.102434 -0.2531896 -0.3447012 1.120861 -0.2280119 -0.3418455 1.125876 -0.2363761 -0.330676 1.126235 -0.2332729 -0.3461838 1.140791 -0.2110245 -0.2933529 1.176045 -0.2176194 -0.2995473 1.189188 -0.2137537 -0.3092702 1.187332 -0.196515 -0.3016684 1.187766 -0.1486038 -0.2584719 1.295694 -0.1596484 -0.2415699 1.296111 -0.1575117 -0.2566417 1.297487 -0.1437071 -0.2500967 1.289137 -0.1475225 -0.2406779 1.290228 -0.1406449 -0.2391979 1.33437 -0.142176 -0.2597925 1.328264 -0.1314665 -0.2520908 1.33088 -0.1508402 -0.2640454 1.345456 -0.1328475 -0.2507075 1.345037 -0.1466402 -0.2892646 1.384513 -0.145645 -0.3039317 1.371205 -0.1369218 -0.3505334 1.444395 -0.1508094 -0.3550177 1.440449 -0.1495876 -0.3396596 1.452026 -0.2409749 -0.3392148 1.125159 -0.252204 -0.3403409 1.113139 -0.2391743 -0.3436381 1.108806 -0.2479578 -0.3886548 1.129161 -0.2633676 -0.4087075 1.13968 -0.2648027 -0.3896973 1.120319 -0.2546442 -0.4089487 1.122369 -0.2448 -0.4156764 1.141051 -0.260019 -0.4266659 1.136572 -0.2131319 -0.4523406 1.161053 -0.2070916 -0.4552673 1.181273 -0.2162911 -0.4593373 1.184394 -0.2200807 -0.4658602 1.172901 -0.1917507 -0.4856715 1.198668 -0.1804389 -0.5366528 1.233764 -0.1917251 -0.5404078 1.253712 -0.1834931 -0.5607044 1.255835 -0.170409 -0.6005425 1.325185 -0.1703082 -0.5623294 1.271808 -0.1863909 -0.6032266 1.323652 -0.1717775 -0.6106213 1.316746 -0.2538046 -0.4137074 1.139371 -0.2600517 -0.4039216 1.1389 -0.2555807 -0.4081158 1.123669 -0.3169887 -0.459089 1.124934 -0.3320134 -0.4474589 1.124344 -0.3459765 -0.4701951 1.114564 -0.3732032 -0.4994838 1.132861 -0.4055594 -0.5117369 1.134414 -0.419093 -0.5368804 1.123668 -0.430755 -0.5539081 1.135314 -0.4437664 -0.5412233 1.135842 -0.4378584 -0.5416928 1.127112 -0.4946902 -0.6127701 1.164917 -0.5042132 -0.6072028 1.155239 -0.4913664 -0.6192058 1.154658 -0.1507335 -0.2456622 1.324895 -0.1354345 -0.2521284 1.321825 -0.142453 -0.2431836 1.306094 -0.1029846 -0.1778656 1.351239 -0.1003417 -0.1724793 1.334967 -0.1154524 -0.1692228 1.342875 -0.1122536 -0.1737741 1.351223 -0.09716451 -0.1770111 1.343282 -0.07204681 -0.1029279 1.381433 -0.0801686 -0.09394043 1.367894 -0.08809638 -0.09824389 1.383799 -0.5982055 0.02150422 0.7365918 -0.5927529 0.03055155 0.7208806 -0.5984417 0.01570278 0.7227384 -0.7164704 0.07171326 0.7199421 -0.6951764 0.05447274 0.7222058 -0.6908956 0.06798171 0.7138445 -0.7344516 0.06806647 0.7027584 -0.7363302 0.07778245 0.7045813 -0.8266875 0.09211653 0.7192789 -0.8668843 0.1071912 0.7334787 -0.8329396 0.1137272 0.7218063 -0.9141972 0.1296206 0.7441969 -0.8823505 0.1216775 0.7213822 -0.9240992 0.1216257 0.7296649 -0.9708735 0.1533485 0.7559736 -0.9725479 0.1342947 0.7550635 -0.9706439 0.1456791 0.7463876 -0.9947416 0.1472327 0.7734397 -1.018922 0.1508925 0.7609925 -1.011927 0.1353607 0.7589308 -1.026907 0.1386235 0.7723792 -1.09263 0.08091777 0.7621206 -1.100085 0.09044504 0.746927 -1.069329 0.09169906 0.7503551 -1.080819 0.103553 0.7618293 -1.237401 0.05790591 0.7723121 -1.167123 0.06222164 0.7542246 -1.23326 0.0393626 0.7700245 -1.23467 0.05239659 0.781661 -1.007891 0.1411275 0.7652733 -0.992411 0.1449437 0.7685111 -1.001278 0.1512547 0.7560787 -1.028805 0.2067501 0.8221778 -1.028936 0.2179648 0.8088921 -1.043374 0.2247973 0.8281814 -1.013327 0.2058489 0.8117842 -1.103546 0.3072214 0.9339254 -1.072089 0.2743317 0.8758846 -1.116512 0.3040194 0.9268457 -1.112425 0.2924218 0.9369956 -1.104335 0.2974921 0.9394773 0.6159645 0.8441103 2.723118 0.6171869 0.8272133 2.726574 0.6233437 0.834807 2.712471 0.6955718 0.8522712 2.771104 0.703262 0.8392519 2.764638 0.7035238 0.8536955 2.756865 0.6980183 0.843397 2.771732 0.7059902 0.8447514 2.757493 0.6983268 0.8577976 2.763901 0.7735973 0.8738052 2.818674 0.7795898 0.8813518 2.804478 0.7699047 0.8899709 2.813752 -0.07173234 -0.6996796 0.9601618 -0.0869736 -0.7114343 0.957117 -0.07717621 -0.7079923 0.9443823 -0.05503547 -0.7468504 0.9733862 -0.05793356 -0.7511377 0.9654448 -0.04141235 -0.7427113 0.9617258 -0.03848826 -0.7950947 0.9787086 -0.0225619 -0.7888985 0.9758594 -0.03340333 -0.788607 0.990611 -0.001930356 0.6769902 1.006923 0.008645832 0.6632257 1.003457 0.004820406 0.6751512 0.9900363 0.0680918 0.7102145 1.010344 0.05345761 0.7177854 1.017157 0.05478197 0.7129973 1.025966 0.07880312 0.716673 1.030513 0.06259119 0.7189642 1.010736 0.1318957 0.801647 1.078512 0.1273784 0.7782137 1.068504 0.1317849 0.7747041 1.059704 0.1507562 0.8082384 1.069953 0.1423462 0.8138211 1.068383 0.1327724 0.810044 1.072208 0.1868197 0.8785465 1.138521 0.1779045 0.8771086 1.144975 0.1801195 0.8889324 1.129619 0.1677958 0.8839362 1.142154 -0.1162989 0.6848519 1.204902 -0.1131463 0.7023504 1.205167 -0.1187726 0.6943433 1.189811 -0.1753777 0.7047578 1.226985 -0.1763893 0.7146372 1.21697 -0.1807544 0.7052518 1.20709 -0.179856 0.6949399 1.21697 0.2308806 0.4465101 0.5661944 0.2394476 0.4543043 0.5663592 0.2364039 0.452423 0.5467814 0.227047 0.4434571 0.5564519 0.1636993 0.545819 0.564646 0.1524813 0.5353593 0.5557929 0.14989 0.5596022 0.5779693 0.1383517 0.5593349 0.5796377 0.1331921 0.5579044 0.5712137 0.1187045 0.615108 0.5751654 0.08253097 0.6611129 0.6141341 0.09878909 0.6596745 0.6068509 0.07620841 0.6735152 0.6004166 0.08011609 0.6544971 0.6034275 0.08672893 0.6804087 0.6011084 0.09713232 0.6884776 0.6085042 0.07892715 0.695436 0.6127871 0.0940631 0.6981897 0.6204786 0.1272251 0.7615885 0.5961152 0.1349837 0.7712262 0.6136717 0.1277737 0.7338659 0.6132954 0.1409083 0.7527066 0.6010416 0.1305531 0.7471579 0.5951069 0.1137095 0.7426037 0.6079225 0.1809533 0.8657299 0.6236492 0.1767901 0.8696755 0.610722 0.1643788 0.8727816 0.6179695 0.1674298 0.8696485 0.6289609 0.3188255 0.5220957 0.5150753 0.3353547 0.523943 0.5180694 0.3302878 0.5174944 0.5017432 0.3190875 0.6385831 0.4768696 0.3342884 0.6360796 0.4689536 0.3194221 0.634225 0.4600222 0.3293056 0.6402914 0.4769076 0.3299897 0.600582 0.4717369 0.3148383 0.6050785 0.4791156 0.3398156 0.7070338 0.450426 0.3242431 0.7075974 0.4587901 0.3508406 0.7906059 0.460431 0.3615684 0.7927539 0.4609345 0.3642004 0.7796557 0.4487815 0.3525609 0.7948765 0.4430425 0.3462715 0.7945552 0.4527732 0.3561304 0.8179166 0.4556121 0.3201515 0.84652 0.4881612 0.3312599 0.8567659 0.4776757 0.3138921 0.849101 0.4743127 0.08829677 0.6699503 0.6144953 0.09137648 0.6877915 0.6107714 0.07989382 0.6801431 0.6010303 0.00286293 0.7169979 0.6738382 0.03265708 0.686575 0.6534914 0.027866 0.7107363 0.6636171 0.009841024 0.7026889 0.6645658 0.01171547 0.7095574 0.6897589 5.24499e-4 0.7277084 0.7061495 -0.01688259 0.7218005 0.7094091 -0.03258502 0.7712949 0.7520317 -0.04479432 0.7611717 0.7526203 -0.02545392 0.7640959 0.7604495 -0.03452867 0.7545217 0.7622132 0.5017543 0.5451622 0.5601015 0.51303 0.5402727 0.56088 0.5115143 0.540995 0.5436982 0.5456069 0.6019098 0.5548422 0.5321457 0.6085713 0.5461832 0.5574569 0.6736572 0.5603952 0.5740034 0.664679 0.5681942 0.5698299 0.6683531 0.5507906 0.5499525 0.5149478 0.6052455 0.5553571 0.5080946 0.5897526 0.5461746 0.5235738 0.5896604 0.609845 0.5513364 0.6104292 0.6157284 0.5436929 0.5948255 0.6065321 0.5591595 0.5949791 0.3507141 0.8013096 0.4598011 0.3575929 0.7853479 0.4600661 0.3518076 0.7922942 0.4447322 0.4122375 0.8176791 0.4543563 0.4131593 0.8091228 0.4394225 0.4062163 0.8252846 0.439274 -0.3814764 0.2338736 0.9942384 -0.3942313 0.2446361 0.9968494 -0.3916275 0.2302482 0.9821564 -0.4221835 0.1800312 1.04787 -0.4426878 0.177017 1.047276 -0.4516671 0.1587653 1.07418 -0.4581579 0.1495543 1.060957 -0.4428122 0.1450276 1.06781 -0.475125 0.1212098 1.092983 -0.4905247 0.118385 1.132625 -0.5111845 0.1210271 1.132206 -0.5553301 0.1038445 1.198307 -0.5477135 0.08840155 1.193955 -0.5459834 0.09702569 1.198629 -0.552089 0.1028572 1.170825 -0.5569019 0.08561801 1.191243 -0.563399 0.09011673 1.208339 -0.5389596 0.05176651 1.257655 -0.5203433 0.05943489 1.26005 -0.5282992 0.06359714 1.265004 -0.5375378 0.05996835 1.263241 -0.5259919 0.04763597 1.253537 -0.5368856 0.01212573 1.320721 -0.5189047 0.01525741 1.321949 -0.5342137 0.02512562 1.328293 -0.5552917 0.08490473 1.198461 -0.5460535 0.1017851 1.2022 -0.5529685 0.09482336 1.18592 -0.6133605 0.1200072 1.216854 -0.6103584 0.1338469 1.204672 -0.6169378 0.116285 1.208697 -0.6764656 0.1448944 1.234881 -0.676815 0.1550948 1.219301 -0.6817491 0.138525 1.2227 -0.3027601 -0.05027788 0.9881289 -0.2857117 -0.04921776 0.9861497 -0.2968932 -0.04675924 0.9704514 -0.2934432 0.04780197 0.9893456 -0.307173 0.03882205 1.001853 -0.2885904 0.04562216 0.9977216 -0.3239901 0.134918 1.028098 -0.3242187 0.1834585 1.050297 -0.3072748 0.1473565 1.027166 -0.3177639 0.147491 1.016624 -0.3480321 0.1935433 1.058867 -0.3409013 0.2206847 1.073282 -0.3410857 0.2238186 1.055957 -0.3513221 0.2240761 1.055997 -0.3497503 0.2382589 1.070832 -0.3315855 0.2375504 1.06367 -0.3160787 0.3317205 1.056878 -0.3153145 0.3170262 1.065492 -0.3047004 0.304603 1.061527 -0.3115258 0.3170918 1.046424 -0.2916135 0.4090323 1.071887 -0.310038 0.4765825 1.084187 -0.3122182 0.4889501 1.069026 -0.3184118 0.4899174 1.078292 -0.3074177 0.5123516 1.092759 -0.2948803 0.4621196 1.067295 -0.3087674 0.5196742 1.076834 -0.330752 0.5916559 1.122243 -0.3191672 0.5980235 1.109591 -0.3369802 0.5955662 1.10704 -0.3377287 0.2163185 1.067511 -0.3373998 0.2272257 1.066716 -0.3484439 0.2273012 1.054055 -0.3454777 0.2133213 1.058957 -0.4558679 0.2442072 1.159794 -0.4170802 0.220524 1.118943 -0.4688357 0.2377216 1.195265 -0.4540191 0.2497485 1.177266 -0.467933 0.2331798 1.174674 -0.4929575 0.239886 1.206521 -0.4971888 0.2451902 1.193056 -0.4967309 0.2267692 1.19053 -0.5592304 0.1888633 1.213113 -0.5650038 0.203378 1.212257 -0.5613154 0.1984353 1.195382 -0.5624251 0.184742 1.203915 -0.6497038 0.1687155 1.240211 -0.6553536 0.1787507 1.230566 -0.6525989 0.1625476 1.222512 -0.4184525 -0.1681467 1.284471 -0.4218378 -0.1859233 1.28171 -0.4090427 -0.1788871 1.273258 -0.3465425 -0.2024206 1.346724 -0.3496439 -0.1898142 1.35381 -0.3617208 -0.1965847 1.35957 -0.3611748 -0.2069977 1.348302 -0.3278823 -0.2298552 1.432127 -0.3140413 -0.2506226 1.439669 -0.313431 -0.2344469 1.417591 -0.2984437 -0.2365029 1.445236 -0.2883786 -0.2559089 1.458017 -0.2811585 -0.255851 1.438444 -0.2237316 -0.286011 1.468066 -0.216512 -0.2803032 1.452134 -0.2233603 -0.293971 1.450632 -0.4904257 0.2401248 1.191316 -0.4759783 0.2323337 1.1936 -0.4780714 0.245707 1.184297 -0.4664717 0.2804692 1.261745 -0.4547973 0.2854812 1.257248 -0.4618196 0.2949566 1.250902 -0.4727137 0.2897822 1.255481 -0.4667288 0.3310737 1.329011 -0.4688506 0.3441516 1.319309 -0.4813928 0.3365869 1.323583 -0.5744369 -0.1805575 1.350925 -0.5738737 -0.1675887 1.339847 -0.5870268 -0.1778203 1.340038 -0.6136776 -0.1290208 1.40895 -0.6101099 -0.1182363 1.401823 -0.621176 -0.1184834 1.394598 -0.6250226 -0.1295909 1.401823 -0.3004022 -0.240287 1.441287 -0.3125866 -0.2326429 1.43251 -0.3113338 -0.2498514 1.432349 -0.3533961 -0.2447963 1.511309 -0.3661932 -0.2375521 1.50204 -0.364435 -0.254165 1.502302 -0.706569 -0.7157799 1.403159 -0.7068741 -0.7161682 1.389467 -0.7036623 -0.7325118 1.392845 -0.7929731 -0.7435177 1.405799 -0.7999325 -0.7316873 1.392915 -0.7995975 -0.74921 1.393045 -0.8662155 -0.7608825 1.40642 -0.8627452 -0.7771055 1.406275 -0.8781306 -0.7806497 1.396757 -0.9039872 -0.7707017 1.4225 -0.8999861 -0.7659386 1.40362 -0.9212301 -0.774583 1.41575 -0.9700377 -0.7318853 1.444127 -0.9674814 -0.7401359 1.459841 -0.9616335 -0.7271623 1.460192 -1.042074 -0.7233181 1.512582 -0.9782019 -0.7173742 1.463861 -1.06767 -0.7180997 1.509636 -1.125724 -0.7077651 1.565586 -1.118594 -0.7213672 1.574796 -1.126028 -0.7255284 1.565427 -0.8854141 -0.7751777 1.413372 -0.8957299 -0.7713233 1.41401 -0.8882804 -0.7727369 1.398071 -0.9590839 -0.9213739 1.395687 -0.957226 -0.9262681 1.388398 -0.9439867 -0.9294148 1.395781 -0.9674503 -0.9520916 1.407781 -0.9651055 -0.9560839 1.391137 -1.025072 -1.025103 1.419544 -1.022301 -1.029541 1.404375 -1.013184 -1.03345 1.41681 -0.4763309 1.002314 2.315502 -0.458717 1.000953 2.319427 -0.4653226 1.005647 2.303382 -0.4692548 1.07881 2.343376 -0.4543532 1.082481 2.335588 -0.4691696 1.084059 2.327054 -0.4595952 1.081168 2.344233 -0.4594261 1.084823 2.327464 -0.4743472 1.081168 2.335195 -0.4800874 1.154322 2.372442 -0.4709109 1.161334 2.357231 -0.4883157 1.157292 2.360105 -0.6560963 0.2910541 0.7951676 -0.6428189 0.2925814 0.7957898 -0.6404173 0.300006 0.7865286 -0.6522653 0.3027042 0.7806401 -0.6568453 0.3774358 0.8391261 -0.6696038 0.3645413 0.8416275 -0.6642623 0.3607972 0.8494683 -0.6499431 0.3673188 0.8416932 -0.6717693 0.4175624 0.9003493 -0.6917663 0.4464631 0.9097405 -0.6898365 0.4334004 0.9218052 -0.6830407 0.4591543 0.9297485 -0.7138533 0.4751186 0.959572 -0.7211213 0.4932091 1.00757 -0.7252053 0.511332 0.9981042 -0.7388895 0.534313 1.060089 -0.7441709 0.5189198 1.070682 -0.7412858 0.5392122 1.078364 -0.7565249 0.5410681 1.070729 -0.7558056 0.5238566 1.06326 -0.7465479 0.545737 1.089824 -0.7609074 0.557089 1.090647 -0.7481824 0.5629926 1.07638 -0.745113 0.6123127 1.099092 -0.7513394 0.6159744 1.083916 -0.7631278 0.611519 1.097536 -0.9547245 0.2261323 0.8209615 -0.9388864 0.234613 0.824373 -0.9498946 0.2384217 0.8104329 -0.9837175 0.2769197 0.8675941 -0.9751204 0.2906959 0.8613604 -0.9896524 0.2852407 0.8536017 -0.9769492 0.2842171 0.8691126 -0.9820692 0.2915679 0.85427 -0.9906994 0.2778082 0.8604584 -1.025526 0.3170571 0.9146516 -1.02487 0.3319113 0.9023371 -1.036187 0.3176136 0.9037163 -0.7392469 0.5376721 1.076234 -0.7506439 0.5461325 1.078378 -0.7588595 0.5379182 1.069946 -0.7474625 0.5294578 1.067802 -0.762099 0.4984809 1.140611 -0.7758325 0.5018668 1.138447 -0.7770007 0.4903505 1.130035 -0.7632671 0.4869647 1.132198</float_array>
          <technique_common>
            <accessor source="#tree-mesh-positions-array" count="3656" stride="3">
              <param name="X" type="float"/>
              <param name="Y" type="float"/>
              <param name="Z" type="float"/>
            </accessor>
          </technique_common>
        </source>
        <source id="tree-mesh-normals">
          <float_array id="tree-mesh-normals-array" count="10968">0.4728248 -0.8801572 -0.04195201 -0.4194374 -0.9072911 -0.02992093 -0.5153068 -0.8550525 0.05782759 -0.463066 0.8862846 -0.008338868 0.46771 0.883752 -0.01516282 -0.5139967 0.8533989 0.08670616 -0.9999129 -0.01310545 -0.001553475 -0.9924386 0.007218003 0.1225305 0.9972582 -0.00682795 0.07368594 0.5286011 -0.8476229 0.04600334 0.5353705 0.8437532 0.03819584 -0.9260737 -0.01093554 -0.3771843 0.2318884 -0.8296198 0.5078966 -0.3888629 -0.9012274 -0.1912456 0.3417669 -0.8206417 0.4579766 -0.3243569 0.8674175 -0.3773323 0.2831296 0.8928145 0.350314 0.4137504 0.8608279 0.296287 -0.4578064 -0.8646352 -0.2069284 -0.7652801 -0.02951568 -0.6430204 -0.3980346 0.8365741 -0.376447 -0.7551254 0.4453144 0.4811246 0.4006031 0.8286827 0.3908995 0.4263336 0.1326563 0.894786 0.05539321 -0.7362492 0.6744396 0.6118279 0.05819731 0.7888471 -0.6026712 -0.002666115 -0.7979853 0.7346656 -0.3848263 -0.5587265 -0.7938348 -0.1420019 -0.5913222 0.614134 0.7871698 0.05659705 -0.906347 0.3511252 0.2350453 -0.7470771 -0.6646023 0.01340228 0.2907549 0.3494265 0.8907091 0.01545441 0.7585507 -0.6514308 -0.5501181 0.1005131 -0.8290159 -0.7007607 0.5905535 0.4002263 -0.9059246 0.3682315 0.2090607 -0.6983864 0.3915908 0.5990936 -0.5345712 0.6543406 0.534857 0.5518268 0.1197923 0.8253104 -0.7347806 -0.2897439 -0.6133074 0.1867451 -0.7888238 0.5855624 -0.5058521 0.7004941 -0.5034102 -0.7421253 0.5462959 0.3883436 -0.451581 0.7764995 -0.439458 0.9183954 0.1115994 0.3795993 0.3835743 -0.6941137 0.6091609 -0.547539 -0.7888199 0.2792212 -0.5222597 -0.8423216 0.1331882 -0.3922962 -0.6266223 0.6733856 -0.9860894 -0.165791 0.01188582 -0.3864954 -0.6773965 0.6259036 0.5891308 -0.4525403 0.6694269 0.5974231 -0.5015245 0.6257467 -0.6078245 0.5765627 -0.5460081 0.3731468 0.7540444 -0.5405356 0.382857 0.6998931 -0.6029679 -0.99133 -0.1175159 0.05877888 -0.9866886 0.01941502 0.1614587 -0.6013941 0.7498753 -0.2757032 0.3139406 0.8837904 -0.3469234 0.1768895 0.3303811 0.9271239 -0.4867302 -0.7070324 0.5130292 0.9477151 0.3184859 -0.02007764 0.02723091 -0.2470517 -0.9686197 -0.9423736 -0.04042005 0.332112 0.9744083 0.03725814 -0.2216761 -0.5124853 0.8073276 0.2925421 0.3956393 0.9140288 -0.08955955 -0.5002982 0.8347254 0.2300772 0.4922111 -0.8627476 -0.115737 0.4369325 0.8897213 -0.1322352 -0.9430192 -0.05889797 0.327484 -0.4228967 -0.891541 0.1622133 -0.5170554 0.8362126 0.182763 0.3971951 0.871169 -0.2886186 0.9493661 0.01306867 -0.3139004 -0.1321531 -0.5737515 0.8082975 -0.8878129 -0.1129388 0.4461314 -0.2220675 -0.8099212 0.5428754 0.6741116 -0.6649144 0.3216558 0.86031 -0.1846219 -0.4751648 0.8798813 -0.2469218 0.4060032 0.7854303 -0.2966552 0.5432265 -0.6510691 0.5846036 0.4840949 -0.7652876 0.473936 -0.4355681 -0.74199 0.3950165 0.5416761 0.1206647 0.2199263 0.9680251 0.007290422 0.00780791 0.999943 -0.7174047 0.5311196 -0.4508242 0.3709262 0.7632666 -0.528997 0.832078 -0.114306 -0.5427525 0.7840709 -0.1476435 -0.6028552 -0.3969357 0.9146209 0.07688248 -0.4624949 0.8865511 0.0112093 -0.2604918 -0.6997533 0.6651988 -0.786395 0.04714131 0.6159228 -0.7097674 0.1845269 0.6798383 0.6312249 -0.747943 0.2052719 0.5222498 -0.8512367 0.0514912 0.9767028 0.01218092 -0.2142505 -0.1409863 -0.6562756 0.7412322 -0.9933015 -0.04507201 0.1063991 -0.6412215 0.6699758 -0.3741225 -0.5144903 0.8400127 -0.1722745 0.4563949 0.7152044 -0.5293264 0.9185062 0.3946098 0.02509391 -0.6679075 0.7292104 -0.1488344 0.2301714 0.9393983 -0.2540711 0.2853513 0.9580304 -0.02742779 0.9465472 0.2848655 0.1513277 0.7570674 -0.4287586 0.4929659 0.6644108 -0.6878848 0.2921863 -0.3053944 -0.7717124 0.557848 -0.2869352 -0.9231171 0.255975 -0.9446043 -0.3267493 -0.03094506 -0.7333264 0.6189262 -0.2813588 0.2392874 0.9545484 -0.1777051 0.2881368 0.9244153 -0.249867 0.9670916 0.238211 0.08938473 0.9718064 0.2045267 0.1173084 0.2319113 -0.8898043 0.3930211 -0.9347133 -0.3553102 0.008124411 0.1458389 -0.8275836 -0.5420669 -0.6391648 -0.7661458 0.06700044 -0.6847589 -0.728684 0.01117467 0.8389365 -0.114005 -0.5321546 0.7949015 -0.06987911 -0.6027011 -0.6713667 -0.01792097 0.7409087 -0.05554181 0.746514 0.6630475 -0.7450262 0.03053545 0.6663359 -0.6932692 -0.7081973 0.1335455 -0.4638441 -0.4396517 0.7691263 -0.4916867 -0.2730627 0.8268501 -0.1699191 -0.4228174 -0.8901422 -0.6808684 -0.7222228 -0.121707 0.2558961 0.3518169 0.9004122 0.8825597 0.4541131 0.1219415 0.3194292 0.2240461 0.9207435 0.6509018 0.08724248 -0.7541323 0.8222932 0.03591966 -0.5679293 0.8030133 0.585777 0.1097036 -0.5443627 -0.8374543 -0.04837107 -0.490267 -0.3763327 0.7861374 0.1313008 0.4286515 0.8938781 0.7384346 0.6657335 0.1072999 -0.4665456 -0.8844967 9.94687e-4 -0.7449118 -0.3890743 -0.5419665 -0.9219307 0.382288 0.06244862 -0.9051242 0.4248672 0.01543527 0.1461811 -0.8338579 -0.5322707 0.1793792 -0.7775847 -0.6026484 0.1770348 -0.7931088 0.5827839 0.8676481 -0.4937126 0.05860555 0.617882 0.3478254 0.705152 0.6830851 0.2833479 0.6731336 0.3505917 0.7055158 0.6159002 0.0637834 -0.7349414 -0.6751243 -0.6666197 -0.6153925 -0.420607 -0.8107846 -0.4292249 -0.3979882 -0.15137 0.2061377 0.9667443 -0.2641471 0.4130629 0.8715534 -0.8495132 -0.2854999 0.4436407 0.5471188 0.8200968 0.1676372 -0.4400449 -0.8698814 -0.2228611 -0.3885582 0.4559462 0.8007095 0.879014 0.02746188 -0.4760044 0.2665051 -0.5253266 -0.8080886 0.4294723 -0.7604116 -0.487163 -0.687395 -0.4446863 0.5742319 0.793507 0.2954469 -0.5320318 0.732888 -0.6342989 -0.2460489 -0.03866732 -0.9577043 0.2851444 0.5538717 -0.808574 -0.1985811 -0.7368262 -0.5403586 -0.4063248 0.6226663 -0.7626704 -0.1749879 0.4742689 0.7499769 0.4610898 0.7983008 0.458877 0.3900612 -0.9803842 0.1607599 -0.1140313 0.936033 -0.3484241 0.04942607 -0.9839313 -0.1715253 -0.04958426 0.1371088 -0.9822687 -0.127865 0.3633705 0.9175053 -0.1616975 0.8860619 -0.3760817 0.2710295 -0.821982 0.4805394 -0.3056592 -0.08230012 0.7916722 -0.6053775 -0.6231774 -0.6670554 0.4082732 -0.6081225 -0.7560018 0.2421743 0.6413502 0.6413747 -0.4210802 0.9906924 0.1308751 0.03742194 -0.8408814 -0.4628128 0.2805759 -0.1169669 0.7721653 -0.6245635 0.1762331 -0.7547353 0.631915 0.9712924 -0.1068511 0.2125417 0.0921005 0.2281678 -0.9692559 0.7501779 -0.02811712 0.660638 0.7453546 0.1900041 0.6390188 -0.8497975 0.06548595 -0.5230258 0.4305365 0.192389 -0.8818303 -0.6844663 -0.3592013 0.6344135 -0.7677596 -0.5096411 0.3883446 -0.7641581 0.154673 0.6262099 0.7690553 -0.128358 -0.6261615 0.8338688 0.2663265 0.4834595 -0.09485989 -0.2734772 -0.9571896 -0.9156408 -0.3433247 -0.2091177 -0.6283542 0.1987981 0.7520973 0.3407189 0.1704547 -0.9245842 0.4982408 0.1527007 -0.8534862 -0.2325467 0.4956859 0.83679 -0.3565549 0.2294404 0.9056632 -0.1483514 -0.9870554 -0.06093931 -0.3460514 -0.938194 0.006367623 -0.06096351 0.9254314 0.3739789 -0.01446014 -0.9919498 -0.1258035 -0.1091873 0.9676332 0.2275173 0.6802257 -0.1825632 -0.709904 -0.5401136 -0.479205 0.6918381 -0.6692293 -0.6995677 0.2504742 -0.962497 0.2595884 0.07882487 0.2420926 -0.962591 0.1216959 0.7158889 0.6606568 -0.2259107 0.9310765 -0.3541157 -0.08774304 -0.238808 0.9634865 -0.1210972 0.3140391 -0.9220205 0.2264019 0.8536161 0.4585685 -0.2470923 -0.9665355 0.2398001 0.09113174 -0.2381936 0.9446913 -0.2254379 0.06264382 -0.9075526 0.4152398 -0.3606664 -0.7541731 0.5487648 -0.7480963 0.6158301 -0.2471948 0.9304375 0.2198656 -0.2931644 -0.1105186 0.7808914 0.6148126 -0.7732264 0.5550922 0.306584 0.2668576 -0.7243174 0.635729 -0.8212059 -0.1178529 0.5583295 -0.2138012 0.5038041 -0.8369412 0.2158668 -0.9620313 0.1670249 0.003436803 -0.9969843 -0.07752764 0.6473219 0.5034732 0.5722666 -0.5874427 0.4871706 -0.6462011 -0.5078433 0.4987688 -0.702371 0.771714 0.311946 0.5542088 0.1965954 0.9255558 0.3235691 -0.5940952 -0.6459663 -0.4793522 0.7113901 -0.6763773 0.1908871 -0.8009218 0.2032101 -0.5632317 -0.1317144 0.5978748 0.7906941 0.232057 0.5867555 0.7758013 0.8242846 -0.5534241 -0.1194849 -0.1696928 0.5490275 0.8183968 -0.5907698 -0.1923038 -0.7835881 0.6146348 -0.7707042 -0.1680451 0.1219453 0.6833694 0.7198165 0.6857511 -0.7278076 0.006449997 0.9956622 -0.07971382 0.04798525 0.1702411 0.1141827 0.9787647 -0.4960474 0.08726364 0.8638994 0.9329205 -0.00523144 -0.3600446 -0.4104349 -0.03385794 -0.9112612 -0.524512 -0.4190835 0.7411182 -0.8678554 -0.4616704 0.1835413 -0.8620849 0.4147015 -0.2912603 -0.1137351 0.3808292 -0.9176239 0.5600473 0.3082268 -0.7689886 -0.7099586 0.6404156 0.2929621 -0.02808541 0.8647732 -0.5013766 0.6757807 -0.648298 -0.3507569 -0.4145859 -0.127609 0.9010186 -0.3242564 0.5829687 -0.7449869 -0.5495061 0.04044896 -0.8345102 0.5246208 0.523595 0.6712833 -0.2499845 0.7224043 -0.6447014 -0.2743915 -0.9527572 -0.1302429 -0.08229809 0.810324 -0.5801742 -0.1103903 -0.9461549 0.3043106 -0.5580365 -0.7980516 -0.2273963 -0.6278076 -0.5943716 -0.5025736 -0.01721763 0.8513777 -0.5242707 0.6150809 0.02250796 0.7881427 -0.3613396 -0.400974 0.8418156 -0.9485497 -0.04300725 0.3136938 -0.8869786 -0.1458531 -0.4381734 0.8904005 0.1232606 -0.4381711 0.7078927 -0.6066683 0.3617205 0.6488226 0.1022273 -0.7540417 -0.04091465 -0.6527692 0.7564513 -0.7848971 0.6014159 -0.1491158 -0.4780601 -0.04557651 0.8771439 0.7765278 -0.5888638 -0.2241518 -0.4191622 0.7230496 -0.5490923 -0.185872 -0.1303669 0.9738872 -0.3052065 0.8583889 -0.4123322 -0.2231295 0.7984109 -0.5592435 0.3792229 -0.7506712 -0.5410017 -0.1589438 0.04105758 0.9864336 -0.9364525 -0.1495013 0.3173424 -0.5754649 0.1555805 -0.8028916 0.2331281 0.1648465 -0.9583721 0.9222654 -0.2436562 0.3000974 -0.658744 0.2309277 0.7160508 0.7938079 -0.1352745 0.5929332 0.4962125 -0.01332104 0.868099 -0.465139 0.146596 -0.8730151 0.8995199 -0.4304413 -0.07472777 0.6106518 -0.4876149 -0.6239681 0.2582274 0.8169394 0.5156829 0.9647284 0.2627882 0.01553893 0.2889524 0.801717 0.5232174 -0.7084345 0.496281 0.5018224 -0.2837597 -0.8433628 -0.4563111 -0.9607369 -0.2670668 0.07523322 -0.9513314 -0.3079956 -0.01036006 0.6599729 -0.5761891 -0.4821223 0.686578 -0.5390149 -0.4879278 0.9684624 0.2462871 -0.0377255 -0.6879796 0.5432658 0.4811925 0.2341334 0.8741445 0.4255034 0.9755904 0.2186018 -0.0208972 0.7185588 -0.5644357 -0.4063075 -0.948898 -0.2684898 0.1658491 -0.941007 -0.3333991 0.05788666 0.2567135 -0.9004698 -0.3510733 -0.2448679 -0.8951086 -0.3725859 -0.9684435 0.09302198 -0.2312229 0.9604907 -0.2729561 0.05433827 0.3405967 0.3924892 0.8543688 -0.9589181 0.2204971 0.1784856 0.8262531 -0.391624 -0.4048908 -0.3634419 -0.508226 -0.7807793 -0.8807607 -0.2837741 0.3791211 0.2930852 0.9503911 -0.1042008 0.7246419 -0.5810067 -0.3705744 -0.5767251 -0.8080592 -0.1201192 0.116749 -0.8754032 0.4690833 -0.2662901 -0.8622778 -0.4307746 0.3939661 0.1450752 0.9076033 0.1340785 0.9875 0.0828666 -0.1280594 0.8496539 -0.5115557 0.3242725 0.7863996 0.5257595 -0.3851605 0.0595135 -0.9209287 -0.4079143 -0.1477695 -0.900983 -0.06519126 -0.9846394 0.1619734 0.07817661 -0.8889094 0.4513632 0.3549963 0.6285977 0.6919845 -0.08374965 -0.9930773 0.08236289 -0.2892651 0.3810768 -0.8781266 0.3540096 0.7148627 0.6030328 -0.05659288 -0.9980772 0.0252844 -0.3110247 0.4100152 -0.8574095 0.4309821 0.7197641 0.5442373 0.7209342 -0.09396862 0.6866031 -0.4649365 0.4274302 -0.7753307 -0.3006508 0.8929993 -0.3349052 -0.517046 -0.7328878 -0.442198 -0.6987459 -0.6007223 -0.3884417 -0.09267646 0.9922983 -0.08219105 0.7697757 -0.457136 0.4455022 -0.7190638 -0.6260478 -0.3016813 -0.1000328 0.9949682 -0.005629718 0.8492633 -0.4361189 0.2975776 -0.0318275 -0.9956302 -0.08779251 0.9383352 -0.1685413 0.3018626 0.9413812 -0.07431375 0.3290579 -0.6750755 -0.6757695 -0.2959874 -0.5844753 0.7939085 -0.1676242 0.02952533 0.2268155 -0.9734902 -0.5419294 0.7241483 -0.426523 -0.4086348 0.6264798 0.6637324 -0.1099931 -0.08802711 0.9900267 0.3431938 -0.8508846 -0.3977605 0.1374009 -0.08375781 -0.9869679 0.4480374 -0.8244404 0.3457755 0.1914414 -0.9406997 0.2800612 -0.8867882 -0.3997097 -0.2320325 0.7423825 -0.5481869 0.3851745 0.6238935 0.7700116 -0.1335633 0.2591124 -0.9654324 0.02830213 -0.9617313 0.2731417 -0.02160364 0.483115 0.8010187 -0.3535096 0.8478316 9.58511e-4 -0.530265 -0.3854044 -0.8434365 0.3742707 -0.4753857 0.8620085 0.1759253 0.574338 -0.24 -0.7826467 -0.1559292 -0.1964944 -0.9680269 0.8947198 0.08406019 0.4386462 -0.9821363 -0.04460895 -0.1828072 -0.7426962 0.1371262 0.6554379 -0.5200487 -0.4858701 0.7024811 -0.7181552 0.6395461 -0.2742881 -0.5962081 0.7048438 -0.3843582 -0.3633123 -0.584227 0.7257294 0.885429 0.06535279 -0.460157 0.9532973 -0.2144163 -0.2127202 0.2097031 -0.8193321 -0.5335912 0.7199475 0.5892121 0.3667488 -0.4292868 0.767875 0.4754797 -0.5954619 -0.7164829 -0.3634247 -0.9452307 0.2697707 0.1837465 -0.9432212 0.246221 0.2229551 0.2105813 -0.8533986 -0.4768297 0.717503 0.6267355 0.3039606 0.2960785 -0.6455162 -0.7040217 0.328903 -0.662227 -0.6732594 -0.003027617 0.7144298 0.6997007 -0.9964213 -0.06619089 -0.05256867 0.8945218 0.3180865 0.3140892 -0.1508794 -0.8663727 0.4760606 -0.7832759 -0.4871202 -0.386255 0.5472335 -0.2462336 0.7999404 0.7323043 0.6809402 -0.007146239 0.3415719 0.8442618 -0.4129777 0.5856482 -0.6260659 0.5148376 -0.7550285 0.1694286 -0.6334241 0.1959091 0.8936741 -0.4036908 -0.9634811 -0.2214993 -0.150473 -0.9222372 -0.3492276 0.1658877 0.09508162 0.9522543 -0.2901232 0.2488383 0.9164887 -0.313254 0.8024625 -0.5957264 0.03412121 -0.9600093 -0.1625077 0.2279772 0.645083 0.7586324 0.09135007 0.5557556 0.04322546 0.8302212 -0.05066716 -0.6916363 0.7204665 0.08643549 0.7150856 -0.6936725 -0.5359593 0.01090466 -0.8441736 -0.6910777 -0.6827234 -0.237277 0.05358678 -0.7079163 0.7042606 -0.4946494 -0.7786322 0.386075 -0.8393428 -0.05005818 -0.5412929 0.8884123 0.2637274 0.3757279 0.748247 0.6568385 -0.09321856 -0.4073612 0.5048874 -0.7610163 -0.2962605 0.2910705 0.9096745 0.7520751 -0.4352413 0.4949223 0.833818 -0.5438719 -0.09460961 -0.7034853 0.503629 0.5014642 -0.5924641 0.3031381 -0.7463871 -0.06042754 -0.07385879 -0.9954364 -0.3612433 0.08376139 0.928702 -0.001214861 -0.8840783 -0.4673372 -0.3681971 0.06739646 0.9273018 0.3541402 0.8177466 -0.4537346 0.3680372 0.7941937 -0.4835339 -0.4263159 0.1288328 -0.8953529 0.4669021 0.7623377 0.4481561 -0.4337204 0.09935259 -0.8955533 0.4633796 0.7665222 0.4446609 -0.03892606 -0.8859432 0.4621572 -0.06243759 -0.9037722 0.4234352 -0.2872596 -0.5524725 0.7824681 -0.1826888 -0.3062932 0.9342426 -0.1204456 -0.3478242 -0.9297909 0.3929356 0.877941 0.2735347 0.4124214 0.8674789 -0.2781887 -0.7615022 0.4942949 0.4192695 -0.5231599 0.8516487 0.03159648 -0.5819533 -0.482398 0.6546928 0.7940783 -0.1667649 -0.5844907 0.2778899 -0.9284232 -0.2465921 0.4079226 -0.9083752 0.09194421 -0.7081565 -0.6795756 0.1915501 0.6769126 0.6723037 0.2996617 0.9057978 -0.1426424 -0.3989779 0.7537782 0.6544746 0.05900484 0.7926663 -0.4749225 -0.3822682 -0.143594 0.8822812 0.4482865 -0.1081326 0.7835896 0.6117963 0.2378515 -0.9183624 -0.3162869 -0.733564 -0.6774889 -0.05378407 0.1294015 -0.8508439 -0.5092349 0.7919107 0.6106247 -0.003871381 -0.2166987 0.9452313 0.2440893 0.07166469 -0.9790185 -0.1907535 0.8943404 -0.4249854 -0.1397955 0.8842033 0.4451301 0.1415761 -0.7039093 -0.7093558 -0.03641396 0.6999741 -0.7005324 0.1388906 0.2259123 0.926648 0.3004783 0.6654182 -0.04169762 0.7453053 0.3691701 0.1276432 0.9205545 -0.1867267 -0.8785907 -0.4395583 -0.5563306 0.69641 -0.4533316 -0.4344232 -0.5403165 -0.7206488 0.3374424 -0.706024 0.6226258 -0.07736021 -0.9931085 -0.08804011 -0.4443593 -0.8934808 0.06509143 -0.309408 0.8269712 -0.4694523 0.3932192 0.9181042 -0.04963248 -0.405941 0.6889863 -0.6004247 -0.4793055 -0.1746475 -0.8600956 -0.8111888 -0.2248969 -0.5398096 -0.2455846 0.903711 0.3507061 0.2762307 0.9382461 0.208305 -0.2711381 0.9116202 0.3089219 0.1897798 0.3094259 0.9317936 -0.1594136 -0.2378097 -0.9581409 -0.4728844 0.571304 -0.6708145 0.1328701 0.2915177 0.9472925 0.7181873 -0.5141234 0.468918 0.2822996 -0.7226638 0.6309231 -0.391972 0.8800656 0.2680344 0.3045684 -0.8302368 -0.466846 0.2161379 -0.9092129 -0.355832 0.3325756 0.4338585 0.8373531 -0.5655484 0.6325942 0.5291311 -0.8814822 0.3722235 -0.2905836 -0.9482799 0.06751084 -0.3101738 -0.4886806 0.7156217 0.4990761 0.4024769 -0.7770257 -0.4839872 -0.4039056 -0.5254647 -0.7488306 0.5411 -0.6607242 -0.5202447 0.9124851 -0.2871203 0.2914326 0.9384796 -0.1894912 0.2887027 0.4208679 -0.8943874 -0.1514647 -0.2025355 -0.5239138 -0.8273414 -0.3906804 -0.5965473 -0.7010707 -0.1807357 0.5417945 -0.8208493 -0.8127407 0.3841433 -0.4380488 0.08277517 -0.9909095 -0.1060507 -0.2063415 0.9130235 0.3518685 0.05774164 0.4428935 0.8947129 0.3794886 0.2407363 0.8933278 0.1853686 -0.3043128 0.934362 0.1735364 -0.5344065 0.8272212 -0.115094 -0.9787539 -0.1696893 -0.1493177 -0.3499658 -0.9247854 -0.08254599 0.9944185 0.06571364 -0.05838239 0.9933786 0.09894758 -0.1542988 0.6211963 -0.7683144 -0.2021715 0.6222625 -0.7562513 -0.3582138 -0.6240254 -0.6944605 0.490188 0.7729699 -0.4027819 0.006987154 0.01756554 0.9998214 -0.5472679 -0.6569111 0.518619 0.09018313 -0.6436704 0.7599707 -0.7033621 -0.6327564 0.3238846 0.3734279 0.7419732 0.5568011 0.1331614 0.1832711 -0.974002 -0.79008 -0.6130036 6.6506e-4 -0.6501318 -0.0868715 0.7548391 -0.507295 -0.1630861 0.8462002 0.2588811 0.4657461 0.846204 0.8177935 0.5754911 -0.004889249 0.3045665 0.4339006 0.8479207 0.8788273 0.4764425 0.02579259 -0.8861696 -0.4550176 -0.08753603 0.61772 -0.04835921 -0.7849099 -0.2594187 -0.5160075 -0.8163568 0.5162898 0.1143286 -0.8487484 -0.9281044 -0.02379006 -0.3715592 -0.7684884 0.5495232 0.3277955 -0.6661285 0.4564105 0.5898833 -0.381002 -0.5936215 -0.7088378 -0.09748762 -0.5993554 -0.7945247 -0.9516931 -0.140013 -0.2732706 -0.7911298 0.488455 0.368138 0.6402927 -0.6285685 -0.4415053 0.6751448 -0.6411733 -0.3647964 0.2171362 0.6443108 0.7332909 0.9753392 0.0578283 0.2130007 0.9272475 -0.01619255 0.3740988 0.1987895 0.7546369 0.6253048 -0.9549772 -0.2629594 -0.1373722 -0.2918495 -0.7542849 -0.5881142 0.6652286 -0.6357837 -0.3914718 -0.1896483 -0.8691068 -0.4568228 -0.5987197 0.687663 0.4106755 0.1348833 0.8473577 0.5136064 -0.9015674 -0.4186156 -0.1092575 -0.7714539 0.5254109 0.3588903 -0.1598078 0.8285766 0.536584 -0.6506623 -0.7499173 -0.1194267 0.6499679 -0.6862871 -0.326423 0.954892 -0.2568827 -0.1489722 -0.7572904 0.4707443 -0.4526711 -0.4394405 0.13454 -0.8881391 -0.3490136 -0.1365686 0.927113 -0.7761833 0.2285851 0.5876124 0.4294328 0.0102865 -0.9030403 -0.3764061 -0.04390388 0.9254139 0.8204275 -0.3515685 0.4508861 0.916174 -0.3841136 -0.114376 0.8028862 0.03494191 -0.5951076 -0.09168463 -0.05473834 0.9942826 -0.8479363 -0.3270507 -0.4171833 -0.7900962 0.3187955 -0.5235623 0.7531586 0.4028286 -0.5200781 -0.8294818 -0.2902398 -0.477201 0.4860211 0.3836394 0.7852416 0.9324601 0.3116996 0.1826515 -0.5970697 -0.318689 0.7361692 -0.3485312 -0.2470437 -0.9041547 -0.05792146 0.02177798 0.9980836 -0.9269419 0.27495 0.2553061 0.9689144 -0.223253 0.1065976 0.685983 0.2637112 -0.6781474 -0.1706016 -0.02574664 -0.9850037 -0.7334817 0.3895101 0.5570337 -0.90685 0.3725889 -0.1969788 -0.3889966 0.1209414 -0.9132661 0.4693454 -0.32953 -0.8192221 0.8954896 -0.4201566 0.1468569 0.9192792 -0.01377016 0.3933652 -0.6079373 0.08630567 0.7892805 -0.9199758 0.2021703 -0.3358153 0.987489 -0.1467611 -0.05767875 -0.856584 -0.5159819 0.005159139 0.8998975 0.4292305 -0.07710844 0.2149375 0.0683093 -0.974236 0.02999377 -0.5619148 0.8266513 0.6471004 0.7282387 -0.2256761 -0.03721594 0.4407081 -0.8968787 -0.7743442 -0.2031433 -0.5992696 -0.1662318 0.5321358 -0.8301798 0.8021705 0.2599484 0.5375402 -0.7301575 -0.5520628 0.4026122 -0.6538873 0.6084644 -0.4496695 0.4441319 0.430885 -0.7855476 -0.9728344 0.1465473 0.1792132 0.9167758 0.225273 -0.3298094 0.7230139 -0.5845956 0.3681017 -0.2399918 -0.4848942 0.8410003 -0.8509766 -0.2596884 -0.4565095 -0.1352446 0.1942756 -0.9715791 -0.6391443 -0.6447747 0.4192376 0.8202837 0.5558968 0.1345861 0.377816 0.0783509 0.9225596 0.8496632 0.4566116 0.2637773 0.4143383 -0.1446334 0.8985572 -0.7840604 -0.4349357 -0.4428097 -0.5200837 -0.1419823 -0.8422315 -0.343804 -0.8119256 0.4717794 0.4846757 0.7156577 -0.5029152 0.7085122 0.6760646 0.2023543 0.2190381 0.8668655 -0.4478465 -0.7527473 -0.4833731 -0.4469027 -0.5320808 0.2399531 -0.8119806 -0.3167292 0.2948404 -0.9015275 -0.3031904 -0.9045711 0.2997111 0.505399 -0.2739973 0.8182283 -0.6029273 0.2541819 -0.7562212 0.2552565 0.9575937 -0.1336356 0.5515157 -0.1832361 -0.8137906 -0.289178 0.8778508 0.3817776 -0.4943401 0.6644145 0.5605188 -0.5127623 -0.7570499 0.4049078 0.07531988 -0.9724937 -0.2204152 0.644879 -0.5733529 -0.5053688 0.6816761 0.6197186 -0.3889302 0.7077723 0.1475418 -0.6908616 -0.5610119 0.7086069 0.4279509 -0.6100316 -0.6449224 0.4603657 0.3845934 -0.8646523 -0.3232096 0.3366007 0.9416468 0.001173555 -0.6914619 -0.0497207 0.7207 0.2303639 0.6197031 0.750267 -0.3136016 -0.6002835 -0.7357404 -0.6333856 -0.5238807 0.5695364 -0.0996052 0.2097722 0.9726637 0.3677107 0.128242 -0.9210553 0.1731847 -0.5048608 -0.8456493 -0.43657 -0.7587146 -0.4834863 0.1622117 0.841681 0.5150346 0.5009717 0.8456792 0.1839947 -0.3591548 -0.9310191 -0.06489479 0.6154446 0.5031881 -0.6066547 -0.6737104 -0.7112864 0.2004642 -0.08208411 0.7515031 0.6546032 -0.5105881 -0.1715545 0.8425372 -0.3846958 -0.2661638 -0.883836 0.246487 -0.3858333 -0.8890315 0.5038418 0.3752085 0.7780502 0.7258664 0.624857 -0.287527 -0.2158315 -0.2606798 0.9409904 0.8976446 0.309442 -0.3138149 -0.6356334 -0.3707345 -0.6771456 -0.453512 0.4271547 -0.7822185 0.2823266 0.9422363 -0.1802286 0.7738937 0.3897982 0.4991455 0.1641897 -0.8121092 0.5599288 -0.7139342 -0.5580325 -0.4229631 -0.2274351 -0.9569549 0.1803075 -0.4467868 0.6264519 -0.6387014 -0.5930173 -0.8040424 0.04296964 -0.8338804 0.004268288 -0.5519287 0.3733168 -0.7466811 0.5505469 -0.1824473 0.8604816 -0.4756939 0.1814943 0.9491886 -0.2571008 0.8420503 0.220354 0.4923369 0.1196544 -0.907314 0.4030688 0.6830963 0.4215249 0.5964027 0.3413953 -0.1545645 0.9271241 0.03970068 -0.9916837 0.1224229 -0.3569822 -0.7535736 -0.5519879 0.1435737 0.6406657 0.7542772 -0.06865715 0.9908181 -0.116472 -0.2316822 0.1920615 -0.9536435 0.3231573 0.2821035 0.90332 0.2457363 -0.2899785 0.9249466 -0.04717856 0.9759475 -0.2128399 -0.3120694 -0.497395 -0.809451 0.3719778 -0.7994287 -0.4717482 -0.2921254 0.7066725 0.6444197 -0.2528168 0.5161156 -0.8183572 -0.08537852 0.06024289 0.9945257 -0.339527 0.8691444 0.3595962 0.1342037 -0.3527546 0.926042 0.290157 -0.7821655 0.5513856 -0.1222173 0.319456 -0.9396865 -0.2555006 0.7152264 -0.6505157 0.122339 -0.2300083 -0.9654685 -0.1802763 0.1934099 -0.9644134 0.00742805 0.8009608 0.5986707 -0.04189538 -0.9289029 0.367946 0.06211137 -0.9344346 -0.3506767 0.2646381 -0.8689104 -0.4182838 -0.8097996 -0.01542764 -0.5865039 -0.7700696 0.5363444 -0.3454385 0.7367752 0.239526 0.6322892 0.0517416 -0.9021657 -0.4282755 -0.4166542 -0.7098807 -0.5678634 -0.7411105 0.6098741 -0.2807292 0.8389446 -0.4503008 0.3056162 -0.3381565 0.3251041 -0.883152 0.1325798 0.8465835 0.5154796 0.4268389 0.5835012 0.6908944 0.263165 -0.05223965 0.9633355 -0.0381335 -0.9929656 -0.1120939 0.4241562 -0.4012926 0.8118225 0.2911334 -0.8989424 0.3273285 -0.1368449 -0.6713023 -0.7284413 -0.03150796 0.9330912 0.3582572 -0.1566831 0.9144414 -0.3731587 0.3118829 0.2679198 0.9115635 0.09888452 -0.9841717 -0.1470651 0.4297597 0.462471 0.7755174 -0.3310716 0.9425576 -0.04445981 -0.4173969 0.1421422 -0.8975386 -0.587598 0.3807092 -0.7139953 0.4164252 -0.6653244 0.6196237 -0.686861 -0.7209138 -0.09222376 -0.7579907 0.2010738 -0.6204993 -0.6146187 -0.7738966 -0.1527356 0.1448717 -0.8358585 0.5294836 0.05361139 0.9946385 -0.08843189 -0.04458624 0.8650771 -0.4996535 0.5307993 -0.5507941 0.6441103 0.8149076 -0.04411232 0.57791 -0.7645301 -0.5191321 -0.382094 0.7809348 0.6237353 0.03309655 0.8481358 -0.2955833 0.4396547 0.8361601 -0.2770321 0.473381 0.1175965 -0.9132634 0.3900272 -0.8390021 -0.5441282 3.18871e-4 0.01096445 -0.886191 0.4631904 -0.8744608 0.3221844 -0.3626507 -0.1273034 0.9424243 -0.3092415 -0.8503768 0.3381629 -0.4031193 0.7529055 0.6566297 0.04439324 -0.8330748 -0.5530313 0.01194691 0.8851533 -0.3634135 0.2905761 -0.8573416 0.47185 -0.2057254 0.092956 0.9956678 -0.002180993 0.09808248 -0.9709072 0.218447 -0.6703614 -0.6613807 -0.3364391 -0.7421687 0.4212228 -0.5213032 0.8331803 -0.295102 0.4676811 0.1420574 -0.9522748 0.2701713 0.4616512 -0.3008637 0.8344814 0.4853308 0.58665 0.6483023 0.4189196 0.6912996 0.588737 0.5197151 0.001595795 0.8543381 0.4054119 -0.3548796 0.8424379 -0.4837421 -0.6429784 -0.5937781 -0.3794993 0.8112562 -0.4447966 -0.5260726 0.2892445 -0.7997408 -0.02776491 -0.9790677 0.2016324 -0.4613561 -0.8684097 -0.1817009 -0.09307849 0.9665325 -0.2390637 0.8799832 -0.4748068 0.01371592 0.5929687 -0.2483051 0.7659849 0.416436 -0.2594889 0.8713477 -0.4749525 -0.2167801 0.852893 -0.4523901 0.2206661 0.864089 -0.2035146 0.3686795 -0.9070047 0.4177086 0.6138631 -0.6698445 0.6174243 0.08097898 -0.7824512 -0.5924525 -0.5894928 0.5490886 -0.9707416 0.1507568 -0.1869047 0.93632 0.231055 0.2644212 0.9695004 0.2384413 0.05669927 -0.4557433 0.4533566 -0.7660065 -0.9697251 -0.1911944 -0.1519144 0.3578667 0.6924865 -0.6264135 -0.9939199 -0.05291992 -0.09655505 -0.5205647 0.6204788 -0.5865311 0.7765087 0.6053767 -0.1747954 0.9943619 0.1059194 -0.005051136 0.4326592 0.7282137 -0.5315176 -0.4815031 -0.7071831 0.5177325 -0.9415195 0.3303666 -0.06632471 -0.999778 0.02026331 -0.005794286 0.5484432 -0.6496717 0.5264377 0.09582221 0.9822863 -0.1610336 0.833946 0.5517917 -0.007746338 0.9177452 0.3952441 0.03906506 -0.9473769 -0.3199934 0.009018063 -0.8908491 0.4148333 -0.1852058 -0.3275199 -0.9362047 0.1274815 0.8108453 -0.5392134 0.2275504 -0.1514492 -0.9781783 0.1422339 0.03652298 0.9991297 -0.02015143 0.824239 -0.5633822 0.05684095 -0.9282874 -0.3692058 0.04438006 -0.8256859 0.557505 -0.08620411 -0.1280632 -0.9914755 0.02400684 -0.7979308 0.6007441 0.04912459 0.8464075 -0.5325356 4.80934e-4 0.07901138 0.9955136 0.0520581 0.8766999 0.480984 0.007190048 0.937369 0.3463527 0.03713703 -0.9953612 -0.05544888 0.07862365 0.3688108 -0.9270731 0.06718599 -0.2199898 0.7906685 0.5713563 0.6159898 0.7870057 0.03433346 -0.09193652 0.6482368 0.7558682 -0.5003402 -0.8654254 0.02642959 -0.6650595 -0.1041985 0.7394854 -0.5974624 -0.8017262 0.01655167 0.7481463 0.07814389 -0.6589162 0.257499 -0.7786129 -0.5722382 0.1127985 -0.6834797 -0.7212018 -0.7521227 -0.2660011 0.6029552 0.4156432 0.8715022 -0.2602394 -0.6388183 0.7693567 0.001245081 -0.1588632 -0.8185154 0.5520826 -0.2207682 -0.9178158 0.3299633 0.2007788 0.846513 -0.4930557 -0.7689928 0.04679441 0.6375426 0.8417577 0.03567337 -0.5386756 0.3929809 -0.8767477 -0.2772717 0.567371 -0.8153261 -0.1154708 -0.5989054 0.792598 0.1144585 -0.349883 -0.7202725 0.5989904 0.6267321 0.1538111 -0.7639038 0.1589012 0.9491305 -0.2718486 -0.19554 0.7818491 0.5920102 -0.2508323 -0.02806007 0.9676238 -0.271627 -0.04237544 0.9614692 0.1306982 0.8340942 0.535915 -0.3114285 -0.8793602 0.3601915 0.5459923 0.7754187 -0.3172043 0.3181362 0.03558206 -0.947377 0.3723884 0.8371939 -0.4005415 0.4749354 -0.004220962 -0.8800107 0.03441333 -0.7803166 -0.6244372 -0.2131585 -0.9719693 -0.09919333 -0.4802705 -0.8146246 0.3251571 0.3270071 -0.8868225 0.3265157 -0.6046487 -0.2993431 0.7381014 0.6581162 -0.4420715 -0.6094719 -0.405958 -0.3696351 0.8358038 0.4698184 0.7043149 -0.532176 0.9525148 -0.1784912 -0.2466909 -0.3674647 0.9062387 -0.2090483 -0.2246366 0.9224923 -0.3139212 0.4998312 0.7389696 -0.4517663 -0.2940316 0.9544988 0.04977452 0.5674578 -0.7781874 0.2691026 -0.5268174 -0.67277 0.5194652 0.2990995 -0.954222 -3.25926e-4 0.8917067 -0.2008373 -0.4056154 0.8322494 -0.2315373 -0.5037378 -0.9923599 0.0584346 0.1086611 -0.7963202 0.2895563 0.5310661 -0.4299402 -0.8048155 0.409174 0.7463434 0.604295 -0.2789248 0.9055082 0.1429457 0.3995265 0.9583301 0.005055546 0.2856184 -0.3765978 0.760747 -0.5286192 0.4734284 0.8732173 -0.1155737 0.2308286 -0.6035097 0.7632132 -0.5844089 -0.8016082 0.126058 0.3820817 -0.7084292 0.5934153 -0.9310096 -0.2252946 -0.2871649 -0.9308752 -0.04404973 -0.3626721 0.6947669 0.6611927 -0.2830607 0.8807966 0.05472975 0.4703212 -0.6299049 -0.6045231 0.4876183 0.8383543 0.3460255 0.4212226 0.1999235 -0.1974101 0.9597187 -0.6726866 -0.3821731 -0.6335903 -0.4022417 0.7346016 -0.5464085 -0.2781138 0.4564504 -0.8451662 0.3864276 0.2350054 0.8918779 0.3285325 -0.3124838 0.8913027 0.623973 0.5398384 0.5650064 -0.391309 -0.9186663 -0.05412787 0.3335639 0.9110636 -0.2422773 0.9974336 0.05511182 -0.04570466 0.898281 -0.4383215 0.03107047 -0.07883626 -0.871231 0.4845012 -0.6733716 0.6068822 -0.4222141 0.4644863 0.7870362 -0.4059884 -0.2287683 0.7781504 -0.5849334 0.4144052 -0.7956342 0.4418537 -0.3277626 -0.606698 0.7242162 0.4518971 0.4628552 -0.7625969 -0.1936354 0.4204382 -0.8864181 0.9624614 0.1218011 -0.2425546 0.878616 -0.3814931 0.2872231 0.8543041 -0.2173933 -0.4721279 -0.3563622 0.5460198 -0.7582008 0.3778687 0.3539695 -0.8555238 -0.3099206 -0.4613778 0.8313122 -0.9723218 -0.2221138 0.0724979 -0.970967 0.1661362 0.1721101 0.8055267 -0.290654 0.5163788 0.4080772 0.6241915 -0.6662267 0.9212718 0.3870075 -0.03851604 -0.2103468 -0.6868845 0.6956608 -0.189068 0.7471553 -0.6371909 -0.8589981 -0.4501242 0.243948 0.8008366 -0.002792716 0.5988765 -0.7538902 -0.03763914 0.6559215 -0.9915059 -0.1254541 0.03431344 0.007658839 0.4411572 0.8973972 -0.5648539 -0.397149 -0.7233345 0.4493208 -0.2390655 -0.8607896 0.03008908 -0.5000209 -0.8654905 0.9696055 0.177061 -0.1688633 0.998174 0.05938428 -0.01105272 0.6854692 0.4730388 0.5535038 -0.119063 -0.1753149 0.9772865 0.6050667 0.5284106 -0.5955473 0.6093373 0.4782803 0.6324207 -0.5923298 -0.8056218 0.01091378 -0.5711606 -0.3921461 -0.7211083 -0.205098 -0.06766134 -0.9764 -0.1386584 -0.5169254 0.8447261 -0.7109197 -0.6995524 0.07224744 -0.6850404 -0.1781346 -0.7063906 0.3653327 -0.3690081 0.854614 -0.05777108 -0.6220405 0.780851 0.7730599 0.09220308 0.6275964 0.7627798 0.6045139 -0.2296302 -0.7894288 -0.5897633 0.1702397 -0.9351307 -0.09294193 -0.3418955 -0.7735541 -0.02498209 -0.6332378 0.4995235 0.7163242 -0.487192 -0.05875009 0.5738505 -0.8168502 0.05513119 -0.9270747 -0.3708005 -0.1371113 -0.8305107 0.5398634 -0.6022936 0.2643719 0.7532265 -0.4902414 0.6790502 0.5464012 0.3752317 0.7484467 -0.5468352 0.5235379 -0.7608914 -0.3833439 0.3964727 0.8112503 -0.429747 -0.6655225 0.706183 -0.2416309 0.789391 0.3465557 -0.506716 0.2862339 -0.8207558 0.4943988 0.9335133 -0.356875 0.03454506 -0.8392225 -0.4305607 0.3321495 -0.9803199 -0.08828777 0.1765736 -0.6450191 0.6357159 -0.4240467 0.1053787 -0.9443251 0.3116819 -0.3213942 0.9173299 -0.2349715 0.6714562 0.6319823 -0.386969 0.9768033 -0.1967108 -0.08461761 0.7869424 -0.4769269 -0.3914874 0.4413919 0.8854746 0.1452859 -0.7482468 -0.6595385 0.07166421 -0.9244286 -0.05848753 0.3768436 -0.7306762 0.5196176 0.4428429 -0.6561921 -0.7535029 0.04056382 0.7958153 -0.3822441 -0.4696464 -0.1581466 -0.8852943 -0.4373142 0.7557648 -0.2636888 -0.5994063 0.7424175 0.6675597 -0.05639553 -0.815965 0.3197784 0.4816045 0.7686662 0.6302 -0.1095456 -0.2849307 -0.9563745 -0.0645169 0.1480118 -0.9360053 -0.3193535 -0.677374 0.6596541 0.3256088 0.8026316 0.02531421 -0.5959378 -0.5802887 -0.7167327 0.386729 -0.5829343 0.5549169 0.5935107 0.1094307 -0.8299039 0.5470691 0.4189731 0.02331817 -0.9076992 0.6150768 -0.7245084 -0.3110757 -0.1678272 0.2272938 0.9592558 -0.1228908 0.6908543 -0.7124733 -0.780553 -0.3038542 0.5462689 -0.8505544 0.3780681 -0.3655431 0.02783638 -0.7051703 0.7084915 -0.9453006 0.3248792 0.02933359 -0.2466428 0.7493617 -0.6145116 0.5848095 0.5666583 -0.5804277 0.5406625 0.4647321 -0.7012191 -0.26556 0.8768828 -0.4006926 0.9291951 -0.3292063 -0.1679879 0.1030177 -0.8863682 0.4513744 0.9643265 -0.1886951 -0.185657 -0.7088992 -0.5669773 0.4195221 -0.6818829 -0.504926 0.529231 0.6778613 0.5990445 -0.426204 -0.9297457 0.3548465 0.09826928 -0.2188408 0.9340962 -0.282087 0.2285597 -0.9299216 0.2881081 -0.9095945 0.393862 0.1323283 0.1294181 -0.9643962 0.2306315 -0.9300045 -0.1518788 0.3347005 0.9206093 -0.3547459 -0.1631993 -0.2947049 0.9439371 -0.1487677 0.5910139 0.4994978 0.633407 0.8488658 -0.210664 0.4848171 0.09091478 0.7908058 0.6052775 -0.8557974 -0.01836216 -0.5169851 -0.7802011 0.6200788 -0.08239209 -0.7171375 -0.2786671 -0.6387946 -0.9059216 -0.2653598 -0.3299856 -0.5810725 0.8099763 0.07933002 -0.06557762 -0.8606656 -0.5049301 -0.413159 0.8937641 0.1746008 0.7804848 0.393909 0.485468 0.2147911 -0.9241025 -0.3160688 0.631396 -0.7743231 0.04198771 0.9257504 -0.2286884 -0.3011442 -0.9930909 0.06788098 0.09572219 -0.8666726 -0.3654649 0.3395791 -0.3564538 0.7839459 0.5083009 -0.6096538 -0.7827256 0.1251514 0.4874963 0.8402777 0.2372357 0.908818 0.2452536 -0.3374919 0.8443266 0.04888218 -0.5335946 0.07219755 -0.8997013 -0.4304941 -0.099608 -0.9651096 -0.2421605 -0.9429239 -0.3075704 0.1276528 -0.9310646 0.2701415 0.2452393 0.9391364 0.3429935 0.01945573 0.2428068 0.9085102 0.3400797 -0.1172354 -0.9434571 -0.3100721 -0.9747003 0.1497445 0.1659398 0.987054 -0.1242015 -0.1014809 0.6915793 -0.5938567 -0.4111599 0.7908456 -0.1444582 -0.5947226 0.6390488 -0.7490123 -0.174921 0.4490169 0.4723345 -0.7584748 0.5858127 -0.8083269 0.05857759 -0.2643305 -0.7964715 0.5438405 0.2877603 -0.9320383 0.220224 -0.9265211 0.09159082 0.3649244 -0.4858927 0.8668311 -0.1118586 -0.7121197 -0.01976311 0.7017799 -0.04368793 0.9197825 -0.3899893 -0.1314916 -0.875477 0.4650269 0.9464077 0.03381025 -0.3212 0.3032377 0.7554783 -0.580775 -0.8832822 0.3616563 -0.2983578 0.9503557 -0.1084129 0.2916693 -0.62593 -0.763096 -0.1609228 0.1345001 -0.9057772 0.4018424 0.7109274 0.6753246 0.1962625 -0.921481 -0.2110519 -0.3260827 -0.6587485 0.4433895 -0.6078291 0.4360612 -0.7638002 0.4758781 -0.6650658 -0.735333 0.1302796 -0.9795069 -0.1952967 -0.04925006 0.33249 0.8689226 -0.3666388 0.9503156 -0.0809338 0.3005831 0.3092931 0.9168531 -0.2524244 0.9701985 0.2398479 0.03446418 -0.2079423 -0.8573499 0.4708621 -0.6432645 0.7209833 -0.2576703 -0.5874388 0.681912 -0.4357886 0.6615945 -0.1842826 0.726865 0.0586692 -0.9223636 0.3818423 0.6448783 0.7055255 0.2938804 -0.7356292 -0.1944712 -0.6488687 -0.4233865 0.6600934 -0.6205003 -0.5511236 0.2482284 -0.7966464 -0.4598466 -0.8853373 -0.06869536 0.5061751 0.8613764 0.04263502 0.2501688 -0.8105629 0.5295314 -0.6876426 -0.6982271 -0.1990644 0.6498482 -0.4589766 0.6058365 -0.7432326 0.4138579 -0.5256681 -0.01374197 -0.9658829 0.2586144 0.6985986 0.6840584 0.2098196 0.1514123 -0.9405184 -0.3041374 -0.2134502 0.973002 0.08778518 0.5772397 0.6031366 0.5504731 0.72995 -0.5966559 -0.333429 -0.6762179 -0.5587973 -0.4800782 -0.6975207 0.5915335 0.4044168 -0.9342617 0.3543683 -0.0397281 0.8531763 -0.5184977 -0.05701172 0.6368796 0.4915571 0.5939327 -0.4769273 -0.6746169 -0.5634115 -0.5418207 0.8384188 0.05903005 0.7171363 -0.5288975 0.4538537 -0.4644104 0.6159031 -0.6363854 0.2596565 -0.6142972 0.7451292 0.006573259 -0.8777409 -0.4790906 0.1910281 0.6329401 0.7502635 0.1053159 -0.8076556 0.5801734 0.2341108 0.7689068 0.5949576 -0.3294801 -0.5864388 -0.7399544 -0.1338821 0.4562699 -0.8797122 0.1117967 -0.7748921 0.6221284 -0.4387996 -0.8821249 -0.1712036 -0.1365736 0.7814574 -0.6088284 0.3246119 0.3480139 0.8794962 0.2214364 -0.0122599 -0.9750978 0.5070001 -0.7984116 -0.3247923 0.03444498 -0.7889248 0.6135239 -0.166907 0.8302228 -0.5318573 -0.5574571 0.7581456 0.3383148 0.4997649 -0.1112288 -0.8589897 -0.5201578 0.5304334 0.669385 -0.3395689 0.9385374 0.06197208 0.3291159 -0.9398462 -0.09149879 -0.06647068 -0.7331315 0.6768307 0.296035 0.6241077 -0.7230857 -0.6279955 0.3335613 0.7031064 -0.176037 -0.9082998 -0.3794765 -0.4009678 0.7752755 0.4880294 -0.4333078 -0.2001054 0.8787503 0.3782277 -0.08063685 -0.9221939 -0.1863352 0.004304587 0.9824768 0.3438941 0.7372159 0.5815923 0.2208129 0.5080761 0.8325265 0.6444743 0.6062287 -0.4659826 0.5290066 0.7624939 0.3724986 0.06287461 -0.1492615 -0.9867968 -0.1870547 -0.5286056 -0.8280016 -0.5892636 -0.7304521 -0.3452654 -0.005943536 0.5464336 0.8374814 0.9375233 0.2799305 0.2066136 0.633811 0.2888957 -0.7175117 0.8216279 0.1774252 0.5417085 -0.04993981 -0.6626839 -0.7472324 0.5887846 -0.3550445 -0.7261379 -0.9997112 0.01440197 -0.0192393 -0.8774337 0.282391 0.3877702 0.7831684 -0.5017815 -0.3672367 0.4490115 -0.2645751 0.8534569 -0.2245025 0.03963452 0.9736672 -0.4296729 0.1011585 0.8973005 -0.7200162 0.3405041 -0.6046766 -0.9061497 0.3966179 -0.1469255 0.09424674 0.2490653 -0.9638901 0.9308631 -0.1770614 -0.3195985 0.4457311 -0.3655964 0.8171067 -0.4813682 -0.1610634 0.8615934 -0.9872899 0.1588781 -0.004064977 -0.1344115 -0.4594421 0.8779788 0.6591149 0.1746444 -0.7314828 0.987872 -0.1166231 0.1025094 -0.2505383 0.4957778 -0.8315258 0.9134906 -0.4047469 0.0414111 0.2781757 -0.4533775 0.8467981 0.06796771 -0.1540468 0.9857231 -0.8188692 0.5739107 0.008932709 -0.5080696 0.4948135 -0.7049999 -0.962097 0.2643287 0.06707948 -0.5495051 0.04649817 0.8341956 0.00556147 0.0610134 -0.9981216 0.4992223 0.08116263 -0.8626644 0.753008 -0.09842133 -0.6506092 0.8468576 -0.5162019 -0.1279368 -0.7328402 0.1514235 0.6633372 0.8740253 -0.1653658 0.4568741 -0.05204319 0.2579118 -0.9647658 0.6722499 -0.2949643 0.6790258 0.1696846 0.958809 0.2277994 0.9202684 0.3897138 0.03506082 0.132375 0.9237407 0.3594163 -0.7850276 0.5201382 0.3364341 0.7869894 -0.5814223 -0.2063878 -0.1618128 -0.933131 -0.3210657 0.7836531 -0.5401762 -0.3067533 -0.9144704 0.3838774 0.1279926 -0.06130725 -0.986917 -0.1491178 -0.9248243 -0.3803874 0.002333521 0.94253 0.3246152 -0.07913386 -0.8089043 -0.5621289 0.172294 -0.05646884 0.8759443 -0.479096 -0.7879804 -0.2892363 0.543534 -0.7959554 0.5738249 -0.1928213 0.1378718 -0.6783822 0.7216572 -0.02345246 -0.8518829 0.5232071 0.7957692 -0.5898742 0.1371129 0.8075736 -0.5548859 0.1998165 0.2373109 0.8455206 -0.4783081 0.8091322 0.3052195 -0.5021417 0.8713272 0.3080667 -0.3819476 -0.7827271 0.4720156 -0.4056348 0.9199244 -0.354265 0.1680341 -0.7157664 -0.6651893 -0.2126072 -0.8343238 -0.30506 0.4591756 0.7730516 -0.2246706 0.5932239 0.2240566 -0.8184381 0.5291104 0.774388 0.6243011 0.1028178 -0.1162582 0.906698 -0.4054415 0.6938098 0.6928586 0.1964052 0.7359286 0.6514392 -0.1844889 -0.7728439 -0.6192786 -0.1385871 -0.8768295 0.2680028 -0.3991798 -0.7901069 0.2105743 -0.5756645 0.8153769 -0.3397117 0.4687818 -0.1695105 0.8988026 -0.4042528 -0.8939313 -0.4432247 0.06662338 -0.8642196 0.4658738 -0.1899633 0.9754082 -0.1845507 0.1204983 -0.07411086 -0.8958166 0.4382011 0.2988875 0.9267155 -0.2277383 -0.9774807 -0.1380068 0.1596425 0.5162454 -0.7553261 0.4036993 -0.137995 -0.9650992 -0.2225777 -0.9351275 -0.2457411 0.2552408 -0.8098082 0.5348984 0.2410278 0.7941682 0.5077584 -0.3338835 0.611948 -0.7445511 -0.2667647 0.8101804 0.5814983 -0.07394313 -0.5542455 -0.8128924 -0.1789357 0.5223084 -0.5675946 -0.6364201 -0.7133963 0.1941263 0.6733356 -0.4710597 0.7956159 0.3809176 -0.09793561 -0.4133792 -0.9052769 0.9677892 0.2508464 0.02144974 0.4095911 0.6714417 0.6175768 -0.6105971 -0.5098601 -0.6059818 -0.979002 -0.1473119 0.1409055 0.9782468 -0.1065377 -0.1779976 0.3851324 -0.4963242 -0.7780331 -0.9755706 0.2162011 0.03897595 -0.3052565 0.7147466 0.6292502 -0.9847685 0.08805292 0.1499263 0.9677886 -0.2401582 -0.0755589 0.3089925 -0.7297313 -0.6099311 0.209816 0.7197573 0.6617604 0.6944847 0.4617398 0.5518037 -0.6301406 -0.5166338 -0.579666 -0.9416472 -0.1845635 -0.2814903 0.713169 -0.6522367 -0.2568601 0.4712523 -0.8785545 -0.07786703 -0.4119232 -0.9014906 -0.1327933 -0.9268611 0.1316035 -0.3515809 0.7890377 0.2194877 0.5737985 0.6544507 -0.7287937 0.2013804 0.475558 0.8689023 0.1373078 -0.5378642 0.8325797 -0.1323381 0.2739698 0.8942005 -0.3540425 -0.4107729 0.2613227 -0.8734851 0.1389042 0.7220619 -0.6777406 -0.5133908 -0.3740231 -0.772358 -0.3828709 0.2924099 -0.8763027 0.4718055 -0.159955 0.8670721 -0.2710088 -0.8820257 0.3854673 0.3119758 -0.115782 0.9430089 0.08329719 0.9038609 -0.4196393 0.586506 0.6948719 0.4161294 -0.1082584 -0.9355223 0.3362711 0.5251698 0.7657673 0.3712105 -0.6202188 -0.5541276 -0.5552219 -0.4881545 0.4248916 -0.7623466 0.5697717 -0.3644588 0.7365663 -0.1793086 0.9117652 -0.3695035 0.4984963 0.7815594 0.3750553 0.02872747 -0.9860103 0.1641906 -0.6630567 0.42089 -0.6190375 0.7173306 -0.3908604 0.5767713 -0.211512 0.9680787 -0.1344854 0.354925 0.8152328 0.4576283 0.3044845 -0.9143288 0.2670056 -0.6559717 -0.5814571 -0.4812576 -0.8626458 -0.04511111 -0.503793 0.5198062 -0.8508537 -0.07648181 0.3548715 -0.5900145 -0.7252236 0.2300978 -0.2277416 0.9461442 0.06436681 0.1397007 0.9880996 -0.1325945 0.02815407 -0.9907705 -0.5574124 0.8289422 -0.04632681 -0.2937562 0.9246385 -0.2423861 -0.8512 0.4891957 -0.1901214 -0.3883759 -0.3120976 -0.8670405 -0.845259 0.413052 0.3390066 -0.3326664 -0.4630851 -0.821514 0.8006101 0.1351783 0.5837382 0.9404163 -0.2233034 0.2564231 0.9050573 -0.3665151 -0.2157272 -0.6011285 0.6097481 0.5165771 -0.08610105 0.5466207 0.832942 -0.05171734 0.7794352 0.6243447 0.8530961 0.1457525 0.5009823 0.7703649 0.1682586 0.6150016 0.01257127 0.8477158 0.5303017 -0.2220584 0.935173 0.2759374 -0.7798733 0.6092008 -0.143778 -0.6634656 -0.5918002 -0.4578057 -0.7950546 -0.2554685 -0.5501129 0.8854284 -0.2929793 0.3608042 0.7305067 -0.6816698 0.04106563 0.5218642 -0.8193013 -0.2374935 -0.5370614 -0.7698229 0.3448736 -0.9171012 -0.07575994 0.3913896 -0.9014316 0.3191829 0.2924781 0.2520233 0.9181087 -0.3058769 0.9191276 -0.06613898 -0.3883684 0.5650035 -0.819156 -0.09876501 -0.248604 0.9670811 -0.0543155 0.942331 -0.2841677 -0.1768082 -0.6471339 -0.7264146 0.2313864 -0.9430763 0.2810931 0.1777461 -0.2079352 0.9754247 -0.07286792 0.707129 0.637793 -0.3052684 0.2715177 -0.9615647 0.04088515 -0.5730344 -0.8031697 0.1629419 -0.9085189 0.4061687 -0.09808504 0.3769124 0.9066768 0.189405 0.7940213 -0.6052111 0.05700796 0.9620214 -0.2224 -0.1582816 -0.6397297 -0.3213614 -0.6981925 -0.4604889 -0.8834958 0.08593732 0.7906803 0.6122232 0.002711832 0.6819381 0.2522573 0.6865324 0.2372635 -0.8890371 0.3915601 0.3975044 -0.9054762 0.1486712 -0.4665127 -0.3788313 -0.7992828 0.387934 0.5156599 0.7639386 0.3373776 -0.6162046 0.7116658 -0.6565085 -0.2975507 -0.6931524 0.1515696 0.9869786 0.05385047 0.8500879 -0.07557165 -0.5211907 -0.3749225 -0.3914861 -0.8403403 -0.9083976 -0.03122889 -0.4169397 -0.996592 -0.01897042 -0.08027774 0.42707 -0.4770663 -0.7681269 -0.5618455 -0.5461035 -0.6213699 0.9860301 -0.1194112 -0.1161279 -0.5519772 0.4906097 0.6742577 0.4294244 0.6247664 0.6521211 0.4512096 0.4286136 0.7827517 -0.6028642 0.5845257 0.5430327 0.9984313 -0.04369491 0.03501325 0.3987008 -0.6629912 -0.6336247 -0.3917666 0.9190136 0.04396706 0.8351447 0.4018583 0.3755573 -0.9256627 0.1335774 -0.3539853 0.5866496 -0.7001949 -0.4069023 -0.331564 -0.8723424 -0.3592826 0.5844616 -0.6974261 0.4147307 -0.7983318 -0.2838035 -0.5311517 0.12463 0.9917962 -0.02842038 0.7415387 -0.5250629 0.4176473 0.6399056 0.4654862 0.6114274 -0.8624083 0.439674 -0.2508763 0.04729723 -0.9984002 0.03098839 -0.04714936 0.7983627 -0.6003283 0.8976048 -0.01038205 -0.440679 -0.6049961 0.6733877 -0.424887 0.3364955 -0.8292559 0.4462125 -0.8490074 -0.2294958 0.4759394 0.12736 -0.8073855 0.5761147 0.7651724 0.3985481 -0.5056391 0.93701 -0.3490357 -0.0136547 0.5972418 -0.7621384 0.2498952 -0.7833576 -0.6148184 -0.09137392 0.8834925 0.3761593 -0.2791871 0.2893348 0.943065 -0.1640543 0.8125915 0.2708568 0.5160734 0.7012966 0.6293865 0.3347473 0.6797198 -0.4968636 0.539544 -0.2529828 0.9549018 -0.1554423 0.9612147 -0.08991152 0.2607342 -0.004391789 -0.9642605 0.2649198 0.8418429 0.5300269 -0.101844 -0.913471 0.310191 -0.2633484 -0.5372876 0.8245431 0.1773435 -0.1767203 0.9392442 -0.2942624 0.2653704 -0.9632579 -0.04138773 -0.3115152 -0.7728525 0.552863 -0.8428362 -0.3364674 0.4200202 -0.1624345 0.9559443 0.2445108 0.7894198 -0.152853 -0.5945186 0.5913568 0.7565185 0.2792435 0.9768624 -0.1591131 -0.1429087 -0.1292701 0.9161509 0.3794165 -0.6892946 0.669633 0.2765224 0.9963929 0.06562817 -0.05379939 0.3090974 0.9314731 0.1918768 0.9977476 0.0123924 -0.06592535 0.5135465 -0.7960294 -0.3203238 0.5875214 -0.7989061 -0.1287162 -0.293146 -0.9311332 -0.2169256 -0.3895442 -0.9165106 -0.09090501 -0.4284247 -0.9034518 -0.01507353 -0.9708263 -0.2395403 0.01081204 0.6371088 -0.7705466 0.01872175 -0.9364373 0.3506472 0.01148086 -0.5689114 0.8092364 0.1465479 0.9938454 0.1038321 0.03860354 -0.5701871 0.8194754 -0.05785173 0.3647982 0.9290978 0.06082624 0.7204008 0.6932622 -0.02025777 -0.9867194 0.1623149 -0.006233632 0.8357546 -0.5451482 0.0657857 -0.4322994 0.4538417 0.7791951 -0.9367256 -0.2930554 -0.191478 0.2196443 0.4981341 0.8388199 0.8461655 0.174838 0.5034238 0.8406254 -0.2640759 -0.4728774 -0.4000215 -0.4165759 -0.8163623 0.773804 -0.3576974 -0.5227621 -0.9885875 0.08758383 -0.1225721 -0.6524613 0.6465808 0.3952564 0.6442245 -0.5705416 -0.5093694 0.6125125 -0.1866865 0.7680994 -0.6271771 0.1513145 -0.7640373 0.3647953 -0.8331769 -0.4156209 -0.5185652 0.8548011 0.0201314 -0.2457718 0.06151956 -0.9673736 -0.04298317 0.3529344 0.9346603 0.181994 -0.7336183 -0.6547385 -0.1122965 0.9675092 -0.2265294 0.22802 0.2291176 -0.9463149 -0.01657772 -0.9972743 -0.07189714 -0.2006052 -0.2202428 0.9545946 0.2911196 -0.1947668 -0.9366511 -0.1272761 0.8830021 0.4517835 -0.2137909 0.9755488 -0.05097186 -0.3506662 -0.4918849 0.7969207 0.2343671 -0.9689481 0.07881432 0.3425573 -0.4023089 -0.8490006 -0.07261389 0.8791987 0.4708896 0.1572698 0.8461389 -0.50923 0.5586277 0.6722007 0.4858821 0.7770037 0.4660532 -0.4231546 -0.7670822 -0.3588265 0.5318161 0.1483678 -0.7109259 -0.6874383 -0.7547571 -0.5943097 -0.2777369 0.9308094 -0.1440306 -0.3359302 -0.758109 0.4772793 0.444382 0.5302397 -0.7325162 -0.4269261 -0.998 -0.06128168 -0.01550745 0.4474723 0.6329212 0.6318064 0.9062384 -0.4221857 0.02216619 0.45261 -0.8723859 0.1846274 -0.5189101 -0.8318408 0.1969089 0.971668 0.2360821 -0.01125746 0.5717219 0.7875098 -0.2301359 -0.7571573 -0.6483356 0.07983577 -0.9838473 0.1790042 0.001401484 -0.7646919 0.6333998 -0.1185376 -0.3203248 -0.9196208 0.2273535 0.631479 0.5081464 -0.5856806 0.814481 -0.5790065 -0.03704351 -0.6049338 0.7648885 -0.2213615 -0.1339413 0.9777194 -0.1616314 -0.7982597 -0.04854285 0.6003541 0.382443 -0.5830264 0.7168108 -0.8598233 0.284955 0.4236798 -0.3154448 -0.1749328 0.9326806 0.9807664 -0.1526017 -0.1216962 0.8769312 -0.4050788 -0.2586559 0.4756969 0.2874979 -0.8312987 -0.9718016 0.2142361 -0.0985127 0.7023463 -0.4636684 0.5401124 0.4918946 0.5595757 -0.6670194 -0.4205308 0.6301845 -0.6527032 -0.4627997 0.6098746 -0.6433269 -0.40839 -0.6556342 0.6351075 -0.9589299 0.1472542 -0.2424246 0.9917027 0.07062619 0.1074143 0.7672929 -0.3106701 0.5610221 0.006021142 0.8498963 -0.5269156 0.5427195 0.642146 -0.5413908 -0.8503452 -0.4268906 0.307697 -0.362479 0.231927 -0.9026733 0.5370323 0.818314 -0.204838 0.8274162 0.411193 0.3824955 -0.6981573 -0.7148526 -0.03952497 -0.1975631 -0.8694957 0.4527099 -0.01178514 -0.7812638 0.6240898 -0.7490723 0.1431725 -0.6468327 -0.2329005 0.6012337 -0.7643791 0.6188232 0.762061 -0.1905802 -0.2654713 0.7249868 -0.6355463 -0.9365546 -0.02339506 -0.3497403 -0.8728525 -0.4843953 0.05907398 -0.2176439 0.8501283 -0.4794925 -0.9528836 0.1943358 -0.2329085 0.2793729 -0.837115 0.4703078 0.05885469 -0.8368325 0.5442863 0.7143687 0.6632165 -0.2232067 0.01186168 -0.8844472 0.4664894 -0.9033668 -0.3146182 -0.2914517 -0.03722828 -0.7842863 0.6192813 0.9076557 0.1449964 0.3938747 0.04687416 0.7663363 -0.6407273 0.3571336 0.9340343 0.005975365 -0.8069225 0.2555534 -0.5325117 -0.7782163 -0.6092764 -0.1521903 0.8497416 -0.1447694 0.506933 -0.1321126 0.8837274 -0.4489679 -0.3123242 -0.9081901 -0.2786476 0.9127265 -0.1049388 0.3948649 0.0799207 0.8655748 0.4943613 -0.8324418 0.4795341 -0.2776467 -0.584513 0.7850468 0.2050523 0.2970752 0.8449394 0.4447741 -0.803942 0.592078 -0.05586403 -0.9266592 0.1828461 -0.3284358 0.2366814 -0.9650948 -0.1121342 -0.6234806 -0.6398029 -0.4493599 0.3763266 -0.8761755 -0.3011558 0.9001171 -0.2280111 0.3712146 0.9219346 -0.359556 0.1440698 0.3813972 0.7734428 0.5062831 -0.8964978 -0.2511916 -0.3649582 0.4314757 -0.6338449 0.6419264 0.2391099 0.839451 0.4880048 0.3548345 0.5261645 0.7728153 -0.5170319 0.5205629 -0.6794795 -0.1572769 0.7591797 -0.6315935 0.2895572 -0.6412231 0.7106263 -0.2312206 -0.888599 -0.3961426 -0.07881617 -0.7544823 -0.6515707 -0.2784268 -0.6284312 -0.7263283 0.01939493 0.896979 0.4416476 -0.4637846 0.5499933 -0.6945583 -0.8617992 0.3258457 0.3887501 -0.4649962 0.7493575 0.4714254 0.6589189 -0.6243137 0.419593 0.1419861 -0.04692757 -0.9887557 0.6121384 -0.6900873 -0.3860911 0.05930382 -0.05178809 0.9968957 0.7122169 -0.2555597 0.6537862 0.7530775 -0.5112355 -0.414141 -0.03680568 0.3218978 0.9460588 0.4415373 -0.5871832 -0.6784253 0.7877987 -0.6153506 0.0267775 -0.8148888 0.5604677 -0.1477572 -0.3267818 0.5994836 0.7306388 -0.8011384 0.2972223 -0.5194578 -0.5253289 -0.09687852 -0.8453663 -0.8592491 0.2893698 -0.4218486 -0.6951746 0.5229402 0.49322 0.8816295 0.4718239 0.01056653 0.8285034 -0.3429912 0.4426501 -0.2182444 -0.6021354 -0.767986 0.2257574 -0.722145 -0.6538656 0.3505536 0.8127914 0.4652766 -0.6933785 -0.6791002 -0.2409338 -0.9099544 0.1659603 0.3800532 -0.8242862 -0.5316907 -0.1945693 0.907642 0.3809997 0.1761403 0.9619222 0.02785646 -0.2718999 -0.1089045 0.8715207 0.4781125 -0.9372429 0.282541 0.2043192 -0.7325487 -0.5882422 -0.3425545 -0.7414783 -0.579445 -0.3383097 -0.3446357 0.813367 0.4686796 0.934897 -0.3150562 -0.1634241 0.8819625 -0.4640511 -0.08245486 0.1852258 -0.8417252 -0.5071393 0.3844909 0.843569 -0.3749107 -0.03971296 0.6831676 0.729181 -0.1929128 -0.149717 0.9697265 -0.1940704 -0.6527363 0.7323059 -0.152077 -0.9826552 -0.1061199 0.1281678 -0.3677827 -0.921037 0.04659104 -0.8249832 -0.5632336 0.216089 0.8446148 -0.4898281 0.0958696 0.5695059 -0.8163774 -0.09333431 -0.4895424 -0.8669701 0.06276065 0.9883777 -0.1384584 0.09337878 0.6534047 0.7512275 0.01871544 -0.5896288 0.8074575 -0.0457282 -0.9975482 -0.05297607 0.1916376 0.5598 0.8061632 -0.1221117 0.5208787 -0.8448516 -0.2312958 -0.3500789 -0.9077153 -0.02965193 0.9991733 -0.02781516 0.2644343 -0.5384181 0.8001128 0.04659533 -0.9909099 -0.126201 -0.3913168 -0.352476 -0.8500776 -0.3619964 0.4570033 -0.8124696 -0.4394088 0.8388333 -0.3213699 0.3817981 0.363373 0.8498178 0.4901638 -0.5338098 0.6890476 -0.511393 0.5100349 -0.6916225 -0.1934491 -0.9400926 -0.2807195 0.6264669 0.3334997 0.7044978 0.06010216 -0.8730462 0.4839196 0.5767696 0.3410174 0.7423233 0.08117365 0.9288793 -0.3613783 -0.5481408 -0.3566251 -0.7565448 -0.3969073 0.4987758 -0.7705111 -0.5910772 -0.6909274 -0.4162297 -0.3581457 -0.9331225 0.03184366 -0.3616068 0.6651464 -0.6533153 0.3570845 -0.6891094 0.6305703 0.3711866 0.9265998 -0.0602774 0.5024492 -0.7752255 0.3828449 -0.5336782 -0.8352912 0.1321977 0.4084956 -0.7030642 0.5820929 0.4866087 0.8590382 -0.1589512 0.8985588 0.1071285 0.4255768 0.3927848 0.9097335 -0.1345552 -0.9229615 0.3370499 -0.1858481 -0.849017 -0.3028347 -0.432968 -0.4690899 -0.8831329 0.00556761 0.7566143 0.5512698 0.3516198 0.2748438 -0.8271821 -0.4901337 -0.2845886 0.8256723 0.4871085 -0.302713 0.9122232 -0.2760685 0.7636176 0.4052644 0.502642 -0.6214971 -0.5059849 -0.5980976 0.7012748 -0.675386 -0.2281829 0.7091595 0.3673413 0.6017916 0.04445803 -0.9355989 -0.3502545 -0.8469207 0.5309673 -0.02826839 -0.3098213 -0.774636 -0.5513166 0.03970921 0.372868 -0.9270343 0.4119909 0.8094537 -0.4183877 -0.3191925 -0.884164 0.341131 -0.4308253 -0.4174489 -0.8000788 0.09564185 -0.2142844 0.9720776 0.002373337 -0.9999716 0.007164955 0.434458 0.8938331 -0.110944 0.4245418 0.7413424 0.5197843 0.3308542 0.3670395 0.8693777 -0.2488295 0.7843385 0.5682404 0.01057362 -0.860364 -0.5095704 0.1010988 -0.4280851 -0.8980659 0.2991927 -0.9484648 -0.1043956 0.2119777 -0.3326489 0.918918 0.6414484 -0.7450485 -0.1828846 0.1663311 -0.8473162 0.5043702 0.004681527 -0.2349291 -0.9720013 -0.1370272 0.108998 0.9845522 0.0136466 0.475316 0.8797093 0.5898108 -0.7885807 0.173965 -0.6330462 0.7736771 0.02600944 -0.4465218 0.8623656 0.2386293 0.04758089 -0.009479403 -0.9988225 -0.3591879 0.6244565 -0.6935692 0.3622022 -0.7773935 0.5142655 -0.04374146 -0.01761889 -0.9988875 -0.5095574 0.7385172 0.4415242 -0.5622555 0.09893083 0.8210246 -0.9276494 0.3721347 -0.03134298 0.04404687 -0.2915015 0.9555557 0.2516363 -0.3766231 0.8915349 0.885968 -0.4622939 -0.03667765 -0.4091353 0.4842863 -0.7733531 0.516593 -0.01492863 -0.856101 0.1775548 0.0640363 -0.9820253 -0.9900442 0.1406986 0.004043817 0.8989986 -0.4378001 0.0115208 0.5524649 -0.2133972 0.8057569 0.7527587 -0.01321172 -0.658164 0.2803657 0.1174629 0.9526792 -0.4306657 -0.0232864 0.9022111 0.9719565 0.2164828 0.09184652 0.9624916 0.1523661 0.2244874 -0.423134 -0.1009635 -0.9004244 0.5366812 0.2447141 -0.8075199 0.7357081 0.1143103 0.6675828 -0.9288533 -0.3578239 -0.09588432 -0.9807879 -0.174192 -0.08782082 -0.3636938 0.1150469 -0.9243869 0.1250904 0.665733 -0.7356303 0.8063321 0.5706857 0.1553914 0.5304316 0.5893548 -0.6093468 0.9223404 0.3505879 0.1624082 -0.6666216 0.2089046 -0.715524 -0.3688752 -0.6919203 0.6206266 -0.9526084 -0.3034499 0.02134341 -0.8232674 -0.4671559 -0.3224844 -0.4331825 -0.6163108 0.657658 0.1444536 0.6740652 -0.7244096 0.3278574 -0.5023465 0.8000984 0.6303091 -0.320149 0.7072589 0.7392817 0.5677481 -0.3621117 -0.9599308 0.1968153 -0.1994912 -0.04356342 0.9944638 -0.09562563 0.4022491 0.6724986 -0.6212419 -0.4979515 0.7052162 0.5046923 0.5730403 -0.4974111 -0.6513119 0.2042781 -0.9775044 -0.05249327 0.08864724 -0.9957433 0.02523654 0.7098418 -0.4364431 -0.5528492 -0.6576123 0.4538975 0.6012679 -0.5040984 -0.549968 0.6658979 -0.4722579 -0.5435667 0.6939076 -0.7519128 0.3326618 0.5691778 0.5946443 0.5405024 -0.5951935 0.5093995 0.5466135 -0.6646246 -0.638068 -0.4714652 0.6087609 -0.005315661 0.9786766 -0.2053387 0.3323135 -0.9412327 0.06040644 0.791086 -0.41355 -0.4507321 0.9315912 0.1541739 -0.3291934 -0.6884261 0.7232874 -0.05408138 -0.4785082 0.3649049 -0.7986704 -0.4971899 0.6007549 0.6260157 -0.3450228 0.4169538 0.8408976 0.4319618 -0.2698643 0.8605709 0.7238873 -0.6872513 -0.06060415 0.7184168 -0.6952257 -0.02321058 0.4035564 -0.2721042 -0.8735569 0.3260313 -0.4130946 -0.8503273 0.4361881 -0.3968807 0.807605 -0.7141312 0.6964892 -0.07013934 -0.3356449 0.4144233 -0.845929 -0.5157359 0.3188599 0.7952012 0.7178449 -0.2910897 -0.6324284 0.3021338 -0.3822848 0.8732545 -0.6096324 0.7862447 0.1008353 -0.1814076 -0.5635963 0.805885 -0.3359035 0.8223564 0.4592372 -0.4938509 0.01467913 0.8694227 0.403805 -0.773467 -0.4885595 0.3245789 -0.8682802 -0.3751507 0.2466926 0.5492133 -0.7984407 0.0173195 0.807339 -0.5898337 -0.7035537 -0.5287717 0.4747763 -0.921189 0.3890867 -0.004747331 -0.7216232 -0.4592353 0.5180375 0.253172 -0.8190242 0.5148819 0.7344062 0.4870358 -0.4726983 0.9648749 -0.2622865 0.01491081 0.9299246 -0.3655278 0.04036945 -0.1313803 0.8663921 -0.4817717 -0.2405995 0.8463849 -0.4751259 0.2687351 -0.8524903 0.448377 0.7327409 0.5835102 -0.3501524 -0.9184876 0.3807732 -0.1067349 0.970404 -0.2168549 0.1062551 -0.1537726 0.9259786 -0.3448445 0.7601455 0.6299623 -0.1591434 -0.6841582 -0.6741784 0.2782286 0.162621 -0.9246829 0.3442615 -0.9222395 0.3614713 -0.13716 -0.04225879 0.8808124 -0.471576 0.9341591 -0.3568496 -0.002321898 0.5234593 -0.4256482 0.7381153 0.3122049 -0.4600274 0.8312057 -0.9642673 0.264006 0.02212268 -0.2539526 0.4805716 -0.8393802 -0.9494103 0.3038758 0.07924413 0.9837356 -0.1371744 0.1159629 -0.1556625 0.4723907 -0.8675346 0.6698909 0.3925355 -0.6302079 0.6204151 0.1607695 -0.7676186 -0.9851451 -0.07479083 0.1545817 0.6294842 -0.1818925 0.7554236 -0.492006 -0.3687156 0.7886564 0.3502512 -0.4143713 0.8400124 0.1803082 0.5860048 -0.789992 0.4465594 0.8947437 -0.004307389 0.2284507 0.4887117 0.8420043 0.5023865 0.8641804 -0.02828687 -0.5080583 -0.8607614 -0.03109204 -0.288851 -0.3926007 -0.8731724 -0.2178281 -0.4295511 -0.8763771 0.2868162 0.4316618 0.855222 -0.2532538 -0.4364238 0.8633638 -0.4586009 -0.8830066 -0.09992271 0.2782563 0.9590882 0.05218714 0.01965069 0.5480502 -0.8362147 0.2373796 0.4269453 -0.8725645 -0.3417348 -0.01450204 -0.9396845 0.06542164 -0.600511 0.7969357 0.2408683 -0.9640527 -0.1121824 0.5904194 -0.5374237 0.6021468 -0.2845918 -0.4527589 -0.8449952 0.3456671 0.4128708 0.8426459 0.2470291 0.498153 0.831156 -0.6765613 0.4484531 -0.5840846 -0.4998671 0.5963549 -0.6280875 0.6477047 -0.5348111 0.5426377 0.1476281 -0.9337254 -0.3261333 -0.472019 -0.4923794 -0.7312732 -0.3141414 0.9230785 0.2219035 0.4582046 0.3809581 0.8030688 -0.6852546 -3.81292e-4 -0.7283035 -0.1605827 0.9667003 0.1992579 0.9006964 -0.2747209 -0.3365628 0.1366657 -0.8379333 -0.5283846 0.8659971 -0.1431581 -0.4791188 0.2370539 -0.7526513 -0.6142651 0.3155499 0.4733707 0.8224042 0.8672875 0.4031531 0.2920276 0.00604248 0.7893396 0.6139272 -0.7696099 0.01283097 -0.6383854 -0.8227688 -0.546433 -0.1564048 0.2135446 -0.5459515 -0.8101454 0.4451814 -0.2657275 0.8551038 0.8789342 -0.4631674 0.1138011 -0.7353523 0.6421654 0.2165193 -0.1442056 0.1400779 0.979583 0.4586181 -0.8031637 -0.38026 -0.6257571 0.4135829 -0.6613451 0.3922579 -0.7546236 -0.5260011 -0.7312304 -0.2749239 -0.6242747 -0.8815412 0.4051949 -0.2422854 0.7702895 0.1609416 0.6170511 0.7507087 -0.6557092 0.08051192 0.5453858 0.5194921 0.657786 -0.7893153 0.6118826 -0.05080544 0.03400391 0.8390137 0.5430467 -0.002551794 -0.8680342 -0.496498 -0.01851236 0.2740432 0.9615392 0.5968382 0.1919296 0.7790682 -0.09346938 0.7892318 0.6069405 -0.7003801 -0.1459356 -0.698692 -0.8053712 0.3099238 -0.5052964 -0.7337316 0.6793404 -0.01160222 0.7327699 -0.6180188 -0.2847825 0.1005091 -0.789621 -0.6053071 0.7458372 -0.6272141 0.2243424 0.6469168 -0.4080361 0.644209 -0.8891761 0.357397 0.2857157 0.1296771 -0.3176779 -0.9392895 -0.3334145 -0.3067306 -0.8914882 0.7675214 0.1408188 -0.6253647 -0.8222739 -0.4919217 -0.2861447 -0.4463754 -0.1514722 0.8819327 -0.8438245 -0.5365483 0.00874406 0.8374933 0.5463182 -0.01189148 0.4051477 0.4141535 0.8150659 0.09689694 0.1264773 0.9872257 0.4572636 0.2617018 -0.8499543 0.2956246 0.2287822 0.9275047 0.4363831 0.2133452 -0.8741016 -0.7608402 -0.09299856 0.642241 -0.8263159 -0.5608687 0.05126917 -0.7116462 -0.2156296 -0.6686282 -0.9959079 0.08948075 -0.0126751 0.8014666 -0.09333032 -0.5907121 0.8295272 0.5575694 -0.03163838 -0.1548595 0.2909882 0.9441104 -0.6883884 0.1097104 -0.7169973 0.9649767 -0.04418146 -0.2585888 0.2147468 0.4206336 0.8814484 0.928048 -0.101896 0.3582514 -0.6960535 0.6547489 0.2946414 0.5910113 -0.7304889 -0.3421865 -0.9418284 0.06112909 -0.3304883 -0.2257624 -0.4985631 -0.8369386 0.8167635 0.2193847 -0.5336365 -0.00430876 -0.9717339 0.2360398 0.6958756 0.4325338 -0.5732989 -0.09652924 -0.9348704 0.3416132 -0.03656703 -0.842821 0.5369502 -0.8054404 -0.4634141 0.3694768 -0.8372181 0.3656474 -0.4066544 0.8258668 0.4752369 -0.30347 0.8996101 -0.1968946 0.3897874 -0.1345972 0.8465317 -0.5150417 -0.3307836 0.8297758 -0.4495047 0.1370658 0.938017 0.318335 -0.3019826 -0.205564 -0.9308868 0.2327932 0.03968524 0.9717162 -0.2406067 -0.8750244 -0.4200484 0.2867393 -0.7876468 0.5453377 0.2102696 0.9691094 -0.1288946 0.09258288 0.5073615 -0.8567454 0.187774 0.9806926 0.05461597 -0.008390486 0.4668563 0.8842934 0.1251298 0.4957788 0.8593869 0.3613131 0.9320778 -0.02614885 0.1991355 0.4684475 -0.8607568 0.1472308 0.5599038 0.8153716 0.4645138 0.5536644 -0.691146 -0.8566322 -0.508448 -0.0875324 -0.2136741 -0.1954277 0.957158 -0.3070875 -0.946847 -0.0958032 -0.327959 -0.2491835 -0.9112358 -0.01476025 -0.4425537 -0.8966206 0.487387 0.2974326 -0.8209676 0.4204881 0.07739269 0.9039913 0.3982838 0.2833439 0.8724026 0.8653823 0.3810378 0.3254597 0.830268 0.5487428 0.09765541 0.3812891 0.1528478 -0.9117326 -0.429475 -0.1267758 -0.894136 -0.4270635 -0.2179883 0.8775522 -0.486653 -0.3078763 0.8175458 0.7242347 0.2796592 0.6302976 0.9186156 0.3854405 -0.08706921 -0.9409177 -0.259012 -0.2181437 -0.8856626 -0.462901 -0.03639286 -0.1457355 -0.2231314 -0.9638328 -0.6426081 0.3361033 0.6885416 0.5434291 -0.4174268 -0.7283129 0.6995769 -0.2475757 -0.6702973 -0.4387879 -0.4439615 -0.7812577 -0.974933 -0.01851177 -0.2217277 -0.8398013 0.08906596 0.5355383 0.3502709 0.3908386 0.8512082 -0.6582053 0.4034691 0.6355931 0.09050691 -0.5499145 -0.8303028 0.8855528 0.1955485 0.4213753 -0.1328827 -0.623398 0.7705305 -0.6433289 0.1591301 0.7488695 0.31535 -0.8980407 0.3067207 -0.5356596 0.271658 0.7995441 -0.4127755 0.9091909 0.05466485 0.3180401 -0.9357732 0.1522468 0.6048469 -0.1954182 -0.7719922 0.1780899 0.715076 -0.6759811 -0.2053854 0.8301711 -0.5182982 0.6024646 -0.05276912 -0.7963994 -0.6010941 0.6148575 0.5105253 0.4580304 0.5413984 -0.7050503 0.01108837 -0.855216 0.518153 -0.9593806 -0.05910253 0.2758548 -0.5753677 0.7493013 -0.3278715 0.664493 -0.6535339 0.3624122 0.674808 -0.6896395 0.2627388 0.9762342 0.07043743 -0.2049523 0.9638755 -0.03079169 -0.2645677 -0.6752139 0.6697064 -0.3091596 0.2906829 0.7773054 -0.5579425 -0.02331054 0.9269809 -0.3743836 -0.3436049 -0.7360063 0.5832929 -0.6889344 -0.3771474 0.6189744 -0.9560067 -0.03787207 0.29089 0.8624255 -0.5049597 0.03518962 0.2267392 0.5221436 0.8221651 -0.05469304 0.9487911 -0.3111338 0.1240265 -0.2322205 0.9647234 0.06521373 -0.4938662 0.867089 -0.1509689 -0.9884943 -0.009346306 -0.02053546 0.5084258 -0.860861 -0.1831124 -0.4627236 -0.8673851 -0.2347663 -0.7611798 -0.6045579 0.2088865 0.9773713 -0.03334659 0.3206406 0.6819639 0.6573545 -0.1152208 -0.9452933 0.3051966 -0.5980548 -0.727651 -0.3359385 -0.380338 -0.3663094 0.8492116 0.02024626 0.2509307 0.9677934 0.2138523 0.4613908 0.8610377 0.5989385 0.8006191 -0.01678282 -0.1789032 -0.4813957 -0.8580512 -0.5593572 -0.8289123 -0.004920542 0.4016259 0.3107064 -0.8614861 0.4777138 0.6121436 -0.6301348 -0.4496865 -0.5661208 0.6908614 0.5754671 0.7608659 0.2998678 -0.224258 0.9377632 -0.2651575 0.419955 0.08962732 -0.9031084 -0.6482943 0.6235732 0.4368879 0.5203487 -0.828137 -0.2083901 -0.05136501 -0.8902605 0.4525461 0.7730873 -0.3106403 -0.553027 0.4519656 0.371616 -0.8109431 0.6190986 -0.7852523 -0.009788215 -0.7151098 0.2174695 0.6643229 -0.5389567 0.8395218 -0.0687685 -0.1495176 -0.7981485 0.5836127 -0.8786947 0.2174344 0.4249917 -0.3105065 -0.7333005 0.6048604 -0.5649192 0.7855896 -0.2524193 0.3282574 0.6975977 -0.6368709 0.9378325 -0.2842644 0.1991587 0.5715999 -0.7864394 0.2340661 0.876048 -0.2479849 -0.413574 0.7832844 0.5827273 -0.2165512 -0.9318897 -0.3046 0.1969783 -0.731031 0.4833773 -0.4816015 0.7015858 0.6291626 0.3345622 0.4692148 -0.825022 0.3149225 -0.167609 0.985445 0.0283811 -0.7123066 -0.4967223 -0.4958693 0.5677261 -0.5062837 0.6491256 0.5183973 0.4186221 0.7456674 0.1314038 -0.6977942 0.7041422 0.4975917 0.7868521 0.3650567 0.4311639 0.9018798 0.02665722 -0.1541869 0.5387449 -0.8282394 -0.3556878 -0.9330584 0.05374306 -0.5851871 -0.402362 -0.704032 -0.467352 -0.6443348 -0.6053221 -0.1922581 0.6396819 -0.744207 0.7341554 0.3350778 0.590541 -0.6645259 -0.722391 -0.1911975 -0.8168075 -0.2944833 -0.4960898 -0.245199 0.5641153 -0.7884489 0.516222 0.7762894 -0.3617867 -0.6143245 0.456656 -0.6434833 0.1693738 -0.6638449 0.7284384 -0.3666092 -0.7722636 0.5188513 -0.8099032 -0.5859662 -0.02646988 0.8874287 0.3512891 0.2984401 0.3723192 -0.6508294 0.6616642 -0.2473631 0.3565356 0.9009405 -0.5306752 0.7905954 0.3055202 -0.671473 0.7409692 -0.009424567 0.6661836 -0.7446098 -0.04190307 0.3899857 -0.3552938 0.849516 0.3119915 -0.4202421 -0.8520903 -0.06963974 -0.2210563 -0.9727715 -0.338173 0.2950897 -0.8936225 0.6667405 -0.3851736 0.6380427 0.1398926 -0.03316926 -0.989611 -0.704002 0.6346402 0.3187679 -0.3859381 0.4030964 0.8297982 -0.363083 0.7775665 0.5133821 -0.1960751 0.8470845 -0.4939661 0.3269827 -0.4195991 -0.8467698 0.4222609 -0.7699574 -0.4783946 0.1319144 -0.8615074 0.4903098 -0.9022752 -0.4162103 0.1125541 -0.3535982 0.869601 0.3446195 -0.7373308 -0.4023513 0.5426388 0.1891089 -0.9465901 -0.2611614 0.7170339 0.4027145 -0.5689318 0.6515014 -0.5986317 -0.4660324 0.2345319 0.9671941 0.09762418 -0.5972499 0.6464379 0.4747745 -0.1421183 -0.9766649 -0.1610221 0.8646104 0.4177602 -0.2791511 0.9133456 -0.3732869 -0.1626556 -0.6508529 -0.5526821 -0.5205123 0.4723098 0.8076853 0.3529423 0.8567941 0.06510186 0.5115326 -0.7050846 -0.543988 -0.4548987 -0.3882598 0.8690669 0.3065569 -0.6673726 0.7162852 0.2038366 0.9253023 -0.378363 0.02563339 -0.7797678 -0.5219755 0.3456936 -0.5470474 0.7400047 0.3913211 -0.7512976 -0.659483 0.02518165 0.8448401 0.5331611 -0.04454952 0.8115451 -0.03903824 -0.5829842 0.3765169 -0.8202097 -0.4306867 0.9469317 0.3028981 -0.1075785 0.7225353 -0.5208756 -0.4545674 0.8788669 0.3678685 -0.3037527 0.3451623 0.9090219 0.2335428 -0.2270126 0.8774377 0.4225738 -0.6203053 0.6139389 0.4881601 0.2296177 -0.8842656 -0.4066329 -0.2019081 -0.9417429 -0.2689862 0.1985655 -0.1277692 -0.9717236 0.3957676 -0.7602555 -0.5151504 0.03954315 -0.7782051 0.6267641 -0.2914015 0.006541788 0.9565785 -0.06015443 0.8716028 -0.4865081 0.4690113 -0.771807 -0.4293512 0.1708731 -0.6116111 0.7724859 -0.39966 0.5300996 0.7478411 -0.5398733 0.8414365 0.02283728 -0.3801509 0.3263458 0.8654385 0.1840564 -0.440373 0.8787462 0.651977 -0.7219561 0.2317444 -0.488987 0.6745347 -0.5530774 0.1456972 -0.05725979 -0.9876709 0.3861358 -0.9159937 -0.1088801 -0.3762298 0.6655032 0.6446369 -0.2113441 0.7870353 -0.5795767 -0.1774064 -0.3148964 0.9323986 -0.346863 0.8845396 0.3118906 0.3799768 -0.5092613 -0.7721858 0.06719452 -0.7063393 0.704677 -0.08804219 0.9851273 0.1475558 0.02248406 0.713162 0.7006387 0.4021892 -0.6891475 0.6027601 0.3527738 -0.2023492 0.9135674 -0.1652148 -0.4789482 -0.8621559 -0.4064833 0.6049297 -0.6847128 -0.1370343 -0.2771689 -0.950999 0.4090691 -0.9092606 -0.07686227 -0.4111515 0.9106075 0.04181545 -0.1415661 0.877338 0.4585162 0.08205449 -0.8757382 -0.4757624 0.541301 0.8391794 -0.05264276 0.4296613 -0.7015339 0.5685433 -0.5863698 -0.808232 -0.05414414 -0.5531873 -0.7940333 0.2519822 -0.2719216 0.7375575 -0.6181161 0.7974601 0.2932029 0.5273418 -0.6258149 -0.08894878 -0.7748831 -0.007248878 -0.75322 -0.6577288 -0.8006693 -0.5957291 -0.06352657 -0.7096558 -0.6460355 -0.2811172 0.8265241 0.5628989 0.001668274 0.6815849 -0.449208 -0.5776281 0.8701207 0.1424118 -0.4718146 0.05912274 0.8586146 0.5092009 0.9558123 0.2050596 -0.2106499 -0.06109583 -0.8927626 -0.4463657 0.8004876 -0.3645194 0.4757575 0.845695 -0.1781738 -0.5030448 0.03934937 0.1017199 0.9940347 -0.7954021 0.3626259 -0.4856315 -0.8447845 0.1756111 0.5054702 -0.0415942 -0.09917813 -0.9942 0.4560312 -0.746867 0.4839684 -0.5715858 -0.7815111 0.2500606 0.991794 -0.06740814 0.1086316 -0.6429008 -0.6678031 0.3751235 -0.9637268 0.1679323 -0.2074357 -0.6992104 0.6240038 -0.34889 -0.2023497 0.7113817 -0.6730458 0.412742 0.7913324 -0.45104 -0.9758085 0.1908269 0.1066904 -0.1418187 0.9428349 -0.3015788 -0.2549966 -0.8956469 0.3644084 0.9880478 0.05454212 -0.1441763 0.4893586 -0.8507536 0.1916942 0.8122656 0.5176706 -0.2687782 -0.8664543 0.4449222 0.2264983 -0.5073542 -0.5969732 0.6214618 -0.8412333 0.3507918 0.4114265 -0.4643797 0.784802 -0.4104115 0.4544538 -0.787486 0.4163383 0.8445459 -0.3290357 -0.4224662 0.5305384 0.574318 -0.6234483 0.208836 -0.9476143 0.2416918 -0.8593397 -0.1709668 0.4819813 -0.8283116 0.528146 0.1869813 -0.5571173 0.8125039 -0.1716333 0.7717783 0.3160096 -0.5518118 0.6740713 0.4408532 -0.5926858 0.4168875 -0.8353728 0.3582698 0.4262783 -0.8682379 0.2538697 -0.9360329 0.3429846 -0.07876527 0.7321602 0.527135 -0.4313586 0.3753272 -0.8312619 0.4100404 -0.7582449 -0.4798007 0.4414253 0.8512219 0.2922359 -0.4359124 0.2131774 0.2973322 -0.9306713 0.71322 -0.69814 0.06259298 0.1379796 -0.4791725 0.8668075 -0.3737834 -0.2471475 0.8939822 0.9376519 -0.3304277 -0.1078271 -0.5016748 -0.1064797 0.858478 -0.4662579 0.6316963 -0.6193251 -0.757132 0.6157206 -0.2182643 -0.001167118 0.3756225 -0.9267721 0.9275432 0.3638911 0.08512926 0.7191846 -0.2282475 0.6562595 0.360007 -0.5413635 0.7598161 0.1832389 0.6994959 -0.6907453 0.5837956 0.5976051 -0.5495917 -0.1678833 -0.6762716 0.717267 -0.9240007 -0.3223953 -0.2056307 -0.9268818 -0.1908364 -0.3232206 -0.5358259 -0.7633267 0.3608643 0.6638465 0.7330541 -0.1481201 -0.410434 0.5314278 -0.7410321 0.1532096 0.8033874 -0.5754091 0.1323156 -0.6734078 0.7273339 -0.8685405 0.1684843 -0.4661016 0.5382753 0.6846819 0.4913964 0.778022 -0.5215333 0.3502641 -0.08060616 0.9827012 0.1667364 0.7762815 -0.2895005 0.559979 0.1632345 -0.9865741 -0.005120217 -0.3625638 0.9188143 -0.1559735 -0.7441406 -0.2808896 -0.6060989 -0.6385974 -0.3836992 -0.6670596 0.76085 0.2471711 0.6000117 -0.5009572 0.8055585 -0.3164138 0.9182564 0.04742825 -0.3931361 0.3640846 -0.7914631 -0.4909465 0.1352117 -0.8661803 -0.4810921 0.5531905 0.8291671 0.0803892 0.5349398 0.8377412 -0.1096778 0.4276645 -0.8091742 -0.4029149 -0.4212071 -0.8968007 -0.1354001 -0.5770217 -0.7827371 -0.2331708 -0.7966098 0.5490914 0.2528077 -0.3436408 0.853456 0.3918215 -0.9769619 0.0698533 0.2016586 -0.1026706 -0.9441657 -0.3130655 0.9204849 0.3592209 0.1538442 0.9852597 -0.08276426 -0.1497115 0.6354564 0.750702 0.1806709 -0.3964595 0.278048 0.8749339 0.7367359 -0.1924334 0.6482204 -0.844348 0.4427111 0.3018001 0.4832544 -0.2041436 0.8513464 0.8855643 -0.4644033 -0.01027852 -0.8854259 0.4646474 -0.0111314 -0.4370707 0.154971 -0.885976 0.4301098 -0.2904381 -0.8547815 0.156345 -0.03640228 -0.9870315 0.5902419 -0.5644167 -0.5771034 0.0311886 0.02855837 0.9991055 -0.8296428 0.4245206 -0.3625951 -0.4763301 -0.5485496 0.6871703 -0.6297857 0.4660506 0.6214233 -0.5351797 0.5247424 0.661988 0.6150276 0.3750909 -0.6935762 0.6417229 -0.3210406 -0.696509 0.1279274 0.9561047 -0.2636259 -0.3875322 -0.6607476 0.6428307 0.7979366 -0.3987406 -0.451999 -0.1469436 0.9688569 -0.1993089 0.706142 0.4109097 -0.5766426 0.3987505 -0.8646269 0.3056443 0.1895465 -0.9751713 0.1145123 0.9595444 -0.2342949 -0.1561425 -0.2973856 0.8694437 -0.3944991 -0.5284417 -0.5875376 0.6128206 0.7445264 -0.5863169 0.3192382 0.5824756 0.68977 -0.4300462 -0.1687967 0.4935999 0.8531511 -0.3052174 0.951964 -0.02463543 -0.03207254 0.4718917 0.881073 0.2854362 -0.4986504 0.8184583 0.1654724 -0.4201385 -0.8922459 0.3947533 -0.9182322 -0.03193396 0.347069 -0.9378313 -0.003959596 -0.4377413 0.8934538 -0.1006129 0.1983277 -0.5395215 0.8182803 0.0265572 0.4579966 -0.8885571 0.4067517 -0.329688 -0.8519735 -0.09540736 0.4230086 -0.9010888 0.1151488 -0.5574209 0.822206 -0.4126136 0.2930679 0.8624739 -0.6067135 0.1975706 0.769977 0.1892408 0.5088159 -0.839818 0.6290957 -0.1833558 -0.7553935 -0.6000972 0.7990508 -0.03743326 0.005622625 -0.6895979 0.7241706 0.6324267 -0.7741808 0.02608746 -0.4196684 0.8936901 -0.1587338 0.6469469 -0.7527783 -0.1215924 -0.6108232 0.4543348 0.6484404 0.5774828 0.3506537 -0.7372623 0.2703235 0.9616762 -0.04586982 -0.1577437 -0.9845655 -0.07581406 0.2750269 0.9130521 0.301158 0.5850307 -0.5932867 -0.5529466 -0.6326106 -0.5467969 0.5484679 0.01320546 0.04470694 -0.9989129 0.873477 0.05407094 0.4838536 -0.003578841 0.01934665 -0.9998065 -0.9572311 -0.2214308 0.1862183 -0.5852339 -0.01535576 0.8107191 0.1294969 0.1347912 0.9823758 0.9712026 0.2354944 -0.03616493 0.5046136 -0.0385136 -0.8624859 0.9807772 0.184037 0.06485885 0.5187832 0.2112748 0.8283882 -0.9024893 -0.4237894 -0.07691365 0.4858589 -0.1584982 -0.859546 -0.4138605 -0.3312503 -0.8479344 -0.4699112 -0.2867537 -0.8348389 0.4869678 0.4379442 0.75569 0.9263616 0.3763884 -0.01363593 -0.4140904 0.08164894 0.9065665 -0.3713731 -0.2038856 -0.9058216 -0.9948153 -0.07460683 0.06911176 0.3652551 -0.02429491 0.9305905 0.4907571 0.2480518 0.8352411 0.9838562 -0.1621701 0.07568305 0.9895835 0.007742166 0.1437523 0.4178802 -0.1253972 -0.8998066 -0.5077095 -0.1939138 -0.8394216 -0.486261 0.1424476 -0.8621247 -0.9469399 -0.1904103 0.258938 -0.6536699 0.05736285 0.7546027 -0.9721 0.09204238 -0.2157543 0.306734 -0.3020787 -0.9025867 0.6681648 0.04590028 0.7425962 0.7874785 0.6019487 0.1324214 0.8639834 -0.08933728 0.4955316 0.4268971 -0.7115238 0.5581154 0.6467867 0.761828 -0.03585189 -0.6871396 -0.7263869 0.01418757 -0.8971905 0.150664 -0.4151502 -0.8670505 0.1282302 -0.4814357 -0.2278124 0.8732322 -0.4307749 -0.1907831 0.8619131 -0.4697955 -0.7024141 -0.7108175 0.03678387 0.188213 -0.8615089 0.4715703 -0.7257609 -0.6787045 0.1123895 0.9451227 0.2764004 0.1742008 0.7138826 0.6970031 -0.06751573 -0.6438703 0.7266281 -0.2396721 0.6622259 0.4706378 -0.5830583 0.8165211 -0.003387033 -0.5773059 0.5744653 -0.5211687 -0.6311679 0.8230055 -0.2847826 -0.4914883 -0.03165924 -0.9794007 -0.199429 0.7324377 0.4404833 0.5191431 0.8415342 0.2178751 -0.4943183 -0.1477439 0.03835105 -0.9882819 0.05779576 -0.146637 0.9875005 -0.8019232 -0.2975028 0.5180843 -0.7155473 -0.4778258 -0.5095828 -0.7280683 0.03355318 0.684683 0.06610149 0.5367242 0.8411645 -0.3984747 -0.3584284 0.8442435 -0.4412291 -0.8972346 0.01694053 0.8151734 0.5791978 0.004718363 0.4446452 0.338036 -0.8294711 0.4844636 0.8747845 0.006872057 0.2157282 0.5904232 0.7777286 -0.6684831 -0.6787548 -0.3040104 0.5254284 0.2601893 -0.8100782 -0.02764439 -0.5686962 -0.8220831 0.2428019 -0.4811691 -0.8423324 0.9440448 -0.1591482 -0.2888795 0.8284593 0.2855704 0.4817725 -0.7704519 -0.4088869 -0.4890965 -0.9177236 0.2657999 0.2951844 0.8823437 -0.3508934 -0.3135977 0.144482 0.8244669 0.5471559 -0.7953047 0.6061764 -0.006374657 0.9444398 0.02943927 0.3273636 0.760104 0.2811738 0.5858185 -0.3404634 -0.8946009 -0.2894376 0.1903625 -0.8503227 -0.4906255 -0.8291133 0.3479416 -0.4376159 0.6226714 -0.7041437 0.3412653 0.6112102 -0.7492753 0.254968 -0.6147516 -0.2188087 -0.7577621 -0.5025919 0.808366 -0.306506 0.0346803 0.9787566 0.2020717 0.05944222 0.8817868 0.4678875 0.5434712 0.09677416 0.8338308 -0.09258079 0.6804834 0.7268915 -0.009573996 -0.9731019 0.2301763 -0.004407048 -0.9534313 -0.3015783 0.4900876 -0.7460195 0.4508536 -0.3603197 0.2074862 -0.909461 -0.003877878 0.6721416 0.7404125 -0.07866853 0.9929116 0.08909446 0.005016326 -0.08916443 0.9960043 -0.06334459 -0.9977199 0.02329218 -0.124844 -0.4546439 0.8818804 0.09626501 -0.992968 0.06890213 0.04712909 -0.4784486 -0.87685 0.06939637 0.5980127 -0.7984768 -0.03965193 0.4475272 -0.8933908 0.1097033 -0.3218943 -0.9403985 0.2688695 0.954599 -0.1282575 0.4216405 0.5061058 -0.7523805 0.5393724 0.8382637 -0.07994616 0.5452308 -0.152836 -0.8242357 -0.3714095 -0.9211915 -0.116022 0.2278268 -0.3816294 -0.895798 -0.00889182 0.5121591 0.8588446 0.3173686 0.7003037 0.6394153 -0.5451222 -0.6951902 0.4685642 0.5006377 -0.7501245 -0.4320591 -0.4586266 -0.7549564 -0.4687244 0.4144121 -0.7318802 -0.5409381 0.9998639 -0.01029092 0.01290023 0.9993668 -0.02761173 0.02244657 -0.5163174 -0.7766903 -0.360789 -0.9987351 -0.0501796 0.003193438 0.8678429 -0.471511 -0.1566081 -0.8257363 -0.5432249 0.1518762 -0.6652706 -0.2975024 0.6847681 -0.7407294 -0.6712055 -0.0283392 0.8200618 0.5710487 0.03744542 0.5092958 0.01723498 -0.860419 0.5174734 0.177131 -0.8371654 0.5509855 0.5030193 0.6658728 0.8772709 0.2349306 -0.4185729 -0.05777323 -0.5135609 -0.8561061 0.7167793 0.6488069 -0.2554935 0.08826041 -0.9682701 -0.2338014 0.1728337 -0.9165928 -0.3605358 -0.8199207 0.0282309 -0.5717808 -0.6094539 0.7892456 -0.07521581 -0.04793918 0.9254928 0.3757193 0.1535623 0.9003566 0.4071568 0.8590532 -0.04466712 0.5099338 -0.2964498 -0.8477041 -0.4399037 -0.8603256 -0.04668819 -0.5076022 0.5707674 -0.8187867 0.06175047 0.2952473 -0.9111768 -0.287378 0.8905009 -0.02011507 0.4545366 -0.9099149 -0.08479255 -0.406036 0.3579651 0.8982859 0.2548403 -0.5481826 0.8208603 -0.1602627 0.9303449 0.03477901 0.3650325 0.4992319 -0.8560762 0.1337954 -0.451972 -0.8871709 -0.09300112 -0.3939421 -0.8885319 -0.2352038 -0.9699932 -0.05181676 -0.2375463 0.4825573 -0.8582663 0.1746926 -0.7848352 -0.616654 0.06141394 -0.06610763 0.997811 -0.001754343 0.9108885 -0.2999923 0.2833496 0.4390136 0.8950033 0.07897102 -0.5576606 0.8137222 -0.1639238 -0.03154921 -0.02466136 -0.9991979 0.3517259 -0.7398892 -0.5734569 -0.7453172 0.3525144 -0.565894 0.4298015 -0.4410991 -0.7878466 0.7807849 -0.6240723 -0.03014481 0.8825706 -0.2257917 0.4124164 0.6356041 -0.2448669 0.7321528 0.3567537 0.1965772 -0.9132821 0.6213113 -0.1531227 0.7684567 -0.1693962 -0.4570456 0.8731635 -0.3295462 -0.3498486 0.8769295 0.5010397 -0.3641803 0.7850681 0.9771658 0.1848719 -0.1047351 0.3370421 0.3874437 -0.8580735 0.7197653 0.4704344 -0.510519 -0.9736091 0.1945275 -0.1193498 -0.3111271 0.4079924 -0.8583369 0.1332177 -0.7084776 0.6930459 0.20489 0.2532485 0.9454551 -0.1193671 0.945698 0.302336 0.1531995 -0.9859732 -0.0662328 0.39267 -0.5395688 0.7447656 -0.06618547 -0.4949045 -0.8664232 -0.4353199 -0.1341755 -0.8902211 -0.06038904 -0.0697565 -0.9957345 0.48315 -0.8616946 -0.1550765 0.3147941 -0.2181053 0.9237613 -0.6905762 0.6049006 0.3964843 -0.2682242 0.904578 0.3313525 0.6973569 -0.7045298 -0.1316478 0.3025826 -0.1451621 -0.9420042 0.8085041 -0.5245292 0.2668154 -0.5982422 0.4551135 0.6595286 -0.1222867 0.3851968 -0.9146963 0.3524699 0.769624 0.5323947 0.6369002 0.6472024 -0.4189121 0.2679378 0.4245833 0.8648343 -0.6054717 -0.543219 0.5816504 -0.291666 -0.4044899 -0.8667865 -0.3624051 -0.7858744 -0.5010628 0.4240406 0.2206981 -0.8783406 -0.4850937 -0.6619099 0.5714537 -0.1242789 0.9789298 0.1620227 0.009844064 -0.9371941 0.3486694 -0.4351405 -0.7049971 0.5600286 -0.6006175 -0.2326107 0.7649516 0.6379126 -0.5415871 -0.5474953 0.4405443 0.7142602 -0.5438318 0.5406071 0.3425905 -0.7683593 -0.02222138 0.9345571 -0.3551188 0.5485119 -0.8342335 -0.05647242 0.4845238 0.05851101 -0.8728192 -0.6550115 0.2834984 0.7004203 -0.4231691 0.6139485 -0.6663296 -0.4593186 0.8394532 0.2904219 -0.6561711 0.7137953 -0.2448179 0.5035719 -0.3807471 -0.7755301 0.004614233 -0.2987347 0.954325 -0.4818489 0.5440501 0.6868997 0.189414 0.3751649 -0.9073994 0.5501338 -0.7554908 0.35579 -0.9951866 -0.0814957 0.054425 -0.1797766 -0.120254 0.9763296 0.545903 0.1541794 0.8235403 0.9562138 0.2914691 -0.02647632 0.3285772 0.1971591 -0.9236696 0.4516273 0.09889996 -0.8867083 -0.6829812 -0.1759601 -0.7089251 -0.8792382 -0.3889646 -0.2750396 0.2097271 0.1951585 0.9580854 -0.56753 -0.1764686 0.8042192 0.8393563 0.4607915 -0.2883617 -0.7692165 -0.5297571 -0.3573003 0.1166055 0.4456989 0.887556 -0.7181981 -0.317768 0.6190438 0.3089593 -0.2661482 -0.9130769 -0.2302245 -0.5504272 -0.8025128 0.3424331 0.004153847 -0.9395331 -0.1387286 0.3346075 0.9320902 -0.2876918 -0.8937175 -0.3442419 -0.6131772 -0.7897782 0.01625317 -0.7711119 -0.1435065 0.6203164 -0.9995764 0.0264464 -0.01215451 -0.8037292 -0.3136274 0.5056256 0.6458973 -0.7434985 -0.173282 0.9904645 -0.04524898 0.1301262 -0.7125611 0.6932758 0.1078212 -0.06997704 0.4243323 -0.9027987 -0.6339454 -0.2867701 0.7182453 -0.09541833 0.9656788 -0.2415777 0.5972041 0.3915159 -0.7000448 0.2182314 0.822692 -0.5249314 -0.4944964 0.843404 0.2101027 0.8504648 0.01951408 -0.5256699 0.6302776 -0.6128157 -0.4766624 0.2325509 -0.9616212 0.1456186 0.8442372 0.3901584 0.367478 -0.5826904 -0.5059651 0.6359807 0.833128 0.4716534 0.2888615 0.955013 0.2844486 -0.08390134 -0.008167564 0.00127989 -0.9999659 -0.9173322 -0.3979392 -0.01208943 -0.0672757 -0.1099603 -0.9916566 -0.6204338 -0.2103905 0.7555115 -0.6738598 -0.02552866 -0.7384181 0.4577186 0.2272555 -0.8595631 -0.9976851 0.04156613 0.05382227 0.875194 -0.1285867 0.4663702 -0.7982736 0.3389849 -0.4978439 0.04067051 -0.1325057 0.9903476 0.9171215 0.07952511 -0.3905944 -0.7649138 0.5709946 0.2981139 0.4334478 0.7871291 0.4388061 0.9421065 0.3094825 0.1290577 0.9894659 0.08796387 -0.1149771 -0.9887884 -0.1198825 0.08902657 -0.5553975 0.6342124 0.5378738 -0.4917119 -0.7631865 -0.4192444 -0.1305761 -0.7419763 -0.6575873 0.4584093 -0.7093107 -0.5354805 -0.700129 -0.7138181 -0.01682561 -0.03412967 0.8253683 0.5635622 0.9266663 -0.1719777 -0.3342355 0.9118877 -0.3373194 0.2338302 0.3141502 -0.9084845 -0.2756186 -0.535597 -0.4595649 -0.7084744 0.1080234 -0.9745923 -0.1962164 -0.1020596 -0.2611662 -0.9598835 0.3020715 -0.7117443 0.6341711 -0.1907432 -0.5152899 -0.8355199 -0.2666939 0.8080634 -0.5252695 0.05837804 0.830322 0.5542181 0.383687 0.1835231 0.9050434 -0.3752664 0.2278608 -0.8984736 0.7060104 -0.4804618 0.520294 -0.3796656 0.2247359 -0.8974118 -0.4159745 0.8196084 0.3939639 -0.6563304 0.3794406 0.652116 -0.6022318 0.2848245 0.7457827 0.6847984 -0.2867281 -0.6699538 0.7327283 -0.3203078 0.6004267 0.7582261 -0.5416659 -0.3628931 -0.2390878 0.09764087 -0.9660762 -0.5599126 0.420832 0.7137215 -0.8366522 0.4775989 -0.2681651 0.74272 -0.5167173 0.4258759 -0.3229656 -0.1608193 -0.9326471 0.8413656 0.2973713 0.4513031 0.2604904 -0.7566688 0.5996643 -0.4176605 -0.8834996 0.2121044 -0.5333163 -0.8399424 -0.1003518 0.3944913 0.9164286 -0.06734555 0.7243763 0.06356716 0.686468 -0.4879245 0.384105 -0.7838323 -0.3679095 0.4711508 -0.8016605 0.6646637 0.4641603 0.585472 -0.01841205 -0.9874508 0.1568505 -0.208786 0.8881353 -0.4094194 -0.78108 0.2592991 -0.5680476 -0.761598 -0.1238247 -0.63611 0.5499279 0.6776079 0.4882898 0.1825731 -0.9565553 0.2273086 -0.2514514 -0.7422528 0.6211546 -0.2699175 0.5277343 0.8053826 -0.090218 0.9534715 0.2876681 -0.1456667 0.9880794 -0.04980242 0.01776248 -0.9985225 -0.05135726 -0.150166 -0.5308229 0.8340727 0.3360614 -0.5543943 -0.7613868 0.12813 -0.1582537 -0.9790498 0.1974979 0.4335614 -0.8792151 0.3091455 -0.950965 0.009731471 0.2648294 0.3558331 -0.8962412 -0.1461755 -0.5712903 0.8076263 -0.4779934 0.3272382 0.8151304 0.5280725 -0.4312689 -0.7315372 -0.3874683 0.9206993 -0.04670268 0.6302874 -0.6759058 -0.3819545 -0.4097421 -0.05561178 0.9105046 -0.1320561 0.8947991 -0.4264924 0.866508 0.2878797 -0.4077857 0.5969076 -0.04903835 0.80081 -0.06499814 -0.3028039 0.9508339 -0.2498171 -0.3520603 0.9020227 -0.836609 -0.1810631 -0.5170122 0.3924213 0.4191355 -0.8187374 0.8970862 0.4398257 -0.042306 -0.4063974 0.07813495 -0.9103495 -0.9161053 -0.3671218 -0.1611604 -0.3592604 0.4330841 -0.8266621 -0.768001 -0.4983395 0.4022837 0.9069806 0.097907 0.4096344 0.4772184 -0.8367739 0.2684622 0.9184942 0.004399418 0.3954102 0.7276602 -0.6170989 0.2994989 1.28201e-4 0.7103292 -0.7038697 0.2113706 -0.7864633 0.5803429 -0.7440508 -0.2990159 0.5974764 0.2740021 -0.7159644 0.6421198 -0.9667689 0.2534293 0.0336374 0.6714568 0.5625334 -0.4823919 0.9576128 -0.09313154 -0.2725882 -0.7876408 -0.5521655 0.2733776 -0.8200448 0.1884782 0.5403726 0.1218845 0.9715211 0.2032019 0.1910489 0.9692715 0.1549616 0.3132218 -0.8314116 -0.4589628 0.6654806 -0.3649467 -0.6511141 -0.5156057 0.7686728 0.3785404 0.6654748 0.6694248 -0.3301725 -0.1955006 -0.9803155 0.02758902 -0.7471896 -0.5179057 0.416511 0.5285404 -0.8106976 -0.2518224 0.8375347 -0.1806585 -0.5156534 0.1554541 0.1449761 -0.9771469 0.3919185 0.9195944 -0.02731686 0.2720734 0.6841541 0.6766899 0.1864255 0.3509274 0.9176577 -0.3133021 -0.8110446 0.4940125 -0.2664583 -0.5499138 -0.7915775 0.1456938 0.4531981 -0.879423 -0.2761963 -0.8902352 0.3622114 0.2958765 0.8035219 -0.5165362 0.1072114 0.1252578 0.9863145 0.389002 0.653429 -0.6493905 0.9550644 -0.2958804 0.01752251 0.5873779 -0.7312424 0.3468022 0.3928303 -0.8430821 0.3672832 -0.8637282 -0.2826563 0.4172279 -0.4980876 0.7717019 -0.3954553 0.6122004 0.6453731 -0.4568416 -0.6579778 0.747535 -0.09086644 -0.9985281 -0.001529753 0.05421561 -0.8243409 0.004336953 0.5660771 0.9391075 -0.2607333 -0.2238203 -0.1147893 -0.8825073 0.4560752 0.3230779 -0.5443156 -0.7741715 0.3910705 0.6718974 -0.6289815 -0.2695097 0.9478043 0.1703867 -0.3303611 0.04751491 0.9426579 0.04284065 -0.8599616 0.5085576 0.08760958 0.9207435 0.380205 0.2667883 -0.09579241 -0.9589827 0.0369085 0.8865907 0.4610801 -0.2771334 0.8275965 -0.4881405 -0.01611047 0.003357946 0.9998646 -0.03849005 -0.8812645 -0.4710537 0.2794519 -0.8255957 0.4902023 0.0146622 -0.006409525 -0.999872 0.4198629 -0.7343607 0.5333194 -0.06219869 -0.9345203 0.3504331 -0.6743799 -0.6415571 -0.3655356 -0.01411002 0.9561951 -0.29239 0.724752 0.6269913 0.2856858 -0.3671636 0.7072752 -0.6041132 -0.578019 0.4159976 -0.7020257 0.5105531 0.7665222 -0.3895889 0.7624793 0.54459 0.3493528 -0.02454388 -0.9850894 0.170284 -0.8214104 -0.2071934 -0.5313717 0.165518 -0.7190936 0.6749135 -0.5038676 -0.8543015 0.1276178 -0.260576 0.7651832 -0.5887231 0.699594 -0.09561234 0.7081148 -0.5069299 -0.3892061 0.7691169 0.5574365 0.1105807 0.8228224 -0.9977722 0.05545294 -0.03708899 0.4693626 0.2555546 -0.8452163 -0.8316717 -0.106364 -0.5449853 -0.9632923 -8.3143e-4 -0.2684535 -0.5516488 0.8099508 0.1991563 -0.3312754 -0.6609151 -0.6733855 0.7147703 0.1025362 0.6918019 0.9583519 -0.02657949 -0.2843506 -0.07050693 0.3824829 0.9212686 -0.467361 -0.1880959 -0.863825 -0.9185432 0.3430345 -0.1964835 -0.9887815 0.1204555 0.0883274 -0.2634765 0.6978513 0.6660208 0.4195792 -0.4535436 -0.7862898 -0.4025765 -0.3912063 -0.8275807 0.9754652 -0.2159633 0.04275149 0.6125546 0.3852708 0.6901764 0.8296513 -0.5505179 0.09278464 0.7054595 -0.620972 0.3416442 0.7090463 0.4208046 0.5658417 -0.8517259 -0.3299893 -0.4070259 -0.8835044 0.4576389 -0.09993404 -0.6525668 -0.4792196 -0.5869456 0.3963045 0.5747513 0.7159636 0.8306655 0.1660329 -0.5314395 0.8785335 -0.4644433 -0.111676 -0.8596016 -0.4823877 -0.1684851 -0.9204021 0.2409534 0.3078985 -0.05086964 0.314589 0.9478639 -0.2240876 0.7711667 0.5958917 -0.7429056 -0.2473104 0.6220361 -0.2532889 0.09580904 0.9626347 0.7842613 0.5667464 0.252454 -0.7274714 -0.3322265 0.6003425 -0.03519296 -0.3086344 -0.9505296 -0.4328659 -0.7100691 -0.555364 0.9204199 0.3740007 -0.1138014 0.7355422 0.2694002 -0.6216118 0.4209589 0.421854 0.8030148 0.7661024 0.6425964 -0.01252454 0.3889548 0.2720003 0.8801875 -0.4392704 -0.4176811 0.7953515 -0.2566294 -0.3883233 -0.8850686 -0.6968886 -0.715662 0.04662835 -0.7082965 -0.5747737 -0.4098187 0.6888037 0.7245965 -0.02257251 0.3727952 0.1322056 -0.9184474 0.2379592 0.2439489 -0.9401406 -0.4837562 -0.3583358 0.7984832 0.5087133 0.5544439 0.6586372 -0.8031068 -0.5330649 -0.266198 0.05667948 -0.3863441 -0.9206116 -0.7617702 0.254009 0.5959745 -0.3792751 -0.6914625 -0.6148416 0.6277905 -0.4405996 -0.6416783 0.7790063 -0.1616123 -0.6058307 0.8293617 0.5122848 0.2229881 0.9468536 0.2565496 0.1940376 -0.9531388 -0.2605903 -0.1536853 -0.8836386 -0.2072776 0.4197844 -0.828625 0.2898148 0.4789448 0.3785682 -0.6013292 -0.7036258 0.2964804 -0.9526854 0.06700783 -0.02389228 -0.4772379 0.8784494 -0.2417408 0.07126408 0.9677205 -0.3640711 0.4484203 0.8163158 -0.296013 0.9550169 0.01786309 0.4107879 -0.3735979 -0.8316719 0.3381149 -0.3632511 -0.8681745 0.1349523 0.588199 -0.7973768 0.04184466 0.5222271 -0.8517794 -0.2649143 0.96422 -0.01001435 -0.1185171 -0.653967 0.747182 0.3211929 -0.9434701 -0.08185011 0.1888939 -0.8397908 0.5089898 0.6749232 -0.4229199 0.6046631 -0.3133754 0.05388486 0.9480994 0.7002961 -0.5370812 -0.4702438 -0.02271425 0.1701709 0.9851529 0.009545266 0.3486377 -0.937209 0.8498364 -0.1904332 -0.49144 -0.7149285 0.4971916 -0.4916074 0.01036769 0.05679786 -0.9983319 -0.01251983 -0.4575957 -0.8890724 -0.07904142 0.5039595 -0.8601031 0.02538925 -0.9832048 -0.1807312 -0.03418552 -0.5056471 0.862063 0.1102892 -0.452737 0.8847969 0.08148878 0.9748008 -0.207661 -0.05157208 0.997745 -0.04295706 0.2614451 -0.005474984 -0.9652029 -0.01715445 0.5385246 0.8424353 0.1166165 0.882494 0.4556367 -0.05694216 -0.7892293 0.6114529 -0.8509524 0.001400589 -0.525241 0.01590335 0.8815574 -0.471809 -0.6762074 -0.7012776 -0.2257285 0.3787418 -0.7996399 0.465973 -0.4981366 -0.8639412 -0.0739293 0.4556143 0.8848177 0.09753531 0.8471097 0.08542466 0.5245072 0.7884951 -0.3204017 0.5249938 -0.3773179 0.8430118 -0.3833569 0.677021 0.4402994 0.589728 -0.7775704 0.4778382 -0.4087236 -0.1748185 -0.9804503 0.09030997 -0.3992151 0.6677904 0.6282383 0.4865497 0.7820422 0.3894603 0.8321827 0.202169 -0.516333 0.5047224 -0.6125798 -0.6082774 -0.8030906 0.2652354 -0.533569 -0.1770118 0.5738359 -0.7996119 -0.657341 -0.6383294 0.4005478 -0.5834314 -0.6730437 0.4545548 0.9347087 -0.1599731 0.3173774 0.8782777 0.4462171 -0.17181 0.2703383 0.8130831 -0.5155707 0.682621 -0.3627158 0.6344021 0.8386137 0.5191426 0.1649792 0.0754202 -0.7960948 0.6004539 -0.6545115 0.1585556 -0.7392393 0.4025951 0.2373187 0.8840798 -0.6930056 -0.5488985 -0.4673904 -0.1894249 -0.2586092 -0.9472273 -0.4088913 0.3507257 -0.842496 -0.0820983 0.943049 -0.3223642 0.09837168 -0.973645 0.2057633 -0.2762963 -0.6390125 -0.7178604 0.2203089 -0.9642603 0.1471936 -0.2360325 0.9542421 -0.1836048 -0.1407135 -0.9153555 -0.3772584 -0.4919191 0.7743874 -0.3979193 0.1916652 0.7667316 0.6126886 0.4048811 0.04866838 0.9130733 -0.8864523 0.4186441 -0.1973312 -0.5367448 0.8406338 -0.07238662 -0.8681733 -0.08698856 0.4885779 0.8750406 0.06852501 -0.4791746 0.5895484 -0.8053549 0.06193751 0.3015205 -0.9454215 0.1235469 0.352004 0.5991842 -0.7190768 -0.05407536 0.9608036 -0.2719052 -0.4516944 -0.7256658 0.5190197 -0.4738855 -0.6411095 0.6036648 0.8970465 -0.4415529 0.01840722 -0.6484748 -0.009320378 0.7611791 0.3817527 -0.4003155 0.833074 0.9836713 0.1141945 0.1391062 -0.3650081 0.3112515 -0.8774347 -0.6942769 0.5067409 0.5110707 -0.233904 0.679872 0.6950274 0.7044663 0.658991 0.2635492 0.964807 -0.1623675 -0.2068437 0.6629005 -0.4991499 -0.5580435 -0.6341832 -0.7723599 -0.03566545 -0.8876057 -0.3364169 0.3146107 -0.8200494 0.05003386 0.5701015 0.887318 0.3659467 -0.2806243 0.8252439 -0.05488854 -0.562103 0.6572929 0.7531508 0.02702015 0.64433 -0.4760546 -0.5985073 -0.1950973 -0.9529923 -0.231825 -0.1104726 0.7961474 0.5949331 0.1432469 0.9518173 0.2711534 -0.8544699 -0.2600107 0.4497506 0.8629733 -0.332941 -0.3800361 0.02946949 -0.9007476 0.4333423 0.8930822 -0.3531207 -0.2787654 -0.9200916 0.2108671 0.3301008 -0.7127922 0.6841577 0.1544526 -0.04267644 0.8532594 -0.5197377 0.9287061 -0.05068469 -0.3673365 0.4189096 -0.9080051 -0.006440997 0.04253041 0.950595 0.3075069 0.4260609 0.8360987 -0.3455591 0.1257584 -0.9053627 -0.4055901 -0.6666432 -0.5788549 0.4695889 -0.9996252 0.02592569 -0.008791923 0.7659789 0.428133 0.4795608 0.9800942 -0.01300895 -0.1981064 -0.1609685 0.7872086 0.5953082 0.9739225 -0.2187774 -0.06009501 -0.1536626 -0.7462295 -0.6477108 -0.5711477 -0.6746193 -0.4676316 0.9229182 -0.09743565 0.3724625 0.6463344 -0.199136 -0.7366117 0.3172134 0.1848335 0.9301679 0.1739472 -0.3741728 -0.9108991 -0.8774299 0.06269824 -0.4755899 -0.7479022 0.177307 0.639691 0.6573613 0.6990165 0.2815175 0.6898351 -0.07017743 -0.7205572 -0.6387614 -0.7058397 -0.306226 -0.7096725 -0.6562313 -0.2563698 0.6002459 0.7165234 0.3553859 0.9628041 0.2047324 -0.1763315 0.6319591 -0.4227645 -0.6495368 -0.2625926 -0.7375364 -0.6221619 -0.9738817 -0.06650841 0.2170971 0.6752546 0.5373196 0.505291 0.9953986 0.06295537 -0.07223939 -0.9628605 0.06557148 0.261916 0.4288411 -0.7408227 -0.5169885 0.5621071 -0.742638 -0.3640391 0.2064906 0.1276187 -0.9700903 0.4739447 -0.6415976 0.6030995 -0.5551469 0.8086944 -0.1944873 -0.4279455 0.7158941 0.5516868 -0.05645948 -0.008398175 -0.9983696 -0.6907948 0.7177348 0.08751827 -0.2947684 0.5022222 0.8129481 0.2228528 -0.3941653 -0.8916112 -0.4544788 0.2484895 -0.8553959 0.2280074 0.05874782 0.9718855 0.2671822 -0.287025 0.9199078 -0.8047929 0.5085042 -0.3061569 0.5198847 -0.7252197 -0.4514158 0.6677398 -0.7232854 -0.1760165 -0.9135612 0.4047914 -0.03937053 -0.01750713 0.2348346 -0.9718776 -0.7858238 0.08460301 0.6126365 -0.5786509 -0.07916814 0.811724 0.3493179 -0.4717329 0.8095958 0.5491351 0.1054664 -0.8290522 0.9218662 -0.387402 -0.009082794 0.7385962 -0.5675345 0.363841 0.8374391 -0.3794499 0.3933367 0.02168071 0.5023541 -0.8643901 -0.779869 0.08591967 0.6200179 0.4007341 0.7512798 -0.524396 0.2070201 0.5259471 0.8249378 -0.100677 -0.07923716 0.9917589 -0.1099474 -0.1208824 0.9865593 -0.2135998 -0.8340856 -0.5086024 -0.1208449 -0.4339367 -0.8928021 0.1585397 0.5918707 -0.7902874 0.3581158 0.9269409 -0.1119539 -0.05581617 -0.6509764 0.7570431 -0.3049552 -0.9422157 -0.1386798 0.2664501 0.9519711 -0.1508495 -0.0326609 0.4456582 -0.8946073 0.2010798 0.9770862 0.06978201 0.3443689 0.3590371 0.867469 -0.2232712 0.2549796 -0.9408164 0.1297633 0.2081027 0.9694611 0.2590847 -0.6081262 -0.7503716 -0.2478284 -0.9577398 -0.1459988 -0.3540008 0.8833596 -0.3071795 -0.2945788 0.3775438 0.8778862 -0.4801093 0.614748 0.6257636 0.3113172 -0.7970262 0.5175237 0.007502138 -0.9308422 -0.3653448 0.4706721 -0.643086 -0.6040764 0.01446849 -0.4596588 -0.8879778 -0.1381068 0.2680016 -0.9534683 0.02872645 0.1281976 0.9913326 -0.4036418 0.8241688 -0.3972646 0.8606571 -0.159967 0.4834047 -0.0696215 -0.6992135 0.7115149 -0.8071542 -0.5523845 0.2082628 -0.8751171 -0.2963742 -0.3825344 -0.08294492 0.6879646 -0.7209888 0.9338028 0.254991 0.2509821 -0.05955553 0.5603541 -0.8261094 -0.7004702 0.3375365 -0.6288169 -0.4401617 -0.8398404 0.3176886 0.6522958 0.7579644 3.14265e-4 0.6666722 -0.2814034 0.6901887 0.2182773 0.8409126 -0.4951978 -0.2512813 -0.8086182 0.5319721 -0.5501474 0.3696168 0.7488133 -0.3596819 0.9013137 0.2413764 -0.2520967 0.9656846 -0.06245547 0.2720752 -0.9620125 0.02251601 -0.2871754 -0.5645596 0.7738234 0.5504825 -0.4305773 -0.7152428 0.4115534 -0.08330404 -0.9075706 0.3107442 0.5243753 -0.7927601 -0.002299666 -0.7344706 0.6786367 0.6171048 -0.0225405 -0.786558 -0.4303194 0.8804109 0.1992534 -0.7216914 -0.1576954 0.6740131 0.5077135 0.6880055 0.5185322 -0.8563753 -0.4057365 0.3193734 -0.8901903 -0.3978751 0.2219383 0.1210085 -0.09189134 -0.9883891 0.8556259 0.1082361 -0.5061516 0.8827362 0.3192011 -0.344801 -0.1250793 0.2167124 0.9681895 -0.7567524 -0.5298699 -0.3828364 -0.636514 0.767943 -0.07151025 0.001728773 0.2485824 -0.9686093 -0.6163374 0.4587076 0.6400903 -0.5010669 0.1201871 0.8570222 -0.06428748 0.5314922 -0.8446202 0.6160704 -0.3577736 -0.7017517 -0.8126385 0.08680695 0.5762667 -0.7764654 0.6096519 -0.1594558 0.8279772 -0.08976179 -0.553531 0.804686 -0.5881193 -0.08121836 0.914087 -0.4054445 0.007739543 0.1567679 -0.5893657 0.7925099 0.02020466 -0.6302785 0.7761062 0.1698846 0.6211658 -0.765044 -0.02176165 0.5841163 -0.8113783 0.3828411 0.8025108 0.4576124 0.2167026 -0.01533395 0.9761173 0.075051 -0.8941875 0.4413571 0.2644069 0.2279272 -0.9370904 0.6508939 0.3907998 0.6508554 0.6299801 0.4352566 0.6431772 0.2018721 0.4136665 -0.8877657 0.8574473 0.1611166 0.4886978 0.5161686 0.1269124 0.8470321 -0.8860293 0.0688402 -0.45849 -0.4958812 -0.2531741 -0.8306654 0.3325532 0.02336996 -0.942795 0.08647763 -0.01982367 0.9960566 -0.4541808 -0.2794492 0.8459479 0.9413157 -0.3006622 -0.1533854 -0.8982551 0.331911 0.2880504 -0.4558765 0.269193 -0.8483582 -0.8078544 0.5278227 0.2622489 0.8527095 -0.3450145 0.392239 -0.3142452 0.06321549 0.9472349 0.6873326 -0.3889668 0.6134157 0.8725973 -0.3604759 -0.3295925 -0.8664983 0.366723 -0.3386665 0.3595961 0.04570072 -0.9319882 0.2914817 -0.2145809 -0.9321983 0.1951519 -0.4031342 -0.894091 0.994045 -0.04753702 0.09805566 0.7324309 0.200304 0.6507099 0.4605565 0.1451208 0.8756871 -0.642916 0.2284747 0.7310667 -0.5230422 -0.1398146 -0.8407608 0.5198377 -0.2817868 -0.8064522 -0.9856328 -0.09340757 -0.1407229 -0.9396782 0.03075003 0.3406751 -0.9710118 0.1814807 -0.1555665 0.1913714 -0.154971 -0.9692065 -0.05381792 0.180797 -0.9820469 -0.9717409 -0.1708613 -0.1628682 0.7241487 0.5708212 -0.3870037 0.7682607 0.02641505 0.6395921 0.9015681 -0.08485925 -0.4242333 0.727953 0.6721003 -0.1355196 -0.1633304 -0.4325992 0.8866686 -0.8073294 -0.1199329 -0.577785 0.5246741 -0.4941633 0.6931952 0.2476622 -0.8627688 0.4407872 0.5591658 0.8117683 0.168422 0.4222943 0.9051523 0.04865097 -0.592475 0.4367175 -0.6769425 -0.3328311 -0.9404119 0.06963551 -0.7796543 -0.4036577 -0.4787483 -0.5697996 0.03105187 -0.8211969 0.8619504 0.0978775 0.4974552 -0.6822343 -0.7301681 0.03756362 -0.007557272 -0.8136164 0.581353 0.1709604 0.8580195 -0.4843295 -0.9314088 -0.09894007 -0.3502693 0.1367838 -0.2612519 -0.9555301 0.8876811 -0.4102216 -0.2091423 0.6080335 -0.3731814 0.700736 -0.8548948 0.505507 0.116695 -0.5313737 0.2661916 -0.804229 -0.8519958 0.2564526 0.4564374 0.3494223 0.004152059 -0.9369562 0.6228669 -0.2366916 0.7456635 0.3042886 -0.7964262 0.5226028 0.2715462 0.08719348 0.9584675 -0.371528 0.7782895 0.5061942 -0.2615731 -0.1186836 -0.9578589 0.3662717 -0.7748202 -0.5152657 -0.3002474 0.8106568 -0.5026801 -0.2365064 -0.4859265 -0.8413918 -0.8455366 0.5133935 -0.1466122 -0.4270319 0.8042254 0.4133586 -0.1009424 0.8461608 0.5232807 0.738134 0.08667385 0.6690634 0.6486986 -0.7463355 -0.1489078 0.9002279 -0.2555067 0.3525709 0.1149493 -0.9252986 -0.3613991 -0.37524 -0.4641201 -0.8023637 0.7823354 -0.4145449 0.4648697 -0.4981786 0.8660875 -0.0413618 -0.3624582 0.8867751 0.2867995 -0.8267773 0.2017356 -0.5251116 0.8477513 0.4102766 0.3361415 -0.5268895 -0.7173196 -0.4558948 -0.834378 -0.5384187 -0.1179782 -0.9674571 0.1107295 0.2275209 -0.7661544 0.4661865 0.4423546 0.7088583 -0.6781283 -0.1940667 0.4242494 -0.7273339 -0.5394423 -0.3805901 0.7509881 0.5395999 0.1777878 0.8525084 0.4915498 -0.7171034 -0.6384384 -0.2795696 0.5635131 0.6144947 0.5521317 -0.09248083 -0.6742762 0.7326657 -0.3045971 -0.8981984 0.3169549 -0.3160046 -0.9258009 0.2074462 -0.07887536 0.1019964 -0.991653 0.07612264 0.83365 -0.5470221 0.2503221 0.904655 -0.3448743 0.1761964 -0.05768233 0.9826635 -0.4245572 -0.8246293 -0.3738151 -0.9413987 -0.198202 0.2729187 -0.1570709 0.1004436 -0.9824663 -0.7608877 -0.1354328 0.6345927 0.9035274 -0.07163339 0.4225007 0.4206818 0.24423 -0.8737155 0.9924888 0.08023232 0.09235173 -0.1293258 0.3559707 -0.9255051 0.9541251 -0.279568 -0.1071781 0.07823997 -0.2024768 0.9761566 0.8502308 -0.006933569 0.5263646 -0.977754 0.1031425 -0.1826441 -0.8307937 0.09915828 -0.5476766 -0.7571008 0.205951 0.6199859 -0.2810152 0.09392583 0.955096 0.9188032 -0.2650063 0.2925276 0.1475964 0.03559571 -0.988407 0.2512061 0.1960066 -0.9478802 0.8261305 0.1658515 -0.538518 0.9345561 -0.1053466 0.3398634 -0.3521778 0.1555094 -0.9229234 -0.9902521 -0.1340075 -0.03798425 0.7064891 -0.09420025 0.7014268 -0.4321412 -0.1992902 0.8795099 0.3964239 0.34579 -0.8504573 0.8873375 0.3751022 -0.2681989 -0.810115 0.1253217 -0.5727202 -0.1738696 -0.2740691 0.9458623 -0.4855517 0.5497441 -0.6797212 -0.5346707 0.5720871 -0.6219676 0.5398126 0.7108586 0.4508684 0.3694462 0.8653779 0.3385714 0.5674512 -0.2528465 0.7836248 -0.3648883 -0.8560314 -0.3661514 -0.5023357 -0.7782014 -0.3769105 -0.4085208 0.8623114 -0.2992154 0.4048078 -0.545147 0.7341291 0.0777049 -0.5471736 -0.8334046 -0.2293661 0.8025596 0.5507171 0.114835 0.4355944 0.892788 0.2759502 -0.8913725 -0.3595926 -0.2576102 0.1609702 -0.9527465 0.2388344 -0.2098652 0.9481112 -0.1199143 -0.6879928 -0.715742 -0.7279943 0.3424284 0.5939421 -0.2570133 0.8976665 0.3579652 -0.5685006 -0.8057207 0.1661964 0.4576317 0.8873319 0.05670756 -0.358263 -0.9293704 -0.08898508 0.7561007 -0.2667186 -0.5976395 0.7031889 -0.1062444 -0.7030203 0.6761655 -0.3851824 -0.6280404 -0.7013001 0.3113102 0.6412989 0.2639924 0.8567256 0.4430907 -0.2934957 -0.147861 0.9444562 -0.6222876 -0.7572076 0.1984815 -0.07245403 -0.02029037 0.9971654 0.2171626 0.05671066 -0.9744868 -0.2120728 -0.7583745 -0.6163548 0.5164058 0.6998013 -0.4935619 0.5334575 -0.7877089 0.3081201 -0.205056 -0.7838523 0.5861124 -0.9881024 0.04977363 0.1455212 -0.9590972 0.255641 -0.1215745 0.9731898 -0.2125243 0.08794939 0.2800058 0.7666598 -0.57778 0.3675381 0.6654151 -0.649722 0.3804996 0.7973599 -0.4684414 0.553838 -0.5699164 0.6070081 -0.9983017 -0.05815291 -0.003466069 -0.4034004 0.5668208 -0.7183192 0.5140064 0.7411645 -0.4318247 -0.8538287 -0.3125334 -0.4162924 -0.001172244 0.5204818 0.853872 0.1336754 -0.4302476 0.8927587 0.2414781 -0.9497821 -0.1990035 0.2403292 -0.7101708 -0.6617397 0.003402948 0.4520812 0.8919704 0.3343929 -0.7630184 0.5531587 -0.1074851 -0.7635015 -0.6367987 -0.290607 0.6212243 -0.7277554 -0.2571811 0.8649851 -0.4308815 0.4549782 -0.234448 0.8590862 -0.4862499 -0.8197578 -0.302586 -0.01941287 -0.869355 0.4938066 0.1754377 0.9844713 -0.006146252 0.5577861 -0.2832428 0.7801591 0.6640402 0.4773167 0.5755167 -0.5637235 0.1655789 -0.8091969 -0.2861484 0.9430657 -0.1695477 0.1630617 0.09660452 -0.981875 -0.9006605 0.420716 -0.1086679 -0.7558839 0.3332506 0.5635455 0.8863627 -0.4006528 -0.2320315 0.7523751 -0.2959152 0.5885287 0.1566718 0.06915777 0.9852265 0.761148 -0.5337797 0.3684195 -0.2816128 -0.08642804 -0.9556278 -0.1295077 0.122871 -0.9839363 -0.5985643 0.4445914 0.6663777 0.412937 -0.38783 -0.8240576 0.7463433 -0.2980793 0.5950801 -0.4743219 -0.3067046 0.8251976 -0.952125 -0.1413137 0.2710873 -0.99706 -0.06813794 -0.03505098 0.9970912 0.07526123 0.01203292 0.5262712 -0.2040571 0.8254691 0.5163514 0.296007 -0.8035927 0.1582632 0.1836763 -0.9701628 -0.4556456 0.2460334 -0.8554852 0.7566522 0.4509379 -0.4734265 0.006318449 -0.2678503 0.9634398 -0.9300265 0.02923089 -0.3663282 -0.9350734 -0.3352968 0.1149518 -0.4067096 0.4681694 -0.7844774 -0.7447912 -0.5043905 0.4368939 -0.6055755 -0.5948363 0.5286285 0.6408786 -0.4162544 0.6449861 0.3057038 0.6867507 -0.6594837 0.9848574 0.1556937 0.07625937 0.9008913 0.3256781 -0.2869297 0.7262122 -0.3360989 0.5997112 -0.3863003 0.6097878 -0.6920484 0.8077639 0.5816388 -0.09598803 -0.2760846 -0.7916538 0.5450337 -0.9531682 -0.1382973 -0.2689691 0.2864235 -0.7959623 0.5332971 -0.156735 0.8413016 -0.5173451 0.8325138 0.5433233 -0.1082623 0.9555934 -0.07398819 0.2852493 0.2358532 -0.7614498 0.6037943 -0.7768867 -0.2143064 0.5920473 -0.9080854 -0.4184325 0.01718032 0.3214096 -0.3865017 0.8644723 -0.7747693 0.2754459 -0.5690889 0.8228021 0.01156878 0.5682103 -0.9270094 0.01990306 0.3745096 0.1701045 0.2840732 -0.9435926 0.8813662 0.05637836 0.4690577 -0.05795037 -0.7271692 0.684008 -0.6339584 -0.7460045 0.2038974 -0.7710041 -0.633999 -0.05998402 0.7623866 0.6458204 0.04102092 0.6893689 -0.0530554 0.7224651 0.102771 0.7375281 -0.6674508 -0.1494554 0.4760711 -0.8666139 -0.662649 0.1362524 -0.7364317 0.2608059 0.9188046 -0.2962746 0.3270003 -0.4447791 0.8338121 -0.8352196 -0.4330983 -0.338872 -0.6231517 0.704993 0.3386251 -0.147199 0.8551887 0.4969757 -0.9405907 0.03344649 -0.3378911 0.6014835 -0.7508534 -0.2728313 0.1681228 -0.8108931 -0.5605239 0.9618346 0.0115112 0.2733895 0.9965164 0.004597783 -0.08327126 0.5052254 0.8447586 0.1764379 -0.4211239 0.8835821 -0.204786 -0.7526979 -0.04323017 -0.6569452 0.7425822 0.0313273 0.6690219 -0.3175643 -0.4760188 0.820097 -0.5335234 -0.8445464 -0.04576379 0.3996415 0.8986528 0.1808589 -0.9479592 -0.09274268 -0.3045853 -0.9529119 -0.07259511 -0.2944298 0.5178757 0.8335957 -0.1921535 -0.4209597 0.7344875 -0.5322792 0.9669356 0.2454503 0.0692079 -0.6017669 0.523346 -0.6033123 0.5505208 -0.8342946 -0.02965545 -0.9233813 -0.1308949 0.360879 -0.3463051 -0.8880593 0.3023629 -0.602468 0.7949182 0.071675 0.9471437 4.40855e-4 -0.3208097 0.2380838 0.721304 -0.6504127 -0.7343444 0.6385309 -0.2302536 -0.8674625 0.0736615 0.4920191 0.7482461 -0.4321438 0.5033682 -0.1482297 -0.383884 0.9114062 0.9165778 -0.0247808 -0.3990879 0.1370561 0.4511502 -0.8818613 -0.7781065 0.4617024 -0.425889 0.04358369 0.2028933 -0.9782305 0.7796303 -0.3029178 -0.5481036 -0.7641768 0.1576457 0.6254454 0.03044098 0.0650444 -0.9974181 0.3119577 0.7340914 -0.603152 0.4818179 -0.8761944 0.01162666 0.6797785 -0.4329097 0.5920225 -0.6612337 0.6803699 -0.3160171 -0.08561968 0.7752465 0.6258294 0.7328296 0.6778316 0.05920344 0.7006381 0.7134279 0.01127296 0.102143 -0.7911979 -0.6029699 -0.7786635 0.05471622 0.6250514 0.786403 0.5753088 0.2249227 0.4869701 -0.7947959 0.3621597 0.07485401 0.5520412 0.8304502 -0.7168962 0.6050212 -0.3464235 0.006669342 -0.6003472 -0.7997117 0.7098519 0.1004223 -0.6971554 0.1184714 -0.6738519 -0.7293068 0.7110157 0.321407 0.6254233 0.8949244 -0.4460693 0.01151508 -0.7207883 -0.3414049 -0.6032471 -0.1915908 0.754817 0.6273311 -0.2115791 0.7161217 0.6651347 -0.9468483 0.1529436 0.2829957 -0.5736519 -0.2484028 0.7805252 -0.5243695 0.7050532 0.4774272 0.1424228 0.9770397 -0.158459 0.06077271 -0.9011726 0.4291789 -0.5841025 0.7869819 0.1987055 0.08507084 0.6962477 0.7127427 0.6682885 -0.4193732 -0.6144239 0.07210767 0.6010412 0.7959586 0.890483 -0.3477025 0.2935015 -0.7110398 -0.1362689 -0.6898212 -0.3789302 -0.9107201 -0.1643202 -0.930548 -0.2415317 -0.2752143 0.01568514 -0.7081311 0.7059068 0.8780454 0.4334542 0.2028638 0.4469086 -0.6138032 -0.650783 -0.2759605 0.2672457 0.923269 -0.2834351 -0.8210738 -0.495482 -0.0904234 0.8700395 0.4846185 0.6578408 -0.477139 -0.5827382 0.2944498 0.9260962 -0.2358922 0.4495785 0.7885663 -0.4195741 -0.8973196 0.1510356 0.414736 0.2749603 0.2280191 0.9340258 0.8383243 0.129465 -0.5295766 -0.5174409 0.5628255 0.6445794 0.8546651 -0.5123696 0.08381515 0.01103544 -0.8861182 -0.463328 -0.2334793 -0.5804237 -0.7801254 0.3620773 0.6715547 -0.646463 -0.06687301 0.9044074 0.4213968 -0.9190639 0.2056557 0.3361952 -0.7970983 -0.5607458 -0.2240504 -0.9404141 0.1349596 0.3121016 -0.8718191 0.4648371 -0.1544604 0.6933854 0.2666628 0.6694085 0.3918973 -0.5206167 0.7585347 0.793143 0.2028908 0.5742471 -0.4556561 -0.3261324 -0.8282603 0.4698706 0.47448 0.7443726 0.7591815 -0.4019162 0.5119639 -0.285309 -0.4726727 -0.8337743 0.3254777 0.5398845 0.776266 0.9614947 0.1081987 0.2526282 0.7729644 -0.4110788 -0.4832602 0.9933221 0.07613718 0.08668607 0.9859889 0.1666172 0.008048295 0.4834549 -0.7210352 0.4963666 0.6809643 0.1233782 0.7218487 0.5083116 0.5093352 -0.6944041 0.7307077 0.09790271 0.6756341 0.2921364 0.9187649 -0.2655702 -0.3741133 -0.9097734 0.1798654 0.7956962 0.2031314 0.5706183 -0.6521993 -0.1596073 -0.7410544 0.321967 -0.8772064 -0.356155 -0.04039162 0.9421351 0.3327912 -0.3765368 0.8820371 0.2832505 0.6024937 0.4441831 0.663101 -0.2828949 0.09890025 -0.9540385 -0.2266795 -0.5147607 -0.8268239 -0.5150865 0.3520604 -0.7814983 0.646098 0.7564457 0.1017221 0.6443443 0.7554477 0.1188248 0.7635318 0.6310152 0.1372553 -0.07091271 0.9162221 -0.3943457 -0.8627139 0.5049794 0.02684372 0.934939 -0.3543224 -0.01856839 0.4488303 -0.1659145 -0.8780797 -0.4225419 0.323703 -0.8465665 0.4576737 -0.404981 0.7915334 -0.5131694 -0.6214639 0.5919796 0.5043141 -0.5383352 0.675176 0.9880868 0.1328616 0.07766747 -0.453087 0.7658205 -0.4563234 0.01656824 -0.8091849 0.5873205 -0.03939247 0.9983964 0.04065704 0.6977444 0.09582042 -0.7099094 -0.03128296 -0.7980179 -0.6018214 0.110817 0.8287212 0.5485807 -0.3940947 0.01949131 0.9188632 -0.2420595 0.9026284 0.3559062 -0.3602362 0.5444504 -0.7574983 -0.8300783 -0.2495755 -0.4986805 -0.1298253 0.3184075 -0.9390219 -0.675194 -0.5571575 0.4834135 0.6583875 0.5695556 -0.4920696 -0.3713734 -0.8727252 0.316911 -0.9470208 0.03907573 0.3187866 -0.9936563 -0.08846783 -0.06943106 -0.1893297 -0.2067037 0.9599103 0.5843791 0.79354 -0.1696926 0.6982343 0.6888374 -0.1948639 0.6930006 0.1844578 0.6969401 0.0225197 0.4674527 -0.8837313 -0.04290789 0.8038757 0.5932478 -0.1069384 0.9326767 0.3444971 0.8718412 0.08871608 -0.4816872 0.3163443 -0.7624853 0.5643959 0.719912 0.5953248 -0.3568126 0.8701352 -0.004015266 0.4927969 0.2692459 -0.8996121 -0.3438095 0.07362276 0.9600053 0.2701288 -0.2769939 -0.6797865 0.6790912 -0.711815 0.6499596 0.2662183 0.4428405 0.8822757 -0.1596309 0.3695675 0.9063717 -0.2047199 -0.7176795 -0.6470111 0.2575128 0.5068303 -0.1445048 -0.8498479 -0.9135061 0.08346927 0.3981701 -0.00685507 -0.9334452 0.3586545 0.7517948 -0.278772 0.5975707 0.5169523 0.8556028 -0.02654105 -0.1453021 0.3163655 0.9374434 -0.2903034 0.5599747 0.7759849 0.6818076 0.4669734 0.5630935 0.09044986 -0.6231267 0.7768733 0.8216788 -0.555567 -0.1272383 0.07958817 0.3498038 0.9334362 0.2060461 -0.535461 -0.8190402 0.8071934 -0.5898543 -0.02260214 -0.7432273 -0.2110506 -0.6348787 -0.8317709 0.5549421 -0.01401817 0.07558864 -0.7667543 -0.6374751 -0.06127893 -0.8830042 -0.465348 0.6447526 0.7494623 -0.1503342 -0.1757942 0.9453393 -0.2746458 0.01952254 0.4754343 0.8795347 -0.8090801 0.494907 -0.3169486 -0.7732619 0.2723095 -0.5726374 -0.6206983 -0.6568762 -0.428074 0.1580852 -0.986031 0.05246019 -0.7747979 -0.6123678 -0.1571432 -0.2218322 -0.9053296 -0.3621723 -0.9822053 -0.1878095 6.07895e-4 -0.99226 -0.1232331 0.01528853 0.3923664 0.9160283 0.0833128 -0.387209 -0.9219629 0.007317125 -0.05116468 0.1556959 0.9864791 0.4523948 -0.7719636 0.4465547 0.202495 -0.7752424 0.598327 -0.4415311 0.6435732 -0.6251911 0.772636 -0.1352859 0.6202672 0.867753 -0.2369612 0.4368686 0.9445881 -0.1996023 0.2606 -0.9634475 -0.2595892 0.06620121 0.127726 -0.9062432 0.4030008 0.9518206 -0.2512331 0.1758401 0.7417666 0.6324422 -0.2231574 -0.3347249 0.8620033 -0.38067 -0.4884825 -0.6350731 -0.598387 -0.7337882 0.3556583 -0.5788455 0.2738452 -0.4523689 -0.848747 0.4877167 0.1358223 0.8623716 0.7758146 0.2768902 0.56696 -0.7641397 -0.2754077 -0.5833021 -0.4672812 0.6638049 -0.5839617 -0.6929708 0.674589 0.2544038 0.13192 -0.09925377 0.9862788 -0.03267365 0.8517876 -0.5228675 -0.1264086 -0.3440864 -0.93039 0.1876717 -0.5993142 0.7782044 -0.1613562 0.5343921 -0.8296924 -0.3184075 0.9472572 0.03634059 -0.07578098 0.3836163 0.9203781 0.03793352 0.5512486 0.8334783 -0.06093376 0.9967806 0.05211144 -0.2146221 0.4124194 -0.8853517 -0.3222284 0.1702408 -0.9312288 -0.5984464 -0.08493107 0.7966484 -0.4292196 -0.4223363 0.798375 0.3942893 -0.2786492 0.8757229 -0.6154004 0.7327485 0.2904514 -0.289655 -0.8089799 0.5115188 -0.7971744 -0.5484741 0.2523673 0.9129833 -0.3736214 0.1639162 0.06933581 -0.8314791 0.5512123 0.7677055 0.5084637 -0.3899912 -0.5806424 -0.2808831 0.7641722 0.5973699 0.2220765 -0.7706044 -0.4744836 -0.06560552 0.8778163 0.3001925 0.4157717 -0.8584977 -0.2878303 -0.4197689 0.8607833 -0.2051988 0.9593068 0.1939693 0.3473527 -0.8857722 0.3078211 0.7625747 0.6457451 0.03864252 -0.06003689 0.8300745 0.5544114 -0.836528 0.3333216 0.4348765 -0.8320704 0.1506489 0.5338201 -0.7303674 -0.6829869 -0.009617328 -0.7322198 0.5685034 0.3750441 -0.6032399 0.7306379 0.3197966 -0.1276633 -0.499844 0.8566552 -0.168295 -0.9855569 -0.01883387 -0.1800816 -0.9834269 -0.02102977 -0.0764293 -0.4905747 -0.868041 0.03020769 -0.5048725 -0.8626653 0.9898579 -0.02115505 0.140478 0.9822002 -0.1288338 0.1366922 0.5392435 -0.8274415 -0.1567069 0.119898 0.2735813 -0.9543468 0.05302792 -0.4327289 -0.8999632 0.1216535 -0.6164741 0.7779205 0.7771898 0.04728245 0.6274873 -6.50341e-4 -0.5397069 0.8418527 0.06224262 0.554711 -0.8297117 0.2919328 0.9549717 0.05295461 -0.9051076 -0.351005 0.2399492 -0.9459657 -0.2986189 0.1263954 -0.5109547 0.7983474 0.3186955 0.09877967 0.3860179 -0.9171875 0.0696671 0.5162208 -0.8536174 -0.2723694 0.6899768 0.6706318 -0.2910346 0.623343 0.7257702 -0.9176738 1.99229e-4 0.3973345 0.2309774 -0.9426341 0.2410199 -0.7283143 0.6830819 -0.05438303 -0.5800512 0.2361997 0.7795834 0.6922304 -0.1671754 -0.7020466 -0.3645673 -0.9242663 -0.1132361 -0.86085 0.05204319 0.5061905 -0.2372977 0.8520356 0.4666105 -0.9525899 -0.03498768 0.302239 -0.8690314 0.4368912 0.2321869 -0.8383691 0.5450853 -0.00441116 0.0975275 -0.5150627 -0.8515861 -0.2167323 0.4353323 -0.8737924 0.5161558 -0.8561205 -0.02531749 0.8373499 0.03122383 0.545775 -0.8716821 0.02805072 0.4892684 -0.8629674 0.001024127 0.5052586 0.6615217 -0.1208531 -0.7401241 0.9504536 -0.05079907 0.3066879 -0.3211068 -0.8426774 0.4321866 -0.9162466 0.2892374 -0.2771896 -0.5192899 0.5478349 0.6559078 0.2582846 0.9646118 0.05303925 0.1178502 0.9914417 0.0561667 -0.5245995 -0.7900983 0.3170805 -0.02455145 0.8857281 0.4635547 -0.06109911 -0.9975888 -0.03291732 -0.6485558 -0.6808074 0.3404065 -0.4611822 -0.3792921 0.8021524 0.4851406 0.7338765 0.4754619 -0.5171889 0.7157552 0.4692656 -0.8571639 0.4318503 0.2806699 -0.8632208 -0.4025971 -0.3045742 -0.5909408 0.6370646 0.4949119 0.5003249 0.682645 0.5326077 0.5064319 0.707822 0.4924578 0.2933062 0.4330282 0.8523252 -0.238358 -0.4659833 -0.8520829 -0.4858968 -0.2339379 0.8421267 0.7788913 0.6271024 0.008435845 0.6137229 0.7543298 -0.2330904 -0.7313125 0.2688423 0.6268219 -0.7372743 -0.2874344 0.6113985 -0.7752592 0.2135355 0.5944541 0.9631545 0.04889786 0.2644664 -0.2886798 0.07962727 0.9541088 -0.2563425 0.6333417 0.7301828 -0.9337933 0.3338698 -0.1286908 0.9594958 0.005314111 -0.281673 -0.9836325 -0.1793426 -0.01742064 -0.618469 0.1665374 -0.7679593 0.1401596 -0.9688036 -0.2043891 0.3855469 -0.4225465 0.8202487 -0.5365951 0.3486483 0.7684467 0.5661026 -0.04354512 -0.823184 -0.5862798 0.6794521 0.4411586 -0.4704464 -0.7270638 0.5000585 0.1239552 -0.3925239 0.9113507 0.7833904 0.4591634 -0.4188897 -0.05913853 0.2187626 -0.9739844 0.8856382 0.04145312 0.4625223 -0.2983683 -0.7428027 0.5993501 0.8053042 0.1113258 0.5823161 -0.2585156 0.9261693 0.2745546 -0.3368182 0.8907355 0.3051948 -0.8321437 -0.1073737 -0.5440661 0.09985309 0.9251107 0.3663326 -0.6847485 0.6119913 -0.3957096 -0.9541319 0.07190674 0.2906233 -0.530538 -0.7597157 -0.3759807 -0.527515 0.8002651 0.285138 0.7718012 0.1875725 0.6075685 -0.8277402 -0.1558051 -0.5390462 0.9750129 0.007186472 0.222032 -0.1181762 0.8377494 0.5331138 0.9535553 -0.04617625 0.2976576 0.1382023 -0.8643147 -0.4835909 0.2593709 -0.8313958 -0.4914344 0.7647928 -0.597437 0.2411665 -0.1614867 0.8934687 0.4190892 -0.7756977 0.5865086 -0.2330252 -0.6904487 -0.289799 -0.6627951 0.009827733 -0.8698856 -0.4931556 -0.1969369 0.8803262 0.4315574 0.07632946 -0.8160258 -0.5729536 0.04816138 -0.4991875 -0.8651545 0.7625241 0.6375894 -0.1097126 0.05792844 0.6023027 0.7961633 0.6969283 0.6081238 0.3801006 -0.5596966 0.827319 -0.04778116 0.03138154 0.5271735 0.849178 0.1006914 -0.9949177 1.96113e-4 -0.5393025 -0.790311 -0.2907947 -0.8118267 -0.3418403 0.4733738 0.221123 0.9691755 -0.1086437 0.1876429 0.2701547 0.9443552 0.4189224 -0.2077959 0.883926 0.6039202 0.4968492 -0.6232345 -0.6798543 -0.6942052 -0.2363837 -0.1346321 0.7960465 0.5900713 0.1821812 -0.8048065 -0.5648864 0.05847465 0.9128835 -0.4040107 -0.2474982 -0.7476679 0.6162285 -0.346742 0.6915825 0.6336275 -0.9495334 0.2082548 -0.2345557 -0.5502482 0.3725441 0.747287 -0.3677005 -0.4998577 -0.7841804 0.4095903 -0.8598934 0.3046625 0.4727051 -0.7549817 0.4544805 0.1440241 0.9893489 -0.02111941 -0.1701614 0.03438311 -0.9848163 -0.2607536 0.04589402 -0.9643139 -0.9190793 0.213041 0.3315224 -0.1982323 -0.9801551 4.7691e-4 -0.7364485 -0.6382833 -0.2241388 -0.3267469 -0.4285238 0.8423799 -0.8665769 -0.4933282 -0.07531249 -0.376928 -0.4029811 0.8339853 -0.9235393 -0.3834906 0.003188073 -0.4637484 -0.1424226 0.8744446 -0.4574856 0.01269847 0.8891265 -0.4154455 0.7615551 -0.4974323 -0.070261 -0.009188652 0.9974864 -0.4067347 0.7599714 -0.5069619 0.9245009 0.1202587 0.3617126 -0.06194323 -0.05728673 0.9964343 0.479649 -0.7253929 -0.4937022 0.4721628 -0.7231857 -0.5040484 0.951591 0.3072883 -0.006960391 0.9642561 -0.2649399 -0.00411874 -0.9698814 -0.2255942 0.09185487 0.9448842 0.3261173 -0.02900773 -0.7574436 -0.5020767 0.4173705 0.5017652 -0.6113131 0.6119869 -0.3359116 -0.895001 -0.2934906 -0.3694311 0.9238907 -0.09973305 -0.8032264 -0.5955043 0.01421487 0.438428 -0.5682362 0.6963394 0.4041985 -0.5308638 0.7448538 0.796908 0.6033582 0.0299431 0.7925733 0.06142967 0.6066745 -0.3158426 -0.9007496 -0.2981502 -0.3218079 -0.8952123 -0.308277 0.7886418 0.07313799 0.6104875 -0.4541517 0.8389357 -0.2998887 -0.49104 0.8132687 -0.3122079 -0.1294292 0.6008596 -0.7888067 -0.5072407 0.1406425 -0.850251 -0.4184893 -0.8234702 -0.3830975 0.5783967 -0.2646112 0.7716465 0.4854015 0.2016393 -0.8507215 0.7327852 0.3845936 0.5613499 -0.7542362 -0.4300015 -0.4962123 0.9822189 0.1874018 0.01126158 -0.2920377 -0.7233299 0.6257059 -0.06689321 -0.4951115 0.8662505 0.1253567 -0.9899102 0.06605702 -0.6256031 -0.4601371 0.6299958 -0.7060446 -0.6364752 -0.3104842</float_array>
          <technique_common>
            <accessor source="#tree-mesh-normals-array" count="3656" stride="3">
              <param name="X" type="float"/>
              <param name="Y" type="float"/>
              <param name="Z" type="float"/>
            </accessor>
          </technique_common>
        </source>
        <source id="tree-mesh-map-0">
          <float_array id="tree-mesh-map-0-array" count="36714">-1.26166e-5 0.1666666 0.07989412 0 0 0 0.06948912 0.6666668 -2.08929e-5 0.5 0 0.6666667 0.07989412 1 0.06897252 0.8333333 -9.80233e-6 0.8333333 0.06855404 0.3333333 0.06770253 0.1666666 -1.26166e-5 0.1666666 0.06777989 0.5 0.06855404 0.3333333 -2.08929e-5 0.5 0.06897252 0.8333333 0.06948912 0.6666668 -9.80233e-6 0.8333333 0.07989412 1 0.1 0.8333333 0.06897252 0.8333333 0.2851198 0.1666666 0.13148 0 0.1328112 0.1666666 0.1313108 0.6666667 0.2008558 0.5 0.1326405 0.5 0.2048487 1 0.2060548 0.8333333 0.13148 1 0.2060548 0.8333333 0.2108329 0.6666667 0.1313108 0.6666667 0.3553756 0.6666666 0.3950061 0.5 0.2008558 0.5 0.4205008 0.3333334 0.3919393 0.1666666 0.2885312 0.3333333 0.3950061 0.5 0.4205008 0.3333334 0.2885312 0.3333333 0.5523542 0.8333333 0.4472689 0.6666667 0.3828164 0.8333332 0.6245453 0.5 0.4205008 0.3333334 0.3950061 0.5 0.4472689 0.6666667 0.6245453 0.5 0.3950061 0.5 0.6553059 1 0.5523542 0.8333333 0.444038 1 0.6245453 0.5 0.6813131 0.3333333 0.4205008 0.3333334 0.5523542 0.8333333 0.679622 0.6666667 0.4472689 0.6666667 0.7025189 0.8333334 0.679622 0.6666667 0.5523542 0.8333333 0.7392501 0.1666666 0.7423301 0 0.6565655 0.1666666 0.6813131 0.3333333 0.7392501 0.1666666 0.6565655 0.1666666 0.764609 0.5 0.7894354 0.3333333 0.6813131 0.3333333 0.7423301 1 0.7905178 0.8333334 0.7025189 0.8333334 0.8152067 0.1666666 0.7423301 0 0.7392501 0.1666666 0.7894354 0.3333333 0.8152067 0.1666666 0.7392501 0.1666666 0.785184 0.6666668 0.8330829 0.5 0.764609 0.5 0.8988958 0.6666667 0.8330829 0.5 0.785184 0.6666668 0.9999968 0.3333333 0.8152067 0.1666666 0.7894354 0.3333333 0.8330829 0.5 0.9999968 0.3333333 0.7894354 0.3333333 0.9999968 0.3333333 1.000001 0.1666666 0.8152067 0.1666666 1.000001 0.1666666 1.000001 0 0.8507763 0 0.108398 1 0 0.8333333 0 1 0.1090039 0.1666666 0.108398 0 0 0.1666666 0.1218785 0.6666667 0.1154817 0.5 0 0.5 0.1129526 0.8333333 0.1218785 0.6666667 0 0.8333333 0.3172566 0.8333333 0.1218785 0.6666667 0.1129526 0.8333333 0.3149479 0.6666667 0.3097817 0.5 0.1218785 0.6666667 0.3172566 0.8333333 0.3149479 0.6666667 0.1218785 0.6666667 0.2763947 0.1666666 0.3300303 0 0.108398 0 0.3327522 0.3333333 0.3665475 0.1666666 0.2763947 0.1666666 0.3300303 1 0.382942 0.8333333 0.3172566 0.8333333 0.4429871 0.3333334 0.3665475 0.1666666 0.3327522 0.3333333 0.446834 0.6666667 0.4093078 0.5 0.3766534 0.6666667 0.382942 0.8333333 0.446834 0.6666667 0.3766534 0.6666667 0.5559562 0.1666666 0.3300303 0 0.3665475 0.1666666 0.4429871 0.3333334 0.5559562 0.1666666 0.3665475 0.1666666 0.446834 0.6666667 0.5661445 0.5 0.4093078 0.5 0.5649025 0.8333334 0.446834 0.6666667 0.382942 0.8333333 0.5670269 1 0.5649025 0.8333334 0.3300303 1 0.5559562 0.1666666 0.5670269 0 0.3300303 0 0.5677602 0.6666667 0.5661445 0.5 0.446834 0.6666667 0.6326122 0.5 0.6316903 0.3333333 0.5661445 0.5 0.6944444 1 0.67817 0.8333333 0.6666667 1 0.6781668 0.1666666 0.6944444 0 0.6666667 0 0.8104804 0.3333334 0.9998079 0.1666666 0.7974532 0.1666666 1.000278 0.8333333 0.7975742 0.6666667 0.8019159 0.8333333 1.000026 1 1.000278 0.8333333 0.8043697 1 1.000278 0.8333333 1.000023 0.6666667 0.7975742 0.6666667 0.1146435 0.6666667 0.1140228 0.5 0 0.5 0.1134369 0.8333334 0.1146435 0.6666667 0 0.8333333 0.1088051 0.1666666 0.3050189 0 0.1124106 0 0.3154928 0.3333333 0.1088051 0.1666666 0.1143349 0.3333333 0.3469706 0.5 0.3154928 0.3333333 0.1143349 0.3333333 0.3340672 0.1666666 0.3050189 0 0.1088051 0.1666666 0.5615196 1 0.5343714 0.8333334 0.3006344 0.8333334 0.3431676 0.6666667 0.5613589 0.5 0.3469706 0.5 0.6391637 0.8333333 0.5694119 0.6666667 0.5343714 0.8333334 0.6705307 0.6666667 0.5613589 0.5 0.5694119 0.6666667 0.6391637 0.8333333 0.6705307 0.6666667 0.5694119 0.6666667 0.6701127 0.5 0.5737164 0.3333333 0.5613589 0.5 0.8725204 0.3333334 0.5289076 0.1666666 0.5737164 0.3333333 0.6701127 0.5 0.8725204 0.3333334 0.5737164 0.3333333 0.8777152 0.1666666 0.8566567 0 0.5289076 0.1666666 0.8729856 0.8333333 0.8508419 0.6666667 0.6705307 0.6666667 0.9999984 0.6666667 0.8764114 0.5 0.8508419 0.6666667 0.8729856 0.8333333 0.9999984 0.6666667 0.8508419 0.6666667 0.9999984 0.6666667 1 0.5 0.8764114 0.5 1 0.2500573 1 0 0.8777152 0.1666666 1 0.2500573 0.8777152 0.1666666 0.8725204 0.3333334 1 0.5 1 0.2500573 0.8725204 0.3333334 0.1130703 0.5 0.1137884 0.3333334 0 0.3333333 0.112776 0.6666668 0.1130703 0.5 0 0.6666667 0.3007946 0.1666666 0.1914892 0 0.1134994 0.1666666 0.3420894 0.3333333 0.5040079 0.1666666 0.3720528 0.1666666 0.4659203 0.5 0.4694707 0.3333333 0.3420894 0.3333333 0.6719079 1 0.4712796 0.8333334 0.401978 1 0.5040079 0.1666666 0.6719079 0 0.401978 0 0.6885226 0.6666666 0.4659203 0.5 0.3150942 0.6666667 0.6973168 0.8333334 0.6885226 0.6666666 0.4712796 0.8333334 0.7499651 0.3333333 1.000488 0.1666666 0.5040079 0.1666666 1.000488 0.1666666 1.000322 0 0.6719079 0 1.000278 0.8333333 0.6885226 0.6666666 0.6973168 0.8333334 1.000012 0.3333333 1.000488 0.1666666 0.7499651 0.3333333 0.1154639 0.5 0.1721457 0.3333333 0 0.3333333 0.1137473 0.6666667 0.1154639 0.5 0 0.6666667 0.2970225 0.8333333 0.1137473 0.6666667 0.1108071 0.8333334 0.3343015 1 0.2970225 0.8333333 0.1114333 1 0.3343015 1 0.3723254 0.8333333 0.2970225 0.8333333 0.3014801 0.6666666 0.3986408 0.5 0.32058 0.5 0.4764587 0.1666666 0.3343015 0 0.3428499 0.1666666 0.4216176 0.3333333 0.4764587 0.1666666 0.3428499 0.1666666 0.4764587 0.1666666 0.7701298 0 0.3343015 0 0.753404 0.5 0.4216176 0.3333333 0.3986408 0.5 0.7959439 0.1666666 0.7701298 0 0.4764587 0.1666666 0.4216176 0.3333333 0.7959439 0.1666666 0.4764587 0.1666666 0.7800972 0.8333333 0.5090184 0.6666668 0.3723254 0.8333333 0.7800972 0.8333333 0.782469 0.6666666 0.5090184 0.6666668 0.7817261 0.3333333 0.7959439 0.1666666 0.4216176 0.3333333 0.753404 0.5 0.7817261 0.3333333 0.4216176 0.3333333 0.7701298 1 0.999816 0.8333333 0.7800972 0.8333333 0.9999523 0.6666667 0.8233228 0.5 0.782469 0.6666666 0.341623 0.8204327 -3.52472e-5 0.5 -3.29566e-5 0.7725434 0.350229 1 -3.29566e-5 0.7725434 3.34799e-5 1 0.350229 1 0.341623 0.8204327 -3.29566e-5 0.7725434 0.341623 0.8204327 0.3881368 0.4235934 -3.52472e-5 0.5 0.4505649 0.9157642 0.341623 0.8204327 0.350229 1 0.4792938 0.3615341 0.4505649 0 0.3881368 0.4235934 0.4699321 0.6995272 0.4792938 0.3615341 0.3881368 0.4235934 0.5 0.08297866 0.4505649 0 0.4792938 0.3615341 0.5 1 0.5539633 0.891526 0.4699321 0.6995272 0.5416667 0.2892187 0.5 0.08297866 0.4792938 0.3615341 0.5416667 0.2892187 0.5933576 0.1057509 0.5416667 0 0.5539633 0.891526 0.6574787 0.6161634 0.5514875 0.6421112 0.6574787 0.6161634 0.5933576 0.1057509 0.5514875 0.6421112 0.7941656 0.08294475 0.6559074 0 0.5933576 0.1057509 0.999771 0.5001243 0.9999948 0.2274073 0.7941656 0.08294475 0.7716232 0.7304053 1 0.8963757 0.999771 0.5001243 -4.0947e-7 0.5545154 0.3324465 0.2634189 8.75401e-5 0.206039 0.3254879 0.6666667 0.3320311 0.5 -4.0947e-7 0.5545154 8.75401e-5 0.206039 0.2972462 0 8.80406e-6 0 0.2905566 0.9348317 0.3254879 0.6666667 6.80768e-6 0.9170386 0.3324465 0.2634189 0.2972462 0 8.75401e-5 0.206039 0.3324465 0.2634189 0.4092366 0 0.2972462 0 0.5594212 0.4697293 0.3324465 0.2634189 0.3320311 0.5 0.6671736 0.2478641 0.3324465 0.2634189 0.5594212 0.4697293 0.6691641 0.6119021 0.6671736 0.2478641 0.5594212 0.4697293 0.9998157 0.771186 0.6691641 0.6119021 0.6614206 0.9306338 0.3818795 0.5620706 1.03772e-5 0.5708652 -3.3252e-7 0.9606624 0.1936219 1 0.3818795 0.5620706 -3.3252e-7 0.9606624 0.3818795 0.5620706 0.4380862 0.3333333 1.24655e-5 0.3333333 0.4903988 0.9803682 0.3818795 0.5620706 0.1936219 1 0.4380862 0.3333333 0.744269 0.4285269 0.3317202 0.1531096 0.744269 0.4285269 0.9999819 0 0.4923471 0 0.9999807 0.5439457 0.744269 0.4285269 0.3818795 0.5620706 0.9999985 0.2218832 0.9999819 0 0.744269 0.4285269 0.9999807 0.5439457 0.9999985 0.2218832 0.744269 0.4285269 0.3184414 0.1097078 8.49206e-6 0 3.30041e-6 0.250546 1.39468e-5 0.5823368 0.3041556 0.4499674 3.30041e-6 0.250546 0.2831505 0.8097079 1.39468e-5 0.5823368 1.05217e-5 0.9196434 0.3041556 0.4499674 0.3828655 0.2438028 0.3184414 0.1097078 0.4393095 0.583739 0.3041556 0.4499674 0.2831505 0.8097079 0.6086319 0.007052838 0.3184414 0.1097078 0.3828655 0.2438028 0.5160354 0.7643801 0.4393095 0.583739 0.3185455 1.049101 0.6142717 0.1884559 0.6086319 0.007052838 0.4393095 0.583739 0.6142717 0.1884559 0.6666667 0.08287477 0.6086319 0.007052838 0.608617 0.9238802 0.6666667 0.7502766 0.6153849 0.5657157 0.7166025 0.9172824 0.6666667 0.7502766 0.6666667 1 0.6666667 0.7502766 0.7197132 0.5759156 0.6963415 0.257144 0.9998843 -2.24864e-5 0.7166024 0 0.6963415 0.257144 0.9996958 0.6667397 0.7197132 0.5759156 0.7166025 0.9172824 0.2675809 0.8528566 1.38258e-4 0.7787159 0 1 1.96697e-5 0.5 0.27455 0.5319345 -2.27694e-7 0.1655197 0.2657302 0.02204185 0.1583955 0 -2.27694e-7 0.1655197 0.27455 0.5319345 0.2657302 0.02204185 -2.27694e-7 0.1655197 0.27455 0.5319345 0.3009631 0.2541744 0.2657302 0.02204185 0.2675809 0.8528566 0.1723882 0.6666667 1.38258e-4 0.7787159 0.2828861 1 0.3629428 0.9211588 0.2675809 0.8528566 0.3009631 0.2541744 0.3638132 0 0.2657302 0.02204185 0.3629313 0.5750975 0.3009631 0.2541744 0.27455 0.5319345 0.3825753 0.2549722 0.3638132 0 0.3009631 0.2541744 0.3629313 0.5750975 0.3825753 0.2549722 0.3009631 0.2541744 0.7854071 0.231385 0.5232431 0 0.5196088 0.3081321 0.5626925 0.6511639 0.7854071 0.231385 0.5196088 0.3081321 0.7835915 0.8715187 0.5626925 0.6511639 0.528428 0.8941435 1 0.2054782 1 0 0.8010598 0 1.63507e-5 0.3333334 0.3950644 0.08864253 1.3916e-5 0.03877806 0.4571923 0.4137974 1.63507e-5 0.3333334 1.25547e-5 0.604897 0.7625575 0.0655927 0.5309055 0 0.4571923 0.4137974 0.4920503 0.8727772 0.6690429 0.780189 0.4930526 0.598733 0.769519 0.4197605 0.7625575 0.0655927 0.4571923 0.4137974 0.769519 0.4197605 0.4571923 0.4137974 0.4930526 0.598733 0.6690429 0.780189 0.769519 0.4197605 0.4930526 0.598733 0.7986547 0.7862733 0.6690429 0.780189 0.672522 1 1.000022 0.6056388 0.769519 0.4197605 0.7986547 0.7862733 1.000022 0.6056388 1.000013 0.3000015 0.769519 0.4197605 1.000035 0.9337773 1.000022 0.6056388 0.7986547 0.7862733 -3.79602e-7 0.5559732 0.2202435 0.6218556 0 0.2042854 0.3549289 0.292294 1.50573e-5 0 0 0.2042854 0.2202435 0.6218556 0.3549289 0.292294 0 0.2042854 0.3549289 0.292294 0.7549574 0.5309948 0.6398443 0.03396421 0.6484548 0.9696654 1 0.7730612 0.7393689 0.7763891 1 0.393952 1 0.1300353 0.7549574 0.5309948 1 0.7730612 0.7549574 0.5309948 0.7393689 0.7763891 0.2966709 0.1466351 0.2260838 0.02862972 7.7746e-4 0.5673919 0.5003642 0.3994539 0.475174 0.1339762 0.2537975 0.9037213 0.5625 1 0.3332185 0.9833525 0.4836958 1 0.6710655 0.9890674 0.6758429 0.8285396 0.5003642 0.3994539 0.75 0.9173802 0.6758429 0.8285396 0.6710655 0.9890674 0.75 0.2497051 0.6751652 0.08199959 0.6760792 0.4254398 0.6758429 0.8285396 0.75 0.6057714 0.6760792 0.4254398 0.75 0.2497051 0.8268921 0.08204293 0.75 0 0.8268041 0.5820199 0.75 0.2497051 0.75 0.6057714 0.8268921 0.9079452 0.75 0.6057714 0.75 0.9173802 1 0.571184 1.000019 0.2567965 0.8268041 0.5820199 1 0.9080018 0.8268041 0.5820199 0.8268921 0.9079452 -1.56359e-5 0.8905738 0.325472 0.6666667 -2.1286e-5 0.5339152 0.3284814 0.3290283 0.3251406 0 -4.14682e-5 0.2348157 0.325472 0.6666667 0.3284814 0.3290283 -2.1286e-5 0.5339152 0.3284814 0.3290283 0.6761716 0.1083944 0.3251406 0 0.9992496 0.7705033 0.325472 0.6666667 0.3241279 0.9218747 1.000003 0.3896203 0.6761716 0.1083944 0.6755734 0.4536675 0.9992496 0.7705033 1.000003 0.3896203 0.6755734 0.4536675 0.2541013 1 1.08159e-5 0.8333334 -8.12314e-7 1 2.5548e-5 0.1666666 0.2541013 0 -8.12314e-7 0 0.34641 0.5 0.3430839 0.3333333 0 0.3333333 0.3638294 0.6666667 0.34641 0.5 -8.73703e-7 0.6666667 0.2541013 1 0.5347422 0.8333333 1.08159e-5 0.8333334 0.6554886 0.1666666 0.2541013 0 2.5548e-5 0.1666666 0.6622478 1 0.5347422 0.8333333 0.2541013 1 0.6622478 1 0.9999569 0.8333333 0.5347422 0.8333333 0.9999569 0.8333333 0.7122108 0.6666668 0.5347422 0.8333333 1.000003 0.3333333 0.6554886 0.1666666 0.6954199 0.3333333 1 0.5833097 1.000003 0.3333333 0.7080699 0.5 0.7122108 0.6666668 1 0.5833097 0.7080699 0.5 0.9999569 0.8333333 1 0.5833097 0.7122108 0.6666668 2.29819e-6 0.3894062 0.235419 0 -2.98085e-7 0.03711485 0.5931962 0.2965658 0.235419 0 2.29819e-6 0.3894062 0.7413244 0.8868924 0.5526823 0.8310969 0.5569622 1 0.7413244 0.8868924 0.5446298 0.5561044 0.5526823 0.8310969 0.9995395 0.3409427 0.7242453 0 0.5931962 0.2965658 1.00003 1 1.000051 0.7285659 0.7413244 0.8868924 1.000051 0.7285659 0.9995395 0.3409427 0.7337669 0.528984 0.2312467 0.9083912 0 0.7499918 0 1 0 0.7499918 0.2222639 0.3299472 0 0.3939151 0.2222639 0.3299472 0.2312467 0 -2.60357e-7 0.08352321 0.3333333 0.2272841 0.2312467 0 0.2222639 0.3299472 0.3333333 0.5834663 0.2222639 0.3299472 0.2283496 0.6042355 0.2312467 0.9083912 0.3333333 0.5834663 0.2283496 0.6042355 0.3333333 0.2272841 0.4166666 0 0.3333333 0 0.3333333 0.5834663 0.4166666 0.2493262 0.3333333 0.2272841 0.4166667 0.9860714 0.3333333 0.5834663 0.3333333 0.9165922 0.4166666 0.2493262 0.5 0 0.4166666 0 0.4166666 0.5 0.5 0.2515336 0.4166666 0.2493262 0.5 0.9458556 0.4166666 0.5 0.4166667 0.9860714 0.5 0.2515336 0.5833333 0 0.5 0 0.5 0.5 0.5833333 0.251464 0.5 0.2515336 0.5833334 0.8877447 0.5 0.5 0.5 0.9458556 0.5833333 0.251464 0.6666667 0.08353835 0.5833333 0 0.5833333 0.5 0.6666666 0.4160899 0.5833333 0.251464 0.6666667 0.7272624 0.5833333 0.5 0.5833334 0.8877447 0.6666667 1 0.75 0.7513016 0.6666667 0.7272624 0.75 0.3840449 0.6666667 0.08353835 0.6666666 0.4160899 0.6666667 0.7272624 0.75 0.3840449 0.6666666 0.4160899 0.75 1 0.8333333 0.7512286 0.75 0.7513016 0.8333333 0.4513745 0.75 0 0.75 0.3840449 0.75 0.7513016 0.8333333 0.4513745 0.75 0.3840449 0.8333333 1 0.9166667 0.751744 0.8333333 0.7512286 1.000055 0.08014947 0.8333333 0 0.8333333 0.4513745 0.8333333 0.7512286 1.000055 0.08014947 0.8333333 0.4513745 0.9166667 1 1 0.7632113 0.9166667 0.751744 0.9166667 0.751744 1 0.423033 1.000055 0.08014947 -3.63676e-7 0.5547307 1.000276 0.3951684 -1.14452e-6 0.205772 1.000276 0.3951684 1.000105 0.09056484 -1.14452e-6 0.205772 0.9981235 0.6673104 0.5116817 0.5666479 -8.41827e-7 0.8945775 0.4021112 1 -3.35704e-5 0.7744756 0 1 0.4033029 0.3333333 0.4105731 0.07490867 -3.42927e-5 0.1335477 0.4021112 1 0.6555312 0.9272479 0.4071199 0.6994225 0.635378 0.4144149 0.4033029 0.3333333 0.4071199 0.6994225 1.000021 0.2471923 0.6424912 0.1012411 0.635378 0.4144149 1.000021 0.2471923 1 0 0.6424912 0.1012411 1.000035 0.5864199 1.000021 0.2471923 0.635378 0.4144149 0.9992594 0.77142 0.001110196 0.6114936 2.10599e-4 0.961236 0.001110196 0.6114936 1.000193 0.3890743 -1.50901e-6 0.2722756 0.9992594 0.77142 1.000193 0.3890743 0.001110196 0.6114936 0.9999535 1 0.9999993 0.7720698 -2.03942e-7 0.7724856 0.9999993 0.7720698 -1.38281e-5 0.1111468 -2.20832e-7 0.4617615 0.4959502 0.8256943 -8.39397e-7 0.6092944 -3.745e-7 0.9638349 0.4800969 1 0.4959502 0.8256943 -3.745e-7 0.9638349 0.5179989 0.4732786 0.4891845 0.2400099 -4.43504e-7 0.2712506 0.4959502 0.8256943 0.5179989 0.4732786 -8.39397e-7 0.6092944 1 0.2709556 0.4891845 0.2400099 0.5179989 0.4732786 0.4959502 0.8256943 1.000001 0.608879 0.5179989 0.4732786 1 0.2709556 1 0 0.4891845 0.2400099 1.000001 0.608879 1 0.2709556 0.5179989 0.4732786 3.7709e-4 0.3911426 0.9997548 0.6048356 -9.89938e-7 0.03620219 0.9997548 0.6048356 0.3364865 0 -9.89938e-7 0.03620219 0.9997548 0.6048356 0.9999377 0.2745397 0.3364865 0 0.3460807 0.9162938 0 0.7421388 0 1 0 0.7421388 0.3416388 0.3106836 0 0.3996948 0.3416388 0.3106836 0.3460807 0 -4.40883e-5 0.095577 0.5 0.08292752 0.3460807 0 0.3416388 0.3106836 0.3442593 0.6666668 0.5 0.4393485 0.3416388 0.3106836 0.5 0.7505833 0.3442593 0.6666668 0.3460807 0.9162938 0.5 1 0.6543477 0.7662047 0.5 0.7505833 0.6533477 0.4162497 0.5 0.08292752 0.5 0.4393485 0.6543477 0.7662047 0.5 0.4393485 0.5 0.7505833 1 0.3998236 1.000046 0.09319448 0.6533477 0.4162497 1 0.7430807 0.6533477 0.4162497 0.6543477 0.7662047 0 0.3333333 1 0.1641365 0 0.08334308 0.9999999 0.5 0 0.3333333 0 0.6060537 0.9999995 0.7499919 0 0.6060537 0 0.9475918 -1.26778e-7 1 1 0.9166614 1.43437e-7 0.7454264 1 0.2501534 -1.26778e-7 0 0 0.3311187 1.43437e-7 0.7454264 1 0.5908543 0 0.3311187 0 0.1666666 1 0 0 0 1 0.2500092 0 0.1666666 0 0.4393877 1 0.5801557 0 0.4393877 0 0.8380649 1 1 0 0.7519914 0 1 -2.94666e-7 0.4143139 1 0.08116358 0 0.08289122 0 0.7519914 0.9999998 0.4241594 -2.94666e-7 0.4143139 1 0.5801475 0 0.2499902 0 0.6060552 1 0.2499349 1 0 0 0.2499902 1 0.5801475 1 0.2499349 0 0.2499902 1 0.924029 1 0.5801475 0 0.893928 0 1 0.9999999 0.9166911 0 0.6623889 0.9999997 0.06102716 0 0 -2.21123e-7 0.2498175 0 0.6623889 1 0.4167607 -2.21123e-7 0.2498175 0.1086984 1 3.5461e-4 0.8333334 0 1 5.79173e-4 0.5 0.1093322 0.3333333 0 0.3333333 0.1130605 0.1666666 0.1086984 0 -1.23592e-5 0.1347942 0.1093322 0.3333333 0.1130605 0.1666666 -1.23592e-5 0.1347942 0.2508388 0.6666666 0.1306023 0.5 0.1318935 0.6666667 0.2508388 0.6666666 0.4569127 0.5 0.1306023 0.5 0.4249738 0.8333334 0.2508388 0.6666666 0.2280064 0.8333334 0.5368589 0.3333333 0.5288715 0.1666666 0.2528015 0.3333333 0.4569127 0.5 0.5368589 0.3333333 0.2528015 0.3333333 0.4249738 0.8333334 0.5612161 0.6666666 0.2508388 0.6666666 0.6956477 0.8333333 0.5612161 0.6666666 0.4249738 0.8333334 0.7603375 0.3333333 0.5288715 0.1666666 0.5368589 0.3333333 0.8493512 0.5 0.7603375 0.3333333 0.4569127 0.5 0.8653919 0.6666667 0.8493512 0.5 0.5612161 0.6666666 0.7603375 0.3333333 0.8703209 0.1666666 0.5288715 0.1666666 0.8493512 0.5 0.8907735 0.3333334 0.7603375 0.3333333 0.8914652 0.8333334 0.8653919 0.6666667 0.6956477 0.8333333 0.8914652 0.8333334 0.9164075 0.551691 0.8653919 0.6666667 0.8914652 0.8333334 1.000011 0.6074094 0.9164075 0.551691 1 0.2275845 1.000015 0 0.9236423 0.1666666 1 0.2275845 0.9236423 0.1666666 0.8907735 0.3333334 -3.7572e-5 1 0.1098502 0.8333333 0 0.8333333 0.1115223 0.5 -6.79808e-6 0.3333333 0 0.5 0.11303 0.6666666 0.1115223 0.5 -1.47729e-5 0.6666667 0.1098502 0.8333333 0.11303 0.6666666 -1.47729e-5 0.6666667 0.1115223 0.5 0.147095 0.3333333 0.09161037 0.3333333 0.227321 0.3333333 0.1343178 0.1666666 0.147095 0.3333333 0.2584034 0.6666667 0.2947382 0.5 0.1115223 0.5 0.227321 0.3333333 0.2978221 0.1666666 0.1343178 0.1666666 0.2978221 0.1666666 0.3332842 0 0.2224586 0 0.2947382 0.5 0.310554 0.3333333 0.227321 0.3333333 0.3341117 0.8333333 0.2584034 0.6666667 0.2207598 0.8333334 0.310554 0.3333333 0.3563452 0.1666666 0.2978221 0.1666666 0.3737149 0.3333333 0.3563452 0.1666666 0.310554 0.3333333 0.354523 0.5 0.3737149 0.3333333 0.310554 0.3333333 0.4407698 0.5 0.3737149 0.3333333 0.354523 0.5 0.4407698 0.5 0.5257191 0.3333333 0.3737149 0.3333333 0.5294865 0.8333333 0.4461172 0.6666667 0.4311673 0.8333333 0.5586133 1 0.5294865 0.8333333 0.4383056 1 0.645681 0.8333333 0.6866695 0.6666667 0.6219978 0.6666667 0.6866695 0.6666667 0.6994159 0.5 0.6457278 0.5 0.7020489 0.8333333 0.6866695 0.6666667 0.645681 0.8333333 0.6673514 0.3333333 0.7722748 0.1666666 0.6599181 0.1666666 0.7722748 0.1666666 0.7845349 0 0.7012496 0 0.8664072 0.8333334 0.7775526 0.6666668 0.7020489 0.8333333 0.855386 0.3333333 0.7722748 0.1666666 0.7701015 0.3333333 0.8701199 0.5 0.855386 0.3333333 0.7771804 0.5 0.7775526 0.6666668 0.8701199 0.5 0.7771804 0.5 0.8664072 0.8333334 0.8993006 0.6666667 0.7775526 0.6666668 0.9161137 0.3884183 0.8914015 0.1666666 0.855386 0.3333333 0.9235792 0.930486 0.8664072 0.8333334 0.8688575 1 0.8914015 0.1666666 0.9233894 0 0.8688575 0 0.9235792 0.930486 0.8993006 0.6666667 0.8664072 0.8333334 1.000007 0.8918961 0.8993006 0.6666667 0.9235792 0.930486 0.9161137 0.3884183 1 0.2685724 0.8914015 0.1666666 1.000006 0.542678 1 0.2685724 0.9161137 0.3884183 7.6307e-6 0.3333333 0.1839946 0.1666666 0 0.1666666 0.1630958 1 7.76997e-6 0.8333333 -6.37012e-7 1 0.1839946 0.1666666 0.1630958 0 -6.37012e-7 0 0.1630958 1 0.1862249 0.8333333 7.76997e-6 0.8333333 0.2043564 0.3333333 0.1839946 0.1666666 7.6307e-6 0.3333333 0.1840762 0.6666667 0.1572434 0.5 2.68699e-6 0.6666667 0.2693759 0.3333334 0.3236656 0.1666666 0.2431482 0.1666666 0.3523452 0.5 0.2693759 0.3333334 0.2427741 0.5 0.3523452 0.5 0.4383715 0.3333334 0.2693759 0.3333334 0.4383715 0.3333334 0.540473 0.1666666 0.3236656 0.1666666 0.4750047 0.6666666 0.3523452 0.5 0.3259935 0.6666667 0.3632932 1 0.4926174 0.8333333 0.3368408 0.8333333 0.553809 1 0.4926174 0.8333333 0.3632932 1 0.540473 0.1666666 0.553809 0 0.3632932 0 0.6378886 0.3333333 0.540473 0.1666666 0.4383715 0.3333334 0.5561364 0.5 0.6378886 0.3333333 0.4383715 0.3333334 0.6507608 0.6666668 0.5561364 0.5 0.4750047 0.6666666 0.7683303 0.5 0.6378886 0.3333333 0.5561364 0.5 0.7697011 0.1666666 0.7556865 0 0.540473 0.1666666 0.6378886 0.3333333 0.7697011 0.1666666 0.540473 0.1666666 0.7683303 0.5 0.8738059 0.3333333 0.6378886 0.3333333 0.8929459 0.1666666 0.999981 0.06248319 0.7556865 0 0.9990323 0.335159 0.8738059 0.3333333 0.7683303 0.5 0.841493 0.6666667 1 0.7281631 0.9990323 0.335159 0.1137853 0.7550181 -1.68005e-7 0.6117861 -1.99288e-7 0.9610111 0.1074016 1 0.1137853 0.7550181 -1.99288e-7 0.9610111 0.1137853 0.7550181 0.1077514 0.5 -1.68005e-7 0.6117861 0.1574736 0.08066672 0.1074016 0 2.96392e-6 0.1020528 0.1876796 0.2557705 0.1574736 0.08066672 1.80042e-5 0.3333334 0.2145045 0.5 0.1876796 0.2557705 0.1077514 0.5 0.1876796 0.2557705 0.2395068 0.0901798 0.1574736 0.08066672 0.2417501 0.7678164 0.2145045 0.5 0.1891618 0.743896 0.2417501 0.7678164 0.324212 0.3849248 0.2145045 0.5 0.4131239 0.769551 0.2417501 0.7678164 0.2421128 1 0.324212 0.3849248 0.3227742 0.1666666 0.2405899 0.3333333 0.3227742 0.1666666 0.4100061 0 0.3220895 0 0.4131239 0.769551 0.3270627 0.6666666 0.2417501 0.7678164 0.4450403 0.1666666 0.4100061 0 0.3227742 0.1666666 0.4100061 1 0.4617838 0.8899942 0.4131239 0.769551 0.4682773 0.3283173 0.4450403 0.1666666 0.4109924 0.4231715 0.4131239 0.769551 0.4717769 0.5910547 0.4109924 0.4231715 0.4450403 0.1666666 0.5467342 0 0.4596076 0 0.5467342 1 0.5592431 0.8333333 0.4617838 0.8899942 0.5592431 0.8333333 0.4717769 0.5910547 0.4617838 0.8899942 0.5822429 0.6666667 0.5661177 0.5 0.4717769 0.5910547 0.5665682 0.3333333 0.7712407 0.1666666 0.4682773 0.3283173 0.7400474 1 0.7412769 0.8333333 0.5592431 0.8333333 0.7421257 0.3333333 0.7712407 0.1666666 0.5665682 0.3333333 0.7400474 1 0.7978703 0.9257791 0.7412769 0.8333333 0.7712407 0.1666666 0.7996355 0 0.7400474 0 0.7958469 0.3734418 0.7421257 0.3333333 0.740971 0.5640614 0.8940473 0.05691468 0.7996355 0 0.7712407 0.1666666 0.8886016 0.4574744 0.7958469 0.3734418 0.8041438 0.5783199 0.7978703 0.9257791 0.888129 0.7607879 0.8041438 0.5783199 0.8963007 1 0.888129 0.7607879 0.7978703 0.9257791 0.8886016 0.4574744 0.8940473 0.05691468 0.7958469 0.3734418 1 0.6059894 0.8886016 0.4574744 0.888129 0.7607879 1 0.6059894 1 0.294542 0.8886016 0.4574744 1 0.944963 1 0.6059894 0.888129 0.7607879 0.07619345 0.7378852 -4.13139e-5 0.5 -2.30909e-5 0.8778652 0.1124213 0.5 0.07608604 0.2574399 -4.13139e-5 0.5 0.1120564 1 0.1339622 0.8333333 0.07619345 0.7378852 0.1302459 0.6666667 0.1124213 0.5 0.07619345 0.7378852 0.3139684 1 0.1339622 0.8333333 0.1120564 1 0.4411382 0.3333333 0.2389574 0.1666666 0.233973 0.3333333 0.4411382 0.3333333 0.5074697 0.1666666 0.2389574 0.1666666 0.3139684 1 0.5310845 0.8333333 0.2482212 0.6764281 0.5569809 1 0.5310845 0.8333333 0.3139684 1 0.5074697 0.1666666 0.5569809 0 0.3139684 0 0.4854218 0.5 0.7271457 0.3333333 0.4411382 0.3333333 0.7579438 0.5 0.7271457 0.3333333 0.4854218 0.5 0.5569809 1 0.8108412 0.8333334 0.5310845 0.8333333 0.763441 0.6666667 0.7579438 0.5 0.4980059 0.6666668 0.8121332 1 0.8108412 0.8333334 0.5569809 1 0.7677456 0.1666666 0.8121332 0 0.5569809 0 0.9999764 0.6666667 0.7579438 0.5 0.763441 0.6666667 0.8108412 0.8333334 0.9999764 0.6666667 0.763441 0.6666667 0.1345006 0.8333333 8.476e-6 0.5455164 -1.19407e-7 0.9609193 0.1731859 1 0.1345006 0.8333333 -1.19407e-7 0.9609193 8.32324e-6 0.2135135 0.1731859 0 -1.55982e-7 0 8.476e-6 0.5455164 0.223789 0.3333333 8.32324e-6 0.2135135 0.2907339 0.5 0.223789 0.3333333 8.476e-6 0.5455164 0.3903174 0.7110289 0.2042737 0.6666667 0.1345006 0.8333333 0.4064072 1 0.3903174 0.7110289 0.1731859 1 0.2865349 0.1666666 0.4064072 0 0.1731859 0 0.4107508 0.4016611 0.2865349 0.1666666 0.223789 0.3333333 0.4064072 1 0.4293472 0.7725637 0.3903174 0.7110289 0.4376738 0.1666666 0.4064072 0 0.2865349 0.1666666 0.3903174 0.7110289 0.4107508 0.4016611 0.2907339 0.5 0.4064072 1 0.4637927 0.9117435 0.4293472 0.7725637 0.4633277 0.4125448 0.4376738 0.1666666 0.4107508 0.4016611 0.4633277 0.4125448 0.5748733 0.1666666 0.4376738 0.1666666 0.5748733 0.1666666 0.5638837 0 0.4643675 0 0.5595635 0.5361196 0.4633277 0.4125448 0.4293472 0.7725637 0.7542815 0.5 0.5717399 0.3333333 0.5595635 0.5361196 0.7671746 0.8698717 0.5755152 0.8333333 0.5638837 1 0.5748733 0.1666666 0.7521093 0 0.5638837 0 0.7542815 0.5 0.7651775 0.3333334 0.5717399 0.3333333 0.7697088 0.6666668 0.7542815 0.5 0.5595635 0.5361196 0.8670575 0.3281988 0.7521093 0 0.5748733 0.1666666 0.7651775 0.3333334 0.8670575 0.3281988 0.5748733 0.1666666 0.8670575 0.3281988 0.8533567 0 0.7521093 0 0.8919864 0.1666666 0.8533567 0 0.8670575 0.3281988 0.9232941 0.4314827 0.8670575 0.3281988 0.8692429 0.5 0.9146195 0.9331817 0.8884562 0.6666668 0.8649843 0.872164 0.8919864 0.1666666 1.000008 0.06076169 0.908727 0 1.000019 0.7294625 0.9232941 0.4314827 0.8884562 0.6666668 1.000012 1 1.000019 0.7294625 0.9146195 0.9331817 1.000007 0.3699686 1.000008 0.06076169 0.8919864 0.1666666 1.00503e-5 0.5657669 0.134815 0.3333334 4.89189e-6 0.1865784 0.1294511 1 0.1469292 0.7040348 5.44198e-6 0.8672518 5.44198e-6 0.8672518 0.1469292 0.7040348 1.00503e-5 0.5657669 0.2027626 0.5 0.134815 0.3333334 1.00503e-5 0.5657669 0.1294511 1 0.3321877 0.8333333 0.1469292 0.7040348 0.3243516 0.6666667 0.2027626 0.5 0.1469292 0.7040348 0.3285412 1 0.3321877 0.8333333 0.1294511 1 0.2027626 0.5 0.3526306 0.6209577 0.134815 0.3333334 0.3243516 0.6666667 0.3526306 0.6209577 0.2027626 0.5 0.4101467 0.3718331 0.329758 0.1666666 0.3526306 0.6209577 0.3285412 1 0.4116593 0.9278166 0.3321877 0.8333333 0.4274517 0.2053635 0.4692082 0.1092922 0.4107016 0 0.5538458 0.9272341 0.4676997 0.7887311 0.4570487 1 0.554983 0.2458132 0.5538799 0 0.4692082 0.1092922 0.4759749 0.379166 0.554983 0.2458132 0.4692082 0.1092922 0.4676997 0.7887311 0.5619207 0.6328977 0.4759749 0.379166 0.5619207 0.6328977 0.554983 0.2458132 0.4759749 0.379166 0.5538458 0.9272341 0.5619207 0.6328977 0.4676997 0.7887311 0.6303718 0.1666666 0.6672374 0 0.5538799 0 0.6352818 0.4100927 0.554983 0.2458132 0.5619207 0.6328977 0.6354882 0.7423111 0.5619207 0.6328977 0.5538458 0.9272341 0.6672374 1 0.68303 0.8333334 0.6354882 0.7423111 0.6352818 0.4100927 0.6827273 0.2734174 0.6303718 0.1666666 0.683893 0.5722712 0.6352818 0.4100927 0.6354882 0.7423111 0.7765864 0.1666666 0.6672374 0 0.6827273 0.2734174 0.7812266 0.3333333 0.7765864 0.1666666 0.6827273 0.2734174 0.7765864 0.1666666 0.9072801 0.09897661 0.7820898 0 0.9074286 0.571949 0.7826581 0.5 0.7809309 0.6666667 1.000001 0.605868 1 0.2949605 0.9074286 0.571949 1.000001 0.9444027 1.000001 0.605868 0.9066075 0.8333333 1.57782e-5 0.7833903 0.1669669 0.5 1.73846e-5 0.3649109 0.2171432 1 0.2742853 0.7287598 1.57782e-5 0.7833903 0.208719 0.6666667 0.3087136 0.393283 0.1669669 0.5 0.2171432 1 0.3004586 0.9173641 0.2742853 0.7287598 0.3571658 0.4466872 0.4349883 0.1666666 0.3262864 0.1666666 0.4567435 1 0.3643652 0.7905748 0.3496599 0.9599883 0.4349883 0.1666666 0.4567435 0 0.3496599 0 0.4567435 1 0.5063471 0.8333333 0.3643652 0.7905748 0.5063471 0.8333333 0.4577326 0.6666667 0.3643652 0.7905748 0.5978018 0.1666666 0.4567435 0 0.4349883 0.1666666 0.4570487 0.3333333 0.5978018 0.1666666 0.4349883 0.1666666 0.5978018 0.1666666 0.6591767 0 0.4567435 0 0.6591767 1 0.7437091 0.6913794 0.5063471 0.8333333 0.7443177 0.08938467 0.6591767 0 0.5978018 0.1666666 0.6618816 0.3333333 0.7443177 0.08938467 0.5978018 0.1666666 0.7455923 1 0.7437091 0.6913794 0.6591767 1 0.6505691 0.5 0.7437337 0.4392006 0.6618816 0.3333333 0.7926336 0.8852972 0.7437091 0.6913794 0.7455923 1 0.88942 0.6666667 0.8896531 0.5 0.7973548 0.6666667 0.8905206 0.8333333 0.88942 0.6666667 0.7973548 0.6666667 0.8896531 0.5 1.000001 0.2775364 0.8908612 0.3333333 1 0.8933148 0.8905206 0.8333333 0.8909687 1 1 0.8933148 1.000001 0.6282433 0.8905206 0.8333333 4.04428e-6 0.3333334 0.1343433 0.1666666 0 0.1666666 0.1761444 1 3.42916e-5 0.8333333 -6.94056e-7 1 0.1343433 0.1666666 0.1761444 0 -6.94056e-7 0 0.1721691 0.6666666 0.2231598 0.5 3.6063e-7 0.6666667 0.263657 0.3333334 0.1343433 0.1666666 4.04428e-6 0.3333334 0.4135749 0.8333333 0.1721691 0.6666666 3.42916e-5 0.8333333 0.4125064 0.1666666 0.1761444 0 0.1343433 0.1666666 0.263657 0.3333334 0.4125064 0.1666666 0.1343433 0.1666666 0.4135749 0.8333333 0.4318788 0.6666667 0.1721691 0.6666666 0.4318788 0.6666667 0.5560259 0.5 0.2231598 0.5 0.481242 1 0.555477 0.8333333 0.4135749 0.8333333 0.5565284 0.6666667 0.5560259 0.5 0.4318788 0.6666667 0.5350292 0.1666666 0.5765498 0 0.481242 0 0.591718 0.1666666 0.5765498 0 0.5350292 0.1666666 0.5796465 0.3333333 0.591718 0.1666666 0.5350292 0.1666666 0.7763398 0.3333333 1.000004 0.1809679 0.7645016 0.1666666 0.7730529 0.8333333 0.9999987 0.5941898 0.7762143 0.6666668 0.7747336 1 1.000001 0.9056586 0.7730529 0.8333333 0.9999987 0.5941898 0.7763398 0.3333333 0.7707252 0.5 1.000004 0.1809679 1 0 0.7747336 0 -5.82631e-6 0.3333333 0.1089285 0.1666666 0 0.1666666 0.1089285 0.1666666 0.1115645 0 -1.53917e-5 0 0.1140534 0.6666666 0.1731432 0.5 0.09317994 0.5 0.2658634 1 0.1119732 0.8333334 0.1115645 1 0.1731432 0.5 0.2699956 0.3333333 0.1321719 0.3333333 0.1119732 0.8333334 0.3397822 0.6666666 0.1140534 0.6666666 0.2658634 1 0.3342351 0.8333334 0.1119732 0.8333334 0.3342351 0.8333334 0.3397822 0.6666666 0.1119732 0.8333334 0.3397822 0.6666666 0.5169187 0.5 0.1731432 0.5 0.5550585 0.8333333 0.3397822 0.6666666 0.3342351 0.8333334 0.5550585 0.8333333 0.5812633 0.6666668 0.3397822 0.6666666 0.9999822 0.4456624 0.7792379 0.3333333 0.7716481 0.5 0.8057923 1 1 0.8074884 0.7793822 0.8333334 0.9999822 0.4456624 0.7955501 0.1666666 0.7792379 0.3333333 -1.0439e-6 0.5 0.1986327 0.3333333 0 0.3333333 0.2111009 0.8333333 1.9093e-6 0.6666667 1.35939e-5 0.9834862 7.46151e-5 0.1666666 0.3074813 0 1.5089e-5 0 0.4213187 0.5 0.1986327 0.3333333 -1.0439e-6 0.5 0.445501 0.1666666 0.3074813 0 7.46151e-5 0.1666666 0.1986327 0.3333333 0.445501 0.1666666 7.46151e-5 0.1666666 0.3074813 1 0.6311147 0.8333334 0.2111009 0.8333333 0.6311147 0.8333334 0.3597654 0.6666667 0.2111009 0.8333333 0.6912859 1 0.6311147 0.8333334 0.3074813 1 0.6311147 0.8333334 0.6525109 0.6666667 0.3597654 0.6666667 0.6986757 0.1666666 0.6912859 0 0.445501 0.1666666 0.7064515 0.5 0.6089668 0.3333333 0.4213187 0.5 1.000006 0.3333333 0.6986757 0.1666666 0.6089668 0.3333333 0.6311147 0.8333334 0.9999943 0.7447556 0.6525109 0.6666667 0.6912859 1 0.9999943 0.7447556 0.6311147 0.8333334 1.000006 0.3333333 1.000001 0.09844702 0.6986757 0.1666666 1.000001 1 0.9999943 0.7447556 0.6912859 1 0.2018142 1 8.037e-6 0.8333333 0 1 0.1834977 0.3333333 2.7506e-5 0.1666666 5.57071e-6 0.3333333 0.1676946 0.6666667 0.1870639 0.5 1.24025e-6 0.5 0.1834977 0.3333333 0.2245622 0.1666666 2.7506e-5 0.1666666 0.2235764 0.8333333 0.1676946 0.6666667 8.037e-6 0.8333333 0.262043 1 0.2235764 0.8333333 0.2018142 1 0.3243991 0.3333333 0.2245622 0.1666666 0.2352624 0.3333333 0.262043 1 0.3345684 0.8333333 0.2235764 0.8333333 0.4197345 0.1666666 0.262043 0 0.2245622 0.1666666 0.3243991 0.3333333 0.4197345 0.1666666 0.2245622 0.1666666 0.2536616 0.6666666 0.4400643 0.5 0.2463754 0.5 0.4197345 0.1666666 0.4090852 0 0.262043 0 0.4449895 0.3333333 0.4197345 0.1666666 0.3243991 0.3333333 0.4440826 0.6666666 0.4400643 0.5 0.2536616 0.6666666 0.3345684 0.8333333 0.4440826 0.6666666 0.2536616 0.6666666 0.4090852 1 0.4526278 0.8333334 0.3345684 0.8333333 0.4197345 0.1666666 0.4650241 0 0.4090852 0 0.4786709 0.1666666 0.4650241 0 0.4197345 0.1666666 0.4449895 0.3333333 0.4786709 0.1666666 0.4197345 0.1666666 0.5725689 0.1666666 0.5569215 0 0.4786709 0.1666666 0.5682692 0.3333333 0.5725689 0.1666666 0.4786709 0.1666666 0.7701125 0.8333333 0.5654904 0.6666668 0.5635628 0.8333334 0.7701125 0.8333333 0.7643036 0.6666668 0.5654904 0.6666668 0.778173 0.5 0.8683587 0.4200791 0.7690047 0.3333333 0.9236354 0.4297769 0.8923732 0.1666666 0.8683587 0.4200791 0.8897561 0.6666667 0.9236354 0.4297769 0.8683587 0.4200791 1.000015 0.2763826 0.8923732 0.1666666 0.9236354 0.4297769 0.8920051 0.8333333 1.000018 0.5988327 0.8897561 0.6666667 1.000015 0.2763826 1.000007 0 0.8923732 0.1666666 1.000018 0.5988327 1.000015 0.2763826 0.9236354 0.4297769 0.2248686 0.8333333 6.0258e-6 0.6666667 -2.75479e-7 0.8333333 0.2212489 0.3333333 3.02966e-5 0.1666666 4.77817e-6 0.3333333 6.0258e-6 0.6666667 0.1868584 0.5 1.29166e-6 0.5 0.223055 1 0.2248686 0.8333333 1.40639e-5 1 0.2212489 0.3333333 0.2214264 0.1666666 3.02966e-5 0.1666666 0.2238857 0.6666667 0.1868584 0.5 6.0258e-6 0.6666667 0.2238857 0.6666667 0.3399797 0.5 0.2438411 0.5 0.3816253 0.8333333 0.4276437 0.6666666 0.2238857 0.6666667 0.5530954 0.3333333 0.4184684 0.1666666 0.3594712 0.3333333 0.4184684 0.1666666 0.5546662 0 0.3755796 0 0.5556236 0.6666667 0.5468316 0.5 0.4276437 0.6666666 0.5530954 0.3333333 0.5629935 0.1666666 0.4184684 0.1666666 0.5556236 0.6666667 0.6840698 0.5 0.5468316 0.5 0.6840698 0.5 0.6753132 0.3333333 0.5530954 0.3333333 0.8736974 1 1.000006 0.7734592 0.8725231 0.8333333 1.000005 0.4418501 0.8731399 0.3333333 0.8729403 0.5 1.000005 0.4418501 1.000001 0.1276335 0.8731399 0.3333333 1.000006 0.7734592 1.000005 0.4418501 0.8734043 0.6666667 2.42588e-5 0.3333333 0.2149525 0.3261191 1.67492e-4 0.03904187 0.2229518 0.6666667 0.1123552 0.5 0 0.6120207 0.2229719 0.1666666 0.2190824 0 0.2149525 0.3261191 0.2229298 0.5 0.2149525 0.3261191 0.1123552 0.5 0.2229518 0.6666667 0.2229298 0.5 0.1123552 0.5 0.3461537 0.5534084 0.2229298 0.5 0.2229518 0.6666667 0.5774393 0.3333334 0.4117554 0.1666666 0.34442 0.3333333 0.6074873 0.6666666 0.5290691 0.5 0.3461537 0.5534084 0.5855522 1 0.6760148 0.8333333 0.4120475 0.8333333 0.5774393 0.3333334 0.6590197 0.1666666 0.4117554 0.1666666 0.6760148 0.8333333 0.6074873 0.6666666 0.4120475 0.8333333 0.7992916 0.5 0.5774393 0.3333334 0.5290691 0.5 0.6074873 0.6666666 0.7992916 0.5 0.5290691 0.5 0.8719711 0.3333333 0.6590197 0.1666666 0.5774393 0.3333334 0.7992916 0.5 0.8719711 0.3333333 0.5774393 0.3333334 0.8692471 1 0.6760148 0.8333333 0.5855522 1 0.6760148 0.8333333 0.9997925 0.5608978 0.6074873 0.6666666 0.8692471 1 0.999742 0.8721325 0.6760148 0.8333333 0.9997925 0.5608978 1.000212 0.2217284 0.8719711 0.3333333 0.195436 0.8885852 3.51113e-5 0.8333334 -3.47275e-7 1 0.15604 0.6666668 0.1715785 0.5 -1.82991e-7 0.6119114 0.1861518 0.3333333 0.001025021 0.04033452 9.95623e-6 0.3333333 0.1715785 0.5 0.1861518 0.3333333 9.95623e-6 0.3333333 0.1861518 0.3333333 0.2228503 0.1666666 0.001025021 0.04033452 0.195436 0.8885852 0.15604 0.6666668 3.51113e-5 0.8333334 0.2228503 0.1666666 0.2459861 0 0.1811348 0 0.2430152 0.4209283 0.1861518 0.3333333 0.1715785 0.5 0.3525122 0.1666666 0.2459861 0 0.2228503 0.1666666 0.2782743 0.8333333 0.3617016 0.6666666 0.2649146 0.6345722 0.3525122 0.1666666 0.5307582 0 0.2459861 0 0.5368996 0.8333333 0.3617016 0.6666666 0.2782743 0.8333333 0.5368996 0.8333333 0.5521271 0.6666667 0.3617016 0.6666666 0.9999989 0.1036642 0.8026621 0 0.775726 0.1666666 0.792491 0.3333333 0.9999989 0.1036642 0.775726 0.1666666 0.7884812 0.8333334 1 0.6666667 0.7918167 0.6666667 1 0.4167045 0.9999989 0.1036642 0.792491 0.3333333 1 0.4167045 0.792491 0.3333333 0.8027187 0.5 1 0.6666667 1 0.4167045 0.8027187 0.5 -1.04705e-5 0.3944346 0.1085184 0.1666666 -1.00096e-5 0.03312379 0.07606929 1 0.07672822 0.7633381 -1.24924e-5 1 0.1085184 0.1666666 0.07606929 0 -1.00096e-5 0.03312379 0.07672822 0.7633381 0.08887571 0.4200065 -2.378e-5 0.7343395 0.1305831 0.9121511 0.07672822 0.7633381 0.07606929 1 0.1085184 0.1666666 0.1301514 0 0.07606929 0 0.1312507 0.6666668 0.08887571 0.4200065 0.07672822 0.7633381 0.1529356 0.3333333 0.1085184 0.1666666 0.08887571 0.4200065 0.1312507 0.6666668 0.1478694 0.5 0.08887571 0.4200065 0.2247147 0.1666666 0.4092177 0.08514046 0.2279062 0 0.4039989 0.3333333 0.4092177 0.08514046 0.2247147 0.1666666 0.4099344 0.8333333 0.4039706 0.6666667 0.226664 0.9183749 0.4064622 0.5 0.4643409 0.4206298 0.4039989 0.3333333 0.4099344 0.8333333 0.4643932 0.7455289 0.4039706 0.6666667 0.4678764 0.1666666 0.5731384 0 0.4641777 0 0.6619208 0.1666666 0.5731384 0 0.4678764 0.1666666 0.7588571 0.5 0.5775143 0.3333333 0.5509063 0.5 0.5833654 0.6666667 0.7588571 0.5 0.5509063 0.5 0.6619208 0.1666666 0.7555589 0 0.5731384 0 0.7772313 0.6666666 0.7588571 0.5 0.5833654 0.6666667 0.8373463 0.2932978 0.7555589 0 0.6619208 0.1666666 0.7602283 0.3333333 0.8373463 0.2932978 0.6619208 0.1666666 0.8373463 0.2932978 0.8533377 0 0.7555589 0 0.864822 0.5425151 0.7588571 0.5 0.7772313 0.6666666 0.867805 0.1666666 0.9088172 0 0.8533377 0 0.916545 0.2459105 0.867805 0.1666666 0.8373463 0.2932978 0.8557512 0.9720432 0.9141759 0.5993658 0.864822 0.5425151 0.916545 0.2459105 0.9088172 0 0.867805 0.1666666 0.9103972 0.9807026 0.9141759 0.5993658 0.8557512 0.9720432 0.9141759 0.5993658 1.000021 0.3979395 0.916545 0.2459105 1.000021 0.3979395 1.000017 0.06408536 0.916545 0.2459105 1.00001 0.6993938 1.000021 0.3979395 0.9141759 0.5993658 0.2191683 1 5.43824e-6 0.7506444 0 1 0.2191683 1 0.2817844 0.8333333 5.43824e-6 0.7506444 0.2679279 0.6666667 0.5124713 0.5 0.2186385 0.5 0.5449816 0.6666667 0.5124713 0.5 0.2679279 0.6666667 0.7724272 0.3333333 0.5470783 0.1666666 0.4206007 0.3333333 0.5470783 0.1666666 0.7703432 0 0.5436776 0 0.7722069 0.5 0.7724272 0.3333333 0.5124713 0.5 0.5464558 0.8333333 0.7727498 0.6666667 0.5449816 0.6666667 0.7655906 0.1666666 0.7703432 0 0.5470783 0.1666666 0.7724272 0.3333333 0.7655906 0.1666666 0.5470783 0.1666666 0.781795 0.8333333 0.7727498 0.6666667 0.5464558 0.8333333 0.9999894 0.1666666 0.9999912 0 0.7703432 0 0.9999923 0.3333333 0.9999894 0.1666666 0.7724272 0.3333333 0.781795 0.8333333 0.9999879 0.6666667 0.7727498 0.6666667 0.9999922 0.9214059 0.9999879 0.6666667 0.781795 0.8333333 0.1497419 0.1044107 4.73205e-6 0 3.2045e-6 0.1666666 0.2412965 0.5 -6.04457e-5 0.3333333 1.83452e-5 0.5 0.4099772 0.5 0.3344388 0.3333333 0.2412965 0.5 0.2478623 0.6666667 0.4099772 0.5 0.2412965 0.5 0.3344388 0.3333333 0.4102146 0.2616538 0.3980475 0.01962822 0.4099772 0.5 0.4102146 0.2616538 0.3344388 0.3333333 0.4101904 0.7354326 0.4099772 0.5 0.2478623 0.6666667 0.4101904 0.7354326 0.2478623 0.6666667 0.3391293 0.8333333 0.4637344 0.9113841 0.4101904 0.7354326 0.409001 1 0.4099772 0.5 0.4444444 0.415951 0.4102146 0.2616538 0.5640105 0.5 0.4760857 0.2900078 0.4686532 0.5927574 0.7149514 0.1666666 0.6869315 0 0.5498247 0 0.7477592 0.6666666 0.5640105 0.5 0.5574958 0.6666667 0.7761353 0.5 0.7940585 0.3333333 0.5640105 0.5 0.7477592 0.6666666 0.7761353 0.5 0.5640105 0.5 0.7149514 0.1666666 0.8325756 0 0.6869315 0 0.7940585 0.3333333 0.9999829 0.1666666 0.7149514 0.1666666 0.9999849 0.6666667 0.7761353 0.5 0.7477592 0.6666666 0.9999966 0.4458516 0.7940585 0.3333333 0.7761353 0.5 0.9999849 0.6666667 0.9999966 0.4458516 0.7761353 0.5 0.9999829 0.1666666 1 0 0.8325756 0 1 0.9451468 0.9999849 0.6666667 0.8132463 0.8333334 0.267636 0.5 2.23005e-5 0.3333333 4.73099e-6 0.5847727 0.5123149 0.3333333 0.3256437 0.1666666 0.271031 0.3771849 0.5154473 1 0.270686 0.8333333 0.2243089 1 0.3256437 0.1666666 0.5154473 0 0.2243089 0 0.5154473 1 0.520407 0.7509089 0.270686 0.8333333 0.5218282 0.1666666 0.5154473 0 0.3256437 0.1666666 0.5212541 0.5 0.5123149 0.3333333 0.267636 0.5 0.270686 0.8333333 0.520407 0.7509089 0.2817767 0.6666666 0.5754119 0.9120305 0.520407 0.7509089 0.5154473 1 0.5212541 0.5 0.5741322 0.4655585 0.5123149 0.3333333 0.6526239 0.08528107 0.5745716 0 0.5897027 0.274326 0.6799555 0.5 0.5897027 0.274326 0.5741322 0.4655585 0.7433281 1 0.6934878 0.8333334 0.6525253 1 0.6799555 0.5 0.8066666 0.3333333 0.5897027 0.274326 0.7944541 0.1666666 0.8613758 0 0.7433281 0 0.8551624 0.6666666 0.81645 0.5 0.6938665 0.6666667 0.9999892 0.5 0.8066666 0.3333333 0.81645 0.5 0.8551624 0.6666666 0.9999892 0.5 0.81645 0.5 0.8066666 0.3333333 1.000001 0.2272208 0.7944541 0.1666666 1 0.833112 0.8551624 0.6666666 0.8595901 0.8333333 1.000001 0.2272208 1 0 0.8613758 0 0.9999892 0.5 1.000001 0.2272208 0.8066666 0.3333333 1 0.833112 0.9999892 0.5 0.8551624 0.6666666 0.1390148 0.1666666 1.06062e-5 0 3.69691e-6 0.2803682 0.130054 0.6666667 0.1659919 0.5 -1.38669e-7 0.5548403 0.1252587 0.8333334 0.130054 0.6666667 7.35482e-6 0.9510104 0.29236 0.3333333 0.1390148 0.1666666 3.69691e-6 0.2803682 0.1390148 0.1666666 0.2025423 0 1.06062e-5 0 0.2025423 1 0.3339433 0.8349841 0.1252587 0.8333334 0.3383417 0.03646647 0.2025423 0 0.1390148 0.1666666 0.29236 0.3333333 0.3383417 0.03646647 0.1390148 0.1666666 0.341407 1 0.3339433 0.8349841 0.2025423 1 0.409031 0.5680691 0.29236 0.3333333 0.1659919 0.5 0.3339433 0.8349841 0.409031 0.5680691 0.1659919 0.5 0.4109023 0.9078892 0.3339433 0.8349841 0.341407 1 0.29236 0.3333333 0.4141523 0.2816618 0.3383417 0.03646647 0.409031 0.5680691 0.4141523 0.2816618 0.29236 0.3333333 0.4109023 0.9078892 0.409031 0.5680691 0.3339433 0.8349841 0.4141523 0.2816618 0.4576434 0 0.4089822 0 0.409031 0.5680691 0.4444444 0.41629 0.4141523 0.2816618 0.4773658 0.2502132 0.4576434 0 0.4141523 0.2816618 0.4773658 0.2502132 0.4141523 0.2816618 0.4444444 0.41629 0.5432642 1 0.5510416 0.7705993 0.461384 0.9041587 0.5438255 0.4624986 0.4773658 0.2502132 0.4699701 0.5808501 0.461384 0.9041587 0.5510416 0.7705993 0.4699701 0.5808501 0.6253116 0.0122956 0.5432642 0 0.4773658 0.2502132 0.6330043 0.2440524 0.6253116 0.0122956 0.5438255 0.4624986 0.6323987 0.756453 0.6405647 0.5 0.5510416 0.7705993 0.6330043 0.2440524 0.6666667 0.08279263 0.6253116 0.0122956 0.6906031 0.6201458 0.6405647 0.5 0.6323987 0.756453 0.7023019 1 0.690872 0.8333333 0.6666667 1 0.685694 0.3333333 0.7000936 0.0941168 0.6666667 0.08279263 0.7859746 1 0.690872 0.8333333 0.7023019 1 0.6906031 0.6201458 0.7864784 0.3333333 0.685694 0.3333333 0.8174412 0.8118464 0.7795413 0.6680203 0.690872 0.8333333 0.9051934 1 0.9996381 0.9443526 0.8174412 0.8118464 0.9999177 0.5604435 0.9999695 0.2945415 0.7795413 0.6680203 0.8174412 0.8118464 0.9999177 0.5604435 0.7795413 0.6680203 6.78431e-6 0.5821028 0.1193817 0.3333333 6.73282e-6 0.1861555 0.1500969 0.6424298 6.78431e-6 0.5821028 -3.67391e-7 0.8939628 0.2803946 0.5 0.1193817 0.3333333 6.78431e-6 0.5821028 0.127452 1 0.3322435 0.8333333 0.1500969 0.6424298 0.3188377 0.3333333 0.2894448 0.1666666 0.1193817 0.3333333 0.3299256 0.6666667 0.2803946 0.5 0.1500969 0.6424298 0.3818981 1 0.3322435 0.8333333 0.127452 1 0.5542101 0.3333333 0.2894448 0.1666666 0.3188377 0.3333333 0.3818981 1 0.5261257 0.9135361 0.3322435 0.8333333 0.5542101 0.3333333 0.552719 0.1666666 0.2894448 0.1666666 0.5533292 0.5 0.5542101 0.3333333 0.2803946 0.5 0.5914672 1 0.5792586 0.8333333 0.5261257 0.9135361 0.552719 0.1666666 0.5914672 0 0.5323942 0 0.5914672 1 0.7267841 0.941774 0.5792586 0.8333333 0.7267841 0.941774 0.6881241 0.6666667 0.5792586 0.8333333 0.8385085 0.8333333 0.6881241 0.6666667 0.7267841 0.941774 0.6896697 0.5 0.8894256 0.3333334 0.6819711 0.3333334 0.8924662 1 0.8385085 0.8333333 0.7267841 0.941774 0.9115499 0.7358902 0.8528379 0.6000036 0.8385085 0.8333333 0.8924662 1 1.000017 0.770212 0.9115499 0.7358902 1.000014 0.4374189 0.8894256 0.3333334 0.9094575 0.5 0.9232258 0.1666666 1 0.09634095 0.8924662 0 1.000017 0.770212 1.000014 0.4374189 0.9115499 0.7358902 -6.83207e-5 0.388238 0.1109783 0.1666666 -1.7803e-7 0.03895843 0.1282582 1 3.28784e-5 0.7565663 -2.3234e-7 1 0.1109783 0.1666666 0.1282582 0 -1.7803e-7 0.03895843 0.1282582 1 0.2910168 0.8333334 3.28784e-5 0.7565663 0.2910168 0.8333334 0.2997978 0.6666666 3.28784e-5 0.7565663 0.3387134 0.3333334 0.328071 0.1666666 -6.83207e-5 0.388238 0.3360905 1 0.5293962 0.8333334 0.2910168 0.8333334 0.5470173 1 0.5293962 0.8333334 0.3360905 1 0.328071 0.1666666 0.5404372 0.07275789 0.3360905 0 0.4952045 0.5 0.5465276 0.3333333 0.3387134 0.3333334 0.5466439 0.6666668 0.4952045 0.5 0.2997978 0.6666666 0.6671428 0.3333333 0.6591058 0.1666666 0.5465276 0.3333333 0.6671428 0.3333333 0.7737147 0.1112511 0.6591058 0.1666666 0.7772652 0.8333334 0.6670669 0.6666668 0.6603297 0.8333334 0.7797463 1 0.7772652 0.8333334 0.6671126 1 0.7841774 0.5537857 0.6671074 0.5 0.6670669 0.6666668 0.8866642 0.5 0.8060503 0.3333333 0.7841774 0.5537857 0.7797463 1 0.9038385 0.9226016 0.7772652 0.8333334 0.8866642 0.5 0.9999743 0.2792268 0.8060503 0.3333333 0.9999742 0.6146333 0.8866642 0.5 0.7841774 0.5537857 0.9999743 0.2792268 0.9057216 0 0.8909633 0.1666666 0.1855558 1 1.0726e-6 0.8333333 -3.17088e-7 1 3.87302e-6 0.1666666 0.1855558 0 -3.17088e-7 0 0.183637 0.6666667 4.76334e-7 0.5 0 0.6666667 0.2190225 0.1666666 0.1855558 0 3.87302e-6 0.1666666 0.1877149 0.5 2.13054e-5 0.3333333 4.76334e-7 0.5 0.183637 0.6666667 0.1877149 0.5 4.76334e-7 0.5 0.1886951 0.8333333 0.183637 0.6666667 1.0726e-6 0.8333333 0.1877149 0.5 0.2020594 0.3333333 2.13054e-5 0.3333333 0.2190225 0.1666666 0.2407391 0 0.1855558 0 0.257779 0.3333333 0.2190225 0.1666666 0.2020594 0.3333333 0.3325025 0.1666666 0.2407391 0 0.2190225 0.1666666 0.3204087 0.5 0.257779 0.3333333 0.2431759 0.5 0.2423946 0.6666667 0.3204087 0.5 0.2431759 0.5 0.3403978 0.6666667 0.3204087 0.5 0.2423946 0.6666667 0.3325025 0.1666666 0.4345792 0 0.2407391 0 0.40992 0.8333333 0.3403978 0.6666667 0.2450186 0.8333333 0.4451918 0.1666666 0.4345792 0 0.3325025 0.1666666 0.40992 0.8333333 0.4222484 0.6666667 0.3403978 0.6666667 0.4765826 0.3333333 0.4451918 0.1666666 0.4229976 0.3333333 0.4771654 0.6666667 0.4410111 0.5 0.4222484 0.6666667 0.4649813 0.8333333 0.4771654 0.6666667 0.4222484 0.6666667 0.4451918 0.1666666 0.5753426 0 0.4345792 0 0.5753426 1 0.5673403 0.8333333 0.4649813 0.8333333 0.5753426 1 0.7863999 0.8333333 0.5673403 0.8333333 0.5817005 0.3333334 0.740478 0.1666666 0.5679928 0.1666666 0.7863999 0.8333333 0.74019 0.6666667 0.5673403 0.8333333 0.740478 0.1666666 0.7782328 0 0.5753426 0 0.7752421 0.3333333 0.740478 0.1666666 0.5817005 0.3333334 0.7752421 0.3333333 0.8627838 0.1666666 0.740478 0.1666666 0.8618238 0.6666666 0.7841108 0.5 0.74019 0.6666667 0.9992381 0.8964511 0.7863999 0.8333333 0.7782328 1 0.9987803 0.1688242 0.8627838 0.1666666 0.7752421 0.3333333 0.7841108 0.5 0.9987803 0.1688242 0.7752421 0.3333333 0.9998993 0.5013955 0.9987803 0.1688242 0.7841108 0.5 0.8618238 0.6666666 0.9998993 0.5013955 0.7841108 0.5 0.9987803 0.1688242 0.9992381 0 0.8627838 0.1666666 0.9992381 0.8964511 0.9998993 0.5013955 0.7863999 0.8333333 1.864e-5 0.3723226 0.1540303 0.1666666 0.001248061 0.1260706 1.56797e-6 0.7258505 0.1141464 0.5 1.864e-5 0.3723226 0.2246432 0.6666667 0.1141464 0.5 1.56797e-6 0.7258505 0.2193523 0.3333333 0.1540303 0.1666666 1.864e-5 0.3723226 0.223046 0.5 0.2193523 0.3333333 0.1141464 0.5 0.2246432 0.6666667 0.223046 0.5 0.1141464 0.5 0.241775 0.08515 0.1881982 0 0.1540303 0.1666666 0.223046 0.5 0.3266543 0.4276247 0.2193523 0.3333333 0.3532609 0.7063363 0.2246432 0.6666667 0.2421537 0.8333333 0.3532609 0.7063363 0.3266543 0.4276247 0.2246432 0.6666667 0.533588 0.3333334 0.3481916 0.1666666 0.3266543 0.4276247 0.5461579 0.6666668 0.5325114 0.5 0.3532609 0.7063363 0.7796486 0.1666666 0.7772223 0 0.5500581 0.1666666 0.776772 0.6666667 0.7805988 0.5 0.5325114 0.5 0.9999977 0.9162213 0.7776231 0.8333333 0.7772223 1 0.7795943 0.3333334 0.9999979 0.253322 0.7796486 0.1666666 0.999998 0.5839205 0.7805988 0.5 0.776772 0.6666667 -1.04268e-5 0.8944116 0.1085144 0.6666666 -9.51512e-6 0.5332911 0.1122757 0.1666666 0.07641971 0 -2.23973e-5 0.2338715 0.1085144 0.6666666 0.07664859 0.4023834 -9.51512e-6 0.5332911 0.1307773 0.3333333 0.1122757 0.1666666 0.07664859 0.4023834 0.1085144 0.6666666 0.1292468 0.5 0.07664859 0.4023834 0.1292468 0.5 0.2262179 0.3333334 0.1307773 0.3333333 0.2427974 0.6666667 0.1292468 0.5 0.1085144 0.6666666 0.3293665 0.5 0.2262179 0.3333334 0.1292468 0.5 0.2427974 0.6666667 0.3293665 0.5 0.1292468 0.5 0.3811919 1 0.2378884 0.8333333 0.2244532 1 0.3879315 0.3333333 0.2377482 0.1666666 0.2262179 0.3333334 0.3293665 0.5 0.3879315 0.3333333 0.2262179 0.3333334 0.3811919 1 0.4894473 0.8333333 0.2378884 0.8333333 0.3879315 0.3333333 0.4415606 0.1666666 0.2377482 0.1666666 0.4894473 0.8333333 0.2427974 0.6666667 0.2378884 0.8333333 0.545597 0.6666666 0.3293665 0.5 0.2427974 0.6666667 0.4894473 0.8333333 0.545597 0.6666666 0.2427974 0.6666667 0.5444819 0.5 0.3879315 0.3333333 0.3293665 0.5 0.545597 0.6666666 0.5444819 0.5 0.3293665 0.5 0.561969 1 0.4894473 0.8333333 0.3811919 1 0.4415606 0.1666666 0.561969 0 0.3811919 0 0.5444819 0.5 0.6115327 0.3333333 0.3879315 0.3333333 0.6710522 0.1666666 0.561969 0 0.4415606 0.1666666 0.561969 1 0.7233158 0.8333333 0.4894473 0.8333333 0.8102805 0.5 0.6115327 0.3333333 0.5444819 0.5 0.545597 0.6666666 0.8102805 0.5 0.5444819 0.5 0.8290092 1 0.7233158 0.8333333 0.561969 1 0.6710522 0.1666666 0.8290092 0 0.561969 0 0.8817024 0.3333333 0.6710522 0.1666666 0.6115327 0.3333333 0.8102805 0.5 0.8817024 0.3333333 0.6115327 0.3333333 0.8817024 0.3333333 1.000015 0.221566 0.6710522 0.1666666 0.8290092 1 0.999871 0.8721806 0.7233158 0.8333333 0.8479012 0.6666668 1 0.5607371 0.8102805 0.5 1 0.5607371 1.000015 0.221566 0.8817024 0.3333333 0.999871 0.8721806 1 0.5607371 0.8479012 0.6666668 0.07545846 0.8333333 -4.00458e-5 0.6666666 -9.78495e-6 0.9601197 0.07698243 1 0.07545846 0.8333333 -9.78495e-6 0.9601197 0.07602339 0.5612847 0.07712268 0.3333333 -6.58277e-6 0.3904903 0.1272425 0.374491 0.07712268 0.3333333 0.07602339 0.5612847 0.143765 0.5499673 0.2255159 0.3333333 0.1272425 0.374491 0.3639643 0.6394174 0.2255159 0.3333333 0.143765 0.5499673 0.2217576 1 0.3729694 0.8769323 0.2328333 0.8333333 0.3711867 0.2782919 0.2453931 0.1666666 0.2255159 0.3333333 0.5515648 0.1666666 0.7987616 0 0.5462225 0 0.7791801 0.1666666 0.7987616 0 0.5515648 0.1666666 0.9999977 0.1857981 0.7987616 0 0.7791801 0.1666666 0.7935227 0.3333333 0.9999977 0.1857981 0.7791801 0.1666666 1 0.5547431 0.7935227 0.3333333 0.7989513 0.5 0.7987616 1 1 0.9394263 0.7910693 0.8333333 0.9999977 0.1857981 1 0 0.7987616 0 -1.21191e-7 0.3880333 0.1327838 0.1666666 -1.26457e-7 0.03903293 0.1882331 1 7.22921e-6 0.758498 -1.6513e-7 1 0.1327838 0.1666666 0.1882331 0 -1.26457e-7 0.03903293 0.1225643 0.5 0.2395942 0.3333334 -1.21191e-7 0.3880333 0.1882331 1 0.2340292 0.8333333 7.22921e-6 0.758498 0.3223984 0.5 0.2395942 0.3333334 0.1225643 0.5 0.3329474 0.1666666 0.1882331 0 0.1327838 0.1666666 0.2395942 0.3333334 0.3329474 0.1666666 0.1327838 0.1666666 0.3329474 0.1666666 0.4452843 0 0.1882331 0 0.4922055 0.8333334 0.2899944 0.6666667 0.2340292 0.8333333 0.5597071 0.3333333 0.5466333 0.1666666 0.2395942 0.3333334 0.7573999 1 0.4922055 0.8333334 0.4452843 1 0.5466333 0.1666666 0.7573999 0 0.4452843 0 0.7573999 1 0.7755132 0.8333333 0.4922055 0.8333334 0.7422608 0.4210034 0.5597071 0.3333333 0.5374241 0.5 0.7995501 0.1256122 0.7573999 0 0.7409544 0.1666666 0.7432594 0.6666667 0.7988116 0.5884734 0.7422608 0.4210034 0.9057838 0.3600695 0.8026624 0.3333333 0.7988116 0.5884734 0.9057838 0.3600695 0.8928517 0.07545769 0.8026624 0.3333333 0.8915795 0.6666667 1.000004 0.4432014 0.9057838 0.3600695 1 1 1.000002 0.7953608 0.8921172 1 1.000004 0.4432014 1.000002 0.1056321 0.9057838 0.3600695 1.79986e-5 0.7928649 0.1342307 0.5 2.35252e-5 0.3689345 0.1342307 0.5 0.3170381 0.3333334 2.35252e-5 0.3689345 0.2786983 0.6666666 0.3887922 0.5032716 0.1342307 0.5 0.3867291 0.8333333 0.2786983 0.6666666 1.79986e-5 0.7928649 0.3087825 0.1666666 0.5490499 0 0.2646638 0 0.5553952 0.1666666 0.5490499 0 0.3087825 0.1666666 0.3170381 0.3333334 0.5553952 0.1666666 0.3087825 0.1666666 0.7212072 0.8333333 0.5549238 0.6666667 0.3867291 0.8333333 0.7805671 0.1666666 0.7755286 0 0.5490499 0 0.7767949 0.3333333 0.7805671 0.1666666 0.3887922 0.5032716 0.7422657 0.6666667 0.7696673 0.5 0.5549238 0.6666667 0.7212072 0.8333333 0.7422657 0.6666667 0.5549238 0.6666667 0.7969837 0.7533495 0.7422657 0.6666667 0.7212072 0.8333333 0.8903102 0.4251326 0.7767949 0.3333333 0.7696673 0.5 0.7805671 0.1666666 0.893402 0.09348732 0.7755286 0 0.8918176 0.7589393 0.8903102 0.4251326 0.7969837 0.7533495 1.000002 0.9391741 0.8918176 0.7589393 0.8913027 1 1.000003 0.2772172 1.000003 0 0.893402 0.09348732 1.000002 0.9391741 1.000001 0.6283119 0.8918176 0.7589393 0.1246867 0.6666667 8.05759e-6 0.4053137 0.001736164 0.6690659 0.1990646 0.1666666 5.49459e-5 0 2.66414e-6 0.1666666 0.1246867 0.6666667 0.202659 0.5 8.05759e-6 0.4053137 0.3799118 0.3333333 0.1990646 0.1666666 8.05759e-6 0.4053137 0.4408342 0.1666666 0.4431091 0 0.1990646 0.1666666 0.4099381 0.5 0.3799118 0.3333333 0.202659 0.5 0.4398037 0.6666667 0.4099381 0.5 0.202659 0.5 0.4099381 0.5 0.4659255 0.4270614 0.3799118 0.3333333 0.6249998 0.5 0.5762452 0.3333333 0.4659255 0.4270614 0.5724766 0.6666668 0.6249998 0.5 0.4659255 0.4270614 0.8677114 0.3333333 0.8265557 0.1666666 0.5762452 0.3333333 0.6249998 0.5 0.8677114 0.3333333 0.5762452 0.3333333 0.8874592 0.5 0.8677114 0.3333333 0.6249998 0.5 0.8473728 0.8333333 0.9116442 0.7641705 0.821461 0.6666668 0.9143279 0.2030227 1.000012 0.05953526 0.9095466 0 1.00003 0.7337765 0.8874592 0.5 0.9116442 0.7641705 1.000018 1 1.00003 0.7337765 0.9116442 0.7641705 1 0.408526 0.9143279 0.2030227 0.8874592 0.5 0.1478671 1 6.82136e-6 0.7584143 0 1 0.2717472 0.1666666 0.1478671 0 1.34552e-6 0.1134173 0.1478671 1 0.2332536 0.8333333 6.82136e-6 0.7584143 0.3468762 1 0.2332536 0.8333333 0.1478671 1 0.528335 0.8333333 0.2717555 0.6666668 0.2332536 0.8333333 0.5486836 0.6666667 0.3130029 0.5 0.2717555 0.6666668 0.528335 0.8333333 0.5486836 0.6666667 0.2717555 0.6666668 0.5486836 0.6666667 0.555715 0.5 0.3130029 0.5 0.747455 0.5 0.5825894 0.3333333 0.555715 0.5 0.7606496 0.6666667 0.747455 0.5 0.5486836 0.6666667 0.528335 0.8333333 0.7606496 0.6666667 0.5486836 0.6666667 0.5825894 0.3333333 0.7698897 0.2692909 0.558415 0.1666666 0.7649008 0.8333333 0.7606496 0.6666667 0.528335 0.8333333 0.747455 0.5 0.7698897 0.2692909 0.5825894 0.3333333 0.891622 0.1666666 0.999985 0 0.7667208 0 0.9999622 0.278593 0.891622 0.1666666 0.7698897 0.2692909 0.8320413 0.9127469 0.9999405 0.7056465 0.7606496 0.6666667 0.9999622 0.278593 0.999985 0 0.891622 0.1666666 0.1101554 1 7.70309e-6 0.7996464 0 1 0.1948351 0.3235398 0.1101554 0 -2.25631e-7 0.1276939 0.1131151 0.411771 0.1948351 0.3235398 -2.25631e-7 0.1276939 0.1840186 0.6666668 0.1131151 0.411771 -2.33123e-7 0.439307 0.1101554 1 0.2008773 0.8333334 7.70309e-6 0.7996464 0.2008773 0.8333334 0.1840186 0.6666668 7.70309e-6 0.7996464 0.2234694 1 0.2008773 0.8333334 0.1101554 1 0.1840186 0.6666668 0.2217746 0.5 0.1131151 0.411771 0.2217746 0.5 0.2710418 0.296603 0.1948351 0.3235398 0.2672169 0.7400741 0.2217746 0.5 0.1840186 0.6666668 0.2672169 0.7400741 0.1840186 0.6666668 0.2008773 0.8333334 0.3322148 0.5 0.2710418 0.296603 0.2217746 0.5 0.2710418 0.296603 0.4143502 0 0.2234694 0 0.4183584 0.6666666 0.3322148 0.5 0.2672169 0.7400741 0.4449612 0.1666666 0.4143502 0 0.2710418 0.296603 0.4183584 0.6666666 0.4451085 0.5 0.3322148 0.5 0.4449612 0.1666666 0.4769749 0 0.4143502 0 0.5046412 0.7191238 0.4451085 0.5 0.4183584 0.6666666 0.5466915 0.4160548 0.6141976 0.1666666 0.4449612 0.1666666 0.629213 0.6666668 0.5466915 0.4160548 0.5046412 0.7191238 0.5610548 1 0.6759443 0.9271233 0.5046412 0.7191238 0.6141976 0.1666666 0.6769487 0 0.5610548 0 0.7614706 0.2375551 0.6769487 0 0.6141976 0.1666666 0.7614706 0.2375551 0.6141976 0.1666666 0.6652148 0.4196165 0.629213 0.6666668 0.7614873 0.5979465 0.6652148 0.4196165 0.7830353 1 0.7684425 0.8333334 0.6759443 0.9271233 0.9086145 0.9028112 0.8381991 0.7900034 0.7830353 1 0.834896 0.2355179 0.9017421 0 0.7830353 0 0.8938497 0.5 0.9049752 0.3333333 0.834896 0.2355179 0.9017875 0.6666667 0.8938497 0.5 0.8381991 0.7900034 0.9115388 0.1666666 0.9017421 0 0.834896 0.2355179 0.9049752 0.3333333 0.9115388 0.1666666 0.834896 0.2355179 0.9086145 0.9028112 0.9017875 0.6666667 0.8381991 0.7900034 1.000006 0.6070031 0.8938497 0.5 0.9017875 0.6666667 0.9049752 0.3333333 1 0.2518033 0.9115388 0.1666666 1 0.909797 1.000006 0.6070031 0.9086145 0.9028112 1.53107e-5 0.3333333 0.147392 0.1666666 3.40847e-6 0.01949614 0.2244216 0.4715118 1.53107e-5 0.3333333 1.50492e-5 0.5 0.2193881 1 0.2791191 0.8333333 1.53616e-5 0.7754907 0.2998458 0.08316838 0.2193881 0 0.147392 0.1666666 0.3342122 0.5 0.3308922 0.3333333 0.2244216 0.4715118 0.2791191 0.8333333 0.3327126 0.6666667 0.2157109 0.6666667 0.3014436 1 0.3527553 0.9131251 0.2791191 0.8333333 0.6015656 1 0.4676722 0.8333334 0.4491536 1 0.6561183 0.3333333 0.4785091 0.1513965 0.4550936 0.3333333 0.4629398 0.5 0.6561183 0.3333333 0.4550936 0.3333333 0.6015656 1 0.6652842 0.8333333 0.4676722 0.8333334 0.6561183 0.3333333 0.7058209 0.1666666 0.4785091 0.1513965 0.6730026 0.5 0.6561183 0.3333333 0.4629398 0.5 0.6652842 0.8333333 0.849031 0.6666668 0.6506318 0.6666666 0.7503649 1 0.8713669 0.8333333 0.6652842 0.8333333 0.8713669 0.8333333 0.849031 0.6666668 0.6652842 0.8333333 0.8786787 0.3333334 0.9999834 0.1922793 0.7058209 0.1666666 0.849031 0.6666668 1 0.560761 0.8678346 0.5 1 0.560761 0.9999834 0.1922793 0.8786787 0.3333334 0.9988374 0.8739162 1 0.560761 0.849031 0.6666668 2.26096e-6 0.6073628 0.1416782 0.3333333 1.02133e-4 0.2056702 0.2639428 0.8333333 2.26096e-6 0.6073628 2.77277e-6 0.9465016 1.02133e-4 0.2056702 0.2636059 0 4.30861e-6 0 0.2713676 0.6666667 0.1834195 0.5 2.26096e-6 0.6073628 0.2639428 0.8333333 0.2713676 0.6666667 2.26096e-6 0.6073628 0.1834195 0.5 0.4681215 0.3333333 0.1416782 0.3333333 0.2713676 0.6666667 0.5116755 0.5 0.1834195 0.5 0.5432229 0.6666668 0.5116755 0.5 0.2713676 0.6666667 0.2639428 0.8333333 0.5432229 0.6666668 0.2713676 0.6666667 0.6521134 0.8333334 0.5432229 0.6666668 0.2639428 0.8333333 0.7702562 0.5 0.4681215 0.3333333 0.5116755 0.5 0.6521134 0.8333334 0.7722476 0.6666666 0.5432229 0.6666668 0.7712133 1 0.6521134 0.8333334 0.5496815 1 0.7702562 0.5 0.7714406 0.3333333 0.4681215 0.3333333 0.1853287 1 3.37713e-6 0.7812075 -1.59276e-7 1 2.23172e-6 0.2206421 0.1853287 0 -1.59276e-7 0 3.13229e-6 0.5 0.2063508 0.3822063 2.23172e-6 0.2206421 0.1820695 0.6666667 3.13229e-6 0.5 3.37713e-6 0.7812075 0.1853287 1 0.1888453 0.8333333 3.37713e-6 0.7812075 0.1881881 0.1666666 0.1853287 0 2.23172e-6 0.2206421 0.1880723 0.5 0.2063508 0.3822063 3.13229e-6 0.5 0.1820695 0.6666667 0.1880723 0.5 3.13229e-6 0.5 0.2420098 0.9117847 0.1888453 0.8333333 0.1853287 1 0.2063508 0.3822063 0.2565785 0.1942629 0.1881881 0.1666666 0.2549675 0.4225231 0.2565785 0.1942629 0.2063508 0.3822063 0.2419839 0.6666667 0.2549675 0.4225231 0.2063508 0.3822063 0.3353532 0.5 0.5252356 0.3333333 0.2565785 0.1942629 0.5781586 0.7434695 0.5252356 0.3333333 0.3353532 0.5 0.3501989 0.6666666 0.5781586 0.7434695 0.3353532 0.5 0.6269228 1 0.5642054 0.8333333 0.3585333 1 0.5252356 0.3333333 0.6307677 0.1666666 0.3521223 0.1666666 0.6459471 0.3493562 0.5252356 0.3333333 0.5781586 0.7434695 0.6269228 1 0.6337592 0.7575427 0.5642054 0.8333333 0.6459471 0.3493562 0.6307677 0.1666666 0.5252356 0.3333333 0.6337592 0.7575427 0.6459471 0.3493562 0.5781586 0.7434695 0.5642054 0.8333333 0.6337592 0.7575427 0.5781586 0.7434695 0.6307677 0.1666666 0.6863151 0.07854986 0.6269228 0 0.6978885 0.3768656 0.7761068 0.2482255 0.6863151 0.07854986 0.6852605 0.6666668 0.7775199 0.6338183 0.6978885 0.3768656 0.7775199 0.6338183 0.7761068 0.2482255 0.6978885 0.3768656 0.7761068 0.2482255 0.8528795 0.08327651 0.7674482 0 0.854174 1 0.8695024 0.8333333 0.7758842 0.8333333 0.8554676 0.4090492 0.7761068 0.2482255 0.7775199 0.6338183 0.8695024 0.8333333 0.7775199 0.6338183 0.7758842 0.8333333 0.899761 0.6666667 0.8554676 0.4090492 0.7775199 0.6338183 0.899761 0.6666667 1.000008 0.4421795 0.9066508 0.4593299 1 1 1.000012 0.7974581 0.9151529 0.9521746 1 0.05362623 0.9117348 0 0.9176668 0.2614533 0.1679535 1 7.6402e-6 0.7511592 0 1 0.1679535 1 0.2863155 0.6906769 7.6402e-6 0.7511592 0.1679535 1 0.3321882 0.8333334 0.2863155 0.6906769 0.3284319 0.3333334 0.2419593 0.1666666 0.1531115 0.4946871 0.3229717 0.5 0.4106123 0.4144847 0.3284319 0.3333334 0.4517897 0.2346981 0.4654382 0 0.4098402 0 0.4634957 0.9189866 0.4367834 0.6666668 0.4103958 0.9348114 0.4634957 0.9189866 0.5649856 0.6666667 0.4367834 0.6666668 0.5511403 0.02025032 0.4654382 0 0.4517897 0.2346981 0.5623653 0.5 0.5641984 0.3333333 0.4625614 0.5 0.5649856 0.6666667 0.5623653 0.5 0.4625614 0.5 0.7544413 1 0.5681544 0.8333333 0.5494466 1 0.5641984 0.3333333 0.7834897 0.1666666 0.5511403 0.02025032 0.7724448 0.3333333 0.7834897 0.1666666 0.5641984 0.3333333 0.9999949 0.5 0.7724448 0.3333333 0.7649252 0.5 0.9999988 0.2545946 0.7834897 0.1666666 0.7724448 0.3333333 0.9999949 0.5 0.9999988 0.2545946 0.7724448 0.3333333 0.7770735 0.8333333 0.9999983 0.7490585 0.7772623 0.6666668 3.2376e-5 0.3888248 0.1109468 0.1666666 -1.91703e-7 0.03896242 0.1851168 1 0.1865759 0.8333333 -2.50192e-7 1 0.1109468 0.1666666 0.1851168 0 -1.91703e-7 0.03896242 0.1288674 0.6666667 3.2376e-5 0.3888248 -2.44236e-7 0.7273705 0.1288674 0.6666667 0.1624154 0.4748615 3.2376e-5 0.3888248 0.1288674 0.6666667 0.3176773 0.5 0.1624154 0.4748615 0.3313395 0.6666667 0.3176773 0.5 0.1288674 0.6666667 0.4381254 0.3333334 0.3131583 0.1666666 0.1624154 0.4748615 0.3131583 0.1666666 0.4461649 0 0.1851168 0 0.4686431 0.8333333 0.3313395 0.6666667 0.1865759 0.8333333 0.5408825 0.1666666 0.4461649 0 0.3131583 0.1666666 0.5059409 0.5 0.4381254 0.3333334 0.3176773 0.5 0.4686431 0.8333333 0.5554688 0.6666666 0.3313395 0.6666667 0.6587916 0.3333333 0.5408825 0.1666666 0.4381254 0.3333334 0.6670958 1 0.7236832 0.8333333 0.4686431 0.8333333 0.7236832 0.8333333 0.5554688 0.6666666 0.4686431 0.8333333 0.7955234 0.6666666 0.6853531 0.5 0.5554688 0.6666666 1.000053 0.3881206 0.7634902 0.1666666 0.6587916 0.3333333 0.7634902 0.1666666 0.8654256 0 0.6670958 0 0.8720962 0.5 1.000053 0.3881206 0.6853531 0.5 0.9999932 0.7874302 0.7955234 0.6666666 0.7236832 0.8333333 0.9999932 0.7874302 1.000053 0.3881206 0.8720962 0.5 0.1262564 0.1666666 4.39949e-6 0 0 0.1666666 3.88258e-6 0.3855739 0.1262564 0.1666666 0 0.1666666 3.72631e-6 0.6666667 0.1257228 0.5 3.88258e-6 0.3855739 0.1472755 0.6767302 3.72631e-6 0.6666667 2.83138e-6 0.9461206 0.1262564 0.1666666 0.1482021 0 4.39949e-6 0 0.3204267 0.4960252 0.1262564 0.1666666 3.88258e-6 0.3855739 0.1472755 0.6767302 0.1257228 0.5 3.72631e-6 0.6666667 0.1262564 0.1666666 0.3189717 0 0.1482021 0 0.3223829 0.3333334 0.1262564 0.1666666 0.3204267 0.4960252 0.7566251 1 0.5924525 0.8333334 0.5481262 1 0.7397029 0.3333333 0.5632585 0.1666666 0.5449988 0.3333333 0.5924525 0.8333334 0.7757837 0.6666668 0.5465441 0.6666667 0.7566251 1 0.7583628 0.8333334 0.5924525 0.8333334 0.7397029 0.3333333 0.7702626 0.1666666 0.5632585 0.1666666 0.7583628 0.8333334 0.7757837 0.6666668 0.5924525 0.8333334 0.811157 0.907629 0.7583628 0.8333334 0.7566251 1 0.8097445 0.4175513 0.7702626 0.1666666 0.7589178 0.4625496 0.7757837 0.6666668 0.8097445 0.4175513 0.7589178 0.4625496 0.8897985 0.2228152 0.8094829 0 0.7702626 0.1666666 0.811157 0.907629 0.8973991 0.7524433 0.7757837 0.6666668 0.8936765 1 0.8973991 0.7524433 0.811157 0.907629 1.000001 0.2275522 1 0 0.8936765 0 1.000001 0.5383775 1.000001 0.2275522 0.8897985 0.2228152 2.45818e-5 0.7715492 0.1634914 0.5 6.89601e-6 0.3844017 0.2393123 0.8011417 0.2071804 0.6666667 2.45818e-5 0.7715492 0.3308152 1 0.3326521 0.8333333 0.2393123 0.8011417 0.2162665 0.3333333 0.3077281 0.2233278 0.2026606 0.1666666 0.3575174 0.2832109 0.3308152 0 0.3077281 0.2233278 0.6517347 0.7513709 0.4737624 0.6666667 0.4702738 0.8333333 0.7783713 1 0.7953265 0.8333333 0.7238885 0.8699923 0.7953265 0.8333333 0.7782501 0.6666667 0.7238885 0.8699923 0.8901112 0.1666666 0.7783713 0 0.7713193 0.1666666 0.8930144 0.9003587 0.7953265 0.8333333 0.7783713 1 0.8897905 0.3333333 0.8901112 0.1666666 0.7782248 0.3333333 0.7782501 0.6666667 0.8914632 0.6054368 0.7780077 0.5 0.8901112 0.1666666 1.000002 0 0.8904927 0 1.000001 0.6058031 1.000001 0.2949734 0.8914632 0.6054368 1.000002 0.9442749 1.000001 0.6058031 0.8930144 0.9003587 0.1227762 1 2.68194e-5 0.8333333 0 1 0.1259146 0.1666666 0.1227762 0 -3.67651e-7 0.1272038 2.80403e-5 0.3333333 0.1259146 0.1666666 -3.67651e-7 0.1272038 0.1271286 0.6666666 0.1260042 0.5 0 0.5546076 0.1227762 1 0.2496103 0.8333333 2.68194e-5 0.8333333 0.2117175 0.3333333 0.1259146 0.1666666 2.80403e-5 0.3333333 0.2117175 0.3333333 0.2424975 0.1666666 0.1259146 0.1666666 0.2509254 0.5 0.2117175 0.3333333 0.1260042 0.5 0.3673352 0.1666666 0.2505208 0 0.2424975 0.1666666 0.430144 0.3333333 0.3673352 0.1666666 0.2760125 0.3333333 0.3753623 0.6666667 0.4489557 0.5 0.2509254 0.5 0.430144 0.3333333 0.5003923 0.1666666 0.3673352 0.1666666 0.5005993 0.8333333 0.3753623 0.6666667 0.3758307 0.8333333 0.5122262 0.6666667 0.4489557 0.5 0.3753623 0.6666667 0.6494429 0.5 0.5300648 0.3333333 0.5205596 0.5 0.5122262 0.6666667 0.6494429 0.5 0.5205596 0.5 0.6494429 0.5 0.7479531 0.3333333 0.5300648 0.3333333 0.7520609 0.6666668 0.6494429 0.5 0.5122262 0.6666667 0.6545713 1 0.7869357 0.8333333 0.6456003 0.8333334 0.8300248 1 0.7869357 0.8333333 0.6545713 1 0.7520609 0.6666668 0.8301758 0.5 0.6494429 0.5 0.9999984 0.1457272 0.8300248 0 0.7914703 0.1666666 0.8301758 0.5 0.9999974 0.3853225 0.7479531 0.3333333 0.7869357 0.8333333 0.9999921 0.7485831 0.7520609 0.6666668 0.2849404 0.8333334 3.66519e-5 0.6666667 4.24045e-5 0.9845197 1.10387e-5 0.5 0.3087078 0.3333333 0 0.3333333 3.66519e-5 0.6666667 0.3757467 0.5 1.10387e-5 0.5 0.349911 1 0.2849404 0.8333334 4.24045e-5 0.9845197 0.3087078 0.3333333 0.3560816 0.1666666 3.79008e-5 0.1666666 0.3560816 0.1666666 0.6344814 0 0.349911 0 0.6488609 0.6666667 0.3757467 0.5 0.3483844 0.6666667 0.2849404 0.8333334 0.6488609 0.6666667 0.3483844 0.6666667 0.6648427 0.1666666 0.6344814 0 0.3560816 0.1666666 0.3087078 0.3333333 0.6648427 0.1666666 0.3560816 0.1666666 0.7755666 0.8333333 0.6488609 0.6666667 0.2849404 0.8333334 0.7963871 0.3333333 0.6648427 0.1666666 0.3087078 0.3333333 0.6488609 0.6666667 0.7042539 0.5 0.3757467 0.5 0.9999653 0.5938553 0.7042539 0.5 0.6488609 0.6666667 0.7755666 0.8333333 0.9999653 0.5938553 0.6488609 0.6666667 0.9999653 0.5938553 0.7963871 0.3333333 0.7042539 0.5 0.2908825 0.8333333 6.12919e-5 0.6666666 -7.32775e-7 0.9605562 0.3619834 1 0.2908825 0.8333333 -7.32775e-7 0.9605562 6.59767e-5 0.1666666 0.3619834 0 -9.59963e-7 0 0.5529386 0.3333333 6.59767e-5 0.1666666 1.94921e-5 0.3333333 6.12919e-5 0.6666666 0.5867828 0.5 1.7352e-5 0.5 0.4987506 0.1666666 0.3619834 0 6.59767e-5 0.1666666 0.5529386 0.3333333 0.4987506 0.1666666 6.59767e-5 0.1666666 0.3619834 1 0.7153477 0.8333333 0.2908825 0.8333333 0.7153477 0.8333333 0.5953412 0.6666668 0.2908825 0.8333333 0.4987506 0.1666666 0.7432095 0 0.3619834 0 1.000001 0.3748989 0.9999544 0.1666666 0.5529386 0.3333333 0.7153477 0.8333333 0.9999999 0.8953569 0.5953412 0.6666668 1.000001 0.1666666 1.000001 0 0 0.06072884 1.000001 0.424049 1.000001 0.1666666 0 0.3940632 1.000002 0.6666667 1.000001 0.424049 1.86126e-7 0.7273955 1.000001 0.9092846 1.000002 0.6666667 1.86126e-7 0.7273955 0.2018296 1 4.26685e-5 0.8333334 -6.05213e-7 1 3.15086e-5 0.1666666 0.2018296 0 -6.05213e-7 0 2.18761e-6 0.5 0.1494159 0.3333334 0 0.3333333 0.1587677 0.6666667 2.18761e-6 0.5 -3.5942e-7 0.6666666 0.2747253 0.1666666 0.2018296 0 3.15086e-5 0.1666666 0.1494159 0.3333334 0.2747253 0.1666666 3.15086e-5 0.1666666 0.1587677 0.6666667 0.2528547 0.5 2.18761e-6 0.5 0.3024737 0.8333334 0.1587677 0.6666667 4.26685e-5 0.8333334 0.2528547 0.5 0.4470193 0.3333333 0.1494159 0.3333334 0.4734415 0.6666668 0.2528547 0.5 0.1587677 0.6666667 0.4803821 0.5 0.4470193 0.3333333 0.2528547 0.5 0.2747253 0.1666666 0.4946395 0 0.2018296 0 0.5009785 0.1666666 0.4946395 0 0.2747253 0.1666666 0.4470193 0.3333333 0.5009785 0.1666666 0.2747253 0.1666666 0.5512843 0.8333334 0.4734415 0.6666668 0.3024737 0.8333334 0.5512843 0.8333334 0.6029534 0.6666667 0.4734415 0.6666668 0.6868162 0.3333333 0.752845 0.1666666 0.6637134 0.1666666 0.7950273 0.8333334 0.6706193 0.6666667 0.6455466 0.8333333 0.8671036 0.3333334 0.752845 0.1666666 0.6868162 0.3333333 0.7950273 0.8333334 0.8650588 0.6666667 0.6706193 0.6666667 0.8768641 0.5 0.8671036 0.3333334 0.7442588 0.5 0.9999403 0.8720056 0.8650588 0.6666667 0.7950273 0.8333334 1.000003 0.2246196 0.8657686 0 0.8910689 0.1666666 0.8650588 0.6666667 1 0.6005161 0.8768641 0.5 0.9999403 0.8720056 1 0.6005161 0.8650588 0.6666667 0.2222352 0.3333333 7.75082e-5 0.1666666 1.41788e-5 0.3333333 1.01593e-4 0.8333334 0.2885377 0.6666667 3.81523e-5 0.6666667 0.4086008 0.1666666 0.2987085 0 7.75082e-5 0.1666666 0.2222352 0.3333333 0.4086008 0.1666666 7.75082e-5 0.1666666 0.4343287 0.8333334 0.2885377 0.6666667 1.01593e-4 0.8333334 0.44701 0.3333333 0.4086008 0.1666666 0.2222352 0.3333333 0.2885377 0.6666667 0.4421159 0.5 0.1861565 0.5 0.4817148 0.6666667 0.4421159 0.5 0.2885377 0.6666667 0.4086008 0.1666666 0.4683947 0 0.2987085 0 0.4683947 1 0.5280482 0.8333334 0.4343287 0.8333334 0.5280482 0.8333334 0.4817148 0.6666667 0.4343287 0.8333334 0.5495626 1 0.5280482 0.8333334 0.4683947 1 0.5280482 0.8333334 0.6446726 0.6666667 0.4817148 0.6666667 0.6717169 0.1666666 0.5495626 0 0.5281687 0.1666666 0.6446726 0.6666667 0.6653925 0.5 0.5299463 0.5 0.6827375 1 0.6938387 0.8333333 0.5495626 1 0.7971548 0.6666668 0.6653925 0.5 0.6446726 0.6666667 0.6732853 0.3333333 1.000007 0.1666666 0.6717169 0.1666666 0.9997558 0.5838107 0.6732853 0.3333333 0.6653925 0.5 0.9999979 0.3333333 1.000007 0.1666666 0.6732853 0.3333333 0.9997558 0.5838107 0.9999979 0.3333333 0.6732853 0.3333333 0.5448563 0.6666667 1.30986e-4 0.5 9.20549e-5 0.6666667 0.5448563 0.6666667 0.6014745 0.5 1.30986e-4 0.5 0.7112267 0.9544109 0.5565239 0.8333333 0.5503246 1 0.6014745 0.5 0.7276681 0.3333334 0.5558632 0.3333333 0.7672722 0.5 0.7276681 0.3333334 0.6014745 0.5 0.7704598 0.8333333 0.7284434 0.6666667 0.7112267 0.9544109 0.7392737 0.1666666 1.000125 0 0.7112267 0 1.000058 0.6093702 0.7672722 0.5 0.7284434 0.6666667 1.000058 0.6093702 1.000028 0.3005793 0.7672722 0.5 1.000071 0.9274035 1.000058 0.6093702 0.7704598 0.8333333 -1.7806e-6 0.7216581 0.3227866 0.5 -4.05434e-6 0.3714612 0.3221602 1 0.3203664 0.8333333 -7.83213e-6 1 0.314665 0.3333334 0.3284752 0.1666666 -4.05434e-6 0.3714612 0.3227866 0.5 0.314665 0.3333334 -4.05434e-6 0.3714612 0.3203664 0.8333333 0.3253358 0.6666668 -1.7806e-6 0.7216581 0.7714022 0.09580755 0.6076716 0 0.6074302 0.1666666 0.6042189 0.5 0.7709456 0.4281401 0.6129043 0.3333333 0.7713855 0.7568619 0.61141 0.6666667 0.6079363 0.8333334 1.000029 0.9413618 0.7713855 0.7568619 0.7731819 1 1.00004 0.2678465 1.000045 0 0.7714022 0.09580755 1.000029 0.9413618 1.000012 0.6315856 0.7713855 0.7568619 0.3290553 0.6666667 -1.42413e-6 0.4450737 -4.87562e-6 0.7952179 0.3282167 1 0.330509 0.8333334 -4.87562e-6 0.7952179 0.318745 0.3333333 0.3326143 0.1666666 -5.55651e-6 0.1030328 0.3308298 0.5 0.318745 0.3333333 -1.42413e-6 0.4450737 0.330509 0.8333334 0.3290553 0.6666667 -4.87562e-6 0.7952179 0.6761285 0.1666666 0.3282167 0 0.3326143 0.1666666 0.3290553 0.6666667 0.6099906 0.5 0.3308298 0.5 0.686928 1 0.6091744 0.8333334 0.3282167 1 0.6091744 0.8333334 0.6872466 0.6666668 0.3290553 0.6666667 0.686928 1 0.7702971 0.8333333 0.6091744 0.8333334 0.771386 0.4261634 0.613902 0.3333333 0.6099906 0.5 0.7702971 0.8333333 0.6872466 0.6666668 0.6091744 0.8333334 0.6761285 0.1666666 1.00003 0.05777657 0.686928 0 1.000038 0.7319245 0.771386 0.4261634 0.6872466 0.6666668 1.000046 1 1.000038 0.7319245 0.7702971 0.8333333 1.00001 0.3693204 1.00003 0.05777657 0.6761285 0.1666666 1.000005 0.08332043 0 0 -6.02433e-7 0.2978659 1.000004 1 1.000003 0.7500926 -2.47872e-7 0.8882316 1.000003 0.4121535 1.000005 0.08332043 -6.02433e-7 0.2978659 1.000003 0.4121535 -6.02433e-7 0.2978659 -2.98137e-7 0.5833197 -2.47872e-7 0.8882316 1.000003 0.7500926 -2.98137e-7 0.5833197 1.000003 0.5683733 -1.55898e-7 0.2500132 0 0.6301774 1.000003 0.5683733 1.000003 0.2500907 -1.55898e-7 0.2500132 -5.57694e-7 1 1.000003 0.9092857 -1.77684e-7 0.7019364 0 0.4391008 1.000004 0.2500125 -4.23898e-7 0.03998494 1.000004 0.2500125 1.000003 0 -4.23898e-7 0.03998494 1.000003 0.5834239 1.000004 0.2500125 0 0.4391008 -1.77684e-7 0.7019364 1.000003 0.5834239 0 0.4391008 1.000003 0.9092857 1.000003 0.5834239 -1.77684e-7 0.7019364 1.000005 0.4240411 -4.59587e-7 0.2723603 2.28589e-7 0.6312217 1.000005 0.4240411 1.000004 0.0904659 -4.59587e-7 0.2723603 1.000003 0.7454865 1.000005 0.4240411 2.28589e-7 0.6312217 1.000003 0.7454865 2.28589e-7 0.6312217 -6.81494e-7 0.9239962 0.1711555 0.8333333 1.30101e-5 0.6666667 -4.99021e-7 0.8333333 0.2873904 1 0.1711555 0.8333333 5.347e-5 1 0.2873904 1 0.3782987 0.8333333 0.1711555 0.8333333 0.3782987 0.8333333 0.278814 0.6666667 0.1711555 0.8333333 0.3849211 1 0.3782987 0.8333333 0.2873904 1 0.3782987 0.8333333 0.4013025 0.6666667 0.278814 0.6666667 0.4557462 0.3333334 0.4292755 0.1666666 0.3844573 0.3333334 0.4013025 0.6666667 0.4502998 0.5 0.3867387 0.5 0.4739255 0.6666667 0.4502998 0.5 0.4013025 0.6666667 0.4292755 0.1666666 0.5629161 0 0.448264 0 0.5629161 1 0.5714286 0.8333333 0.4557456 0.8333333 0.6527019 0.6666667 0.5718361 0.5 0.4739255 0.6666667 0.6687422 0.1666666 0.5629161 0 0.5614494 0.1666666 0.7147619 1 0.6700357 0.8333333 0.5629161 1 0.722231 0.3333333 0.6687422 0.1666666 0.5747295 0.3333333 0.6527019 0.6666667 0.7281355 0.5 0.5718361 0.5 0.7407802 0.1666666 0.7147619 0 0.6687422 0.1666666 0.8621586 0.6666666 0.7281355 0.5 0.7394256 0.6666668 0.8805571 0.5 0.865796 0.3333334 0.7281355 0.5 1.000003 0.2240717 0.8688537 0 0.8569064 0.1666666 0.8621586 0.6666666 1 0.6018581 0.8805571 0.5 1 0.8716423 1 0.6018581 0.8621586 0.6666666 0.2298094 0.1666666 -4.54505e-6 0 -2.09325e-6 0.2932336 0.2583234 1 0.2419398 0.8333333 -4.54505e-6 1 0.2501849 0.3333333 0.2298094 0.1666666 -2.09325e-6 0.2932336 4.14478e-5 0.5 0.2501849 0.3333333 -2.09325e-6 0.2932336 0.2419398 0.8333333 0.2531688 0.6666666 -1.23144e-7 0.7215809 0.3966723 0.5 0.2501849 0.3333333 4.14478e-5 0.5 0.2531688 0.6666666 0.3966723 0.5 4.14478e-5 0.5 0.2583234 1 0.4266466 0.918543 0.2419398 0.8333333 0.4266466 0.918543 0.2531688 0.6666666 0.2419398 0.8333333 0.5172337 0.6666666 0.3966723 0.5 0.2531688 0.6666666 0.5012573 0.1666666 0.5449262 0 0.427439 0 0.5361576 0.8333333 0.5172337 0.6666666 0.4266466 0.918543 0.7506159 0.3333333 0.5012573 0.1666666 0.5334038 0.3333333 0.7536495 0.5 0.7506159 0.3333333 0.5391738 0.5 0.5172337 0.6666666 0.7536495 0.5 0.5391738 0.5 0.7587487 0.8333334 0.7828419 0.6666667 0.5172337 0.6666666 1.000006 0.7243914 0.7536495 0.5 0.7828419 0.6666667 0.758697 0.1666666 1 0.1011488 0.762697 0 1.000001 0.371652 1 0.1011488 0.758697 0.1666666 0.5007489 1 -4.23379e-7 0.7782697 0 1 0.4989619 0.1666666 0.5007489 0 -5.07661e-6 0.1284695 0.4992933 0.3333334 0.4989619 0.1666666 -5.07661e-6 0.1284695 0.5049718 0.6666667 0.5135927 0.5 -6.88588e-6 0.4376211 0.5142653 0.8333334 0.5049718 0.6666667 -4.23379e-7 0.7782697 0.5007489 1 1 0.9357708 0.5142653 0.8333334 1.000001 0.271206 1 0 0.5007489 0 1.000001 0.271206 0.4992933 0.3333334 0.5135927 0.5 -8.68312e-7 0.3880403 0.4968101 0.1666666 -1.89397e-6 0.03919231 0.4962375 1 0.4966441 0.8333333 -2.47627e-6 1 0.4968101 0.1666666 0.4962375 0 -1.89397e-6 0.03919231 0.50716 0.5 0.514477 0.3333334 -8.68312e-7 0.3880403 0.5142312 0.6666667 0.50716 0.5 -1.23723e-6 0.7282786 1 0.2290269 0.9999995 0 0.4968101 0.1666666 1 0.2290269 0.4968101 0.1666666 0.514477 0.3333334 0.4966441 0.8333333 0.9999997 0.8952124 0.5142312 0.6666667 0.1731899 0.8333334 1.68356e-5 0.5472877 1.24261e-4 0.9611636 1.68356e-5 0.5472877 0.1671101 0.3333333 2.61109e-5 0.2077533 0.3014419 0.5 0.1671101 0.3333333 1.68356e-5 0.5472877 0.2495126 0.6666667 0.3014419 0.5 1.68356e-5 0.5472877 0.3014419 0.5 0.4239159 0.3333334 0.1671101 0.3333333 0.2697884 1 0.4454949 0.8333333 0.1731899 0.8333334 0.4454949 0.8333333 0.2495126 0.6666667 0.1731899 0.8333334 0.3429627 0.1666666 0.5418652 0 0.2697884 0 0.680745 0.1666666 0.5418652 0 0.3429627 0.1666666 0.5418652 1 0.8220111 0.8333333 0.4454949 0.8333333 0.8220111 0.8333333 0.5761449 0.6666667 0.4454949 0.8333333 0.8123362 0.5 0.7830121 0.3333333 0.5724376 0.5 0.8220111 0.8333333 0.832401 0.6268594 0.5761449 0.6666667 0.7830121 0.3333333 0.8266085 0.1176939 0.680745 0.1666666 0.8905283 0.9287508 0.8220111 0.8333333 0.8102046 1 0.9016017 0.5738028 0.8842731 0.3264729 0.832401 0.6268594 0.8905283 0.9287508 1.000014 0.7270142 0.9016017 0.5738028 1.000019 1 1.000014 0.7270142 0.8905283 0.9287508 1.000014 0.7270142 1.000037 0.4004023 0.9016017 0.5738028 0.1663478 0.1666666 1.06399e-4 0 -6.61176e-7 0.2944898 0.2533944 0.3333333 0.1663478 0.1666666 -6.61176e-7 0.2944898 2.92017e-5 0.5 0.2533944 0.3333333 -6.61176e-7 0.2944898 0.1711345 0.8333333 0.2693306 0.6666666 -5.49135e-7 0.7217049 0.3421552 0.4706056 0.2533944 0.3333333 2.92017e-5 0.5 0.2533944 0.3333333 0.4001897 0.1666666 0.1663478 0.1666666 0.399627 0.8333333 0.2693306 0.6666666 0.1711345 0.8333333 0.3421552 0.4706056 0.4001897 0.1666666 0.2533944 0.3333333 0.399627 0.8333333 0.6288838 0.6666667 0.2693306 0.6666666 0.6219708 0.5 0.7852347 0.3333334 0.3421552 0.4706056 0.6288838 0.6666667 0.9999695 0.5808777 0.6219708 0.5 0.7600926 1 1.000001 0.8940583 0.7485126 0.8333333 1 0.2052668 1 0 0.7600926 0 -1.59964e-5 0.2234675 0.50182 0 0 0 0.50182 1 0.5024197 0.8333333 -6.07959e-6 0.8713321 0.5018309 0.3333334 0.5023686 0.1666666 -1.59964e-5 0.2234675 0.5023575 0.5 0.5018309 0.3333334 -8.18687e-6 0.5609297 0.5024197 0.8333333 0.5018243 0.6666667 -6.07959e-6 0.8713321 1.000017 0.2233977 0.50182 0 0.5023686 0.1666666 0.5018243 0.6666667 1.000008 0.5610597 0.5023575 0.5 1.000008 0.5610597 1.000017 0.2233977 0.5018309 0.3333334 1.000007 0.8711799 1.000008 0.5610597 0.5018243 0.6666667 -2.91941e-7 1 0.9999999 0.9240915 0 0.7500001 1.98881e-7 0.5 1 0.4166669 -2.91941e-7 0.2455507 0.228047 0.1666666 3.92731e-6 0 -1.46082e-7 0.1666666 2.99285e-6 0.3861039 0.228047 0.1666666 -1.46082e-7 0.1666666 3.08577e-6 0.6666667 0.2085976 0.5 2.99285e-6 0.3861039 0.2085178 0.8333334 3.08577e-6 0.6666667 2.55244e-6 0.9466663 0.228047 0.1666666 0.2125358 0 3.92731e-6 0 0.2244952 0.3333333 0.228047 0.1666666 2.99285e-6 0.3861039 0.2117545 0.6666667 0.2085976 0.5 3.08577e-6 0.6666667 0.2085178 0.8333334 0.2117545 0.6666667 3.08577e-6 0.6666667 0.2117545 0.6666667 0.2661629 0.5485038 0.2085976 0.5 0.2876228 0.2384463 0.228047 0.1666666 0.2244952 0.3333333 0.2719153 0.8333333 0.2873488 0.6666667 0.2661629 0.5485038 0.2661629 0.5485038 0.4597877 0.250371 0.2876228 0.2384463 0.4604952 0.9110053 0.2719153 0.8333333 0.2744222 1 0.4604952 0.9110053 0.4613391 0.5910862 0.2719153 0.8333333 0.6097064 0.1666666 0.5536859 0 0.5222142 0.2548269 0.521254 0.6666668 0.6095233 0.5816712 0.5340638 0.4787264 0.9999945 0.6666667 0.7500711 0.5 0.7337716 0.6666668 0.747368 0.8333333 0.9999945 0.6666667 0.7337716 0.6666668 0.9999975 0.9135668 0.747368 0.8333333 0.7488694 1 0.7500711 0.5 0.9999977 0.4199164 0.7444704 0.3333333 0.9999945 0.6666667 0.9999977 0.4199164 0.7500711 0.5 0.9999975 0.9135668 0.9999945 0.6666667 0.747368 0.8333333 -2.14129e-6 0.5552939 0.165288 0.4087009 -9.21049e-7 0.205539 0.165288 0.4087009 0.163671 0.06848353 -9.21049e-7 0.205539 0.1621679 0.7417939 0.165288 0.4087009 -2.14129e-6 0.5552939 0.3338398 0.4365525 0.3328812 0.1666666 0.165288 0.4087009 0.4864608 1 0.3328535 0.8333333 0.3240237 1 0.5331448 0.1666666 0.4864608 0 0.3328812 0.1666666 0.4762362 0.3333334 0.5331448 0.1666666 0.3328812 0.1666666 0.4963726 0.7624243 0.5730673 0.5 0.3338398 0.4365525 0.6528216 0.3333333 0.5331448 0.1666666 0.4762362 0.3333334 0.7207697 1 0.4963726 0.7624243 0.4864608 1 0.5331448 0.1666666 0.7207697 0 0.4864608 0 0.6715916 0.7036779 0.5730673 0.5 0.4963726 0.7624243 0.7207697 1 0.6715916 0.7036779 0.4963726 0.7624243 0.7849322 0.1666666 0.7207697 0 0.5331448 0.1666666 0.7207697 1 0.9999688 0.8333333 0.6715916 0.7036779 0.99998 0.5 0.6528216 0.3333333 0.5730673 0.5 0.99998 0.5 0.9999964 0.2548774 0.6528216 0.3333333 5.03677e-5 0.3333334 0.2994638 0.1666666 -9.78085e-7 0.03887122 0.2994638 0.1666666 0.3344401 0 -9.78085e-7 0.03887122 0.3478169 0.6666668 0.3361204 0.5 -2.45724e-6 0.611489 0.3344401 1 0.4311643 0.8333333 1.46386e-5 0.8990442 0.4238001 0.3333333 0.2994638 0.1666666 5.03677e-5 0.3333334 0.4238001 0.3333333 0.6952371 0.2881171 0.2994638 0.1666666 0.4311643 0.8333333 0.6924911 0.7765188 0.3478169 0.6666668 0.8058272 0.2181494 0.7562248 0 0.6952371 0.2881171 0.7562248 1 0.8108548 0.7118437 0.6924911 0.7765188 0.7562248 1 1.000016 0.7752203 0.8108548 0.7118437 1 0.3891177 1.000022 0.1308541 0.8058272 0.2181494 1 0.3891177 0.8058272 0.2181494 0.7544896 0.5 0.4151926 0.5 0.6037349 0.3333334 3.20776e-5 0.3527419 0.5099345 0.8333333 0.5176575 0.6666667 3.57244e-5 0.7571478 0.9999735 1 0.9999872 0.7870623 0.5099345 0.8333333 0.9999821 0.5 0.6037349 0.3333334 0.4151926 0.5 0.9999872 0.7870623 0.5176575 0.6666667 0.5099345 0.8333333 0.9999999 0.9092403 0 0.7500014 0 1 0 0.4122174 1 0.2500004 0 0.08333325 0 0.7500014 1 0.5833335 0 0.4122174 0.3409761 0.1666666 -2.06151e-6 0 2.3653e-4 0.2944464 0.3553856 1 0.1684346 0.7968819 -1.38119e-6 0.9449988 0.3944804 0.6666668 4.20283e-4 0.6056454 0.1684346 0.7968819 0.3944804 0.6666668 0.4176778 0.5009262 4.20283e-4 0.6056454 0.4665519 0.8333333 0.3944804 0.6666668 0.1684346 0.7968819 0.7659494 0.5616787 0.4176778 0.5009262 0.3944804 0.6666668 0.4665519 0.8333333 0.7659494 0.5616787 0.3944804 0.6666668 0.7934239 1 0.4665519 0.8333333 0.3553856 1 0.3992187 0.3333333 0.7826927 0.1666666 0.3409761 0.1666666 0.7659494 0.5616787 0.9999834 0.3838202 0.4176778 0.5009262 0.99998 0.751111 0.7659494 0.5616787 0.4665519 0.8333333 -1.82251e-7 1 0.9999998 0.9166672 -1.82251e-7 0.7500003 0.9999997 0.2499991 -2.9396e-7 0.08333313 -3.07129e-7 0.4211156 0.9999998 0.5759074 -3.07129e-7 0.4211156 -1.82251e-7 0.7500003 2.54743e-5 0.2784528 0.2135044 0 0 0 0.2135044 1 0.2164713 0.8333333 -8.95531e-7 0.8720372 0.180381 0.5844591 2.54743e-5 0.2784528 -6.5668e-7 0.5609162 0.2164713 0.8333333 0.180381 0.5844591 -8.95531e-7 0.8720372 0.4392085 0.4054187 0.2135044 0 0.2571663 0.3306385 0.470021 0.9186225 0.2164713 0.8333333 0.2135044 1 0.4392085 0.4054187 0.4243087 0 0.2135044 0 0.4018055 0.5786423 0.4392085 0.4054187 0.2571663 0.3306385 0.470021 0.9186225 0.4018055 0.5786423 0.2164713 0.8333333 0.5867987 0.3333333 0.540332 0.08114969 0.4392085 0.4054187 0.470021 0.9186225 0.5579398 0.6227987 0.4018055 0.5786423 0.6366246 0.533801 0.5867987 0.3333333 0.5579398 0.6227987 0.6366246 0.533801 0.8017528 0.3333334 0.5867987 0.3333333 0.8017528 0.3333334 0.8095269 0.1666666 0.6361459 0.07635205 1.000002 0.3894662 0.8095269 0.1666666 0.8017528 0.3333334 1.000004 1 1 0.773546 0.8164466 0.8333333 0.8164466 0.8333333 1 0.773546 0.8035973 0.6666667 0.322884 0.3333333 0.455254 0.1666666 -2.0143e-6 0.1062065 0.3384505 0.5 0.322884 0.3333333 -6.8409e-7 0.4449601 0.3266085 1 0.5686298 0.8333333 1.459e-5 0.7764635 0.7083153 1 0.5686298 0.8333333 0.3266085 1 0.9999715 0.4169042 0.455254 0.1666666 0.322884 0.3333333 0.5708419 0.6666666 0.7038818 0.5 0.3384505 0.5 0.9999715 0.4169042 0.9999876 0.100663 0.455254 0.1666666 0.5686298 0.8333333 1.000001 0.6666667 0.5708419 0.6666666 1.000001 0.6666667 0.9999715 0.4169042 0.7038818 0.5 0.5014678 0.1666666 -1.27574e-5 0 -3.23246e-6 0.2947566 0.5125486 1 0.5015552 0.8333333 -8.49424e-6 0.9443049 0.502111 0.3333333 0.5014678 0.1666666 -3.23246e-6 0.2947566 0.5016834 0.5737416 0.502111 0.3333333 -3.23246e-6 0.2947566 0.5015552 0.8333333 0.5016834 0.5737416 -2.8639e-6 0.6057459 0.5014678 0.1666666 1 0.1064445 0.5125486 0 1.000004 0.371864 1 0.1064445 0.5014678 0.1666666 0.2843645 0.6666666 0.2830307 0.5 -5.0552e-7 0.4394176 0.2819248 0.8333333 0.2843645 0.6666666 -1.80266e-7 0.8335917 0.6654782 0.5 0.2833797 0.3333333 0.2830307 0.5 0.6654782 0.5 0.6697567 0.3333334 0.2833797 0.3333333 0.9999976 0.08243614 0.6656846 0 0.6639042 0.1666666 0.6654782 0.5 0.9999971 0.4197639 0.6697567 0.3333334 0.9999974 0.7507904 0.670392 0.6666668 0.6624875 0.8333333 0.5013913 0.1666666 -5.90672e-6 0 -1.59235e-6 0.2946001 0.5114277 1 0.5014471 0.8333333 -3.95012e-6 0.9447916 0.5019959 0.3333333 0.5013913 0.1666666 -1.59235e-6 0.2946001 0.5013281 0.5 0.5019959 0.3333333 -1.59235e-6 0.2946001 0.5014471 0.8333333 0.5019705 0.6666666 -1.5612e-6 0.6058446 1.000002 0.7219538 0.5013281 0.5 0.5019705 0.6666666 0.5013913 0.1666666 1 0.1061769 0.5114277 0 1.000002 0.372056 1 0.1061769 0.5013913 0.1666666 1.24342e-4 0.1666666 0.2979106 0 0 0 0.2813836 0.6666666 8.92702e-5 0.5 1.89289e-4 0.8159092 0.5643677 0.1666666 0.2979106 0 1.24342e-4 0.1666666 0.2813836 0.6666666 0.4839869 0.5 8.92702e-5 0.5 0.4774273 0.8333333 0.7089446 0.6666667 0.2813836 0.6666666 0.4839869 0.5 0.7488685 0.3333333 0.4201294 0.3333333 0.7089446 0.6666667 0.7844864 0.5 0.4839869 0.5 0.7846208 0.8333333 0.7089446 0.6666667 0.4774273 0.8333333 0.7488685 0.3333333 0.9998726 0.1666666 0.5643677 0.1666666 1.000006 0.3912866 0.9998726 0.1666666 0.7488685 0.3333333 0.7846208 0.8333333 1.000013 0.6666667 0.7089446 0.6666667 1.000013 0.6666667 1.000006 0.3912866 0.7844864 0.5 0.200096 1 3.88654e-5 0.8333333 -1.15276e-6 1 1.18035e-4 0.1666666 0.200096 0 -1.15276e-6 0 0.1511852 0.5 0.1496577 0.3333333 -3.93135e-7 0.3333333 0.200096 1 0.3279598 0.8333334 3.88654e-5 0.8333333 0.3563058 0.1666666 0.200096 0 1.18035e-4 0.1666666 0.4968785 0.6666667 0.3946259 0.5 0.2625554 0.6666666 0.5627881 0.1666666 0.4881632 0 0.3563058 0.1666666 0.5627881 0.1666666 0.7040805 0 0.4881632 0 0.8211419 0.6666667 0.6565162 0.5 0.4968785 0.6666667 0.6095764 0.8333333 0.8211419 0.6666667 0.4968785 0.6666667 0.8487582 0.1666666 0.7040805 0 0.5627881 0.1666666 0.6193792 0.3333334 0.8487582 0.1666666 0.5627881 0.1666666 0.7040805 1 0.8484343 0.8333333 0.6095764 0.8333333 0.8538897 0.3333334 0.8487582 0.1666666 0.6193792 0.3333334 0.8779738 1 0.8484343 0.8333333 0.7040805 1 0.8211419 0.6666667 0.8772197 0.5 0.6565162 0.5 0.8779738 1 0.9063579 0.7227173 0.8484343 0.8333333 0.8538897 0.3333334 0.9142988 0.2651006 0.8487582 0.1666666 0.8779738 1 1.00001 0.7741854 0.9063579 0.7227173 1 0.3996502 1.000008 0.1246747 0.9142988 0.2651006 1 0.3996502 0.9142988 0.2651006 0.8772197 0.5 1.000004 0.5788528 1.000004 0.2573354 -9.50676e-7 0.5906613 9.46352e-6 0.3333333 0.2396246 0.1666666 -8.2643e-7 0.03966003 0.176758 0.8333334 2.56617e-5 0.6666666 0 0.8333333 0.1634588 1 0.176758 0.8333334 -1.0845e-6 1 0.2396246 0.1666666 0.1634588 0 -8.2643e-7 0.03966003 0.354511 0.3333333 0.2396246 0.1666666 9.46352e-6 0.3333333 0.176758 0.8333334 0.3413558 0.6666666 2.56617e-5 0.6666666 0.3413558 0.6666666 0.300958 0.5 1.09826e-5 0.5 0.4050769 1 0.176758 0.8333334 0.1634588 1 0.4050769 1 0.4319763 0.8333333 0.176758 0.8333334 0.4319763 0.8333333 0.3413558 0.6666666 0.176758 0.8333334 0.354511 0.3333333 0.571992 0.1666666 0.2396246 0.1666666 0.5746542 0.5 0.354511 0.3333333 0.300958 0.5 0.5710957 0.3333334 0.571992 0.1666666 0.354511 0.3333333 0.5746542 0.5 0.5710957 0.3333334 0.354511 0.3333333 0.571992 0.1666666 0.7643879 0 0.5634717 0 0.7643879 1 0.7618777 0.8333333 0.5728372 0.8333333 0.7683587 0.6666666 0.862999 0.5 0.7069669 0.5 1.000002 0.2898545 0.7679162 0.1666666 0.7540317 0.3333333 0.7618777 0.8333333 1.000002 0.6096159 0.7683587 0.6666666 1.000002 0.2898545 1 0 0.7679162 0.1666666 1.000002 0.6096159 1.000002 0.2898545 0.862999 0.5 1.15429e-5 0.3333333 0.3481979 0.1666666 3.16423e-5 0.01688677 0.4164585 0.3333334 0.3481979 0.1666666 1.15429e-5 0.3333333 3.93012e-5 0.8333333 0.4081009 0.6666668 4.53224e-6 0.6666668 0.4081009 0.6666668 0.4158827 0.5 -7.50835e-6 0.5 0.4053609 0.8333333 0.4081009 0.6666668 3.93012e-5 0.8333333 0.390375 1 0.7802386 0.8333334 0.4053609 0.8333333 0.9999999 0.272852 0.7920419 0.3333333 0.9969732 0.6642051 3.52801e-5 0.6666667 0.6782409 0.6232874 1.0986e-4 0.5 1.000005 0.5571745 0.6762833 0.3333334 0.6782409 0.6232874 -1.22079e-7 0.9450443 1.000005 0.7500082 -8.66906e-7 0.5355837 1.000004 1 1.000005 0.7500082 -1.22079e-7 0.9450443 1.000004 0.08327472 -1.82136e-7 0 -2.63416e-7 0.2500099 -8.66906e-7 0.5355837 1.000004 0.4211469 -2.63416e-7 0.2500099 1.000005 0.7500082 1.000004 0.4211469 -8.66906e-7 0.5355837 0.2824906 0.1666666 1.10391e-5 0 -9.12736e-7 0.1666666 1.0929e-5 0.3333333 0.2824906 0.1666666 -9.12736e-7 0.1666666 0.2713333 0.8333333 1.60664e-6 0.6666667 -1.3244e-7 0.8333333 0.2824906 0.1666666 0.2819772 0 1.10391e-5 0 0.2835482 0.3333333 0.2824906 0.1666666 1.0929e-5 0.3333333 0.2384469 0.6666667 -3.56191e-6 0.5 1.60664e-6 0.6666667 0.2713333 0.8333333 0.2384469 0.6666667 1.60664e-6 0.6666667 0.2384469 0.6666667 0.2877495 0.5 -3.56191e-6 0.5 0.2713333 0.8333333 0.3140471 0.6666667 0.2384469 0.6666667 0.2819772 1 0.4226377 0.8333333 0.2713333 0.8333333 0.5686037 0.3333333 0.4290223 0.1666666 0.2835482 0.3333333 0.4226377 0.8333333 0.5074166 0.6666667 0.3140471 0.6666667 0.5681858 1 0.4226377 0.8333333 0.2819772 1 0.573084 0.1666666 0.5681858 0 0.4290223 0.1666666 0.5686037 0.3333333 0.573084 0.1666666 0.4290223 0.1666666 0.5629989 0.8333333 0.5074166 0.6666667 0.4226377 0.8333333 0.5681858 1 0.7113464 0.8333333 0.5629989 0.8333333 0.7067814 0.5 0.5686037 0.3333333 0.5590715 0.5 0.710837 0.2135602 0.573084 0.1666666 0.5686037 0.3333333 0.7127841 0.6666667 0.7067814 0.5 0.5973553 0.6666667 0.7113464 0.8333333 0.7127841 0.6666667 0.5973553 0.6666667 0.7067814 0.5 0.8567657 0.3333333 0.710837 0.2135602 0.8589426 0.1666666 0.7152264 0 0.710837 0.2135602 0.8567657 0.3333333 0.8589426 0.1666666 0.710837 0.2135602 0.8671527 1 0.8605169 0.8333333 0.7152264 1 0.8589426 0.1666666 1.000038 0 0.8671527 0 1.000011 0.6105931 0.8609744 0.5 0.8596538 0.6666667 1.000011 0.6105931 1.000007 0.2963796 0.8609744 0.5 1.000023 0.9337446 1.000011 0.6105931 0.8605169 0.8333333 0.3238176 1 8.78787e-5 0.8333333 0 1 0.3289169 0.3333333 0.3301151 0.1666666 -2.87581e-6 0.3333333 4.75813e-5 0.5 0.3289169 0.3333333 -2.87581e-6 0.3333333 8.78787e-5 0.8333333 0.2610286 0.6666668 2.22379e-7 0.6666667 0.3781313 0.5 0.3289169 0.3333333 4.75813e-5 0.5 0.4012471 0.8333334 0.2610286 0.6666668 8.78787e-5 0.8333333 0.4012471 0.8333334 0.6219797 0.6666667 0.2610286 0.6666668 0.3238176 1 0.7537977 0.8333334 0.4012471 0.8333334 0.7537977 0.8333334 0.9999594 0.6109936 0.6219797 0.6666667 0.9999594 0.6109936 0.766438 0.3333333 0.7666749 0.5 0.7741707 1 1 0.9349973 0.7537977 0.8333334 1 0.206034 1 0 0.7741707 0 0.4876967 0.6666668 0.4483816 0.5 -3.21527e-7 0.6666667 1.30377e-5 0.8333333 0.4876967 0.6666668 -3.21527e-7 0.6666667 0.5092505 0.8333334 0.4876967 0.6666668 1.30377e-5 0.8333333 0.9999825 0.5 0.4689803 0.3333333 0.4483816 0.5 1.000001 0.7498608 0.4876967 0.6666668 0.5092505 0.8333334 0.6675209 0.3333333 0.6411898 0.1666666 1.66432e-4 0.3333333 0.6555348 0.8333333 0.6751038 0.6666667 3.25967e-5 0.6666667 1.00096 1 1 0.7496189 0.6555348 0.8333333 1 0.7496189 0.9996134 0.5 0.6751038 0.6666667 0.6555348 0.8333333 1 0.7496189 0.6751038 0.6666667 1.000003 0.7427677 1.000003 0.4093074 0 0.4390813 -3.29288e-7 0.5 0.2530821 0.3333334 0 0.2057179 0.2596602 0.1666666 2.28166e-5 0 0 0.2057179 0.2530821 0.3333334 0.2596602 0.1666666 0 0.2057179 0.2568798 0.6666667 0.2563051 0.5 -3.29288e-7 0.5 0.2561571 0.8333333 0.2568798 0.6666667 -1.71637e-7 0.7786293 0.3206701 1 0.2561571 0.8333333 2.28166e-5 1 0.5630099 0.5 0.2530821 0.3333334 0.2563051 0.5 0.5652756 0.1666666 0.3206701 0 0.2596602 0.1666666 0.5630099 0.5 0.5694218 0.3333333 0.2530821 0.3333334 0.5819346 1 0.5671278 0.8333334 0.3206701 1 0.5671278 0.8333334 0.8496565 0.6666666 0.5688527 0.6666666 0.8496565 0.6666666 0.8538404 0.5 0.5630099 0.5 0.8541604 0.8333333 0.8496565 0.6666666 0.5671278 0.8333334 0.8541604 0.8333333 1 0.6117679 0.8496565 0.6666666 1 0.2271036 1.000001 0 0.852844 0.1666666 1 0.2271036 0.852844 0.1666666 0.8543179 0.3333333 0.2823197 0.6666668 1.00078e-5 0.443563 -8.4471e-7 0.7273773 0.2823197 0.6666668 0.2542213 0.5 1.00078e-5 0.443563 0.2368063 0.3333334 0.2891752 0.1666666 1.79839e-5 0.1666666 0.2823197 0.6666668 0.3339176 0.5 0.2542213 0.5 0.5706712 0.1666666 0.8460295 0 0.5640017 0 0.8510776 0.1666666 0.8460295 0 0.5706712 0.1666666 0.5778434 0.3333333 0.8510776 0.1666666 0.5706712 0.1666666 0.5956761 0.5 0.9996618 0.4390109 0.5778434 0.3333333 1.000134 0.7782427 0.9996618 0.4390109 0.858569 0.6244786 -4.26597e-6 0.2224529 0.2421595 0 0 0 0.2159793 0.3333334 0.2447255 0.1666666 -4.26597e-6 0.2224529 0.2445883 0.5 0.2159793 0.3333334 3.7672e-4 0.5609048 0.5209675 0.4442077 0.2445883 0.5 3.7672e-4 0.5609048 0.4813778 0.3333334 0.2447255 0.1666666 0.2159793 0.3333334 0.2445883 0.5 0.4813778 0.3333334 0.2159793 0.3333334 0.2447255 0.1666666 0.5481504 0.1908565 0.2421595 0 0.4813778 0.3333334 0.5481504 0.1908565 0.2447255 0.1666666 0.5209675 0.4442077 0.4813778 0.3333334 0.2445883 0.5 0.5021762 1 0.714797 0.8333333 0.3732177 0.8333333 0.7358307 0.3333333 0.5481504 0.1908565 0.4813778 0.3333334 0.7767598 0.5 0.7358307 0.3333333 0.5209675 0.4442077 0.999819 0.2724496 0.7572473 0 0.5481504 0.1908565 0.7358307 0.3333333 0.999819 0.2724496 0.5481504 0.1908565 0.9998829 0.6443338 0.7767598 0.5 0.5209675 0.4442077 0.9998829 0.6443338 0.999819 0.2724496 0.7767598 0.5 0.2093629 0.9315028 4.43428e-6 0.7801396 -2.44841e-7 1 4.72809e-6 0.2196009 0.2091752 0 -2.44841e-7 0 5.02899e-6 0.5 0.2099942 0.4012553 4.72809e-6 0.2196009 0.2021777 0.6666667 5.02899e-6 0.5 4.43428e-6 0.7801396 0.2452835 0.1666666 0.2091752 0 4.72809e-6 0.2196009 0.2021777 0.6666667 0.2099942 0.4012553 5.02899e-6 0.5 0.2452835 0.1666666 0.2735864 0 0.2091752 0 0.3866439 0.3333333 0.6200354 0.2480372 0.4075766 0.1666666 0.4972479 0.5 0.6200354 0.2480372 0.3866439 0.3333333 0.6204687 0.7521461 0.4071487 0.6666667 0.3896178 0.8333333 0.6204687 0.7521461 0.7490115 0.5 0.4972479 0.5 0.7526345 0.6666668 0.7490115 0.5 0.6204687 0.7521461 0.7509326 1 0.7703009 0.8333333 0.6978404 0.8586904 0.7703009 0.8333333 0.7526345 0.6666668 0.6978404 0.8586904 0.879179 0.905761 0.7703009 0.8333333 0.7509326 1 0.7526345 0.6666668 0.8850253 0.5827524 0.7490115 0.5 0.879179 0.905761 0.8850253 0.5827524 0.7526345 0.6666668 0.8771668 0.2389332 1.000001 0.06085872 0.8773999 0 1.000001 1 1.000002 0.7222648 0.879179 0.905761 1.000001 0.3718826 1.000001 0.06085872 0.8771668 0.2389332 4.74262e-5 0.3333334 0.144609 0.08710902 -1.08223e-6 0.03040534 0.1936902 0.8333334 -2.44215e-6 0.6113094 -1.01477e-6 0.9611005 0.1442574 1 0.1936902 0.8333334 -1.01477e-6 0.9611005 0.2040711 0.6666668 0.1987653 0.5 -2.44215e-6 0.6113094 0.313383 0.3333333 0.144609 0.08710902 4.74262e-5 0.3333334 0.3651821 1 0.1936902 0.8333334 0.1442574 1 0.313383 0.3333333 0.3743739 0.1666666 0.144609 0.08710902 0.3651821 1 0.5248246 0.8333333 0.1936902 0.8333334 0.5083163 0.4048252 0.313383 0.3333333 0.1987653 0.5 0.5083163 0.4048252 0.3743739 0.1666666 0.313383 0.3333333 0.6407954 1 0.5248246 0.8333333 0.3651821 1 0.5083163 0.4048252 0.7357459 0.1666666 0.3743739 0.1666666 0.834407 0.6666667 0.6694183 0.5 0.5324611 0.6666666 0.7357459 0.1666666 0.9999178 0.03878802 0.6407954 0 0.9991268 0.3892396 0.820168 0.3333333 0.6694183 0.5 0.9991268 0.3892396 0.7357459 0.1666666 0.820168 0.3333333 0.4015045 1 0.3266611 0.8333333 8.45744e-5 0.9407035 0.4359799 0.2441944 0.4015045 0 0.3319831 0.2499764 0.4314545 0.792141 0.3310978 0.5887187 0.3266611 0.8333333 0.4359799 0.2441944 0.5922684 0 0.4015045 0 0.6783888 0.6666668 0.6239897 0.5 0.451471 0.6030238 0.9999636 0.7973297 0.6783888 0.6666668 0.5845937 1.052962 0.9999958 0.4420421 0.621349 0.3333333 0.6239897 0.5 0.9999958 0.4420421 0.723276 0.1666666 0.621349 0.3333333 0.3229286 0.1666666 -8.99251e-5 0 -4.05782e-6 0.2950761 0.3694401 0.3333334 0.3229286 0.1666666 -4.05782e-6 0.2950761 0.2757095 0.5993085 0.3694401 0.3333334 -4.05782e-6 0.2950761 0.3215044 0.8333333 0.2757095 0.5993085 -4.91455e-6 0.6058666 0.3229286 0.1666666 0.6393966 0 -8.99251e-5 0 0.6335396 0.6666666 0.675938 0.5 0.2757095 0.5993085 0.6393966 1 0.7069577 0.8333333 0.3215044 0.8333333 0.3694401 0.3333334 0.7164229 0.2203993 0.3229286 0.1666666 0.7069577 0.8333333 0.6335396 0.6666666 0.3215044 0.8333333 0.675938 0.5 0.7164229 0.2203993 0.3694401 0.3333334 1.000005 0.7225791 0.675938 0.5 0.6335396 0.6666666 0.7164229 0.2203993 1 0.1068003 0.6393966 0 1.000005 0.3715193 1 0.1068003 0.7164229 0.2203993 -1.22379e-5 0.2227299 0.5016135 0 0 0 0.5016135 1 0.5022512 0.8333333 -5.04916e-6 0.8719092 0.5016704 0.3333333 0.5118319 0.1666666 -1.22379e-5 0.2227299 0.502191 0.5 0.5016704 0.3333333 -4.75726e-6 0.5607562 0.5022512 0.8333333 0.5015591 0.6666667 -5.04916e-6 0.8719092 0.5015591 0.6666667 1.000005 0.4443243 0.502191 0.5 1 1 1.000005 0.7949342 0.5016135 1 1 0.06014543 0.5016135 0 0.5118319 0.1666666 -3.42723e-7 0.9122186 1 0.7574258 -4.65384e-7 0.5788846 0.306884 0.8333333 -1.92018e-6 0.6115104 8.85156e-5 0.9611614 0.2030964 0.6666668 0.1789909 0.4288983 -1.92018e-6 0.6115104 0.1990441 0.1666666 0.3369948 0.09488552 8.82648e-5 0 0.3364788 0.5631905 0.1789909 0.4288983 0.2030964 0.6666668 0.3392061 1 0.4364899 0.9204528 0.306884 0.8333333 0.4368131 0.5600509 0.3670274 0.2955832 0.3364788 0.5631905 0.4591174 0.2499257 0.4372413 0 0.3670274 0.2955832 0.4368131 0.5600509 0.4591174 0.2499257 0.3670274 0.2955832 0.4368131 0.5600509 0.6132501 0.1970253 0.4591174 0.2499257 0.4364899 0.9204528 0.5749452 0.7482901 0.4368131 0.5600509 0.6531257 1 0.7874515 0.8333333 0.5749452 0.7482901 0.7590679 0.6231988 0.4368131 0.5600509 0.5749452 0.7482901 0.9998192 0.2051907 0.6531257 0 0.6132501 0.1970253 0.7946565 0.3333333 0.9998192 0.2051907 0.6132501 0.1970253 0.9999787 0.9489276 0.7874515 0.8333333 0.6531257 1 0.9999874 0.6095743 0.7946565 0.3333333 0.7590679 0.6231988 -7.22404e-6 0.2227211 0.3595012 0 0 0 0.3595012 1 0.3381381 0.8333333 -2.69811e-6 0.8717597 0.3497745 0.3333333 0.336488 0.1666666 -7.22404e-6 0.2227211 0.2773801 0.5561602 0.3497745 0.3333333 -2.90671e-6 0.5608602 0.3381381 0.8333333 0.2773801 0.5561602 -2.69811e-6 0.8717597 0.7254695 0.2714914 0.3595012 0 0.336488 0.1666666 0.7254695 0.2714914 0.7361586 0 0.3595012 0 0.6396175 0.5 0.7254695 0.2714914 0.3497745 0.3333333 0.7262037 0.8949842 1.000005 0.6108806 0.6722167 0.6666668 1.000003 0.2724433 1.000002 0 0.7254695 0.2714914 1.000005 0.6108806 1.000003 0.2724433 0.6396175 0.5 -3.84262e-6 0.2222864 0.2812825 0 0 0 0.2812825 1 0.2974855 0.8333333 -1.42535e-6 0.8719458 0.2416843 0.3333333 0.2668859 0.1666666 -3.84262e-6 0.2222864 0.2884467 0.5 0.2416843 0.3333333 -1.44571e-6 0.5608542 0.2974855 0.8333333 0.2445322 0.6666667 -1.42535e-6 0.8719458 0.709949 0.3333333 0.2668859 0.1666666 0.2416843 0.3333333 0.2884467 0.5 0.709949 0.3333333 0.2416843 0.3333333 0.2974855 0.8333333 0.6902839 0.6666667 0.2445322 0.6666667 0.7061551 0.1666666 0.2812825 0 0.2668859 0.1666666 0.7061551 0.1666666 0.729282 0 0.2812825 0 0.7209888 0.5 0.709949 0.3333333 0.2884467 0.5 0.729282 1 0.7752642 0.8333333 0.2974855 0.8333333 0.6902839 0.6666667 1.000001 0.444763 0.7209888 0.5 1 1 1.000001 0.7945027 0.729282 1 1 0.06036204 0.729282 0 0.7061551 0.1666666 -5.28039e-7 0.3882927 0.2905793 0.1666666 -2.99909e-7 0.03887397 0.2707365 1 7.00455e-6 0.7795493 -3.9114e-7 1 0.2905793 0.1666666 0.2707365 0 -2.99909e-7 0.03887397 0.2739229 0.5 0.300439 0.3333333 -5.28039e-7 0.3882927 0.2270077 0.6666668 0.2739229 0.5 7.00455e-6 0.7795493 0.2707365 1 0.3675472 0.8333333 7.00455e-6 0.7795493 0.5616822 0.5746973 0.2739229 0.5 0.2270077 0.6666668 0.3675472 0.8333333 0.5616822 0.5746973 0.2270077 0.6666668 0.5406201 0.9135052 0.3675472 0.8333333 0.2707365 1 0.5382865 0.2447445 0.2905793 0.1666666 0.300439 0.3333333 0.1 0.1666666 0.06855404 0.3333333 0.1 0.3333333 0.5616822 0.5746973 0.6339932 0.2444831 0.5382865 0.2447445 0.8020599 0.5424363 0.6339932 0.2444831 0.5616822 0.5746973 0.6339932 0.2444831 0.8036585 0.1151905 0.6335108 0 1 1 1.000001 0.7952397 0.8114817 1 1.000003 0.44398 1.000003 0.1057667 0.8110876 0.3333333 7.69887e-5 0.2369215 0.5089008 0.1302858 0 0 0.2813535 1 0.4039228 0.8333334 -8.52958e-7 0.8722269 0.4454073 0.5 7.69887e-5 0.2369215 3.50506e-4 0.5609565 0.4039228 0.8333334 3.50506e-4 0.5609565 -8.52958e-7 0.8722269 0.6667126 1 0.4039228 0.8333334 0.2813535 1 0.6667126 1 0.9999507 0.7824169 0.4039228 0.8333334 0.5918241 0.3333334 0.9999696 0.219449 0.5089008 0.1302858 0.9999527 0.5 0.5918241 0.3333334 0.4454073 0.5 0.9999507 0.7824169 0.6729748 0.6666666 0.4039228 0.8333334 -3.68587e-6 0.555219 0.5013815 0.3333333 -1.49415e-6 0.2053626 0.5019872 0.1666666 0.5013248 0 -1.49415e-6 0.2053626 0.5013815 0.3333333 0.5019872 0.1666666 -1.49415e-6 0.2053626 0.5014459 0.6666668 0.5113385 0.5 -3.68587e-6 0.555219 0.5016117 0.9252763 0.5014459 0.6666668 -1.56294e-6 0.8941786 1 0.3938351 1.000001 0.1279711 0.5013815 0.3333333 1 0.3938351 0.5013815 0.3333333 0.5113385 0.5 -4.14683e-5 0.5551093 0.2879669 0.3333333 -1.06332e-6 0.2056453 0.3472808 0.1666666 0.2774302 0 -1.06332e-6 0.2056453 0.2879669 0.3333333 0.3472808 0.1666666 -1.06332e-6 0.2056453 0.3496801 0.6666667 0.4945548 0.5 -4.14683e-5 0.5551093 0.6186801 0.7108743 0.3496801 0.6666667 9.16866e-4 0.8938058 0.3472808 0.1666666 0.6906579 0 0.2774302 0 0.6668666 0.3333333 0.3472808 0.1666666 0.2879669 0.3333333 0.4945548 0.5 0.6668666 0.3333333 0.2879669 0.3333333 0.7582869 0.1666666 0.6906579 0 0.3472808 0.1666666 0.7953837 0.3333333 0.7582869 0.1666666 0.6668666 0.3333333 0.7570186 0.5 0.7953837 0.3333333 0.6668666 0.3333333 0.6988802 0.9106497 0.7966009 0.6666667 0.6186801 0.7108743 0.7582869 0.1666666 0.8263617 0 0.6906579 0 0.8279324 0.9047448 0.7966009 0.6666667 0.6988802 0.9106497 0.7582869 0.1666666 1.000034 0.06259047 0.8263617 0 1.000047 0.731661 0.7570186 0.5 0.7966009 0.6666667 1.000055 1 1.000047 0.731661 0.8279324 0.9047448 1 0.4021555 0.7953837 0.3333333 0.7570186 0.5 1 0.9092401 0 0.7499996 -1.95723e-7 1 0 0.412217 0.9999998 0.2499998 0 0.08333301 0 0.7499996 1 0.5833334 0 0.412217 -3.49299e-7 1 0.9999999 0.9092411 -2.7948e-7 0.7499998 0.9999999 0.4166665 -4.32099e-7 0.2544477 -2.13438e-7 0.5 1.44333e-5 0.5517558 0.6594007 0.3333333 0.002943575 0.2930696 7.23925e-6 0.8931782 0.5183215 0.6666667 1.44333e-5 0.5517558 0.5966572 1 0.562595 0.8333333 7.23925e-6 0.8931782 0.6096978 0.5 0.6594007 0.3333333 1.44333e-5 0.5517558 0.562595 0.8333333 0.5183215 0.6666667 7.23925e-6 0.8931782 0.6760131 0.1666666 0.5966572 0 0.002943575 0.2930696 0.6760131 0.1666666 0.7683543 0 0.5966572 0 0.6760131 0.1666666 1.000034 0.05990999 0.7683543 0 1.000052 1 1.000084 0.7328625 0.7484847 0.8812348 1 0.4084348 0.6594007 0.3333333 0.7301998 0.6581379 1 0.4240924 -5.40071e-7 0.2544486 3.67204e-7 0.5833331 0.1394621 1 -7.26096e-6 0.7770041 0 1 -3.99141e-5 0.5 0.1400616 0.3333333 0 0.3333333 0.144415 0.1666666 0.1394621 0 -1.19901e-5 0.1332432 0.1400616 0.3333333 0.144415 0.1666666 -1.19901e-5 0.1332432 0.09663051 0.6666667 0.1443014 0.5 -3.99141e-5 0.5 0.09881687 0.8333333 0.09663051 0.6666667 -7.26096e-6 0.7770041 0.3407401 1 0.4849626 0.8333333 0.3039751 0.8333333 0.5543339 1 0.4849626 0.8333333 0.3407401 1 0.6646664 0.5 0.5413357 0.3333333 0.5298957 0.5 0.715436 1 0.7393065 0.8333333 0.6662953 0.8333333 0.7405527 0.5 0.6901277 0.3333333 0.6646664 0.5 0.7566306 0.1666666 0.715436 0 0.6848365 0.1666666 0.7405527 0.5 0.7589721 0.3333333 0.6901277 0.3333333 0.9999008 0.2058369 0.8544542 0 0.7566306 0.1666666 0.7405527 0.5 0.8669743 0.3333333 0.7589721 0.3333333 0.8553012 0.6666667 0.9999881 0.5556222 0.7405527 0.5 0.8544542 1 1 0.9376136 0.8575569 0.8333333 0.9999008 0.2058369 1 0 0.8544542 0 0.2081962 1 1.51738e-5 0.8333333 -1.07461e-6 1 7.938e-5 0.1666666 0.2081962 0 -1.07461e-6 0 0.2339277 0.5 0.2142454 0.3333333 -2.63403e-7 0.3879402 0.2081962 1 0.305242 0.8333334 1.51738e-5 0.8333333 0.305242 0.8333334 0.4165013 0.6666667 3.93324e-5 0.6666667 0.4360415 0.1666666 0.2081962 0 7.938e-5 0.1666666 0.2142454 0.3333333 0.4360415 0.1666666 7.938e-5 0.1666666 0.494156 1 0.305242 0.8333334 0.2081962 1 0.2339277 0.5 0.4992434 0.3333333 0.2142454 0.3333333 0.4165013 0.6666667 0.4876137 0.5 0.2339277 0.5 0.5310725 0.1666666 0.494156 0 0.4360415 0.1666666 0.7554106 0.5 0.4992434 0.3333333 0.4876137 0.5 0.7128379 0.6666667 0.7554106 0.5 0.5301224 0.6666667 0.8192456 0.8333333 0.7128379 0.6666667 0.5366886 0.8333333 0.7219274 0.3333333 0.9999409 0.2476778 0.6970816 0.1666666 0.9999709 0.6147474 0.7554106 0.5 0.7128379 0.6666667 1.69674e-5 0.3333333 0.237805 0.1666666 -5.33718e-7 0.03979372 0.3884631 1 4.24529e-5 0.8333333 -7.01119e-7 1 0.237805 0.1666666 0.3884631 0 -5.33718e-7 0.03979372 0.4651767 0.5 1.69674e-5 0.3333333 2.50672e-6 0.5 4.24529e-5 0.8333333 0.4756088 0.6666667 1.11127e-5 0.6666667 0.4896798 0.8333333 0.4756088 0.6666667 4.24529e-5 0.8333333 0.5512376 0.1666666 0.3884631 0 0.237805 0.1666666 0.5650172 0.3333333 0.7627266 0.2528116 0.5512376 0.1666666 0.8628943 0.2617568 0.8053643 0 0.7627266 0.2528116 0.8008059 0.5 0.8628943 0.2617568 0.7627266 0.2528116 1.000016 0.1097582 0.8053643 0 0.8628943 0.2617568 0.8056423 0.6666667 1.000035 0.4334905 0.8008059 0.5 1 1 1.000012 0.7969045 0.8053643 1 1.000035 0.4334905 1.000016 0.1097582 0.8628943 0.2617568 0.5946402 0.6161984 1.49794e-4 0.5 5.62954e-5 0.6666668 0.6484547 0.3333334 0.6614625 0.1666666 1.73435e-4 0.1666666 0.6650347 0.8333333 0.5946402 0.6161984 6.59406e-5 0.8333333 0.6650347 0.8333333 0.9999336 0.6129863 0.5946402 0.6161984 0.6768174 1 1.000004 0.8933951 0.6650347 0.8333333 0.9999336 0.6129863 0.6484547 0.3333334 0.5946402 0.6161984 1 0.2055497 1 0 0.6768174 0 0.5004016 0.6666668 -1.26552e-6 0.4450575 -5.6892e-6 0.7952589 0.4999933 1 0.4998463 0.8333334 -5.6892e-6 0.7952589 0.5048145 0.3333333 0.5037261 0.1666666 -8.44119e-6 0.1038739 0.5138241 0.5 0.5048145 0.3333333 -1.26552e-6 0.4450575 0.4998463 0.8333334 0.5004016 0.6666668 -5.6892e-6 0.7952589 1.000009 0.2236452 0.4999933 0 0.5037261 0.1666666 0.5004016 0.6666668 1 0.601881 0.5138241 0.5 1.000001 0.8721286 1 0.601881 0.5004016 0.6666668 -5.18293e-7 1 1.000002 0.9046562 2.5525e-7 0.7063589 1.000002 0.9046562 1.000002 0.5759694 2.5525e-7 0.7063589 0.2773975 0.6798338 3.45616e-5 0.5959305 -2.16475e-7 0.9610044 0.1978996 1 0.2773975 0.6798338 -2.16475e-7 0.9610044 3.28973e-4 0.2724234 0.1978996 0 -2.82594e-7 0 3.45616e-5 0.5959305 0.1617875 0.3333334 3.28973e-4 0.2724234 0.3270499 0.5 0.1617875 0.3333334 3.45616e-5 0.5959305 0.2773975 0.6798338 0.3270499 0.5 3.45616e-5 0.5959305 0.3812397 0.1666666 0.1978996 0 3.28973e-4 0.2724234 0.3270499 0.5 0.380202 0.3333334 0.1617875 0.3333334 0.3812397 0.1666666 0.4296143 0 0.1978996 0 0.429708 0.6666667 0.3270499 0.5 0.2773975 0.6798338 0.4549129 0.2512782 0.3812397 0.1666666 0.380202 0.3333334 0.4272271 0.8333333 0.5667624 0.7516835 0.429708 0.6666667 0.8080491 0.6666666 0.6085266 0.5 0.5667624 0.7516835 0.6116129 1 0.8120773 0.8333333 0.5667624 0.7516835 0.8385237 1 0.8120773 0.8333333 0.6116129 1 0.8080491 0.6666666 0.8309549 0.5 0.6085266 0.5 0.8385237 1 1 0.8940473 0.8120773 0.8333333 1.000001 0.5550284 0.8286765 0.3333333 0.8309549 0.5 1 0.2054826 1 0 0.8385237 0 1 0.8940473 1.000001 0.5550284 0.8080491 0.6666666 0.7449459 0.8406004 2.99392e-5 0.8333334 1.68754e-5 1 0.4322403 0.5 0.6496762 0.3333333 1.84675e-5 0.2505061 0.7537482 0.6666666 0.4322403 0.5 0.4921219 0.7084234 0.5074186 0.1666666 0.7338678 0.06973654 0.4974467 0 0.7545386 0.5 0.6496762 0.3333333 0.4322403 0.5 1.00002 0.1084393 0.7338678 0.06973654 0.8110965 0.2841206 1 0.405377 1.00002 0.1084393 0.8110965 0.2841206 0.7545386 0.5 1 0.405377 0.8110965 0.2841206 0.7449459 0.8406004 1 0.7521936 0.7537482 0.6666666 1.05788e-6 0.1666666 1 0.08333343 1.11453e-6 0 1.45658e-7 0.9122182 0.9999997 0.7574254 -7.25016e-7 0.6666666 2.22798e-5 0.3333333 0.2413298 0.2090952 1.53497e-5 0.1666666 0.2499058 0.7497698 1.80338e-5 0.6666667 1.92125e-5 0.8333333 0.3106677 0.6146526 0.3507597 0.4287787 0.2413298 0.2090952 0.2575919 1 0.3469283 0.9459707 0.2499058 0.7497698 0.3507597 0.4287787 0.3759271 0.1666666 0.2413298 0.2090952 0.3973416 0.6666666 0.3507597 0.4287787 0.3106677 0.6146526 0.4117304 0.4160128 0.3759271 0.1666666 0.3507597 0.4287787 0.3973416 0.6666666 0.4117304 0.4160128 0.3507597 0.4287787 0.3973416 0.6666666 0.506649 0.7302783 0.4117304 0.4160128 0.5094529 0.1666666 0.7134191 0.0547052 0.5035354 0 0.7086724 0.6666667 0.7113255 0.5 0.506649 0.7302783 0.7685653 0.956746 0.7111761 0.8333333 0.7085628 1 0.7726169 0.4217005 0.7134191 0.0547052 0.7090387 0.3333333 0.7113255 0.5 0.7726169 0.4217005 0.7090387 0.3333333 0.7726169 0.4217005 0.8007344 0.1666666 0.7134191 0.0547052 0.7883078 0.8333333 0.7739725 0.66712 0.7685653 0.956746 0.8007344 0.1666666 0.8703633 0 0.7685653 0 0.8703633 1 0.7739725 0.66712 0.7883078 0.8333333 0.9999874 0.6666667 0.8687077 0.4258349 0.7739725 0.66712 1 0.3879723 0.8007344 0.1666666 0.8687077 0.4258349 0.9999874 0.6666667 1 0.3879723 0.8687077 0.4258349 0.1370131 0.9045622 -6.84346e-5 0.6666666 -1.65206e-5 0.9603145 0.1874617 0.6666667 0.1368554 0.4244344 -6.84346e-5 0.6666666 0.2013926 0.1666666 0.2352311 0 0.1385577 0 0.233587 0.9210308 0.1874617 0.6666667 0.1370131 0.9045622 0.233587 0.9210308 0.3833522 0.727601 0.1874617 0.6666667 0.3833522 0.727601 0.4139505 0.4146422 0.2344865 0.4214808 0.4252933 1 0.5237266 0.8333333 0.3833522 0.727601 0.6950408 0.6666668 0.4139505 0.4146422 0.3833522 0.727601 0.7804017 0.5 0.7306545 0.2413539 0.4139505 0.4146422 0.7306545 0.2413539 0.9997472 0 0.4252933 0 0.819482 0.8333334 0.6950408 0.6666668 0.5237266 0.8333333 0.9999642 0.2627742 0.9997472 0 0.7306545 0.2413539 0.7804017 0.5 0.9999642 0.2627742 0.7306545 0.2413539 0.819482 0.8333334 0.9999587 0.6666667 0.6950408 0.6666668 0.2484459 0.8333333 1.53524e-5 0.5559971 2.66061e-4 0.9612853 1.53524e-5 0.5559971 0.2653574 0.3333333 7.96128e-5 0.2066835 0.3351925 0.4964974 0.2653574 0.3333333 1.53524e-5 0.5559971 0.7157946 0.3333333 0.5674325 0.1666666 0.2653574 0.3333333 0.6456767 0.6666668 0.6983466 0.5 0.3351925 0.4964974 0.5674325 0.1666666 0.9999197 0.03887927 0.4648472 0 1.000001 0.3883846 0.5674325 0.1666666 0.7157946 0.3333333 0.9999198 1 1 0.7728698 0.7139174 0.8333333 0.7139174 0.8333333 1 0.7728698 0.6456767 0.6666668 0.5013976 0.8333333 -3.70396e-4 0.6115448 -1.19113e-6 0.9611722 0.501994 1 0.5013976 0.8333333 -1.19113e-6 0.9611722 0.5013682 0.1666666 0.501994 0 -1.55291e-6 0 0.501438 0.5 0.5019554 0.3333333 -1.54144e-6 0.2725846 1.000001 0.2725281 0.5013682 0.1666666 0.5019554 0.3333333 0.5013976 0.8333333 1.000003 0.6115619 -3.70396e-4 0.6115448 1.000001 0.2725281 1.000002 0 0.5013682 0.1666666 1.000003 0.6115619 1.000001 0.2725281 0.501438 0.5 5.15797e-6 0.444045 0.1901217 0.1666666 -1.89781e-7 0.0389021 0.1526178 1 1.27055e-4 0.7274917 -2.47566e-7 1 0.1901217 0.1666666 0.1526178 0 -1.89781e-7 0.0389021 0.2130599 0.6666667 5.15797e-6 0.444045 1.27055e-4 0.7274917 0.2194363 0.5 0.1537401 0.3333333 5.15797e-6 0.444045 0.4165728 1 0.3524022 0.8333333 0.1526178 1 0.1901217 0.1666666 0.4165728 0 0.1526178 0 0.2194363 0.5 0.3698263 0.3333333 0.1537401 0.3333333 0.4409568 0.5 0.3698263 0.3333333 0.2194363 0.5 0.5832095 0.3333333 0.4944857 0.1666666 0.3698263 0.3333333 0.4409568 0.5 0.5832095 0.3333333 0.3698263 0.3333333 0.5858775 0.5404569 0.5832095 0.3333333 0.4409568 0.5 0.4944857 0.1666666 0.6199746 0.05677306 0.4165728 0 0.5832095 0.3333333 0.6199746 0.05677306 0.4944857 0.1666666 0.6258136 1 0.6456643 0.7454362 0.580134 0.8333333 0.6465511 0.4194541 0.5832095 0.3333333 0.5858775 0.5404569 0.6456643 0.7454362 0.5858775 0.5404569 0.580134 0.8333333 0.6465511 0.4194541 0.6631051 0.1666666 0.6199746 0.05677306 0.7596437 0.2802109 0.6631051 0.1666666 0.6465511 0.4194541 0.7596437 0.2802109 0.7879353 0 0.6631051 0.1666666 0.7879353 1 0.9999038 0.778306 0.7523254 0.7465016 0.8960227 0.6666666 0.7915894 0.5 0.7523254 0.7465016 0.9999561 0.1277737 0.7879353 0 0.7596437 0.2802109 0.9998866 0.3936687 0.9999561 0.1277737 0.7596437 0.2802109 1.34464e-4 0.1954033 0.3509814 0 0 0 0.3509814 1 0.4320026 0.8333333 -2.72662e-6 0.8720222 0.3334572 0.566008 0.3059843 0.3550479 -2.06863e-6 0.5608118 0.4320026 0.8333333 0.3334572 0.566008 -2.72662e-6 0.8720222 0.4320026 0.8333333 0.9998449 0.6666667 0.3334572 0.566008 0.9997619 0.9613784 0.4320026 0.8333333 0.3509814 1 0.9999642 0.3885427 0.9999018 0.1666666 0.3059843 0.3550479 0.9998449 0.6666667 0.9999642 0.3885427 0.7154695 0.5 -6.66501e-6 0.2222034 0.5014825 0 0 0 0.5014825 1 0.5020838 0.8333334 -2.66397e-6 0.8719336 0.5015252 0.3333334 0.5020651 0.1666666 -6.66501e-6 0.2222034 0.5020462 0.5 0.5015252 0.3333334 -2.86885e-6 0.5608242 0.5020838 0.8333334 0.5014404 0.6666667 -2.66397e-6 0.8719336 1.000007 0.2222169 0.5014825 0 0.5020651 0.1666666 0.5014404 0.6666667 1.000003 0.5609304 0.5020462 0.5 1.000003 0.5609304 1.000007 0.2222169 0.5015252 0.3333334 1.000003 0.8718048 1.000003 0.5609304 0.5014404 0.6666667 0.5014478 0.1666666 -0.001350641 0 -3.47308e-6 0.2943525 0.5021138 0.3333334 0.5014478 0.1666666 -3.47308e-6 0.2943525 4.75565e-4 0.6059472 0.5021138 0.3333334 -3.47308e-6 0.2943525 1.000003 0.7216989 4.75565e-4 0.6059472 0.5017493 0.7631022 0.5014478 0.1666666 1 0.1064277 -0.001350641 0 1.000003 0.3721868 1 0.1064277 0.5014478 0.1666666 0.2239516 0.8333334 -2.58624e-6 0.6114545 -1.0704e-6 0.9609838 0.2265808 1 0.2239516 0.8333334 -1.0704e-6 0.9609838 0.2409526 0.6666668 0.2360573 0.5 -2.58624e-6 0.6114545 0.6443848 1 0.6548427 0.8333333 0.2239516 0.8333334 0.6727397 0.5 0.5531147 0.3333333 0.2360573 0.5 0.999917 0.3333333 0.5676143 0.1666666 0.5531147 0.3333333 0.6727397 0.5 0.999917 0.3333333 0.5531147 0.3333333 0.999917 0.3333333 0.9999601 0.1666666 0.5676143 0.1666666 0.6548427 0.8333333 1.000001 0.6117469 0.6708285 0.6666667 1.000001 0.6117469 0.999917 0.3333333 0.6727397 0.5 0 0.2455505 0.9999997 0.09075921 0 0 5.02274e-5 0.5 0.2436371 0.3333333 1.72888e-4 0.2055189 0.4103071 0.5 0.2436371 0.3333333 5.02274e-5 0.5 0.2436371 0.3333333 0.5244016 0.2478398 0.2864658 0.1666666 0.557607 0.6666668 0.4103071 0.5 0.2368509 0.6666668 0.557607 0.6666668 0.5724357 0.5 0.4103071 0.5 0.608151 0.05450081 0.5409292 0 0.5244016 0.2478398 0.5724357 0.5 0.5956066 0.3333334 0.5244016 0.2478398 0.6133702 1 0.5978312 0.8333333 0.5409292 1 0.7585734 0.6666666 0.5724357 0.5 0.557607 0.6666668 0.7114067 0.8333333 0.7585734 0.6666666 0.5978312 0.8333333 0.9996308 0.2723178 0.7842172 0 0.7104113 0.1666666 0.7557031 0.3333333 0.9996308 0.2723178 0.7104113 0.1666666 0.9983592 0.6689167 0.7585734 0.6666666 0.7114067 0.8333333 0.999985 0.5 0.7557031 0.3333333 0.7373048 0.5 -6.42163e-7 0.5548551 0.3495658 0.3333333 -2.73016e-7 0.2056177 0.354693 0.1666666 0.3479824 0 -2.73016e-7 0.2056177 0.3495658 0.3333333 0.354693 0.1666666 -2.73016e-7 0.2056177 0.3469914 0.6666666 0.2511823 0.5 -6.42163e-7 0.5548551 0.2567716 0.8333334 0.3469914 0.6666666 -4.1862e-7 0.8940166 0.3479824 1 0.5449352 0.8333333 0.2567716 0.8333334 0.5552834 0.5 0.3495658 0.3333333 0.2511823 0.5 0.5449352 0.8333333 0.7985696 0.6666668 0.3469914 0.6666666 0.8053537 0.8333333 0.7985696 0.6666668 0.5449352 0.8333333 0.8629346 0.4262465 0.798397 0.1666666 0.7615764 0.4041873 0.7985696 0.6666668 0.8629346 0.4262465 0.7615764 0.4041873 1.000012 0.3910782 0.798397 0.1666666 0.8629346 0.4262465 1.000019 1 1 0.7762916 0.8053537 0.8333333 0.8053537 0.8333333 1 0.7762916 0.7985696 0.6666668 0.5385058 0.01973062 2.12813e-4 0 -1.52655e-6 0.2945821 0.4114909 0.3333333 0.5385058 0.01973062 -1.52655e-6 0.2945821 0.5262824 0.5 0.4114909 0.3333333 -1.52655e-6 0.2945821 0.3259682 0.8333333 0.4537338 0.6666667 -1.80539e-6 0.6059316 0.4114909 0.3333333 0.6633154 0.1666666 0.5385058 0.01973062 0.7005481 0.8333334 0.4537338 0.6666667 0.3259682 0.8333333 0.999923 0.9488103 0.7005481 0.8333334 0.5733703 1 0.9999032 0.3861302 0.6633154 0.1666666 0.4114909 0.3333333 0.5262824 0.5 0.9999032 0.3861302 0.4114909 0.3333333 0.7005481 0.8333334 0.9998834 0.6666667 0.4537338 0.6666667 1.04137e-4 0.5547801 0.5013892 0.3333333 4.97619e-4 0.2056184 0.9978407 0.8937373 0.5013818 0.6666667 0.001141786 0.8942389 1.000001 0.5548205 0.5013892 0.3333333 1.04137e-4 0.5547801 1 0.2056227 1 0 0.001142859 0 0.9978407 0.8937373 1.000001 0.5548205 0.5013818 0.6666667 0 0.2455517 0.9999998 0.09075987 4.46152e-7 0 -1.58748e-7 0.5833335 1 0.4166666 0 0.2455517 1 0.7499999 -1.58748e-7 0.5833335 4.0523e-7 0.9166665 3.18883e-5 0.6197673 0.216538 0.3333334 -4.33289e-7 0.205628 0.2879632 0.1666666 0.1909567 0 -4.33289e-7 0.205628 0.216538 0.3333334 0.2879632 0.1666666 -4.33289e-7 0.205628 0.2840926 0.8333334 3.18883e-5 0.6197673 -3.65136e-7 0.8940708 0.3822736 0.6666667 0.2867506 0.5 3.18883e-5 0.6197673 0.2879632 0.1666666 0.4642308 0 0.1909567 0 0.2867506 0.5 0.4898139 0.3333334 0.216538 0.3333334 0.6649413 0.1666666 0.4642308 0 0.2879632 0.1666666 0.3822736 0.6666667 0.6130475 0.4234011 0.2867506 0.5 0.6649413 0.1666666 0.6676076 0 0.4642308 0 0.6673429 0.6666667 0.6130475 0.4234011 0.3822736 0.6666667 0.6673429 0.6666667 0.8335754 0.5 0.6921543 0.3989696 0.8335754 0.5 0.8349822 0.3333333 0.6921543 0.3989696 0.6682367 0.8333334 0.8378993 0.7440627 0.6673429 0.6666667 0.8349822 0.3333333 1 0.2732009 0.8381432 0.1666666 1.000001 0.5386492 1 0.2732009 0.8349822 0.3333333 -5.40482e-4 0.2216852 0.5013477 0 0 0 0.5013477 1 0.5019723 0.8333334 -1.04366e-6 0.8722708 0.5019723 0.8333334 4.38055e-4 0.5608131 -1.04366e-6 0.8722708 4.38055e-4 0.5608131 1.000001 0.445039 0.5016402 0.4037506 1 1 1.000001 0.7944138 0.5013477 1 1 0.0605005 0.5013477 0 -5.40482e-4 0.2216852 0.1349489 0.9243155 -3.81541e-5 0.6115053 -4.90447e-7 0.961172 6.30367e-5 0.2724785 0.1429415 0 -6.39408e-7 0 0.1424358 0.5 0.1413282 0.3333333 6.30367e-5 0.2724785 0.2895159 0.5592609 0.1424358 0.5 -3.81541e-5 0.6115053 0.4520852 0.3333333 0.429229 0.1666666 0.3639733 0.2906554 0.5953077 0.8333334 0.4290951 0.6666667 0.44952 0.9338955 0.5741857 1 0.5953077 0.8333334 0.44952 0.9338955 0.4520852 0.3333333 0.564104 0.2592027 0.429229 0.1666666 0.5791818 0.5628026 0.4291566 0.5 0.4290951 0.6666667 0.7886223 0.4376123 0.7141171 0.2539955 0.5791818 0.5628026 0.5953077 0.8333334 0.8290867 0.6666667 0.5791818 0.5628026 0.8346397 0.8333333 0.8290867 0.6666667 0.5953077 0.8333334 0.870184 0.1666666 0.8161901 0 0.7141171 0.2539955 0.8290867 0.6666667 0.8744348 0.5 0.7886223 0.4376123 1.000001 0.3887202 0.870184 0.1666666 0.7886223 0.4376123 0.8346397 0.8333333 1.000001 0.7274283 0.8290867 0.6666667 1.000001 1 1.000001 0.7274283 0.8346397 0.8333333 1.000001 0.7274283 1.000001 0.3887202 0.8744348 0.5 3.51907e-5 0.5 0.3989877 0.4773979 1.43991e-4 0.2056921 0.4232676 0.2519258 1.43991e-4 0.2056921 0.3989877 0.4773979 0.4808451 1 0.4453202 0.7733648 0.2458126 0.7426 0.5381601 0.4136448 0.4232676 0.2519258 0.3989877 0.4773979 0.7488914 1 0.5473996 0.7353059 0.4808451 1 0.743542 0.2968742 0.7488914 0 0.5397017 0.1666666 0.7560438 0.8333333 0.7488659 0.6336104 0.5473996 0.7353059 1.000004 1 1.000002 0.722176 0.7560438 0.8333333 0.3258692 0.08566766 -1.0117e-5 0 -2.85859e-6 0.2946628 0.3253586 1 0.3270685 0.8333333 -6.73151e-6 0.9442275 0.3101853 0.3333333 0.3258692 0.08566766 -2.85859e-6 0.2946628 0.3252396 0.5750444 0.3101853 0.3333333 -2.85859e-6 0.2946628 0.3270685 0.8333333 0.3252396 0.5750444 -2.01524e-6 0.605829 0.3270685 0.8333333 0.6079378 0.5787574 0.3252396 0.5750444 0.6076187 1 0.6982751 0.8333334 0.3270685 0.8333333 0.7718095 1 0.6982751 0.8333334 0.6076187 1 0.6741032 0.3333333 0.7708732 0.09930533 0.6075447 0.07824575 1.000025 1 0.6982751 0.8333334 0.7718095 1 0.7705516 0.5678384 1 0.4433671 0.6741032 0.3333333 1.000022 0.703301 1 0.4433671 0.7705516 0.5678384 -1.09573e-5 0.222769 0.501903 0.07731777 0 0 0.5016426 1 0.5022401 0.8333334 -3.97141e-6 0.8716698 0.5016644 0.3333334 0.501903 0.07731777 -1.09573e-5 0.222769 0.501883 0.5918768 0.5016644 0.3333334 -5.17258e-6 0.5608516 0.5022401 0.8333334 0.501883 0.5918768 -3.97141e-6 0.8716698 1.000005 0.5609614 1.000011 0.2227419 0.5016644 0.3333334 1.000005 0.8715379 1.000005 0.5609614 0.501883 0.5918768 1 0.5759078 0 0.4211149 -1.58156e-7 0.7499989 9.73087e-5 0.1666666 0.18739 0 0 0 0.18739 1 0.2033215 0.7494296 -1.53802e-6 0.7849907 0.3393851 0.2367962 0.18739 0 9.73087e-5 0.1666666 0.3424333 0.9133515 0.2033215 0.7494296 0.18739 1 0.3693733 0.7086618 0.413302 0.4298611 0.197489 0.4024735 0.4337769 0.07279938 0.3412677 0 0.3393851 0.2367962 0.4324916 1 0.4568161 0.7568734 0.3693733 0.7086618 0.4568161 0.7568734 0.413302 0.4298611 0.3693733 0.7086618 0.4324916 1 0.599049 0.9047423 0.4568161 0.7568734 0.6361719 0.3201701 0.7950691 0 0.6007605 0.1666666 0.8306912 0.5874949 0.9998881 0.3885067 0.6361719 0.3201701 0.001446962 0.5555214 0.5683544 0.3333333 2.32998e-4 0.2054995 0.5683984 0.8333333 0.001446962 0.5555214 4.24739e-4 0.8942726 0.6781223 1 0.5683984 0.8333333 4.24739e-4 0.8942726 0.6722151 0.06820327 4.25288e-4 0 2.32998e-4 0.2054995 0.5683544 0.3333333 0.6722151 0.06820327 2.32998e-4 0.2054995 0.6781223 1 1.000002 0.8942656 0.5683984 0.8333333 1.000004 0.5556861 0.5683544 0.3333333 0.5782015 0.5 1.000002 0.204997 1 0 0.6722151 0.06820327 1.000002 0.8942656 1.000004 0.5556861 0.6792826 0.6666667 -5.76242e-6 0.2219974 0.5014467 0 0 0 0.5014467 1 0.5020584 0.8333334 -1.86606e-6 0.8720903 0.5014959 0.3333333 0.5114023 0.1666666 -5.76242e-6 0.2219974 0.502021 0.5 0.5014959 0.3333333 -2.3989e-6 0.5607643 0.5020584 0.8333334 0.5013955 0.6666668 -1.86606e-6 0.8720903 0.5013955 0.6666668 1.000003 0.4447353 0.502021 0.5 1 1 1.000002 0.7946332 0.5014467 1 1 0.06044459 0.5014467 0 0.5114023 0.1666666 0.1888814 0.8333334 7.83706e-5 0.6666667 -3.72346e-7 0.9610546 0.1917291 1 0.1888814 0.8333334 -3.72346e-7 0.9610546 4.90643e-5 0.1666666 0.1917291 0 -4.85884e-7 0 0.2010898 0.5 0.1859986 0.3333333 -3.21261e-7 0.3882232 0.3536058 0.1666666 0.1917291 0 4.90643e-5 0.1666666 0.1888814 0.8333334 0.418386 0.6666667 7.83706e-5 0.6666667 0.4588072 0.3772528 0.3536058 0.1666666 0.1859986 0.3333333 0.4187351 1 0.5471048 0.8333333 0.1888814 0.8333334 0.5471048 0.8333333 0.418386 0.6666667 0.1888814 0.8333334 0.6571156 1 0.5471048 0.8333333 0.4187351 1 0.3536058 0.1666666 0.6511526 0.05742621 0.4187351 0 0.4588072 0.3772528 0.6511526 0.05742621 0.3536058 0.1666666 0.5471048 0.8333333 0.6605401 0.5564286 0.418386 0.6666667 0.8019995 0.4964411 0.6511526 0.05742621 0.4588072 0.3772528 0.6605401 0.5564286 0.8019995 0.4964411 0.4588072 0.3772528 0.8384233 0.3333333 0.7982998 0.03136515 0.8019995 0.4964411 0.8856871 0.9303067 0.8037127 0.8333334 0.8025425 1 0.8630577 0.1666666 0.885096 0 0.7982998 0.03136515 0.8856871 0.9303067 0.8382028 0.6666668 0.8037127 0.8333334 0.8384233 0.3333333 1.000019 0.2289936 0.8630577 0.1666666 1.000025 0.8964168 0.8382028 0.6666668 0.8856871 0.9303067 1.000019 0.2289936 1 0 0.885096 0 1.000011 0.5346847 1.000019 0.2289936 0.8384233 0.3333333 -5.80611e-6 0.2219799 0.5014426 0 0 0 0.5014426 1 0.5020599 0.8333333 -2.18899e-6 0.8721233 0.5014983 0.3333333 0.5114356 0.1666666 -5.80611e-6 0.2219799 0.5020156 0.5 0.5014983 0.3333333 -2.22133e-6 0.5607395 0.5020599 0.8333333 0.5013974 0.6666667 -2.18899e-6 0.8721233 0.5013974 0.6666667 1.000002 0.4447914 0.5020156 0.5 1 1 1.000002 0.7946051 0.5014426 1 1 0.06043511 0.5014426 0 0.5114356 0.1666666 0.9999997 0.2500004 -4.35837e-7 0.1666666 -4.35837e-7 0.4166666 0.9999998 0.7500006 -4.35837e-7 0.6666667 -2.17917e-7 0.9166662 0 1 0.07989412 1 -9.80233e-6 0.8333333 0 0.3333333 0.06855404 0.3333333 -1.26166e-5 0.1666666 -2.08929e-5 0.5 0.06855404 0.3333333 0 0.3333333 -9.80233e-6 0.8333333 0.06948912 0.6666668 0 0.6666667 -1.26166e-5 0.1666666 0.06770253 0.1666666 0.07989412 0 0.06948912 0.6666668 0.06777989 0.5 -2.08929e-5 0.5 0.06770253 0.1666666 0.1 0.1666666 0.07989412 0 0.06855404 0.3333333 0.1 0.5 0.1 0.3333333 0.06948912 0.6666668 0.1 0.5 0.06777989 0.5 0.06948912 0.6666668 0.1 0.8333333 0.1 0.6666667 0.1 0.8333333 0.13148 1 0.1321631 0.8333333 0.1 0.1666666 0.13148 0 0.07989412 0 0.1 0.1666666 0.1298643 0.3333333 0.1328112 0.1666666 0.1298643 0.3333333 0.1 0.5 0.1326405 0.5 0.1 0.5 0.1313108 0.6666667 0.1326405 0.5 0.1313108 0.6666667 0.1 0.8333333 0.1321631 0.8333333 0.1328112 0.1666666 0.2885312 0.3333333 0.2851198 0.1666666 0.13148 1 0.2060548 0.8333333 0.1321631 0.8333333 0.1298643 0.3333333 0.2008558 0.5 0.2885312 0.3333333 0.444038 0 0.3919393 0.1666666 0.4523539 0.1666666 0.1321631 0.8333333 0.2060548 0.8333333 0.1313108 0.6666667 0.2851198 0.1666666 0.2048487 0 0.13148 0 0.1313108 0.6666667 0.2108329 0.6666667 0.2008558 0.5 0.2048487 1 0.3828164 0.8333332 0.2060548 0.8333333 0.2060548 0.8333333 0.3828164 0.8333332 0.2108329 0.6666667 0.2048487 1 0.3741437 1 0.3828164 0.8333332 0.2851198 0.1666666 0.3741437 0 0.2048487 0 0.2108329 0.6666667 0.3553756 0.6666666 0.2008558 0.5 0.3828164 0.8333332 0.3553756 0.6666666 0.2108329 0.6666667 0.2008558 0.5 0.3950061 0.5 0.2885312 0.3333333 0.2851198 0.1666666 0.3919393 0.1666666 0.3741437 0 0.2885312 0.3333333 0.3919393 0.1666666 0.2851198 0.1666666 0.3553756 0.6666666 0.4472689 0.6666667 0.3950061 0.5 0.3828164 0.8333332 0.4472689 0.6666667 0.3553756 0.6666666 0.3741437 1 0.444038 1 0.3828164 0.8333332 0.4523539 0.1666666 0.6553059 0 0.444038 0 0.4205008 0.3333334 0.4523539 0.1666666 0.3919393 0.1666666 0.444038 1 0.5523542 0.8333333 0.3828164 0.8333332 0.4523539 0.1666666 0.6813131 0.3333333 0.6565655 0.1666666 0.679622 0.6666667 0.764609 0.5 0.6930042 0.5 0.4472689 0.6666667 0.679622 0.6666667 0.6245453 0.5 0.6553059 1 0.7025189 0.8333334 0.5523542 0.8333333 0.6245453 0.5 0.6930042 0.5 0.6813131 0.3333333 0.679622 0.6666667 0.6930042 0.5 0.6245453 0.5 0.6553059 1 0.7423301 1 0.7025189 0.8333334 0.6565655 0.1666666 0.7423301 0 0.6553059 0 0.6930042 0.5 0.764609 0.5 0.6813131 0.3333333 0.7905178 0.8333334 0.8507763 1 0.8712102 0.8333333 0.7025189 0.8333334 0.785184 0.6666668 0.679622 0.6666667 0.6813131 0.3333333 0.7894354 0.3333333 0.7392501 0.1666666 0.7025189 0.8333334 0.7905178 0.8333334 0.785184 0.6666668 0.764609 0.5 0.8330829 0.5 0.7894354 0.3333333 0.8712102 0.8333333 1.000001 1 1.000001 0.8333333 0.8152067 0.1666666 0.8507763 0 0.7423301 0 0.7905178 0.8333334 0.8712102 0.8333333 0.785184 0.6666668 0.8712102 0.8333333 0.8988958 0.6666667 0.785184 0.6666668 0.8152067 0.1666666 1.000001 0.1666666 0.8507763 0 0.8988958 0.6666667 1 0.5 0.8330829 0.5 0.8330829 0.5 1 0.5 0.9999968 0.3333333 0.8988958 0.6666667 1.000001 0.8333333 1 0.6666667 0 0.1666666 0.111912 0.3333333 0.1090039 0.1666666 0 0.1666666 0.108398 0 0 0 0 0.6666667 0.1218785 0.6666667 0 0.5 0 0.8333333 0.1218785 0.6666667 0 0.6666667 0.108398 1 0.1129526 0.8333333 0 0.8333333 0.111912 0.3333333 0 0.5 0.1154817 0.5 0.3327522 0.3333333 0.1154817 0.5 0.3097817 0.5 0.108398 1 0.3172566 0.8333333 0.1129526 0.8333333 0.111912 0.3333333 0.3327522 0.3333333 0.1090039 0.1666666 0.3097817 0.5 0.3766534 0.6666667 0.4093078 0.5 0.1218785 0.6666667 0.3097817 0.5 0.1154817 0.5 0.1090039 0.1666666 0.2763947 0.1666666 0.108398 0 0.3327522 0.3333333 0.2763947 0.1666666 0.1090039 0.1666666 0.108398 1 0.3300303 1 0.3172566 0.8333333 0.2763947 0.1666666 0.3665475 0.1666666 0.3300303 0 0.3097817 0.5 0.4093078 0.5 0.3327522 0.3333333 0.3172566 0.8333333 0.3766534 0.6666667 0.3149479 0.6666667 0.5559562 0.1666666 0.6316903 0.3333333 0.6318048 0.1666666 0.4093078 0.5 0.4429871 0.3333334 0.3327522 0.3333333 0.3300303 1 0.5649025 0.8333334 0.382942 0.8333333 0.4093078 0.5 0.5661445 0.5 0.4429871 0.3333334 0.5649025 0.8333334 0.5677602 0.6666667 0.446834 0.6666667 0.5559562 0.1666666 0.6318048 0.1666666 0.5670269 0 0.6315555 0.8333333 0.5670269 1 0.6330926 1 0.5661445 0.5 0.6316903 0.3333333 0.4429871 0.3333334 0.6326122 0.5 0.5677602 0.6666667 0.63341 0.6666667 0.6318048 0.1666666 0.6330926 0 0.5670269 0 0.5677602 0.6666667 0.6315555 0.8333333 0.63341 0.6666667 0.6315555 0.8333333 0.6666667 1 0.67817 0.8333333 0.6666667 0 0.6318048 0.1666666 0.6781668 0.1666666 0.6318048 0.1666666 0.6780058 0.3333333 0.6781668 0.1666666 0.6326122 0.5 0.6780058 0.3333333 0.6316903 0.3333333 0.63341 0.6666667 0.6780716 0.5 0.6326122 0.5 0.63341 0.6666667 0.67817 0.8333333 0.6781373 0.6666667 0.6944444 1 0.7418465 0.8333333 0.67817 0.8333333 0.6944444 0 0.7305149 0.1666666 0.733888 0 0.7305149 0.1666666 0.6780058 0.3333333 0.7362211 0.3333333 0.7362211 0.3333333 0.6780716 0.5 0.7343024 0.5 0.6780716 0.5 0.7331501 0.6666667 0.7343024 0.5 0.67817 0.8333333 0.7331501 0.6666667 0.6781373 0.6666667 0.7418465 0.8333333 0.8043697 1 0.8019159 0.8333333 0.733888 0 0.7974532 0.1666666 0.8043697 0 0.7362211 0.3333333 0.7974532 0.1666666 0.7305149 0.1666666 0.7362211 0.3333333 0.8142022 0.5 0.8104804 0.3333334 0.8142022 0.5 0.7331501 0.6666667 0.7975742 0.6666667 0.7975742 0.6666667 0.7418465 0.8333333 0.8019159 0.8333333 0.8142022 0.5 0.99977 0.3333333 0.8104804 0.3333334 0.8043697 1 1.000278 0.8333333 0.8019159 0.8333333 0.7974532 0.1666666 0.9998079 0.1666666 0.8043697 0 0.8104804 0.3333334 0.99977 0.3333333 0.9998079 0.1666666 0 1 0.1134369 0.8333334 0 0.8333333 0.7975742 0.6666667 0.9997408 0.5 0.8142022 0.5 0.9998079 0.1666666 1.000026 0 0.8043697 0 0.7975742 0.6666667 1.000023 0.6666667 0.9997408 0.5 0 0.6666667 0.1146435 0.6666667 0 0.5 0 0.8333333 0.1146435 0.6666667 0 0.6666667 0 0 0.1088051 0.1666666 0.1124106 0 0.1088051 0.1666666 0 0.3333333 0.1143349 0.3333333 0 0.3333333 0.1140228 0.5 0.1143349 0.3333333 0.1124106 1 0.3006344 0.8333334 0.1134369 0.8333334 0.1140228 0.5 0.3431676 0.6666667 0.3469706 0.5 0.1140228 0.5 0.3469706 0.5 0.1143349 0.3333333 0.1146435 0.6666667 0.3006344 0.8333334 0.3431676 0.6666667 0.6391637 0.8333333 0.8566567 1 0.8729856 0.8333333 0.3154928 0.3333333 0.3340672 0.1666666 0.1088051 0.1666666 0.3154928 0.3333333 0.3796854 0.3333334 0.3340672 0.1666666 0.3469706 0.5 0.3796854 0.3333334 0.3154928 0.3333333 0.3050189 1 0.5615196 1 0.3006344 0.8333334 0.3340672 0.1666666 0.5615196 0 0.3050189 0 0.3340672 0.1666666 0.5289076 0.1666666 0.5615196 0 0.3796854 0.3333334 0.5289076 0.1666666 0.3340672 0.1666666 0.3796854 0.3333334 0.5737164 0.3333333 0.5289076 0.1666666 0.3469706 0.5 0.5737164 0.3333333 0.3796854 0.3333334 0.3006344 0.8333334 0.5343714 0.8333334 0.3431676 0.6666667 0.3469706 0.5 0.5613589 0.5 0.5737164 0.3333333 0.3431676 0.6666667 0.5694119 0.6666667 0.5613589 0.5 0.5343714 0.8333334 0.5694119 0.6666667 0.3431676 0.6666667 0.5615196 1 0.6391637 0.8333333 0.5343714 0.8333334 0.6705307 0.6666667 0.6701127 0.5 0.5613589 0.5 0.6701127 0.5 0.8508419 0.6666667 0.8764114 0.5 0.5289076 0.1666666 0.8566567 0 0.5615196 0 0.6391637 0.8333333 0.8729856 0.8333333 0.6705307 0.6666667 0.8725204 0.3333334 0.8777152 0.1666666 0.5289076 0.1666666 0.6701127 0.5 0.8764114 0.5 0.8725204 0.3333334 0.8729856 0.8333333 1 1 1 0.8333333 0 1 0.112079 0.8333333 0 0.8333333 0.8777152 0.1666666 1 0 0.8566567 0 0.8764114 0.5 1 0.5 0.8725204 0.3333334 0.8729856 0.8333333 1 0.8333333 0.9999984 0.6666667 0 0.5 0.1130703 0.5 0 0.3333333 0 0.6666667 0.1130703 0.5 0 0.5 0 0 0.1134994 0.1666666 0.1914892 0 0 0.1666666 0.1137884 0.3333334 0.1134994 0.1666666 0 0.8333333 0.112776 0.6666668 0 0.6666667 0.1134994 0.1666666 0.3420894 0.3333333 0.3007946 0.1666666 0.1914892 1 0.325349 0.8333333 0.112079 0.8333333 0.1137884 0.3333334 0.284779 0.5 0.3420894 0.3333333 0.284779 0.5 0.112776 0.6666668 0.3150942 0.6666667 0.112079 0.8333333 0.3150942 0.6666667 0.112776 0.6666668 0.324521 0 0.3720528 0.1666666 0.401978 0 0.1914892 1 0.324521 1 0.325349 0.8333333 0.3007946 0.1666666 0.324521 0 0.1914892 0 0.284779 0.5 0.3748788 0.5 0.3420894 0.3333333 0.3150942 0.6666667 0.3748788 0.5 0.284779 0.5 0.324521 1 0.401978 1 0.325349 0.8333333 0.4694707 0.3333333 0.7306612 0.5 0.7499651 0.3333333 0.3420894 0.3333333 0.3720528 0.1666666 0.3007946 0.1666666 0.401978 1 0.4712796 0.8333334 0.325349 0.8333333 0.325349 0.8333333 0.4712796 0.8333334 0.3150942 0.6666667 0.3720528 0.1666666 0.5040079 0.1666666 0.401978 0 0.3748788 0.5 0.4659203 0.5 0.3420894 0.3333333 0.3150942 0.6666667 0.4659203 0.5 0.3748788 0.5 0.3420894 0.3333333 0.4694707 0.3333333 0.5040079 0.1666666 0.4712796 0.8333334 0.6885226 0.6666666 0.3150942 0.6666667 0.4694707 0.3333333 0.7499651 0.3333333 0.5040079 0.1666666 0.6973168 0.8333334 1.000322 1 1.000278 0.8333333 0.6885226 0.6666666 0.7306612 0.5 0.4659203 0.5 0.6719079 1 0.6973168 0.8333334 0.4712796 0.8333334 0.5040079 0.1666666 1.000488 0.1666666 0.6719079 0 0.7306612 0.5 0.9999585 0.6666667 0.9999457 0.5 0.7306612 0.5 0.9999457 0.5 0.7499651 0.3333333 0 1 0.1108071 0.8333334 0 0.8333334 1.000278 0.8333333 0.9999585 0.6666667 0.6885226 0.6666666 0.9999457 0.5 1.000012 0.3333333 0.7499651 0.3333333 0 0.5 0.1154639 0.5 0 0.3333333 0 0.6666667 0.1154639 0.5 0 0.5 0.1114333 0 0 0.1666666 0.1723881 0.1666666 0 0.1666666 0.1721457 0.3333333 0.1723881 0.1666666 0 0.6666667 0.1108071 0.8333334 0.1137473 0.6666667 0.1154639 0.5 0.3014801 0.6666666 0.32058 0.5 0.1114333 1 0.2970225 0.8333333 0.1108071 0.8333334 0.1723881 0.1666666 0.3343015 0 0.1114333 0 0.1154639 0.5 0.32058 0.5 0.1721457 0.3333333 0.1723881 0.1666666 0.324246 0.3333333 0.3428499 0.1666666 0.2970225 0.8333333 0.3014801 0.6666666 0.1137473 0.6666667 0.1723881 0.1666666 0.3428499 0.1666666 0.3343015 0 0.7959439 0.1666666 1.000007 0.3333333 1.000005 0.1666666 0.32058 0.5 0.324246 0.3333333 0.1721457 0.3333333 0.2970225 0.8333333 0.3723254 0.8333333 0.3014801 0.6666666 0.324246 0.3333333 0.4216176 0.3333333 0.3428499 0.1666666 0.32058 0.5 0.4216176 0.3333333 0.324246 0.3333333 0.32058 0.5 0.3986408 0.5 0.4216176 0.3333333 0.3014801 0.6666666 0.5090184 0.6666668 0.3986408 0.5 0.3723254 0.8333333 0.5090184 0.6666668 0.3014801 0.6666666 0.3343015 1 0.7701298 1 0.3723254 0.8333333 0.5090184 0.6666668 0.753404 0.5 0.3986408 0.5 0.7701298 1 0.7800972 0.8333333 0.3723254 0.8333333 0.5090184 0.6666668 0.782469 0.6666666 0.753404 0.5 0.753404 0.5 0.8233228 0.5 0.7817261 0.3333333 0.782469 0.6666666 0.8233228 0.5 0.753404 0.5 0.7800972 0.8333333 0.999816 0.8333333 0.782469 0.6666666 0.7701298 1 0.9999927 1 0.999816 0.8333333 0.7959439 0.1666666 0.9999927 0 0.7701298 0 0.999816 0.8333333 0.9999523 0.6666667 0.782469 0.6666666 0.7959439 0.1666666 1.000005 0.1666666 0.9999927 0 0.8233228 0.5 1.000007 0.3333333 0.7817261 0.3333333 0.4699321 0.6995272 0.5416667 0.2892187 0.4792938 0.3615341 0.9999523 0.6666667 1.000008 0.5 0.8233228 0.5 2.02212e-5 0.2511309 0.3417009 0.06900435 3.34799e-5 0 0.3881368 0.4235934 0.3417009 0.06900435 2.02212e-5 0.2511309 -3.52472e-5 0.5 0.3881368 0.4235934 2.02212e-5 0.2511309 0.3881368 0.4235934 0.4505649 0 0.3417009 0.06900435 0.341623 0.8204327 0.4699321 0.6995272 0.3881368 0.4235934 0.4505649 0.9157642 0.4699321 0.6995272 0.341623 0.8204327 0.5 1 0.4699321 0.6995272 0.4505649 0.9157642 0.5 0.08297866 0.5416667 0.2892187 0.5416667 0 0.6691641 0.6119021 0.3950465 0.8879727 0.6614206 0.9306338 0.4699321 0.6995272 0.5539633 0.891526 0.5514875 0.6421112 0.5514875 0.6421112 0.5933576 0.1057509 0.5416667 0.2892187 0.5833333 1 0.6528841 0.9882906 0.5539633 0.891526 0.5539633 0.891526 0.6528841 0.9882906 0.6574787 0.6161634 0.5933576 0.1057509 0.6574787 0.6161634 0.7941656 0.08294475 0.6528841 0.9882906 0.7716232 0.7304053 0.6574787 0.6161634 0.7716232 0.7304053 0.999771 0.5001243 0.6574787 0.6161634 0.6528841 0.9882906 0.8542913 1 0.7716232 0.7304053 0.6574787 0.6161634 0.999771 0.5001243 0.7941656 0.08294475 0.8542913 1 1 0.8963757 0.7716232 0.7304053 0.9999948 0.2274073 1 0 0.7941656 0.08294475 6.80768e-6 0.9170386 0.3254879 0.6666667 -4.0947e-7 0.5545154 -4.0947e-7 0.5545154 0.3320311 0.5 0.3324465 0.2634189 0.2905566 0.9348317 0.3950465 0.8879727 0.3254879 0.6666667 0.3254879 0.6666667 0.5594212 0.4697293 0.3320311 0.5 0.3254879 0.6666667 0.6691641 0.6119021 0.5594212 0.4697293 0.4092366 0 0.6671736 0.2478641 0.6592766 0 0.6153849 0.5657157 0.6666667 0.08287477 0.6142717 0.1884559 0.6671736 0.2478641 0.8356667 0.06822401 0.6592766 0 0.8288325 1 0.9998157 0.771186 0.6614206 0.9306338 0.6691641 0.6119021 0.9994931 0.3893466 0.6671736 0.2478641 0.6671736 0.2478641 0.9994931 0.3893466 0.8356667 0.06822401 0.6691641 0.6119021 0.9998157 0.771186 0.9994931 0.3893466 0.8288325 1 1 1 0.9998157 0.771186 0.9994931 0.3893466 1 0.03897231 0.8356667 0.06822401 1.24655e-5 0.3333333 0.3317202 0.1531096 1.27814e-5 0.1092171 1.03772e-5 0.5708652 0.3818795 0.5620706 1.24655e-5 0.3333333 1.24655e-5 0.3333333 0.4380862 0.3333333 0.3317202 0.1531096 0.3818795 0.5620706 0.744269 0.4285269 0.4380862 0.3333333 0.3317202 0.1531096 0.744269 0.4285269 0.4923471 0 0.4903988 0.9803682 0.9999821 0.8723116 0.3818795 0.5620706 0.9999821 0.8723116 0.9999807 0.5439457 0.3818795 0.5620706 0.3185455 1.049101 0.2831505 0.8097079 1.05217e-5 0.9196434 3.30041e-6 0.250546 0.3041556 0.4499674 0.3184414 0.1097078 1.39468e-5 0.5823368 0.2831505 0.8097079 0.3041556 0.4499674 0.2831505 0.8097079 0.3185455 1.049101 0.4393095 0.583739 0.3041556 0.4499674 0.4393095 0.583739 0.3828655 0.2438028 0.608617 0.9238802 0.5160354 0.7643801 0.3185455 1.049101 0.3828655 0.2438028 0.4393095 0.583739 0.6086319 0.007052838 0.5160354 0.7643801 0.6153849 0.5657157 0.4393095 0.583739 0.6153849 0.5657157 0.6142717 0.1884559 0.4393095 0.583739 0.5160354 0.7643801 0.608617 0.9238802 0.6153849 0.5657157 0.608617 0.9238802 0.6666667 1 0.6666667 0.7502766 0.9998843 -2.24864e-5 0.7197132 0.5759156 0.9994343 0.2624352 0.6666667 0.7502766 0.6963415 0.257144 0.6153849 0.5657157 0.6963415 0.257144 0.7166024 0 0.6666667 0.08287477 0.7166025 0.9172824 0.7197132 0.5759156 0.6666667 0.7502766 0.9998835 0.9014644 0.9996958 0.6667397 0.7166025 0.9172824 0.2675809 0.8528566 0.3629313 0.5750975 0.27455 0.5319345 0.7197132 0.5759156 0.9996958 0.6667397 0.9994343 0.2624352 1.38258e-4 0.7787159 0.1723882 0.6666667 1.96697e-5 0.5 0.1723882 0.6666667 0.27455 0.5319345 1.96697e-5 0.5 0.2675809 0.8528566 0.27455 0.5319345 0.1723882 0.6666667 0.3638132 0 0.5196088 0.3081321 0.5232431 0 0.5196088 0.3081321 0.3629313 0.5750975 0.5626925 0.6511639 0.3629313 0.5750975 0.528428 0.8941435 0.5626925 0.6511639 0.4930526 0.598733 0.4206687 1 0.4920503 0.8727772 0.7854071 0.231385 0.8010598 0 0.5232431 0 0.5626925 0.6511639 0.9998295 0.5556477 0.7854071 0.231385 0.7835915 0.8715187 0.9998295 0.5556477 0.5626925 0.6511639 0.7835915 0.8715187 1 0.8771563 0.9998295 0.5556477 0.7854071 0.231385 1 0.2054782 0.8010598 0 0.9998295 0.5556477 1 0.2054782 0.7854071 0.231385 1.36855e-5 1 0.4930526 0.598733 1.25547e-5 0.604897 0.4930526 0.598733 0.4571923 0.4137974 1.25547e-5 0.604897 0.325472 0.6666667 0.6755734 0.4536675 0.3284814 0.3290283 1.63507e-5 0.3333334 0.4571923 0.4137974 0.3950644 0.08864253 0.3950644 0.08864253 0.4571923 0.4137974 0.5309055 0 0.4920503 0.8727772 0.672522 1 0.6690429 0.780189 0.6690429 0.780189 0.7986547 0.7862733 0.769519 0.4197605 0.8262864 1 1.000035 0.9337773 0.7986547 0.7862733 0.769519 0.4197605 1.000013 0.3000015 0.7625575 0.0655927 0.7625575 0.0655927 1.000013 0.3000015 1.000057 0 1.39881e-5 0.8947432 0.2202435 0.6218556 -3.79602e-7 0.5559732 1.39881e-5 0.8947432 0.3993272 0.7873304 0.2202435 0.6218556 1.39881e-5 0.8947432 0.6484548 0.9696654 0.3993272 0.7873304 0.3549289 0.292294 0.6398443 0.03396421 1.50573e-5 0 0.2202435 0.6218556 0.3993272 0.7873304 0.3549289 0.292294 0.3993272 0.7873304 0.7393689 0.7763891 0.3549289 0.292294 0.6484548 0.9696654 0.7393689 0.7763891 0.3993272 0.7873304 0.7393689 0.7763891 0.7549574 0.5309948 0.3549289 0.292294 0.7549574 0.5309948 1 0.1300353 0.6398443 0.03396421 0.6484548 0.9696654 1 1 1 0.7730612 1 0.7730612 1 0.393952 0.7549574 0.5309948 0.2537975 0.9037213 0.2292709 0.6602438 0 0.9083262 -3.0983e-5 0.2607522 0.2260838 0.02862972 0 0 0 0.9083262 0.2292709 0.6602438 7.7746e-4 0.5673919 7.7746e-4 0.5673919 0.2260838 0.02862972 -3.0983e-5 0.2607522 7.7746e-4 0.5673919 0.2292709 0.6602438 0.2966709 0.1466351 0.2292709 0.6602438 0.475174 0.1339762 0.2966709 0.1466351 0.2537975 0.9037213 0.475174 0.1339762 0.2292709 0.6602438 0.3332185 0.9833525 0.5003642 0.3994539 0.2537975 0.9037213 0.5625 1 0.6710655 0.9890674 0.3332185 0.9833525 0.5003642 0.3994539 0.6760792 0.4254398 0.475174 0.1339762 0.3332185 0.9833525 0.6710655 0.9890674 0.5003642 0.3994539 0.5003642 0.3994539 0.6758429 0.8285396 0.6760792 0.4254398 0.75 0.2497051 0.75 0 0.6751652 0.08199959 0.6760792 0.4254398 0.75 0.6057714 0.75 0.2497051 0.6758429 0.8285396 0.75 0.9173802 0.75 0.6057714 0.75 0.2497051 0.82969 0.3333333 0.8268921 0.08204293 0.8268041 0.5820199 0.82969 0.3333333 0.75 0.2497051 0.8268921 0.9079452 0.8268041 0.5820199 0.75 0.6057714 0.82969 0.3333333 1.000019 0.2567965 0.8268921 0.08204293 0.8268041 0.5820199 1.000019 0.2567965 0.82969 0.3333333 0.8268921 0.08204293 1.000019 0.2567965 1 0 1 0.9080018 1 0.571184 0.8268041 0.5820199 -4.14682e-5 0.2348157 0.3251406 0 0 0 -2.1286e-5 0.5339152 0.3284814 0.3290283 -4.14682e-5 0.2348157 -1.56359e-5 0.8905738 0.3241279 0.9218747 0.325472 0.6666667 0.6645019 1 0.9992496 0.7705033 0.3241279 0.9218747 0.3284814 0.3290283 0.6755734 0.4536675 0.6761716 0.1083944 0.6954199 0.3333333 0.34641 0.5 0.7080699 0.5 0.6645019 1 1 1 0.9992496 0.7705033 1.000003 0.3896203 1 0.03880512 0.6761716 0.1083944 0 0.5 0.34641 0.5 0 0.3333333 -8.73703e-7 0.6666667 0.34641 0.5 0 0.5 0 0.3333333 0.3430839 0.3333333 2.5548e-5 0.1666666 1.08159e-5 0.8333334 0.3638294 0.6666667 -8.73703e-7 0.6666667 1.08159e-5 0.8333334 0.5347422 0.8333333 0.3638294 0.6666667 0.3430839 0.3333333 0.6554886 0.1666666 2.5548e-5 0.1666666 0.6554886 0.1666666 0.6622478 0 0.2541013 0 0.3430839 0.3333333 0.6954199 0.3333333 0.6554886 0.1666666 0.7080699 0.5 0.3638294 0.6666667 0.7122108 0.6666668 0.4105731 0.07490867 0.635378 0.4144149 0.6424912 0.1012411 0.5347422 0.8333333 0.7122108 0.6666668 0.3638294 0.6666667 0.6622478 1 1 1 0.9999569 0.8333333 0.6554886 0.1666666 1 0.03950917 0.6622478 0 0.7080699 0.5 1.000003 0.3333333 0.6954199 0.3333333 1.000003 0.3333333 1 0.03950917 0.6554886 0.1666666 -3.83483e-7 1 0.5526823 0.8310969 -1.68805e-7 0.7290198 -1.68805e-7 0.7290198 0.5446298 0.5561044 2.29819e-6 0.3894062 0.5526823 0.8310969 0.5446298 0.5561044 -1.68805e-7 0.7290198 0.5446298 0.5561044 0.5931962 0.2965658 2.29819e-6 0.3894062 0.5446298 0.5561044 0.7337669 0.528984 0.5931962 0.2965658 0.7413244 0.8868924 0.7337669 0.528984 0.5446298 0.5561044 0.7337669 0.528984 0.9995395 0.3409427 0.5931962 0.2965658 0.9995395 0.3409427 1.00003 0 0.7242453 0 0.7413244 0.8868924 1.000051 0.7285659 0.7337669 0.528984 0 0.3939151 0.2222639 0.3299472 -2.60357e-7 0.08352321 0 0.7499918 0.2283496 0.6042355 0.2222639 0.3299472 0.2312467 0.9083912 0.2283496 0.6042355 0 0.7499918 0.3333333 0.2272841 0.3333333 0 0.2312467 0 0.3333333 0.5834663 0.3333333 0.2272841 0.2222639 0.3299472 0.2312467 0.9083912 0.3333333 0.9165922 0.3333333 0.5834663 0.3333333 0.2272841 0.4166666 0.2493262 0.4166666 0 0.3333333 0.5834663 0.4166666 0.5 0.4166666 0.2493262 0.4166667 0.9860714 0.4166666 0.5 0.3333333 0.5834663 0.4166666 0.2493262 0.5 0.2515336 0.5 0 0.4166666 0.5 0.5 0.5 0.5 0.2515336 0.5 0.9458556 0.5 0.5 0.4166666 0.5 0.5 0.2515336 0.5833333 0.251464 0.5833333 0 0.5 0.5 0.5833333 0.5 0.5833333 0.251464 0.5833334 0.8877447 0.5833333 0.5 0.5 0.5 0.6666667 1 0.6666667 0.7272624 0.5833334 0.8877447 0.5833333 0.251464 0.6666666 0.4160899 0.6666667 0.08353835 0.6666667 0.7272624 0.6666666 0.4160899 0.5833333 0.5 0.6666667 1 0.75 1 0.75 0.7513016 0.75 0.3840449 0.75 0 0.6666667 0.08353835 0.6666667 0.7272624 0.75 0.7513016 0.75 0.3840449 0.75 1 0.8333333 1 0.8333333 0.7512286 0.8333333 0.4513745 0.8333333 0 0.75 0 0.75 0.7513016 0.8333333 0.7512286 0.8333333 0.4513745 0.8333333 1 0.9166667 1 0.9166667 0.751744 1.000055 0.08014947 0.9166667 0 0.8333333 0 0.8333333 0.7512286 0.9166667 0.751744 1.000055 0.08014947 0.9166667 1 1 1 1 0.7632113 0.9166667 0.751744 1 0.7632113 1 0.423033 -1.14452e-6 0.205772 1.000105 0.09056484 0 0 -8.41827e-7 0.8945775 0.5116817 0.5666479 -3.63676e-7 0.5547307 1.000105 0.9383007 0.9981235 0.6673104 -8.41827e-7 0.8945775 -3.63676e-7 0.5547307 0.5116817 0.5666479 1.000276 0.3951684 0.9981235 0.6673104 1.000276 0.3951684 0.5116817 0.5666479 -6.49513e-5 0.4318378 0.4033029 0.3333333 -3.42927e-5 0.1335477 -3.35704e-5 0.7744756 0.4071199 0.6994225 -6.49513e-5 0.4318378 0.4021112 1 0.4071199 0.6994225 -3.35704e-5 0.7744756 -6.49513e-5 0.4318378 0.4071199 0.6994225 0.4033029 0.3333333 0.1306023 0.5 0.07859688 0.6666667 0.1318935 0.6666667 0.6447208 0.6799155 0.635378 0.4144149 0.4071199 0.6994225 0.4071199 0.6994225 0.6555312 0.9272479 0.6447208 0.6799155 0.6447208 0.6799155 1.000035 0.5864199 0.635378 0.4144149 0.6447208 0.6799155 0.6555312 0.9272479 1.000035 0.5864199 0.6555312 0.9272479 1 0.9356918 1.000035 0.5864199 -1.50901e-6 0.2722756 1.000193 0.3890743 2.10202e-4 0 2.10599e-4 0.961236 1 1 0.9992594 0.77142 1.000193 0.3890743 1 0.03873026 2.10202e-4 0 0 1 0.9999535 1 -2.03942e-7 0.7724856 -2.03942e-7 0.7724856 0.9999993 0.7720698 -2.20832e-7 0.4617615 0.9999993 0.7720698 1 0.4624663 -1.38281e-5 0.1111468 -1.38281e-5 0.1111468 1 0.4624663 0.9999538 0.1101081 -4.43504e-7 0.2712506 0.4891845 0.2400099 -4.78283e-7 0 -8.39397e-7 0.6092944 0.5179989 0.4732786 -4.43504e-7 0.2712506 0.4800969 1 1 0.9639995 0.4959502 0.8256943 0.4959502 0.8256943 1 0.9639995 1.000001 0.608879 0.5867367 1 3.7709e-4 0.3911426 8.39553e-6 0.7283678 0.5867367 1 1.000001 0.9650892 3.7709e-4 0.3911426 3.7709e-4 0.3911426 1.000001 0.9650892 0.9997548 0.6048356 0 0.3996948 0.3416388 0.3106836 -4.40883e-5 0.095577 0 0.7421388 0.3442593 0.6666668 0.3416388 0.3106836 0.3460807 0.9162938 0.3442593 0.6666668 0 0.7421388 0.5 1 0.5 0.7505833 0.3460807 0.9162938 0.3416388 0.3106836 0.5 0.4393485 0.5 0.08292752 0.3442593 0.6666668 0.5 0.7505833 0.5 0.4393485 0.5 0.08292752 0.6598244 0.1666666 0.6543477 0 0.6533477 0.4162497 0.6598244 0.1666666 0.5 0.08292752 0.6543477 0.7662047 0.6533477 0.4162497 0.5 0.4393485 0.6598244 0.1666666 1.000046 0.09319448 0.6543477 0 0.6533477 0.4162497 1.000046 0.09319448 0.6598244 0.1666666 0.6543477 0.7662047 1 1 1 0.7430807 1 0.7430807 1 0.3998236 0.6533477 0.4162497 1 1 0.9999995 0.7499919 0 0.9475918 0.9999999 0.5 1 0.1641365 0 0.3333333 0 0.6060537 0.9999995 0.7499919 0.9999999 0.5 1 0.2501534 1 0 -1.26778e-7 0 0 0.3311187 1 0.5908543 1 0.2501534 1.43437e-7 0.7454264 1 0.9166614 1 0.5908543 0 0.1666666 1 0.2500092 1 0 1 0.5801557 1 0.2500092 0 0.4393877 1 0.9166265 1 0.5801557 0 0.8380649 1 1 0.9999997 0.7484208 0 0.7519914 -2.94666e-7 0.4143139 0.9999998 0.4241594 1 0.08116358 0 0.7519914 0.9999997 0.7484208 0.9999998 0.4241594 0 0.2499902 1 0 0 0 0 0.893928 1 0.5801475 0 0.6060552 -2.21123e-7 0.2498175 1 0.4167607 0.9999997 0.06102716 1 0.6666667 1 0.4167607 0 0.6623889 0 0.6623889 0.9999999 0.9166911 1 0.6666667 0 0.3333333 0.1093322 0.3333333 -1.23592e-5 0.1347942 -1.68044e-5 0.6666668 0.07859688 0.6666667 5.79173e-4 0.5 3.5461e-4 0.8333334 0.07859688 0.6666667 -1.68044e-5 0.6666668 0.1086984 1 0.1307767 0.8333334 3.5461e-4 0.8333334 5.79173e-4 0.5 0.1306023 0.5 0.1093322 0.3333333 0.07859688 0.6666667 0.1307767 0.8333334 0.1318935 0.6666667 0.2280064 0.8333334 0.1086984 1 0.2403287 1 0.2403287 0 0.1130605 0.1666666 0.2332267 0.1666666 0.1093322 0.3333333 0.2332267 0.1666666 0.1130605 0.1666666 0.1318935 0.6666667 0.2280064 0.8333334 0.2508388 0.6666666 0.1306023 0.5 0.2528015 0.3333333 0.1093322 0.3333333 0.9164075 0.551691 1 0.2275845 0.8907735 0.3333334 0.1306023 0.5 0.4569127 0.5 0.2528015 0.3333333 0.2403287 1 0.4249738 0.8333334 0.2280064 0.8333334 0.2332267 0.1666666 0.5288715 0.1666666 0.2403287 0 0.2528015 0.3333333 0.5288715 0.1666666 0.2332267 0.1666666 0.2403287 1 0.5694199 1 0.4249738 0.8333334 0.5288715 0.1666666 0.5694199 0 0.2403287 0 0.2508388 0.6666666 0.5612161 0.6666666 0.4569127 0.5 0.5694199 1 0.6956477 0.8333333 0.4249738 0.8333334 0.4569127 0.5 0.7603375 0.3333333 0.5368589 0.3333333 0.5612161 0.6666666 0.8493512 0.5 0.4569127 0.5 0.6956477 0.8333333 0.8653919 0.6666667 0.5612161 0.6666666 0.5288715 0.1666666 0.8703209 0.1666666 0.5694199 0 0.5694199 1 0.8874108 1 0.6956477 0.8333333 0.8703209 0.1666666 0.8874108 0 0.5694199 0 0.8874108 1 0.8914652 0.8333334 0.6956477 0.8333333 0.7603375 0.3333333 0.8907735 0.3333334 0.8703209 0.1666666 0.8493512 0.5 0.9164075 0.551691 0.8907735 0.3333334 0.8653919 0.6666667 0.9164075 0.551691 0.8493512 0.5 0.8703209 0.1666666 0.9236423 0.1666666 0.8874108 0 0.8907735 0.3333334 0.9236423 0.1666666 0.8703209 0.1666666 0.8874108 1 1.000012 0.9613292 0.8914652 0.8333334 0.9236423 0.1666666 1.000015 0 0.8874108 0 -3.7572e-5 0 0.07858437 0.1666666 0.1119896 0 0.8914652 0.8333334 1.000012 0.9613292 1.000011 0.6074094 -1.47729e-5 0.6666667 0.1115223 0.5 0 0.5 0 0.8333333 0.1098502 0.8333333 -1.47729e-5 0.6666667 -3.7572e-5 1 0.1119896 1 0.1098502 0.8333333 -6.79808e-6 0.3333333 0.07858437 0.1666666 -1.51976e-5 0.1666666 0.1098502 0.8333333 0.2224586 1 0.2207598 0.8333334 0.1115223 0.5 0.09161037 0.3333333 -6.79808e-6 0.3333333 0.07858437 0.1666666 0.1343178 0.1666666 0.1119896 0 0.09161037 0.3333333 0.1343178 0.1666666 0.07858437 0.1666666 0.09161037 0.3333333 0.147095 0.3333333 0.1343178 0.1666666 0.11303 0.6666666 0.2207598 0.8333334 0.2584034 0.6666667 0.1343178 0.1666666 0.2224586 0 0.1119896 0 0.11303 0.6666666 0.2584034 0.6666667 0.1115223 0.5 0.1115223 0.5 0.227321 0.3333333 0.147095 0.3333333 0.2207598 0.8333334 0.3332842 1 0.3341117 0.8333333 0.1343178 0.1666666 0.2978221 0.1666666 0.2224586 0 0.2947382 0.5 0.3535478 0.6666667 0.354523 0.5 0.227321 0.3333333 0.310554 0.3333333 0.2978221 0.1666666 0.2978221 0.1666666 0.3563452 0.1666666 0.3332842 0 0.2947382 0.5 0.354523 0.5 0.310554 0.3333333 0.4311673 0.8333333 0.3332842 1 0.4383056 1 0.3341117 0.8333333 0.3535478 0.6666667 0.2584034 0.6666667 0.4407698 0.5 0.3535478 0.6666667 0.4461172 0.6666667 0.3563452 0.1666666 0.4383056 0 0.3332842 0 0.3535478 0.6666667 0.4311673 0.8333333 0.4461172 0.6666667 0.3563452 0.1666666 0.5257191 0.3333333 0.5446268 0.1666666 0.4383056 1 0.5294865 0.8333333 0.4311673 0.8333333 0.3563452 0.1666666 0.5446268 0.1666666 0.4383056 0 0.4407698 0.5 0.6219978 0.6666667 0.6457278 0.5 0.5446268 0.1666666 0.5586133 0 0.4383056 0 0.4407698 0.5 0.6457278 0.5 0.5257191 0.3333333 0.645681 0.8333333 0.5586133 1 0.6475644 1 0.5294865 0.8333333 0.6219978 0.6666667 0.4461172 0.6666667 0.5586133 0 0.6599181 0.1666666 0.6475644 0 0.5446268 0.1666666 0.6673514 0.3333333 0.6599181 0.1666666 0.645681 0.8333333 0.7012496 1 0.7020489 0.8333333 0.6457278 0.5 0.6673514 0.3333333 0.5257191 0.3333333 0.5294865 0.8333333 0.645681 0.8333333 0.6219978 0.6666667 0.6219978 0.6666667 0.6866695 0.6666667 0.6457278 0.5 0.7701015 0.3333333 0.6994159 0.5 0.7771804 0.5 0.6599181 0.1666666 0.7012496 0 0.6475644 0 0.6457278 0.5 0.6994159 0.5 0.6673514 0.3333333 0.6599181 0.1666666 0.7722748 0.1666666 0.7012496 0 0.6673514 0.3333333 0.7701015 0.3333333 0.7722748 0.1666666 0.6994159 0.5 0.7775526 0.6666668 0.7771804 0.5 0.7020489 0.8333333 0.7845349 1 0.8664072 0.8333334 0.7020489 0.8333333 0.7775526 0.6666668 0.6866695 0.6666667 0.7722748 0.1666666 0.8688575 0 0.7845349 0 0.7771804 0.5 0.855386 0.3333333 0.7701015 0.3333333 0.7845349 1 0.8688575 1 0.8664072 0.8333334 0.9233894 0 1 0.2685724 1 0 0.855386 0.3333333 0.8914015 0.1666666 0.7722748 0.1666666 0.7775526 0.6666668 0.8993006 0.6666667 0.8701199 0.5 0.8701199 0.5 0.9161137 0.3884183 0.855386 0.3333333 0.8993006 0.6666667 0.9161137 0.3884183 0.8701199 0.5 0.8993006 0.6666667 1.000006 0.542678 0.9161137 0.3884183 0.1840762 0.6666667 7.76997e-6 0.8333333 0.1862249 0.8333333 1.000007 0.8918961 1.000006 0.542678 0.8993006 0.6666667 0 0.1666666 0.1839946 0.1666666 -6.37012e-7 0 0 0.5 0.1572434 0.5 7.6307e-6 0.3333333 2.68699e-6 0.6666667 0.1572434 0.5 0 0.5 0.1572434 0.5 0.2043564 0.3333333 7.6307e-6 0.3333333 0.1862249 0.8333333 0.2419909 1 0.243005 0.8333334 0.1839946 0.1666666 0.2419909 0 0.1630958 0 0.2427741 0.5 0.1840762 0.6666667 0.2428281 0.6666667 0.2043564 0.3333333 0.2431482 0.1666666 0.1839946 0.1666666 0.1572434 0.5 0.2427741 0.5 0.2043564 0.3333333 0.2428281 0.6666667 0.1862249 0.8333333 0.243005 0.8333334 0.3368408 0.8333333 0.2419909 1 0.3632932 1 0.2043564 0.3333333 0.2693759 0.3333334 0.2431482 0.1666666 0.2427741 0.5 0.2693759 0.3333334 0.2043564 0.3333333 0.2419909 0 0.3236656 0.1666666 0.3632932 0 0.2427741 0.5 0.3259935 0.6666667 0.3523452 0.5 0.243005 0.8333334 0.3259935 0.6666667 0.2428281 0.6666667 0.8929459 0.1666666 0.9990323 0.335159 0.999981 0.06248319 0.2693759 0.3333334 0.4383715 0.3333334 0.3236656 0.1666666 0.3236656 0.1666666 0.540473 0.1666666 0.3632932 0 0.3368408 0.8333333 0.4750047 0.6666666 0.3259935 0.6666667 0.3368408 0.8333333 0.4926174 0.8333333 0.4750047 0.6666666 0.3523452 0.5 0.5561364 0.5 0.4383715 0.3333334 0.4750047 0.6666666 0.5561364 0.5 0.3523452 0.5 0.553809 1 0.651767 0.8333333 0.4926174 0.8333333 0.4926174 0.8333333 0.651767 0.8333333 0.4750047 0.6666666 0.651767 0.8333333 0.6507608 0.6666668 0.4750047 0.6666666 0.553809 1 0.7556865 1 0.651767 0.8333333 0.540473 0.1666666 0.7556865 0 0.553809 0 0.6507608 0.6666668 0.7683303 0.5 0.5561364 0.5 0.6378886 0.3333333 0.8738059 0.3333333 0.7697011 0.1666666 0.6507608 0.6666668 0.841493 0.6666667 0.7683303 0.5 0.651767 0.8333333 0.841493 0.6666667 0.6507608 0.6666668 0.7556865 1 0.8794569 0.8333334 0.651767 0.8333333 0.651767 0.8333333 0.8794569 0.8333334 0.841493 0.6666667 0.7697011 0.1666666 0.8929459 0.1666666 0.7556865 0 0.8738059 0.3333333 0.8929459 0.1666666 0.7697011 0.1666666 0.7556865 1 0.999981 1 0.8794569 0.8333334 0.841493 0.6666667 0.9990323 0.335159 0.7683303 0.5 0.999981 1 1 0.7281631 0.8794569 0.8333334 0.8794569 0.8333334 1 0.7281631 0.841493 0.6666667 0.1137853 0.7550181 0.1895806 1 0.1891618 0.743896 -1.68005e-7 0.6117861 0.1077514 0.5 1.80042e-5 0.3333334 1.80042e-5 0.3333334 0.1574736 0.08066672 2.96392e-6 0.1020528 0.1077514 0.5 0.1876796 0.2557705 1.80042e-5 0.3333334 0.1077514 0.5 0.1891618 0.743896 0.2145045 0.5 0.1891618 0.743896 0.2421128 1 0.2417501 0.7678164 0.3227742 0.1666666 0.4109924 0.4231715 0.4450403 0.1666666 0.2405899 0.3333333 0.2395068 0.0901798 0.1876796 0.2557705 0.2145045 0.5 0.2405899 0.3333333 0.1876796 0.2557705 0.2405899 0.3333333 0.3227742 0.1666666 0.2395068 0.0901798 0.2145045 0.5 0.324212 0.3849248 0.2405899 0.3333333 0.3227742 0.1666666 0.3220895 0 0.2395068 0.0901798 0.2417501 0.7678164 0.3270627 0.6666666 0.324212 0.3849248 0.4109924 0.4231715 0.3270627 0.6666666 0.4131239 0.769551 0.4717769 0.5910547 0.5665682 0.3333333 0.4682773 0.3283173 0.4450403 0.1666666 0.4596076 0 0.4100061 0 0.4717769 0.5910547 0.4682773 0.3283173 0.4109924 0.4231715 0.4617838 0.8899942 0.4717769 0.5910547 0.4131239 0.769551 0.4450403 0.1666666 0.4682773 0.3283173 0.5467342 0 0.5467342 0 0.7712407 0.1666666 0.7400474 0 0.5592431 0.8333333 0.5822429 0.6666667 0.4717769 0.5910547 0.5467342 1 0.7400474 1 0.5592431 0.8333333 0.740971 0.5640614 0.7978703 0.9257791 0.8041438 0.5783199 0.5661177 0.5 0.7421257 0.3333333 0.5665682 0.3333333 0.5592431 0.8333333 0.7412769 0.8333333 0.5822429 0.6666667 0.5661177 0.5 0.740971 0.5640614 0.7421257 0.3333333 0.5822429 0.6666667 0.740971 0.5640614 0.5661177 0.5 0.7412769 0.8333333 0.740971 0.5640614 0.5822429 0.6666667 0.7421257 0.3333333 0.7958469 0.3734418 0.7712407 0.1666666 0.8041438 0.5783199 0.7958469 0.3734418 0.740971 0.5640614 -4.21716e-5 0 0.07608604 0.2574399 0.1120564 0 0.7958469 0.3734418 0.8940473 0.05691468 0.7712407 0.1666666 0.8041438 0.5783199 0.888129 0.7607879 0.8886016 0.4574744 0.8963007 1 1 0.944963 0.888129 0.7607879 0.8886016 0.4574744 1 0.294542 0.8940473 0.05691468 0.8940473 0.05691468 1 0.294542 1.000001 0 -4.13139e-5 0.5 0.07608604 0.2574399 -6.91442e-6 0.2238508 -2.30909e-5 0.8778652 0.1120564 1 0.07619345 0.7378852 0.1120564 0 0.2389574 0.1666666 0.3139684 0 0.07619345 0.7378852 0.1124213 0.5 -4.13139e-5 0.5 0.07608604 0.2574399 0.1314403 0.2558249 0.1120564 0 0.1124213 0.5 0.1314403 0.2558249 0.07608604 0.2574399 0.07619345 0.7378852 0.1339622 0.8333333 0.1302459 0.6666667 0.233973 0.3333333 0.1124213 0.5 0.2544694 0.5 0.1314403 0.2558249 0.233973 0.3333333 0.2389574 0.1666666 0.2544694 0.5 0.1302459 0.6666667 0.2482212 0.6764281 0.2482212 0.6764281 0.4854218 0.5 0.2544694 0.5 0.1339622 0.8333333 0.2482212 0.6764281 0.1302459 0.6666667 0.3139684 1 0.2482212 0.6764281 0.1339622 0.8333333 0.2544694 0.5 0.4411382 0.3333333 0.233973 0.3333333 0.2389574 0.1666666 0.5074697 0.1666666 0.3139684 0 0.2544694 0.5 0.4854218 0.5 0.4411382 0.3333333 0.763441 0.6666667 0.5310845 0.8333333 0.8108412 0.8333334 0.2482212 0.6764281 0.5310845 0.8333333 0.4980059 0.6666668 0.4411382 0.3333333 0.7271457 0.3333333 0.5074697 0.1666666 0.4980059 0.6666668 0.7579438 0.5 0.4854218 0.5 0.5074697 0.1666666 0.7677456 0.1666666 0.5569809 0 0.7271457 0.3333333 0.7677456 0.1666666 0.5074697 0.1666666 0.7579438 0.5 0.9999837 0.2399517 0.7271457 0.3333333 0.7677456 0.1666666 0.9999837 0.2399517 0.8121332 0 0.7271457 0.3333333 0.9999837 0.2399517 0.7677456 0.1666666 0.4107508 0.4016611 0.4293472 0.7725637 0.4633277 0.4125448 0.9999764 0.6666667 0.9999883 0.5 0.7579438 0.5 0.8121332 1 1 0.9610514 0.8108412 0.8333334 0.9999837 0.2399517 1 0 0.8121332 0 0.8108412 0.8333334 1 0.9610514 0.9999764 0.6666667 0.1345006 0.8333333 0.2042737 0.6666667 8.476e-6 0.5455164 8.32324e-6 0.2135135 0.2865349 0.1666666 0.1731859 0 0.223789 0.3333333 0.2865349 0.1666666 8.32324e-6 0.2135135 0.2042737 0.6666667 0.2907339 0.5 8.476e-6 0.5455164 0.1731859 1 0.3903174 0.7110289 0.1345006 0.8333333 0.2907339 0.5 0.4107508 0.4016611 0.223789 0.3333333 0.2042737 0.6666667 0.3903174 0.7110289 0.2907339 0.5 0.4107508 0.4016611 0.4376738 0.1666666 0.2865349 0.1666666 0.4376738 0.1666666 0.4643675 0 0.4064072 0 0.4637927 0.9117435 0.5595635 0.5361196 0.4293472 0.7725637 0.4376738 0.1666666 0.5748733 0.1666666 0.4643675 0 0.5638837 1 0.5755152 0.8333333 0.4637927 0.9117435 0.4633277 0.4125448 0.5717399 0.3333333 0.5748733 0.1666666 0.4633277 0.4125448 0.5595635 0.5361196 0.5717399 0.3333333 0.5755152 0.8333333 0.7697088 0.6666668 0.5595635 0.5361196 0.5717399 0.3333333 0.7651775 0.3333334 0.5748733 0.1666666 0.7651775 0.3333334 0.8692429 0.5 0.8670575 0.3281988 0.8692429 0.5 0.7697088 0.6666668 0.8884562 0.6666668 0.7697088 0.6666668 0.8649843 0.872164 0.8884562 0.6666668 0.4107016 0 0.329758 0.1666666 0.4274517 0.2053635 0.8919864 0.1666666 0.908727 0 0.8533567 0 0.8670575 0.3281988 0.9232941 0.4314827 0.8919864 0.1666666 0.8884562 0.6666668 0.9232941 0.4314827 0.8692429 0.5 0.9232941 0.4314827 1.000007 0.3699686 0.8919864 0.1666666 0.9146195 0.9331817 1.000019 0.7294625 0.8884562 0.6666668 1.000019 0.7294625 1.000007 0.3699686 0.9232941 0.4314827 4.89189e-6 0.1865784 0.1294511 0 0 0 4.89189e-6 0.1865784 0.1527379 0.1666666 0.1294511 0 0.134815 0.3333334 0.1527379 0.1666666 4.89189e-6 0.1865784 0.1469292 0.7040348 0.2027626 0.5 1.00503e-5 0.5657669 0.1527379 0.1666666 0.329758 0.1666666 0.1294511 0 0.134815 0.3333334 0.329758 0.1666666 0.1527379 0.1666666 0.1469292 0.7040348 0.3321877 0.8333333 0.3243516 0.6666667 0.329758 0.1666666 0.3285412 0 0.1294511 0 0.134815 0.3333334 0.3526306 0.6209577 0.329758 0.1666666 0.3526306 0.6209577 0.4258559 0.6666668 0.4101467 0.3718331 0.4101467 0.3718331 0.4274517 0.2053635 0.329758 0.1666666 0.3243516 0.6666667 0.4116593 0.9278166 0.4258559 0.6666668 0.68303 0.8333334 0.7820898 1 0.7824473 0.8333334 0.4116593 0.9278166 0.4570487 1 0.4676997 0.7887311 0.4759749 0.379166 0.4274517 0.2053635 0.4101467 0.3718331 0.4258559 0.6666668 0.4759749 0.379166 0.4101467 0.3718331 0.4116593 0.9278166 0.4676997 0.7887311 0.4258559 0.6666668 0.4274517 0.2053635 0.4759749 0.379166 0.4692082 0.1092922 0.4258559 0.6666668 0.4676997 0.7887311 0.4759749 0.379166 0.554983 0.2458132 0.6303718 0.1666666 0.5538799 0 0.5538458 0.9272341 0.6672374 1 0.6354882 0.7423111 0.554983 0.2458132 0.6352818 0.4100927 0.6303718 0.1666666 0.6354882 0.7423111 0.6352818 0.4100927 0.5619207 0.6328977 0.6303718 0.1666666 0.6827273 0.2734174 0.6672374 0 0.683893 0.5722712 0.6827273 0.2734174 0.6352818 0.4100927 0.68303 0.8333334 0.683893 0.5722712 0.6354882 0.7423111 0.7812266 0.3333333 0.683893 0.5722712 0.7826581 0.5 0.7765864 0.1666666 0.7820898 0 0.6672374 0 0.7809309 0.6666667 0.68303 0.8333334 0.7824473 0.8333334 0.683893 0.5722712 0.7809309 0.6666667 0.7826581 0.5 0.7824473 0.8333334 0.9085586 1 0.9066075 0.8333333 0.9072801 0.09897661 0.7812266 0.3333333 0.9084489 0.3333334 0.7812266 0.3333333 0.9074286 0.571949 0.9084489 0.3333334 0.7824473 0.8333334 0.9074286 0.571949 0.7809309 0.6666667 0.2275321 0.3236963 0.3009892 0 0.2171432 0 0.9085586 1 1.000001 0.9444027 0.9066075 0.8333333 0.9084489 0.3333334 1 0.2949605 0.9072801 0.09897661 0.9074286 0.571949 1 0.2949605 0.9084489 0.3333334 0.9066075 0.8333333 1.000001 0.605868 0.9074286 0.571949 0.9072801 0.09897661 1 0.2949605 1.000002 0 4.57688e-6 1 0.2171432 1 1.57782e-5 0.7833903 0.2275321 0.3236963 0.2171432 0 3.80799e-6 0.08489698 1.73846e-5 0.3649109 0.2275321 0.3236963 3.80799e-6 0.08489698 1.57782e-5 0.7833903 0.208719 0.6666667 0.1669669 0.5 0.1669669 0.5 0.2275321 0.3236963 1.73846e-5 0.3649109 1.57782e-5 0.7833903 0.2742853 0.7287598 0.208719 0.6666667 0.1669669 0.5 0.3087136 0.393283 0.2275321 0.3236963 0.3087136 0.393283 0.3643652 0.7905748 0.3571658 0.4466872 0.3087136 0.393283 0.3262864 0.1666666 0.2275321 0.3236963 0.208719 0.6666667 0.2742853 0.7287598 0.3087136 0.393283 0.3262864 0.1666666 0.3496599 0 0.3009892 0 0.3643652 0.7905748 0.3004586 0.9173641 0.3496599 0.9599883 0.3643652 0.7905748 0.4609837 0.5 0.3571658 0.4466872 0.3087136 0.393283 0.3571658 0.4466872 0.3262864 0.1666666 0.3262864 0.1666666 0.4349883 0.1666666 0.3496599 0 0.3571658 0.4466872 0.4570487 0.3333333 0.4349883 0.1666666 0.3571658 0.4466872 0.4609837 0.5 0.4570487 0.3333333 0.4570487 0.3333333 0.6505691 0.5 0.6618816 0.3333333 0.4567435 1 0.6591767 1 0.5063471 0.8333333 0.4570487 0.3333333 0.6618816 0.3333333 0.5978018 0.1666666 0.4577326 0.6666667 0.6505691 0.5 0.4609837 0.5 0.7437337 0.4392006 0.6700986 0.6666667 0.7437091 0.6913794 0.5063471 0.8333333 0.6700986 0.6666667 0.4577326 0.6666667 0.5063471 0.8333333 0.7437091 0.6913794 0.6700986 0.6666667 0.6618816 0.3333333 0.7437337 0.4392006 0.7443177 0.08938467 0.7443177 0.08938467 0.7927431 0.4426121 0.7956514 0.1666666 0.7956514 0.1666666 0.7974755 0 0.7443177 0.08938467 0.7927431 0.4426121 0.7437091 0.6913794 0.7973548 0.6666667 0.8909687 0 0.7956514 0.1666666 0.894217 0.1666666 0.7926336 0.8852972 0.7973548 0.6666667 0.7437091 0.6913794 0.7973548 0.6666667 0.8896531 0.5 0.7927431 0.4426121 0.7926336 0.8852972 0.8905206 0.8333333 0.7973548 0.6666667 0.7926336 0.8852972 0.8909687 1 0.8905206 0.8333333 0.7956514 0.1666666 0.8908612 0.3333333 0.894217 0.1666666 0.894217 0.1666666 1 0 0.8909687 0 0.8896531 0.5 0.8908612 0.3333333 0.7927431 0.4426121 0.8908612 0.3333333 1.000001 0.2775364 0.894217 0.1666666 0.88942 0.6666667 1.000001 0.6282433 0.8896531 0.5 0.8905206 0.8333333 1.000001 0.6282433 0.88942 0.6666667 0.263657 0.3333334 0.5560259 0.5 0.5209217 0.3333334 0.8896531 0.5 1.000001 0.6282433 1.000001 0.2775364 0 0.1666666 0.1343433 0.1666666 -6.94056e-7 0 0 0.5 0.2231598 0.5 4.04428e-6 0.3333334 3.6063e-7 0.6666667 0.2231598 0.5 0 0.5 3.42916e-5 0.8333333 0.1721691 0.6666666 3.6063e-7 0.6666667 0.2231598 0.5 0.263657 0.3333334 4.04428e-6 0.3333334 0.1761444 1 0.4135749 0.8333333 3.42916e-5 0.8333333 0.1761444 1 0.481242 1 0.4135749 0.8333333 0.4125064 0.1666666 0.481242 0 0.1761444 0 0.1721691 0.6666666 0.4318788 0.6666667 0.2231598 0.5 0.263657 0.3333334 0.5209217 0.3333334 0.4125064 0.1666666 0.4318788 0.6666667 0.555477 0.8333333 0.5565284 0.6666667 0.4125064 0.1666666 0.5350292 0.1666666 0.481242 0 0.5209217 0.3333334 0.5350292 0.1666666 0.4125064 0.1666666 0.7730529 0.8333333 0.5765498 1 0.7747336 1 0.481242 1 0.5765498 1 0.555477 0.8333333 0.5209217 0.3333334 0.5796465 0.3333333 0.5350292 0.1666666 0.5560259 0.5 0.5796465 0.3333333 0.5209217 0.3333334 0.5765498 0 0.7645016 0.1666666 0.7747336 0 0.591718 0.1666666 0.7763398 0.3333333 0.7645016 0.1666666 0.5796465 0.3333333 0.7707252 0.5 0.7763398 0.3333333 0.5565284 0.6666667 0.7707252 0.5 0.5560259 0.5 0.5565284 0.6666667 0.7730529 0.8333333 0.7762143 0.6666668 -2.8642e-5 0.8333334 0.1115645 1 0.1119732 0.8333334 0.7645016 0.1666666 1.000004 0.1809679 0.7747336 0 0.7762143 0.6666668 0.9999987 0.5941898 0.7707252 0.5 0.7730529 0.8333333 1.000001 0.9056586 0.9999987 0.5941898 0.9999987 0.5941898 1.000004 0.1809679 0.7763398 0.3333333 0 0.1666666 0.1089285 0.1666666 -1.53917e-5 0 0.07700055 0.3333333 -1.6802e-5 0.5 0.09317994 0.5 -5.82631e-6 0.3333333 0.07700055 0.3333333 0.1089285 0.1666666 -3.97601e-5 0.6666666 0.09317994 0.5 -1.6802e-5 0.5 -3.97601e-5 0.6666666 0.1119732 0.8333334 0.1140534 0.6666666 0.1089285 0.1666666 0.2658634 0 0.1115645 0 0.07700055 0.3333333 0.1321719 0.3333333 0.1089285 0.1666666 0.09317994 0.5 0.1321719 0.3333333 0.07700055 0.3333333 0.09317994 0.5 0.1731432 0.5 0.1321719 0.3333333 0.1089285 0.1666666 0.2699956 0.3333333 0.2999421 0.1666666 0.5441573 0 0.2999421 0.1666666 0.5504333 0.1666666 0.1140534 0.6666666 0.3397822 0.6666666 0.1731432 0.5 0.1731432 0.5 0.5169187 0.5 0.2699956 0.3333333 0.2658634 1 0.5441573 1 0.3342351 0.8333334 0.2999421 0.1666666 0.5483708 0.3333334 0.5504333 0.1666666 0.7793822 0.8333334 0.5441573 1 0.8057923 1 0.5169187 0.5 0.5483708 0.3333334 0.2699956 0.3333333 0.5441573 1 0.5550585 0.8333333 0.3342351 0.8333334 0.3397822 0.6666666 0.5812633 0.6666668 0.5169187 0.5 0.5441573 0 0.7955501 0.1666666 0.8057923 0 0.5504333 0.1666666 0.7792379 0.3333333 0.7955501 0.1666666 0.7716481 0.5 0.5812633 0.6666668 0.8046191 0.6666666 0.5169187 0.5 0.7792379 0.3333333 0.5483708 0.3333334 0.5550585 0.8333333 0.7793822 0.8333334 0.5812633 0.6666668 0.5169187 0.5 0.7716481 0.5 0.7792379 0.3333333 0.7064515 0.5 1.000006 0.3333333 0.6089668 0.3333333 0.7793822 0.8333334 0.8046191 0.6666666 0.5812633 0.6666668 0.8046191 0.6666666 0.9999822 0.4456624 0.7716481 0.5 0.7793822 0.8333334 1 0.8074884 0.8046191 0.6666666 0.8057923 1 0.9999999 1 1 0.8074884 0.7955501 0.1666666 0.9999999 0.04003065 0.8057923 0 0.9999822 0.4456624 0.9999999 0.04003065 0.7955501 0.1666666 0.8046191 0.6666666 1 0.8074884 0.9999822 0.4456624 0 0.3333333 0.1986327 0.3333333 7.46151e-5 0.1666666 1.35939e-5 0.9834862 0.3074813 1 0.2111009 0.8333333 1.9093e-6 0.6666667 0.4213187 0.5 -1.0439e-6 0.5 1.9093e-6 0.6666667 0.3597654 0.6666667 0.4213187 0.5 0.2111009 0.8333333 0.3597654 0.6666667 1.9093e-6 0.6666667 0.1986327 0.3333333 0.6089668 0.3333333 0.445501 0.1666666 0.4213187 0.5 0.6089668 0.3333333 0.1986327 0.3333333 0.445501 0.1666666 0.6912859 0 0.3074813 0 0.3597654 0.6666667 0.6525109 0.6666667 0.4213187 0.5 0.6089668 0.3333333 0.6986757 0.1666666 0.445501 0.1666666 0.6525109 0.6666667 0.7064515 0.5 0.4213187 0.5 0.7064515 0.5 0.9999943 0.7447556 1.00001 0.5 1.24025e-6 0.5 0.1834977 0.3333333 5.57071e-6 0.3333333 0.6986757 0.1666666 1.000001 0.09844702 0.6912859 0 2.7506e-5 0.1666666 0.2018142 0 0 0 0 0.6666667 0.1676946 0.6666667 1.24025e-6 0.5 8.037e-6 0.8333333 0.1676946 0.6666667 0 0.6666667 0.2352624 0.3333333 0.1870639 0.5 0.2463754 0.5 0.2018142 1 0.2235764 0.8333333 8.037e-6 0.8333333 2.7506e-5 0.1666666 0.2245622 0.1666666 0.2018142 0 0.1834977 0.3333333 0.2352624 0.3333333 0.2245622 0.1666666 0.1870639 0.5 0.2536616 0.6666666 0.2463754 0.5 0.4526278 0.8333334 0.5569215 1 0.5635628 0.8333334 0.2235764 0.8333333 0.2536616 0.6666666 0.1676946 0.6666667 0.2245622 0.1666666 0.262043 0 0.2018142 0 0.2463754 0.5 0.3243991 0.3333333 0.2352624 0.3333333 0.2235764 0.8333333 0.3345684 0.8333333 0.2536616 0.6666666 0.2463754 0.5 0.4400643 0.5 0.3243991 0.3333333 0.262043 1 0.4090852 1 0.3345684 0.8333333 0.4400643 0.5 0.4449895 0.3333333 0.3243991 0.3333333 0.3345684 0.8333333 0.4526278 0.8333334 0.4440826 0.6666666 0.4090852 1 0.4650241 1 0.4526278 0.8333334 0.5682692 0.3333333 0.4400643 0.5 0.5555123 0.5 0.4786709 0.1666666 0.5569215 0 0.4650241 0 0.4449895 0.3333333 0.5682692 0.3333333 0.4786709 0.1666666 0.5555123 0.5 0.4440826 0.6666666 0.5654904 0.6666668 0.4440826 0.6666666 0.5635628 0.8333334 0.5654904 0.6666668 0.5635628 0.8333334 0.7740295 1 0.7701125 0.8333333 0.5569215 0 0.7592014 0.1666666 0.7740295 0 0.7592014 0.1666666 0.5682692 0.3333333 0.7690047 0.3333333 0.5682692 0.3333333 0.778173 0.5 0.7690047 0.3333333 0.7701125 0.8333333 0.8884655 1 0.8920051 0.8333333 0.5654904 0.6666668 0.778173 0.5 0.5555123 0.5 0.5654904 0.6666668 0.7643036 0.6666668 0.778173 0.5 0.7740295 0 0.8923732 0.1666666 0.8884655 0 0.7592014 0.1666666 0.8683587 0.4200791 0.8923732 0.1666666 0.7643036 0.6666668 0.8683587 0.4200791 0.778173 0.5 0.7643036 0.6666668 0.8920051 0.8333333 0.8897561 0.6666667 4.77817e-6 0.3333333 0.1868584 0.5 0.2212489 0.3333333 0.8884655 1 1.000006 0.9644526 0.8920051 0.8333333 0.8923732 0.1666666 1.000007 0 0.8884655 0 0.8897561 0.6666667 1.000018 0.5988327 0.9236354 0.4297769 0.8920051 0.8333333 1.000006 0.9644526 1.000018 0.5988327 1.40639e-5 1 0.2248686 0.8333333 -2.75479e-7 0.8333333 0.223055 0 3.02966e-5 0.1666666 0.2214264 0.1666666 0.2248686 0.8333333 0.3755796 1 0.3816253 0.8333333 0.2248686 0.8333333 0.2238857 0.6666667 6.0258e-6 0.6666667 0.1868584 0.5 0.2438411 0.5 0.2212489 0.3333333 0.2238857 0.6666667 0.2438411 0.5 0.1868584 0.5 0.2214264 0.1666666 0.3755796 0 0.223055 0 0.2214264 0.1666666 0.3594712 0.3333333 0.4184684 0.1666666 0.2438411 0.5 0.3594712 0.3333333 0.2212489 0.3333333 0.3594712 0.3333333 0.5468316 0.5 0.5530954 0.3333333 0.2248686 0.8333333 0.3816253 0.8333333 0.2238857 0.6666667 0.2238857 0.6666667 0.4276437 0.6666666 0.3399797 0.5 0.5556285 0.8333333 0.3755796 1 0.5546662 1 0.4276437 0.6666666 0.5468316 0.5 0.3399797 0.5 0.4276437 0.6666666 0.5556285 0.8333333 0.5556236 0.6666667 0.5556285 0.8333333 0.6905865 1 0.6860613 0.8333333 0.4184684 0.1666666 0.5629935 0.1666666 0.5546662 0 0.5468316 0.5 0.6840698 0.5 0.5530954 0.3333333 0.5546662 0 0.6894583 0.1666666 0.6905865 0 0.5629935 0.1666666 0.6753132 0.3333333 0.6894583 0.1666666 0.6833423 0.6666667 0.5556285 0.8333333 0.6860613 0.8333333 0.5556236 0.6666667 0.6833423 0.6666667 0.6840698 0.5 0.8725231 0.8333333 0.6905865 1 0.8736974 1 0.6905865 0 0.8733641 0.1666666 0.8736974 0 0.6894583 0.1666666 0.8731399 0.3333333 0.8733641 0.1666666 0.6840698 0.5 0.8731399 0.3333333 0.6753132 0.3333333 0.6840698 0.5 0.8734043 0.6666667 0.8729403 0.5 0.8734043 0.6666667 0.6860613 0.8333333 0.8725231 0.8333333 0.2209465 0.8333333 1.67432e-4 1 0.2190824 1 0.8733641 0.1666666 1.000001 0.1276335 0.8736974 0 0.8731399 0.3333333 1.000001 0.1276335 0.8733641 0.1666666 0.8734043 0.6666667 1.000005 0.4418501 0.8729403 0.5 0.8725231 0.8333333 1.000006 0.7734592 0.8734043 0.6666667 0.8736974 1 1 1 1.000006 0.7734592 0 0.6120207 0.1123552 0.5 2.42588e-5 0.3333333 1.6304e-5 0.8333333 0.2229518 0.6666667 0 0.6120207 0.2209465 0.8333333 0.3395767 1 0.4120475 0.8333333 0.2149525 0.3261191 0.2190824 0 1.67492e-4 0.03904187 0.1123552 0.5 0.2149525 0.3261191 2.42588e-5 0.3333333 1.6304e-5 0.8333333 0.2209465 0.8333333 0.2229518 0.6666667 0.3395767 0 0.2229719 0.1666666 0.4117554 0.1666666 0.2229719 0.1666666 0.34442 0.3333333 0.4117554 0.1666666 0.34442 0.3333333 0.2229298 0.5 0.3461537 0.5534084 0.2209465 0.8333333 0.3461537 0.5534084 0.2229518 0.6666667 0.34442 0.3333333 0.5290691 0.5 0.5774393 0.3333334 0.3395767 1 0.5855522 1 0.4120475 0.8333333 0.4117554 0.1666666 0.5855522 0 0.3395767 0 0.6590197 0.1666666 0.8692471 0 0.5855522 0 0.4120475 0.8333333 0.6074873 0.6666666 0.3461537 0.5534084 0.4117554 0.1666666 0.6590197 0.1666666 0.5855522 0 0.1715785 0.5 0.2649146 0.6345722 0.2430152 0.4209283 0.8719711 0.3333333 1.000212 0.2217284 0.6590197 0.1666666 0.6074873 0.6666666 0.9997925 0.5608978 0.7992916 0.5 0.6760148 0.8333333 0.999742 0.8721325 0.9997925 0.5608978 0.7992916 0.5 0.9997925 0.5608978 0.8719711 0.3333333 1.000212 0.2217284 1 0 0.8692471 0 -1.82991e-7 0.6119114 0.1715785 0.5 9.95623e-6 0.3333333 3.51113e-5 0.8333334 0.15604 0.6666668 -1.82991e-7 0.6119114 0.001025021 0.04033452 0.2228503 0.1666666 0.1811348 0 0.1861518 0.3333333 0.2430152 0.4209283 0.2228503 0.1666666 0.2228503 0.1666666 0.3334314 0.3333333 0.3525122 0.1666666 0.195436 0.8885852 0.2649146 0.6345722 0.15604 0.6666668 0.2459861 1 0.2782743 0.8333333 0.195436 0.8885852 0.195436 0.8885852 0.2782743 0.8333333 0.2649146 0.6345722 0.2782743 0.8333333 0.5307582 1 0.5368996 0.8333333 0.2430152 0.4209283 0.2649146 0.6345722 0.3334314 0.3333333 0.3525122 0.1666666 0.5535247 0.3333334 0.5525406 0.1666666 0.3525122 0.1666666 0.5525406 0.1666666 0.5307582 0 0.3334314 0.3333333 0.5514308 0.5 0.5535247 0.3333334 0.3617016 0.6666666 0.5514308 0.5 0.2649146 0.6345722 0.5307582 1 0.7884812 0.8333334 0.5368996 0.8333333 0.5307582 0 0.775726 0.1666666 0.8026621 0 0.775726 0.1666666 0.5535247 0.3333334 0.792491 0.3333333 0.792491 0.3333333 0.5514308 0.5 0.8027187 0.5 0.5514308 0.5 0.7918167 0.6666667 0.8027187 0.5 0.5521271 0.6666667 0.7884812 0.8333334 0.7918167 0.6666667 0.1301514 0 0.2247147 0.1666666 0.2279062 0 0.8026621 1 1 0.9608557 0.7884812 0.8333334 0.7918167 0.6666667 1 0.6666667 0.8027187 0.5 0.7884812 0.8333334 1 0.9608557 1 0.6666667 -1.24924e-5 1 0.07672822 0.7633381 -2.378e-5 0.7343395 -2.378e-5 0.7343395 0.08887571 0.4200065 -1.04705e-5 0.3944346 -1.04705e-5 0.3944346 0.08887571 0.4200065 0.1085184 0.1666666 0.1305831 0.9121511 0.1312507 0.6666668 0.07672822 0.7633381 0.1478694 0.5 0.1529356 0.3333333 0.08887571 0.4200065 0.1529356 0.3333333 0.4064622 0.5 0.4039989 0.3333333 0.1529356 0.3333333 0.2247147 0.1666666 0.1085184 0.1666666 0.1305831 0.9121511 0.226664 0.9183749 0.1312507 0.6666668 0.1529356 0.3333333 0.4039989 0.3333333 0.2247147 0.1666666 0.1478694 0.5 0.4039706 0.6666667 0.4064622 0.5 0.4099344 0.8333333 0.4641777 1 0.4643932 0.7455289 0.226664 0.9183749 0.4039706 0.6666667 0.1312507 0.6666668 0.226664 0.9183749 0.4074519 1 0.4099344 0.8333333 0.4039989 0.3333333 0.4678764 0.1666666 0.4092177 0.08514046 0.4678764 0.1666666 0.4641777 0 0.4092177 0.08514046 0.4643409 0.4206298 0.4039706 0.6666667 0.4643932 0.7455289 0.568401 0.8333333 0.4641777 1 0.5731384 1 0.4643932 0.7455289 0.5509063 0.5 0.4643409 0.4206298 0.4643409 0.4206298 0.5775143 0.3333333 0.4678764 0.1666666 0.5509063 0.5 0.5775143 0.3333333 0.4643409 0.4206298 0.7549735 0.8333334 0.5731384 1 0.7555589 1 0.568401 0.8333333 0.5833654 0.6666667 0.4643932 0.7455289 0.5775143 0.3333333 0.6619208 0.1666666 0.4678764 0.1666666 0.5833654 0.6666667 0.7549735 0.8333334 0.7772313 0.6666666 0.5775143 0.3333333 0.7602283 0.3333333 0.6619208 0.1666666 0.7588571 0.5 0.7602283 0.3333333 0.5775143 0.3333333 0.7588571 0.5 0.8373463 0.2932978 0.7602283 0.3333333 0.7555589 1 0.8557512 0.9720432 0.7549735 0.8333334 0.8373463 0.2932978 0.867805 0.1666666 0.8533377 0 0.7772313 0.6666666 0.8557512 0.9720432 0.864822 0.5425151 5.43824e-6 0.7506444 0.2186385 0.5 2.76213e-5 0.3881724 0.864822 0.5425151 0.916545 0.2459105 0.8373463 0.2932978 0.864822 0.5425151 0.9141759 0.5993658 0.916545 0.2459105 0.916545 0.2459105 1.000017 0.06408536 0.9088172 0 0.9103972 0.9807026 1.00001 0.6993938 0.9141759 0.5993658 1.000028 1 1.00001 0.6993938 0.9103972 0.9807026 2.76213e-5 0.3881724 0.3264361 0.1666666 1.74908e-4 0.1276758 5.43824e-6 0.7506444 0.2817844 0.8333333 0.2679279 0.6666667 1.74908e-4 0.1276758 0.3264361 0.1666666 0.2191683 0 0.2817844 0.8333333 0.5436776 1 0.5464558 0.8333333 0.2186385 0.5 0.4206007 0.3333333 2.76213e-5 0.3881724 0.2186385 0.5 0.5124713 0.5 0.4206007 0.3333333 0.5436776 0 0.3264361 0.1666666 0.5470783 0.1666666 0.5449816 0.6666667 0.2817844 0.8333333 0.5464558 0.8333333 0.4206007 0.3333333 0.5470783 0.1666666 0.3264361 0.1666666 0.5449816 0.6666667 0.7722069 0.5 0.5124713 0.5 0.5124713 0.5 0.7724272 0.3333333 0.4206007 0.3333333 0.5436776 1 0.7703432 1 0.5464558 0.8333333 0.7724272 0.3333333 0.9999914 0.5 0.9999923 0.3333333 0.7703432 1 0.781795 0.8333333 0.5464558 0.8333333 0.7655906 0.1666666 0.9999894 0.1666666 0.7703432 0 0.7724272 0.3333333 0.9999894 0.1666666 0.7655906 0.1666666 0.7703432 1 0.9999922 0.9214059 0.781795 0.8333333 0.7722069 0.5 0.9999879 0.6666667 0.9999914 0.5 0.3391293 0.8333333 0.1511837 1 0.3296223 1 3.10886e-6 0.9476677 0.1511837 1 4.83269e-4 0.6673135 -6.04457e-5 0.3333333 0.1497419 0.1044107 3.2045e-6 0.1666666 4.83269e-4 0.6673135 0.2478623 0.6666667 1.83452e-5 0.5 0.2478623 0.6666667 0.2412965 0.5 1.83452e-5 0.5 0.1497419 0.1044107 0.3344388 0.3333333 0.3980475 0.01962822 0.1497419 0.1044107 0.3980475 0.01962822 0.3296223 0 0.3391293 0.8333333 0.409001 1 0.4101904 0.7354326 0.2412965 0.5 0.3344388 0.3333333 -6.04457e-5 0.3333333 4.83269e-4 0.6673135 0.3391293 0.8333333 0.2478623 0.6666667 0.4629852 0 0.4102146 0.2616538 0.4760857 0.2900078 0.4101904 0.7354326 0.4444444 0.415951 0.4099772 0.5 0.4102146 0.2616538 0.4444444 0.415951 0.4760857 0.2900078 0.4629852 0 0.537733 0.1454495 0.5498247 0 0.4637344 0.9113841 0.4686532 0.5927574 0.4101904 0.7354326 0.4686532 0.5927574 0.4760857 0.2900078 0.4444444 0.415951 0.5574958 0.6666667 0.4637344 0.9113841 0.560813 0.9017205 0.4686532 0.5927574 0.5574958 0.6666667 0.5640105 0.5 3.09359e-6 0.1666666 0.2243089 0 5.81199e-6 0 0.5640105 0.5 0.537733 0.1454495 0.4760857 0.2900078 0.537733 0.1454495 0.7149514 0.1666666 0.5498247 0 0.560813 0.9017205 0.7477592 0.6666666 0.5574958 0.6666667 0.537733 0.1454495 0.7940585 0.3333333 0.7149514 0.1666666 0.5640105 0.5 0.7940585 0.3333333 0.537733 0.1454495 0.6869315 1 0.8132463 0.8333334 0.560813 0.9017205 0.560813 0.9017205 0.8132463 0.8333334 0.7477592 0.6666666 0.6869315 1 0.8325756 1 0.8132463 0.8333334 0.7149514 0.1666666 0.9999829 0.1666666 0.8325756 0 0.8132463 0.8333334 0.9999849 0.6666667 0.7477592 0.6666666 0.8325756 1 1 0.9451468 0.8132463 0.8333334 0.7940585 0.3333333 0.9999966 0.4458516 0.9999829 0.1666666 5.68141e-6 0.9158994 0.2243089 1 0.270686 0.8333333 4.73099e-6 0.5847727 0.270686 0.8333333 0.2817767 0.6666666 2.23005e-5 0.3333333 0.271031 0.3771849 3.09359e-6 0.1666666 4.73099e-6 0.5847727 0.2817767 0.6666666 0.267636 0.5 0.5212541 0.5 0.2817767 0.6666666 0.520407 0.7509089 0.267636 0.5 0.271031 0.3771849 2.23005e-5 0.3333333 0.271031 0.3771849 0.3256437 0.1666666 0.2243089 0 0.267636 0.5 0.5123149 0.3333333 0.271031 0.3771849 0.5123149 0.3333333 0.5218282 0.1666666 0.3256437 0.1666666 0.5745716 0 0.5218282 0.1666666 0.5897027 0.274326 0.5218282 0.1666666 0.5741322 0.4655585 0.5897027 0.274326 0.5212541 0.5 0.5746898 0.6666666 0.5741322 0.4655585 0.6799555 0.5 0.5746898 0.6666666 0.6938665 0.6666667 0.5754119 0.9120305 0.5746898 0.6666666 0.520407 0.7509089 0.5754119 0.9120305 0.6525253 1 0.6934878 0.8333334 0.6938665 0.6666667 0.5754119 0.9120305 0.6934878 0.8333334 0.6526239 0.08528107 0.8066666 0.3333333 0.7944541 0.1666666 0.6526239 0.08528107 0.7944541 0.1666666 0.7433281 0 0.8595901 0.8333333 0.7433281 1 0.8613758 1 0.6799555 0.5 0.81645 0.5 0.8066666 0.3333333 0.6938665 0.6666667 0.81645 0.5 0.6799555 0.5 0.8551624 0.6666666 0.6934878 0.8333334 0.8595901 0.8333333 0.409031 0.5680691 0.461384 0.9041587 0.4699701 0.5808501 0.8613758 1 1 0.833112 0.8595901 0.8333333 0.7944541 0.1666666 1.000001 0.2272208 0.8613758 0 7.35482e-6 0.9510104 0.130054 0.6666667 -1.38669e-7 0.5548403 -1.38669e-7 0.5548403 0.1659919 0.5 3.69691e-6 0.2803682 0.1659919 0.5 0.29236 0.3333333 3.69691e-6 0.2803682 7.35482e-6 0.9510104 0.2025423 1 0.1252587 0.8333334 0.1252587 0.8333334 0.3339433 0.8349841 0.130054 0.6666667 0.130054 0.6666667 0.3339433 0.8349841 0.1659919 0.5 0.3383417 0.03646647 0.4141523 0.2816618 0.4089822 0 0.4699701 0.5808501 0.4444444 0.41629 0.409031 0.5680691 0.5510416 0.7705993 0.6300998 1 0.6323987 0.756453 0.4444444 0.41629 0.4699701 0.5808501 0.4773658 0.2502132 0.4773658 0.2502132 0.5432642 0 0.4576434 0 0.4699701 0.5808501 0.5510416 0.7705993 0.5438255 0.4624986 0.4773658 0.2502132 0.5438255 0.4624986 0.6253116 0.0122956 0.5510416 0.7705993 0.6405647 0.5 0.5438255 0.4624986 0.6323987 0.756453 0.6666667 1 0.690872 0.8333333 0.6405647 0.5 0.6330043 0.2440524 0.5438255 0.4624986 0.7000936 0.0941168 0.7864784 0.3333333 0.7800867 0.08362472 0.685694 0.3333333 0.6666667 0.08279263 0.6330043 0.2440524 0.6405647 0.5 0.685694 0.3333333 0.6330043 0.2440524 0.6323987 0.756453 0.690872 0.8333333 0.6906031 0.6201458 0.6405647 0.5 0.6906031 0.6201458 0.685694 0.3333333 0.9061034 0.0836296 0.7864784 0.3333333 0.9999695 0.2945415 0.690872 0.8333333 0.7795413 0.6680203 0.6906031 0.6201458 0.7859746 1 0.8174412 0.8118464 0.690872 0.8333333 0.6906031 0.6201458 0.7795413 0.6680203 0.7864784 0.3333333 0.7859746 1 0.9051934 1 0.8174412 0.8118464 0.3299256 0.6666667 0.5533292 0.5 0.2803946 0.5 0.7795413 0.6680203 0.9999695 0.2945415 0.7864784 0.3333333 0.9061034 0.0836296 0.9999695 0.2945415 1 0 0.9996381 0.9443526 0.9999177 0.5604435 0.8174412 0.8118464 6.73282e-6 0.1861555 0.127452 0 0 0 0.127452 1 0.1500969 0.6424298 -3.67391e-7 0.8939628 6.73282e-6 0.1861555 0.2894448 0.1666666 0.127452 0 0.1193817 0.3333333 0.2894448 0.1666666 6.73282e-6 0.1861555 0.1500969 0.6424298 0.2803946 0.5 6.78431e-6 0.5821028 0.2803946 0.5 0.3188377 0.3333333 0.1193817 0.3333333 0.1500969 0.6424298 0.3322435 0.8333333 0.3299256 0.6666667 0.2894448 0.1666666 0.3818981 0 0.127452 0 0.2803946 0.5 0.5542101 0.3333333 0.3188377 0.3333333 0.2894448 0.1666666 0.552719 0.1666666 0.3818981 0 0.3299256 0.6666667 0.5261257 0.9135361 0.55212 0.6666667 0.5533292 0.5 0.6819711 0.3333334 0.5542101 0.3333333 0.552719 0.1666666 0.5323942 0 0.3818981 0 0.5261257 0.9135361 0.5792586 0.8333333 0.55212 0.6666667 0.5542101 0.3333333 0.6819711 0.3333334 0.552719 0.1666666 0.5533292 0.5 0.6881241 0.6666667 0.6896697 0.5 0.552719 0.1666666 0.7550818 0 0.5914672 0 0.5792586 0.8333333 0.6881241 0.6666667 0.55212 0.6666667 0.9232258 0.1666666 1.000014 0.4374189 1 0.09634095 0.6819711 0.3333334 0.8682397 0.1666666 0.552719 0.1666666 0.6819711 0.3333334 0.8894256 0.3333334 0.8682397 0.1666666 0.6881241 0.6666667 0.8528379 0.6000036 0.6896697 0.5 0.8385085 0.8333333 0.8528379 0.6000036 0.6881241 0.6666667 0.8682397 0.1666666 0.8924662 0 0.7550818 0 0.6896697 0.5 0.8528379 0.6000036 0.8894256 0.3333334 0.8924662 1 0.9115499 0.7358902 0.8385085 0.8333333 0.8528379 0.6000036 0.9094575 0.5 0.8894256 0.3333334 0.8528379 0.6000036 0.9115499 0.7358902 0.9094575 0.5 0.8682397 0.1666666 0.9232258 0.1666666 0.8924662 0 0.8894256 0.3333334 0.9232258 0.1666666 0.8682397 0.1666666 0.9115499 0.7358902 1.000014 0.4374189 0.9094575 0.5 0.8924662 1 1 1 1.000017 0.770212 0.5404372 0.07275789 0.3387134 0.3333334 0.5465276 0.3333333 3.28784e-5 0.7565663 0.1934912 0.5 -6.83207e-5 0.388238 3.28784e-5 0.7565663 0.2997978 0.6666666 0.1934912 0.5 0.1109783 0.1666666 0.328071 0.1666666 0.1282582 0 -6.83207e-5 0.388238 0.328071 0.1666666 0.1109783 0.1666666 0.1282582 1 0.3360905 1 0.2910168 0.8333334 0.328071 0.1666666 0.3360905 0 0.1282582 0 0.1934912 0.5 0.3387134 0.3333334 -6.83207e-5 0.388238 0.1934912 0.5 0.4952045 0.5 0.3387134 0.3333334 0.2997978 0.6666666 0.4952045 0.5 0.1934912 0.5 0.2910168 0.8333334 0.5293962 0.8333334 0.2997978 0.6666666 0.6603297 0.8333334 0.5470173 1 0.6671126 1 0.5293962 0.8333334 0.5466439 0.6666668 0.2997978 0.6666666 0.5465276 0.3333333 0.6591058 0.1666666 0.5404372 0.07275789 0.5465276 0.3333333 0.6671074 0.5 0.6671428 0.3333333 0.6591058 0.1666666 0.6671126 0 0.5404372 0.07275789 0.6671074 0.5 0.5466439 0.6666668 0.6670669 0.6666668 0.5466439 0.6666668 0.6603297 0.8333334 0.6670669 0.6666668 0.6671428 0.3333333 0.7841774 0.5537857 0.8060503 0.3333333 0.6671126 1 0.7772652 0.8333334 0.6603297 0.8333334 0.6591058 0.1666666 0.7737147 0.1112511 0.6671126 0 0.6671428 0.3333333 0.8060503 0.3333333 0.7737147 0.1112511 0.1886951 0.8333333 0.2407391 1 0.2450186 0.8333333 0.7772652 0.8333334 0.7841774 0.5537857 0.6670669 0.6666668 0.8060503 0.3333333 0.8909633 0.1666666 0.7737147 0.1112511 0.8909633 0.1666666 0.9057216 0 0.7737147 0.1112511 0.7772652 0.8333334 0.9038385 0.9226016 0.7841774 0.5537857 0.8060503 0.3333333 0.9999743 0.2792268 0.8909633 0.1666666 0.9038385 0.9226016 0.9999742 0.6146333 0.7841774 0.5537857 0.8866642 0.5 0.9999742 0.6146333 0.9999743 0.2792268 0.9038385 0.9226016 1.000001 0.8716907 0.9999742 0.6146333 0.9999743 0.2792268 1 0 0.9057216 0 1.0726e-6 0.8333333 0.183637 0.6666667 0 0.6666667 2.13054e-5 0.3333333 0.2190225 0.1666666 3.87302e-6 0.1666666 0.1855558 1 0.1886951 0.8333333 1.0726e-6 0.8333333 2.13054e-5 0.3333333 0.2020594 0.3333333 0.2190225 0.1666666 0.1877149 0.5 0.2423946 0.6666667 0.2431759 0.5 0.1877149 0.5 0.2431759 0.5 0.2020594 0.3333333 0.1886951 0.8333333 0.2423946 0.6666667 0.183637 0.6666667 0.2407391 1 0.40992 0.8333333 0.2450186 0.8333333 0.2431759 0.5 0.257779 0.3333333 0.2020594 0.3333333 0.257779 0.3333333 0.3325025 0.1666666 0.2190225 0.1666666 0.257779 0.3333333 0.4229976 0.3333333 0.3325025 0.1666666 0.3204087 0.5 0.4229976 0.3333333 0.257779 0.3333333 0.2450186 0.8333333 0.3403978 0.6666667 0.2423946 0.6666667 0.5679928 0.1666666 0.4765826 0.3333333 0.5817005 0.3333334 0.3204087 0.5 0.4410111 0.5 0.4229976 0.3333333 0.3403978 0.6666667 0.4410111 0.5 0.3204087 0.5 0.4229976 0.3333333 0.4451918 0.1666666 0.3325025 0.1666666 0.3403978 0.6666667 0.4222484 0.6666667 0.4410111 0.5 0.4345792 1 0.4649813 0.8333333 0.40992 0.8333333 0.40992 0.8333333 0.4649813 0.8333333 0.4222484 0.6666667 0.4410111 0.5 0.4765826 0.3333333 0.4229976 0.3333333 0.4345792 1 0.5753426 1 0.4649813 0.8333333 0.4451918 0.1666666 0.5679928 0.1666666 0.5753426 0 0.4765826 0.3333333 0.5754277 0.5 0.5817005 0.3333334 0.4771654 0.6666667 0.5754277 0.5 0.4410111 0.5 0.4771654 0.6666667 0.5673403 0.8333333 0.5671001 0.6666667 0.5754277 0.5 0.7752421 0.3333333 0.5817005 0.3333334 0.5671001 0.6666667 0.74019 0.6666667 0.5754277 0.5 0.5673403 0.8333333 0.74019 0.6666667 0.5671001 0.6666667 0.5679928 0.1666666 0.740478 0.1666666 0.5753426 0 0.5753426 1 0.7782328 1 0.7863999 0.8333333 0.2421537 0.8333333 0.1881982 1 0.2425338 1 0.74019 0.6666667 0.7841108 0.5 0.5754277 0.5 0.740478 0.1666666 0.8627838 0.1666666 0.7782328 0 0.7863999 0.8333333 0.8618238 0.6666666 0.74019 0.6666667 0.8627838 0.1666666 0.9992381 0 0.7782328 0 0.7863999 0.8333333 0.9998993 0.5013955 0.8618238 0.6666666 0.001248121 1 0.1716067 0.8333333 1.56797e-6 0.7258505 0.1716067 0.8333333 0.2246432 0.6666667 1.56797e-6 0.7258505 0.001248121 1 0.1881982 1 0.1716067 0.8333333 0.1540303 0.1666666 0.1881982 0 0.001248061 0.1260706 0.1141464 0.5 0.2193523 0.3333333 1.864e-5 0.3723226 0.2421537 0.8333333 0.3363646 1 0.3532609 0.7063363 0.2193523 0.3333333 0.241775 0.08515 0.1540303 0.1666666 0.1716067 0.8333333 0.2421537 0.8333333 0.2246432 0.6666667 0.241775 0.08515 0.3266543 0.4276247 0.3481916 0.1666666 0.241775 0.08515 0.3481916 0.1666666 0.3363646 0 0.3532609 0.7063363 0.5459599 1 0.5461958 0.8333334 0.2246432 0.6666667 0.3266543 0.4276247 0.223046 0.5 0.5325114 0.5 0.533588 0.3333334 0.3266543 0.4276247 0.3532609 0.7063363 0.5325114 0.5 0.3266543 0.4276247 0.5459599 0 0.3481916 0.1666666 0.5500581 0.1666666 0.5461958 0.8333334 0.7772223 1 0.7776231 0.8333333 0.533588 0.3333334 0.5500581 0.1666666 0.3481916 0.1666666 0.3532609 0.7063363 0.5461958 0.8333334 0.5461579 0.6666668 0.776772 0.6666667 0.5461958 0.8333334 0.7776231 0.8333333 0.5500581 0.1666666 0.7772223 0 0.5459599 0 0.5461579 0.6666668 0.776772 0.6666667 0.5325114 0.5 0.5500581 0.1666666 0.7795943 0.3333334 0.7796486 0.1666666 0.533588 0.3333334 0.7805988 0.5 0.7795943 0.3333334 0.9999974 0 0.7796486 0.1666666 0.9999979 0.253322 0.9999979 0.253322 0.7805988 0.5 0.999998 0.5839205 0.7776231 0.8333333 0.999998 0.5839205 0.776772 0.6666667 0.1314469 0 0.2377482 0.1666666 0.2244532 0 -2.23973e-5 0.2338715 0.07641971 0 0 0 -9.51512e-6 0.5332911 0.07664859 0.4023834 -2.23973e-5 0.2338715 0.07664859 0.4023834 0.1122757 0.1666666 -2.23973e-5 0.2338715 -1.04268e-5 0.8944116 0.07611262 0.9324113 0.1085144 0.6666666 0.1122757 0.1666666 0.1314469 0 0.07641971 0 0.1292468 0.5 0.1307773 0.3333333 0.07664859 0.4023834 0.07611262 0.9324113 0.1308409 0.9116143 0.1085144 0.6666666 0.2244532 1 0.2378884 0.8333333 0.1308409 0.9116143 0.2377482 0.1666666 0.1307773 0.3333333 0.2262179 0.3333334 0.1308409 0.9116143 0.2427974 0.6666667 0.1085144 0.6666666 0.07718563 0.0762999 -6.58277e-6 0.3904903 0.07712268 0.3333333 0.2377482 0.1666666 0.3811919 0 0.2244532 0 0.2377482 0.1666666 0.4415606 0.1666666 0.3811919 0 0.3879315 0.3333333 0.6115327 0.3333333 0.4415606 0.1666666 0.6115327 0.3333333 0.6710522 0.1666666 0.4415606 0.1666666 0.4894473 0.8333333 0.7233158 0.8333333 0.545597 0.6666666 0.545597 0.6666666 0.8479012 0.6666668 0.8102805 0.5 0.7233158 0.8333333 0.8479012 0.6666668 0.545597 0.6666666 0.6710522 0.1666666 1.000015 0.221566 0.8290092 0 0.7233158 0.8333333 0.999871 0.8721806 0.8479012 0.6666668 0.8102805 0.5 1 0.5607371 0.8817024 0.3333333 1.000015 0.221566 1 0 0.8290092 0 -4.00458e-5 0.6666666 0.07602339 0.5612847 -6.58277e-6 0.3904903 0.1302449 0.8333333 0.07698243 1 0.1315375 1 0.07545846 0.8333333 0.07602339 0.5612847 -4.00458e-5 0.6666666 0.1310429 0.09374904 0.07712268 0.3333333 0.1272425 0.374491 0.07602339 0.5612847 0.1302449 0.8333333 0.143765 0.5499673 0.143765 0.5499673 0.1272425 0.374491 0.07602339 0.5612847 0.1302449 0.8333333 0.2217576 1 0.2328333 0.8333333 0.1310429 0.09374904 0.2255159 0.3333333 0.2453931 0.1666666 0.2453931 0.1666666 0.2217576 0 0.1310429 0.09374904 0.143765 0.5499673 0.2328333 0.8333333 0.2350409 0.6666668 0.3710132 0 0.2453931 0.1666666 0.3711867 0.2782919 0.2350409 0.6666668 0.3639643 0.6394174 0.143765 0.5499673 0.3639643 0.6394174 0.2328333 0.8333333 0.3729694 0.8769323 0.3639643 0.6394174 0.3711867 0.2782919 0.2255159 0.3333333 0.3710132 0 0.5515648 0.1666666 0.5462225 0 0.3729694 0.8769323 0.5462225 1 0.5512832 0.8333334 0.3711867 0.2782919 0.5515575 0.5 0.5507667 0.3333334 0.5507667 0.3333334 0.5515648 0.1666666 0.3711867 0.2782919 0.5508133 0.6666666 0.3729694 0.8769323 0.5512832 0.8333334 0.5508133 0.6666666 0.5515575 0.5 0.3639643 0.6394174 0.7791801 0.1666666 0.5507667 0.3333334 0.7935227 0.3333333 0.5462225 1 0.7987616 1 0.5512832 0.8333334 0.7987616 1 0.7910693 0.8333333 0.5512832 0.8333334 0.7935227 0.3333333 0.5515575 0.5 0.7989513 0.5 0.5515575 0.5 0.7966454 0.6666667 0.7989513 0.5 0.5508133 0.6666666 0.7910693 0.8333333 0.7966454 0.6666667 0.7966454 0.6666667 1 0.9394263 1 0.5547431 0.7966454 0.6666667 1 0.5547431 0.7989513 0.5 1 0.5547431 0.9999977 0.1857981 0.7935227 0.3333333 0.2340292 0.8333333 0.4452843 1 0.4922055 0.8333334 7.22921e-6 0.758498 0.1225643 0.5 -1.21191e-7 0.3880333 -1.21191e-7 0.3880333 0.2395942 0.3333334 0.1327838 0.1666666 7.22921e-6 0.758498 0.2899944 0.6666667 0.1225643 0.5 7.22921e-6 0.758498 0.2340292 0.8333333 0.2899944 0.6666667 0.2899944 0.6666667 0.3223984 0.5 0.1225643 0.5 0.3223984 0.5 0.5597071 0.3333333 0.2395942 0.3333334 0.3329474 0.1666666 0.5466333 0.1666666 0.4452843 0 0.2395942 0.3333334 0.5466333 0.1666666 0.3329474 0.1666666 0.5550426 0.6666668 0.7422608 0.4210034 0.5374241 0.5 0.2899944 0.6666667 0.5374241 0.5 0.3223984 0.5 0.2899944 0.6666667 0.5550426 0.6666668 0.5374241 0.5 0.4922055 0.8333334 0.5550426 0.6666668 0.2899944 0.6666667 0.5466333 0.1666666 0.7409544 0.1666666 0.7573999 0 0.5597071 0.3333333 0.7409544 0.1666666 0.5466333 0.1666666 0.5550426 0.6666668 0.7755132 0.8333333 0.7432594 0.6666667 0.7995501 0.1256122 0.7422608 0.4210034 0.8026624 0.3333333 0.5597071 0.3333333 0.7422608 0.4210034 0.7409544 0.1666666 0.8977437 0.8333333 0.8100835 1 0.8921172 1 0.7422608 0.4210034 0.7988116 0.5884734 0.8026624 0.3333333 0.7755132 0.8333333 0.7988116 0.5884734 0.7432594 0.6666667 0.7573999 1 0.8100835 1 0.7755132 0.8333333 0.7988116 0.5884734 0.8977437 0.8333333 0.8915795 0.6666667 0.8026624 0.3333333 0.8928517 0.07545769 0.7995501 0.1256122 0.8915795 0.6666667 0.9057838 0.3600695 0.7988116 0.5884734 0.3087825 0.1666666 2.35252e-5 0.3689345 0.3170381 0.3333334 0.8921172 1 1.000002 0.7953608 0.8977437 0.8333333 0.9057838 0.3600695 1.000002 0.1056321 0.8928517 0.07545769 0.8977437 0.8333333 1.000002 0.7953608 0.8915795 0.6666667 0.8915795 0.6666667 1.000002 0.7953608 1.000004 0.4432014 6.91346e-6 1 0.2646638 1 1.79986e-5 0.7928649 1.79986e-5 0.7928649 0.2786983 0.6666666 0.1342307 0.5 1.70698e-5 0.08833354 0.3087825 0.1666666 0.2646638 0 0.7969837 0.7533495 0.8913027 1 0.8918176 0.7589393 0.2646638 1 0.3867291 0.8333333 1.79986e-5 0.7928649 0.1342307 0.5 0.3887922 0.5032716 0.3170381 0.3333334 0.2646638 1 0.5490499 1 0.3867291 0.8333333 0.2786983 0.6666666 0.5549238 0.6666667 0.3887922 0.5032716 0.3867291 0.8333333 0.5549238 0.6666667 0.2786983 0.6666666 0.3170381 0.3333334 0.3887922 0.5032716 0.5553952 0.1666666 0.5490499 1 0.7212072 0.8333333 0.3867291 0.8333333 0.5549238 0.6666667 0.7696673 0.5 0.3887922 0.5032716 0.5553952 0.1666666 0.7805671 0.1666666 0.5490499 0 0.3887922 0.5032716 0.7805671 0.1666666 0.5553952 0.1666666 0.5490499 1 0.7755286 1 0.7212072 0.8333333 0.7696673 0.5 0.7767949 0.3333333 0.3887922 0.5032716 0.7755286 1 0.7969837 0.7533495 0.7212072 0.8333333 0.7422657 0.6666667 0.7969837 0.7533495 0.7696673 0.5 0.7969837 0.7533495 0.8903102 0.4251326 0.7696673 0.5 0.7805671 0.1666666 0.8903102 0.4251326 0.893402 0.09348732 0.001736164 0.6690659 0.4431091 1 0.4412376 0.8333333 0.8903102 0.4251326 1.000003 0.2772172 0.893402 0.09348732 0.8918176 0.7589393 1.000001 0.6283119 0.8903102 0.4251326 0.8903102 0.4251326 1.000001 0.6283119 1.000003 0.2772172 8.05759e-6 0.4053137 0.1990646 0.1666666 2.66414e-6 0.1666666 0.202659 0.5 0.3799118 0.3333333 8.05759e-6 0.4053137 0.1246867 0.6666667 0.4412376 0.8333333 0.4398037 0.6666667 0.1990646 0.1666666 0.4431091 0 5.49459e-5 0 0.1246867 0.6666667 0.4398037 0.6666667 0.202659 0.5 0.565476 0.8333333 0.4431091 1 0.5724738 1 0.3799118 0.3333333 0.4408342 0.1666666 0.1990646 0.1666666 0.3799118 0.3333333 0.4659255 0.4270614 0.4408342 0.1666666 0.4398037 0.6666667 0.4659255 0.4270614 0.4099381 0.5 0.4431091 0 0.5673833 0.1666666 0.5724738 0 0.4659255 0.4270614 0.5673833 0.1666666 0.4408342 0.1666666 0.5724766 0.6666668 0.4412376 0.8333333 0.565476 0.8333333 0.4398037 0.6666667 0.5724766 0.6666668 0.4659255 0.4270614 0.565476 0.8333333 0.8300302 1 0.8473728 0.8333333 0.5724738 0 0.8265557 0.1666666 0.8300302 0 0.821461 0.6666668 0.565476 0.8333333 0.8473728 0.8333333 0.5762452 0.3333333 0.8265557 0.1666666 0.5673833 0.1666666 0.5724766 0.6666668 0.821461 0.6666668 0.6249998 0.5 0.8473728 0.8333333 0.9095466 1 0.9116442 0.7641705 0.821461 0.6666668 0.8874592 0.5 0.6249998 0.5 0.8300302 0 0.9143279 0.2030227 0.9095466 0 1.39801e-5 0.5 0.3128223 0.3333333 1.46004e-5 0.3333334 0.8677114 0.3333333 0.9143279 0.2030227 0.8265557 0.1666666 0.821461 0.6666668 0.9116442 0.7641705 0.8874592 0.5 0.8874592 0.5 0.9143279 0.2030227 0.8677114 0.3333333 0.9095466 1 1.000018 1 0.9116442 0.7641705 0.9143279 0.2030227 1 0.408526 1.000012 0.05953526 1.00003 0.7337765 1 0.408526 0.8874592 0.5 1.46004e-5 0.3333334 0.2717472 0.1666666 1.34552e-6 0.1134173 6.82136e-6 0.7584143 0.2717555 0.6666668 1.39801e-5 0.5 6.82136e-6 0.7584143 0.2332536 0.8333333 0.2717555 0.6666668 1.46004e-5 0.3333334 0.3128223 0.3333333 0.2717472 0.1666666 0.3468762 0 0.558415 0.1666666 0.5572841 0 0.2717555 0.6666668 0.3130029 0.5 1.39801e-5 0.5 0.2717472 0.1666666 0.3468762 0 0.1478671 0 0.3468762 1 0.528335 0.8333333 0.2332536 0.8333333 0.3468762 1 0.5572841 1 0.528335 0.8333333 0.3128223 0.3333333 0.555715 0.5 0.5825894 0.3333333 0.3128223 0.3333333 0.558415 0.1666666 0.2717472 0.1666666 0.3128223 0.3333333 0.5825894 0.3333333 0.558415 0.1666666 0.5572841 1 0.7649008 0.8333333 0.528335 0.8333333 0.5486836 0.6666667 0.747455 0.5 0.555715 0.5 0.5572841 0 0.7698897 0.2692909 0.7667208 0 0.7698897 0.2692909 0.9999859 0.5 0.9999622 0.278593 0.7698897 0.2692909 0.891622 0.1666666 0.7667208 0 0.7649008 0.8333333 0.8320413 0.9127469 0.7606496 0.6666667 0.7606496 0.6666667 0.9999859 0.5 0.747455 0.5 0.1948351 0.3235398 0.2234694 0 0.1101554 0 0.999985 1 0.9999405 0.7056465 0.8320413 0.9127469 -2.33123e-7 0.439307 0.1131151 0.411771 -2.25631e-7 0.1276939 7.70309e-6 0.7996464 0.1840186 0.6666668 -2.33123e-7 0.439307 0.5610548 0 0.4449612 0.1666666 0.6141976 0.1666666 0.1131151 0.411771 0.2217746 0.5 0.1948351 0.3235398 0.2234694 1 0.2672169 0.7400741 0.2008773 0.8333334 0.1948351 0.3235398 0.2710418 0.296603 0.2135725 0.1666666 0.2135725 0.1666666 0.2710418 0.296603 0.2234694 0 0.2672169 0.7400741 0.3322148 0.5 0.2217746 0.5 0.2234694 1 0.4120599 0.9271857 0.2672169 0.7400741 0.3322148 0.5 0.4372995 0.3333333 0.2710418 0.296603 0.2672169 0.7400741 0.4120599 0.9271857 0.4183584 0.6666666 0.4372995 0.3333333 0.4449612 0.1666666 0.2710418 0.296603 0.3322148 0.5 0.4451085 0.5 0.4372995 0.3333333 0.4120599 0.9271857 0.4683074 0.8767885 0.4183584 0.6666666 0.4683074 0.8767885 0.5046412 0.7191238 0.4183584 0.6666666 0.4372995 0.3333333 0.5466915 0.4160548 0.4449612 0.1666666 0.4451085 0.5 0.5466915 0.4160548 0.4372995 0.3333333 0.4683074 0.8767885 0.5610548 1 0.5046412 0.7191238 0.7614873 0.5979465 0.6759443 0.9271233 0.7684425 0.8333334 0.5046412 0.7191238 0.5466915 0.4160548 0.4451085 0.5 0.5466915 0.4160548 0.6652148 0.4196165 0.6141976 0.1666666 0.629213 0.6666668 0.6652148 0.4196165 0.5466915 0.4160548 0.5046412 0.7191238 0.6759443 0.9271233 0.629213 0.6666668 0.6652148 0.4196165 0.7614873 0.5979465 0.7614706 0.2375551 1 0 0.9115388 0.1666666 1 0.2518033 0.7614706 0.2375551 0.7830353 0 0.6769487 0 0.7614873 0.5979465 0.834896 0.2355179 0.7614706 0.2375551 0.7684425 0.8333334 0.8381991 0.7900034 0.7614873 0.5979465 0.7830353 1 0.8381991 0.7900034 0.7684425 0.8333334 0.7614706 0.2375551 0.834896 0.2355179 0.7830353 0 0.7614873 0.5979465 0.8938497 0.5 0.834896 0.2355179 0.8381991 0.7900034 0.8938497 0.5 0.7614873 0.5979465 0.9086145 0.9028112 1.000006 0.6070031 0.9017875 0.6666667 0.9049752 0.3333333 1.000006 0.6070031 1 0.2518033 0.2244216 0.4715118 0.2998458 0.08316838 0.147392 0.1666666 3.86e-6 1 0.2193881 1 1.53616e-5 0.7754907 0.147392 0.1666666 0.2193881 0 3.40847e-6 0.01949614 1.53616e-5 0.7754907 0.2157109 0.6666667 1.50492e-5 0.5 1.53107e-5 0.3333333 0.2244216 0.4715118 0.147392 0.1666666 0.2157109 0.6666667 0.2244216 0.4715118 1.50492e-5 0.5 1.53616e-5 0.7754907 0.2791191 0.8333333 0.2157109 0.6666667 0.2244216 0.4715118 0.3327126 0.6666667 0.3342122 0.5 0.2193881 1 0.3014436 1 0.2791191 0.8333333 0.4491536 0 0.3530946 0.1666666 0.4785091 0.1513965 0.3530946 0.1666666 0.3536562 0 0.2998458 0.08316838 0.3308922 0.3333333 0.3530946 0.1666666 0.2998458 0.08316838 0.2791191 0.8333333 0.3527553 0.9131251 0.3327126 0.6666667 0.4491536 1 0.4676722 0.8333334 0.3527553 0.9131251 0.3530946 0.1666666 0.4550936 0.3333333 0.4785091 0.1513965 0.4550936 0.3333333 0.3342122 0.5 0.4629398 0.5 0.3342122 0.5 0.4652763 0.6666666 0.4629398 0.5 0.3527553 0.9131251 0.4652763 0.6666666 0.3327126 0.6666667 0.4629398 0.5 0.6506318 0.6666666 0.6730026 0.5 0.4676722 0.8333334 0.6506318 0.6666666 0.4652763 0.6666666 0.6730026 0.5 0.8786787 0.3333334 0.6561183 0.3333333 0.6015656 1 0.7503649 1 0.6652842 0.8333333 0.7058209 0.1666666 0.7503649 0 0.4785091 0.1513965 0.6506318 0.6666666 0.849031 0.6666668 0.6730026 0.5 0.6561183 0.3333333 0.8786787 0.3333334 0.7058209 0.1666666 0.5496815 0 0.3277485 0.1666666 0.5471757 0.1666666 0.849031 0.6666668 0.8678346 0.5 0.6730026 0.5 0.7503649 1 0.9988374 0.8739162 0.8713669 0.8333333 0.7058209 0.1666666 0.9988372 0 0.7503649 0 0.7058209 0.1666666 0.9999834 0.1922793 0.9988372 0 0.8678346 0.5 1 0.560761 0.8786787 0.3333334 0.8713669 0.8333333 0.9988374 0.8739162 0.849031 0.6666668 2.26096e-6 0.6073628 0.1834195 0.5 0.1416782 0.3333333 2.77277e-6 0.9465016 0.2636059 1 0.2639428 0.8333333 1.02133e-4 0.2056702 0.3277485 0.1666666 0.2636059 0 0.1416782 0.3333333 0.3277485 0.1666666 1.02133e-4 0.2056702 0.1416782 0.3333333 0.4681215 0.3333333 0.3277485 0.1666666 0.1834195 0.5 0.5116755 0.5 0.4681215 0.3333333 0.2636059 1 0.5496815 1 0.2639428 0.8333333 0.5432229 0.6666668 0.7702562 0.5 0.5116755 0.5 0.4681215 0.3333333 0.5471757 0.1666666 0.3277485 0.1666666 0.5496815 1 0.6521134 0.8333334 0.2639428 0.8333333 0.5471757 0.1666666 0.7706466 0.1666666 0.5496815 0 0.4681215 0.3333333 0.7706466 0.1666666 0.5471757 0.1666666 0.9999986 0.7648558 0.7712133 1 0.9999979 1 0.7706466 0.1666666 0.7712133 0 0.5496815 0 0.4681215 0.3333333 0.7714406 0.3333333 0.7706466 0.1666666 0.7712133 0 0.9999981 0.1666666 0.9999979 0 0.7706466 0.1666666 0.9999979 0.3333333 0.9999981 0.1666666 0.7714406 0.3333333 0.9999976 0.5 0.9999979 0.3333333 0.2414786 0 0.1881881 0.1666666 0.2565785 0.1942629 0.7722476 0.6666666 0.9999976 0.5 0.7702562 0.5 0.6521134 0.8333334 0.9999986 0.7648558 0.7722476 0.6666666 0.7722476 0.6666666 0.9999986 0.7648558 0.9999976 0.5 0.2063508 0.3822063 0.1881881 0.1666666 2.23172e-6 0.2206421 3.37713e-6 0.7812075 0.1888453 0.8333333 0.1820695 0.6666667 0.1820695 0.6666667 0.2063508 0.3822063 0.1880723 0.5 0.1888453 0.8333333 0.2419839 0.6666667 0.1820695 0.6666667 0.2565785 0.1942629 0.3585333 0 0.2414786 0 0.2420098 0.9117847 0.3585333 1 0.3517384 0.8333333 0.3353532 0.5 0.2419839 0.6666667 0.3501989 0.6666666 0.3353532 0.5 0.2565785 0.1942629 0.2549675 0.4225231 0.3501989 0.6666666 0.2420098 0.9117847 0.3517384 0.8333333 0.3501989 0.6666666 0.5642054 0.8333333 0.5781586 0.7434695 0.2565785 0.1942629 0.5252356 0.3333333 0.3521223 0.1666666 0.3585333 1 0.5642054 0.8333333 0.3517384 0.8333333 0.3585333 0 0.6307677 0.1666666 0.6269228 0 0.6337592 0.7575427 0.685814 1 0.6967522 0.8544187 0.6459471 0.3493562 0.6852605 0.6666668 0.6978885 0.3768656 0.6459471 0.3493562 0.6863151 0.07854986 0.6307677 0.1666666 0.6967522 0.8544187 0.7775199 0.6338183 0.6852605 0.6666668 0.6337592 0.7575427 0.6967522 0.8544187 0.6852605 0.6666668 0.6459471 0.3493562 0.6978885 0.3768656 0.6863151 0.07854986 0.7761068 0.2482255 0.7674482 0 0.6863151 0.07854986 0.8528795 0.08327651 0.9066508 0.4593299 0.9176668 0.2614533 0.6967522 0.8544187 0.854174 1 0.7758842 0.8333333 0.7761068 0.2482255 0.8554676 0.4090492 0.8528795 0.08327651 0.8695024 0.8333333 0.899761 0.6666667 0.7775199 0.6338183 0.854174 1 0.9151529 0.9521746 0.8695024 0.8333333 0.8528795 0.08327651 0.9176668 0.2614533 0.9117348 0 7.66826e-6 0.145958 0.1531115 0.4946871 0.2419593 0.1666666 0.899761 0.6666667 0.9066508 0.4593299 0.8554676 0.4090492 0.8695024 0.8333333 0.9151529 0.9521746 0.899761 0.6666667 0.9066508 0.4593299 1.000008 0.4421795 0.9176668 0.2614533 0.9151529 0.9521746 1.000012 0.7974581 0.899761 0.6666667 1.000008 0.4421795 1 0.05362623 0.9176668 0.2614533 0.899761 0.6666667 1.000012 0.7974581 1.000008 0.4421795 7.66826e-6 0.145958 0.2419593 0.1666666 0.1679535 0 9.1771e-6 0.4191545 0.1464007 0.6666666 0.1531115 0.4946871 0.1531115 0.4946871 0.2863155 0.6906769 0.3229717 0.5 7.6402e-6 0.7511592 0.2863155 0.6906769 0.1464007 0.6666666 0.3229717 0.5 0.3284319 0.3333334 0.1531115 0.4946871 0.4517897 0.2346981 0.3284319 0.3333334 0.4106123 0.4144847 0.1679535 1 0.4103958 0.9348114 0.3321882 0.8333334 0.2419593 0.1666666 0.4098402 0 0.1679535 0 0.2419593 0.1666666 0.4517897 0.2346981 0.4098402 0 0.3229717 0.5 0.4367834 0.6666668 0.4106123 0.4144847 0.3321882 0.8333334 0.4367834 0.6666668 0.2863155 0.6906769 0.5641984 0.3333333 0.7649252 0.5 0.7724448 0.3333333 0.4625614 0.5 0.4517897 0.2346981 0.4106123 0.4144847 0.4367834 0.6666668 0.4625614 0.5 0.4106123 0.4144847 0.4625614 0.5 0.5641984 0.3333333 0.4517897 0.2346981 0.4367834 0.6666668 0.5649856 0.6666667 0.4625614 0.5 0.4634957 0.9189866 0.5494466 1 0.5681544 0.8333333 0.5641984 0.3333333 0.5511403 0.02025032 0.4517897 0.2346981 0.4634957 0.9189866 0.5681544 0.8333333 0.5649856 0.6666667 0.5511403 0.02025032 0.7834897 0.1666666 0.7544413 0 0.7544413 1 0.7770735 0.8333333 0.5681544 0.8333333 0.7649252 0.5 0.5649856 0.6666667 0.7772623 0.6666668 0.7772623 0.6666668 0.5681544 0.8333333 0.7770735 0.8333333 0.1865759 0.8333333 0.4461649 1 0.4686431 0.8333333 0.7772623 0.6666668 0.9999949 0.5 0.7649252 0.5 0.7544413 1 0.9999983 0.7490585 0.7770735 0.8333333 0.7772623 0.6666668 0.9999983 0.7490585 0.9999949 0.5 0.7834897 0.1666666 0.9999988 0.2545946 0.7544413 0 0.7544413 1 1 1 0.9999983 0.7490585 -2.50192e-7 1 0.1865759 0.8333333 -2.44236e-7 0.7273705 0.1865759 0.8333333 0.1288674 0.6666667 -2.44236e-7 0.7273705 3.2376e-5 0.3888248 0.1624154 0.4748615 0.1109468 0.1666666 0.1109468 0.1666666 0.3131583 0.1666666 0.1851168 0 0.1624154 0.4748615 0.3131583 0.1666666 0.1109468 0.1666666 0.1865759 0.8333333 0.3313395 0.6666667 0.1288674 0.6666667 0.3176773 0.5 0.4381254 0.3333334 0.1624154 0.4748615 0.5059409 0.5 0.3313395 0.6666667 0.5554688 0.6666666 0.4381254 0.3333334 0.5408825 0.1666666 0.3131583 0.1666666 0.1472755 0.6767302 0.3204267 0.4960252 0.1257228 0.5 0.4461649 1 0.6670958 1 0.4686431 0.8333333 0.5408825 0.1666666 0.6670958 0 0.4461649 0 0.5059409 0.5 0.6587916 0.3333333 0.4381254 0.3333334 0.5059409 0.5 0.6853531 0.5 0.6587916 0.3333333 0.5554688 0.6666666 0.6853531 0.5 0.5059409 0.5 0.5408825 0.1666666 0.7634902 0.1666666 0.6670958 0 0.6587916 0.3333333 0.7634902 0.1666666 0.5408825 0.1666666 0.7236832 0.8333333 0.7955234 0.6666666 0.5554688 0.6666666 0.6853531 0.5 1.000053 0.3881206 0.6587916 0.3333333 0.6670958 1 0.8654256 1 0.7236832 0.8333333 0.7955234 0.6666666 0.8720962 0.5 0.6853531 0.5 0.7634902 0.1666666 0.9999864 0.1215091 0.8654256 0 1.000053 0.3881206 0.9999864 0.1215091 0.7634902 0.1666666 0.8654256 1 0.9999932 0.7874302 0.7236832 0.8333333 0.8654256 1 1 1 0.9999932 0.7874302 0.7955234 0.6666666 0.9999932 0.7874302 0.8720962 0.5 2.83138e-6 0.9461206 0.3152728 0.8446206 0.1472755 0.6767302 0.1257228 0.5 0.3204267 0.4960252 3.88258e-6 0.3855739 0.1262564 0.1666666 0.3261752 0.1666666 0.3189717 0 0.3223829 0.3333334 0.3261752 0.1666666 0.1262564 0.1666666 0.3152728 0.8446206 0.5481262 1 0.5924525 0.8333334 0.1472755 0.6767302 0.3152728 0.8446206 0.3207187 0.6666668 0.5481262 0 0.3261752 0.1666666 0.5632585 0.1666666 0.3261752 0.1666666 0.5449988 0.3333333 0.5632585 0.1666666 0.3204267 0.4960252 0.5449988 0.3333333 0.3223829 0.3333334 0.3204267 0.4960252 0.5465441 0.6666667 0.5475704 0.5 0.5465441 0.6666667 0.3152728 0.8446206 0.5924525 0.8333334 0.7397029 0.3333333 0.5475704 0.5 0.7589178 0.4625496 0.5632585 0.1666666 0.7566251 0 0.5481262 0 0.7589178 0.4625496 0.5465441 0.6666667 0.7757837 0.6666668 0.8097445 0.4175513 0.8973991 0.7524433 0.8889639 0.5 0.5632585 0.1666666 0.7702626 0.1666666 0.7566251 0 0.7397029 0.3333333 0.7589178 0.4625496 0.7702626 0.1666666 0.7702626 0.1666666 0.8094829 0 0.7566251 0 0.7583628 0.8333334 0.811157 0.907629 0.7757837 0.6666668 0.8097445 0.4175513 0.8897985 0.2228152 0.7702626 0.1666666 0.8897985 0.2228152 0.8936765 0 0.8094829 0 0.8889639 0.5 0.8897985 0.2228152 0.8097445 0.4175513 6.89601e-6 0.3844017 0.2026606 0.1666666 7.1176e-6 0.08494871 0.8936765 1 1.000002 0.8890331 0.8973991 0.7524433 0.8897985 0.2228152 1.000001 0.2275522 0.8936765 0 0.8889639 0.5 1.000001 0.5383775 0.8897985 0.2228152 0.8973991 0.7524433 1.000001 0.5383775 0.8889639 0.5 1.000002 0.8890331 1.000001 0.5383775 0.8973991 0.7524433 8.5565e-6 1 0.2393123 0.8011417 2.45818e-5 0.7715492 0.2026606 0.1666666 0.1549586 0 7.1176e-6 0.08494871 0.2162665 0.3333333 0.3338141 0.5 0.3077281 0.2233278 0.1634914 0.5 0.2162665 0.3333333 6.89601e-6 0.3844017 2.45818e-5 0.7715492 0.2071804 0.6666667 0.1634914 0.5 0.2026606 0.1666666 0.3308152 0 0.1549586 0 0.2026606 0.1666666 0.3077281 0.2233278 0.3308152 0 0.2071804 0.6666667 0.3338141 0.5 0.1634914 0.5 0.2393123 0.8011417 0.3338754 0.6666667 0.2071804 0.6666667 0.3326521 0.8333333 0.4724265 1 0.4702738 0.8333333 0.3338141 0.5 0.3575174 0.2832109 0.3077281 0.2233278 0.3575174 0.2832109 0.4724265 0 0.3308152 0 0.3575174 0.2832109 0.4713437 0.5 0.4672635 0.3333333 0.4672635 0.3333333 0.4730461 0.1666666 0.3575174 0.2832109 0.4713437 0.5 0.3338754 0.6666667 0.4737624 0.6666667 0.3338754 0.6666667 0.4702738 0.8333333 0.4737624 0.6666667 0.4724265 1 0.6517347 0.7513709 0.4702738 0.8333333 0.4724265 0 0.6443272 0.1666666 0.6541471 0 0.6443272 0.1666666 0.4672635 0.3333333 0.6593424 0.3333333 0.4672635 0.3333333 0.6483336 0.5 0.6593424 0.3333333 0.6483336 0.5 0.4737624 0.6666667 0.6517347 0.7513709 0.6541471 0 0.7713193 0.1666666 0.7783713 0 0.7713193 0.1666666 0.6593424 0.3333333 0.7782248 0.3333333 0.6593424 0.3333333 0.7780077 0.5 0.7782248 0.3333333 0.6483336 0.5 0.7782501 0.6666667 0.7780077 0.5 0.8897905 0.3333333 0.7780077 0.5 0.8914632 0.6054368 0.7238885 0.8699923 0.7782501 0.6666667 0.6517347 0.7513709 0.7782248 0.3333333 0.8901112 0.1666666 0.7713193 0.1666666 0.8901112 0.1666666 0.8904927 0 0.7783713 0 0.8914632 0.6054368 0.7953265 0.8333333 0.8930144 0.9003587 0.2505208 0 0.1259146 0.1666666 0.2424975 0.1666666 0.8897905 0.3333333 1.000001 0.2949734 0.8901112 0.1666666 0.8914632 0.6054368 1.000001 0.2949734 0.8897905 0.3333333 0.8930144 0.9003587 1.000001 0.6058031 0.8914632 0.6054368 0.8901112 0.1666666 1.000001 0.2949734 1.000002 0 2.68194e-5 0.8333333 0.1271286 0.6666666 0 0.5546076 0 0.5546076 0.1260042 0.5 2.80403e-5 0.3333333 0.1260042 0.5 0.2117175 0.3333333 2.80403e-5 0.3333333 2.68194e-5 0.8333333 0.2496103 0.8333333 0.1271286 0.6666666 0.1227762 1 0.2505208 1 0.2496103 0.8333333 0.1260042 0.5 0.2507343 0.6666667 0.2509254 0.5 0.2496103 0.8333333 0.373725 1 0.3758307 0.8333333 0.2496103 0.8333333 0.2507343 0.6666667 0.1271286 0.6666666 0.2117175 0.3333333 0.2760125 0.3333333 0.2424975 0.1666666 0.2509254 0.5 0.2760125 0.3333333 0.2117175 0.3333333 0.2760125 0.3333333 0.3673352 0.1666666 0.2424975 0.1666666 0.3753623 0.6666667 0.2496103 0.8333333 0.3758307 0.8333333 0.3673352 0.1666666 0.373725 0 0.2505208 0 0.2507343 0.6666667 0.3753623 0.6666667 0.2509254 0.5 0.2760125 0.3333333 0.4489557 0.5 0.430144 0.3333333 0.3758307 0.8333333 0.5005227 1 0.5005993 0.8333333 0.5005227 0 0.3673352 0.1666666 0.5003923 0.1666666 0.4489557 0.5 0.5300648 0.3333333 0.430144 0.3333333 0.5005993 0.8333333 0.5122262 0.6666667 0.3753623 0.6666667 0.430144 0.3333333 0.5300648 0.3333333 0.5003923 0.1666666 0.6456003 0.8333334 0.5005227 1 0.6545713 1 0.5122262 0.6666667 0.5205596 0.5 0.4489557 0.5 0.5005227 0 0.6601613 0.1666666 0.6545713 0 0.7914703 0.1666666 0.9999974 0.3853225 0.9999984 0.1457272 0.5300648 0.3333333 0.6601613 0.1666666 0.5003923 0.1666666 0.5005993 0.8333333 0.6456003 0.8333334 0.5122262 0.6666667 0.5300648 0.3333333 0.7479531 0.3333333 0.6601613 0.1666666 0.6456003 0.8333334 0.7520609 0.6666668 0.5122262 0.6666667 0.6601613 0.1666666 0.7914703 0.1666666 0.6545713 0 0.7479531 0.3333333 0.7914703 0.1666666 0.6601613 0.1666666 0.6456003 0.8333334 0.7869357 0.8333333 0.7520609 0.6666668 0.7914703 0.1666666 0.8300248 0 0.6545713 0 0.6494429 0.5 0.8301758 0.5 0.7479531 0.3333333 0.8300248 1 0.9999921 0.7485831 0.7869357 0.8333333 3.79008e-5 0.1666666 0.349911 0 4.67464e-5 0 0.7520609 0.6666668 0.9999921 0.7485831 0.8301758 0.5 0.9999921 0.7485831 0.9999974 0.3853225 0.8301758 0.5 0.8300248 1 1 1 0.9999921 0.7485831 0 0.3333333 0.3087078 0.3333333 3.79008e-5 0.1666666 1.10387e-5 0.5 0.3757467 0.5 0.3087078 0.3333333 0.3087078 0.3333333 0.7042539 0.5 0.7963871 0.3333333 3.66519e-5 0.6666667 0.3483844 0.6666667 0.3757467 0.5 0.2849404 0.8333334 0.3483844 0.6666667 3.66519e-5 0.6666667 0.349911 1 0.6344814 1 0.2849404 0.8333334 0.6344814 1 0.7755666 0.8333333 0.2849404 0.8333334 0.9998134 0 0.6648427 0.1666666 0.9999718 0.1787081 0.6344814 1 0.9998134 0.9607602 0.7755666 0.8333333 0.5529386 0.3333333 1.7352e-5 0.5 0.5867828 0.5 0.7963871 0.3333333 0.9999718 0.1787081 0.6648427 0.1666666 0.9999653 0.5938553 0.9999718 0.1787081 0.7963871 0.3333333 0.7755666 0.8333333 0.9998134 0.9607602 0.9999653 0.5938553 1.000001 0.3748989 0.5953412 0.6666668 0.9999999 0.8953569 6.12919e-5 0.6666666 0.5953412 0.6666668 0.5867828 0.5 0.2908825 0.8333333 0.5953412 0.6666668 6.12919e-5 0.6666666 0.3619834 1 0.7432095 1 0.7153477 0.8333333 0.4987506 0.1666666 0.9999544 0.1666666 0.7432095 0 0.5529386 0.3333333 0.9999544 0.1666666 0.4987506 0.1666666 0.5867828 0.5 1.000001 0.3748989 0.5529386 0.3333333 0.7432095 1 0.9999999 0.8953569 0.7153477 0.8333333 0.9999544 0.1666666 0.9999998 0 0.7432095 0 0.5009785 0.1666666 0.5893235 0 0.4946395 0 0 1 1.000001 0.9092846 1.86126e-7 0.7273955 0 0.3940632 1.000001 0.1666666 0 0.06072884 1.86126e-7 0.7273955 1.000001 0.424049 0 0.3940632 0 0.3333333 0.1494159 0.3333334 3.15086e-5 0.1666666 4.26685e-5 0.8333334 0.1587677 0.6666667 -3.5942e-7 0.6666666 0.2018296 1 0.3024737 0.8333334 4.26685e-5 0.8333334 2.18761e-6 0.5 0.2528547 0.5 0.1494159 0.3333334 0.1494159 0.3333334 0.4470193 0.3333333 0.2747253 0.1666666 0.3024737 0.8333334 0.4734415 0.6666668 0.1587677 0.6666667 0.4734415 0.6666668 0.4803821 0.5 0.2528547 0.5 0.2018296 1 0.4946395 1 0.3024737 0.8333334 0.4946395 1 0.5512843 0.8333334 0.3024737 0.8333334 0.4946395 1 0.5893235 1 0.5512843 0.8333334 0.5009785 0.1666666 0.6027836 0.3333333 0.6033893 0.1666666 0.4803821 0.5 0.6027836 0.3333333 0.4470193 0.3333333 0.4803821 0.5 0.6029534 0.6666667 0.6046378 0.5 0.6455466 0.8333333 0.5893235 1 0.647596 1 0.6637134 0.1666666 0.6027836 0.3333333 0.6868162 0.3333333 0.6033893 0.1666666 0.647596 0 0.5893235 0 0.5512843 0.8333334 0.6455466 0.8333333 0.6029534 0.6666667 0.6033893 0.1666666 0.6637134 0.1666666 0.647596 0 0.6027836 0.3333333 0.6619635 0.5 0.6868162 0.3333333 0.6029534 0.6666667 0.6619635 0.5 0.6046378 0.5 0.6455466 0.8333333 0.7346143 1 0.7950273 0.8333334 0.6455466 0.8333333 0.6706193 0.6666667 0.6029534 0.6666667 0.7346143 0 0.6637134 0.1666666 0.752845 0.1666666 1.000003 0.2246196 0.8768641 0.5 1 0.6005161 0.6619635 0.5 0.7442588 0.5 0.6868162 0.3333333 0.6706193 0.6666667 0.7442588 0.5 0.6619635 0.5 0.7346143 1 0.8657686 1 0.7950273 0.8333334 0.752845 0.1666666 0.8657686 0 0.7346143 0 0.7442588 0.5 0.8671036 0.3333334 0.6868162 0.3333333 0.6706193 0.6666667 0.8650588 0.6666667 0.7442588 0.5 0.8650588 0.6666667 0.8768641 0.5 0.7442588 0.5 0.752845 0.1666666 0.8910689 0.1666666 0.8657686 0 0.8671036 0.3333334 0.8910689 0.1666666 0.752845 0.1666666 0.8657686 1 0.9999403 0.8720056 0.7950273 0.8333334 0.8671036 0.3333334 1.000003 0.2246196 0.8910689 0.1666666 1.000003 0.2246196 1 0 0.8657686 0 0.2222352 0.3333333 0.4421159 0.5 0.44701 0.3333333 0 0.5 0.1861565 0.5 1.41788e-5 0.3333333 3.81523e-5 0.6666667 0.1861565 0.5 0 0.5 0.1861565 0.5 0.2222352 0.3333333 1.41788e-5 0.3333333 6.48909e-5 1 0.2987085 1 1.01593e-4 0.8333334 7.75082e-5 0.1666666 0.2987085 0 6.48909e-5 0 3.81523e-5 0.6666667 0.2885377 0.6666667 0.1861565 0.5 0.2987085 1 0.4343287 0.8333334 1.01593e-4 0.8333334 0.5281687 0.1666666 0.44701 0.3333333 0.5304912 0.3333333 0.4343287 0.8333334 0.4817148 0.6666667 0.2885377 0.6666667 0.2987085 1 0.4683947 1 0.4343287 0.8333334 0.4086008 0.1666666 0.5281687 0.1666666 0.4683947 0 0.44701 0.3333333 0.5299463 0.5 0.5304912 0.3333333 0.5281687 0.1666666 0.6732853 0.3333333 0.6717169 0.1666666 0.4817148 0.6666667 0.5299463 0.5 0.4421159 0.5 0.5281687 0.1666666 0.5495626 0 0.4683947 0 0.4817148 0.6666667 0.6446726 0.6666667 0.5299463 0.5 0.5495626 1 0.6938387 0.8333333 0.5280482 0.8333334 0.5304912 0.3333333 0.6653925 0.5 0.6732853 0.3333333 0.6827375 0 1.000007 0.1666666 0.9999384 0 0.5280482 0.8333334 0.6938387 0.8333333 0.6446726 0.6666667 0.6717169 0.1666666 0.6827375 0 0.5495626 0 0.6938387 0.8333333 0.7971548 0.6666668 0.6446726 0.6666667 0.6827375 1 0.9999384 0.9375743 0.6938387 0.8333333 0.7971548 0.6666668 0.9999384 0.9375743 0.9997558 0.5838107 0.7971548 0.6666668 0.9997558 0.5838107 0.6653925 0.5 3.36317e-5 0.8333333 0.5503246 1 0.5565239 0.8333333 1.10003e-4 0 0.5562851 0.1666666 0.5503246 0 7.95795e-5 0.1666666 0.5558632 0.3333333 0.5562851 0.1666666 3.36317e-5 0.8333333 0.5448563 0.6666667 9.20549e-5 0.6666667 1.30986e-4 0.5 0.5558632 0.3333333 1.41397e-4 0.3333333 0.5562851 0.1666666 0.7112267 0 0.5503246 0 1.30986e-4 0.5 0.6014745 0.5 0.5558632 0.3333333 0.5562851 0.1666666 0.7276681 0.3333334 0.7392737 0.1666666 0.5448563 0.6666667 0.7112267 0.9544109 0.7284434 0.6666667 0.5448563 0.6666667 0.7284434 0.6666667 0.6014745 0.5 0.6079363 0.8333334 0.3221602 1 0.6076716 1 0.7284434 0.6666667 0.7672722 0.5 0.6014745 0.5 0.7112267 0.9544109 1.000071 0.9274035 0.7704598 0.8333333 0.7276681 0.3333334 1.000028 0.3005793 0.7392737 0.1666666 0.7672722 0.5 1.000028 0.3005793 0.7276681 0.3333334 0.7704598 0.8333333 1.000058 0.6093702 0.7284434 0.6666667 0.7392737 0.1666666 1.000028 0.3005793 1.000125 0 -7.83213e-6 1 0.3203664 0.8333333 -1.7806e-6 0.7216581 -4.05434e-6 0.3714612 0.3284752 0.1666666 -4.87293e-6 0.06297135 0.3284752 0.1666666 0.3221602 0 -4.87293e-6 0.06297135 -1.7806e-6 0.7216581 0.3253358 0.6666668 0.3227866 0.5 0.6076716 0 0.3284752 0.1666666 0.6074302 0.1666666 0.3284752 0.1666666 0.6129043 0.3333333 0.6074302 0.1666666 0.314665 0.3333334 0.6042189 0.5 0.6129043 0.3333333 0.3253358 0.6666668 0.6042189 0.5 0.3227866 0.5 0.3253358 0.6666668 0.6079363 0.8333334 0.61141 0.6666667 0.6079363 0.8333334 0.7731819 1 0.7713855 0.7568619 0.7714022 0.09580755 0.6129043 0.3333333 0.7709456 0.4281401 0.7709456 0.4281401 0.61141 0.6666667 0.7713855 0.7568619 0.3326143 0.1666666 0.613902 0.3333333 0.6761285 0.1666666 0.7709456 0.4281401 1.00004 0.2678465 0.7714022 0.09580755 0.7713855 0.7568619 1.000012 0.6315856 0.7709456 0.4281401 0.7709456 0.4281401 1.000012 0.6315856 1.00004 0.2678465 0 1 0.3282167 1 -4.87562e-6 0.7952179 -1.42413e-6 0.4450737 0.318745 0.3333333 -5.55651e-6 0.1030328 -5.55651e-6 0.1030328 0.3326143 0.1666666 0.3282167 0 0.3290553 0.6666667 0.3308298 0.5 -1.42413e-6 0.4450737 0.3282167 1 0.6091744 0.8333334 0.330509 0.8333334 0.613902 0.3333333 0.3308298 0.5 0.6099906 0.5 -3.58348e-7 0 1.000003 0.2500907 1.000003 0 0.330509 0.8333334 0.6091744 0.8333334 0.3290553 0.6666667 0.6761285 0.1666666 0.686928 0 0.3282167 0 0.3290553 0.6666667 0.6872466 0.6666668 0.6099906 0.5 0.613902 0.3333333 0.771386 0.4261634 0.6761285 0.1666666 0.6872466 0.6666668 0.771386 0.4261634 0.6099906 0.5 0.686928 1 1.000046 1 0.7702971 0.8333333 0.771386 0.4261634 1.00001 0.3693204 0.6761285 0.1666666 0.7702971 0.8333333 1.000038 0.7319245 0.6872466 0.6666668 1.000038 0.7319245 1.00001 0.3693204 0.771386 0.4261634 1.000003 0.7500926 1.000003 0.4121535 -2.98137e-7 0.5833197 -2.38185e-7 0.9441123 1.000004 0.904725 0 0.6301774 5.347e-5 0 0.2659985 0.1666666 0.2873904 0 1.000004 0.904725 1.000003 0.5683733 0 0.6301774 -4.59587e-7 0.2723603 1.000004 0.0904659 -6.60282e-7 0 1.000003 1 1.000003 0.7454865 -6.81494e-7 0.9239962 5.347e-5 1 0.1711555 0.8333333 -4.99021e-7 0.8333333 0.2659985 0.1666666 5.03027e-5 0.3333333 0.284515 0.3333333 0.284515 0.3333333 1.85216e-5 0.5 0.2866651 0.5 1.85216e-5 0.5 0.278814 0.6666667 0.2866651 0.5 0.2659985 0.1666666 0.3849211 0 0.2873904 0 0.1711555 0.8333333 0.278814 0.6666667 1.30101e-5 0.6666667 0.2659985 0.1666666 0.3844573 0.3333334 0.4292755 0.1666666 0.3844573 0.3333334 0.2866651 0.5 0.3867387 0.5 0.3867387 0.5 0.278814 0.6666667 0.4013025 0.6666667 0.3782987 0.8333333 0.448264 1 0.4557456 0.8333333 0.3844573 0.3333334 0.4502998 0.5 0.4557462 0.3333334 0.4292755 0.1666666 0.448264 0 0.3849211 0 0.5614494 0.1666666 0.4557462 0.3333334 0.5747295 0.3333333 0.3782987 0.8333333 0.4557456 0.8333333 0.4013025 0.6666667 0.4557456 0.8333333 0.4739255 0.6666667 0.4013025 0.6666667 0.448264 1 0.5629161 1 0.4557456 0.8333333 0.4292755 0.1666666 0.5614494 0.1666666 0.5629161 0 0.4557462 0.3333334 0.5718361 0.5 0.5747295 0.3333333 0.4739255 0.6666667 0.5714286 0.8333333 0.6527019 0.6666667 0.4739255 0.6666667 0.5718361 0.5 0.4502998 0.5 0.722231 0.3333333 0.5718361 0.5 0.7281355 0.5 0.5629161 1 0.6700357 0.8333333 0.5714286 0.8333333 0.5747295 0.3333333 0.6687422 0.1666666 0.5614494 0.1666666 0.5714286 0.8333333 0.6700357 0.8333333 0.6527019 0.6666667 0.6687422 0.1666666 0.7147619 0 0.5629161 0 0.7394256 0.6666668 0.6700357 0.8333333 0.7392869 0.8333333 0.7147619 1 0.7392869 0.8333333 0.6700357 0.8333333 0.722231 0.3333333 0.7407802 0.1666666 0.6687422 0.1666666 0.6527019 0.6666667 0.7394256 0.6666668 0.7281355 0.5 0.7392869 0.8333333 0.8688537 1 0.858765 0.8333334 0.8688537 0 0.7407802 0.1666666 0.8569064 0.1666666 0.7407802 0.1666666 0.865796 0.3333334 0.8569064 0.1666666 0.7394256 0.6666668 0.858765 0.8333334 0.8621586 0.6666666 0.7281355 0.5 0.865796 0.3333334 0.722231 0.3333333 1.000003 0.2240717 0.8805571 0.5 1 0.6018581 0.8621586 0.6666666 0.8805571 0.5 0.7281355 0.5 0.8688537 1 1 0.8716423 0.858765 0.8333334 0.865796 0.3333334 1.000003 0.2240717 0.8569064 0.1666666 0.858765 0.8333334 1 0.8716423 0.8621586 0.6666666 1.000003 0.2240717 1 0 0.8688537 0 0.427439 0 0.2298094 0.1666666 0.5012573 0.1666666 -4.54505e-6 1 0.2419398 0.8333333 -1.23144e-7 0.7215809 0.2298094 0.1666666 0.2583234 0 -4.54505e-6 0 -1.23144e-7 0.7215809 0.2531688 0.6666666 4.14478e-5 0.5 0.2298094 0.1666666 0.429668 0.3333333 0.5012573 0.1666666 0.429668 0.3333333 0.5391738 0.5 0.5334038 0.3333333 0.3966723 0.5 0.429668 0.3333333 0.2501849 0.3333333 0.4266466 0.918543 0.5172337 0.6666666 0.2531688 0.6666666 0.4266466 0.918543 0.5449262 1 0.5361576 0.8333333 0.429668 0.3333333 0.5334038 0.3333333 0.5012573 0.1666666 0.7587487 0.8333334 0.5449262 1 0.762697 1 0.5172337 0.6666666 0.5391738 0.5 0.3966723 0.5 0.5391738 0.5 0.7506159 0.3333333 0.5334038 0.3333333 0.5449262 0 0.758697 0.1666666 0.762697 0 1.000006 0.7243914 0.762697 1 1 1 0.7506159 0.3333333 0.758697 0.1666666 0.5012573 0.1666666 0.5361576 0.8333333 0.7587487 0.8333334 0.5172337 0.6666666 0.5172337 0.6666666 0.7828419 0.6666667 0.7536495 0.5 0.7506159 0.3333333 1.000001 0.371652 0.758697 0.1666666 0.7536495 0.5 1.000001 0.371652 0.7506159 0.3333333 0.7587487 0.8333334 1.000006 0.7243914 0.7828419 0.6666667 0.5135927 0.5 1 0.6666667 1.000001 0.271206 1.000006 0.7243914 1.000001 0.371652 0.7536495 0.5 -6.88588e-6 0.4376211 0.4992933 0.3333334 -5.07661e-6 0.1284695 -4.23379e-7 0.7782697 0.5049718 0.6666667 -6.88588e-6 0.4376211 0.5007489 1 0.5142653 0.8333334 -4.23379e-7 0.7782697 -6.88588e-6 0.4376211 0.5135927 0.5 0.4992933 0.3333334 0.4989619 0.1666666 1.000001 0.271206 0.5007489 0 0.4992933 0.3333334 1.000001 0.271206 0.4989619 0.1666666 1 0.6666667 0.5142653 0.8333334 1 0.9357708 0.514477 0.3333334 1 0.5 1 0.2290269 -2.47627e-6 1 0.4966441 0.8333333 -1.23723e-6 0.7282786 -1.23723e-6 0.7282786 0.50716 0.5 -8.68312e-7 0.3880403 -8.68312e-7 0.3880403 0.514477 0.3333334 0.4968101 0.1666666 0.4966441 0.8333333 0.5142312 0.6666667 -1.23723e-6 0.7282786 0.4962375 1 0.9999997 0.8952124 0.4966441 0.8333333 0.4968101 0.1666666 0.9999995 0 0.4962375 0 1 0.5 0.5142312 0.6666667 0.9999997 0.8952124 2.61109e-5 0.2077533 0.2697884 0 1.24174e-4 0 0.1731899 0.8333334 0.2495126 0.6666667 1.68356e-5 0.5472877 1.24261e-4 0.9611636 0.2697884 1 0.1731899 0.8333334 0.3014419 0.5 0.5761449 0.6666667 0.5724376 0.5 0.1671101 0.3333333 0.3429627 0.1666666 2.61109e-5 0.2077533 0.1671101 0.3333333 0.4239159 0.3333334 0.3429627 0.1666666 0.2697884 1 0.5418652 1 0.4454949 0.8333333 0.3014419 0.5 0.5724376 0.5 0.4239159 0.3333334 0.4239159 0.3333334 0.680745 0.1666666 0.3429627 0.1666666 0.4454949 0.8333333 0.5761449 0.6666667 0.2495126 0.6666667 0.8123362 0.5 0.5761449 0.6666667 0.832401 0.6268594 0.5724376 0.5 0.7830121 0.3333333 0.4239159 0.3333334 0.5418652 1 0.8102046 1 0.8220111 0.8333333 0.680745 0.1666666 0.8266085 0.1176939 0.5418652 0 0.7830121 0.3333333 0.832401 0.6268594 0.8842731 0.3264729 0.7830121 0.3333333 0.8842731 0.3264729 0.8266085 0.1176939 0.832401 0.6268594 0.8905283 0.9287508 0.9016017 0.5738028 0.8266085 0.1176939 0.8842731 0.3264729 0.8829516 0 0.1711345 0.8333333 0.3993082 1 0.399627 0.8333333 0.8842731 0.3264729 1.000015 0.03641968 0.8829516 0 0.9016017 0.5738028 1.000037 0.4004023 0.8842731 0.3264729 1.000037 0.4004023 1.000015 0.03641968 0.8842731 0.3264729 1.06399e-4 1 0.1711345 0.8333333 -5.49135e-7 0.7217049 -5.49135e-7 0.7217049 0.2693306 0.6666666 2.92017e-5 0.5 0.2693306 0.6666666 0.3421552 0.4706056 2.92017e-5 0.5 0.1663478 0.1666666 0.3993082 0 1.06399e-4 0 0.3421552 0.4706056 0.6288838 0.6666667 0.6219708 0.5 0.7485126 0.8333333 0.3993082 1 0.7600926 1 0.3993082 0 0.7544768 0.1666666 0.7600926 0 -2.91941e-7 0 1 0.1666666 1 0 0.3421552 0.4706056 0.7544768 0.1666666 0.4001897 0.1666666 0.399627 0.8333333 0.7485126 0.8333333 0.6288838 0.6666667 0.3421552 0.4706056 0.7852347 0.3333334 0.7544768 0.1666666 0.6219708 0.5 0.9999695 0.5808777 0.7852347 0.3333334 0.7485126 0.8333333 0.9999695 0.5808777 0.6288838 0.6666667 0.7544768 0.1666666 1 0.2052668 0.7600926 0 0.7852347 0.3333334 1 0.2052668 0.7544768 0.1666666 0.7485126 0.8333333 1.000001 0.8940583 0.9999695 0.5808777 0.9999695 0.5808777 1 0.2052668 0.7852347 0.3333334 -8.18687e-6 0.5609297 0.5018309 0.3333334 -1.59964e-5 0.2234675 -6.07959e-6 0.8713321 0.5018243 0.6666667 -8.18687e-6 0.5609297 -1.59964e-5 0.2234675 0.5023686 0.1666666 0.50182 0 0.5018243 0.6666667 0.5023575 0.5 -8.18687e-6 0.5609297 0.50182 1 1.000007 0.8711799 0.5024197 0.8333333 0.5018309 0.3333334 1.000017 0.2233977 0.5023686 0.1666666 0.5023575 0.5 1.000008 0.5610597 0.5018309 0.3333334 0.5024197 0.8333333 1.000007 0.8711799 0.5018243 0.6666667 1.000017 0.2233977 1 0 0.50182 0 1.98881e-7 0.5 1 0.6666667 1 0.4166669 -2.91941e-7 0.2455507 1 0.4166669 1 0.1666666 0.2125358 1 0.2719153 0.8333333 0.2085178 0.8333334 0 0.7500001 0.9999999 0.9240915 1 0.6666667 2.55244e-6 0.9466663 0.2125358 1 0.2085178 0.8333334 0.2085976 0.5 0.2244952 0.3333333 2.99285e-6 0.3861039 0.2085178 0.8333334 0.2661629 0.5485038 0.2117545 0.6666667 0.228047 0.1666666 0.2744222 0 0.2125358 0 0.2085976 0.5 0.2661629 0.5485038 0.2244952 0.3333333 0.2876228 0.2384463 0.4591746 0 0.2744222 0 0.228047 0.1666666 0.2876228 0.2384463 0.2744222 0 0.2661629 0.5485038 0.2876228 0.2384463 0.2244952 0.3333333 0.2873488 0.6666667 0.4613391 0.5910862 0.2661629 0.5485038 0.2719153 0.8333333 0.4613391 0.5910862 0.2873488 0.6666667 0.5536859 0 0.4597877 0.250371 0.5222142 0.2548269 0.2661629 0.5485038 0.4613391 0.5910862 0.4597877 0.250371 0.4613391 0.5910862 0.5222142 0.2548269 0.4597877 0.250371 0.521254 0.6666668 0.4604952 0.9110053 0.5258617 0.9467217 0.521254 0.6666668 0.5340638 0.4787264 0.4613391 0.5910862 0.521254 0.6666668 0.6098213 0.8333333 0.6095233 0.5816712 0.5222142 0.2548269 0.5340638 0.4787264 0.6097064 0.1666666 0.6098213 0.8333333 0.7488694 1 0.747368 0.8333333 0.7488694 0 0.6097064 0.1666666 0.7491827 0.1666666 0.6097064 0.1666666 0.7444704 0.3333333 0.7491827 0.1666666 0.6095233 0.5816712 0.7444704 0.3333333 0.5340638 0.4787264 0.7337716 0.6666668 0.6098213 0.8333333 0.747368 0.8333333 0.7337716 0.6666668 0.7500711 0.5 0.6095233 0.5816712 0.7491827 0.1666666 0.9999982 0 0.7488694 0 0.7491827 0.1666666 0.9999977 0.4199164 0.9999974 0.1666666 0.1621679 0.7417939 0.3240237 1 0.3328535 0.8333333 -9.21049e-7 0.205539 0.163671 0.06848353 0 0 -6.08548e-7 0.8941282 0.1621679 0.7417939 -2.14129e-6 0.5552939 0.1617121 1 0.1621679 0.7417939 -6.08548e-7 0.8941282 0.165288 0.4087009 0.3251549 0.6666667 0.3338398 0.4365525 0.163671 0.06848353 0.3328812 0.1666666 0.3240237 0 0.165288 0.4087009 0.3328812 0.1666666 0.163671 0.06848353 0.6715916 0.7036779 0.99998 0.5 0.5730673 0.5 0.1621679 0.7417939 0.3328535 0.8333333 0.3251549 0.6666667 0.3328812 0.1666666 0.4864608 0 0.3240237 0 0.3338398 0.4365525 0.4762362 0.3333334 0.3328812 0.1666666 0.3251549 0.6666667 0.4963726 0.7624243 0.3338398 0.4365525 0.3328535 0.8333333 0.4963726 0.7624243 0.3251549 0.6666667 0.4864608 1 0.4963726 0.7624243 0.3328535 0.8333333 0.3338398 0.4365525 0.5730673 0.5 0.4762362 0.3333334 0.5730673 0.5 0.6528216 0.3333333 0.4762362 0.3333334 0.6528216 0.3333333 0.7849322 0.1666666 0.5331448 0.1666666 0.4311643 0.8333333 0.7562248 1 0.6924911 0.7765188 0.9999688 0.8333333 0.9999756 0.6666667 0.6715916 0.7036779 0.6528216 0.3333333 0.9999964 0.2548774 0.7849322 0.1666666 0.7849322 0.1666666 0.9999964 0.2548774 0.7207697 0 0.7207697 1 1 1 0.9999688 0.8333333 -2.45724e-6 0.611489 0.3361204 0.5 5.03677e-5 0.3333334 1.46386e-5 0.8990442 0.3478169 0.6666668 -2.45724e-6 0.611489 0.3361204 0.5 0.4238001 0.3333333 5.03677e-5 0.3333334 1.46386e-5 0.8990442 0.4311643 0.8333333 0.3478169 0.6666668 0.2994638 0.1666666 0.6952371 0.2881171 0.3344401 0 0.4238001 0.3333333 0.7544896 0.5 0.6952371 0.2881171 0.6952371 0.2881171 0.7562248 0 0.3344401 0 0.3361204 0.5 0.6924911 0.7765188 0.7544896 0.5 0.8108548 0.7118437 1 0.3891177 0.7544896 0.5 0.6924911 0.7765188 0.8108548 0.7118437 0.7544896 0.5 0.7544896 0.5 0.8058272 0.2181494 0.6952371 0.2881171 0.8058272 0.2181494 1.000022 0.1308541 0.7562248 0 0.7562248 1 1 1 1.000016 0.7752203 0.4854722 0.06938767 3.20776e-5 0.3527419 0.6037349 0.3333334 3.57244e-5 0.7571478 0.4151926 0.5 3.20776e-5 0.3527419 2.30802e-5 1 0.4761678 1 3.57244e-5 0.7571478 3.57244e-5 0.7571478 0.5176575 0.6666667 0.4151926 0.5 0.4761678 1 0.5099345 0.8333333 3.57244e-5 0.7571478 0.3553856 0 0.7826927 0.1666666 0.7934239 0 0.4761678 1 0.9999735 1 0.5099345 0.8333333 0.4854722 0.06938767 0.999978 0.2022482 0.9999735 0 0.6037349 0.3333334 0.999978 0.2022482 0.4854722 0.06938767 0.5176575 0.6666667 0.9999821 0.5 0.4151926 0.5 0.9999821 0.5 0.999978 0.2022482 0.6037349 0.3333334 0.5176575 0.6666667 0.9999872 0.7870623 0.9999821 0.5 1 0.2500004 1 0 0 0.08333325 0 0.4122174 1 0.5833335 1 0.2500004 0.9999999 0.9092403 1 0.5833335 0 0.7500014 -1.38119e-6 0.9449988 0.1684346 0.7968819 4.20283e-4 0.6056454 0.3409761 0.1666666 0.3553856 0 -2.06151e-6 0 2.3653e-4 0.2944464 0.3992187 0.3333333 0.3409761 0.1666666 4.20283e-4 0.6056454 0.3992187 0.3333333 2.3653e-4 0.2944464 0.3553856 1 0.4665519 0.8333333 0.1684346 0.7968819 4.20283e-4 0.6056454 0.4176778 0.5009262 0.3992187 0.3333333 0.4392085 0.4054187 0.5579398 0.6227987 0.5867987 0.3333333 0.3992187 0.3333333 0.4176778 0.5009262 0.7826927 0.1666666 0.7934239 1 0.99998 0.751111 0.4665519 0.8333333 0.4176778 0.5009262 0.9999834 0.3838202 0.7826927 0.1666666 0.7826927 0.1666666 1 0.1278145 0.7934239 0 0.9999834 0.3838202 1 0.1278145 0.7826927 0.1666666 0.99998 0.751111 0.9999834 0.3838202 0.7659494 0.5616787 0.7934239 1 1 1 0.99998 0.751111 -2.9396e-7 0.08333313 0.9999997 0.2499991 0.9999998 0 0.9999998 0.5759074 0.9999997 0.2499991 -3.07129e-7 0.4211156 0.9999998 0.9166672 0.9999998 0.5759074 -1.82251e-7 0.7500003 -8.95531e-7 0.8720372 0.180381 0.5844591 -6.5668e-7 0.5609162 2.54743e-5 0.2784528 0.2571663 0.3306385 0.2135044 0 0.180381 0.5844591 0.2571663 0.3306385 2.54743e-5 0.2784528 0.180381 0.5844591 0.4018055 0.5786423 0.2571663 0.3306385 0.2164713 0.8333333 0.4018055 0.5786423 0.180381 0.5844591 0.4392085 0.4054187 0.540332 0.08114969 0.4243087 0 0.6312785 0.8333333 0.5438336 1 0.6345314 1 0.6312785 0.8333333 0.8029772 1 0.8164466 0.8333333 0.5867987 0.3333333 0.6361459 0.07635205 0.540332 0.08114969 0.470021 0.9186225 0.6312785 0.8333333 0.5579398 0.6227987 0.6312785 0.8333333 0.6366246 0.533801 0.5579398 0.6227987 0.5867987 0.3333333 0.8017528 0.3333334 0.6361459 0.07635205 0.6312785 0.8333333 0.8035973 0.6666667 0.6366246 0.533801 0.6361459 0.07635205 0.8095269 0.1666666 0.8029772 0 0.6366246 0.533801 0.8117299 0.5 0.8017528 0.3333334 0.8035973 0.6666667 0.8117299 0.5 0.6366246 0.533801 0.8117299 0.5 1 0.773546 1.000002 0.3894662 0.8029772 1 1.000004 1 0.8164466 0.8333333 0.8095269 0.1666666 1.000003 0.0382536 0.8029772 0 0.8117299 0.5 1.000002 0.3894662 0.8017528 0.3333334 1.000002 0.3894662 1.000003 0.0382536 0.8095269 0.1666666 1.459e-5 0.7764635 0.3384505 0.5 -6.8409e-7 0.4449601 0 1 0.3266085 1 1.459e-5 0.7764635 -6.8409e-7 0.4449601 0.322884 0.3333333 -2.0143e-6 0.1062065 -2.0143e-6 0.1062065 0.455254 0.1666666 0.3266085 0 0.322884 0.3333333 0.7038818 0.5 0.9999715 0.4169042 1.459e-5 0.7764635 0.5686298 0.8333333 0.5708419 0.6666666 0.455254 0.1666666 0.7083153 0 0.3266085 0 1.000003 0.7223481 0.5125486 1 1 1 0.455254 0.1666666 0.9999876 0.100663 0.7083153 0 0.7083153 1 1.000001 0.9611176 0.5686298 0.8333333 0.5708419 0.6666666 1.000001 0.6666667 0.7038818 0.5 0.5686298 0.8333333 1.000001 0.9611176 1.000001 0.6666667 -2.8639e-6 0.6057459 0.5016834 0.5737416 -3.23246e-6 0.2947566 -8.49424e-6 0.9443049 0.5015552 0.8333333 -2.8639e-6 0.6057459 0.5014678 0.1666666 0.5125486 0 -1.27574e-5 0 0.502111 0.3333333 1.000004 0.371864 0.5014678 0.1666666 0.5016834 0.5737416 1.000004 0.371864 0.502111 0.3333333 0.5015552 0.8333333 1.000003 0.7223481 0.5016834 0.5737416 0.2819248 0.8333333 0.6656846 1 0.6624875 0.8333333 1.000003 0.7223481 1.000004 0.371864 0.5016834 0.5737416 1.06901e-5 0.1666666 0.2724035 0 0 0 -5.0552e-7 0.4394176 0.2833797 0.3333333 1.06901e-5 0.1666666 -1.80266e-7 0.8335917 0.2843645 0.6666666 -5.0552e-7 0.4394176 0.2724035 1 0.2819248 0.8333333 -1.80266e-7 0.8335917 -5.0552e-7 0.4394176 0.2830307 0.5 0.2833797 0.3333333 1.06901e-5 0.1666666 0.3200676 0.1666666 0.2724035 0 0.2833797 0.3333333 0.3200676 0.1666666 1.06901e-5 0.1666666 0.6656846 0 0.3200676 0.1666666 0.6639042 0.1666666 0.6656846 1 0.9999974 0.7507904 0.6624875 0.8333333 0.2833797 0.3333333 0.6639042 0.1666666 0.3200676 0.1666666 0.2843645 0.6666666 0.6654782 0.5 0.2830307 0.5 0.2819248 0.8333333 0.6624875 0.8333333 0.2843645 0.6666666 0.2833797 0.3333333 0.6697567 0.3333334 0.6639042 0.1666666 0.2843645 0.6666666 0.670392 0.6666668 0.6654782 0.5 0.6624875 0.8333333 0.670392 0.6666668 0.2843645 0.6666666 0.9999976 0.08243614 0.6697567 0.3333334 0.9999971 0.4197639 0.9999971 0.4197639 0.670392 0.6666668 0.9999974 0.7507904 1.000002 0.7219538 0.5114277 1 1 1 -1.5612e-6 0.6058446 0.5013281 0.5 -1.59235e-6 0.2946001 -3.95012e-6 0.9447916 0.5014471 0.8333333 -1.5612e-6 0.6058446 0.5013913 0.1666666 0.5114277 0 -5.90672e-6 0 -1.5612e-6 0.6058446 0.5019705 0.6666666 0.5013281 0.5 0.5019959 0.3333333 1.000002 0.372056 0.5013913 0.1666666 0.5013281 0.5 1.000002 0.372056 0.5019959 0.3333333 0.5014471 0.8333333 1.000002 0.7219538 0.5019705 0.6666666 1.24342e-4 0.1666666 0.4201294 0.3333333 0.5643677 0.1666666 1.000002 0.7219538 1.000002 0.372056 0.5013281 0.5 0 1 0.2979106 1 1.89289e-4 0.8159092 0.2979106 1 0.4774273 0.8333333 1.89289e-4 0.8159092 0.4201294 0.3333333 8.92702e-5 0.5 0.4839869 0.5 0.2625554 0.6666666 3.88654e-5 0.8333333 0.3279598 0.8333334 1.89289e-4 0.8159092 0.4774273 0.8333333 0.2813836 0.6666666 0.2979106 1 0.7105327 1 0.4774273 0.8333333 0.5643677 0.1666666 0.7105327 0 0.2979106 0 0.2813836 0.6666666 0.7089446 0.6666667 0.4839869 0.5 0.4201294 0.3333333 0.7488685 0.3333333 0.5643677 0.1666666 0.7105327 1 0.7846208 0.8333333 0.4774273 0.8333333 0.4839869 0.5 0.7844864 0.5 0.7488685 0.3333333 0.5643677 0.1666666 0.9998726 0.1666666 0.7105327 0 0.7105327 1 0.9999999 0.9602076 0.7846208 0.8333333 0.9998726 0.1666666 0.9999998 0 0.7105327 0 0.7844864 0.5 1.000006 0.3912866 0.7488685 0.3333333 0.7089446 0.6666667 1.000013 0.6666667 0.7844864 0.5 0.7846208 0.8333333 0.9999999 0.9602076 1.000013 0.6666667 0 0.5 0.1511852 0.5 -3.93135e-7 0.3333333 2.60026e-5 0.6666668 0.1511852 0.5 0 0.5 -3.93135e-7 0.3333333 0.1496577 0.3333333 1.18035e-4 0.1666666 2.60026e-5 0.6666668 0.2625554 0.6666666 0.1511852 0.5 0.3809145 0.3333334 0.1511852 0.5 0.3946259 0.5 0.1496577 0.3333333 0.3563058 0.1666666 1.18035e-4 0.1666666 0.1496577 0.3333333 0.3809145 0.3333334 0.3563058 0.1666666 0.6193792 0.3333334 0.3946259 0.5 0.6565162 0.5 0.2625554 0.6666666 0.3946259 0.5 0.1511852 0.5 0.200096 1 0.4881632 1 0.3279598 0.8333334 0.3563058 0.1666666 0.4881632 0 0.200096 0 0.3279598 0.8333334 0.4968785 0.6666667 0.2625554 0.6666666 0.4881632 1 0.6095764 0.8333333 0.3279598 0.8333334 0.3809145 0.3333334 0.5627881 0.1666666 0.3563058 0.1666666 0.3279598 0.8333334 0.6095764 0.8333333 0.4968785 0.6666667 0.3809145 0.3333334 0.6193792 0.3333334 0.5627881 0.1666666 0.9063579 0.7227173 1 0.3996502 0.8772197 0.5 0.4968785 0.6666667 0.6565162 0.5 0.3946259 0.5 0.4881632 1 0.7040805 1 0.6095764 0.8333333 0.6565162 0.5 0.8538897 0.3333334 0.6193792 0.3333334 0.6095764 0.8333333 0.8484343 0.8333333 0.8211419 0.6666667 0.8487582 0.1666666 0.8779738 0 0.7040805 0 0.6565162 0.5 0.8772197 0.5 0.8538897 0.3333334 0.8211419 0.6666667 0.9063579 0.7227173 0.8772197 0.5 0.8484343 0.8333333 0.9063579 0.7227173 0.8211419 0.6666667 0.8487582 0.1666666 0.9142988 0.2651006 0.8779738 0 0.8772197 0.5 0.9142988 0.2651006 0.8538897 0.3333334 0.9142988 0.2651006 1.000008 0.1246747 0.8779738 0 0.8779738 1 1 1 1.00001 0.7741854 2.66357e-7 0.227669 1.000003 0 -5.04385e-7 0 -9.50676e-7 0.5906613 1.000004 0.2573354 2.66357e-7 0.227669 -9.50676e-7 0.5906613 1.000003 0.9121866 1.000004 0.5788528 0.4319763 0.8333333 0.5634717 1 0.5728372 0.8333333 -1.0845e-6 1 0.176758 0.8333334 0 0.8333333 1.09826e-5 0.5 0.354511 0.3333333 9.46352e-6 0.3333333 2.56617e-5 0.6666666 0.3413558 0.6666666 1.09826e-5 0.5 1.09826e-5 0.5 0.300958 0.5 0.354511 0.3333333 0.2396246 0.1666666 0.4050769 0 0.1634588 0 0.2396246 0.1666666 0.571992 0.1666666 0.4050769 0 0.3413558 0.6666666 0.5746542 0.5 0.300958 0.5 0.5718633 0.6666668 0.4319763 0.8333333 0.5728372 0.8333333 0.571992 0.1666666 0.5634717 0 0.4050769 0 0.3413558 0.6666666 0.5718633 0.6666668 0.5746542 0.5 0.7679162 0.1666666 0.5710957 0.3333334 0.7540317 0.3333333 0.5634717 1 0.7643879 1 0.5728372 0.8333333 0.571992 0.1666666 0.7679162 0.1666666 0.7643879 0 0.5710957 0.3333334 0.7069669 0.5 0.7540317 0.3333333 0.5718633 0.6666668 0.7069669 0.5 0.5746542 0.5 0.5718633 0.6666668 0.7618777 0.8333333 0.7683587 0.6666666 0.390375 0 0.7856692 0.1666666 1.000348 0 0.7069669 0.5 0.862999 0.5 0.7540317 0.3333333 0.862999 0.5 1.000002 0.2898545 0.7540317 0.3333333 0.7643879 1 1 0.9605121 0.7618777 0.8333333 0.7679162 0.1666666 1 0 0.7643879 0 0.7683587 0.6666666 1.000002 0.6096159 0.862999 0.5 0.7618777 0.8333333 1 0.9605121 1.000002 0.6096159 3.52097e-5 1 0.390375 1 3.93012e-5 0.8333333 0.3481979 0.1666666 0.390375 0 3.16423e-5 0.01688677 -7.50835e-6 0.5 0.4164585 0.3333334 1.15429e-5 0.3333333 4.53224e-6 0.6666668 0.4081009 0.6666668 -7.50835e-6 0.5 0.390375 1 0.4053609 0.8333333 3.93012e-5 0.8333333 -7.50835e-6 0.5 0.4158827 0.5 0.4164585 0.3333334 0.4053609 0.8333333 0.7802386 0.8333334 0.4081009 0.6666668 0.390375 1 1.000348 0.9360246 0.7802386 0.8333334 0.7920419 0.3333333 0.4158827 0.5 0.9969732 0.6642051 0.4164585 0.3333334 0.7856692 0.1666666 0.3481979 0.1666666 0.4164585 0.3333334 0.7920419 0.3333333 0.7856692 0.1666666 0.4158827 0.5 0.7971891 0.6666666 0.9969732 0.6642051 0.7971891 0.6666666 1.000348 0.9360246 0.9969732 0.6642051 0.7802386 0.8333334 0.7971891 0.6666666 0.4081009 0.6666668 0.7856692 0.1666666 0.9999999 0.272852 1.000348 0 0.7920419 0.3333333 0.9999999 0.272852 0.7856692 0.1666666 1.3418e-4 1 0.6725977 0.8333333 3.05079e-5 0.8333333 1.3418e-4 0 0.6611472 0.1666666 1.000502 0 0.6611472 0.1666666 1.74998e-4 0.3333333 0.6762833 0.3333334 0.6762833 0.3333334 1.0986e-4 0.5 0.6782409 0.6232874 3.52801e-5 0.6666667 0.6725977 0.8333333 0.6782409 0.6232874 0.6782409 0.6232874 1.000502 0.9345466 1.000005 0.5571745 0.6611472 0.1666666 1 0.2059854 1.000502 0 0.6762833 0.3333334 1 0.2059854 0.6611472 0.1666666 1.000005 0.5571745 1 0.2059854 0.6762833 0.3333334 0.2835482 0.3333333 0.5590715 0.5 0.5686037 0.3333333 -2.63416e-7 0.2500099 1.000004 0.4211469 1.000004 0.08327472 1.10391e-5 1 0.2713333 0.8333333 -1.3244e-7 0.8333333 1.10391e-5 1 0.2819772 1 0.2713333 0.8333333 -3.56191e-6 0.5 0.2835482 0.3333333 1.0929e-5 0.3333333 -3.56191e-6 0.5 0.2877495 0.5 0.2835482 0.3333333 0.2384469 0.6666667 0.3140471 0.6666667 0.2877495 0.5 0.2713333 0.8333333 0.4226377 0.8333333 0.3140471 0.6666667 0.2824906 0.1666666 0.4290223 0.1666666 0.2819772 0 0.2835482 0.3333333 0.4290223 0.1666666 0.2824906 0.1666666 0.2877495 0.5 0.5074166 0.6666667 0.5590715 0.5 0.7152264 0 0.573084 0.1666666 0.710837 0.2135602 0.4290223 0.1666666 0.5681858 0 0.2819772 0 0.5681858 1 0.5629989 0.8333333 0.4226377 0.8333333 0.5074166 0.6666667 0.5973553 0.6666667 0.5590715 0.5 0.5629989 0.8333333 0.5973553 0.6666667 0.5074166 0.6666667 0.5973553 0.6666667 0.7067814 0.5 0.5590715 0.5 0.5629989 0.8333333 0.7113464 0.8333333 0.5973553 0.6666667 0.5681858 1 0.7152264 1 0.7113464 0.8333333 0.8609744 0.5 0.7127841 0.6666667 0.8596538 0.6666667 0.7067814 0.5 0.710837 0.2135602 0.5686037 0.3333333 0.7152264 1 0.8605169 0.8333333 0.7113464 0.8333333 0.7067814 0.5 0.8609744 0.5 0.8567657 0.3333333 0.7127841 0.6666667 0.8605169 0.8333333 0.8596538 0.6666667 0.7741707 0 0.3301151 0.1666666 0.7716912 0.1666666 0.8589426 0.1666666 0.8671527 0 0.7152264 0 0.8671527 1 1.000023 0.9337446 0.8605169 0.8333333 0.8567657 0.3333333 1.000007 0.2963796 0.8589426 0.1666666 0.8609744 0.5 1.000007 0.2963796 0.8567657 0.3333333 0.8605169 0.8333333 1.000011 0.6105931 0.8596538 0.6666667 0.8589426 0.1666666 1.000007 0.2963796 1.000038 0 0.3301151 0.1666666 0.3238176 0 0 0.108412 -2.87581e-6 0.3333333 0.3301151 0.1666666 0 0.108412 2.22379e-7 0.6666667 0.2610286 0.6666668 4.75813e-5 0.5 0.2610286 0.6666668 0.3781313 0.5 4.75813e-5 0.5 0.3238176 1 0.4012471 0.8333334 8.78787e-5 0.8333333 0.2610286 0.6666668 0.6219797 0.6666667 0.3781313 0.5 0.4012471 0.8333334 0.7537977 0.8333334 0.6219797 0.6666667 0.3238176 1 0.7741707 1 0.7537977 0.8333334 0.3301151 0.1666666 0.766438 0.3333333 0.7716912 0.1666666 0.3781313 0.5 0.766438 0.3333333 0.3289169 0.3333333 1.000002 0 0.4852986 0.1666666 0.9999859 0.2418323 0.6219797 0.6666667 0.7666749 0.5 0.3781313 0.5 0.6219797 0.6666667 0.9999594 0.6109936 0.7666749 0.5 0.7716912 0.1666666 1 0.206034 0.7741707 0 0.766438 0.3333333 1 0.206034 0.7716912 0.1666666 0.9999594 0.6109936 1 0.206034 0.766438 0.3333333 0.7537977 0.8333334 1 0.9349973 0.9999594 0.6109936 0 0.4162889 0.4689803 0.3333333 7.35692e-6 0.1666666 0 0.4162889 0.4483816 0.5 0.4689803 0.3333333 -3.21527e-7 0.6666667 0.4483816 0.5 0 0.4162889 7.35692e-6 0.1666666 0.4852986 0.1666666 1.58918e-5 0 0.4689803 0.3333333 0.4852986 0.1666666 7.35692e-6 0.1666666 1.58918e-5 1 0.4816934 1 1.30377e-5 0.8333333 0.4852986 0.1666666 0.4816934 0 1.58918e-5 0 0.4816934 1 0.5092505 0.8333334 1.30377e-5 0.8333333 0.4816934 1 1.000002 1 0.5092505 0.8333334 0.6555348 0.8333333 9.11538e-5 1 1.00096 1 0.4689803 0.3333333 0.9999859 0.2418323 0.4852986 0.1666666 0.4876967 0.6666668 0.9999825 0.5 0.4483816 0.5 0.9999825 0.5 0.9999859 0.2418323 0.4689803 0.3333333 1.000002 1 1.000001 0.7498608 0.5092505 0.8333334 0.4876967 0.6666668 1.000001 0.7498608 0.9999825 0.5 9.11538e-5 0 0.6411898 0.1666666 1.00096 0 0.6675209 0.3333333 7.79902e-5 0.5 0.9996134 0.5 1.66432e-4 0.3333333 0.6411898 0.1666666 1.27414e-4 0.1666666 6.18638e-5 0.8333333 0.6555348 0.8333333 3.25967e-5 0.6666667 7.79902e-5 0.5 0.6751038 0.6666667 0.9996134 0.5 0 0.7730112 1.000003 1 1.000003 0.7427677 0.6411898 0.1666666 1 0.2059835 1.00096 0 0.6675209 0.3333333 1 0.2059835 0.6411898 0.1666666 0.9996134 0.5 1 0.2059835 0.6675209 0.3333333 0 0.4390813 1.000003 0.4093074 -3.28474e-7 0.0833255 0 0.7730112 1.000003 0.7427677 0 0.4390813 0.2596602 0.1666666 0.5694218 0.3333333 0.5652756 0.1666666 1.000003 0.4093074 1.000003 0.08329266 -3.28474e-7 0.0833255 -1.71637e-7 0.7786293 0.2568798 0.6666667 -3.29288e-7 0.5 2.28166e-5 1 0.2561571 0.8333333 -1.71637e-7 0.7786293 -3.29288e-7 0.5 0.2563051 0.5 0.2530821 0.3333334 0.2596602 0.1666666 0.3206701 0 2.28166e-5 0 0.2568798 0.6666667 0.5630099 0.5 0.2563051 0.5 0.3206701 1 0.5671278 0.8333334 0.2561571 0.8333333 0.2568798 0.6666667 0.5671278 0.8333334 0.5688527 0.6666666 0.2568798 0.6666667 0.5688527 0.6666666 0.5630099 0.5 0.5819346 0 0.852844 0.1666666 0.8505877 0 0.5652756 0.1666666 0.5819346 0 0.3206701 0 0.5819346 1 0.8505877 1 0.5671278 0.8333334 0.5694218 0.3333333 0.8538404 0.5 0.8543179 0.3333333 0.5694218 0.3333333 0.852844 0.1666666 0.5652756 0.1666666 0.5688527 0.6666666 0.8496565 0.6666666 0.5630099 0.5 0.8505877 1 0.8541604 0.8333333 0.5671278 0.8333334 0.5694218 0.3333333 0.8543179 0.3333333 0.852844 0.1666666 0.8543179 0.3333333 1 0.6117679 1 0.2271036 0.8505877 1 1 0.9610236 0.8541604 0.8333333 0.852844 0.1666666 1.000001 0 0.8505877 0 0.8496565 0.6666666 1 0.6117679 0.8538404 0.5 0.29249 0 1.79839e-5 0.1666666 0.2891752 0.1666666 0.8541604 0.8333333 1 0.9610236 1 0.6117679 1.21127e-5 1 0.2795922 0.8333334 -8.4471e-7 0.7273773 1.00078e-5 0.443563 0.2368063 0.3333334 1.79839e-5 0.1666666 0.2795922 0.8333334 0.2823197 0.6666668 -8.4471e-7 0.7273773 1.00078e-5 0.443563 0.2542213 0.5 0.2368063 0.3333334 1.21127e-5 1 0.29249 1 0.2795922 0.8333334 0.29249 0 0.5706712 0.1666666 0.5640017 0 0.2368063 0.3333334 0.3164992 0.3333334 0.2891752 0.1666666 0.2542213 0.5 0.3164992 0.3333334 0.2368063 0.3333334 0.2542213 0.5 0.3339176 0.5 0.3164992 0.3333334 0.29249 1 0.5244683 0.8333333 0.2795922 0.8333334 0.2795922 0.8333334 0.5244683 0.8333333 0.2823197 0.6666668 0.29249 1 0.5640017 1 0.5244683 0.8333333 0.5706712 0.1666666 0.3164992 0.3333334 0.5778434 0.3333333 0.3339176 0.5 0.5778434 0.3333333 0.3164992 0.3333334 0.3339176 0.5 0.5689442 0.6666666 0.5956761 0.5 0.5244683 0.8333333 0.858569 0.6244786 0.5689442 0.6666666 0.5244683 0.8333333 0.5689442 0.6666666 0.2823197 0.6666668 0.5640017 1 0.8460295 1 0.5244683 0.8333333 0.8460295 1 1.000134 0.7782427 0.5244683 0.8333333 0.5689442 0.6666666 0.858569 0.6244786 0.5956761 0.5 0.2021777 0.6666667 0.2733801 0.4222486 0.2099942 0.4012553 0.5778434 0.3333333 0.9996618 0.4390109 0.8510776 0.1666666 0.5956761 0.5 0.858569 0.6244786 0.9996618 0.4390109 0.8510776 0.1666666 1 0.1278493 0.8460295 0 0.9996618 0.4390109 1 0.1278493 0.8510776 0.1666666 0.8460295 1 1 1 1.000134 0.7782427 3.7672e-4 0.5609048 0.2159793 0.3333334 -4.26597e-6 0.2224529 -4.26597e-6 0.2224529 0.2447255 0.1666666 0.2421595 0 0.2421595 1 0.3732177 0.8333333 4.36996e-4 0.8719474 4.36996e-4 0.8719474 0.3732177 0.8333333 3.7672e-4 0.5609048 0.3732177 0.8333333 0.5209675 0.4442077 3.7672e-4 0.5609048 0.2421595 1 0.5021762 1 0.3732177 0.8333333 0.3732177 0.8333333 0.714797 0.8333333 0.5209675 0.4442077 0.5021762 1 0.7572473 1 0.714797 0.8333333 0.5209675 0.4442077 0.7358307 0.3333333 0.4813778 0.3333334 0.714797 0.8333333 0.9998829 0.6443338 0.5209675 0.4442077 0.7572473 1 1.000001 0.9612957 0.714797 0.8333333 0.999819 0.2724496 1.000001 0 0.7572473 0 0.7767598 0.5 0.999819 0.2724496 0.7358307 0.3333333 0.714797 0.8333333 1.000001 0.9612957 0.9998829 0.6443338 0.2099942 0.4012553 0.2452835 0.1666666 4.72809e-6 0.2196009 4.43428e-6 0.7801396 0.2093629 0.9315028 0.2021777 0.6666667 0.2099942 0.4012553 0.2733801 0.4222486 0.2452835 0.1666666 0.2021777 0.6666667 0.2729055 0.9214574 0.2858331 0.6439741 0.2735864 0 0.4075766 0.1666666 0.3792034 0 0.3792034 1 0.3896178 0.8333333 0.2729055 0.9214574 0.2733801 0.4222486 0.4075766 0.1666666 0.2452835 0.1666666 0.2858331 0.6439741 0.3896178 0.8333333 0.4071487 0.6666667 0.2733801 0.4222486 0.2858331 0.6439741 0.3866439 0.3333333 0.3792034 1 0.6204687 0.7521461 0.3896178 0.8333333 0.2858331 0.6439741 0.4972479 0.5 0.3866439 0.3333333 0.4071487 0.6666667 0.4972479 0.5 0.2858331 0.6439741 0.3792034 0 0.6200354 0.2480372 0.6232159 0 0.6232159 0 0.7125629 0.256003 0.7509326 0 0.4071487 0.6666667 0.6204687 0.7521461 0.4972479 0.5 0.4972479 0.5 0.7490115 0.5 0.6200354 0.2480372 0.7717867 0.2454851 0.8773999 0 0.7509326 0 0.7490115 0.5 0.7125629 0.256003 0.6200354 0.2480372 0.6978404 0.8586904 0.7526345 0.6666668 0.6204687 0.7521461 0.7125629 0.256003 0.7717867 0.2454851 0.7509326 0 0.7490115 0.5 0.7717867 0.2454851 0.7125629 0.256003 0.7717867 0.2454851 0.8850253 0.5827524 0.8771668 0.2389332 0.2040711 0.6666668 0.5083163 0.4048252 0.1987653 0.5 0.7703009 0.8333333 0.879179 0.905761 0.7526345 0.6666668 0.8850253 0.5827524 1.000001 0.3718826 0.8771668 0.2389332 0.879179 0.905761 1.000002 0.7222648 0.8850253 0.5827524 1.000002 0.7222648 1.000001 0.3718826 0.8850253 0.5827524 -2.44215e-6 0.6113094 0.1987653 0.5 4.74262e-5 0.3333334 0.1936902 0.8333334 0.2040711 0.6666668 -2.44215e-6 0.6113094 0.1987653 0.5 0.313383 0.3333333 4.74262e-5 0.3333334 0.144609 0.08710902 0.3743739 0.1666666 0.3651821 0 0.2040711 0.6666668 0.5248246 0.8333333 0.5324611 0.6666666 0.6407954 0 0.3743739 0.1666666 0.7357459 0.1666666 0.9998753 0.7730143 0.6407954 1 0.999918 1 0.5324611 0.6666666 0.6694183 0.5 0.5083163 0.4048252 0.5083163 0.4048252 0.820168 0.3333333 0.7357459 0.1666666 0.6694183 0.5 0.820168 0.3333333 0.5083163 0.4048252 0.5248246 0.8333333 0.834407 0.6666667 0.5324611 0.6666666 5.5959e-5 0.5820219 0.3319831 0.2499764 5.30255e-5 0.2533046 0.5248246 0.8333333 0.9998753 0.7730143 0.834407 0.6666667 0.834407 0.6666667 0.9991268 0.3892396 0.6694183 0.5 0.9991268 0.3892396 0.9999178 0.03878802 0.7357459 0.1666666 0.834407 0.6666667 0.9998753 0.7730143 0.9991268 0.3892396 5.30255e-5 0.2533046 0.3319831 0.2499764 9.57582e-5 0 5.5959e-5 0.5820219 0.3266611 0.8333333 0.3310978 0.5887187 0.4359799 0.2441944 0.3310978 0.5887187 0.451471 0.6030238 0.3319831 0.2499764 0.4015045 0 9.57582e-5 0 0.4015045 1 0.4314545 0.792141 0.3266611 0.8333333 0.451471 0.6030238 0.621349 0.3333333 0.4359799 0.2441944 0.3310978 0.5887187 0.4314545 0.792141 0.451471 0.6030238 0.4015045 1 0.5845937 1.052962 0.4314545 0.792141 0.451471 0.6030238 0.5845937 1.052962 0.6783888 0.6666668 0.4359799 0.2441944 0.723276 0.1666666 0.5922684 0 0.621349 0.3333333 0.723276 0.1666666 0.4359799 0.2441944 0.7069577 0.8333333 1 1 1.000005 0.7225791 0.9998227 1 0.9999636 0.7973297 0.5845937 1.052962 0.723276 0.1666666 0.9998227 0.03891295 0.5922684 0 0.6783888 0.6666668 0.9999958 0.4420421 0.6239897 0.5 0.6783888 0.6666668 0.9999636 0.7973297 0.9999958 0.4420421 0.9999958 0.4420421 0.9998227 0.03891295 0.723276 0.1666666 -4.91455e-6 0.6058666 0.2757095 0.5993085 -4.05782e-6 0.2950761 -8.44176e-5 0.9433883 0.3215044 0.8333333 -4.91455e-6 0.6058666 -8.44176e-5 0.9433883 0.6393966 1 0.3215044 0.8333333 0.3215044 0.8333333 0.6335396 0.6666666 0.2757095 0.5993085 0.2757095 0.5993085 0.675938 0.5 0.3694401 0.3333334 0.3229286 0.1666666 0.7164229 0.2203993 0.6393966 0 0.675938 0.5 1.000005 0.3715193 0.7164229 0.2203993 0.7069577 0.8333333 1.000005 0.7225791 0.6335396 0.6666666 0.5118319 0.1666666 1.000005 0.4443243 1 0.06014543 1.000005 0.7225791 1.000005 0.3715193 0.675938 0.5 -4.75726e-6 0.5607562 0.5016704 0.3333333 -1.22379e-5 0.2227299 -5.04916e-6 0.8719092 0.5015591 0.6666667 -4.75726e-6 0.5607562 -1.22379e-5 0.2227299 0.5118319 0.1666666 0.5016135 0 0.5015591 0.6666667 0.502191 0.5 -4.75726e-6 0.5607562 0.5016135 1 1.000005 0.7949342 0.5022512 0.8333333 0.502191 0.5 1.000005 0.4443243 0.5016704 0.3333333 0.5022512 0.8333333 1.000005 0.7949342 0.5015591 0.6666667 0.9999995 0 -3.7802e-7 0.2455514 0.9999995 0.2574251 0.5015591 0.6666667 1.000005 0.7949342 1.000005 0.4443243 -3.42723e-7 0.9122186 0.9999995 1 1 0.7574258 -3.7802e-7 0.2455514 0.9999998 0.5 0.9999995 0.2574251 0.3369948 0.09488552 0.1789909 0.4288983 0.3670274 0.2955832 -4.65384e-7 0.5788846 1 0.7574258 0.9999998 0.5 -5.80149e-7 0.2724988 0.1990441 0.1666666 8.82648e-5 0 -1.92018e-6 0.6115104 0.1789909 0.4288983 -5.80149e-7 0.2724988 -5.80149e-7 0.2724988 0.1789909 0.4288983 0.1990441 0.1666666 0.306884 0.8333333 0.2030964 0.6666668 -1.92018e-6 0.6115104 8.85156e-5 0.9611614 0.3392061 1 0.306884 0.8333333 0.3364788 0.5631905 0.4364899 0.9204528 0.4368131 0.5600509 0.3364788 0.5631905 0.3670274 0.2955832 0.1789909 0.4288983 0.306884 0.8333333 0.3364788 0.5631905 0.2030964 0.6666668 0.3369948 0.09488552 0.3670274 0.2955832 0.4372413 0 0.4372413 0 0.6132501 0.1970253 0.6531257 0 0.6531257 1 0.5749452 0.7482901 0.4364899 0.9204528 0.6132501 0.1970253 0.7590679 0.6231988 0.7946565 0.3333333 0.709949 0.3333333 1 0.06036204 0.7061551 0.1666666 0.7874515 0.8333333 0.7590679 0.6231988 0.5749452 0.7482901 0.9998192 0.2051907 0.9999687 0 0.6531257 0 0.7874515 0.8333333 0.9999874 0.6095743 0.7590679 0.6231988 0.7874515 0.8333333 0.9999787 0.9489276 0.9999874 0.6095743 0.9999874 0.6095743 0.9998192 0.2051907 0.7946565 0.3333333 -2.90671e-6 0.5608602 0.3497745 0.3333333 -7.22404e-6 0.2227211 -2.69811e-6 0.8717597 0.2773801 0.5561602 -2.90671e-6 0.5608602 -7.22404e-6 0.2227211 0.336488 0.1666666 0.3595012 0 0.2773801 0.5561602 0.6396175 0.5 0.3497745 0.3333333 0.2773801 0.5561602 0.6722167 0.6666668 0.6396175 0.5 0.3381381 0.8333333 0.6722167 0.6666668 0.2773801 0.5561602 0.3595012 1 0.7262037 0.8949842 0.3381381 0.8333333 0.3497745 0.3333333 0.7254695 0.2714914 0.336488 0.1666666 0.3381381 0.8333333 0.7262037 0.8949842 0.6722167 0.6666668 0.7254695 0.2714914 1.000002 0 0.7361586 0 0.6396175 0.5 1.000003 0.2724433 0.7254695 0.2714914 0.6722167 0.6666668 1.000005 0.6108806 0.6396175 0.5 0.7262037 0.8949842 1.000002 0.9617332 1.000005 0.6108806 -1.44571e-6 0.5608542 0.2416843 0.3333333 -3.84262e-6 0.2222864 -1.42535e-6 0.8719458 0.2445322 0.6666667 -1.44571e-6 0.5608542 -3.84262e-6 0.2222864 0.2668859 0.1666666 0.2812825 0 0.2445322 0.6666667 0.2884467 0.5 -1.44571e-6 0.5608542 0.2445322 0.6666667 0.6902839 0.6666667 0.2884467 0.5 0.709949 0.3333333 0.7061551 0.1666666 0.2668859 0.1666666 0.2812825 1 0.729282 1 0.2974855 0.8333333 0.6902839 0.6666667 0.7209888 0.5 0.2884467 0.5 0.2974855 0.8333333 0.7752642 0.8333333 0.6902839 0.6666667 0.729282 1 1.000001 0.7945027 0.7752642 0.8333333 0.7209888 0.5 1.000001 0.444763 0.709949 0.3333333 0.7752642 0.8333333 1.000001 0.7945027 0.6902839 0.6666667 0.2905793 0.1666666 0.5394006 0 0.2707365 0 0.6902839 0.6666667 1.000001 0.7945027 1.000001 0.444763 7.00455e-6 0.7795493 0.2739229 0.5 -5.28039e-7 0.3882927 -5.28039e-7 0.3882927 0.300439 0.3333333 0.2905793 0.1666666 7.00455e-6 0.7795493 0.3675472 0.8333333 0.2270077 0.6666668 0.5382865 0.2447445 0.2739229 0.5 0.5616822 0.5746973 0.5394006 0 0.6339932 0.2444831 0.6335108 0 0.3675472 0.8333333 0.5406201 0.9135052 0.5616822 0.5746973 0.5616822 0.5746973 0.6342447 0.9183223 0.6343327 0.6666667 0.6342447 0.9183223 0.8020599 0.5424363 0.6343327 0.6666667 0.6343327 0.6666667 0.8020599 0.5424363 0.5616822 0.5746973 0.6342447 0.9183223 0.8114817 1 0.8023787 0.8333333 0.6339932 0.2444831 0.8110876 0.3333333 0.8036585 0.1151905 0.8020599 0.5424363 0.8110876 0.3333333 0.6339932 0.2444831 0.5113385 0.5 1.000002 0.7779971 1 0.3938351 0.8114817 1 1.000001 0.7952397 0.8023787 0.8333333 0.8110876 0.3333333 1.000003 0.1057667 0.8036585 0.1151905 0.8020599 0.5424363 1.000003 0.44398 0.8110876 0.3333333 0.8023787 0.8333333 1.000001 0.7952397 0.8020599 0.5424363 0.8020599 0.5424363 1.000001 0.7952397 1.000003 0.44398 0.4454073 0.5 0.5918241 0.3333334 7.69887e-5 0.2369215 0.5918241 0.3333334 0.5089008 0.1302858 7.69887e-5 0.2369215 3.50506e-4 0.5609565 0.6729748 0.6666666 0.4454073 0.5 0.4039228 0.8333334 0.6729748 0.6666666 3.50506e-4 0.5609565 0.5089008 0.1302858 0.9999696 0.219449 0.6667126 0 0.6729748 0.6666666 0.9999527 0.5 0.4454073 0.5 0.6667126 1 1.000001 1 0.9999507 0.7824169 0.9999696 0.219449 1.000001 0 0.6667126 0 0.9999527 0.5 0.9999696 0.219449 0.5918241 0.3333334 0.6729748 0.6666666 0.9999507 0.7824169 0.9999527 0.5 -1.49415e-6 0.2053626 0.5013248 0 0 0 -1.56294e-6 0.8941786 0.5014459 0.6666668 -3.68587e-6 0.555219 -3.68587e-6 0.555219 0.5113385 0.5 0.5013815 0.3333333 0.5019872 0.1666666 1.000001 0.1279711 0.5013248 0 0.5013815 0.3333333 1.000001 0.1279711 0.5019872 0.1666666 0.5016117 0.9252763 1.000002 0.7779971 0.5014459 0.6666668 0.5016117 0.9252763 1 1 1.000002 0.7779971 0.4945548 0.5 0.6186801 0.7108743 0.7570186 0.5 -1.06332e-6 0.2056453 0.2774302 0 0 0 9.16866e-4 0.8938058 0.3496801 0.6666667 -4.14683e-5 0.5551093 0.2774302 1 0.6186801 0.7108743 9.16866e-4 0.8938058 -4.14683e-5 0.5551093 0.4945548 0.5 0.2879669 0.3333333 0.2774302 1 0.6988802 0.9106497 0.6186801 0.7108743 0.6668666 0.3333333 0.7582869 0.1666666 0.3472808 0.1666666 0.4945548 0.5 0.7570186 0.5 0.6668666 0.3333333 1.000034 0.06259047 0.7953837 0.3333333 1 0.4021555 0.6186801 0.7108743 0.7966009 0.6666667 0.7570186 0.5 0.8279324 0.9047448 1.000047 0.731661 0.7966009 0.6666667 -3.49299e-7 0 1 0.1666666 1 0 1.000047 0.731661 1 0.4021555 0.7570186 0.5 0.9999998 0.2499998 1 0 0 0.08333301 0 0.412217 1 0.5833334 0.9999998 0.2499998 1 0.9092401 1 0.5833334 0 0.7499996 -2.13438e-7 0.5 1 0.6666667 0.9999999 0.4166665 -4.32099e-7 0.2544477 0.9999999 0.4166665 1 0.1666666 0.7301998 0.6581379 0.562595 0.8333333 0.7484847 0.8812348 0.9999999 0.9092411 1 0.6666667 -2.7948e-7 0.7499998 0.002943575 0.2930696 0.5966572 0 -1.82547e-6 0 0.5183215 0.6666667 0.6096978 0.5 1.44333e-5 0.5517558 0.6594007 0.3333333 0.6760131 0.1666666 0.002943575 0.2930696 0.5966572 1 0.7484847 0.8812348 0.562595 0.8333333 0.5183215 0.6666667 0.7301998 0.6581379 0.6096978 0.5 1.000034 0.05990999 0.6594007 0.3333333 1 0.4084348 0.6096978 0.5 0.7301998 0.6581379 0.6594007 0.3333333 0.7484847 0.8812348 1.000084 0.7328625 0.7301998 0.6581379 -6.816e-7 0 1 0.1666666 1.000001 0 1.000084 0.7328625 1 0.4084348 0.7301998 0.6581379 1 0.6666667 -1.92577e-7 0.9166663 1 0.9166667 -5.40071e-7 0.2544486 1 0.4240924 1 0.1666666 3.67204e-7 0.5833331 1 0.6666667 1 0.4240924 0.1665502 0.6666667 0.09881687 0.8333333 0.1713579 0.8333333 0 0.3333333 0.1400616 0.3333333 -1.19901e-5 0.1332432 -7.26096e-6 0.7770041 0.09663051 0.6666667 -3.99141e-5 0.5 0.1394621 1 0.09881687 0.8333333 -7.26096e-6 0.7770041 -3.99141e-5 0.5 0.1443014 0.5 0.1400616 0.3333333 0.1394621 1 0.1713579 0.8333333 0.09881687 0.8333333 0.09663051 0.6666667 0.1665502 0.6666667 0.1443014 0.5 0.3039751 0.8333333 0.1394621 1 0.3407401 1 0.1394621 0 0.3168864 0.1666666 0.3407401 0 0.144415 0.1666666 0.3197088 0.3333333 0.3168864 0.1666666 0.1400616 0.3333333 0.3230494 0.5 0.3197088 0.3333333 0.1665502 0.6666667 0.3230494 0.5 0.1443014 0.5 0.1665502 0.6666667 0.3039751 0.8333333 0.3630203 0.6666666 0.3168864 0.1666666 0.5413357 0.3333333 0.5656453 0.1666666 0.3039751 0.8333333 0.4849626 0.8333333 0.3630203 0.6666666 0.3168864 0.1666666 0.5656453 0.1666666 0.3407401 0 0.3197088 0.3333333 0.5298957 0.5 0.5413357 0.3333333 0.6682526 0.6666667 0.4849626 0.8333333 0.6662953 0.8333333 0.3630203 0.6666666 0.5298957 0.5 0.3230494 0.5 0.5656453 0.1666666 0.5543339 0 0.3407401 0 0.5543339 1 0.6662953 0.8333333 0.4849626 0.8333333 0.3630203 0.6666666 0.6682526 0.6666667 0.5298957 0.5 0.5543339 0 0.6848365 0.1666666 0.715436 0 0.6682526 0.6666667 0.6646664 0.5 0.5298957 0.5 0.5543339 1 0.715436 1 0.6662953 0.8333333 0.5656453 0.1666666 0.6901277 0.3333333 0.6848365 0.1666666 0.6682526 0.6666667 0.7405527 0.5 0.6646664 0.5 0.6646664 0.5 0.6901277 0.3333333 0.5413357 0.3333333 0.6682526 0.6666667 0.7393065 0.8333333 0.7399333 0.6666667 0.7566306 0.1666666 0.6901277 0.3333333 0.7589721 0.3333333 0.7393065 0.8333333 0.8544542 1 0.8575569 0.8333333 0.8553012 0.6666667 0.7393065 0.8333333 0.8575569 0.8333333 0.7566306 0.1666666 0.8544542 0 0.715436 0 0.7399333 0.6666667 0.8553012 0.6666667 0.7405527 0.5 0.7566306 0.1666666 0.8669743 0.3333333 0.9999008 0.2058369 0.9999881 0.5556222 0.8575569 0.8333333 1 0.9376136 0.7405527 0.5 0.9999881 0.5556222 0.8669743 0.3333333 0.9999881 0.5556222 0.9999008 0.2058369 0.8669743 0.3333333 0.5301224 0.6666667 0.4514909 0.8333333 0.5366886 0.8333333 3.93324e-5 0.6666667 0.2339277 0.5 -2.63403e-7 0.3879402 -2.63403e-7 0.3879402 0.2142454 0.3333333 7.938e-5 0.1666666 1.51738e-5 0.8333333 0.305242 0.8333334 3.93324e-5 0.6666667 3.93324e-5 0.6666667 0.4165013 0.6666667 0.2339277 0.5 0.4360415 0.1666666 0.494156 0 0.2081962 0 0.2142454 0.3333333 0.4992434 0.3333333 0.4360415 0.1666666 0.494156 1 0.4514909 0.8333333 0.305242 0.8333334 0.2339277 0.5 0.4876137 0.5 0.4992434 0.3333333 0.305242 0.8333334 0.4514909 0.8333333 0.4165013 0.6666667 0.494156 1 0.5366886 0.8333333 0.4514909 0.8333333 0.4992434 0.3333333 0.5310725 0.1666666 0.4360415 0.1666666 0.4165013 0.6666667 0.5301224 0.6666667 0.4876137 0.5 0.494156 0 0.6970816 0.1666666 0.782351 0 0.5301224 0.6666667 0.7554106 0.5 0.4876137 0.5 0.494156 1 0.782351 1 0.5366886 0.8333333 0.5310725 0.1666666 0.7219274 0.3333333 0.6970816 0.1666666 0.4651767 0.5 1.11127e-5 0.6666667 0.4756088 0.6666667 0.7554106 0.5 0.7219274 0.3333333 0.4992434 0.3333333 0.5366886 0.8333333 0.7128379 0.6666667 0.5301224 0.6666667 0.782351 1 0.8192456 0.8333333 0.5366886 0.8333333 0.6970816 0.1666666 0.9999409 0.2476778 0.782351 0 0.7554106 0.5 0.9999409 0.2476778 0.7219274 0.3333333 0.8192456 0.8333333 0.9999709 0.6147474 0.7128379 0.6666667 0.782351 1 1 0.8723044 0.8192456 0.8333333 0.7554106 0.5 0.9999709 0.6147474 0.9999409 0.2476778 0.8192456 0.8333333 1 0.8723044 0.9999709 0.6147474 0.9999409 0.2476778 1 0 0.782351 0 0.237805 0.1666666 0.5650172 0.3333333 0.5512376 0.1666666 0.3884631 1 0.4896798 0.8333333 4.24529e-5 0.8333333 0.4896798 0.8333333 0.8053643 1 0.7991134 0.8333333 0.4651767 0.5 0.5650172 0.3333333 1.69674e-5 0.3333333 0.8053643 0 0.5512376 0.1666666 0.7627266 0.2528116 0.5650172 0.3333333 0.8008059 0.5 0.7627266 0.2528116 0.4756088 0.6666667 0.8008059 0.5 0.4651767 0.5 0.4896798 0.8333333 0.8056423 0.6666667 0.4756088 0.6666667 1.68773e-4 1 0.6650347 0.8333333 6.59406e-5 0.8333333 0.8053643 1 1.000012 0.7969045 0.7991134 0.8333333 0.8008059 0.5 1.000035 0.4334905 0.8628943 0.2617568 0.7991134 0.8333333 1.000012 0.7969045 0.8056423 0.6666667 0.8056423 0.6666667 1.000012 0.7969045 1.000035 0.4334905 1.24437e-4 0.3333333 0.6484547 0.3333334 1.73435e-4 0.1666666 1.49794e-4 0.5 0.6484547 0.3333334 1.24437e-4 0.3333333 6.59406e-5 0.8333333 0.5946402 0.6161984 5.62954e-5 0.6666668 1.68773e-4 0 0.6614625 0.1666666 0.6768174 0 1.000009 0.2236452 0.5138241 0.5 1 0.601881 1.49794e-4 0.5 0.5946402 0.6161984 0.6484547 0.3333334 0.6614625 0.1666666 1 0.2055497 0.6768174 0 0.6484547 0.3333334 1 0.2055497 0.6614625 0.1666666 0.6650347 0.8333333 1.000004 0.8933951 0.9999336 0.6129863 0.9999336 0.6129863 1 0.2055497 0.6484547 0.3333334 0 1 0.4999933 1 -5.6892e-6 0.7952589 -1.26552e-6 0.4450575 0.5048145 0.3333333 -8.44119e-6 0.1038739 -8.44119e-6 0.1038739 0.5037261 0.1666666 0.4999933 0 0.5004016 0.6666668 0.5138241 0.5 -1.26552e-6 0.4450575 0.4999933 1 1.000001 0.8721286 0.4998463 0.8333334 0.5048145 0.3333333 1.000009 0.2236452 0.5037261 0.1666666 0.4998463 0.8333334 1.000001 0.8721286 0.5004016 0.6666668 1.000009 0.2236452 1 0 0.4999933 0 0.1617875 0.3333334 0.3812397 0.1666666 3.28973e-4 0.2724234 2.78684e-7 0.393518 1.000002 0.2381017 -3.31133e-7 0.06018465 2.5525e-7 0.7063589 1.000002 0.5759694 2.78684e-7 0.393518 1.000002 0.2381017 1.000002 0 -3.31133e-7 0.06018465 1.000002 0.5759694 1.000002 0.2381017 2.78684e-7 0.393518 0.1978996 1 0.4272271 0.8333333 0.2773975 0.6798338 0.380202 0.3333334 0.4551684 0.5 0.4549129 0.2512782 0.1978996 1 0.4296143 1 0.4272271 0.8333333 0.4272271 0.8333333 0.429708 0.6666667 0.2773975 0.6798338 0.3812397 0.1666666 0.4549129 0.2512782 0.4296143 0 0.4296143 1 0.5667624 0.7516835 0.4272271 0.8333333 0.429708 0.6666667 0.4551684 0.5 0.3270499 0.5 0.4296143 0 0.57005 0.2453359 0.6116129 0 0.57005 0.2453359 0.4551684 0.5 0.6085266 0.5 0.4551684 0.5 0.5667624 0.7516835 0.6085266 0.5 1.68754e-5 0 0.5074186 0.1666666 0.4974467 0 0.57005 0.2453359 0.8260713 0.1666666 0.6116129 0 0.8286765 0.3333333 0.8260713 0.1666666 0.57005 0.2453359 0.6085266 0.5 0.8286765 0.3333333 0.57005 0.2453359 0.5667624 0.7516835 0.8120773 0.8333333 0.8080491 0.6666666 0.8260713 0.1666666 0.8385237 0 0.6116129 0 0.6085266 0.5 0.8309549 0.5 0.8286765 0.3333333 0.8260713 0.1666666 1 0.2054826 0.8385237 0 0.8286765 0.3333333 1 0.2054826 0.8260713 0.1666666 0.8080491 0.6666666 1.000001 0.5550284 0.8309549 0.5 0.8120773 0.8333333 1 0.8940473 0.8080491 0.6666666 1.000001 0.5550284 1 0.2054826 0.8286765 0.3333333 2.09738e-5 0.6454873 0.4322403 0.5 1.84675e-5 0.2505061 0.7449459 0.8406004 1 1 1 0.7521936 1.84675e-5 0.2505061 0.6496762 0.3333333 0.5074186 0.1666666 2.09738e-5 0.6454873 0.4921219 0.7084234 0.4322403 0.5 2.99392e-5 0.8333334 0.4921219 0.7084234 2.09738e-5 0.6454873 0.7449459 0.8406004 0.4921219 0.7084234 2.99392e-5 0.8333334 0.6496762 0.3333333 0.7338678 0.06973654 0.5074186 0.1666666 0.7537482 0.6666666 0.7545386 0.5 0.4322403 0.5 0.4921219 0.7084234 0.7449459 0.8406004 0.7537482 0.6666666 0.6496762 0.3333333 0.8110965 0.2841206 0.7338678 0.06973654 0.7545386 0.5 0.8110965 0.2841206 0.6496762 0.3333333 1 0.405377 0.7537482 0.6666666 1 0.7521936 1.05788e-6 0.1666666 0.9999999 0.4166667 1 0.08333343 1.45658e-7 0.9122182 1 1 0.9999997 0.7574254 0.9999999 0.4166667 -7.25016e-7 0.6666666 0.9999997 0.7574254 2.20574e-5 1 0.2499058 0.7497698 1.92125e-5 0.8333333 2.20574e-5 0 0.2413298 0.2090952 0.2575919 0 0.2413298 0.2090952 1.88647e-5 0.5 0.3106677 0.6146526 1.88647e-5 0.5 0.2499058 0.7497698 0.3106677 0.6146526 0.3519223 0 0.2413298 0.2090952 0.3759271 0.1666666 0.3469283 0.9459707 0.3973416 0.6666666 0.3106677 0.6146526 0.3469283 0.9459707 0.3106677 0.6146526 0.2499058 0.7497698 0.4118334 0 0.5094529 0.1666666 0.5035354 0 0.3759271 0.1666666 0.4118334 0 0.3519223 0 0.4117304 0.4160128 0.5094529 0.1666666 0.3759271 0.1666666 0.3973416 0.6666666 0.5015598 0.9183289 0.506649 0.7302783 0.506649 0.7302783 0.5025004 0.3333333 0.4117304 0.4160128 0.506649 0.7302783 0.7111761 0.8333333 0.7086724 0.6666667 0.506649 0.7302783 0.7113255 0.5 0.5025004 0.3333333 0.5015598 0.9183289 0.7085628 1 0.7111761 0.8333333 0.5025004 0.3333333 0.7090387 0.3333333 0.5094529 0.1666666 0.7113255 0.5 0.7090387 0.3333333 0.5025004 0.3333333 0.7113255 0.5 0.7739725 0.66712 0.7726169 0.4217005 0.7090387 0.3333333 0.7134191 0.0547052 0.5094529 0.1666666 0.7739725 0.66712 0.7111761 0.8333333 0.7685653 0.956746 -4.14619e-5 0.06822276 0.1368554 0.4244344 0.2013926 0.1666666 0.7134191 0.0547052 0.8007344 0.1666666 0.7685653 0 0.7685653 0.956746 0.8703633 1 0.7883078 0.8333333 0.7726169 0.4217005 0.8687077 0.4258349 0.8007344 0.1666666 0.7739725 0.66712 0.8687077 0.4258349 0.7726169 0.4217005 0.8703633 1 1 0.969439 0.7739725 0.66712 0.8007344 0.1666666 1 0.03907269 0.8703633 0 1 0.3879723 1 0.03907269 0.8007344 0.1666666 0.7739725 0.66712 1 0.969439 0.9999874 0.6666667 -6.84346e-5 0.6666666 0.1368554 0.4244344 -1.17139e-5 0.3903229 -4.14619e-5 0.06822276 0.2013926 0.1666666 0.1385577 0 0.2352311 0 0.4268059 0.1666666 0.4252933 0 0.1370131 0.9045622 0.1874617 0.6666667 -6.84346e-5 0.6666666 0.1368554 0.4244344 0.2344865 0.4214808 0.2013926 0.1666666 0.1874617 0.6666667 0.2344865 0.4214808 0.1368554 0.4244344 0.1874617 0.6666667 0.3833522 0.727601 0.2344865 0.4214808 0.4252933 1 0.3833522 0.727601 0.233587 0.9210308 0.2344865 0.4214808 0.4268059 0.1666666 0.2013926 0.1666666 0.4252933 1 0.819482 0.8333334 0.5237266 0.8333333 0.5237266 0.8333333 0.6950408 0.6666668 0.3833522 0.727601 0.4268059 0.1666666 0.7306545 0.2413539 0.4252933 0 0.4139505 0.4146422 0.7306545 0.2413539 0.4268059 0.1666666 0.6950408 0.6666668 0.7804017 0.5 0.4139505 0.4146422 7.96128e-5 0.2066835 0.4648472 0 2.65806e-4 0 0.6950408 0.6666668 0.9999587 0.6666667 0.7804017 0.5 0.819482 0.8333334 0.9997482 0.894335 0.9999587 0.6666667 0.9999587 0.6666667 0.9999642 0.2627742 0.7804017 0.5 0.2484459 0.8333333 0.3351925 0.4964974 1.53524e-5 0.5559971 2.66061e-4 0.9612853 0.4648472 1 0.2484459 0.8333333 0.3351925 0.4964974 0.7139174 0.8333333 0.6456767 0.6666668 0.2653574 0.3333333 0.5674325 0.1666666 7.96128e-5 0.2066835 0.4648472 1 0.7139174 0.8333333 0.2484459 0.8333333 0.7157946 0.3333333 0.3351925 0.4964974 0.6983466 0.5 0.6983466 0.5 1 0.7728698 1.000001 0.3883846 0.4648472 1 0.9999198 1 0.7139174 0.8333333 0.6983466 0.5 1.000001 0.3883846 0.7157946 0.3333333 1.000001 0.3883846 0.9999197 0.03887927 0.5674325 0.1666666 0.6258136 1 0.7523254 0.7465016 0.6456643 0.7454362 -1.54144e-6 0.2725846 0.5013682 0.1666666 -1.55291e-6 0 -3.70396e-4 0.6115448 0.501438 0.5 -1.54144e-6 0.2725846 -1.54144e-6 0.2725846 0.5019554 0.3333333 0.5013682 0.1666666 0.501994 1 1.000001 0.9612517 0.5013976 0.8333333 0.5013682 0.1666666 1.000002 0 0.501994 0 0.501438 0.5 1.000001 0.2725281 0.5019554 0.3333333 -3.70396e-4 0.6115448 1.000003 0.6115619 0.501438 0.5 0.5013976 0.8333333 1.000001 0.9612517 1.000003 0.6115619 5.15797e-6 0.444045 0.1537401 0.3333333 0.1901217 0.1666666 0.2130599 0.6666667 0.2194363 0.5 5.15797e-6 0.444045 0.1526178 1 0.3524022 0.8333333 1.27055e-4 0.7274917 1.27055e-4 0.7274917 0.3524022 0.8333333 0.2130599 0.6666667 0.1537401 0.3333333 0.3698263 0.3333333 0.1901217 0.1666666 0.1901217 0.1666666 0.4944857 0.1666666 0.4165728 0 0.3698263 0.3333333 0.4944857 0.1666666 0.1901217 0.1666666 0.2130599 0.6666667 0.4409568 0.5 0.2194363 0.5 0.2130599 0.6666667 0.4987276 0.6666668 0.4409568 0.5 0.3524022 0.8333333 0.4987276 0.6666668 0.2130599 0.6666667 0.4165728 1 0.580134 0.8333333 0.3524022 0.8333333 0.3524022 0.8333333 0.580134 0.8333333 0.4987276 0.6666668 0.4987276 0.6666668 0.5858775 0.5404569 0.4409568 0.5 0.4165728 1 0.6258136 1 0.580134 0.8333333 0.580134 0.8333333 0.5858775 0.5404569 0.4987276 0.6666668 0.5832095 0.3333333 0.6465511 0.4194541 0.6199746 0.05677306 0.6456643 0.7454362 0.6465511 0.4194541 0.5858775 0.5404569 0.6465511 0.4194541 0.7523254 0.7465016 0.7915894 0.5 0.6631051 0.1666666 0.7879353 0 0.6199746 0.05677306 0.6465511 0.4194541 0.7915894 0.5 0.7596437 0.2802109 0.8960227 0.6666666 0.9998866 0.3936687 0.7915894 0.5 0.7915894 0.5 0.9998866 0.3936687 0.7596437 0.2802109 0.9999038 0.778306 0.8960227 0.6666666 0.7523254 0.7465016 0.7879353 1 1 1 0.9999038 0.778306 0.3059843 0.3550479 0.7154695 0.5 0.9999642 0.3885427 -2.06863e-6 0.5608118 0.3059843 0.3550479 1.34464e-4 0.1954033 -2.72662e-6 0.8720222 0.3334572 0.566008 -2.06863e-6 0.5608118 1.34464e-4 0.1954033 0.3059843 0.3550479 0.3509814 0 0.3509814 0 0.9999018 0.1666666 0.999762 0 0.3334572 0.566008 0.9998449 0.6666667 0.7154695 0.5 0.5017493 0.7631022 1 1 1.000003 0.7216989 0.4320026 0.8333333 0.9997619 0.9613784 0.9998449 0.6666667 -2.86885e-6 0.5608242 0.5015252 0.3333334 -6.66501e-6 0.2222034 -2.66397e-6 0.8719336 0.5014404 0.6666667 -2.86885e-6 0.5608242 -6.66501e-6 0.2222034 0.5020651 0.1666666 0.5014825 0 0.5014404 0.6666667 0.5020462 0.5 -2.86885e-6 0.5608242 0.5014825 1 1.000003 0.8718048 0.5020838 0.8333334 0.5015252 0.3333334 1.000007 0.2222169 0.5020651 0.1666666 0.5020462 0.5 1.000003 0.5609304 0.5015252 0.3333334 0.5020838 0.8333334 1.000003 0.8718048 0.5014404 0.6666667 1.000007 0.2222169 1 0 0.5014825 0 -0.001346886 0.9445154 0.5017493 0.7631022 4.75565e-4 0.6059472 0.5021138 0.3333334 1.000003 0.3721868 0.5014478 0.1666666 4.75565e-4 0.6059472 1.000003 0.3721868 0.5021138 0.3333334 0.2265808 0 3.18965e-5 0.2769322 0.2769168 0.3597348 1.000003 0.7216989 1.000003 0.3721868 4.75565e-4 0.6059472 -2.58624e-6 0.6114545 0.2360573 0.5 3.18965e-5 0.2769322 0.2265808 0 0.5676143 0.1666666 0.6443848 0 0.2239516 0.8333334 0.2409526 0.6666668 -2.58624e-6 0.6114545 0.2360573 0.5 0.2769168 0.3597348 3.18965e-5 0.2769322 0.2265808 1 0.6443848 1 0.2239516 0.8333334 0.2409526 0.6666668 0.6727397 0.5 0.2360573 0.5 0.5531147 0.3333333 0.5676143 0.1666666 0.2769168 0.3597348 0.2360573 0.5 0.5531147 0.3333333 0.2769168 0.3597348 0.2409526 0.6666668 0.6548427 0.8333333 0.6708285 0.6666667 0.9999999 0.3333333 -1.69452e-7 0.5833331 1 0.5833333 0.5676143 0.1666666 0.9999601 0.1666666 0.6443848 0 0.6443848 1 1 0.9611087 0.6548427 0.8333333 0.9999601 0.1666666 1 0 0.6443848 0 0.6708285 0.6666667 1.000001 0.6117469 0.6727397 0.5 0.6548427 0.8333333 1 0.9611087 1.000001 0.6117469 0 0.916667 0.9999998 1 1 0.8333333 0 0.2455505 0.9999999 0.3333333 0.9999997 0.09075921 -1.69452e-7 0.5833331 1 0.8333333 1 0.5833333 1.22828e-4 0.7784899 0.2994948 1 0.2993439 0.8333334 1.22828e-4 0.7784899 0.2368509 0.6666668 5.02274e-5 0.5 1.72888e-4 0.2055189 0.2864658 0.1666666 5.9766e-5 0 0.2436371 0.3333333 0.2864658 0.1666666 1.72888e-4 0.2055189 0.5262722 0.8333333 0.2994948 1 0.5409292 1 0.2864658 0.1666666 0.2994948 0 5.9766e-5 0 1.22828e-4 0.7784899 0.2993439 0.8333334 0.2368509 0.6666668 0.2368509 0.6666668 0.4103071 0.5 5.02274e-5 0.5 0.2994948 0 0.5244016 0.2478398 0.5409292 0 0.2993439 0.8333334 0.557607 0.6666668 0.2368509 0.6666668 0.4103071 0.5 0.5244016 0.2478398 0.2436371 0.3333333 0.7114067 0.8333333 0.6133702 1 0.7842172 1 0.4103071 0.5 0.5724357 0.5 0.5244016 0.2478398 0.5409292 1 0.5978312 0.8333333 0.5262722 0.8333333 0.5956066 0.3333334 0.608151 0.05450081 0.5244016 0.2478398 0.5262722 0.8333333 0.5978312 0.8333333 0.557607 0.6666668 0.5978312 0.8333333 0.7585734 0.6666666 0.557607 0.6666668 0.7104113 0.1666666 0.5956066 0.3333334 0.7557031 0.3333333 0.608151 0.05450081 0.7104113 0.1666666 0.7842172 0 0.5956066 0.3333334 0.7373048 0.5 0.7557031 0.3333333 0.354693 0.1666666 0.7954495 0 0.3479824 0 0.7585734 0.6666666 0.7373048 0.5 0.5724357 0.5 0.7842172 1 0.9983592 0.6689167 0.7114067 0.8333333 0.7585734 0.6666666 0.999985 0.5 0.7373048 0.5 0.7842172 1 1 0.961236 0.9983592 0.6689167 0.9996308 0.2723178 1 0 0.7842172 0 0.999985 0.5 0.9996308 0.2723178 0.7557031 0.3333333 0.7585734 0.6666666 0.9983592 0.6689167 0.999985 0.5 -2.73016e-7 0.2056177 0.3479824 0 0 0 -4.1862e-7 0.8940166 0.3469914 0.6666666 -6.42163e-7 0.5548551 0.3479824 1 0.2567716 0.8333334 -4.1862e-7 0.8940166 -6.42163e-7 0.5548551 0.2511823 0.5 0.3495658 0.3333333 0.3469914 0.6666666 0.5552834 0.5 0.2511823 0.5 0.2567716 0.8333334 0.5449352 0.8333333 0.3469914 0.6666666 0.3479824 1 0.7954495 1 0.5449352 0.8333333 0.354693 0.1666666 0.7615764 0.4041873 0.798397 0.1666666 0.8629346 0.4262465 1 0.7762916 1.000012 0.3910782 0.5552834 0.5 0.7615764 0.4041873 0.3495658 0.3333333 0.3469914 0.6666666 0.7985696 0.6666668 0.5552834 0.5 0.7954495 1 0.8053537 0.8333333 0.5449352 0.8333333 0.7985696 0.6666668 0.7615764 0.4041873 0.5552834 0.5 0.7954495 1 1.000019 1 0.8053537 0.8333333 0.798397 0.1666666 1.000015 0.03607493 0.7954495 0 1.000012 0.3910782 1.000015 0.03607493 0.798397 0.1666666 0 0.7500006 1 1 0.9999999 0.7500002 -1.80539e-6 0.6059316 0.5262824 0.5 -1.52655e-6 0.2945821 1.84992e-4 0.9782115 0.3259682 0.8333333 -1.80539e-6 0.6059316 -1.80539e-6 0.6059316 0.4537338 0.6666667 0.5262824 0.5 1.84992e-4 0.9782115 0.5733703 1 0.3259682 0.8333333 0.5733703 1 0.7005481 0.8333334 0.3259682 0.8333333 0.6633154 0.1666666 0.9998865 0 0.5385058 0.01973062 0.4537338 0.6666667 0.9998834 0.6666667 0.5262824 0.5 0.6633154 0.1666666 1.000003 0.1666666 0.9998865 0 0.9999032 0.3861302 1.000003 0.1666666 0.6633154 0.1666666 0.9998834 0.6666667 0.9999032 0.3861302 0.5262824 0.5 0.7005481 0.8333334 0.999923 0.9488103 0.9998834 0.6666667 0.001141786 0.8942389 0.5013818 0.6666667 1.04137e-4 0.5547801 4.97619e-4 0.2056184 1 0.2056227 0.001142859 0 0.5013892 0.3333333 1 0.2056227 4.97619e-4 0.2056184 0.5013818 0.6666667 1.000001 0.5548205 1.04137e-4 0.5547801 1.000001 0.5548205 1 0.2056227 0.5013892 0.3333333 0 0.08778136 1 0.4166667 1 0.07590723 0 0.416666 0.9999999 0.7500002 1 0.4166667 0.6676076 1 0.8378993 0.7440627 0.6682367 0.8333334 4.0523e-7 0.9166665 0.9999997 1 1 0.7499999 0 0.2455517 1 0.4166666 0.9999998 0.09075987 1 0.7499999 1 0.4166666 -1.58748e-7 0.5833335 -4.33289e-7 0.205628 0.1909567 0 0 0 0.1909567 1 0.2840926 0.8333334 -3.65136e-7 0.8940708 3.18883e-5 0.6197673 0.2867506 0.5 0.216538 0.3333334 0.2840926 0.8333334 0.3822736 0.6666667 3.18883e-5 0.6197673 0.1909567 1 0.4642308 1 0.2840926 0.8333334 0.216538 0.3333334 0.4898139 0.3333334 0.2879632 0.1666666 0.4642308 1 0.6682367 0.8333334 0.2840926 0.8333334 0.4898139 0.3333334 0.6649413 0.1666666 0.2879632 0.1666666 0.2867506 0.5 0.6130475 0.4234011 0.4898139 0.3333334 0.2840926 0.8333334 0.6682367 0.8333334 0.3822736 0.6666667 0.4642308 1 0.6676076 1 0.6682367 0.8333334 0.4898139 0.3333334 0.6130475 0.4234011 0.6649413 0.1666666 0.6682367 0.8333334 0.6673429 0.6666667 0.3822736 0.6666667 0.6130475 0.4234011 0.6921543 0.3989696 0.6649413 0.1666666 0.6673429 0.6666667 0.6921543 0.3989696 0.6130475 0.4234011 0.6676076 0 0.8381432 0.1666666 0.8372672 0 0.6921543 0.3989696 0.8381432 0.1666666 0.6649413 0.1666666 1 0 0.8381432 0.1666666 1 0.2732009 0.6673429 0.6666667 0.8378993 0.7440627 0.8335754 0.5 0.8372672 1 1.000001 0.8887026 0.8378993 0.7440627 0.8335754 0.5 1.000001 0.5386492 0.8349822 0.3333333 0.8378993 0.7440627 1.000001 0.5386492 0.8335754 0.5 0.5016402 0.4037506 1 0.0605005 -5.40482e-4 0.2216852 1.000001 0.8887026 1.000001 0.5386492 0.8378993 0.7440627 4.38055e-4 0.5608131 0.5016402 0.4037506 -5.40482e-4 0.2216852 0.5013477 1 1.000001 0.7944138 0.5019723 0.8333334 0.5019723 0.8333334 1.000001 0.7944138 4.38055e-4 0.5608131 0.1349489 0.9243155 0.2895159 0.5592609 -3.81541e-5 0.6115053 4.38055e-4 0.5608131 1.000001 0.7944138 1.000001 0.445039 -3.81541e-5 0.6115053 0.1424358 0.5 6.30367e-5 0.2724785 0.1429415 0 0.3639733 0.2906554 0.295872 0 0.1413282 0.3333333 0.3639733 0.2906554 6.30367e-5 0.2724785 0.2953755 0.3333334 0.1424358 0.5 0.2895159 0.5592609 0.3639733 0.2906554 0.3888747 0 0.295872 0 0.2895159 0.5592609 0.3639733 0.2906554 0.2953755 0.3333334 0.2895159 0.5592609 0.3875862 0.9234353 0.4290951 0.6666667 0.2895159 0.5592609 0.4290951 0.6666667 0.4291566 0.5 0.4528021 0 0.564104 0.2592027 0.5741857 0 0.429229 0.1666666 0.4528021 0 0.3888747 0 0.4291566 0.5 0.4520852 0.3333333 0.3639733 0.2906554 0.3875862 0.9234353 0.44952 0.9338955 0.4290951 0.6666667 0.4520852 0.3333333 0.5791818 0.5628026 0.564104 0.2592027 2.80924e-5 0 0.4232676 0.2519258 0.4808451 0 0.5953077 0.8333334 0.5791818 0.5628026 0.4290951 0.6666667 0.564104 0.2592027 0.7141171 0.2539955 0.5741857 0 0.5791818 0.5628026 0.7141171 0.2539955 0.564104 0.2592027 0.5741857 1 0.8161901 1 0.5953077 0.8333334 0.7141171 0.2539955 0.8161901 0 0.5741857 0 0.5791818 0.5628026 0.8290867 0.6666667 0.7886223 0.4376123 0.8161901 1 0.8346397 0.8333333 0.5953077 0.8333334 0.7886223 0.4376123 0.870184 0.1666666 0.7141171 0.2539955 0.8161901 1 1.000001 1 0.8346397 0.8333333 0.870184 0.1666666 1 0.03853702 0.8161901 0 0.8744348 0.5 1.000001 0.3887202 0.7886223 0.4376123 0.8290867 0.6666667 1.000001 0.7274283 0.8744348 0.5 1.000001 0.3887202 1 0.03853702 0.870184 0.1666666 -1.69541e-7 0.7786309 0.2458126 0.7426 3.51907e-5 0.5 2.80924e-5 1 0.2458126 0.7426 -1.69541e-7 0.7786309 2.80924e-5 1 0.4808451 1 0.2458126 0.7426 0.2458126 0.7426 0.3989877 0.4773979 3.51907e-5 0.5 0.4453202 0.7733648 0.5381601 0.4136448 0.3989877 0.4773979 0.4232676 0.2519258 0.5397017 0.1666666 0.4808451 0 0.4232676 0.2519258 0.5381601 0.4136448 0.5397017 0.1666666 0.3101853 0.3333333 0.6075447 0.07824575 0.3258692 0.08566766 0.4808451 1 0.5473996 0.7353059 0.4453202 0.7733648 0.5397017 0.1666666 0.7488914 0 0.4808451 0 0.5381601 0.4136448 0.743542 0.2968742 0.5397017 0.1666666 0.5473996 0.7353059 0.7488659 0.6336104 0.5381601 0.4136448 0.7488914 1 0.7560438 0.8333333 0.5473996 0.7353059 0.5381601 0.4136448 0.7488659 0.6336104 0.743542 0.2968742 0.743542 0.2968742 0.9999737 0.1125386 0.7488914 0 0.7488914 1 1.000004 1 0.7560438 0.8333333 0.743542 0.2968742 1.000001 0.3717966 0.9999737 0.1125386 0.7488659 0.6336104 1.000001 0.3717966 0.743542 0.2968742 0.7560438 0.8333333 1.000002 0.722176 0.7488659 0.6336104 1.000002 0.722176 1.000001 0.3717966 0.7488659 0.6336104 -2.01524e-6 0.605829 0.3252396 0.5750444 -2.85859e-6 0.2946628 -6.73151e-6 0.9442275 0.3270685 0.8333333 -2.01524e-6 0.605829 0.3253586 1 0.6076187 1 0.3270685 0.8333333 0.3101853 0.3333333 0.6079378 0.5787574 0.6741032 0.3333333 0.7708732 0.09930533 1 0.4433671 1.000016 0.057648 0.3270685 0.8333333 0.6982751 0.8333334 0.6079378 0.5787574 0.6079378 0.5787574 0.7705516 0.5678384 0.6741032 0.3333333 0.6982751 0.8333334 0.7705516 0.5678384 0.6079378 0.5787574 0.6982751 0.8333334 1.000022 0.703301 0.7705516 0.5678384 1.000025 1 1.000022 0.703301 0.6982751 0.8333334 0.9999998 0.8333333 -6.37435e-7 1 1 1 -5.17258e-6 0.5608516 0.5016644 0.3333334 -1.09573e-5 0.222769 -3.97141e-6 0.8716698 0.501883 0.5918768 -5.17258e-6 0.5608516 0.5016426 1 1.000005 0.8715379 0.5022401 0.8333334 0.5016644 0.3333334 1.000011 0.2227419 0.501903 0.07731777 0.501883 0.5918768 1.000005 0.5609614 0.5016644 0.3333334 0.5022401 0.8333334 1.000005 0.8715379 0.501883 0.5918768 1.000011 0.2227419 1 0 0.501903 0.07731777 -5.31997e-7 0.08333343 0.9999998 0.3333333 1 0.08333355 0 1 0.9999999 0.7500007 0 0.7500001 1 0.5759078 0.9999998 0.3333333 0 0.4211149 0.9999998 0.8333333 1 0.5759078 -1.58156e-7 0.7499989 0.9999998 0.08333331 0 0.4122182 0.9999999 0.4240919 0.9999999 0.4240919 0 0.7500001 0.9999999 0.7500007 -1.53802e-6 0.7849907 0.197489 0.4024735 -5.41297e-7 0.4449551 -5.41297e-7 0.4449551 0.197489 0.4024735 9.73087e-5 0.1666666 0.6007605 0.1666666 0.413302 0.4298611 0.6361719 0.3201701 0.197489 0.4024735 0.3393851 0.2367962 9.73087e-5 0.1666666 0.3393851 0.2367962 0.3412677 0 0.18739 0 0.2033215 0.7494296 0.3693733 0.7086618 0.197489 0.4024735 0.2033215 0.7494296 0.3424333 0.9133515 0.3693733 0.7086618 0.197489 0.4024735 0.413302 0.4298611 0.3393851 0.2367962 0.4324916 1 0.3693733 0.7086618 0.3424333 0.9133515 0.413302 0.4298611 0.4337769 0.07279938 0.3393851 0.2367962 0.4568161 0.7568734 0.6020991 0.569366 0.413302 0.4298611 0.4337769 0.07279938 0.6007605 0.1666666 0.5919675 0 0.8306912 0.5874949 0.599049 0.9047423 0.9998946 0.7730053 0.6020991 0.569366 0.6361719 0.3201701 0.413302 0.4298611 0.599049 0.9047423 0.6020991 0.569366 0.4568161 0.7568734 0.6007605 0.1666666 0.7950691 0 0.5919675 0 0.7950691 1 0.9998946 0.7730053 0.599049 0.9047423 0.6020991 0.569366 0.8306912 0.5874949 0.6361719 0.3201701 0.5114023 0.1666666 1.000003 0.4447353 1 0.06044459 0.7950691 1 1.000001 1 0.9998946 0.7730053 0.6361719 0.3201701 1.000001 0.03884643 0.7950691 0 0.9998881 0.3885067 1.000001 0.03884643 0.6361719 0.3201701 0.8306912 0.5874949 0.9998946 0.7730053 0.9998881 0.3885067 0.001446962 0.5555214 0.5782015 0.5 0.5683544 0.3333333 0.001446962 0.5555214 0.6792826 0.6666667 0.5782015 0.5 0.5683984 0.8333333 0.6792826 0.6666667 0.001446962 0.5555214 0.5683544 0.3333333 1.000002 0.204997 0.6722151 0.06820327 0.6792826 0.6666667 1.000004 0.5556861 0.5782015 0.5 0.5683984 0.8333333 1.000002 0.8942656 0.6792826 0.6666667 1.000004 0.5556861 1.000002 0.204997 0.5683544 0.3333333 -2.3989e-6 0.5607643 0.5014959 0.3333333 -5.76242e-6 0.2219974 -1.86606e-6 0.8720903 0.5013955 0.6666668 -2.3989e-6 0.5607643 -5.76242e-6 0.2219974 0.5114023 0.1666666 0.5014467 0 0.5013955 0.6666668 0.502021 0.5 -2.3989e-6 0.5607643 0.5014467 1 1.000002 0.7946332 0.5020584 0.8333334 0.502021 0.5 1.000003 0.4447353 0.5014959 0.3333333 0.5020584 0.8333334 1.000002 0.7946332 0.5013955 0.6666668 0.8037127 0.8333334 0.6571156 1 0.8025425 1 0.5013955 0.6666668 1.000002 0.7946332 1.000003 0.4447353 7.83706e-5 0.6666667 0.2010898 0.5 -3.21261e-7 0.3882232 -3.21261e-7 0.3882232 0.1859986 0.3333333 4.90643e-5 0.1666666 0.1859986 0.3333333 0.3536058 0.1666666 4.90643e-5 0.1666666 7.83706e-5 0.6666667 0.418386 0.6666667 0.2010898 0.5 0.1917291 1 0.4187351 1 0.1888814 0.8333334 0.3536058 0.1666666 0.4187351 0 0.1917291 0 0.2010898 0.5 0.4588072 0.3772528 0.1859986 0.3333333 0.418386 0.6666667 0.4588072 0.3772528 0.2010898 0.5 0.418386 0.6666667 0.6605401 0.5564286 0.4588072 0.3772528 0.8019995 0.4964411 0.7982998 0.03136515 0.6511526 0.05742621 0.6605401 0.5564286 0.8037127 0.8333334 0.8382028 0.6666668 0.6605401 0.5564286 0.8382028 0.6666668 0.8019995 0.4964411 0.5114356 0.1666666 1.000002 0.4447914 1 0.06043511 0.8384233 0.3333333 0.8630577 0.1666666 0.7982998 0.03136515 0.8019995 0.4964411 0.8857488 0.5 0.8384233 0.3333333 0.8382028 0.6666668 0.8857488 0.5 0.8019995 0.4964411 0.8630577 0.1666666 1.000019 0.2289936 0.885096 0 0.8857488 0.5 1.000011 0.5346847 0.8384233 0.3333333 0.8382028 0.6666668 1.000011 0.5346847 0.8857488 0.5 1.000025 0.8964168 1.000011 0.5346847 0.8382028 0.6666668 -2.22133e-6 0.5607395 0.5014983 0.3333333 -5.80611e-6 0.2219799 -2.18899e-6 0.8721233 0.5013974 0.6666667 -2.22133e-6 0.5607395 -5.80611e-6 0.2219799 0.5114356 0.1666666 0.5014426 0 0.5013974 0.6666667 0.5020156 0.5 -2.22133e-6 0.5607395 0.5014426 1 1.000002 0.7946051 0.5020599 0.8333333 0.5020156 0.5 1.000002 0.4447914 0.5014983 0.3333333 0.5020599 0.8333333 1.000002 0.7946051 0.5013974 0.6666667 1 0 -4.35837e-7 0.1666666 0.9999997 0.2500004 0.5013974 0.6666667 1.000002 0.7946051 1.000002 0.4447914 1 1 0.9999998 0.7500006 -2.17917e-7 0.9166662 0.9999998 0.5 -4.35837e-7 0.6666667 0.9999998 0.7500006 0.9999998 0.5 0.9999997 0.2500004 -4.35837e-7 0.4166666 0.1 0.1666666 0.06770253 0.1666666 0.06855404 0.3333333 0.06855404 0.3333333 0.06777989 0.5 0.1 0.5 0.06948912 0.6666668 0.1 0.6666667 0.1 0.5 0.06948912 0.6666668 0.06897252 0.8333333 0.1 0.8333333 0.1 0.8333333 0.07989412 1 0.13148 1 0.1 0.1666666 0.1328112 0.1666666 0.13148 0 0.1 0.1666666 0.1 0.3333333 0.1298643 0.3333333 0.1298643 0.3333333 0.1 0.3333333 0.1 0.5 0.1 0.5 0.1 0.6666667 0.1313108 0.6666667 0.1313108 0.6666667 0.1 0.6666667 0.1 0.8333333 0.1328112 0.1666666 0.1298643 0.3333333 0.2885312 0.3333333 0.1298643 0.3333333 0.1326405 0.5 0.2008558 0.5 0.444038 0 0.3741437 0 0.3919393 0.1666666 0.4523539 0.1666666 0.6565655 0.1666666 0.6553059 0 0.4523539 0.1666666 0.4205008 0.3333334 0.6813131 0.3333333 0.679622 0.6666667 0.785184 0.6666668 0.764609 0.5 0.7905178 0.8333334 0.7423301 1 0.8507763 1 0.8712102 0.8333333 0.8507763 1 1.000001 1 0.8988958 0.6666667 1 0.6666667 1 0.5 0.8988958 0.6666667 0.8712102 0.8333333 1.000001 0.8333333 0 0.1666666 0 0.3333333 0.111912 0.3333333 0.111912 0.3333333 0 0.3333333 0 0.5 0.3327522 0.3333333 0.111912 0.3333333 0.1154817 0.5 0.3097817 0.5 0.3149479 0.6666667 0.3766534 0.6666667 0.3172566 0.8333333 0.382942 0.8333333 0.3766534 0.6666667 0.5559562 0.1666666 0.4429871 0.3333334 0.6316903 0.3333333 0.6315555 0.8333333 0.5649025 0.8333334 0.5670269 1 0.6326122 0.5 0.5661445 0.5 0.5677602 0.6666667 0.5677602 0.6666667 0.5649025 0.8333334 0.6315555 0.8333333 0.6315555 0.8333333 0.6330926 1 0.6666667 1 0.6666667 0 0.6330926 0 0.6318048 0.1666666 0.6318048 0.1666666 0.6316903 0.3333333 0.6780058 0.3333333 0.6326122 0.5 0.6780716 0.5 0.6780058 0.3333333 0.63341 0.6666667 0.6781373 0.6666667 0.6780716 0.5 0.63341 0.6666667 0.6315555 0.8333333 0.67817 0.8333333 0.6944444 1 0.733888 1 0.7418465 0.8333333 0.6944444 0 0.6781668 0.1666666 0.7305149 0.1666666 0.7305149 0.1666666 0.6781668 0.1666666 0.6780058 0.3333333 0.7362211 0.3333333 0.6780058 0.3333333 0.6780716 0.5 0.6780716 0.5 0.6781373 0.6666667 0.7331501 0.6666667 0.67817 0.8333333 0.7418465 0.8333333 0.7331501 0.6666667 0.7418465 0.8333333 0.733888 1 0.8043697 1 0.733888 0 0.7305149 0.1666666 0.7974532 0.1666666 0.7362211 0.3333333 0.8104804 0.3333334 0.7974532 0.1666666 0.7362211 0.3333333 0.7343024 0.5 0.8142022 0.5 0.8142022 0.5 0.7343024 0.5 0.7331501 0.6666667 0.7975742 0.6666667 0.7331501 0.6666667 0.7418465 0.8333333 0.8142022 0.5 0.9997408 0.5 0.99977 0.3333333 0 1 0.1124106 1 0.1134369 0.8333334 0 0 0 0.1666666 0.1088051 0.1666666 0.1088051 0.1666666 0 0.1666666 0 0.3333333 0 0.3333333 0 0.5 0.1140228 0.5 0.1124106 1 0.3050189 1 0.3006344 0.8333334 0.1140228 0.5 0.1146435 0.6666667 0.3431676 0.6666667 0.1146435 0.6666667 0.1134369 0.8333334 0.3006344 0.8333334 0.6391637 0.8333333 0.5615196 1 0.8566567 1 0.6701127 0.5 0.6705307 0.6666667 0.8508419 0.6666667 0.8729856 0.8333333 0.8566567 1 1 1 0 1 0.1914892 1 0.112079 0.8333333 0 0 0 0.1666666 0.1134994 0.1666666 0 0.1666666 0 0.3333333 0.1137884 0.3333334 0 0.8333333 0.112079 0.8333333 0.112776 0.6666668 0.1134994 0.1666666 0.1137884 0.3333334 0.3420894 0.3333333 0.1137884 0.3333334 0.1130703 0.5 0.284779 0.5 0.284779 0.5 0.1130703 0.5 0.112776 0.6666668 0.112079 0.8333333 0.325349 0.8333333 0.3150942 0.6666667 0.324521 0 0.3007946 0.1666666 0.3720528 0.1666666 0.4694707 0.3333333 0.4659203 0.5 0.7306612 0.5 0.6973168 0.8333334 0.6719079 1 1.000322 1 0.7306612 0.5 0.6885226 0.6666666 0.9999585 0.6666667 0 1 0.1114333 1 0.1108071 0.8333334 0.1114333 0 0 0 0 0.1666666 0 0.1666666 0 0.3333333 0.1721457 0.3333333 0 0.6666667 0 0.8333334 0.1108071 0.8333334 0.1154639 0.5 0.1137473 0.6666667 0.3014801 0.6666666 0.1723881 0.1666666 0.1721457 0.3333333 0.324246 0.3333333 0.7959439 0.1666666 0.7817261 0.3333333 1.000007 0.3333333 0.8233228 0.5 1.000008 0.5 1.000007 0.3333333 0.4699321 0.6995272 0.5514875 0.6421112 0.5416667 0.2892187 0.6691641 0.6119021 0.3254879 0.6666667 0.3950465 0.8879727 0.4092366 0 0.3324465 0.2634189 0.6671736 0.2478641 0.6153849 0.5657157 0.6963415 0.257144 0.6666667 0.08287477 0.9998843 -2.24864e-5 0.6963415 0.257144 0.7197132 0.5759156 0.2675809 0.8528566 0.3629428 0.9211588 0.3629313 0.5750975 0.3638132 0 0.3825753 0.2549722 0.5196088 0.3081321 0.5196088 0.3081321 0.3825753 0.2549722 0.3629313 0.5750975 0.3629313 0.5750975 0.3629428 0.9211588 0.528428 0.8941435 0.4930526 0.598733 1.36855e-5 1 0.4206687 1 0.325472 0.6666667 0.9992496 0.7705033 0.6755734 0.4536675 0.6954199 0.3333333 0.3430839 0.3333333 0.34641 0.5 0.7080699 0.5 0.34641 0.5 0.3638294 0.6666667 0.4105731 0.07490867 0.4033029 0.3333333 0.635378 0.4144149 0.1306023 0.5 5.79173e-4 0.5 0.07859688 0.6666667 0.07859688 0.6666667 3.5461e-4 0.8333334 0.1307767 0.8333334 0.2280064 0.8333334 0.1307767 0.8333334 0.1086984 1 0.2403287 0 0.1086984 0 0.1130605 0.1666666 0.1093322 0.3333333 0.2528015 0.3333333 0.2332267 0.1666666 0.1318935 0.6666667 0.1307767 0.8333334 0.2280064 0.8333334 0.9164075 0.551691 1.000011 0.6074094 1 0.2275845 -3.7572e-5 0 -1.51976e-5 0.1666666 0.07858437 0.1666666 -6.79808e-6 0.3333333 0.09161037 0.3333333 0.07858437 0.1666666 0.1098502 0.8333333 0.1119896 1 0.2224586 1 0.11303 0.6666666 0.1098502 0.8333333 0.2207598 0.8333334 0.1115223 0.5 0.2947382 0.5 0.227321 0.3333333 0.2207598 0.8333334 0.2224586 1 0.3332842 1 0.2947382 0.5 0.2584034 0.6666667 0.3535478 0.6666667 0.4311673 0.8333333 0.3341117 0.8333333 0.3332842 1 0.4407698 0.5 0.354523 0.5 0.3535478 0.6666667 0.3535478 0.6666667 0.3341117 0.8333333 0.4311673 0.8333333 0.3563452 0.1666666 0.3737149 0.3333333 0.5257191 0.3333333 0.4407698 0.5 0.4461172 0.6666667 0.6219978 0.6666667 0.645681 0.8333333 0.5294865 0.8333333 0.5586133 1 0.5586133 0 0.5446268 0.1666666 0.6599181 0.1666666 0.5446268 0.1666666 0.5257191 0.3333333 0.6673514 0.3333333 0.645681 0.8333333 0.6475644 1 0.7012496 1 0.7701015 0.3333333 0.6673514 0.3333333 0.6994159 0.5 0.6994159 0.5 0.6866695 0.6666667 0.7775526 0.6666668 0.7020489 0.8333333 0.7012496 1 0.7845349 1 0.7722748 0.1666666 0.8914015 0.1666666 0.8688575 0 0.9233894 0 0.8914015 0.1666666 1 0.2685724 0.1840762 0.6666667 2.68699e-6 0.6666667 7.76997e-6 0.8333333 0.1862249 0.8333333 0.1630958 1 0.2419909 1 0.1839946 0.1666666 0.2431482 0.1666666 0.2419909 0 0.2427741 0.5 0.1572434 0.5 0.1840762 0.6666667 0.2428281 0.6666667 0.1840762 0.6666667 0.1862249 0.8333333 0.3368408 0.8333333 0.243005 0.8333334 0.2419909 1 0.2419909 0 0.2431482 0.1666666 0.3236656 0.1666666 0.2427741 0.5 0.2428281 0.6666667 0.3259935 0.6666667 0.243005 0.8333334 0.3368408 0.8333333 0.3259935 0.6666667 0.8929459 0.1666666 0.8738059 0.3333333 0.9990323 0.335159 0.1137853 0.7550181 0.1074016 1 0.1895806 1 0.1077514 0.5 0.1137853 0.7550181 0.1891618 0.743896 0.1891618 0.743896 0.1895806 1 0.2421128 1 0.3227742 0.1666666 0.324212 0.3849248 0.4109924 0.4231715 0.4109924 0.4231715 0.324212 0.3849248 0.3270627 0.6666666 0.4717769 0.5910547 0.5661177 0.5 0.5665682 0.3333333 0.5467342 0 0.4682773 0.3283173 0.7712407 0.1666666 0.740971 0.5640614 0.7412769 0.8333333 0.7978703 0.9257791 -4.21716e-5 0 -6.91442e-6 0.2238508 0.07608604 0.2574399 0.1120564 0 0.1314403 0.2558249 0.2389574 0.1666666 0.233973 0.3333333 0.1314403 0.2558249 0.1124213 0.5 0.2544694 0.5 0.1124213 0.5 0.1302459 0.6666667 0.2482212 0.6764281 0.4980059 0.6666668 0.4854218 0.5 0.763441 0.6666667 0.4980059 0.6666668 0.5310845 0.8333333 0.7579438 0.5 0.9999883 0.5 0.9999837 0.2399517 0.4107508 0.4016611 0.3903174 0.7110289 0.4293472 0.7725637 0.4637927 0.9117435 0.5755152 0.8333333 0.5595635 0.5361196 0.5755152 0.8333333 0.7671746 0.8698717 0.7697088 0.6666668 0.7651775 0.3333334 0.7542815 0.5 0.8692429 0.5 0.8692429 0.5 0.7542815 0.5 0.7697088 0.6666668 0.7697088 0.6666668 0.7671746 0.8698717 0.8649843 0.872164 0.4107016 0 0.3285412 0 0.329758 0.1666666 0.3526306 0.6209577 0.3243516 0.6666667 0.4258559 0.6666668 0.3243516 0.6666667 0.3321877 0.8333333 0.4116593 0.9278166 0.68303 0.8333334 0.6672374 1 0.7820898 1 0.7812266 0.3333333 0.6827273 0.2734174 0.683893 0.5722712 0.7809309 0.6666667 0.683893 0.5722712 0.68303 0.8333334 0.7824473 0.8333334 0.7820898 1 0.9085586 1 0.9072801 0.09897661 0.7765864 0.1666666 0.7812266 0.3333333 0.7812266 0.3333333 0.7826581 0.5 0.9074286 0.571949 0.7824473 0.8333334 0.9066075 0.8333333 0.9074286 0.571949 0.2275321 0.3236963 0.3262864 0.1666666 0.3009892 0 0.3087136 0.393283 0.2742853 0.7287598 0.3643652 0.7905748 0.3643652 0.7905748 0.2742853 0.7287598 0.3004586 0.9173641 0.3643652 0.7905748 0.4577326 0.6666667 0.4609837 0.5 0.4570487 0.3333333 0.4609837 0.5 0.6505691 0.5 0.4577326 0.6666667 0.6700986 0.6666667 0.6505691 0.5 0.7437337 0.4392006 0.6505691 0.5 0.6700986 0.6666667 0.7443177 0.08938467 0.7437337 0.4392006 0.7927431 0.4426121 0.7927431 0.4426121 0.7437337 0.4392006 0.7437091 0.6913794 0.8909687 0 0.7974755 0 0.7956514 0.1666666 0.7956514 0.1666666 0.7927431 0.4426121 0.8908612 0.3333333 0.894217 0.1666666 1.000001 0.2775364 1 0 0.263657 0.3333334 0.2231598 0.5 0.5560259 0.5 0.4318788 0.6666667 0.4135749 0.8333333 0.555477 0.8333333 0.7730529 0.8333333 0.555477 0.8333333 0.5765498 1 0.5765498 0 0.591718 0.1666666 0.7645016 0.1666666 0.591718 0.1666666 0.5796465 0.3333333 0.7763398 0.3333333 0.5796465 0.3333333 0.5560259 0.5 0.7707252 0.5 0.5565284 0.6666667 0.7762143 0.6666668 0.7707252 0.5 0.5565284 0.6666667 0.555477 0.8333333 0.7730529 0.8333333 -2.8642e-5 0.8333334 -1.53917e-5 1 0.1115645 1 0.07700055 0.3333333 -5.82631e-6 0.3333333 -1.6802e-5 0.5 -3.97601e-5 0.6666666 0.1140534 0.6666666 0.09317994 0.5 -3.97601e-5 0.6666666 -2.8642e-5 0.8333334 0.1119732 0.8333334 0.1089285 0.1666666 0.2999421 0.1666666 0.2658634 0 0.1089285 0.1666666 0.1321719 0.3333333 0.2699956 0.3333333 0.5441573 0 0.2658634 0 0.2999421 0.1666666 0.2999421 0.1666666 0.2699956 0.3333333 0.5483708 0.3333334 0.7793822 0.8333334 0.5550585 0.8333333 0.5441573 1 0.5441573 0 0.5504333 0.1666666 0.7955501 0.1666666 0.5504333 0.1666666 0.5483708 0.3333334 0.7792379 0.3333333 0.7716481 0.5 0.5169187 0.5 0.5812633 0.6666668 0.7064515 0.5 1.00001 0.5 1.000006 0.3333333 0.7064515 0.5 0.6525109 0.6666667 0.9999943 0.7447556 1.24025e-6 0.5 0.1870639 0.5 0.1834977 0.3333333 0.2352624 0.3333333 0.1834977 0.3333333 0.1870639 0.5 0.1870639 0.5 0.1676946 0.6666667 0.2536616 0.6666666 0.4526278 0.8333334 0.4650241 1 0.5569215 1 0.5682692 0.3333333 0.4449895 0.3333333 0.4400643 0.5 0.5555123 0.5 0.4400643 0.5 0.4440826 0.6666666 0.4440826 0.6666666 0.4526278 0.8333334 0.5635628 0.8333334 0.5635628 0.8333334 0.5569215 1 0.7740295 1 0.5569215 0 0.5725689 0.1666666 0.7592014 0.1666666 0.7592014 0.1666666 0.5725689 0.1666666 0.5682692 0.3333333 0.5682692 0.3333333 0.5555123 0.5 0.778173 0.5 0.7701125 0.8333333 0.7740295 1 0.8884655 1 0.7740295 0 0.7592014 0.1666666 0.8923732 0.1666666 0.7592014 0.1666666 0.7690047 0.3333333 0.8683587 0.4200791 0.7643036 0.6666668 0.8897561 0.6666667 0.8683587 0.4200791 0.7643036 0.6666668 0.7701125 0.8333333 0.8920051 0.8333333 4.77817e-6 0.3333333 1.29166e-6 0.5 0.1868584 0.5 0.223055 0 1.40639e-5 0 3.02966e-5 0.1666666 0.2248686 0.8333333 0.223055 1 0.3755796 1 0.2214264 0.1666666 0.4184684 0.1666666 0.3755796 0 0.2214264 0.1666666 0.2212489 0.3333333 0.3594712 0.3333333 0.2438411 0.5 0.3399797 0.5 0.3594712 0.3333333 0.3594712 0.3333333 0.3399797 0.5 0.5468316 0.5 0.5556285 0.8333333 0.3816253 0.8333333 0.3755796 1 0.4276437 0.6666666 0.3816253 0.8333333 0.5556285 0.8333333 0.5556285 0.8333333 0.5546662 1 0.6905865 1 0.5546662 0 0.5629935 0.1666666 0.6894583 0.1666666 0.5629935 0.1666666 0.5530954 0.3333333 0.6753132 0.3333333 0.6833423 0.6666667 0.5556236 0.6666667 0.5556285 0.8333333 0.8725231 0.8333333 0.6860613 0.8333333 0.6905865 1 0.6905865 0 0.6894583 0.1666666 0.8733641 0.1666666 0.6894583 0.1666666 0.6753132 0.3333333 0.8731399 0.3333333 0.6840698 0.5 0.8729403 0.5 0.8731399 0.3333333 0.6840698 0.5 0.6833423 0.6666667 0.8734043 0.6666667 0.8734043 0.6666667 0.6833423 0.6666667 0.6860613 0.8333333 0.2209465 0.8333333 1.6304e-5 0.8333333 1.67432e-4 1 0.2209465 0.8333333 0.2190824 1 0.3395767 1 0.3395767 0 0.2190824 0 0.2229719 0.1666666 0.2229719 0.1666666 0.2149525 0.3261191 0.34442 0.3333333 0.34442 0.3333333 0.2149525 0.3261191 0.2229298 0.5 0.2209465 0.8333333 0.4120475 0.8333333 0.3461537 0.5534084 0.34442 0.3333333 0.3461537 0.5534084 0.5290691 0.5 0.6590197 0.1666666 1.000212 0.2217284 0.8692471 0 0.1715785 0.5 0.15604 0.6666668 0.2649146 0.6345722 0.2228503 0.1666666 0.2430152 0.4209283 0.3334314 0.3333333 0.2782743 0.8333333 0.2459861 1 0.5307582 1 0.3525122 0.1666666 0.3334314 0.3333333 0.5535247 0.3333334 0.3334314 0.3333333 0.2649146 0.6345722 0.5514308 0.5 0.3617016 0.6666666 0.5521271 0.6666667 0.5514308 0.5 0.5307582 1 0.8026621 1 0.7884812 0.8333334 0.5307582 0 0.5525406 0.1666666 0.775726 0.1666666 0.775726 0.1666666 0.5525406 0.1666666 0.5535247 0.3333334 0.792491 0.3333333 0.5535247 0.3333334 0.5514308 0.5 0.5514308 0.5 0.5521271 0.6666667 0.7918167 0.6666667 0.5521271 0.6666667 0.5368996 0.8333333 0.7884812 0.8333334 0.1301514 0 0.1085184 0.1666666 0.2247147 0.1666666 0.1529356 0.3333333 0.1478694 0.5 0.4064622 0.5 0.1478694 0.5 0.1312507 0.6666668 0.4039706 0.6666667 0.4099344 0.8333333 0.4074519 1 0.4641777 1 0.4039989 0.3333333 0.4643409 0.4206298 0.4678764 0.1666666 0.4643409 0.4206298 0.4064622 0.5 0.4039706 0.6666667 0.568401 0.8333333 0.4643932 0.7455289 0.4641777 1 0.4643932 0.7455289 0.5833654 0.6666667 0.5509063 0.5 0.7549735 0.8333334 0.568401 0.8333333 0.5731384 1 0.5833654 0.6666667 0.568401 0.8333333 0.7549735 0.8333334 0.7588571 0.5 0.864822 0.5425151 0.8373463 0.2932978 0.7772313 0.6666666 0.7549735 0.8333334 0.8557512 0.9720432 5.43824e-6 0.7506444 0.2679279 0.6666667 0.2186385 0.5 2.76213e-5 0.3881724 0.4206007 0.3333333 0.3264361 0.1666666 0.2817844 0.8333333 0.2191683 1 0.5436776 1 0.5436776 0 0.2191683 0 0.3264361 0.1666666 0.5449816 0.6666667 0.2679279 0.6666667 0.2817844 0.8333333 0.5449816 0.6666667 0.7727498 0.6666667 0.7722069 0.5 0.7724272 0.3333333 0.7722069 0.5 0.9999914 0.5 0.7722069 0.5 0.7727498 0.6666667 0.9999879 0.6666667 0.3391293 0.8333333 4.83269e-4 0.6673135 0.1511837 1 0.1497419 0.1044107 -6.04457e-5 0.3333333 0.3344388 0.3333333 0.3391293 0.8333333 0.3296223 1 0.409001 1 0.4629852 0 0.3980475 0.01962822 0.4102146 0.2616538 0.4101904 0.7354326 0.4686532 0.5927574 0.4444444 0.415951 0.4629852 0 0.4760857 0.2900078 0.537733 0.1454495 0.5574958 0.6666667 0.4686532 0.5927574 0.4637344 0.9113841 3.09359e-6 0.1666666 0.271031 0.3771849 0.2243089 0 4.73099e-6 0.5847727 5.68141e-6 0.9158994 0.270686 0.8333333 0.5212541 0.5 0.267636 0.5 0.2817767 0.6666666 0.5745716 0 0.5154473 0 0.5218282 0.1666666 0.5218282 0.1666666 0.5123149 0.3333333 0.5741322 0.4655585 0.5212541 0.5 0.520407 0.7509089 0.5746898 0.6666666 0.6799555 0.5 0.5741322 0.4655585 0.5746898 0.6666666 0.6938665 0.6666667 0.5746898 0.6666666 0.5754119 0.9120305 0.6526239 0.08528107 0.5897027 0.274326 0.8066666 0.3333333 0.8595901 0.8333333 0.6934878 0.8333334 0.7433281 1 0.8551624 0.6666666 0.6938665 0.6666667 0.6934878 0.8333334 0.409031 0.5680691 0.4109023 0.9078892 0.461384 0.9041587 0.5510416 0.7705993 0.5432642 1 0.6300998 1 0.6323987 0.756453 0.6300998 1 0.6666667 1 0.7000936 0.0941168 0.685694 0.3333333 0.7864784 0.3333333 0.9061034 0.0836296 0.7800867 0.08362472 0.7864784 0.3333333 0.3299256 0.6666667 0.55212 0.6666667 0.5533292 0.5 0.3299256 0.6666667 0.3322435 0.8333333 0.5261257 0.9135361 0.5533292 0.5 0.6896697 0.5 0.6819711 0.3333334 0.5533292 0.5 0.55212 0.6666667 0.6881241 0.6666667 0.552719 0.1666666 0.8682397 0.1666666 0.7550818 0 0.9232258 0.1666666 0.8894256 0.3333334 1.000014 0.4374189 0.5404372 0.07275789 0.328071 0.1666666 0.3387134 0.3333334 0.6603297 0.8333334 0.5293962 0.8333334 0.5470173 1 0.5465276 0.3333333 0.4952045 0.5 0.6671074 0.5 0.6671074 0.5 0.4952045 0.5 0.5466439 0.6666668 0.5466439 0.6666668 0.5293962 0.8333334 0.6603297 0.8333334 0.6671428 0.3333333 0.6671074 0.5 0.7841774 0.5537857 0.1886951 0.8333333 0.1855558 1 0.2407391 1 0.1877149 0.5 0.183637 0.6666667 0.2423946 0.6666667 0.1886951 0.8333333 0.2450186 0.8333333 0.2423946 0.6666667 0.2407391 1 0.4345792 1 0.40992 0.8333333 0.5679928 0.1666666 0.4451918 0.1666666 0.4765826 0.3333333 0.4765826 0.3333333 0.4410111 0.5 0.5754277 0.5 0.4771654 0.6666667 0.5671001 0.6666667 0.5754277 0.5 0.4771654 0.6666667 0.4649813 0.8333333 0.5673403 0.8333333 0.5754277 0.5 0.7841108 0.5 0.7752421 0.3333333 0.2421537 0.8333333 0.1716067 0.8333333 0.1881982 1 0.2421537 0.8333333 0.2425338 1 0.3363646 1 0.241775 0.08515 0.2193523 0.3333333 0.3266543 0.4276247 0.3532609 0.7063363 0.3363646 1 0.5459599 1 0.5459599 0 0.3363646 0 0.3481916 0.1666666 0.5461958 0.8333334 0.5459599 1 0.7772223 1 0.776772 0.6666667 0.5461579 0.6666668 0.5461958 0.8333334 0.5500581 0.1666666 0.533588 0.3333334 0.7795943 0.3333334 0.533588 0.3333334 0.5325114 0.5 0.7805988 0.5 0.9999974 0 0.7772223 0 0.7796486 0.1666666 0.9999979 0.253322 0.7795943 0.3333334 0.7805988 0.5 0.7776231 0.8333333 0.9999977 0.9162213 0.999998 0.5839205 0.1314469 0 0.1122757 0.1666666 0.2377482 0.1666666 0.2377482 0.1666666 0.1122757 0.1666666 0.1307773 0.3333333 0.1308409 0.9116143 0.2378884 0.8333333 0.2427974 0.6666667 0.07718563 0.0762999 -2.40613e-5 0.06843513 -6.58277e-6 0.3904903 0.1302449 0.8333333 0.07545846 0.8333333 0.07698243 1 0.1310429 0.09374904 0.07718563 0.0762999 0.07712268 0.3333333 0.07602339 0.5612847 0.07545846 0.8333333 0.1302449 0.8333333 0.1302449 0.8333333 0.1315375 1 0.2217576 1 0.1310429 0.09374904 0.1272425 0.374491 0.2255159 0.3333333 0.143765 0.5499673 0.1302449 0.8333333 0.2328333 0.8333333 0.3710132 0 0.2217576 0 0.2453931 0.1666666 0.3639643 0.6394174 0.2350409 0.6666668 0.2328333 0.8333333 0.3710132 0 0.3711867 0.2782919 0.5515648 0.1666666 0.3711867 0.2782919 0.3639643 0.6394174 0.5515575 0.5 0.5508133 0.6666666 0.3639643 0.6394174 0.3729694 0.8769323 0.7791801 0.1666666 0.5515648 0.1666666 0.5507667 0.3333334 0.7935227 0.3333333 0.5507667 0.3333334 0.5515575 0.5 0.5515575 0.5 0.5508133 0.6666666 0.7966454 0.6666667 0.5508133 0.6666666 0.5512832 0.8333334 0.7910693 0.8333333 0.7966454 0.6666667 0.7910693 0.8333333 1 0.9394263 0.2340292 0.8333333 0.1882331 1 0.4452843 1 0.3223984 0.5 0.5374241 0.5 0.5597071 0.3333333 0.5550426 0.6666668 0.7432594 0.6666667 0.7422608 0.4210034 0.5550426 0.6666668 0.4922055 0.8333334 0.7755132 0.8333333 0.7995501 0.1256122 0.7409544 0.1666666 0.7422608 0.4210034 0.8977437 0.8333333 0.7755132 0.8333333 0.8100835 1 0.7988116 0.5884734 0.7755132 0.8333333 0.8977437 0.8333333 0.3087825 0.1666666 1.70698e-5 0.08833354 2.35252e-5 0.3689345 0.7969837 0.7533495 0.7755286 1 0.8913027 1 0.7805671 0.1666666 0.7767949 0.3333333 0.8903102 0.4251326 0.001736164 0.6690659 5.49825e-5 0.9609199 0.4431091 1 0.1246867 0.6666667 0.001736164 0.6690659 0.4412376 0.8333333 0.565476 0.8333333 0.4412376 0.8333333 0.4431091 1 0.4431091 0 0.4408342 0.1666666 0.5673833 0.1666666 0.4659255 0.4270614 0.5762452 0.3333333 0.5673833 0.1666666 0.5724766 0.6666668 0.4398037 0.6666667 0.4412376 0.8333333 0.565476 0.8333333 0.5724738 1 0.8300302 1 0.5724738 0 0.5673833 0.1666666 0.8265557 0.1666666 0.821461 0.6666668 0.5724766 0.6666668 0.565476 0.8333333 0.8473728 0.8333333 0.8300302 1 0.9095466 1 0.8300302 0 0.8265557 0.1666666 0.9143279 0.2030227 1.39801e-5 0.5 0.3130029 0.5 0.3128223 0.3333333 0.3468762 0 0.2717472 0.1666666 0.558415 0.1666666 0.3128223 0.3333333 0.3130029 0.5 0.555715 0.5 0.5572841 1 0.8320413 0.9127469 0.7649008 0.8333333 0.5572841 0 0.558415 0.1666666 0.7698897 0.2692909 0.7698897 0.2692909 0.747455 0.5 0.9999859 0.5 0.7606496 0.6666667 0.9999405 0.7056465 0.9999859 0.5 0.1948351 0.3235398 0.2135725 0.1666666 0.2234694 0 0.5610548 0 0.4769749 0 0.4449612 0.1666666 0.7614873 0.5979465 0.629213 0.6666668 0.6759443 0.9271233 1 0 0.9017421 0 0.9115388 0.1666666 0.9049752 0.3333333 0.8938497 0.5 1.000006 0.6070031 0.2244216 0.4715118 0.3308922 0.3333333 0.2998458 0.08316838 0.2244216 0.4715118 0.2157109 0.6666667 0.3327126 0.6666667 0.4491536 0 0.3536562 0 0.3530946 0.1666666 0.3530946 0.1666666 0.3308922 0.3333333 0.4550936 0.3333333 0.4550936 0.3333333 0.3308922 0.3333333 0.3342122 0.5 0.3342122 0.5 0.3327126 0.6666667 0.4652763 0.6666666 0.3527553 0.9131251 0.4676722 0.8333334 0.4652763 0.6666666 0.4629398 0.5 0.4652763 0.6666666 0.6506318 0.6666666 0.4676722 0.8333334 0.6652842 0.8333333 0.6506318 0.6666666 0.6730026 0.5 0.8678346 0.5 0.8786787 0.3333334 0.5496815 0 0.2636059 0 0.3277485 0.1666666 0.5432229 0.6666668 0.7722476 0.6666666 0.7702562 0.5 0.9999986 0.7648558 0.6521134 0.8333334 0.7712133 1 0.7712133 0 0.7706466 0.1666666 0.9999981 0.1666666 0.7706466 0.1666666 0.7714406 0.3333333 0.9999979 0.3333333 0.7714406 0.3333333 0.7702562 0.5 0.9999976 0.5 0.2414786 0 0.1853287 0 0.1881881 0.1666666 0.1820695 0.6666667 0.2419839 0.6666667 0.2063508 0.3822063 0.1888453 0.8333333 0.2420098 0.9117847 0.2419839 0.6666667 0.2565785 0.1942629 0.3521223 0.1666666 0.3585333 0 0.3353532 0.5 0.2549675 0.4225231 0.2419839 0.6666667 0.3501989 0.6666666 0.2419839 0.6666667 0.2420098 0.9117847 0.3501989 0.6666666 0.3517384 0.8333333 0.5642054 0.8333333 0.3585333 0 0.3521223 0.1666666 0.6307677 0.1666666 0.6337592 0.7575427 0.6269228 1 0.685814 1 0.6459471 0.3493562 0.6337592 0.7575427 0.6852605 0.6666668 0.6967522 0.8544187 0.7758842 0.8333333 0.7775199 0.6338183 0.8528795 0.08327651 0.8554676 0.4090492 0.9066508 0.4593299 7.66826e-6 0.145958 9.1771e-6 0.4191545 0.1531115 0.4946871 9.1771e-6 0.4191545 7.6402e-6 0.7511592 0.1464007 0.6666666 0.1531115 0.4946871 0.1464007 0.6666666 0.2863155 0.6906769 0.4517897 0.2346981 0.2419593 0.1666666 0.3284319 0.3333334 0.3229717 0.5 0.2863155 0.6906769 0.4367834 0.6666668 0.3321882 0.8333334 0.4103958 0.9348114 0.4367834 0.6666668 0.5641984 0.3333333 0.5623653 0.5 0.7649252 0.5 0.7649252 0.5 0.5623653 0.5 0.5649856 0.6666667 0.7772623 0.6666668 0.5649856 0.6666667 0.5681544 0.8333333 0.1865759 0.8333333 0.1851168 1 0.4461649 1 0.5059409 0.5 0.3176773 0.5 0.3313395 0.6666667 0.1472755 0.6767302 0.3207187 0.6666668 0.3204267 0.4960252 0.3152728 0.8446206 0.3189717 1 0.5481262 1 0.5481262 0 0.3189717 0 0.3261752 0.1666666 0.3261752 0.1666666 0.3223829 0.3333334 0.5449988 0.3333333 0.3204267 0.4960252 0.5475704 0.5 0.5449988 0.3333333 0.3204267 0.4960252 0.3207187 0.6666668 0.5465441 0.6666667 0.5465441 0.6666667 0.3207187 0.6666668 0.3152728 0.8446206 0.7397029 0.3333333 0.5449988 0.3333333 0.5475704 0.5 0.7589178 0.4625496 0.5475704 0.5 0.5465441 0.6666667 0.8097445 0.4175513 0.7757837 0.6666668 0.8973991 0.7524433 6.89601e-6 0.3844017 0.2162665 0.3333333 0.2026606 0.1666666 0.2162665 0.3333333 0.1634914 0.5 0.3338141 0.5 0.2071804 0.6666667 0.3338754 0.6666667 0.3338141 0.5 0.2393123 0.8011417 0.3326521 0.8333333 0.3338754 0.6666667 0.3326521 0.8333333 0.3308152 1 0.4724265 1 0.3575174 0.2832109 0.4730461 0.1666666 0.4724265 0 0.3575174 0.2832109 0.3338141 0.5 0.4713437 0.5 0.4713437 0.5 0.3338141 0.5 0.3338754 0.6666667 0.3338754 0.6666667 0.3326521 0.8333333 0.4702738 0.8333333 0.4724265 1 0.7238885 0.8699923 0.6517347 0.7513709 0.4724265 0 0.4730461 0.1666666 0.6443272 0.1666666 0.6443272 0.1666666 0.4730461 0.1666666 0.4672635 0.3333333 0.4672635 0.3333333 0.4713437 0.5 0.6483336 0.5 0.6483336 0.5 0.4713437 0.5 0.4737624 0.6666667 0.6541471 0 0.6443272 0.1666666 0.7713193 0.1666666 0.7713193 0.1666666 0.6443272 0.1666666 0.6593424 0.3333333 0.6593424 0.3333333 0.6483336 0.5 0.7780077 0.5 0.6483336 0.5 0.6517347 0.7513709 0.7782501 0.6666667 0.8897905 0.3333333 0.7782248 0.3333333 0.7780077 0.5 0.8914632 0.6054368 0.7782501 0.6666667 0.7953265 0.8333333 0.2505208 0 0.1227762 0 0.1259146 0.1666666 0.1260042 0.5 0.1271286 0.6666666 0.2507343 0.6666667 0.2496103 0.8333333 0.2505208 1 0.373725 1 0.3753623 0.6666667 0.2507343 0.6666667 0.2496103 0.8333333 0.2760125 0.3333333 0.2509254 0.5 0.4489557 0.5 0.3758307 0.8333333 0.373725 1 0.5005227 1 0.5005227 0 0.373725 0 0.3673352 0.1666666 0.4489557 0.5 0.5205596 0.5 0.5300648 0.3333333 0.6456003 0.8333334 0.5005993 0.8333333 0.5005227 1 0.5005227 0 0.5003923 0.1666666 0.6601613 0.1666666 0.7914703 0.1666666 0.7479531 0.3333333 0.9999974 0.3853225 3.79008e-5 0.1666666 0.3560816 0.1666666 0.349911 0 0.3087078 0.3333333 0.3757467 0.5 0.7042539 0.5 0.9998134 0 0.6344814 0 0.6648427 0.1666666 0.5529386 0.3333333 1.94921e-5 0.3333333 1.7352e-5 0.5 1.000001 0.3748989 0.5867828 0.5 0.5953412 0.6666668 0.5009785 0.1666666 0.6033893 0.1666666 0.5893235 0 0.5009785 0.1666666 0.4470193 0.3333333 0.6027836 0.3333333 0.4803821 0.5 0.6046378 0.5 0.6027836 0.3333333 0.4803821 0.5 0.4734415 0.6666668 0.6029534 0.6666667 0.6455466 0.8333333 0.5512843 0.8333334 0.5893235 1 0.6637134 0.1666666 0.6033893 0.1666666 0.6027836 0.3333333 0.6027836 0.3333333 0.6046378 0.5 0.6619635 0.5 0.6029534 0.6666667 0.6706193 0.6666667 0.6619635 0.5 0.6455466 0.8333333 0.647596 1 0.7346143 1 0.7346143 0 0.647596 0 0.6637134 0.1666666 1.000003 0.2246196 0.8671036 0.3333334 0.8768641 0.5 0.2222352 0.3333333 0.1861565 0.5 0.4421159 0.5 0.5281687 0.1666666 0.4086008 0.1666666 0.44701 0.3333333 0.44701 0.3333333 0.4421159 0.5 0.5299463 0.5 0.5281687 0.1666666 0.5304912 0.3333333 0.6732853 0.3333333 0.5304912 0.3333333 0.5299463 0.5 0.6653925 0.5 0.6827375 0 0.6717169 0.1666666 1.000007 0.1666666 0.7971548 0.6666668 0.6938387 0.8333333 0.9999384 0.9375743 3.36317e-5 0.8333333 1.10003e-4 1 0.5503246 1 1.10003e-4 0 7.95795e-5 0.1666666 0.5562851 0.1666666 7.95795e-5 0.1666666 1.41397e-4 0.3333333 0.5558632 0.3333333 3.36317e-5 0.8333333 0.5565239 0.8333333 0.5448563 0.6666667 0.5562851 0.1666666 0.7392737 0.1666666 0.7112267 0 0.5562851 0.1666666 0.5558632 0.3333333 0.7276681 0.3333334 0.5448563 0.6666667 0.5565239 0.8333333 0.7112267 0.9544109 0.6079363 0.8333334 0.3203664 0.8333333 0.3221602 1 0.6076716 0 0.3221602 0 0.3284752 0.1666666 0.3284752 0.1666666 0.314665 0.3333334 0.6129043 0.3333333 0.314665 0.3333334 0.3227866 0.5 0.6042189 0.5 0.3253358 0.6666668 0.61141 0.6666667 0.6042189 0.5 0.3253358 0.6666668 0.3203664 0.8333333 0.6079363 0.8333334 0.6079363 0.8333334 0.6076716 1 0.7731819 1 0.7714022 0.09580755 0.6074302 0.1666666 0.6129043 0.3333333 0.7709456 0.4281401 0.6042189 0.5 0.61141 0.6666667 0.3326143 0.1666666 0.318745 0.3333333 0.613902 0.3333333 0.613902 0.3333333 0.318745 0.3333333 0.3308298 0.5 -3.58348e-7 0 -1.55898e-7 0.2500132 1.000003 0.2500907 5.347e-5 0 4.81488e-5 0.1666666 0.2659985 0.1666666 0.2659985 0.1666666 4.81488e-5 0.1666666 5.03027e-5 0.3333333 0.284515 0.3333333 5.03027e-5 0.3333333 1.85216e-5 0.5 1.85216e-5 0.5 1.30101e-5 0.6666667 0.278814 0.6666667 0.2659985 0.1666666 0.4292755 0.1666666 0.3849211 0 0.2659985 0.1666666 0.284515 0.3333333 0.3844573 0.3333334 0.3844573 0.3333334 0.284515 0.3333333 0.2866651 0.5 0.3867387 0.5 0.2866651 0.5 0.278814 0.6666667 0.3782987 0.8333333 0.3849211 1 0.448264 1 0.3844573 0.3333334 0.3867387 0.5 0.4502998 0.5 0.5614494 0.1666666 0.4292755 0.1666666 0.4557462 0.3333334 0.4557462 0.3333334 0.4502998 0.5 0.5718361 0.5 0.4739255 0.6666667 0.4557456 0.8333333 0.5714286 0.8333333 0.722231 0.3333333 0.5747295 0.3333333 0.5718361 0.5 0.7394256 0.6666668 0.6527019 0.6666667 0.6700357 0.8333333 0.7392869 0.8333333 0.7147619 1 0.8688537 1 0.8688537 0 0.7147619 0 0.7407802 0.1666666 0.7407802 0.1666666 0.722231 0.3333333 0.865796 0.3333334 0.7394256 0.6666668 0.7392869 0.8333333 0.858765 0.8333334 1.000003 0.2240717 0.865796 0.3333334 0.8805571 0.5 0.427439 0 0.2583234 0 0.2298094 0.1666666 0.2298094 0.1666666 0.2501849 0.3333333 0.429668 0.3333333 0.429668 0.3333333 0.3966723 0.5 0.5391738 0.5 0.7587487 0.8333334 0.5361576 0.8333333 0.5449262 1 0.5449262 0 0.5012573 0.1666666 0.758697 0.1666666 1.000006 0.7243914 0.7587487 0.8333334 0.762697 1 0.5135927 0.5 0.5049718 0.6666667 1 0.6666667 1 0.6666667 0.5049718 0.6666667 0.5142653 0.8333334 0.514477 0.3333334 0.50716 0.5 1 0.5 1 0.5 0.50716 0.5 0.5142312 0.6666667 2.61109e-5 0.2077533 0.3429627 0.1666666 0.2697884 0 0.3014419 0.5 0.2495126 0.6666667 0.5761449 0.6666667 0.4239159 0.3333334 0.7830121 0.3333333 0.680745 0.1666666 0.8123362 0.5 0.5724376 0.5 0.5761449 0.6666667 0.7830121 0.3333333 0.8123362 0.5 0.832401 0.6268594 0.832401 0.6268594 0.8220111 0.8333333 0.8905283 0.9287508 0.1711345 0.8333333 1.06399e-4 1 0.3993082 1 0.1663478 0.1666666 0.4001897 0.1666666 0.3993082 0 0.3421552 0.4706056 0.2693306 0.6666666 0.6288838 0.6666667 0.7485126 0.8333333 0.399627 0.8333333 0.3993082 1 0.3993082 0 0.4001897 0.1666666 0.7544768 0.1666666 -2.91941e-7 0 -2.91941e-7 0.2455507 1 0.1666666 1.98881e-7 0.5 0 0.7500001 1 0.6666667 0.2125358 1 0.2744222 1 0.2719153 0.8333333 0.2085178 0.8333334 0.2719153 0.8333333 0.2661629 0.5485038 0.2876228 0.2384463 0.4597877 0.250371 0.4591746 0 0.5536859 0 0.4591746 0 0.4597877 0.250371 0.4613391 0.5910862 0.5340638 0.4787264 0.5222142 0.2548269 0.521254 0.6666668 0.4613391 0.5910862 0.4604952 0.9110053 0.521254 0.6666668 0.5258617 0.9467217 0.6098213 0.8333333 0.6098213 0.8333333 0.5258617 0.9467217 0.7488694 1 0.7488694 0 0.5536859 0 0.6097064 0.1666666 0.6097064 0.1666666 0.5340638 0.4787264 0.7444704 0.3333333 0.6095233 0.5816712 0.7500711 0.5 0.7444704 0.3333333 0.7337716 0.6666668 0.6095233 0.5816712 0.6098213 0.8333333 0.7491827 0.1666666 0.9999974 0.1666666 0.9999982 0 0.7491827 0.1666666 0.7444704 0.3333333 0.9999977 0.4199164 0.1621679 0.7417939 0.1617121 1 0.3240237 1 0.165288 0.4087009 0.1621679 0.7417939 0.3251549 0.6666667 0.6715916 0.7036779 0.9999756 0.6666667 0.99998 0.5 0.4311643 0.8333333 0.3344401 1 0.7562248 1 0.4238001 0.3333333 0.3361204 0.5 0.7544896 0.5 0.3361204 0.5 0.3478169 0.6666668 0.6924911 0.7765188 0.8108548 0.7118437 1.000016 0.7752203 1 0.3891177 0.4854722 0.06938767 3.02135e-5 0.0845974 3.20776e-5 0.3527419 0.3553856 0 0.3409761 0.1666666 0.7826927 0.1666666 0.4392085 0.4054187 0.4018055 0.5786423 0.5579398 0.6227987 0.6312785 0.8333333 0.470021 0.9186225 0.5438336 1 0.6312785 0.8333333 0.6345314 1 0.8029772 1 0.6312785 0.8333333 0.8164466 0.8333333 0.8035973 0.6666667 0.8117299 0.5 0.8035973 0.6666667 1 0.773546 1.459e-5 0.7764635 0.5708419 0.6666666 0.3384505 0.5 0.322884 0.3333333 0.3384505 0.5 0.7038818 0.5 1.000003 0.7223481 0.5015552 0.8333333 0.5125486 1 0.2819248 0.8333333 0.2724035 1 0.6656846 1 0.6656846 0 0.2724035 0 0.3200676 0.1666666 0.6656846 1 0.9999983 1 0.9999974 0.7507904 0.9999976 0.08243614 0.6639042 0.1666666 0.6697567 0.3333334 0.9999971 0.4197639 0.6654782 0.5 0.670392 0.6666668 1.000002 0.7219538 0.5014471 0.8333333 0.5114277 1 1.24342e-4 0.1666666 3.6914e-5 0.3333333 0.4201294 0.3333333 0.4201294 0.3333333 3.6914e-5 0.3333333 8.92702e-5 0.5 0.2625554 0.6666666 2.60026e-5 0.6666668 3.88654e-5 0.8333333 0.3809145 0.3333334 0.1496577 0.3333333 0.1511852 0.5 0.6193792 0.3333334 0.3809145 0.3333334 0.3946259 0.5 0.9063579 0.7227173 1.00001 0.7741854 1 0.3996502 2.66357e-7 0.227669 1.000004 0.2573354 1.000003 0 -9.50676e-7 0.5906613 -2.36117e-7 0.9239932 1.000003 0.9121866 0.4319763 0.8333333 0.4050769 1 0.5634717 1 0.5718633 0.6666668 0.3413558 0.6666666 0.4319763 0.8333333 0.7679162 0.1666666 0.571992 0.1666666 0.5710957 0.3333334 0.5710957 0.3333334 0.5746542 0.5 0.7069669 0.5 0.5718633 0.6666668 0.7683587 0.6666666 0.7069669 0.5 0.5718633 0.6666668 0.5728372 0.8333333 0.7618777 0.8333333 0.390375 0 0.3481979 0.1666666 0.7856692 0.1666666 0.7920419 0.3333333 0.4164585 0.3333334 0.4158827 0.5 0.4158827 0.5 0.4081009 0.6666668 0.7971891 0.6666666 0.7971891 0.6666666 0.7802386 0.8333334 1.000348 0.9360246 1.3418e-4 1 1.000502 0.9345466 0.6725977 0.8333333 1.3418e-4 0 1.57499e-4 0.1666666 0.6611472 0.1666666 0.6611472 0.1666666 1.57499e-4 0.1666666 1.74998e-4 0.3333333 0.6762833 0.3333334 1.74998e-4 0.3333333 1.0986e-4 0.5 3.52801e-5 0.6666667 3.05079e-5 0.8333333 0.6725977 0.8333333 0.6782409 0.6232874 0.6725977 0.8333333 1.000502 0.9345466 0.2835482 0.3333333 0.2877495 0.5 0.5590715 0.5 0.2877495 0.5 0.3140471 0.6666667 0.5074166 0.6666667 0.7152264 0 0.5681858 0 0.573084 0.1666666 0.8609744 0.5 0.7067814 0.5 0.7127841 0.6666667 0.7127841 0.6666667 0.7113464 0.8333333 0.8605169 0.8333333 0.7741707 0 0.3238176 0 0.3301151 0.1666666 0.3301151 0.1666666 0.3289169 0.3333333 0.766438 0.3333333 0.3781313 0.5 0.7666749 0.5 0.766438 0.3333333 1.000002 0 0.4816934 0 0.4852986 0.1666666 0.6555348 0.8333333 6.18638e-5 0.8333333 9.11538e-5 1 9.11538e-5 0 1.27414e-4 0.1666666 0.6411898 0.1666666 0.6675209 0.3333333 1.66432e-4 0.3333333 7.79902e-5 0.5 7.79902e-5 0.5 3.25967e-5 0.6666667 0.6751038 0.6666667 0 0.7730112 -8.2012e-7 1 1.000003 1 0.2596602 0.1666666 0.2530821 0.3333334 0.5694218 0.3333333 0.2568798 0.6666667 0.2561571 0.8333333 0.5671278 0.8333334 0.5819346 0 0.5652756 0.1666666 0.852844 0.1666666 0.5694218 0.3333333 0.5630099 0.5 0.8538404 0.5 0.8543179 0.3333333 0.8538404 0.5 1 0.6117679 0.29249 0 1.21127e-5 0 1.79839e-5 0.1666666 0.29249 0 0.2891752 0.1666666 0.5706712 0.1666666 0.5706712 0.1666666 0.2891752 0.1666666 0.3164992 0.3333334 0.3339176 0.5 0.5956761 0.5 0.5778434 0.3333333 0.3339176 0.5 0.2823197 0.6666668 0.5689442 0.6666666 0.5244683 0.8333333 1.000134 0.7782427 0.858569 0.6244786 0.2021777 0.6666667 0.2858331 0.6439741 0.2733801 0.4222486 0.2021777 0.6666667 0.2093629 0.9315028 0.2729055 0.9214574 0.2735864 0 0.2452835 0.1666666 0.4075766 0.1666666 0.2733801 0.4222486 0.3866439 0.3333333 0.4075766 0.1666666 0.2858331 0.6439741 0.2729055 0.9214574 0.3896178 0.8333333 0.3792034 1 0.6978404 0.8586904 0.6204687 0.7521461 0.3792034 0 0.4075766 0.1666666 0.6200354 0.2480372 0.6232159 0 0.6200354 0.2480372 0.7125629 0.256003 0.7717867 0.2454851 0.8771668 0.2389332 0.8773999 0 0.7717867 0.2454851 0.7490115 0.5 0.8850253 0.5827524 0.2040711 0.6666668 0.5324611 0.6666666 0.5083163 0.4048252 0.2040711 0.6666668 0.1936902 0.8333334 0.5248246 0.8333333 0.6407954 0 0.3651821 0 0.3743739 0.1666666 0.9998753 0.7730143 0.5248246 0.8333333 0.6407954 1 5.5959e-5 0.5820219 0.3310978 0.5887187 0.3319831 0.2499764 5.5959e-5 0.5820219 8.45744e-5 0.9407035 0.3266611 0.8333333 0.4359799 0.2441944 0.3319831 0.2499764 0.3310978 0.5887187 0.451471 0.6030238 0.6239897 0.5 0.621349 0.3333333 0.451471 0.6030238 0.4314545 0.792141 0.5845937 1.052962 0.7069577 0.8333333 0.6393966 1 1 1 0.5118319 0.1666666 0.5016704 0.3333333 1.000005 0.4443243 0.9999995 0 -2.009e-7 0 -3.7802e-7 0.2455514 -3.7802e-7 0.2455514 -4.65384e-7 0.5788846 0.9999998 0.5 0.3369948 0.09488552 0.1990441 0.1666666 0.1789909 0.4288983 0.3364788 0.5631905 0.306884 0.8333333 0.4364899 0.9204528 0.4372413 0 0.4591174 0.2499257 0.6132501 0.1970253 0.6132501 0.1970253 0.4368131 0.5600509 0.7590679 0.6231988 0.709949 0.3333333 1.000001 0.444763 1 0.06036204 0.2905793 0.1666666 0.5382865 0.2447445 0.5394006 0 0.5382865 0.2447445 0.300439 0.3333333 0.2739229 0.5 0.5394006 0 0.5382865 0.2447445 0.6339932 0.2444831 0.5616822 0.5746973 0.5406201 0.9135052 0.6342447 0.9183223 0.6342447 0.9183223 0.8023787 0.8333333 0.8020599 0.5424363 0.5113385 0.5 0.5014459 0.6666668 1.000002 0.7779971 0.4945548 0.5 0.3496801 0.6666667 0.6186801 0.7108743 1.000034 0.06259047 0.7582869 0.1666666 0.7953837 0.3333333 -3.49299e-7 0 -4.32099e-7 0.2544477 1 0.1666666 -2.13438e-7 0.5 -2.7948e-7 0.7499998 1 0.6666667 0.7301998 0.6581379 0.5183215 0.6666667 0.562595 0.8333333 1.000034 0.05990999 0.6760131 0.1666666 0.6594007 0.3333333 -6.816e-7 0 -5.40071e-7 0.2544486 1 0.1666666 1 0.6666667 3.67204e-7 0.5833331 -1.92577e-7 0.9166663 0.1665502 0.6666667 0.09663051 0.6666667 0.09881687 0.8333333 0.3039751 0.8333333 0.1713579 0.8333333 0.1394621 1 0.1394621 0 0.144415 0.1666666 0.3168864 0.1666666 0.144415 0.1666666 0.1400616 0.3333333 0.3197088 0.3333333 0.1400616 0.3333333 0.1443014 0.5 0.3230494 0.5 0.1665502 0.6666667 0.3630203 0.6666666 0.3230494 0.5 0.1665502 0.6666667 0.1713579 0.8333333 0.3039751 0.8333333 0.3168864 0.1666666 0.3197088 0.3333333 0.5413357 0.3333333 0.3197088 0.3333333 0.3230494 0.5 0.5298957 0.5 0.6682526 0.6666667 0.3630203 0.6666666 0.4849626 0.8333333 0.5543339 0 0.5656453 0.1666666 0.6848365 0.1666666 0.5656453 0.1666666 0.5413357 0.3333333 0.6901277 0.3333333 0.6682526 0.6666667 0.7399333 0.6666667 0.7405527 0.5 0.6682526 0.6666667 0.6662953 0.8333333 0.7393065 0.8333333 0.7566306 0.1666666 0.6848365 0.1666666 0.6901277 0.3333333 0.7393065 0.8333333 0.715436 1 0.8544542 1 0.8553012 0.6666667 0.7399333 0.6666667 0.7393065 0.8333333 0.7566306 0.1666666 0.7589721 0.3333333 0.8669743 0.3333333 0.9999881 0.5556222 0.8553012 0.6666667 0.8575569 0.8333333 0.5301224 0.6666667 0.4165013 0.6666667 0.4514909 0.8333333 0.494156 0 0.5310725 0.1666666 0.6970816 0.1666666 0.5310725 0.1666666 0.4992434 0.3333333 0.7219274 0.3333333 0.4651767 0.5 2.50672e-6 0.5 1.11127e-5 0.6666667 0.237805 0.1666666 1.69674e-5 0.3333333 0.5650172 0.3333333 0.4896798 0.8333333 0.3884631 1 0.8053643 1 0.8053643 0 0.3884631 0 0.5512376 0.1666666 0.5650172 0.3333333 0.4651767 0.5 0.8008059 0.5 0.4756088 0.6666667 0.8056423 0.6666667 0.8008059 0.5 0.4896798 0.8333333 0.7991134 0.8333333 0.8056423 0.6666667 1.68773e-4 1 0.6768174 1 0.6650347 0.8333333 1.68773e-4 0 1.73435e-4 0.1666666 0.6614625 0.1666666 1.000009 0.2236452 0.5048145 0.3333333 0.5138241 0.5 0.1617875 0.3333334 0.380202 0.3333334 0.3812397 0.1666666 0.380202 0.3333334 0.3270499 0.5 0.4551684 0.5 0.4296143 1 0.6116129 1 0.5667624 0.7516835 0.4296143 0 0.4549129 0.2512782 0.57005 0.2453359 0.57005 0.2453359 0.4549129 0.2512782 0.4551684 0.5 0.4551684 0.5 0.429708 0.6666667 0.5667624 0.7516835 1.68754e-5 0 1.84675e-5 0.2505061 0.5074186 0.1666666 0.7449459 0.8406004 0.7556802 1 1 1 1 0.405377 0.7545386 0.5 0.7537482 0.6666666 1.05788e-6 0.1666666 -4.12351e-7 0.416667 0.9999999 0.4166667 0.9999999 0.4166667 -4.12351e-7 0.416667 -7.25016e-7 0.6666666 2.20574e-5 1 0.2575919 1 0.2499058 0.7497698 2.20574e-5 0 1.53497e-5 0.1666666 0.2413298 0.2090952 0.2413298 0.2090952 2.22798e-5 0.3333333 1.88647e-5 0.5 1.88647e-5 0.5 1.80338e-5 0.6666667 0.2499058 0.7497698 0.3519223 0 0.2575919 0 0.2413298 0.2090952 0.3469283 0.9459707 0.3990003 0.8758316 0.3973416 0.6666666 0.4118334 0 0.3759271 0.1666666 0.5094529 0.1666666 0.4117304 0.4160128 0.5025004 0.3333333 0.5094529 0.1666666 0.3973416 0.6666666 0.3990003 0.8758316 0.5015598 0.9183289 0.506649 0.7302783 0.5015598 0.9183289 0.7111761 0.8333333 0.7113255 0.5 0.7086724 0.6666667 0.7739725 0.66712 0.7739725 0.66712 0.7086724 0.6666667 0.7111761 0.8333333 -4.14619e-5 0.06822276 -1.17139e-5 0.3903229 0.1368554 0.4244344 0.2352311 0 0.2013926 0.1666666 0.4268059 0.1666666 0.2344865 0.4214808 0.4139505 0.4146422 0.4268059 0.1666666 0.4252933 1 0.9997482 0.894335 0.819482 0.8333334 7.96128e-5 0.2066835 0.5674325 0.1666666 0.4648472 0 0.3351925 0.4964974 0.2484459 0.8333333 0.7139174 0.8333333 0.7157946 0.3333333 0.2653574 0.3333333 0.3351925 0.4964974 0.6983466 0.5 0.6456767 0.6666668 1 0.7728698 0.6258136 1 0.7879353 1 0.7523254 0.7465016 0.6465511 0.4194541 0.6456643 0.7454362 0.7523254 0.7465016 0.8960227 0.6666666 0.9999038 0.778306 0.9998866 0.3936687 0.3059843 0.3550479 0.3334572 0.566008 0.7154695 0.5 0.3509814 0 0.3059843 0.3550479 0.9999018 0.1666666 0.5017493 0.7631022 -0.001346886 0.9445154 1 1 0.2265808 0 -1.39757e-6 0 3.18965e-5 0.2769322 0.2265808 0 0.2769168 0.3597348 0.5676143 0.1666666 0.2409526 0.6666668 0.6708285 0.6666667 0.6727397 0.5 0.2409526 0.6666668 0.2239516 0.8333334 0.6548427 0.8333333 0.9999999 0.3333333 0 0.2455505 -1.69452e-7 0.5833331 -1.69452e-7 0.5833331 0 0.916667 1 0.8333333 1.22828e-4 0.7784899 5.9766e-5 1 0.2994948 1 0.5262722 0.8333333 0.2993439 0.8333334 0.2994948 1 0.2994948 0 0.2864658 0.1666666 0.5244016 0.2478398 0.2993439 0.8333334 0.5262722 0.8333333 0.557607 0.6666668 0.7114067 0.8333333 0.5978312 0.8333333 0.6133702 1 0.7104113 0.1666666 0.608151 0.05450081 0.5956066 0.3333334 0.5956066 0.3333334 0.5724357 0.5 0.7373048 0.5 0.354693 0.1666666 0.798397 0.1666666 0.7954495 0 0.354693 0.1666666 0.3495658 0.3333333 0.7615764 0.4041873 0.8629346 0.4262465 0.7985696 0.6666668 1 0.7762916 0 0.7500006 0 1 1 1 0 0.08778136 0 0.416666 1 0.4166667 0 0.416666 0 0.7500006 0.9999999 0.7500002 0.6676076 1 0.8372672 1 0.8378993 0.7440627 0.6676076 0 0.6649413 0.1666666 0.8381432 0.1666666 0.6921543 0.3989696 0.8349822 0.3333333 0.8381432 0.1666666 1 0 0.8372672 0 0.8381432 0.1666666 0.5016402 0.4037506 1.000001 0.445039 1 0.0605005 0.1349489 0.9243155 0.2884868 0.8885521 0.2895159 0.5592609 0.1429415 0 6.30367e-5 0.2724785 0.3639733 0.2906554 0.1413282 0.3333333 0.2953755 0.3333334 0.3639733 0.2906554 0.2953755 0.3333334 0.1413282 0.3333333 0.1424358 0.5 0.3639733 0.2906554 0.429229 0.1666666 0.3888747 0 0.2895159 0.5592609 0.4291566 0.5 0.3639733 0.2906554 0.2895159 0.5592609 0.2884868 0.8885521 0.3875862 0.9234353 0.4528021 0 0.429229 0.1666666 0.564104 0.2592027 0.4520852 0.3333333 0.4291566 0.5 0.5791818 0.5628026 2.80924e-5 0 1.43991e-4 0.2056921 0.4232676 0.2519258 0.2458126 0.7426 0.4453202 0.7733648 0.3989877 0.4773979 0.4453202 0.7733648 0.5473996 0.7353059 0.5381601 0.4136448 0.3101853 0.3333333 0.6741032 0.3333333 0.6075447 0.07824575 0.3101853 0.3333333 0.3252396 0.5750444 0.6079378 0.5787574 0.7708732 0.09930533 0.6741032 0.3333333 1 0.4433671 0.9999998 0.8333333 -1.58156e-7 0.7499989 -6.37435e-7 1 -5.31997e-7 0.08333343 0 0.4211149 0.9999998 0.3333333 0 1 0.9999999 1 0.9999999 0.7500007 0.9999998 0.08333331 0 0.08333349 0 0.4122182 0.9999999 0.4240919 0 0.4122182 0 0.7500001 -1.53802e-6 0.7849907 0.2033215 0.7494296 0.197489 0.4024735 0.6007605 0.1666666 0.4337769 0.07279938 0.413302 0.4298611 0.8306912 0.5874949 0.6020991 0.569366 0.599049 0.9047423 0.5114023 0.1666666 0.5014959 0.3333333 1.000003 0.4447353 0.8037127 0.8333334 0.5471048 0.8333333 0.6571156 1 0.6605401 0.5564286 0.5471048 0.8333333 0.8037127 0.8333334 0.5114356 0.1666666 0.5014983 0.3333333 1.000002 0.4447914 1 0 -4.35837e-7 0 -4.35837e-7 0.1666666 0.9999998 0.5 -4.35837e-7 0.4166666 -4.35837e-7 0.6666667</float_array>
          <technique_common>
            <accessor source="#tree-mesh-map-0-array" count="18357" stride="2">
              <param name="S" type="float"/>
              <param name="T" type="float"/>
            </accessor>
          </technique_common>
        </source>
        <vertices id="tree-mesh-vertices">
          <input semantic="POSITION" source="#tree-mesh-positions"/>
        </vertices>
        <triangles count="6119">
          <input semantic="VERTEX" source="#tree-mesh-vertices" offset="0"/>
          <input semantic="NORMAL" source="#tree-mesh-normals" offset="1"/>
          <input semantic="TEXCOORD" source="#tree-mesh-map-0" offset="2" set="0"/>
          <p>1 0 0 6 1 1 0 2 2 8 3 3 3 4 4 4 5 5 6 1 6 11 6 7 5 7 8 7 8 9 9 9 10 1 0 11 10 10 12 7 8 13 3 4 14 11 6 15 8 3 16 5 7 17 6 1 18 16 11 19 11 6 20 23 12 21 17 13 22 18 14 23 21 15 24 25 16 25 20 17 26 27 18 27 26 19 28 17 13 29 26 19 30 28 20 31 21 15 32 31 21 33 32 22 34 25 16 35 34 23 36 33 24 37 24 25 38 32 22 39 34 23 40 24 25 41 38 26 42 35 27 43 29 28 44 39 29 45 34 23 46 32 22 47 35 27 48 39 29 49 32 22 50 40 30 51 38 26 52 36 31 53 39 29 54 42 32 55 34 23 56 38 26 57 43 33 58 35 27 59 44 34 60 43 33 61 38 26 62 47 35 63 46 36 64 41 37 65 42 32 66 47 35 67 41 37 68 48 38 69 50 39 70 42 32 71 46 36 72 51 40 73 44 34 74 52 41 75 46 36 76 47 35 77 50 39 78 52 41 79 47 35 80 49 42 81 53 43 82 48 38 83 56 44 84 53 43 85 49 42 86 57 45 87 52 41 88 50 39 89 53 43 90 57 45 91 50 39 92 57 45 93 58 46 94 52 41 95 58 46 96 59 47 97 54 48 98 69 49 99 68 50 100 63 51 101 71 52 102 69 49 103 64 53 104 70 54 105 73 55 106 66 56 107 74 57 108 70 54 109 68 50 110 77 58 111 70 54 112 74 57 113 79 59 114 76 60 115 70 54 116 77 58 117 79 59 118 70 54 119 78 61 120 80 62 121 69 49 122 75 63 123 81 64 124 78 61 125 80 62 126 84 65 127 77 58 128 85 66 129 81 64 130 75 63 131 86 67 132 82 68 133 83 69 134 84 65 135 86 67 136 83 69 137 87 70 138 80 62 139 81 64 140 85 66 141 87 70 142 81 64 143 86 67 144 88 71 145 82 68 146 89 72 147 86 67 148 84 65 149 90 73 150 89 72 151 80 62 152 87 70 153 90 73 154 80 62 155 91 74 156 88 71 157 86 67 158 95 75 159 93 76 160 88 71 161 104 77 162 103 78 163 98 79 164 99 80 165 104 77 166 98 79 167 113 81 168 117 82 169 112 83 170 118 84 171 115 85 172 116 86 173 121 87 174 118 84 175 111 88 176 118 84 177 122 89 178 115 85 179 129 90 180 133 91 181 126 92 182 134 93 183 129 90 184 128 94 185 131 95 186 135 96 187 130 97 188 139 98 189 131 95 190 132 99 191 136 100 192 139 98 193 132 99 194 140 101 195 135 96 196 131 95 197 142 102 198 145 103 199 138 104 200 137 105 201 146 106 202 136 100 203 148 107 204 147 108 205 145 103 206 149 109 207 146 106 208 147 108 209 148 107 210 149 109 211 147 108 212 150 110 213 144 111 214 146 106 215 152 112 216 143 113 217 144 111 218 150 110 219 152 112 220 144 111 221 154 114 222 151 115 223 143 113 224 153 116 225 156 117 226 149 109 227 157 118 228 155 119 229 156 117 230 153 116 231 157 118 232 156 117 233 157 118 234 159 120 235 155 119 236 161 121 237 158 122 238 154 114 239 161 121 240 154 114 241 152 112 242 159 120 243 161 121 244 152 112 245 168 123 246 171 124 247 164 125 248 172 126 249 168 123 250 166 127 251 174 128 252 169 129 253 170 130 254 175 131 255 184 132 256 182 133 257 185 134 258 186 135 259 175 131 260 187 136 261 183 137 262 181 138 263 184 132 264 187 136 265 181 138 266 188 139 267 185 134 268 177 140 269 191 141 270 188 139 271 183 137 272 189 142 273 192 143 274 184 132 275 192 143 276 193 144 277 187 136 278 194 145 279 188 139 280 191 141 281 197 146 282 192 143 283 189 142 284 204 147 285 207 148 286 200 149 287 208 150 288 204 147 289 202 151 290 210 152 291 208 150 292 209 153 293 211 154 294 210 152 295 205 155 296 211 154 297 216 156 298 210 152 299 213 157 300 218 158 301 212 159 302 219 160 303 211 154 304 214 161 305 217 162 306 219 160 307 214 161 308 219 160 309 221 163 310 211 154 311 222 164 312 217 162 313 218 158 314 223 165 315 221 163 316 219 160 317 217 162 318 223 165 319 219 160 320 224 166 321 220 167 322 216 156 323 224 166 324 225 168 325 220 167 326 226 169 327 223 165 328 217 162 329 222 164 330 226 169 331 217 162 332 221 163 333 228 170 334 224 166 335 230 171 336 227 172 337 225 168 338 239 173 339 236 174 340 237 175 341 240 176 342 237 175 343 234 177 344 240 176 345 239 173 346 237 175 347 239 173 348 238 178 349 236 174 350 241 179 351 239 173 352 240 176 353 243 180 354 241 179 355 238 178 356 242 181 357 243 180 358 238 178 359 244 182 360 241 179 361 243 180 362 244 182 363 248 183 364 242 181 365 245 184 366 244 182 367 243 180 368 245 184 369 247 185 370 248 183 371 248 183 372 250 186 373 246 187 374 250 186 375 247 185 376 246 187 377 252 188 378 249 189 379 247 185 380 253 190 381 254 191 382 252 188 383 251 192 384 255 193 385 253 190 386 258 194 387 262 195 388 257 196 389 259 197 390 260 198 391 258 194 392 257 196 393 261 199 394 256 200 395 261 199 396 259 197 397 256 200 398 262 195 399 261 199 400 257 196 401 262 195 402 263 201 403 261 199 404 264 202 405 262 195 406 260 198 407 266 203 408 262 195 409 264 202 410 267 204 411 266 203 412 264 202 413 270 205 414 267 204 415 265 206 416 276 207 417 274 208 418 272 209 419 275 210 420 276 207 421 272 209 422 276 207 423 277 211 424 273 212 425 278 213 426 276 207 427 275 210 428 277 211 429 279 214 430 275 210 431 279 214 432 280 215 433 278 213 434 282 216 435 279 214 436 276 207 437 281 217 438 280 215 439 279 214 440 282 216 441 281 217 442 279 214 443 286 218 444 283 219 445 284 220 446 285 221 447 287 222 448 284 220 449 288 223 450 285 221 451 283 219 452 287 222 453 289 224 454 286 218 455 291 225 456 287 222 457 288 223 458 290 226 459 286 218 460 289 224 461 292 227 462 291 225 463 286 218 464 294 228 465 290 226 466 291 225 467 294 228 468 295 229 469 290 226 470 290 226 471 296 230 472 293 231 473 297 232 474 296 230 475 295 229 476 296 230 477 299 233 478 298 234 479 300 235 480 297 232 481 298 234 482 301 236 483 299 233 484 297 232 485 310 237 486 305 238 487 303 239 488 304 240 489 306 241 490 303 239 491 308 242 492 310 237 493 303 239 494 306 241 495 308 242 496 303 239 497 306 241 498 309 243 499 308 242 500 310 237 501 307 244 502 305 238 503 308 242 504 311 245 505 310 237 506 309 243 507 311 245 508 308 242 509 312 246 510 309 243 511 306 241 512 313 247 513 311 245 514 309 243 515 312 246 516 313 247 517 309 243 518 317 248 519 314 249 520 315 250 521 316 251 522 317 248 523 315 250 524 318 252 525 316 251 526 314 249 527 320 253 528 321 254 529 318 252 530 323 255 531 325 256 532 322 257 533 328 258 534 323 255 535 324 259 536 329 260 537 327 261 538 328 258 539 327 261 540 330 262 541 326 263 542 331 264 543 329 260 544 328 258 545 331 264 546 328 258 547 326 263 548 330 262 549 331 264 550 326 263 551 332 265 552 330 262 553 329 260 554 334 266 555 331 264 556 332 265 557 334 266 558 333 267 559 331 264 560 335 268 561 334 266 562 332 265 563 338 269 564 339 270 565 337 271 566 340 272 567 336 273 568 337 271 569 339 270 570 340 272 571 337 271 572 340 272 573 344 274 574 342 275 575 342 275 576 347 276 577 343 277 578 346 278 579 345 279 580 344 274 581 347 276 582 344 274 583 343 277 584 353 280 585 351 281 586 350 282 587 355 283 588 354 284 589 351 281 590 356 285 591 353 280 592 354 284 593 357 286 594 358 287 595 355 283 596 359 288 597 358 287 598 357 286 599 360 289 600 357 286 601 356 285 602 358 287 603 361 290 604 356 285 605 360 289 606 362 291 607 359 288 608 364 292 609 360 289 610 361 290 611 362 291 612 361 290 613 359 288 614 367 293 615 366 294 616 364 292 617 365 295 618 364 292 619 362 291 620 368 296 621 371 297 622 370 298 623 372 299 624 373 300 625 369 301 626 371 297 627 372 299 628 370 298 629 372 299 630 374 302 631 373 300 632 376 303 633 371 297 634 373 300 635 378 304 636 374 302 637 375 305 638 376 303 639 378 304 640 375 305 641 386 306 642 384 307 643 379 308 644 380 309 645 386 306 646 379 308 647 385 310 648 387 311 649 381 312 650 388 313 651 385 310 652 383 314 653 386 306 654 389 315 655 384 307 656 390 316 657 386 306 658 380 309 659 391 317 660 389 315 661 386 306 662 391 317 663 395 318 664 389 315 665 395 318 666 394 319 667 389 315 668 397 320 669 390 316 670 392 321 671 398 322 672 397 320 673 393 323 674 394 319 675 398 322 676 393 323 677 395 318 678 398 322 679 394 319 680 401 324 681 403 325 682 399 326 683 404 327 684 403 325 685 401 324 686 407 328 687 403 325 688 404 327 689 407 328 690 402 329 691 403 325 692 406 330 693 407 328 694 404 327 695 408 331 696 409 332 697 407 328 698 409 332 699 406 330 700 405 333 701 413 334 702 412 335 703 410 336 704 412 335 705 414 337 706 411 338 707 414 337 708 413 334 709 410 336 710 417 339 711 413 334 712 414 337 713 418 340 714 414 337 715 415 341 716 413 334 717 418 340 718 415 341 719 417 339 720 419 342 721 416 343 722 418 340 723 420 344 724 417 339 725 419 342 726 418 340 727 416 343 728 420 344 729 422 345 730 419 342 731 421 346 732 423 347 733 420 344 734 422 345 735 421 346 736 419 342 737 423 347 738 425 348 739 422 345 740 424 349 741 426 350 742 423 347 743 425 348 744 424 349 745 422 345 746 426 350 747 428 351 748 425 348 749 427 352 750 429 353 751 426 350 752 430 354 753 427 352 754 425 348 755 428 351 756 433 355 757 430 354 758 432 356 759 428 351 760 429 353 761 430 354 762 432 356 763 429 353 764 431 357 765 436 358 766 433 355 767 435 359 768 431 357 769 432 356 770 433 355 771 435 359 772 432 356 773 434 360 774 439 361 775 436 358 776 438 362 777 434 360 778 435 359 779 436 358 780 438 362 781 435 359 782 437 363 783 441 364 784 439 361 785 439 361 786 440 365 787 438 362 788 444 366 789 446 367 790 443 368 791 446 367 792 445 369 793 443 368 794 448 370 795 447 371 796 442 372 797 452 373 798 451 374 799 449 375 800 453 376 801 452 373 802 449 375 803 452 373 804 455 377 805 454 378 806 456 379 807 453 376 808 454 378 809 459 380 810 455 377 811 456 379 812 459 380 813 460 381 814 455 377 815 458 382 816 459 380 817 456 379 818 465 383 819 463 384 820 461 385 821 463 384 822 464 386 823 462 387 824 465 383 825 464 386 826 463 384 827 470 388 828 471 389 829 469 390 830 471 389 831 467 391 832 468 392 833 477 393 834 475 394 835 473 395 836 476 396 837 477 393 838 473 395 839 478 397 840 476 396 841 474 398 842 477 393 843 478 397 844 475 394 845 479 399 846 476 396 847 478 397 848 477 393 849 480 400 850 478 397 851 479 399 852 481 401 853 476 396 854 480 400 855 479 399 856 478 397 857 483 402 858 485 403 859 482 404 860 485 403 861 484 405 862 482 404 863 485 403 864 486 406 865 484 405 866 491 407 867 490 408 868 488 409 869 490 408 870 493 410 871 489 411 872 493 410 873 491 407 874 488 409 875 494 412 876 491 407 877 493 410 878 492 413 879 495 414 880 493 410 881 496 415 882 492 413 883 491 407 884 494 412 885 499 416 886 496 415 887 498 417 888 494 412 889 495 414 890 499 416 891 495 414 892 496 415 893 501 418 894 500 419 895 498 417 896 502 420 897 498 417 898 499 416 899 504 421 900 506 422 901 503 423 902 507 424 903 504 421 904 505 425 905 508 426 906 505 425 907 503 423 908 509 427 909 512 428 910 511 429 911 513 430 912 509 427 913 510 431 914 511 429 915 514 432 916 510 431 917 515 433 918 518 434 919 517 435 920 519 436 921 515 433 922 516 437 923 520 438 924 516 437 925 517 435 926 524 439 927 523 440 928 521 441 929 522 442 930 524 439 931 521 441 932 523 440 933 525 443 934 522 442 935 530 444 936 528 445 937 529 446 938 531 447 939 532 448 940 528 445 941 530 444 942 531 447 943 528 445 944 532 448 945 530 444 946 527 449 947 533 450 948 536 451 949 535 452 950 536 451 951 533 450 952 534 453 953 535 452 954 537 454 955 534 453 956 544 455 957 543 456 958 539 457 959 541 458 960 545 459 961 540 460 962 546 461 963 544 455 964 539 457 965 545 459 966 546 461 967 539 457 968 554 462 969 548 463 970 549 464 971 554 462 972 556 465 973 548 463 974 557 466 975 554 462 976 555 467 977 560 468 978 558 469 979 553 470 980 556 465 981 560 468 982 553 470 983 557 466 984 561 471 985 554 462 986 562 472 987 561 471 988 557 466 989 563 473 990 558 469 991 560 468 992 564 474 993 563 473 994 556 465 995 565 475 996 564 474 997 561 471 998 563 473 999 566 476 1000 558 469 1001 564 474 1002 568 477 1003 563 473 1004 569 478 1005 565 475 1006 562 472 1007 569 478 1008 570 479 1009 565 475 1010 569 478 1011 573 480 1012 570 479 1013 572 481 1014 574 482 1015 571 483 1016 572 481 1017 571 483 1018 568 477 1019 575 484 1020 582 485 1021 580 486 1022 581 487 1023 577 488 1024 578 489 1025 586 490 1026 581 487 1027 579 491 1028 582 485 1029 586 490 1030 579 491 1031 581 487 1032 588 492 1033 585 493 1034 592 494 1035 587 495 1036 588 492 1037 590 496 1038 593 497 1039 581 487 1040 592 494 1041 594 498 1042 587 495 1043 594 498 1044 595 499 1045 589 500 1046 593 497 1047 596 501 1048 592 494 1049 597 502 1050 590 496 1051 591 503 1052 596 501 1053 598 504 1054 594 498 1055 601 505 1056 598 504 1057 596 501 1058 599 506 1059 601 505 1060 596 501 1061 603 507 1062 601 505 1063 599 506 1064 603 507 1065 607 508 1066 601 505 1067 608 509 1068 604 510 1069 605 511 1070 609 512 1071 608 509 1072 602 513 1073 615 514 1074 616 515 1075 611 516 1076 616 515 1077 618 517 1078 610 518 1079 619 519 1080 616 515 1081 615 514 1082 614 520 1083 620 521 1084 613 522 1085 620 521 1086 624 523 1087 617 524 1088 625 525 1089 623 526 1090 619 519 1091 626 527 1092 620 521 1093 621 528 1094 629 529 1095 626 527 1096 622 530 1097 623 526 1098 629 529 1099 622 530 1100 625 525 1101 630 531 1102 623 526 1103 631 532 1104 628 533 1105 626 527 1106 632 534 1107 625 525 1108 627 535 1109 628 533 1110 632 534 1111 627 535 1112 632 534 1113 630 531 1114 625 525 1115 634 536 1116 630 531 1117 632 534 1118 631 532 1119 635 537 1120 628 533 1121 633 538 1122 635 537 1123 631 532 1124 638 539 1125 642 540 1126 637 541 1127 644 542 1128 641 543 1129 636 544 1130 642 540 1131 644 542 1132 636 544 1133 644 542 1134 647 545 1135 641 543 1136 645 546 1137 642 540 1138 638 539 1139 646 547 1140 643 548 1141 640 549 1142 653 550 1143 655 551 1144 649 552 1145 656 553 1146 653 550 1147 650 554 1148 656 553 1149 659 555 1150 653 550 1151 659 555 1152 660 556 1153 655 551 1154 661 557 1155 656 553 1156 657 558 1157 654 559 1158 662 560 1159 658 561 1160 664 562 1161 662 560 1162 654 559 1163 660 556 1164 664 562 1165 654 559 1166 665 563 1167 660 556 1168 659 555 1169 663 564 1170 665 563 1171 659 555 1172 667 565 1173 663 564 1174 661 557 1175 669 566 1176 665 563 1177 663 564 1178 670 567 1179 668 568 1180 660 556 1181 665 563 1182 670 567 1183 660 556 1184 669 566 1185 671 569 1186 665 563 1187 674 570 1188 675 571 1189 668 568 1190 676 572 1191 671 569 1192 669 566 1193 672 573 1194 677 574 1195 676 572 1196 683 575 1197 680 576 1198 678 577 1199 682 578 1200 683 575 1201 678 577 1202 683 575 1203 681 579 1204 680 576 1205 684 580 1206 682 578 1207 678 577 1208 685 581 1209 684 580 1210 679 582 1211 686 583 1212 685 581 1213 681 579 1214 685 581 1215 688 584 1216 684 580 1217 690 585 1218 686 583 1219 687 586 1220 690 585 1221 692 587 1222 686 583 1223 697 588 1224 690 585 1225 688 584 1226 692 587 1227 691 589 1228 689 590 1229 691 589 1230 694 591 1231 697 588 1232 697 588 1233 693 592 1234 690 585 1235 695 593 1236 694 591 1237 691 589 1238 694 591 1239 698 594 1240 697 588 1241 701 595 1242 695 593 1243 696 596 1244 697 588 1245 699 597 1246 696 596 1247 695 593 1248 700 598 1249 698 594 1250 700 598 1251 704 599 1252 698 594 1253 704 599 1254 699 597 1255 698 594 1256 705 600 1257 703 601 1258 699 597 1259 702 602 1260 707 603 1261 701 595 1262 706 604 1263 709 605 1264 704 599 1265 708 606 1266 707 603 1267 702 602 1268 706 604 1269 711 607 1270 709 605 1271 707 603 1272 711 607 1273 706 604 1274 712 608 1275 708 606 1276 710 609 1277 715 610 1278 711 607 1279 707 603 1280 716 611 1281 712 608 1282 713 612 1283 711 607 1284 714 613 1285 713 612 1286 715 610 1287 714 613 1288 711 607 1289 716 611 1290 715 610 1291 712 608 1292 718 614 1293 716 611 1294 714 613 1295 718 614 1296 717 615 1297 716 611 1298 719 616 1299 718 614 1300 714 613 1301 723 617 1302 722 618 1303 720 619 1304 726 620 1305 725 621 1306 722 618 1307 724 622 1308 729 623 1309 723 617 1310 728 624 1311 726 620 1312 723 617 1313 730 625 1314 729 623 1315 724 622 1316 735 626 1317 731 627 1318 732 628 1319 735 626 1320 736 629 1321 731 627 1322 730 625 1323 739 630 1324 734 631 1325 740 632 1326 739 630 1327 730 625 1328 736 629 1329 740 632 1330 730 625 1331 737 633 1332 741 634 1333 735 626 1334 742 635 1335 741 634 1336 737 633 1337 740 632 1338 745 636 1339 739 630 1340 744 637 1341 742 635 1342 738 638 1343 746 639 1344 745 636 1345 740 632 1346 743 640 1347 746 639 1348 740 632 1349 748 641 1350 742 635 1351 744 637 1352 745 636 1353 748 641 1354 744 637 1355 754 642 1356 753 643 1357 751 644 1358 755 645 1359 754 642 1360 751 644 1361 752 646 1362 755 645 1363 751 644 1364 753 643 1365 756 647 1366 752 646 1367 759 648 1368 756 647 1369 753 643 1370 762 649 1371 757 650 1372 754 642 1373 760 651 1374 762 649 1375 755 645 1376 758 652 1377 760 651 1378 755 645 1379 761 653 1380 758 652 1381 756 647 1382 760 651 1383 766 654 1384 762 649 1385 763 655 1386 760 651 1387 758 652 1388 762 649 1389 761 653 1390 759 648 1391 760 651 1392 764 656 1393 766 654 1394 765 657 1395 763 655 1396 761 653 1397 765 657 1398 767 658 1399 763 655 1400 767 658 1401 768 659 1402 764 656 1403 770 660 1404 765 657 1405 766 654 1406 772 661 1407 769 662 1408 770 660 1409 773 663 1410 771 664 1411 768 659 1412 767 658 1413 773 663 1414 768 659 1415 772 661 1416 774 665 1417 769 662 1418 775 666 1419 772 661 1420 770 660 1421 776 667 1422 773 663 1423 767 658 1424 774 665 1425 776 667 1426 767 658 1427 776 667 1428 777 668 1429 773 663 1430 778 669 1431 777 668 1432 776 667 1433 781 670 1434 776 667 1435 779 671 1436 782 672 1437 780 673 1438 777 668 1439 778 669 1440 783 674 1441 782 672 1442 785 675 1443 781 670 1444 780 673 1445 783 674 1446 785 675 1447 782 672 1448 784 676 1449 783 674 1450 778 669 1451 788 677 1452 790 678 1453 787 679 1454 789 680 1455 792 681 1456 786 682 1457 786 682 1458 792 681 1459 788 677 1460 793 683 1461 790 678 1462 788 677 1463 789 680 1464 796 684 1465 792 681 1466 795 685 1467 793 683 1468 792 681 1469 797 686 1470 796 684 1471 789 680 1472 793 683 1473 798 687 1474 790 678 1475 795 685 1476 798 687 1477 793 683 1478 799 688 1479 794 689 1480 798 687 1481 797 686 1482 800 690 1483 796 684 1484 801 691 1485 803 692 1486 800 690 1487 806 693 1488 805 694 1489 803 692 1490 807 695 1491 806 693 1492 803 692 1493 804 696 1494 807 695 1495 803 692 1496 805 694 1497 808 697 1498 804 696 1499 808 697 1500 807 695 1501 804 696 1502 806 693 1503 808 697 1504 805 694 1505 809 698 1506 810 699 1507 806 693 1508 811 700 1509 807 695 1510 808 697 1511 812 701 1512 808 697 1513 806 693 1514 810 699 1515 815 702 1516 812 701 1517 811 700 1518 813 703 1519 809 698 1520 814 704 1521 811 700 1522 812 701 1523 816 705 1524 810 699 1525 813 703 1526 818 706 1527 816 705 1528 813 703 1529 816 705 1530 822 707 1531 817 708 1532 824 709 1533 819 710 1534 820 711 1535 827 712 1536 826 713 1537 824 709 1538 828 714 1539 827 712 1540 825 715 1541 831 716 1542 832 717 1543 830 718 1544 833 719 1545 839 720 1546 831 716 1547 835 721 1548 838 722 1549 832 717 1550 833 719 1551 836 723 1552 839 720 1553 842 724 1554 843 725 1555 837 726 1556 844 727 1557 841 728 1558 840 729 1559 843 725 1560 844 727 1561 840 729 1562 844 727 1563 848 730 1564 841 728 1565 848 730 1566 847 731 1567 841 728 1568 849 732 1569 844 727 1570 843 725 1571 845 733 1572 849 732 1573 843 725 1574 849 732 1575 850 734 1576 844 727 1577 850 734 1578 856 735 1579 848 730 1580 854 736 1581 850 734 1582 849 732 1583 851 737 1584 854 736 1585 849 732 1586 854 736 1587 856 735 1588 850 734 1589 852 738 1590 855 739 1591 851 737 1592 857 740 1593 856 735 1594 854 736 1595 866 741 1596 861 742 1597 860 743 1598 862 744 1599 866 741 1600 860 743 1601 861 742 1602 868 745 1603 865 746 1604 867 747 1605 862 744 1606 863 748 1607 867 747 1608 869 749 1609 862 744 1610 872 750 1611 876 751 1612 871 752 1613 878 753 1614 875 754 1615 870 755 1616 876 751 1617 878 753 1618 870 755 1619 879 756 1620 877 757 1621 874 758 1622 880 759 1623 876 751 1624 872 750 1625 881 760 1626 879 756 1627 875 754 1628 882 761 1629 878 753 1630 876 751 1631 880 759 1632 882 761 1633 876 751 1634 881 760 1635 884 762 1636 879 756 1637 884 762 1638 886 763 1639 877 757 1640 883 764 1641 889 765 1642 881 760 1643 888 766 1644 886 763 1645 884 762 1646 887 767 1647 890 768 1648 883 764 1649 892 769 1650 890 768 1651 887 767 1652 891 770 1653 892 769 1654 887 767 1655 895 771 1656 899 772 1657 894 773 1658 898 774 1659 900 775 1660 897 776 1661 893 777 1662 901 778 1663 898 774 1664 900 775 1665 895 771 1666 896 779 1667 899 772 1668 901 778 1669 893 777 1670 904 780 1671 908 781 1672 903 782 1673 908 781 1674 909 783 1675 902 784 1676 912 785 1677 915 786 1678 911 787 1679 916 788 1680 913 789 1681 909 783 1682 915 786 1683 918 790 1684 914 791 1685 913 789 1686 919 792 1687 912 785 1688 916 788 1689 920 793 1690 913 789 1691 920 793 1692 919 792 1693 913 789 1694 919 792 1695 921 794 1696 915 786 1697 925 795 1698 919 792 1699 920 793 1700 925 795 1701 926 796 1702 919 792 1703 933 797 1704 929 798 1705 931 799 1706 927 800 1707 935 801 1708 930 802 1709 933 797 1710 928 803 1711 929 798 1712 939 804 1713 941 805 1714 938 806 1715 942 807 1716 940 808 1717 936 809 1718 937 810 1719 943 811 1720 936 809 1721 944 812 1722 941 805 1723 939 804 1724 946 813 1725 943 811 1726 937 810 1727 941 805 1728 946 813 1729 937 810 1730 943 811 1731 948 814 1732 942 807 1733 948 814 1734 945 815 1735 942 807 1736 949 816 1737 948 814 1738 943 811 1739 948 814 1740 950 817 1741 945 815 1742 951 818 1743 949 816 1744 946 813 1745 952 819 1746 947 820 1747 944 812 1748 953 821 1749 951 818 1750 947 820 1751 948 814 1752 955 822 1753 950 817 1754 949 816 1755 955 822 1756 948 814 1757 953 821 1758 956 823 1759 951 818 1760 956 823 1761 955 822 1762 949 816 1763 963 824 1764 962 825 1765 957 826 1766 965 827 1767 958 828 1768 959 829 1769 964 830 1770 966 831 1771 960 832 1772 965 827 1773 967 833 1774 958 828 1775 968 834 1776 964 830 1777 962 825 1778 972 835 1779 968 834 1780 963 824 1781 973 836 1782 967 833 1783 969 837 1784 972 835 1785 974 838 1786 968 834 1787 975 839 1788 972 835 1789 967 833 1790 973 836 1791 975 839 1792 967 833 1793 971 840 1794 976 841 1795 970 842 1796 975 839 1797 977 843 1798 972 835 1799 978 844 1800 975 839 1801 973 836 1802 979 845 1803 976 841 1804 971 840 1805 974 838 1806 979 845 1807 971 840 1808 977 843 1809 980 846 1810 974 838 1811 975 839 1812 981 847 1813 977 843 1814 982 848 1815 981 847 1816 975 839 1817 978 844 1818 982 848 1819 975 839 1820 988 849 1821 983 850 1822 982 848 1823 984 851 1824 988 849 1825 982 848 1826 993 852 1827 986 853 1828 987 854 1829 993 852 1830 994 855 1831 986 853 1832 992 856 1833 997 857 1834 991 858 1835 1000 859 1836 996 860 1837 997 857 1838 998 861 1839 1000 859 1840 997 857 1841 1001 862 1842 996 860 1843 1000 859 1844 999 863 1845 1002 864 1846 998 861 1847 1001 862 1848 1003 865 1849 996 860 1850 1002 864 1851 1001 862 1852 1000 859 1853 1010 866 1854 1008 867 1855 1009 868 1856 1011 869 1857 1005 870 1858 1006 871 1859 1008 867 1860 1012 872 1861 1007 873 1862 1013 874 1863 1010 866 1864 1004 875 1865 1011 869 1866 1014 876 1867 1005 870 1868 1015 877 1869 1012 872 1870 1008 867 1871 1015 877 1872 1020 878 1873 1016 879 1874 1021 880 1875 1022 881 1876 1015 877 1877 1023 882 1878 1018 883 1879 1019 884 1880 1018 883 1881 1025 885 1882 1017 886 1883 1026 887 1884 1024 888 1885 1022 881 1886 1023 882 1887 1028 889 1888 1018 883 1889 1026 887 1890 1029 890 1891 1024 888 1892 1029 890 1893 1032 891 1894 1023 882 1895 1035 892 1896 1043 893 1897 1040 894 1898 1042 895 1899 1037 896 1900 1038 897 1901 1042 895 1902 1041 898 1903 1037 896 1904 1043 893 1905 1042 895 1906 1039 899 1907 1045 900 1908 1048 901 1909 1044 902 1910 1050 903 1911 1049 904 1912 1046 905 1913 1053 906 1914 1051 907 1915 1048 901 1916 1054 908 1917 1048 901 1918 1049 904 1919 1050 903 1920 1054 908 1921 1049 904 1922 1058 909 1923 1054 908 1924 1050 903 1925 1061 910 1926 1056 911 1927 1057 912 1928 1063 913 1929 1062 914 1930 1058 909 1931 1060 915 1932 1065 916 1933 1059 917 1934 1061 910 1935 1064 918 1936 1056 911 1937 1065 916 1938 1063 913 1939 1059 917 1940 1066 919 1941 1061 910 1942 1062 914 1943 1063 913 1944 1066 919 1945 1062 914 1946 1067 920 1947 1064 918 1948 1061 910 1949 1066 919 1950 1067 920 1951 1061 910 1952 1068 921 1953 1065 916 1954 1060 915 1955 1065 916 1956 1071 922 1957 1063 913 1958 1068 921 1959 1070 923 1960 1065 916 1961 1071 922 1962 1069 924 1963 1067 920 1964 1080 925 1965 1075 926 1966 1072 927 1967 1077 928 1968 1076 929 1969 1074 930 1970 1078 931 1971 1072 927 1972 1073 932 1973 1076 929 1974 1078 931 1975 1073 932 1976 1078 931 1977 1079 933 1978 1072 927 1979 1080 925 1980 1077 928 1981 1075 926 1982 1079 933 1983 1081 934 1984 1080 925 1985 1082 935 1986 1078 931 1987 1076 929 1988 1084 936 1989 1081 934 1990 1079 933 1991 1083 937 1992 1087 938 1993 1086 939 1994 1084 936 1995 1088 940 1996 1081 934 1997 1089 941 1998 1087 938 1999 1083 937 2000 1089 941 2001 1093 942 2002 1087 938 2003 1102 943 2004 1094 944 2005 1095 945 2006 1096 946 2007 1102 943 2008 1095 945 2009 1099 947 2010 1100 948 2011 1098 949 2012 1101 950 2013 1102 943 2014 1096 946 2015 1101 950 2016 1096 946 2017 1097 951 2018 1100 948 2019 1101 950 2020 1097 951 2021 1104 952 2022 1106 953 2023 1103 954 2024 1107 955 2025 1109 956 2026 1103 954 2027 1106 953 2028 1107 955 2029 1103 954 2030 1109 956 2031 1108 957 2032 1105 958 2033 1110 959 2034 1109 956 2035 1107 955 2036 1106 953 2037 1110 959 2038 1107 955 2039 1111 960 2040 1108 957 2041 1109 956 2042 1112 961 2043 1106 953 2044 1108 957 2045 1111 960 2046 1113 962 2047 1108 957 2048 1115 963 2049 1119 964 2050 1114 965 2051 1116 966 2052 1119 964 2053 1115 963 2054 1120 967 2055 1118 968 2056 1114 965 2057 1117 969 2058 1123 970 2059 1116 966 2060 1120 967 2061 1124 971 2062 1118 968 2063 1122 972 2064 1125 973 2065 1121 974 2066 1130 975 2067 1125 973 2068 1122 972 2069 1131 976 2070 1126 977 2071 1127 978 2072 1128 979 2073 1131 976 2074 1127 978 2075 1130 975 2076 1132 980 2077 1125 973 2078 1134 981 2079 1131 976 2080 1128 979 2081 1136 982 2082 1132 980 2083 1130 975 2084 1133 983 2085 1136 982 2086 1130 975 2087 1136 982 2088 1139 984 2089 1132 980 2090 1138 985 2091 1131 976 2092 1134 981 2093 1137 986 2094 1140 987 2095 1139 984 2096 1141 988 2097 1137 986 2098 1136 982 2099 1139 984 2100 1142 989 2101 1138 985 2102 1141 988 2103 1140 987 2104 1137 986 2105 1140 987 2106 1142 989 2107 1139 984 2108 1142 989 2109 1144 990 2110 1141 988 2111 1144 990 2112 1143 991 2113 1141 988 2114 1145 992 2115 1144 990 2116 1142 989 2117 1149 993 2118 1148 994 2119 1146 995 2120 1149 993 2121 1152 996 2122 1148 994 2123 1151 997 2124 1155 998 2125 1150 999 2126 1158 1000 2127 1155 998 2128 1151 997 2129 1160 1001 2130 1157 1002 2131 1154 1003 2132 1157 1002 2133 1161 1004 2134 1156 1005 2135 1162 1006 2136 1160 1001 2137 1155 998 2138 1159 1007 2139 1163 1008 2140 1158 1000 2141 1164 1009 2142 1161 1004 2143 1157 1002 2144 1160 1001 2145 1164 1009 2146 1157 1002 2147 1165 1010 2148 1163 1008 2149 1159 1007 2150 1166 1011 2151 1170 1012 2152 1161 1004 2153 1167 1013 2154 1166 1011 2155 1160 1001 2156 1165 1010 2157 1169 1014 2158 1163 1008 2159 1170 1012 2160 1169 1014 2161 1165 1010 2162 1176 1015 2163 1171 1016 2164 1172 1017 2165 1178 1018 2166 1173 1019 2167 1174 1020 2168 1182 1021 2169 1180 1022 2170 1178 1018 2171 1177 1023 2172 1182 1021 2173 1178 1018 2174 1180 1022 2175 1184 1024 2176 1183 1025 2177 1182 1021 2178 1184 1024 2179 1180 1022 2180 1185 1026 2181 1182 1021 2182 1177 1023 2183 1185 1026 2184 1177 1023 2185 1181 1027 2186 1186 1028 2187 1185 1026 2188 1183 1025 2189 1182 1021 2190 1188 1029 2191 1184 1024 2192 1192 1030 2193 1187 1031 2194 1189 1032 2195 1194 1033 2196 1195 1034 2197 1190 1035 2198 1196 1036 2199 1192 1030 2200 1193 1037 2201 1198 1038 2202 1197 1039 2203 1192 1030 2204 1196 1036 2205 1198 1038 2206 1192 1030 2207 1194 1033 2208 1200 1040 2209 1195 1034 2210 1197 1039 2211 1201 1041 2212 1194 1033 2213 1202 1042 2214 1198 1038 2215 1196 1036 2216 1203 1043 2217 1197 1039 2218 1198 1038 2219 1202 1042 2220 1203 1043 2221 1198 1038 2222 1201 1041 2223 1204 1044 2224 1200 1040 2225 1204 1044 2226 1202 1042 2227 1199 1045 2228 1211 1046 2229 1207 1047 2230 1208 1048 2231 1215 1049 2232 1214 1050 2233 1210 1051 2234 1216 1052 2235 1213 1053 2236 1209 1054 2237 1214 1050 2238 1216 1052 2239 1209 1054 2240 1216 1052 2241 1219 1055 2242 1213 1053 2243 1217 1056 2244 1216 1052 2245 1214 1050 2246 1218 1057 2247 1215 1049 2248 1211 1046 2249 1213 1053 2250 1219 1055 2251 1212 1058 2252 1220 1059 2253 1219 1055 2254 1216 1052 2255 1218 1057 2256 1222 1060 2257 1215 1049 2258 1224 1061 2259 1220 1059 2260 1221 1062 2261 1225 1063 2262 1221 1062 2263 1222 1060 2264 1228 1064 2265 1227 1065 2266 1224 1061 2267 1225 1063 2268 1230 1066 2269 1221 1062 2270 1229 1067 2271 1232 1068 2272 1228 1064 2273 1233 1069 2274 1231 1070 2275 1226 1071 2276 1235 1072 2277 1230 1066 2278 1231 1070 2279 1233 1069 2280 1235 1072 2281 1231 1070 2282 1230 1066 2283 1236 1073 2284 1229 1067 2285 1237 1074 2286 1233 1069 2287 1234 1075 2288 1236 1073 2289 1237 1074 2290 1232 1068 2291 1235 1072 2292 1236 1073 2293 1230 1066 2294 1237 1074 2295 1235 1072 2296 1233 1069 2297 1242 1076 2298 1238 1077 2299 1239 1078 2300 1241 1079 2301 1243 1080 2302 1240 1081 2303 1244 1082 2304 1241 1079 2305 1238 1077 2306 1245 1083 2307 1242 1076 2308 1239 1078 2309 1242 1076 2310 1246 1084 2311 1238 1077 2312 1246 1084 2313 1247 1085 2314 1244 1082 2315 1248 1086 2316 1246 1084 2317 1242 1076 2318 1245 1083 2319 1248 1086 2320 1242 1076 2321 1248 1086 2322 1247 1085 2323 1246 1084 2324 1249 1087 2325 1245 1083 2326 1243 1080 2327 1247 1085 2328 1249 1087 2329 1243 1080 2330 1250 1088 2331 1247 1085 2332 1248 1086 2333 1245 1083 2334 1251 1089 2335 1248 1086 2336 1249 1087 2337 1251 1089 2338 1245 1083 2339 1250 1088 2340 1249 1087 2341 1247 1085 2342 1251 1089 2343 1252 1090 2344 1250 1088 2345 1249 1087 2346 1253 1091 2347 1251 1089 2348 1254 1092 2349 1252 1090 2350 1251 1089 2351 1254 1092 2352 1251 1089 2353 1253 1091 2354 1256 1093 2355 1257 1094 2356 1252 1090 2357 1258 1095 2358 1254 1092 2359 1255 1096 2360 1252 1090 2361 1257 1094 2362 1255 1096 2363 1260 1097 2364 1256 1093 2365 1254 1092 2366 1261 1098 2367 1260 1097 2368 1258 1095 2369 1262 1099 2370 1259 1100 2371 1257 1094 2372 1261 1098 2373 1263 1101 2374 1260 1097 2375 1267 1102 2376 1259 1100 2377 1262 1099 2378 1266 1103 2379 1265 1104 2380 1263 1101 2381 1264 1105 2382 1266 1103 2383 1263 1101 2384 1268 1106 2385 1265 1104 2386 1266 1103 2387 1267 1102 2388 1269 1107 2389 1264 1105 2390 1273 1108 2391 1270 1109 2392 1265 1104 2393 1271 1110 2394 1275 1111 2395 1273 1108 2396 1274 1112 2397 1272 1113 2398 1270 1109 2399 1273 1108 2400 1274 1112 2401 1270 1109 2402 1278 1114 2403 1280 1115 2404 1277 1116 2405 1283 1117 2406 1278 1114 2407 1276 1118 2408 1282 1119 2409 1280 1115 2410 1278 1114 2411 1279 1120 2412 1286 1121 2413 1283 1117 2414 1284 1122 2415 1281 1123 2416 1280 1115 2417 1285 1124 2418 1282 1119 2419 1283 1117 2420 1287 1125 2421 1286 1121 2422 1279 1120 2423 1288 1126 2424 1281 1123 2425 1284 1122 2426 1287 1125 2427 1292 1127 2428 1286 1121 2429 1288 1126 2430 1289 1128 2431 1281 1123 2432 1290 1129 2433 1288 1126 2434 1282 1119 2435 1294 1130 2436 1293 1131 2437 1292 1127 2438 1289 1128 2439 1294 1130 2440 1292 1127 2441 1294 1130 2442 1298 1132 2443 1293 1131 2444 1298 1132 2445 1297 1133 2446 1293 1131 2447 1300 1134 2448 1297 1133 2449 1298 1132 2450 1296 1135 2451 1301 1136 2452 1295 1137 2453 1302 1138 2454 1300 1134 2455 1298 1132 2456 1305 1139 2457 1303 1140 2458 1300 1134 2459 1302 1138 2460 1309 1141 2461 1305 1139 2462 1308 1142 2463 1301 1136 2464 1304 1143 2465 1306 1144 2466 1307 1145 2467 1302 1138 2468 1309 1141 2469 1308 1142 2470 1305 1139 2471 1311 1146 2472 1313 1147 2473 1310 1148 2474 1315 1149 2475 1312 1150 2476 1310 1148 2477 1313 1147 2478 1315 1149 2479 1310 1148 2480 1315 1149 2481 1317 1151 2482 1312 1150 2483 1317 1151 2484 1316 1152 2485 1312 1150 2486 1320 1153 2487 1318 1154 2488 1311 1146 2489 1319 1155 2490 1322 1156 2491 1317 1151 2492 1323 1157 2493 1322 1156 2494 1319 1155 2495 1318 1154 2496 1323 1157 2497 1319 1155 2498 1321 1158 2499 1324 1159 2500 1320 1153 2501 1325 1160 2502 1321 1158 2503 1316 1152 2504 1328 1161 2505 1326 1162 2506 1324 1159 2507 1328 1161 2508 1333 1163 2509 1326 1162 2510 1332 1164 2511 1330 1165 2512 1331 1166 2513 1333 1163 2514 1332 1164 2515 1327 1167 2516 1335 1168 2517 1329 1169 2518 1330 1165 2519 1337 1170 2520 1334 1171 2521 1335 1168 2522 1333 1163 2523 1338 1172 2524 1332 1164 2525 1337 1170 2526 1339 1173 2527 1334 1171 2528 1340 1174 2529 1337 1170 2530 1335 1168 2531 1339 1173 2532 1338 1172 2533 1336 1175 2534 1348 1176 2535 1347 1177 2536 1342 1178 2537 1343 1179 2538 1348 1176 2539 1342 1178 2540 1349 1180 2541 1345 1181 2542 1346 1182 2543 1350 1183 2544 1348 1176 2545 1343 1179 2546 1351 1184 2547 1344 1185 2548 1345 1181 2549 1349 1180 2550 1351 1184 2551 1345 1181 2552 1352 1186 2553 1349 1180 2554 1347 1177 2555 1351 1184 2556 1353 1187 2557 1344 1185 2558 1350 1183 2559 1354 1188 2560 1348 1176 2561 1358 1189 2562 1350 1183 2563 1353 1187 2564 1359 1190 2565 1354 1188 2566 1350 1183 2567 1360 1191 2568 1358 1189 2569 1355 1192 2570 1356 1193 2571 1360 1191 2572 1355 1192 2573 1362 1194 2574 1360 1191 2575 1356 1193 2576 1359 1190 2577 1363 1195 2578 1354 1188 2579 1365 1196 2580 1362 1194 2581 1357 1197 2582 1366 1198 2583 1363 1195 2584 1359 1190 2585 1365 1196 2586 1367 1199 2587 1362 1194 2588 1369 1200 2589 1366 1198 2590 1361 1201 2591 1370 1202 2592 1364 1203 2593 1367 1199 2594 1368 1204 2595 1370 1202 2596 1367 1199 2597 1366 1198 2598 1371 1205 2599 1363 1195 2600 1371 1205 2601 1376 1206 2602 1368 1204 2603 1371 1205 2604 1379 1207 2605 1376 1206 2606 1373 1208 2607 1378 1209 2608 1372 1210 2609 1379 1207 2610 1377 1211 2611 1376 1206 2612 1378 1209 2613 1380 1212 2614 1371 1205 2615 1381 1213 2616 1378 1209 2617 1373 1208 2618 1381 1213 2619 1383 1214 2620 1378 1209 2621 1384 1215 2622 1382 1216 2623 1377 1211 2624 1385 1217 2625 1379 1207 2626 1380 1212 2627 1386 1218 2628 1383 1214 2629 1381 1213 2630 1382 1216 2631 1386 1218 2632 1381 1213 2633 1387 1219 2634 1386 1218 2635 1382 1216 2636 1384 1215 2637 1387 1219 2638 1382 1216 2639 1386 1218 2640 1385 1217 2641 1383 1214 2642 1385 1217 2643 1387 1219 2644 1379 1207 2645 1389 1220 2646 1391 1221 2647 1388 1222 2648 1390 1223 2649 1392 1224 2650 1389 1220 2651 1394 1225 2652 1392 1224 2653 1390 1223 2654 1396 1226 2655 1391 1221 2656 1389 1220 2657 1397 1227 2658 1396 1226 2659 1392 1224 2660 1394 1225 2661 1397 1227 2662 1392 1224 2663 1398 1228 2664 1395 1229 2665 1391 1221 2666 1397 1227 2667 1402 1230 2668 1396 1226 2669 1403 1231 2670 1394 1225 2671 1399 1232 2672 1403 1231 2673 1402 1230 2674 1394 1225 2675 1404 1233 2676 1401 1234 2677 1402 1230 2678 1408 1235 2679 1405 1236 2680 1403 1231 2681 1413 1237 2682 1410 1238 2683 1407 1239 2684 1411 1240 2685 1415 1241 2686 1405 1236 2687 1416 1242 2688 1412 1243 2689 1410 1238 2690 1414 1244 2691 1417 1245 2692 1413 1237 2693 1418 1246 2694 1415 1241 2695 1411 1240 2696 1419 1247 2697 1423 1248 2698 1421 1249 2699 1424 1250 2700 1425 1251 2701 1420 1252 2702 1423 1248 2703 1422 1253 2704 1421 1249 2705 1427 1254 2706 1424 1250 2707 1422 1253 2708 1423 1248 2709 1428 1255 2710 1422 1253 2711 1428 1255 2712 1431 1256 2713 1427 1254 2714 1432 1257 2715 1428 1255 2716 1423 1248 2717 1434 1258 2718 1431 1256 2719 1428 1255 2720 1432 1257 2721 1434 1258 2722 1428 1255 2723 1435 1259 2724 1433 1260 2725 1429 1261 2726 1436 1262 2727 1430 1263 2728 1431 1256 2729 1434 1258 2730 1436 1262 2731 1431 1256 2732 1435 1259 2733 1438 1264 2734 1433 1260 2735 1436 1262 2736 1437 1265 2737 1430 1263 2738 1438 1264 2739 1432 1257 2740 1433 1260 2741 1439 1266 2742 1434 1258 2743 1432 1257 2744 1438 1264 2745 1439 1266 2746 1432 1257 2747 1440 1267 2748 1436 1262 2749 1434 1258 2750 1439 1266 2751 1440 1267 2752 1434 1258 2753 1441 1268 2754 1438 1264 2755 1435 1259 2756 1437 1265 2757 1441 1268 2758 1435 1259 2759 1440 1267 2760 1442 1269 2761 1436 1262 2762 1443 1270 2763 1441 1268 2764 1437 1265 2765 1441 1268 2766 1445 1271 2767 1438 1264 2768 1444 1272 2769 1442 1269 2770 1440 1267 2771 1439 1266 2772 1444 1272 2773 1440 1267 2774 1446 1273 2775 1445 1271 2776 1441 1268 2777 1443 1270 2778 1446 1273 2779 1441 1268 2780 1448 1274 2781 1443 1270 2782 1442 1269 2783 1444 1272 2784 1448 1274 2785 1442 1269 2786 1448 1274 2787 1449 1275 2788 1443 1270 2789 1446 1273 2790 1450 1276 2791 1445 1271 2792 1447 1277 2793 1451 1278 2794 1444 1272 2795 1451 1278 2796 1449 1275 2797 1448 1274 2798 1450 1276 2799 1451 1278 2800 1447 1277 2801 1456 1279 2802 1454 1280 2803 1452 1281 2804 1457 1282 2805 1456 1279 2806 1452 1281 2807 1455 1283 2808 1458 1284 2809 1453 1285 2810 1460 1286 2811 1458 1284 2812 1455 1283 2813 1462 1287 2814 1465 1288 2815 1460 1286 2816 1468 1289 2817 1465 1288 2818 1462 1287 2819 1463 1290 2820 1469 1291 2821 1467 1292 2822 1470 1293 2823 1464 1294 2824 1465 1288 2825 1472 1295 2826 1477 1296 2827 1471 1297 2828 1478 1298 2829 1477 1296 2830 1472 1295 2831 1483 1299 2832 1477 1296 2833 1478 1298 2834 1479 1300 2835 1483 1299 2836 1478 1298 2837 1484 1301 2838 1479 1300 2839 1480 1302 2840 1477 1296 2841 1485 1303 2842 1482 1304 2843 1483 1299 2844 1485 1303 2845 1477 1296 2846 1487 1305 2847 1489 1306 2848 1486 1307 2849 1491 1308 2850 1488 1309 2851 1486 1307 2852 1489 1306 2853 1491 1308 2854 1486 1307 2855 1490 1310 2856 1492 1311 2857 1487 1305 2858 1491 1308 2859 1494 1312 2860 1488 1309 2861 1495 1313 2862 1492 1311 2863 1490 1310 2864 1496 1314 2865 1491 1308 2866 1489 1306 2867 1492 1311 2868 1496 1314 2869 1489 1306 2870 1496 1314 2871 1497 1315 2872 1491 1308 2873 1498 1316 2874 1493 1317 2875 1494 1312 2876 1500 1318 2877 1499 1319 2878 1492 1311 2879 1503 1320 2880 1498 1316 2881 1497 1315 2882 1499 1319 2883 1503 1320 2884 1497 1315 2885 1503 1320 2886 1506 1321 2887 1498 1316 2888 1507 1322 2889 1500 1318 2890 1501 1323 2891 1510 1324 2892 1503 1320 2893 1504 1325 2894 1505 1326 2895 1509 1327 2896 1507 1322 2897 1514 1328 2898 1508 1329 2899 1509 1327 2900 1514 1328 2901 1511 1330 2902 1508 1329 2903 1512 1331 2904 1516 1332 2905 1514 1328 2906 1515 1333 2907 1517 1334 2908 1511 1330 2909 1516 1332 2910 1515 1333 2911 1514 1328 2912 1520 1335 2913 1521 1336 2914 1519 1337 2915 1521 1336 2916 1525 1338 2917 1519 1337 2918 1523 1339 2919 1530 1340 2920 1521 1336 2921 1526 1341 2922 1523 1339 2923 1520 1335 2924 1524 1342 2925 1527 1343 2926 1522 1344 2927 1529 1345 2928 1527 1343 2929 1524 1342 2930 1525 1338 2931 1529 1345 2932 1524 1342 2933 1532 1346 2934 1528 1347 2935 1526 1341 2936 1533 1348 2937 1534 1349 2938 1527 1343 2939 1535 1350 2940 1533 1348 2941 1530 1340 2942 1536 1351 2943 1531 1352 2944 1528 1347 2945 1532 1346 2946 1536 1351 2947 1528 1347 2948 1537 1353 2949 1536 1351 2950 1532 1346 2951 1539 1354 2952 1535 1350 2953 1531 1352 2954 1533 1348 2955 1538 1355 2956 1534 1349 2957 1540 1356 2958 1539 1354 2959 1537 1353 2960 1541 1357 2961 1540 1356 2962 1538 1355 2963 1542 1358 2964 1541 1357 2965 1538 1355 2966 1541 1357 2967 1543 1359 2968 1540 1356 2969 1548 1360 2970 1546 1361 2971 1547 1362 2972 1549 1363 2973 1544 1364 2974 1545 1365 2975 1548 1360 2976 1550 1366 2977 1546 1361 2978 1551 1367 2979 1549 1363 2980 1546 1361 2981 1555 1368 2982 1552 1369 2983 1549 1363 2984 1556 1370 2985 1551 1367 2986 1550 1366 2987 1553 1371 2988 1556 1370 2989 1550 1366 2990 1556 1370 2991 1557 1372 2992 1551 1367 2993 1563 1373 2994 1560 1374 2995 1557 1372 2996 1561 1375 2997 1563 1373 2998 1557 1372 2999 1568 1376 3000 1565 1377 3001 1560 1374 3002 1563 1373 3003 1568 1376 3004 1560 1374 3005 1569 1378 3006 1568 1376 3007 1563 1373 3008 1567 1379 3009 1572 1380 3010 1566 1381 3011 1571 1382 3012 1573 1383 3013 1570 1384 3014 1574 1385 3015 1569 1378 3016 1572 1380 3017 1573 1383 3018 1574 1385 3019 1572 1380 3020 1575 1386 3021 1571 1382 3022 1569 1378 3023 1580 1387 3024 1579 1388 3025 1576 1389 3026 1581 1390 3027 1580 1387 3028 1576 1389 3029 1580 1387 3030 1583 1391 3031 1579 1388 3032 1586 1392 3033 1583 1391 3034 1580 1387 3035 1587 1393 3036 1582 1394 3037 1583 1391 3038 1590 1395 3039 1585 1396 3040 1582 1394 3041 1587 1393 3042 1590 1395 3043 1582 1394 3044 1590 1395 3045 1592 1397 3046 1585 1396 3047 1593 1398 3048 1591 1399 3049 1592 1397 3050 1594 1400 3051 1593 1398 3052 1590 1395 3053 1587 1393 3054 1594 1400 3055 1590 1395 3056 1591 1399 3057 1595 1401 3058 1589 1402 3059 1596 1403 3060 1594 1400 3061 1587 1393 3062 1593 1398 3063 1595 1401 3064 1591 1399 3065 1597 1404 3066 1599 1405 3067 1598 1406 3068 1600 1407 3069 1597 1404 3070 1595 1401 3071 1598 1406 3072 1602 1408 3073 1594 1400 3074 1600 1407 3075 1599 1405 3076 1597 1404 3077 1606 1409 3078 1605 1410 3079 1603 1411 3080 1609 1412 3081 1606 1409 3082 1603 1411 3083 1607 1413 3084 1609 1412 3085 1603 1411 3086 1608 1414 3087 1607 1413 3088 1604 1415 3089 1606 1409 3090 1610 1416 3091 1605 1410 3092 1610 1416 3093 1608 1414 3094 1605 1410 3095 1611 1417 3096 1610 1416 3097 1606 1409 3098 1608 1414 3099 1613 1418 3100 1607 1413 3101 1613 1418 3102 1615 1419 3103 1609 1412 3104 1614 1420 3105 1613 1418 3106 1608 1414 3107 1614 1420 3108 1608 1414 3109 1610 1416 3110 1616 1421 3111 1615 1419 3112 1613 1418 3113 1615 1419 3114 1617 1422 3115 1611 1417 3116 1619 1423 3117 1616 1421 3118 1614 1420 3119 1620 1424 3120 1617 1422 3121 1615 1419 3122 1619 1423 3123 1621 1425 3124 1616 1421 3125 1620 1424 3126 1622 1426 3127 1617 1422 3128 1623 1427 3129 1621 1425 3130 1619 1423 3131 1624 1428 3132 1626 1429 3133 1620 1424 3134 1627 1430 3135 1624 1428 3136 1623 1427 3137 1625 1431 3138 1629 1432 3139 1623 1427 3140 1626 1429 3141 1629 1432 3142 1625 1431 3143 1630 1433 3144 1629 1432 3145 1626 1429 3146 1630 1433 3147 1626 1429 3148 1628 1434 3149 1627 1430 3150 1631 1435 3151 1628 1434 3152 1633 1436 3153 1632 1437 3154 1629 1432 3155 1637 1438 3156 1634 1439 3157 1633 1436 3158 1635 1440 3159 1637 1438 3160 1633 1436 3161 1636 1441 3162 1638 1442 3163 1635 1440 3164 1639 1443 3165 1636 1441 3166 1634 1439 3167 1640 1444 3168 1637 1438 3169 1635 1440 3170 1638 1442 3171 1640 1444 3172 1635 1440 3173 1637 1438 3174 1639 1443 3175 1634 1439 3176 1643 1445 3177 1636 1441 3178 1639 1443 3179 1638 1442 3180 1642 1446 3181 1640 1444 3182 1641 1447 3183 1643 1445 3184 1637 1438 3185 1645 1448 3186 1648 1449 3187 1644 1450 3188 1651 1451 3189 1645 1448 3190 1646 1452 3191 1649 1453 3192 1652 1454 3193 1647 1455 3194 1654 1456 3195 1649 1453 3196 1648 1449 3197 1655 1457 3198 1653 1458 3199 1651 1451 3200 1652 1454 3201 1656 1459 3202 1650 1460 3203 1654 1456 3204 1657 1461 3205 1652 1454 3206 1664 1462 3207 1663 1463 3208 1659 1464 3209 1665 1465 3210 1664 1462 3211 1660 1466 3212 1661 1467 3213 1665 1465 3214 1660 1466 3215 1664 1462 3216 1669 1468 3217 1663 1463 3218 1665 1465 3219 1666 1469 3220 1664 1462 3221 1667 1470 3222 1665 1465 3223 1661 1467 3224 1669 1468 3225 1671 1471 3226 1668 1472 3227 1670 1473 3228 1674 1474 3229 1669 1468 3230 1674 1474 3231 1671 1471 3232 1669 1468 3233 1672 1475 3234 1676 1476 3235 1666 1469 3236 1671 1471 3237 1677 1477 3238 1673 1478 3239 1677 1477 3240 1676 1476 3241 1672 1475 3242 1675 1479 3243 1677 1477 3244 1671 1471 3245 1680 1480 3246 1681 1481 3247 1679 1482 3248 1683 1483 3249 1680 1480 3250 1678 1484 3251 1679 1482 3252 1684 1485 3253 1678 1484 3254 1685 1486 3255 1682 1487 3256 1680 1480 3257 1683 1483 3258 1685 1486 3259 1680 1480 3260 1682 1487 3261 1687 1488 3262 1681 1481 3263 1685 1486 3264 1688 1489 3265 1682 1487 3266 1691 1490 3267 1688 1489 3268 1685 1486 3269 1683 1483 3270 1691 1490 3271 1685 1486 3272 1692 1491 3273 1691 1490 3274 1683 1483 3275 1694 1492 3276 1687 1488 3277 1688 1489 3278 1692 1491 3279 1695 1493 3280 1691 1490 3281 1696 1494 3282 1692 1491 3283 1689 1495 3284 1694 1492 3285 1697 1496 3286 1687 1488 3287 1707 1497 3288 1706 1498 3289 1703 1499 3290 1704 1500 3291 1707 1497 3292 1703 1499 3293 1705 1501 3294 1708 1502 3295 1704 1500 3296 1709 1503 3297 1705 1501 3298 1706 1498 3299 1707 1497 3300 1712 1504 3301 1706 1498 3302 1710 1505 3303 1707 1497 3304 1704 1500 3305 1711 1506 3306 1708 1502 3307 1705 1501 3308 1709 1503 3309 1711 1506 3310 1705 1501 3311 1713 1507 3312 1712 1504 3313 1707 1497 3314 1708 1502 3315 1714 1508 3316 1710 1505 3317 1716 1509 3318 1714 1508 3319 1708 1502 3320 1715 1510 3321 1716 1509 3322 1708 1502 3323 1719 1511 3324 1722 1512 3325 1714 1508 3326 1723 1513 3327 1722 1512 3328 1719 1511 3329 1720 1514 3330 1723 1513 3331 1719 1511 3332 1725 1515 3333 1724 1516 3334 1717 1517 3335 1722 1512 3336 1726 1518 3337 1718 1519 3338 1727 1520 3339 1722 1512 3340 1723 1513 3341 1725 1515 3342 1728 1521 3343 1724 1516 3344 1727 1520 3345 1726 1518 3346 1722 1512 3347 1728 1521 3348 1727 1520 3349 1723 1513 3350 1724 1516 3351 1728 1521 3352 1723 1513 3353 1726 1518 3354 1729 1522 3355 1725 1515 3356 1732 1523 3357 1733 1524 3358 1729 1522 3359 1730 1525 3360 1734 1526 3361 1732 1523 3362 1734 1526 3363 1733 1524 3364 1732 1523 3365 1733 1524 3366 1736 1527 3367 1731 1528 3368 1736 1527 3369 1738 1529 3370 1735 1530 3371 1737 1531 3372 1733 1524 3373 1734 1526 3374 1738 1529 3375 1734 1526 3376 1735 1530 3377 1739 1532 3378 1737 1531 3379 1734 1526 3380 1739 1532 3381 1744 1533 3382 1742 1534 3383 1743 1535 3384 1745 1536 3385 1740 1537 3386 1743 1535 3387 1740 1537 3388 1741 1538 3389 1749 1539 3390 1748 1540 3391 1746 1541 3392 1749 1539 3393 1755 1542 3394 1748 1540 3395 1749 1539 3396 1756 1543 3397 1755 1542 3398 1753 1544 3399 1750 1545 3400 1751 1546 3401 1754 1547 3402 1759 1548 3403 1753 1544 3404 1758 1549 3405 1761 1550 3406 1757 1551 3407 1761 1550 3408 1760 1552 3409 1757 1551 3410 1761 1550 3411 1764 1553 3412 1760 1552 3413 1765 1554 3414 1761 1550 3415 1758 1549 3416 1766 1555 3417 1763 1556 3418 1762 1557 3419 1764 1553 3420 1766 1555 3421 1762 1557 3422 1768 1558 3423 1767 1559 3424 1765 1554 3425 1763 1556 3426 1769 1560 3427 1765 1554 3428 1770 1561 3429 1769 1560 3430 1763 1556 3431 1774 1562 3432 1770 1561 3433 1771 1563 3434 1776 1564 3435 1769 1560 3436 1770 1561 3437 1774 1562 3438 1776 1564 3439 1770 1561 3440 1773 1565 3441 1775 1566 3442 1772 1567 3443 1778 1568 3444 1780 1569 3445 1777 1570 3446 1782 1571 3447 1781 1572 3448 1777 1570 3449 1780 1569 3450 1782 1571 3451 1777 1570 3452 1783 1573 3453 1778 1568 3454 1779 1574 3455 1783 1573 3456 1784 1575 3457 1778 1568 3458 1783 1573 3459 1786 1576 3460 1784 1575 3461 1787 1577 3462 1786 1576 3463 1783 1573 3464 1788 1578 3465 1785 1579 3466 1784 1575 3467 1785 1579 3468 1789 1580 3469 1782 1571 3470 1790 1581 3471 1787 1577 3472 1781 1572 3473 1791 1582 3474 1789 1580 3475 1785 1579 3476 1792 1583 3477 1788 1578 3478 1786 1576 3479 1790 1581 3480 1793 1584 3481 1787 1577 3482 1795 1585 3483 1791 1582 3484 1788 1578 3485 1794 1586 3486 1797 1587 3487 1790 1581 3488 1797 1587 3489 1793 1584 3490 1790 1581 3491 1799 1588 3492 1796 1589 3493 1793 1584 3494 1800 1590 3495 1798 1591 3496 1795 1585 3497 1798 1591 3498 1801 1592 3499 1794 1586 3500 1802 1593 3501 1800 1590 3502 1796 1589 3503 1804 1594 3504 1799 1588 3505 1797 1587 3506 1804 1594 3507 1800 1590 3508 1802 1593 3509 1809 1595 3510 1805 1596 3511 1806 1597 3512 1807 1598 3513 1809 1595 3514 1806 1597 3515 1808 1599 3516 1810 1600 3517 1807 1598 3518 1812 1601 3519 1808 1599 3520 1805 1596 3521 1809 1595 3522 1817 1602 3523 1805 1596 3524 1811 1603 3525 1809 1595 3526 1807 1598 3527 1812 1601 3528 1810 1600 3529 1808 1599 3530 1809 1595 3531 1813 1604 3532 1817 1602 3533 1815 1605 3534 1809 1595 3535 1811 1603 3536 1824 1606 3537 1823 1607 3538 1818 1608 3539 1825 1609 3540 1819 1610 3541 1820 1611 3542 1823 1607 3543 1826 1612 3544 1822 1613 3545 1824 1606 3546 1828 1614 3547 1823 1607 3548 1825 1609 3549 1827 1615 3550 1819 1610 3551 1828 1614 3552 1826 1612 3553 1823 1607 3554 1830 1616 3555 1828 1614 3556 1824 1606 3557 1831 1617 3558 1827 1615 3559 1829 1618 3560 1826 1612 3561 1831 1617 3562 1829 1618 3563 1832 1619 3564 1830 1616 3565 1827 1615 3566 1830 1616 3567 1835 1620 3568 1826 1612 3569 1833 1621 3570 1835 1620 3571 1830 1616 3572 1836 1622 3573 1838 1623 3574 1833 1621 3575 1837 1624 3576 1836 1622 3577 1832 1619 3578 1841 1625 3579 1842 1626 3580 1840 1627 3581 1843 1628 3582 1846 1629 3583 1841 1625 3584 1847 1630 3585 1851 1631 3586 1843 1628 3587 1845 1632 3588 1848 1633 3589 1844 1634 3590 1852 1635 3591 1847 1630 3592 1848 1633 3593 1862 1636 3594 1857 1637 3595 1858 1638 3596 1863 1639 3597 1869 1640 3598 1868 1641 3599 1869 1640 3600 1867 1642 3601 1868 1641 3602 1870 1643 3603 1863 1639 3604 1864 1644 3605 1871 1645 3606 1869 1640 3607 1863 1639 3608 1872 1646 3609 1870 1643 3610 1865 1647 3611 1867 1642 3612 1873 1648 3613 1866 1649 3614 1870 1643 3615 1876 1650 3616 1871 1645 3617 1875 1651 3618 1874 1652 3619 1873 1648 3620 1876 1650 3621 1875 1651 3622 1871 1645 3623 1881 1653 3624 1880 1654 3625 1877 1655 3626 1883 1656 3627 1881 1653 3628 1877 1655 3629 1878 1657 3630 1883 1656 3631 1877 1655 3632 1882 1658 3633 1884 1659 3634 1879 1660 3635 1881 1653 3636 1886 1661 3637 1880 1654 3638 1885 1662 3639 1883 1656 3640 1878 1657 3641 1885 1662 3642 1888 1663 3643 1883 1656 3644 1889 1664 3645 1885 1662 3646 1884 1659 3647 1892 1665 3648 1887 1666 3649 1888 1663 3650 1896 1667 3651 1892 1665 3652 1891 1668 3653 1894 1669 3654 1897 1670 3655 1889 1664 3656 1896 1667 3657 1899 1671 3658 1892 1665 3659 1900 1672 3660 1894 1669 3661 1895 1673 3662 1901 1674 3663 1897 1670 3664 1894 1669 3665 1906 1675 3666 1902 1676 3667 1903 1677 3668 1901 1674 3669 1906 1675 3670 1903 1677 3671 1906 1675 3672 1908 1678 3673 1902 1676 3674 1909 1679 3675 1906 1675 3676 1901 1674 3677 1904 1680 3678 1911 1681 3679 1907 1682 3680 1912 1683 3681 1911 1681 3682 1904 1680 3683 1909 1679 3684 1913 1684 3685 1906 1675 3686 1916 1685 3687 1912 1683 3688 1910 1686 3689 1913 1684 3690 1914 1687 3691 1908 1678 3692 1911 1681 3693 1915 1688 3694 1909 1679 3695 1922 1689 3696 1921 1690 3697 1917 1691 3698 1920 1692 3699 1923 1693 3700 1919 1694 3701 1921 1690 3702 1924 1695 3703 1920 1692 3704 1925 1696 3705 1922 1689 3706 1917 1691 3707 1923 1693 3708 1926 1697 3709 1918 1698 3710 1926 1697 3711 1928 1699 3712 1925 1696 3713 1929 1700 3714 1924 1695 3715 1927 1701 3716 1922 1689 3717 1929 1700 3718 1927 1701 3719 1930 1702 3720 1928 1699 3721 1926 1697 3722 1923 1693 3723 1930 1702 3724 1926 1697 3725 1931 1703 3726 1929 1700 3727 1922 1689 3728 1932 1704 3729 1930 1702 3730 1923 1693 3731 1929 1700 3732 1933 1705 3733 1924 1695 3734 1936 1706 3735 1933 1705 3736 1929 1700 3737 1931 1703 3738 1936 1706 3739 1929 1700 3740 1936 1706 3741 1932 1704 3742 1933 1705 3743 1942 1707 3744 1941 1708 3745 1937 1709 3746 1943 1710 3747 1942 1707 3748 1937 1709 3749 1938 1711 3750 1943 1710 3751 1937 1709 3752 1944 1712 3753 1938 1711 3754 1939 1713 3755 1941 1708 3756 1945 1714 3757 1940 1715 3758 1946 1716 3759 1943 1710 3760 1938 1711 3761 1944 1712 3762 1946 1716 3763 1938 1711 3764 1943 1710 3765 1948 1717 3766 1942 1707 3767 1948 1717 3768 1947 1718 3769 1942 1707 3770 1946 1716 3771 1949 1719 3772 1943 1710 3773 1951 1720 3774 1950 1721 3775 1944 1712 3776 1948 1717 3777 1952 1722 3778 1947 1718 3779 1956 1723 3780 1957 1724 3781 1953 1725 3782 1958 1726 3783 1956 1723 3784 1954 1727 3785 1959 1728 3786 1958 1726 3787 1955 1729 3788 1957 1724 3789 1959 1728 3790 1955 1729 3791 1966 1730 3792 1965 1731 3793 1960 1732 3794 1961 1733 3795 1966 1730 3796 1960 1732 3797 1963 1734 3798 1967 1735 3799 1962 1736 3800 1968 1737 3801 1963 1734 3802 1964 1738 3803 1969 1739 3804 1966 1730 3805 1961 1733 3806 1967 1735 3807 1969 1739 3808 1961 1733 3809 1968 1737 3810 1970 1740 3811 1963 1734 3812 1971 1741 3813 1968 1737 3814 1965 1731 3815 1970 1740 3816 1972 1742 3817 1967 1735 3818 1973 1743 3819 1970 1740 3820 1968 1737 3821 1974 1744 3822 1972 1742 3823 1970 1740 3824 1969 1739 3825 1975 1745 3826 1966 1730 3827 1976 1746 3828 1975 1745 3829 1969 1739 3830 1972 1742 3831 1976 1746 3832 1969 1739 3833 1977 1747 3834 1973 1743 3835 1971 1741 3836 1977 1747 3837 1982 1748 3838 1973 1743 3839 1986 1749 3840 1990 1750 3841 1985 1751 3842 1992 1752 3843 1988 1753 3844 1984 1754 3845 1994 1755 3846 1990 1750 3847 1986 1749 3848 1992 1752 3849 1995 1756 3850 1988 1753 3851 1996 1757 3852 1994 1755 3853 1991 1758 3854 1998 1759 3855 1995 1756 3856 1992 1752 3857 1999 1760 3858 1993 1761 3859 1997 1762 3860 1995 1756 3861 2000 1763 3862 1996 1757 3863 1998 1759 3864 2000 1763 3865 1995 1756 3866 2008 1764 3867 2002 1765 3868 2003 1766 3869 2006 1767 3870 2010 1768 3871 2005 1769 3872 2011 1770 3873 2009 1771 3874 2002 1765 3875 2008 1764 3876 2011 1770 3877 2002 1765 3878 2012 1772 3879 2010 1768 3880 2006 1767 3881 2013 1773 3882 2011 1770 3883 2008 1764 3884 2010 1768 3885 2014 1774 3886 2007 1775 3887 2015 1776 3888 2014 1774 3889 2010 1768 3890 2011 1770 3891 2016 1777 3892 2009 1771 3893 2016 1777 3894 2020 1778 3895 2012 1772 3896 2020 1778 3897 2015 1776 3898 2012 1772 3899 2021 1779 3900 2020 1778 3901 2016 1777 3902 2020 1778 3903 2022 1780 3904 2015 1776 3905 2023 1781 3906 2021 1779 3907 2017 1782 3908 2022 1780 3909 2025 1783 3910 2019 1784 3911 2027 1785 3912 2026 1786 3913 2021 1779 3914 2028 1787 3915 2025 1783 3916 2022 1780 3917 2024 1788 3918 2030 1789 3919 2023 1781 3920 2031 1790 3921 2024 1788 3922 2025 1783 3923 2032 1791 3924 2030 1789 3925 2024 1788 3926 2031 1790 3927 2032 1791 3928 2024 1788 3929 2042 1792 3930 2036 1793 3931 2037 1794 3932 2042 1792 3933 2044 1795 3934 2036 1793 3935 2045 1796 3936 2043 1797 3937 2039 1798 3938 2044 1795 3939 2047 1799 3940 2041 1800 3941 2049 1801 3942 2047 1799 3943 2044 1795 3944 2050 1802 3945 2048 1803 3946 2045 1796 3947 2046 1804 3948 2053 1805 3949 2045 1796 3950 2052 1806 3951 2049 1801 3952 2048 1803 3953 2052 1806 3954 2051 1807 3955 2049 1801 3956 2053 1805 3957 2052 1806 3958 2050 1802 3959 2056 1808 3960 2058 1809 3961 2055 1810 3962 2060 1811 3963 2059 1812 3964 2054 1813 3965 2061 1814 3966 2057 1815 3967 2055 1810 3968 2058 1809 3969 2061 1814 3970 2055 1810 3971 2059 1812 3972 2062 1816 3973 2056 1808 3974 2069 1817 3975 2063 1818 3976 2064 1819 3977 2066 1820 3978 2070 1821 3979 2065 1822 3980 2071 1823 3981 2067 1824 3982 2068 1825 3983 2072 1826 3984 2071 1823 3985 2069 1817 3986 2073 1827 3987 2072 1826 3988 2069 1817 3989 2072 1826 3990 2074 1828 3991 2071 1823 3992 2080 1829 3993 2076 1830 3994 2077 1831 3995 2078 1832 3996 2083 1833 3997 2077 1831 3998 2079 1834 3999 2081 1835 4000 2075 1836 4001 2082 1837 4002 2079 1834 4003 2076 1830 4004 2083 1833 4005 2080 1829 4006 2077 1831 4007 2084 1838 4008 2078 1832 4009 2081 1835 4010 2080 1829 4011 2086 1839 4012 2082 1837 4013 2088 1840 4014 2087 1841 4015 2078 1832 4016 2087 1841 4017 2089 1842 4018 2080 1829 4019 2088 1840 4020 2091 1843 4021 2087 1841 4022 2090 1844 4023 2085 1845 4024 2086 1839 4025 2091 1843 4026 2089 1842 4027 2087 1841 4028 2084 1838 4029 2092 1846 4030 2088 1840 4031 2094 1847 4032 2090 1844 4033 2089 1842 4034 2092 1846 4035 2094 1847 4036 2091 1843 4037 2093 1848 4038 2092 1846 4039 2084 1838 4040 2098 1849 4041 2095 1850 4042 2096 1851 4043 2098 1849 4044 2100 1852 4045 2095 1850 4046 2099 1853 4047 2098 1849 4048 2096 1851 4049 2099 1853 4050 2096 1851 4051 2097 1854 4052 2095 1850 4053 2100 1852 4054 2097 1854 4055 2104 1855 4056 2102 1856 4057 2103 1857 4058 2104 1855 4059 2106 1858 4060 2102 1856 4061 2107 1859 4062 2111 1860 4063 2109 1861 4064 2108 1862 4065 2110 1863 4066 2107 1859 4067 2110 1863 4068 2111 1860 4069 2107 1859 4070 2112 1864 4071 2110 1863 4072 2108 1862 4073 2109 1861 4074 2112 1864 4075 2108 1862 4076 2111 1860 4077 2112 1864 4078 2109 1861 4079 2117 1865 4080 2114 1866 4081 2115 1867 4082 2117 1865 4083 2116 1868 4084 2114 1866 4085 2118 1869 4086 2117 1865 4087 2115 1867 4088 2118 1869 4089 2115 1867 4090 2113 1870 4091 2125 1871 4092 2123 1872 4093 2124 1873 4094 2126 1874 4095 2125 1871 4096 2119 1875 4097 2126 1874 4098 2131 1876 4099 2125 1871 4100 2131 1876 4101 2130 1877 4102 2125 1871 4103 2132 1878 4104 2131 1876 4105 2126 1874 4106 2131 1876 4107 2136 1879 4108 2130 1877 4109 2138 1880 4110 2133 1881 4111 2134 1882 4112 2136 1879 4113 2139 1883 4114 2135 1884 4115 2141 1885 4116 2139 1883 4117 2136 1879 4118 2133 1881 4119 2142 1886 4120 2137 1887 4121 2142 1886 4122 2147 1888 4123 2140 1889 4124 2146 1890 4125 2145 1891 4126 2141 1885 4127 2148 1892 4128 2142 1886 4129 2143 1893 4130 2150 1894 4131 2149 1895 4132 2142 1886 4133 2151 1896 4134 2148 1892 4135 2144 1897 4136 2146 1890 4137 2152 1898 4138 2145 1891 4139 2153 1899 4140 2150 1894 4141 2148 1892 4142 2159 1900 4143 2152 1898 4144 2154 1901 4145 2161 1902 4146 2158 1903 4147 2152 1898 4148 2162 1904 4149 2156 1905 4150 2157 1906 4151 2159 1900 4152 2164 1907 4153 2161 1902 4154 2163 1908 4155 2164 1907 4156 2159 1900 4157 2169 1909 4158 2165 1910 4159 2166 1911 4160 2171 1912 4161 2170 1913 4162 2165 1910 4163 2172 1914 4164 2169 1909 4165 2166 1911 4166 2167 1915 4167 2172 1914 4168 2166 1911 4169 2170 1913 4170 2173 1916 4171 2168 1917 4172 2174 1918 4173 2172 1914 4174 2167 1915 4175 2173 1916 4176 2174 1918 4177 2167 1915 4178 2171 1912 4179 2175 1919 4180 2170 1913 4181 2175 1919 4182 2173 1916 4183 2170 1913 4184 2178 1920 4185 2174 1918 4186 2173 1916 4187 2176 1921 4188 2179 1922 4189 2175 1919 4190 2182 1923 4191 2178 1920 4192 2175 1919 4193 2183 1924 4194 2176 1921 4195 2180 1925 4196 2186 1926 4197 2183 1924 4198 2181 1927 4199 2178 1920 4200 2186 1926 4201 2181 1927 4202 2187 1928 4203 2188 1929 4204 2178 1920 4205 2190 1930 4206 2186 1926 4207 2188 1929 4208 2185 1931 4209 2191 1932 4210 2184 1933 4211 2189 1934 4212 2191 1932 4213 2185 1931 4214 2195 1935 4215 2194 1936 4216 2192 1937 4217 2198 1938 4218 2195 1935 4219 2192 1937 4220 2196 1939 4221 2198 1938 4222 2192 1937 4223 2197 1940 4224 2199 1941 4225 2193 1942 4226 2200 1943 4227 2197 1940 4228 2194 1936 4229 2195 1935 4230 2202 1944 4231 2200 1943 4232 2201 1945 4233 2202 1944 4234 2195 1935 4235 2201 1945 4236 2196 1939 4237 2199 1941 4238 2205 1946 4239 2207 1947 4240 2204 1948 4241 2210 1949 4242 2209 1950 4243 2204 1948 4244 2207 1947 4245 2210 1949 4246 2204 1948 4247 2208 1951 4248 2211 1952 4249 2205 1946 4250 2212 1953 4251 2208 1951 4252 2206 1954 4253 2213 1955 4254 2215 1956 4255 2207 1947 4256 2213 1955 4257 2207 1947 4258 2211 1952 4259 2209 1950 4260 2215 1956 4261 2212 1953 4262 2219 1957 4263 2218 1958 4264 2216 1959 4265 2218 1958 4266 2220 1960 4267 2217 1961 4268 2224 1962 4269 2220 1960 4270 2218 1958 4271 2221 1963 4272 2224 1962 4273 2218 1958 4274 2224 1962 4275 2225 1964 4276 2220 1960 4277 2222 1965 4278 2226 1966 4279 2219 1957 4280 2226 1966 4281 2221 1963 4282 2219 1957 4283 2223 1967 4284 2227 1968 4285 2222 1965 4286 2230 1969 4287 2227 1968 4288 2223 1967 4289 2227 1968 4290 2232 1970 4291 2226 1966 4292 2232 1970 4293 2229 1971 4294 2226 1966 4295 2234 1972 4296 2231 1973 4297 2228 1974 4298 2232 1970 4299 2235 1975 4300 2229 1971 4301 2231 1973 4302 2233 1976 4303 2230 1969 4304 2238 1977 4305 2232 1970 4306 2233 1976 4307 2237 1978 4308 2236 1979 4309 2235 1975 4310 2238 1977 4311 2241 1980 4312 2237 1978 4313 2239 1981 4314 2241 1980 4315 2238 1977 4316 2241 1980 4317 2240 1982 4318 2237 1978 4319 2246 1983 4320 2242 1984 4321 2243 1985 4322 2248 1986 4323 2246 1983 4324 2243 1985 4325 2244 1987 4326 2248 1986 4327 2243 1985 4328 2247 1988 4329 2249 1989 4330 2245 1990 4331 2253 1991 4332 2248 1986 4333 2244 1987 4334 2248 1986 4335 2251 1992 4336 2246 1983 4337 2252 1993 4338 2249 1989 4339 2247 1988 4340 2253 1991 4341 2251 1992 4342 2248 1986 4343 2252 1993 4344 2255 1994 4345 2249 1989 4346 2254 1995 4347 2259 1996 4348 2253 1991 4349 2255 1994 4350 2260 1997 4351 2254 1995 4352 2256 1998 4353 2262 1999 4354 2258 2000 4355 2261 2001 4356 2262 1999 4357 2256 1998 4358 2264 2002 4359 2266 2003 4360 2263 2004 4361 2266 2003 4362 2271 2005 4363 2263 2004 4364 2267 2006 4365 2269 2007 4366 2264 2002 4367 2270 2008 4368 2267 2006 4369 2265 2009 4370 2271 2005 4371 2268 2010 4372 2263 2004 4373 2272 2011 4374 2266 2003 4375 2269 2007 4376 2268 2010 4377 2273 2012 4378 2270 2008 4379 2273 2012 4380 2272 2011 4381 2267 2006 4382 2274 2013 4383 2273 2012 4384 2268 2010 4385 2275 2014 4386 2279 2015 4387 2278 2016 4388 2277 2017 4389 2281 2018 4390 2276 2019 4391 2287 2020 4392 2283 2021 4393 2284 2022 4394 2285 2023 4395 2287 2020 4396 2284 2022 4397 2286 2024 4398 2288 2025 4399 2285 2023 4400 2289 2026 4401 2286 2024 4402 2283 2021 4403 2287 2020 4404 2290 2027 4405 2283 2021 4406 2291 2028 4407 2287 2020 4408 2285 2023 4409 2292 2029 4410 2288 2025 4411 2286 2024 4412 2289 2026 4413 2292 2029 4414 2286 2024 4415 2292 2029 4416 2294 2030 4417 2288 2025 4418 2296 2031 4419 2287 2020 4420 2291 2028 4421 2295 2032 4422 2297 2033 4423 2294 2030 4424 2294 2030 4425 2299 2034 4426 2296 2031 4427 2298 2035 4428 2295 2032 4429 2293 2036 4430 2298 2035 4431 2300 2037 4432 2295 2032 4433 2304 2038 4434 2301 2039 4435 2302 2040 4436 2303 2041 4437 2306 2042 4438 2305 2043 4439 2314 2044 4440 2311 2045 4441 2312 2046 4442 2313 2047 4443 2314 2044 4444 2312 2046 4445 2315 2048 4446 2313 2047 4447 2308 2049 4448 2311 2045 4449 2317 2050 4450 2310 2051 4451 2314 2044 4452 2317 2050 4453 2311 2045 4454 2315 2048 4455 2314 2044 4456 2313 2047 4457 2320 2052 4458 2322 2053 4459 2319 2054 4460 2322 2053 4461 2321 2055 4462 2319 2054 4463 2323 2056 4464 2322 2053 4465 2320 2052 4466 2328 2057 4467 2325 2058 4468 2322 2053 4469 2329 2059 4470 2327 2060 4471 2324 2061 4472 2332 2062 4473 2329 2059 4474 2325 2058 4475 2330 2063 4476 2332 2062 4477 2325 2058 4478 2331 2064 4479 2333 2065 4480 2328 2057 4481 2334 2066 4482 2332 2062 4483 2330 2063 4484 2335 2067 4485 2331 2064 4486 2329 2059 4487 2332 2062 4488 2335 2067 4489 2329 2059 4490 2336 2068 4491 2333 2065 4492 2331 2064 4493 2335 2067 4494 2336 2068 4495 2331 2064 4496 2337 2069 4497 2335 2067 4498 2332 2062 4499 2335 2067 4500 2340 2070 4501 2336 2068 4502 2338 2071 4503 2334 2066 4504 2333 2065 4505 2338 2071 4506 2341 2072 4507 2334 2066 4508 2343 2073 4509 2345 2074 4510 2342 2075 4511 2345 2074 4512 2347 2076 4513 2342 2075 4514 2348 2077 4515 2346 2078 4516 2344 2079 4517 2347 2076 4518 2350 2080 4519 2342 2075 4520 2349 2081 4521 2345 2074 4522 2343 2073 4523 2349 2081 4524 2351 2082 4525 2345 2074 4526 2350 2080 4527 2354 2083 4528 2348 2077 4529 2355 2084 4530 2352 2085 4531 2351 2082 4532 2352 2085 4533 2356 2086 4534 2354 2083 4535 2352 2085 4536 2359 2087 4537 2356 2086 4538 2358 2088 4539 2357 2089 4540 2355 2084 4541 2358 2088 4542 2355 2084 4543 2353 2090 4544 2363 2091 4545 2366 2092 4546 2361 2093 4547 2367 2094 4548 2365 2095 4549 2362 2096 4550 2368 2097 4551 2371 2098 4552 2367 2094 4553 2370 2099 4554 2366 2092 4555 2363 2091 4556 2371 2098 4557 2365 2095 4558 2367 2094 4559 2375 2100 4560 2374 2101 4561 2372 2102 4562 2373 2103 4563 2376 2104 4564 2372 2102 4565 2374 2101 4566 2377 2105 4567 2373 2103 4568 2381 2106 4569 2378 2107 4570 2379 2108 4571 2382 2109 4572 2383 2110 4573 2378 2107 4574 2385 2111 4575 2380 2112 4576 2383 2110 4577 2385 2111 4578 2389 2113 4579 2380 2112 4580 2386 2114 4581 2385 2111 4582 2383 2110 4583 2390 2115 4584 2389 2113 4585 2385 2111 4586 2386 2114 4587 2390 2115 4588 2385 2111 4589 2387 2116 4590 2386 2114 4591 2382 2109 4592 2384 2117 4593 2388 2118 4594 2381 2106 4595 2390 2115 4596 2391 2119 4597 2389 2113 4598 2392 2120 4599 2390 2115 4600 2386 2114 4601 2394 2121 4602 2397 2122 4603 2396 2123 4604 2398 2124 4605 2394 2121 4606 2395 2125 4607 2399 2126 4608 2395 2125 4609 2396 2123 4610 2401 2127 4611 2403 2128 4612 2400 2129 4613 2403 2128 4614 2406 2130 4615 2400 2129 4616 2405 2131 4617 2401 2127 4618 2402 2132 4619 2406 2130 4620 2405 2131 4621 2400 2129 4622 2408 2133 4623 2403 2128 4624 2404 2134 4625 2409 2135 4626 2406 2130 4627 2403 2128 4628 2408 2133 4629 2409 2135 4630 2403 2128 4631 2407 2136 4632 2408 2133 4633 2404 2134 4634 2409 2135 4635 2407 2136 4636 2406 2130 4637 2411 2137 4638 2410 2138 4639 2408 2133 4640 2409 2135 4641 2412 2139 4642 2407 2136 4643 2414 2140 4644 2411 2137 4645 2412 2139 4646 2414 2140 4647 2416 2141 4648 2411 2137 4649 2416 2141 4650 2418 2142 4651 2413 2143 4652 2423 2144 4653 2418 2142 4654 2416 2141 4655 2422 2145 4656 2424 2146 4657 2421 2147 4658 2421 2147 4659 2424 2146 4660 2420 2148 4661 2429 2149 4662 2430 2150 4663 2425 2151 4664 2431 2152 4665 2429 2149 4666 2426 2153 4667 2428 2154 4668 2433 2155 4669 2427 2156 4670 2434 2157 4671 2433 2155 4672 2428 2154 4673 2435 2158 4674 2430 2150 4675 2429 2149 4676 2432 2159 4677 2436 2160 4678 2431 2152 4679 2435 2158 4680 2438 2161 4681 2430 2150 4682 2433 2155 4683 2437 2162 4684 2432 2159 4685 2437 2162 4686 2435 2158 4687 2436 2160 4688 2442 2163 4689 2439 2164 4690 2440 2165 4691 2445 2166 4692 2444 2167 4693 2439 2164 4694 2446 2168 4695 2442 2163 4696 2440 2165 4697 2443 2169 4698 2446 2168 4699 2440 2165 4700 2444 2167 4701 2443 2169 4702 2441 2170 4703 2442 2163 4704 2449 2171 4705 2445 2166 4706 2447 2172 4707 2449 2171 4708 2442 2163 4709 2455 2173 4710 2456 2174 4711 2451 2175 4712 2457 2176 4713 2455 2173 4714 2452 2177 4715 2461 2178 4716 2454 2179 4717 2456 2174 4718 2461 2178 4719 2463 2180 4720 2454 2179 4721 2465 2181 4722 2459 2182 4723 2460 2183 4724 2461 2178 4725 2466 2184 4726 2463 2180 4727 2467 2185 4728 2464 2186 4729 2462 2187 4730 2471 2188 4731 2468 2189 4732 2469 2190 4733 2474 2191 4734 2473 2192 4735 2468 2189 4736 2475 2193 4737 2471 2188 4738 2469 2190 4739 2472 2194 4740 2475 2193 4741 2469 2190 4742 2473 2192 4743 2476 2195 4744 2470 2196 4745 2478 2197 4746 2472 2194 4747 2476 2195 4748 2471 2188 4749 2479 2198 4750 2474 2191 4751 2477 2199 4752 2479 2198 4753 2471 2188 4754 2481 2200 4755 2485 2201 4756 2480 2202 4757 2486 2203 4758 2483 2204 4759 2484 2205 4760 2487 2206 4761 2485 2201 4762 2481 2200 4763 2486 2203 4764 2489 2207 4765 2483 2204 4766 2490 2208 4767 2492 2209 4768 2486 2203 4769 2489 2207 4770 2493 2210 4771 2488 2211 4772 2492 2209 4773 2494 2212 4774 2489 2207 4775 2495 2213 4776 2492 2209 4777 2490 2208 4778 2493 2210 4779 2496 2214 4780 2487 2206 4781 2497 2215 4782 2496 2214 4783 2493 2210 4784 2495 2213 4785 2498 2216 4786 2492 2209 4787 2498 2216 4788 2497 2215 4789 2494 2212 4790 2507 2217 4791 2505 2218 4792 2500 2219 4793 2501 2220 4794 2507 2217 4795 2500 2219 4796 2506 2221 4797 2508 2222 4798 2502 2223 4799 2507 2217 4800 2510 2224 4801 2505 2218 4802 2511 2225 4803 2507 2217 4804 2501 2220 4805 2515 2226 4806 2513 2227 4807 2509 2228 4808 2516 2229 4809 2514 2230 4810 2511 2225 4811 2516 2229 4812 2520 2231 4813 2514 2230 4814 2521 2232 4815 2519 2233 4816 2515 2226 4817 2517 2234 4818 2521 2232 4819 2515 2226 4820 2522 2235 4821 2520 2231 4822 2516 2229 4823 2518 2236 4824 2522 2235 4825 2516 2229 4826 2520 2231 4827 2524 2237 4828 2517 2234 4829 2523 2238 4830 2522 2235 4831 2518 2236 4832 2525 2239 4833 2524 2237 4834 2520 2231 4835 2521 2232 4836 2526 2240 4837 2519 2233 4838 2525 2239 4839 2527 2241 4840 2524 2237 4841 2523 2238 4842 2528 2242 4843 2522 2235 4844 2525 2239 4845 2531 2243 4846 2527 2241 4847 2530 2244 4848 2529 2245 4849 2528 2242 4850 2530 2244 4851 2528 2242 4852 2526 2240 4853 2537 2246 4854 2536 2247 4855 2534 2248 4856 2539 2249 4857 2543 2250 4858 2538 2251 4859 2544 2252 4860 2541 2253 4861 2542 2254 4862 2545 2255 4863 2544 2252 4864 2538 2251 4865 2543 2250 4866 2545 2255 4867 2538 2251 4868 2546 2256 4869 2543 2250 4870 2539 2249 4871 2544 2252 4872 2547 2257 4873 2541 2253 4874 2547 2257 4875 2548 2258 4876 2540 2259 4877 2549 2260 4878 2544 2252 4879 2545 2255 4880 2549 2260 4881 2550 2261 4882 2544 2252 4883 2550 2261 4884 2547 2257 4885 2544 2252 4886 2546 2256 4887 2551 2262 4888 2543 2250 4889 2552 2263 4890 2546 2256 4891 2548 2258 4892 2554 2264 4893 2551 2262 4894 2546 2256 4895 2552 2263 4896 2554 2264 4897 2546 2256 4898 2551 2262 4899 2557 2265 4900 2553 2266 4901 2557 2265 4902 2562 2267 4903 2556 2268 4904 2561 2269 4905 2563 2270 4906 2560 2271 4907 2564 2272 4908 2558 2273 4909 2559 2274 4910 2562 2267 4911 2565 2275 4912 2561 2269 4913 2564 2272 4914 2566 2276 4915 2558 2273 4916 2565 2275 4917 2564 2272 4918 2563 2270 4919 2568 2277 4920 2572 2278 4921 2567 2279 4922 2574 2280 4923 2572 2278 4924 2568 2277 4925 2571 2281 4926 2575 2282 4927 2570 2283 4928 2575 2282 4929 2576 2284 4930 2569 2285 4931 2577 2286 4932 2575 2282 4933 2571 2281 4934 2573 2287 4935 2578 2288 4936 2577 2286 4937 2584 2289 4938 2581 2290 4939 2582 2291 4940 2589 2292 4941 2594 2293 4942 2588 2294 4943 2597 2295 4944 2593 2296 4945 2594 2293 4946 2598 2297 4947 2601 2298 4948 2600 2299 4949 2602 2300 4950 2601 2298 4951 2598 2297 4952 2602 2300 4953 2598 2297 4954 2599 2301 4955 2600 2299 4956 2603 2302 4957 2599 2301 4958 2601 2298 4959 2603 2302 4960 2600 2299 4961 2610 2303 4962 2604 2304 4963 2605 2305 4964 2606 2306 4965 2610 2303 4966 2605 2305 4967 2611 2307 4968 2608 2308 4969 2609 2309 4970 2610 2303 4971 2612 2310 4972 2604 2304 4973 2613 2311 4974 2610 2303 4975 2606 2306 4976 2614 2312 4977 2607 2313 4978 2608 2308 4979 2611 2307 4980 2614 2312 4981 2608 2308 4982 2614 2312 4983 2615 2314 4984 2607 2313 4985 2611 2307 4986 2616 2315 4987 2614 2312 4988 2612 2310 4989 2617 2316 4990 2611 2307 4991 2619 2317 4992 2618 2318 4993 2613 2311 4994 2617 2316 4995 2621 2319 4996 2616 2315 4997 2622 2320 4998 2617 2316 4999 2612 2310 5000 2623 2321 5001 2622 2320 5002 2618 2318 5003 2619 2317 5004 2623 2321 5005 2618 2318 5006 2624 2322 5007 2621 2319 5008 2617 2316 5009 2622 2320 5010 2627 2323 5011 2624 2322 5012 2626 2324 5013 2619 2317 5014 2620 2325 5015 2629 2326 5016 2623 2321 5017 2619 2317 5018 2630 2327 5019 2626 2324 5020 2625 2328 5021 2627 2323 5022 2630 2327 5023 2625 2328 5024 2626 2324 5025 2631 2329 5026 2629 2326 5027 2632 2330 5028 2628 2331 5029 2629 2326 5030 2631 2329 5031 2632 2330 5032 2629 2326 5033 2636 2332 5034 2635 2333 5035 2628 2331 5036 2632 2330 5037 2639 2334 5038 2636 2332 5039 2638 2335 5040 2633 2336 5041 2634 2337 5042 2638 2335 5043 2637 2338 5044 2633 2336 5045 2639 2334 5046 2638 2335 5047 2635 2333 5048 2645 2339 5049 2644 2340 5050 2640 2341 5051 2647 2342 5052 2646 2343 5053 2641 2344 5054 2642 2345 5055 2647 2342 5056 2641 2344 5057 2644 2340 5058 2648 2346 5059 2643 2347 5060 2649 2348 5061 2647 2342 5062 2642 2345 5063 2650 2349 5064 2648 2346 5065 2644 2340 5066 2650 2349 5067 2651 2350 5068 2648 2346 5069 2645 2339 5070 2652 2351 5071 2650 2349 5072 2652 2351 5073 2658 2352 5074 2651 2350 5075 2658 2352 5076 2655 2353 5077 2656 2354 5078 2653 2355 5079 2659 2356 5080 2652 2351 5081 2657 2357 5082 2659 2356 5083 2653 2355 5084 2668 2358 5085 2666 2359 5086 2663 2360 5087 2664 2361 5088 2668 2358 5089 2663 2360 5090 2670 2362 5091 2668 2358 5092 2664 2361 5093 2673 2363 5094 2665 2364 5095 2666 2359 5096 2674 2365 5097 2668 2358 5098 2670 2362 5099 2684 2366 5100 2682 2367 5101 2677 2368 5102 2683 2369 5103 2686 2370 5104 2679 2371 5105 2681 2372 5106 2688 2373 5107 2683 2369 5108 2688 2373 5109 2685 2374 5110 2686 2370 5111 2683 2369 5112 2688 2373 5113 2686 2370 5114 2693 2375 5115 2692 2376 5116 2690 2377 5117 2697 2378 5118 2699 2379 5119 2696 2380 5120 2701 2381 5121 2695 2382 5122 2696 2380 5123 2699 2379 5124 2701 2381 5125 2696 2380 5126 2700 2383 5127 2702 2384 5128 2697 2378 5129 2703 2385 5130 2700 2383 5131 2698 2386 5132 2704 2387 5133 2703 2385 5134 2695 2382 5135 2705 2388 5136 2699 2379 5137 2702 2384 5138 2706 2389 5139 2704 2387 5140 2701 2381 5141 2705 2388 5142 2707 2390 5143 2699 2379 5144 2710 2391 5145 2709 2392 5146 2704 2387 5147 2709 2392 5148 2713 2393 5149 2708 2394 5150 2713 2393 5151 2715 2395 5152 2705 2388 5153 2716 2396 5154 2713 2393 5155 2709 2392 5156 2716 2396 5157 2718 2397 5158 2713 2393 5159 2717 2398 5160 2719 2399 5161 2712 2400 5162 2717 2398 5163 2712 2400 5164 2714 2401 5165 2726 2402 5166 2722 2403 5167 2723 2404 5168 2726 2402 5169 2727 2405 5170 2722 2403 5171 2725 2406 5172 2729 2407 5173 2721 2408 5174 2726 2402 5175 2731 2409 5176 2727 2405 5177 2734 2410 5178 2738 2411 5179 2733 2412 5180 2739 2413 5181 2738 2411 5182 2734 2410 5183 2735 2414 5184 2739 2413 5185 2734 2410 5186 2736 2415 5187 2741 2416 5188 2735 2414 5189 2740 2417 5190 2741 2416 5191 2742 2418 5192 2745 2419 5193 2747 2420 5194 2744 2421 5195 2748 2422 5196 2749 2423 5197 2745 2419 5198 2750 2424 5199 2748 2422 5200 2746 2425 5201 2754 2426 5202 2750 2424 5203 2746 2425 5204 2752 2427 5205 2749 2423 5206 2748 2422 5207 2750 2424 5208 2752 2427 5209 2748 2422 5210 2749 2423 5211 2753 2428 5212 2747 2420 5213 2752 2427 5214 2753 2428 5215 2749 2423 5216 2754 2426 5217 2752 2427 5218 2750 2424 5219 2753 2428 5220 2755 2429 5221 2751 2430 5222 2757 2431 5223 2753 2428 5224 2752 2427 5225 2758 2432 5226 2757 2431 5227 2754 2426 5228 2759 2433 5229 2756 2434 5230 2753 2428 5231 2757 2431 5232 2759 2433 5233 2753 2428 5234 2760 2435 5235 2758 2432 5236 2754 2426 5237 2760 2435 5238 2759 2433 5239 2758 2432 5240 2769 2436 5241 2765 2437 5242 2762 2438 5243 2763 2439 5244 2769 2436 5245 2762 2438 5246 2764 2440 5247 2766 2441 5248 2763 2439 5249 2767 2442 5250 2764 2440 5251 2765 2437 5252 2768 2443 5253 2769 2436 5254 2763 2439 5255 2767 2442 5256 2766 2441 5257 2764 2440 5258 2768 2443 5259 2770 2444 5260 2769 2436 5261 2774 2445 5262 2779 2446 5263 2773 2447 5264 2778 2448 5265 2779 2446 5266 2774 2445 5267 2780 2449 5268 2776 2450 5269 2777 2451 5270 2780 2449 5271 2781 2452 5272 2778 2448 5273 2784 2453 5274 2781 2452 5275 2780 2449 5276 2782 2454 5277 2787 2455 5278 2785 2456 5279 2787 2455 5280 2784 2453 5281 2785 2456 5282 2788 2457 5283 2787 2455 5284 2782 2454 5285 2784 2453 5286 2790 2458 5287 2781 2452 5288 2788 2457 5289 2790 2458 5290 2784 2453 5291 2789 2459 5292 2791 2460 5293 2788 2457 5294 2791 2460 5295 2793 2461 5296 2788 2457 5297 2792 2462 5298 2791 2460 5299 2789 2459 5300 2795 2463 5301 2799 2464 5302 2794 2465 5303 2798 2466 5304 2796 2467 5305 2794 2465 5306 2799 2464 5307 2798 2466 5308 2794 2465 5309 2800 2468 5310 2797 2469 5311 2796 2467 5312 2801 2470 5313 2799 2464 5314 2795 2463 5315 2802 2471 5316 2798 2466 5317 2799 2464 5318 2801 2470 5319 2803 2472 5320 2799 2464 5321 2802 2471 5322 2805 2473 5323 2798 2466 5324 2806 2474 5325 2801 2470 5326 2797 2469 5327 2806 2474 5328 2803 2472 5329 2801 2470 5330 2807 2475 5331 2805 2473 5332 2802 2471 5333 2806 2474 5334 2808 2476 5335 2803 2472 5336 2811 2477 5337 2809 2478 5338 2804 2479 5339 2808 2476 5340 2812 2480 5341 2807 2475 5342 2813 2481 5343 2810 2482 5344 2809 2478 5345 2813 2481 5346 2808 2476 5347 2810 2482 5348 2821 2483 5349 2820 2484 5350 2815 2485 5351 2822 2486 5352 2821 2483 5353 2818 2487 5354 2824 2488 5355 2819 2489 5356 2820 2484 5357 2822 2486 5358 2829 2490 5359 2821 2483 5360 2828 2491 5361 2826 2492 5362 2823 2493 5363 2832 2494 5364 2828 2491 5365 2829 2490 5366 2831 2495 5367 2825 2496 5368 2826 2492 5369 2831 2495 5370 2827 2497 5371 2825 2496 5372 2836 2498 5373 2833 2499 5374 2834 2500 5375 2839 2501 5376 2836 2498 5377 2834 2500 5378 2837 2502 5379 2839 2501 5380 2834 2500 5381 2838 2503 5382 2837 2502 5383 2835 2504 5384 2836 2498 5385 2840 2505 5386 2833 2499 5387 2841 2506 5388 2842 2507 5389 2837 2502 5390 2840 2505 5391 2844 2508 5392 2838 2503 5393 2839 2501 5394 2843 2509 5395 2836 2498 5396 2844 2508 5397 2841 2506 5398 2838 2503 5399 2842 2507 5400 2843 2509 5401 2839 2501 5402 2846 2510 5403 2842 2507 5404 2841 2506 5405 2843 2509 5406 2847 2511 5407 2840 2505 5408 2845 2512 5409 2847 2511 5410 2843 2509 5411 2849 2513 5412 2851 2514 5413 2848 2515 5414 2851 2514 5415 2856 2516 5416 2848 2515 5417 2852 2517 5418 2854 2518 5419 2849 2513 5420 2855 2519 5421 2852 2517 5422 2850 2520 5423 2856 2516 5424 2853 2521 5425 2848 2515 5426 2853 2521 5427 2858 2522 5428 2855 2519 5429 2857 2523 5430 2859 2524 5431 2851 2514 5432 2857 2523 5433 2851 2514 5434 2854 2518 5435 2860 2525 5436 2866 2526 5437 2862 2527 5438 2871 2528 5439 2869 2529 5440 2867 2530 5441 2873 2531 5442 2872 2532 5443 2869 2529 5444 2870 2533 5445 2874 2534 5446 2867 2530 5447 2875 2535 5448 2872 2532 5449 2873 2531 5450 2874 2534 5451 2876 2536 5452 2871 2528 5453 2878 2537 5454 2877 2538 5455 2875 2535 5456 2879 2539 5457 2876 2536 5458 2877 2538 5459 2878 2537 5460 2879 2539 5461 2877 2538 5462 2878 2537 5463 2881 2540 5464 2879 2539 5465 2876 2536 5466 2882 2541 5467 2878 2537 5468 2880 2542 5469 2885 2543 5470 2882 2541 5471 2884 2544 5472 2878 2537 5473 2882 2541 5474 2886 2545 5475 2880 2542 5476 2881 2540 5477 2883 2546 5478 2886 2545 5479 2881 2540 5480 2888 2547 5481 2885 2543 5482 2880 2542 5483 2887 2548 5484 2883 2546 5485 2884 2544 5486 2890 2549 5487 2892 2550 5488 2889 2551 5489 2892 2550 5490 2896 2552 5491 2889 2551 5492 2893 2553 5493 2894 2554 5494 2890 2549 5495 2895 2555 5496 2893 2553 5497 2891 2556 5498 2896 2552 5499 2895 2555 5500 2889 2551 5501 2899 2557 5502 2892 2550 5503 2894 2554 5504 2899 2557 5505 2900 2558 5506 2892 2550 5507 2897 2559 5508 2899 2557 5509 2893 2553 5510 2900 2558 5511 2902 2560 5512 2898 2561 5513 2901 2562 5514 2903 2563 5515 2899 2557 5516 2902 2560 5517 2901 2562 5518 2897 2559 5519 2905 2564 5520 2907 2565 5521 2904 2566 5522 2907 2565 5523 2912 2567 5524 2904 2566 5525 2908 2568 5526 2910 2569 5527 2905 2564 5528 2911 2570 5529 2908 2568 5530 2906 2571 5531 2912 2567 5532 2909 2572 5533 2904 2566 5534 2913 2573 5535 2910 2569 5536 2908 2568 5537 2911 2570 5538 2913 2573 5539 2908 2568 5540 2912 2567 5541 2914 2574 5542 2909 2572 5543 2915 2575 5544 2907 2565 5545 2910 2569 5546 2915 2575 5547 2916 2576 5548 2907 2565 5549 2917 2577 5550 2913 2573 5551 2911 2570 5552 2916 2576 5553 2918 2578 5554 2912 2567 5555 2914 2574 5556 2920 2579 5557 2917 2577 5558 2919 2580 5559 2921 2581 5560 2916 2576 5561 2919 2580 5562 2916 2576 5563 2915 2575 5564 2923 2582 5565 2925 2583 5566 2922 2584 5567 2927 2585 5568 2924 2586 5569 2922 2584 5570 2925 2583 5571 2927 2585 5572 2922 2584 5573 2926 2587 5574 2928 2588 5575 2923 2582 5576 2929 2589 5577 2926 2587 5578 2924 2586 5579 2927 2585 5580 2930 2590 5581 2924 2586 5582 2933 2591 5583 2926 2587 5584 2929 2589 5585 2930 2590 5586 2933 2591 5587 2929 2589 5588 2931 2592 5589 2930 2590 5590 2927 2585 5591 2932 2593 5592 2925 2583 5593 2928 2588 5594 12 2594 5595 7 8 5596 13 2595 5597 2933 2591 5598 2935 2596 5599 2932 2593 5600 2937 2597 5601 2935 2596 5602 2933 2591 5603 2935 2596 5604 2938 2598 5605 2934 2599 5606 2941 2600 5607 2943 2601 5608 2938 2598 5609 2942 2602 5610 2941 2600 5611 2939 2603 5612 2945 2604 5613 2947 2605 5614 2944 2606 5615 2947 2605 5616 2949 2607 5617 2944 2606 5618 2948 2608 5619 2945 2604 5620 2946 2609 5621 2949 2607 5622 2946 2609 5623 2944 2606 5624 2951 2610 5625 2949 2607 5626 2947 2605 5627 2951 2610 5628 2956 2611 5629 2949 2607 5630 2950 2612 5631 2953 2613 5632 2947 2605 5633 2954 2614 5634 2950 2612 5635 2948 2608 5636 2956 2611 5637 2952 2615 5638 2949 2607 5639 2959 2616 5640 2961 2617 5641 2958 2618 5642 2963 2619 5643 2960 2620 5644 2958 2618 5645 2961 2617 5646 2963 2619 5647 2958 2618 5648 2962 2621 5649 2964 2622 5650 2959 2616 5651 2960 2620 5652 2962 2621 5653 2957 2623 5654 2966 2624 5655 2965 2625 5656 2961 2617 5657 2966 2624 5658 2961 2617 5659 2964 2622 5660 2970 2626 5661 2972 2627 5662 2969 2628 5663 2974 2629 5664 2971 2630 5665 2969 2628 5666 2972 2627 5667 2974 2629 5668 2969 2628 5669 2973 2631 5670 2975 2632 5671 2970 2626 5672 2980 2633 5673 2973 2631 5674 2968 2634 5675 2974 2629 5676 2976 2635 5677 2971 2630 5678 2977 2636 5679 2974 2629 5680 2972 2627 5681 2975 2632 5682 2977 2636 5683 2972 2627 5684 2978 2637 5685 2976 2635 5686 2974 2629 5687 2981 2638 5688 2978 2637 5689 2977 2636 5690 2979 2639 5691 2981 2638 5692 2977 2636 5693 2976 2635 5694 2982 2640 5695 2980 2633 5696 2978 2637 5697 2983 2641 5698 2976 2635 5699 2983 2641 5700 2982 2640 5701 2976 2635 5702 2978 2637 5703 2984 2642 5704 2983 2641 5705 2985 2643 5706 2979 2639 5707 2982 2640 5708 2984 2642 5709 2985 2643 5710 2983 2641 5711 2986 2644 5712 2981 2638 5713 2979 2639 5714 2990 2645 5715 2989 2646 5716 2987 2647 5717 2988 2648 5718 2991 2649 5719 2987 2647 5720 2989 2646 5721 2992 2650 5722 2988 2648 5723 2993 2651 5724 2997 2652 5725 2996 2653 5726 2999 2654 5727 2994 2655 5728 2995 2656 5729 3003 2657 5730 3005 2658 5731 3002 2659 5732 3001 2660 5733 3006 2661 5734 3003 2657 5735 3004 2662 5736 3008 2663 5737 3001 2660 5738 3007 2664 5739 3005 2658 5740 3003 2657 5741 3008 2663 5742 3006 2661 5743 3001 2660 5744 3009 2665 5745 3004 2662 5746 3002 2659 5747 3009 2665 5748 3010 2666 5749 3004 2662 5750 3009 2665 5751 3012 2667 5752 3010 2666 5753 3012 2667 5754 3013 2668 5755 3010 2666 5756 3014 2669 5757 3005 2658 5758 3011 2670 5759 3020 2671 5760 3016 2672 5761 3017 2673 5762 3026 2674 5763 3025 2675 5764 3022 2676 5765 3024 2677 5766 3027 2678 5767 3023 2679 5768 3029 2680 5769 3026 2674 5770 3022 2676 5771 3027 2678 5772 3029 2680 5773 3022 2676 5774 3028 2681 5775 3030 2682 5776 3024 2677 5777 3031 2683 5778 3028 2681 5779 3025 2675 5780 3034 2684 5781 3040 2685 5782 3039 2686 5783 3044 2687 5784 3040 2685 5785 3034 2684 5786 3047 2688 5787 3042 2689 5788 3043 2690 5789 3048 2691 5790 3053 2692 5791 3046 2693 5792 3051 2694 5793 3050 2695 5794 3047 2688 5795 3054 2696 5796 3048 2691 5797 3049 2697 5798 3051 2694 5799 3055 2698 5800 3050 2695 5801 3059 2699 5802 3056 2700 5803 3054 2696 5804 3051 2694 5805 3060 2701 5806 3055 2698 5807 3057 2702 5808 3061 2703 5809 3051 2694 5810 3056 2700 5811 3062 2704 5812 3058 2705 5813 3059 2699 5814 3062 2704 5815 3056 2700 5816 3069 2706 5817 3067 2707 5818 3063 2708 5819 3064 2709 5820 3069 2706 5821 3063 2708 5822 3068 2710 5823 3070 2711 5824 3065 2712 5825 3069 2706 5826 3071 2713 5827 3067 2707 5828 3071 2713 5829 3072 2714 5830 3066 2715 5831 3073 2716 5832 3069 2706 5833 3064 2709 5834 3070 2711 5835 3073 2716 5836 3064 2709 5837 3074 2717 5838 3071 2713 5839 3069 2706 5840 3068 2710 5841 3075 2718 5842 3070 2711 5843 3072 2714 5844 3076 2719 5845 3068 2710 5846 3078 2720 5847 3074 2717 5848 3073 2716 5849 3081 2721 5850 3075 2718 5851 3076 2719 5852 3085 2722 5853 3081 2721 5854 3079 2723 5855 3086 2724 5856 3085 2722 5857 3080 2725 5858 3084 2726 5859 3087 2727 5860 3083 2728 5861 3088 2729 5862 3081 2721 5863 3085 2722 5864 3091 2730 5865 3095 2731 5866 3090 2732 5867 3096 2733 5868 3094 2734 5869 3090 2732 5870 3095 2731 5871 3096 2733 5872 3090 2732 5873 3097 2735 5874 3091 2730 5875 3092 2736 5876 3094 2734 5877 3098 2737 5878 3093 2738 5879 3099 2739 5880 3098 2737 5881 3094 2734 5882 3100 2740 5883 3096 2733 5884 3095 2731 5885 3101 2741 5886 3103 2742 5887 3100 2740 5888 3107 2743 5889 3102 2744 5890 3103 2742 5891 3104 2745 5892 3107 2743 5893 3103 2742 5894 3108 2746 5895 3102 2744 5896 3107 2743 5897 3105 2747 5898 3109 2748 5899 3104 2745 5900 3108 2746 5901 3110 2749 5902 3102 2744 5903 3109 2748 5904 3108 2746 5905 3107 2743 5906 3120 2750 5907 3114 2751 5908 3115 2752 5909 3117 2753 5910 3119 2754 5911 3112 2755 5912 3121 2756 5913 3120 2750 5914 3116 2757 5915 3121 2756 5916 3123 2758 5917 3120 2750 5918 3118 2759 5919 3124 2760 5920 3121 2756 5921 3123 2758 5922 3117 2753 5923 3120 2750 5924 3122 2761 5925 3124 2760 5926 3118 2759 5927 3130 2762 5928 3126 2763 5929 3127 2764 5930 3128 2765 5931 3133 2766 5932 3127 2764 5933 3129 2767 5934 3131 2768 5935 3125 2769 5936 3132 2770 5937 3129 2767 5938 3126 2763 5939 3133 2766 5940 3130 2762 5941 3127 2764 5942 3134 2771 5943 3128 2765 5944 3131 2768 5945 3130 2762 5946 3136 2772 5947 3132 2770 5948 3135 2773 5949 3136 2772 5950 3130 2762 5951 3137 2774 5952 3142 2775 5953 3139 2776 5954 3142 2775 5955 3141 2777 5956 3139 2776 5957 3149 2778 5958 3145 2779 5959 3143 2780 5960 3146 2781 5961 3149 2778 5962 3143 2780 5963 3144 2782 5964 3146 2781 5965 3143 2780 5966 3145 2779 5967 3147 2783 5968 3144 2782 5969 3148 2784 5970 3147 2783 5971 3145 2779 5972 3149 2778 5973 3148 2784 5974 3145 2779 5975 3151 2785 5976 3146 2781 5977 3144 2782 5978 3148 2784 5979 3152 2786 5980 3147 2783 5981 3151 2785 5982 3153 2787 5983 3146 2781 5984 3154 2788 5985 3148 2784 5986 3149 2778 5987 3155 2789 5988 3151 2785 5989 3152 2786 5990 3150 2790 5991 3160 2791 5992 3154 2788 5993 3161 2792 5994 3159 2793 5995 3160 2791 5996 3157 2794 5997 3164 2795 5998 3160 2791 5999 3165 2796 6000 3164 2795 6001 3157 2794 6002 3161 2792 6003 3166 2797 6004 3159 2793 6005 3165 2796 6006 3169 2798 6007 3164 2795 6008 3168 2799 6009 3163 2800 6010 3166 2797 6011 3167 2801 6012 3169 2798 6013 3165 2796 6014 3169 2798 6015 3168 2799 6016 3161 2792 6017 3181 2802 6018 3173 2803 6019 3170 2804 6020 3174 2805 6021 3176 2806 6022 3171 2807 6023 3178 2808 6024 3174 2805 6025 3177 2809 6026 3175 2810 6027 3179 2811 6028 3181 2802 6029 3180 2812 6030 3176 2806 6031 3174 2805 6032 3183 2813 6033 3179 2811 6034 3182 2814 6035 3184 2815 6036 3183 2813 6037 3182 2814 6038 3180 2812 6039 3184 2815 6040 3182 2814 6041 3181 2802 6042 3185 2816 6043 3178 2808 6044 3187 2817 6045 3190 2818 6046 3186 2819 6047 3186 2819 6048 3192 2820 6049 3189 2821 6050 3195 2822 6051 3200 2823 6052 3194 2824 6053 3202 2825 6054 3197 2826 6055 3198 2827 6056 3201 2828 6057 3203 2829 6058 3200 2823 6059 3199 2830 6060 3204 2831 6061 3202 2825 6062 3203 2829 6063 3205 2832 6064 3200 2823 6065 3206 2833 6066 3203 2829 6067 3201 2828 6068 3208 2834 6069 3205 2832 6070 3203 2829 6071 3206 2833 6072 3208 2834 6073 3203 2829 6074 3206 2833 6075 3212 2835 6076 3208 2834 6077 3210 2836 6078 3214 2837 6079 3209 2838 6080 3216 2839 6081 3213 2840 6082 3212 2835 6083 3218 2841 6084 3217 2842 6085 3214 2837 6086 3219 2843 6087 3214 2837 6088 3215 2844 6089 3213 2840 6090 3219 2843 6091 3215 2844 6092 3219 2843 6093 3221 2845 6094 3214 2837 6095 3222 2846 6096 3220 2847 6097 3218 2841 6098 3221 2845 6099 3223 2848 6100 3218 2841 6101 3223 2848 6102 3220 2847 6103 3222 2846 6104 3225 2849 6105 3224 2850 6106 3220 2847 6107 3226 2851 6108 3221 2845 6109 3224 2850 6110 3225 2849 6111 3226 2851 6112 3224 2850 6113 3231 2852 6114 3230 2853 6115 3228 2854 6116 3234 2855 6117 3233 2856 6118 3230 2853 6119 3232 2857 6120 3235 2858 6121 3231 2852 6122 3235 2858 6123 3234 2855 6124 3231 2852 6125 3235 2858 6126 3237 2859 6127 3234 2855 6128 3237 2859 6129 3240 2860 6130 3236 2861 6131 3238 2862 6132 3241 2863 6133 3237 2859 6134 3242 2864 6135 3240 2860 6136 3237 2859 6137 3244 2865 6138 3243 2866 6139 3240 2860 6140 3243 2866 6141 3245 2867 6142 3238 2862 6143 3246 2868 6144 3242 2864 6145 3241 2863 6146 3247 2869 6147 3245 2867 6148 3243 2866 6149 3244 2865 6150 3247 2869 6151 3243 2866 6152 3246 2868 6153 3248 2870 6154 3242 2864 6155 3252 2871 6156 3251 2872 6157 3249 2873 6158 3251 2872 6159 3253 2874 6160 3250 2875 6161 3254 2876 6162 3253 2874 6163 3251 2872 6164 3259 2877 6165 3256 2878 6166 3253 2874 6167 3257 2879 6168 3260 2880 6169 3254 2876 6170 3256 2878 6171 3261 2881 6172 3255 2882 6173 3262 2883 6174 3256 2878 6175 3259 2877 6176 3261 2881 6177 3263 2884 6178 3258 2885 6179 3258 2885 6180 3263 2884 6181 3257 2879 6182 3269 2886 6183 3266 2887 6184 3264 2888 6185 3270 2889 6186 3269 2886 6187 3264 2888 6188 3267 2890 6189 3270 2889 6190 3264 2888 6191 3268 2891 6192 3271 2892 6193 3265 2893 6194 3272 2894 6195 3267 2890 6196 3271 2892 6197 3269 2886 6198 3273 2895 6199 3266 2887 6200 3272 2894 6201 3274 2896 6202 3267 2890 6203 3273 2895 6204 3272 2894 6205 3268 2891 6206 3276 2897 6207 3278 2898 6208 3275 2899 6209 3279 2900 6210 3277 2901 6211 3275 2899 6212 3278 2898 6213 3279 2900 6214 3275 2899 6215 3281 2902 6216 3276 2897 6217 3277 2901 6218 3282 2903 6219 3280 2904 6220 3276 2897 6221 3284 2905 6222 3283 2906 6223 3279 2900 6224 3278 2898 6225 3284 2905 6226 3279 2900 6227 3282 2903 6228 3285 2907 6229 3280 2904 6230 3287 2908 6231 3285 2907 6232 3282 2903 6233 3289 2909 6234 3286 2910 6235 3285 2907 6236 3287 2908 6237 3289 2909 6238 3285 2907 6239 3291 2911 6240 3289 2909 6241 3287 2908 6242 3286 2910 6243 3292 2912 6244 3284 2905 6245 3289 2909 6246 3292 2912 6247 3286 2910 6248 3292 2912 6249 3294 2913 6250 3290 2914 6251 3293 2915 6252 3289 2909 6253 3291 2911 6254 3294 2913 6255 3291 2911 6256 3290 2914 6257 3293 2915 6258 3295 2916 6259 3292 2912 6260 3299 2917 6261 3295 2916 6262 3293 2915 6263 3299 2917 6264 3296 2918 6265 3295 2916 6266 3296 2918 6267 3302 2919 6268 3298 2920 6269 3301 2921 6270 3297 2922 6271 3298 2920 6272 3303 2923 6273 3296 2918 6274 3299 2917 6275 3300 2924 6276 3303 2923 6277 3299 2917 6278 3305 2925 6279 3307 2926 6280 3304 2927 6281 3307 2926 6282 3309 2928 6283 3304 2927 6284 3308 2929 6285 3310 2930 6286 3306 2931 6287 3309 2928 6288 3308 2929 6289 3304 2927 6290 3309 2928 6291 3313 2932 6292 3308 2929 6293 3314 2933 6294 3309 2928 6295 3307 2926 6296 3311 2934 6297 3315 2935 6298 3310 2930 6299 3313 2932 6300 3311 2934 6301 3312 2936 6302 3317 2937 6303 3319 2938 6304 3316 2939 6305 3319 2938 6306 3324 2940 6307 3316 2939 6308 3320 2941 6309 3322 2942 6310 3317 2937 6311 3323 2943 6312 3320 2941 6313 3318 2944 6314 3324 2940 6315 3321 2945 6316 3316 2939 6317 3325 2946 6318 3319 2938 6319 3322 2942 6320 3321 2945 6321 3326 2947 6322 3323 2943 6323 3326 2947 6324 3325 2946 6325 3320 2941 6326 3327 2948 6327 3326 2947 6328 3321 2945 6329 3331 2949 6330 3328 2950 6331 3329 2951 6332 3332 2952 6333 3331 2949 6334 3329 2951 6335 3330 2953 6336 3332 2952 6337 3329 2951 6338 3335 2954 6339 3330 2953 6340 3333 2955 6341 3331 2949 6342 3336 2956 6343 3328 2950 6344 3334 2957 6345 3336 2956 6346 3331 2949 6347 3341 2958 6348 3339 2959 6349 3337 2960 6350 3342 2961 6351 3341 2958 6352 3337 2960 6353 3344 2962 6354 3340 2963 6355 3339 2959 6356 3345 2964 6357 3350 2965 6358 3341 2958 6359 3348 2966 6360 3347 2967 6361 3340 2963 6362 3351 2968 6363 3346 2969 6364 3347 2967 6365 3348 2966 6366 3351 2968 6367 3347 2967 6368 3351 2968 6369 3352 2970 6370 3346 2969 6371 3350 2965 6372 3353 2971 6373 3349 2972 6374 3353 2971 6375 3351 2968 6376 3348 2966 6377 3356 2973 6378 3358 2974 6379 3355 2975 6380 3364 2976 6381 3366 2977 6382 3363 2978 6383 3371 2979 6384 3366 2977 6385 3364 2976 6386 3366 2977 6387 3373 2980 6388 3368 2981 6389 3374 2982 6390 3371 2979 6391 3367 2983 6392 3374 2982 6393 3376 2984 6394 3371 2979 6395 3379 2985 6396 3372 2986 6397 3373 2980 6398 3376 2984 6399 3377 2987 6400 3373 2980 6401 3379 2985 6402 3378 2988 6403 3372 2986 6404 3380 2989 6405 3376 2984 6406 3374 2982 6407 3385 2990 6408 3380 2989 6409 3378 2988 6410 3386 2991 6411 3381 2992 6412 3382 2993 6413 3383 2994 6414 3386 2991 6415 3382 2993 6416 3388 2995 6417 3380 2989 6418 3385 2990 6419 3387 2996 6420 3383 2994 6421 3384 2997 6422 3392 2998 6423 3394 2999 6424 3391 3000 6425 3396 3001 6426 3393 3002 6427 3391 3000 6428 3394 2999 6429 3396 3001 6430 3391 3000 6431 3395 3003 6432 3397 3004 6433 3392 2998 6434 3398 3005 6435 3395 3003 6436 3390 3006 6437 3393 3002 6438 3400 3007 6439 3398 3005 6440 3399 3008 6441 3394 2999 6442 3397 3004 6443 3400 3007 6444 3404 3009 6445 3395 3003 6446 3405 3010 6447 3404 3009 6448 3400 3007 6449 3406 3011 6450 3402 3012 6451 3403 3013 6452 3404 3009 6453 3406 3011 6454 3403 3013 6455 3408 3014 6456 3402 3012 6457 3406 3011 6458 3407 3015 6459 3409 3016 6460 3405 3010 6461 3405 3010 6462 3409 3016 6463 3404 3009 6464 3417 3017 6465 3410 3018 6466 3411 3019 6467 3415 3020 6468 3417 3017 6469 3411 3019 6470 3413 3021 6471 3415 3020 6472 3411 3019 6473 3414 3022 6474 3416 3023 6475 3412 3024 6476 3415 3020 6477 3418 3025 6478 3417 3017 6479 3419 3026 6480 3416 3023 6481 3414 3022 6482 3423 3027 6483 3419 3026 6484 3417 3017 6485 3420 3028 6486 3418 3025 6487 3415 3020 6488 3413 3021 6489 3420 3028 6490 3415 3020 6491 3419 3026 6492 3421 3029 6493 3416 3023 6494 3426 3030 6495 3427 3031 6496 3425 3032 6497 3429 3033 6498 3428 3034 6499 3424 3035 6500 3431 3036 6501 3427 3031 6502 3426 3030 6503 3430 3037 6504 3429 3033 6505 3424 3035 6506 3429 3033 6507 3431 3036 6508 3428 3034 6509 3439 3038 6510 3441 3039 6511 3438 3040 6512 3440 3041 6513 3442 3042 6514 3439 3038 6515 3443 3043 6516 3440 3041 6517 3438 3040 6518 3446 3044 6519 3448 3045 6520 3445 3046 6521 3449 3047 6522 3447 3048 6523 3445 3046 6524 3448 3045 6525 3449 3047 6526 3445 3046 6527 3451 3049 6528 3446 3044 6529 3444 3050 6530 3452 3051 6531 3450 3052 6532 3446 3044 6533 3449 3047 6534 3453 3053 6535 3447 3048 6536 3450 3052 6537 3454 3054 6538 3448 3045 6539 3455 3055 6540 3453 3053 6541 3449 3047 6542 3452 3051 6543 3458 3056 6544 3450 3052 6545 3455 3055 6546 3457 3057 6547 3453 3053 6548 3459 3058 6549 3458 3056 6550 3452 3051 6551 3459 3058 6552 3461 3059 6553 3460 3060 6554 3461 3059 6555 3464 3061 6556 3460 3060 6557 3456 3062 6558 3465 3063 6559 3459 3058 6560 3464 3061 6561 3468 3064 6562 3463 3065 6563 3466 3066 6564 3468 3064 6565 3464 3061 6566 3470 3067 6567 3472 3068 6568 3469 3069 6569 3472 3068 6570 3474 3070 6571 3469 3069 6572 3474 3070 6573 3471 3071 6574 3469 3069 6575 3471 3071 6576 3476 3072 6577 3473 3073 6578 3475 3074 6579 3477 3075 6580 3472 3068 6581 3475 3074 6582 3472 3068 6583 3470 3067 6584 3482 3076 6585 3480 3077 6586 3478 3078 6587 3479 3079 6588 3482 3076 6589 3478 3078 6590 3481 3080 6591 3483 3081 6592 3479 3079 6593 3487 3082 6594 3481 3080 6595 3480 3077 6596 3493 3083 6597 3489 3084 6598 3485 3085 6599 3494 3086 6600 3491 3087 6601 3492 3088 6602 3495 3089 6603 3494 3086 6604 3492 3088 6605 3493 3083 6606 3496 3090 6607 3489 3084 6608 3497 3091 6609 3490 3092 6610 3491 3087 6611 3503 3093 6612 3498 3094 6613 3497 3091 6614 3494 3086 6615 3500 3095 6616 3497 3091 6617 3501 3096 6618 3500 3095 6619 3494 3086 6620 3502 3097 6621 3499 3098 6622 3498 3094 6623 3500 3095 6624 3504 3099 6625 3503 3093 6626 3506 3100 6627 3502 3097 6628 3503 3093 6629 3501 3096 6630 3507 3101 6631 3500 3095 6632 3505 3102 6633 3507 3101 6634 3501 3096 6635 3507 3101 6636 3506 3100 6637 3504 3099 6638 3510 3103 6639 3512 3104 6640 3509 3105 6641 3515 3106 6642 3509 3105 6643 3512 3104 6644 3514 3107 6645 3516 3108 6646 3513 3109 6647 3518 3110 6648 3515 3106 6649 3512 3104 6650 3520 3111 6651 3519 3112 6652 3514 3107 6653 3521 3113 6654 3520 3111 6655 3517 3114 6656 3523 3115 6657 3522 3116 6658 3519 3112 6659 3524 3117 6660 3526 3118 6661 3523 3115 6662 3532 3119 6663 3527 3120 6664 3528 3121 6665 3532 3119 6666 3531 3122 6667 3527 3120 6668 3533 3123 6669 3532 3119 6670 3528 3121 6671 3530 3124 6672 3533 3123 6673 3528 3121 6674 3531 3122 6675 3530 3124 6676 3529 3125 6677 3531 3122 6678 3536 3126 6679 3530 3124 6680 3534 3127 6681 3537 3128 6682 3531 3122 6683 3538 3129 6684 3537 3128 6685 3534 3127 6686 3535 3130 6687 3538 3129 6688 3534 3127 6689 3540 3131 6690 3537 3128 6691 3538 3129 6692 3539 3132 6693 3542 3133 6694 3535 3130 6695 3541 3134 6696 3542 3133 6697 3539 3132 6698 3544 3135 6699 3546 3136 6700 3543 3137 6701 3546 3136 6702 3549 3138 6703 3543 3137 6704 3547 3139 6705 3546 3136 6706 3544 3135 6707 3548 3140 6708 3547 3139 6709 3545 3141 6710 3549 3138 6711 3548 3140 6712 3543 3137 6713 3551 3142 6714 3550 3143 6715 3547 3139 6716 3552 3144 6717 3551 3142 6718 3548 3140 6719 3558 3145 6720 3554 3146 6721 3555 3147 6722 3566 3148 6723 3569 3149 6724 3568 3150 6725 3569 3149 6726 3571 3151 6727 3568 3150 6728 3572 3152 6729 3569 3149 6730 3566 3148 6731 3573 3153 6732 3571 3151 6733 3569 3149 6734 3574 3154 6735 3576 3155 6736 3570 3156 6737 3575 3157 6738 3573 3153 6739 3572 3152 6740 3575 3157 6741 3577 3158 6742 3574 3154 6743 3577 3158 6744 3576 3155 6745 3574 3154 6746 3575 3157 6747 3579 3159 6748 3577 3158 6749 3582 3160 6750 3581 3161 6751 3580 3162 6752 3583 3163 6753 3584 3164 6754 3582 3160 6755 3589 3165 6756 3590 3166 6757 3588 3167 6758 3592 3168 6759 3589 3165 6760 3587 3169 6761 3593 3170 6762 3592 3168 6763 3587 3169 6764 3593 3170 6765 3587 3169 6766 3588 3167 6767 3590 3166 6768 3593 3170 6769 3588 3167 6770 3593 3170 6771 3597 3171 6772 3592 3168 6773 3596 3172 6774 3590 3166 6775 3591 3173 6776 3595 3174 6777 3597 3171 6778 3593 3170 6779 3597 3171 6780 3596 3172 6781 3594 3175 6782 3599 3176 6783 3601 3177 6784 3598 3178 6785 3601 3177 6786 3606 3179 6787 3598 3178 6788 3602 3180 6789 3604 3181 6790 3599 3176 6791 3605 3182 6792 3602 3180 6793 3600 3183 6794 3606 3179 6795 3603 3184 6796 3598 3178 6797 3603 3184 6798 3608 3185 6799 3605 3182 6800 3607 3186 6801 3609 3187 6802 3601 3177 6803 3607 3186 6804 3601 3177 6805 3604 3181 6806 3615 3188 6807 3613 3189 6808 3610 3190 6809 3616 3191 6810 3615 3188 6811 3610 3190 6812 3611 3192 6813 3616 3191 6814 3610 3190 6815 3614 3193 6816 3617 3194 6817 3612 3195 6818 3618 3196 6819 3616 3191 6820 3611 3192 6821 3615 3188 6822 3619 3197 6823 3613 3189 6824 3621 3198 6825 3618 3196 6826 3617 3194 6827 3620 3199 6828 3622 3200 6829 3615 3188 6830 3622 3200 6831 3619 3197 6832 3615 3188 6833 3623 3201 6834 3622 3200 6835 3620 3199 6836 3618 3196 6837 3623 3201 6838 3620 3199 6839 3621 3198 6840 3623 3201 6841 3618 3196 6842 3622 3200 6843 3624 3202 6844 3619 3197 6845 3625 3203 6846 3623 3201 6847 3621 3198 6848 3624 3202 6849 3625 3203 6850 3621 3198 6851 3627 3204 6852 3626 3205 6853 3625 3203 6854 3631 3206 6855 3629 3207 6856 3626 3205 6857 3630 3208 6858 3631 3206 6859 3626 3205 6860 3631 3206 6861 3628 3209 6862 3629 3207 6863 3627 3204 6864 3633 3210 6865 3630 3208 6866 3635 3211 6867 3628 3209 6868 3631 3206 6869 3633 3210 6870 3635 3211 6871 3631 3206 6872 3634 3212 6873 3633 3210 6874 3627 3204 6875 3637 3213 6876 3639 3214 6877 3636 3215 6878 3639 3214 6879 3644 3216 6880 3636 3215 6881 3640 3217 6882 3642 3218 6883 3637 3213 6884 3643 3219 6885 3640 3217 6886 3638 3220 6887 3644 3216 6888 3641 3221 6889 3636 3215 6890 3641 3221 6891 3646 3222 6892 3643 3219 6893 3645 3223 6894 3647 3224 6895 3639 3214 6896 3645 3223 6897 3639 3214 6898 3642 3218 6899 3653 3225 6900 3649 3226 6901 3650 3227 6902 3655 3228 6903 3651 3229 6904 3648 3230 6905 0 2 6906 6 1 6907 5 7 6908 2 3231 6909 7 8 6910 1 0 6911 3 4 6912 7 8 6913 2 3231 6914 5 7 6915 8 3 6916 4 5 6917 1 0 6918 9 9 6919 6 1 6920 8 3 6921 10 10 6922 3 4 6923 9 9 6924 12 2594 6925 6 1 6926 7 8 6927 14 3232 6928 13 2595 6929 8 3 6930 14 3232 6931 10 10 6932 8 3 6933 16 11 6934 15 3233 6935 16 11 6936 17 13 6937 22 3234 6938 12 2594 6939 17 13 6940 6 1 6941 12 2594 6942 19 3235 6943 18 14 6944 19 3235 6945 14 3232 6946 20 17 6947 14 3232 6948 21 15 6949 20 17 6950 21 15 6951 16 11 6952 22 3234 6953 18 14 6954 24 25 6955 23 12 6956 17 13 6957 26 19 6958 22 3234 6959 19 3235 6960 25 16 6961 24 25 6962 36 31 6963 33 24 6964 37 3236 6965 22 3234 6966 26 19 6967 21 15 6968 23 12 6969 27 18 6970 17 13 6971 21 15 6972 28 20 6973 25 16 6974 27 18 6975 29 28 6976 26 19 6977 26 19 6978 29 28 6979 28 20 6980 27 18 6981 30 3237 6982 29 28 6983 23 12 6984 30 3237 6985 27 18 6986 28 20 6987 31 21 6988 25 16 6989 29 28 6990 31 21 6991 28 20 6992 25 16 6993 32 22 6994 24 25 6995 23 12 6996 33 24 6997 30 3237 6998 24 25 6999 33 24 7000 23 12 7001 31 21 7002 35 27 7003 32 22 7004 29 28 7005 35 27 7006 31 21 7007 30 3237 7008 36 31 7009 29 28 7010 37 3236 7011 40 30 7012 36 31 7013 34 23 7014 37 3236 7015 33 24 7016 36 31 7017 38 26 7018 29 28 7019 37 3236 7020 42 32 7021 41 37 7022 43 33 7023 48 38 7024 45 3238 7025 35 27 7026 43 33 7027 39 29 7028 40 30 7029 44 34 7030 38 26 7031 39 29 7032 45 3238 7033 42 32 7034 43 33 7035 45 3238 7036 39 29 7037 40 30 7038 46 36 7039 44 34 7040 41 37 7041 46 36 7042 40 30 7043 45 3238 7044 48 38 7045 42 32 7046 51 40 7047 54 48 7048 55 3239 7049 44 34 7050 49 42 7051 43 33 7052 42 32 7053 50 39 7054 47 35 7055 44 34 7056 51 40 7057 49 42 7058 48 38 7059 53 43 7060 50 39 7061 55 3239 7062 59 47 7063 62 3240 7064 52 41 7065 54 48 7066 46 36 7067 51 40 7068 55 3239 7069 49 42 7070 55 3239 7071 56 44 7072 49 42 7073 52 41 7074 58 46 7075 54 48 7076 56 44 7077 60 3241 7078 53 43 7079 53 43 7080 60 3241 7081 57 45 7082 56 44 7083 62 3240 7084 61 3242 7085 64 53 7086 72 3243 7087 71 52 7088 64 53 7089 69 49 7090 63 51 7091 67 3244 7092 70 54 7093 66 56 7094 68 50 7095 70 54 7096 67 3244 7097 69 49 7098 74 57 7099 68 50 7100 72 3243 7101 66 56 7102 73 55 7103 75 63 7104 73 55 7105 76 60 7106 69 49 7107 77 58 7108 74 57 7109 72 3243 7110 75 63 7111 71 52 7112 76 60 7113 83 69 7114 82 68 7115 70 54 7116 76 60 7117 73 55 7118 71 52 7119 78 61 7120 69 49 7121 75 63 7122 78 61 7123 71 52 7124 69 49 7125 80 62 7126 77 58 7127 78 61 7128 81 64 7129 80 62 7130 76 60 7131 82 68 7132 75 63 7133 77 58 7134 83 69 7135 79 59 7136 87 70 7137 93 76 7138 92 3245 7139 82 68 7140 85 66 7141 75 63 7142 80 62 7143 89 72 7144 84 65 7145 82 68 7146 88 71 7147 85 66 7148 89 72 7149 91 74 7150 86 67 7151 87 70 7152 92 3245 7153 90 73 7154 97 3246 7155 90 73 7156 94 3247 7157 88 71 7158 93 76 7159 85 66 7160 95 75 7161 91 74 7162 96 3248 7163 92 3245 7164 94 3247 7165 90 73 7166 91 74 7167 97 3246 7168 96 3248 7169 97 3246 7170 98 79 7171 103 78 7172 98 79 7173 92 3245 7174 99 80 7175 92 3245 7176 100 3249 7177 99 80 7178 95 75 7179 100 3249 7180 93 76 7181 96 3248 7182 101 3250 7183 95 75 7184 96 3248 7185 103 78 7186 102 3251 7187 104 77 7188 110 3252 7189 103 78 7190 104 77 7191 106 3253 7192 105 3254 7193 106 3253 7194 100 3249 7195 107 3255 7196 107 3255 7197 101 3250 7198 108 3256 7199 101 3250 7200 109 3257 7201 108 3256 7202 103 78 7203 109 3257 7204 102 3251 7205 110 3252 7206 111 88 7207 116 86 7208 105 3254 7209 112 83 7210 111 88 7211 107 3255 7212 112 83 7213 106 3253 7214 107 3255 7215 114 3258 7216 113 81 7217 114 3258 7218 109 3257 7219 115 85 7220 115 85 7221 110 3252 7222 116 86 7223 114 3258 7224 119 3259 7225 113 81 7226 111 88 7227 118 84 7228 116 86 7229 112 83 7230 117 82 7231 111 88 7232 113 81 7233 119 3259 7234 117 82 7235 123 3260 7236 134 93 7237 128 94 7238 115 85 7239 120 3261 7240 114 3258 7241 117 82 7242 121 87 7243 111 88 7244 115 85 7245 122 89 7246 120 3261 7247 127 3262 7248 129 90 7249 126 92 7250 128 94 7251 129 90 7252 127 3262 7253 123 3260 7254 131 95 7255 130 97 7256 131 95 7257 125 3263 7258 132 99 7259 125 3263 7260 133 91 7261 132 99 7262 130 97 7263 138 104 7264 134 93 7265 133 91 7266 137 105 7267 136 100 7268 133 91 7269 136 100 7270 132 99 7271 129 90 7272 138 104 7273 137 105 7274 148 107 7275 151 115 7276 153 116 7277 139 98 7278 140 101 7279 131 95 7280 139 98 7281 141 3264 7282 140 101 7283 136 100 7284 141 3264 7285 139 98 7286 135 96 7287 142 102 7288 138 104 7289 140 101 7290 142 102 7291 135 96 7292 140 101 7293 143 113 7294 142 102 7295 141 3264 7296 143 113 7297 140 101 7298 141 3264 7299 144 111 7300 143 113 7301 136 100 7302 144 111 7303 141 3264 7304 138 104 7305 145 103 7306 137 105 7307 136 100 7308 146 106 7309 144 111 7310 137 105 7311 147 108 7312 146 106 7313 145 103 7314 147 108 7315 137 105 7316 142 102 7317 148 107 7318 145 103 7319 149 109 7320 150 110 7321 146 106 7322 150 110 7323 156 117 7324 155 119 7325 143 113 7326 151 115 7327 142 102 7328 148 107 7329 153 116 7330 149 109 7331 152 112 7332 154 114 7333 143 113 7334 150 110 7335 155 119 7336 152 112 7337 153 116 7338 158 122 7339 160 3265 7340 162 3266 7341 173 3267 7342 167 3268 7343 154 114 7344 158 122 7345 151 115 7346 155 119 7347 159 120 7348 152 112 7349 153 116 7350 160 3265 7351 157 118 7352 165 3269 7353 168 123 7354 164 125 7355 166 127 7356 168 123 7357 165 3269 7358 162 3266 7359 170 130 7360 169 129 7361 163 3270 7362 171 124 7363 170 130 7364 167 3268 7365 172 126 7366 166 127 7367 170 130 7368 175 131 7369 174 128 7370 169 129 7371 178 3271 7372 173 3267 7373 171 124 7374 176 3272 7375 175 131 7376 176 3272 7377 172 126 7378 177 140 7379 173 3267 7380 177 140 7381 172 126 7382 179 3273 7383 182 133 7384 181 138 7385 169 129 7386 179 3273 7387 178 3271 7388 174 128 7389 179 3273 7390 169 129 7391 176 3272 7392 180 3274 7393 175 131 7394 177 140 7395 180 3274 7396 176 3272 7397 179 3273 7398 181 138 7399 178 3271 7400 186 135 7401 190 3275 7402 189 142 7403 175 131 7404 182 133 7405 174 128 7406 181 138 7407 183 137 7408 178 3271 7409 178 3271 7410 183 137 7411 177 140 7412 182 133 7413 184 132 7414 181 138 7415 180 3274 7416 185 134 7417 175 131 7418 177 140 7419 185 134 7420 180 3274 7421 175 131 7422 186 135 7423 184 132 7424 183 137 7425 188 139 7426 177 140 7427 186 135 7428 189 142 7429 184 132 7430 191 141 7431 193 144 7432 194 145 7433 188 139 7434 190 3275 7435 185 134 7436 187 136 7437 191 141 7438 183 137 7439 184 132 7440 192 143 7441 187 136 7442 190 3275 7443 196 3276 7444 195 3277 7445 190 3275 7446 195 3277 7447 189 142 7448 198 3278 7449 209 153 7450 203 3279 7451 194 145 7452 196 3276 7453 188 139 7454 195 3277 7455 197 146 7456 189 142 7457 201 3280 7458 204 147 7459 200 149 7460 202 151 7461 204 147 7462 201 3280 7463 205 155 7464 199 3281 7465 206 3282 7466 199 3281 7467 207 148 7468 206 3282 7469 202 151 7470 209 153 7471 208 150 7472 204 147 7473 213 157 7474 212 159 7475 205 155 7476 210 152 7477 209 153 7478 206 3282 7479 211 154 7480 205 155 7481 204 147 7482 212 159 7483 207 148 7484 206 3282 7485 215 3283 7486 214 161 7487 210 152 7488 213 157 7489 208 150 7490 206 3282 7491 214 161 7492 211 154 7493 223 165 7494 232 3284 7495 231 3285 7496 212 159 7497 215 3283 7498 207 148 7499 210 152 7500 216 156 7501 213 157 7502 215 3283 7503 217 162 7504 214 161 7505 212 159 7506 217 162 7507 215 3283 7508 212 159 7509 218 158 7510 217 162 7511 213 157 7512 220 167 7513 218 158 7514 216 156 7515 220 167 7516 213 157 7517 211 154 7518 221 163 7519 216 156 7520 220 167 7521 222 164 7522 218 158 7523 221 163 7524 224 166 7525 216 156 7526 220 167 7527 225 168 7528 222 164 7529 222 164 7530 227 172 7531 226 169 7532 225 168 7533 227 172 7534 222 164 7535 224 166 7536 228 170 7537 225 168 7538 221 163 7539 229 3286 7540 228 170 7541 223 165 7542 229 3286 7543 221 163 7544 228 170 7545 230 171 7546 225 168 7547 223 165 7548 231 3285 7549 229 3286 7550 227 172 7551 232 3284 7552 226 169 7553 242 181 7554 245 184 7555 243 180 7556 230 171 7557 233 3287 7558 227 172 7559 235 3288 7560 240 176 7561 234 177 7562 238 178 7563 240 176 7564 235 3288 7565 236 174 7566 238 178 7567 235 3288 7568 238 178 7569 241 179 7570 240 176 7571 239 173 7572 242 181 7573 238 178 7574 241 179 7575 242 181 7576 239 173 7577 244 182 7578 242 181 7579 241 179 7580 244 182 7581 245 184 7582 248 183 7583 267 204 7584 263 201 7585 265 206 7586 242 181 7587 248 183 7588 246 187 7589 246 187 7590 247 185 7591 245 184 7592 247 185 7593 249 189 7594 248 183 7595 248 183 7596 249 189 7597 250 186 7598 247 185 7599 250 186 7600 252 188 7601 249 189 7602 251 192 7603 250 186 7604 251 192 7605 253 190 7606 250 186 7607 249 189 7608 252 188 7609 251 192 7610 250 186 7611 253 190 7612 252 188 7613 252 188 7614 255 193 7615 251 192 7616 254 191 7617 255 193 7618 252 188 7619 256 200 7620 259 197 7621 258 194 7622 258 194 7623 260 198 7624 262 195 7625 261 199 7626 263 201 7627 259 197 7628 259 197 7629 264 202 7630 260 198 7631 259 197 7632 267 204 7633 264 202 7634 263 201 7635 266 203 7636 265 206 7637 293 231 7638 295 229 7639 294 228 7640 266 203 7641 268 3289 7642 265 206 7643 268 3289 7644 270 205 7645 265 206 7646 267 204 7647 269 3290 7648 266 203 7649 266 203 7650 269 3290 7651 268 3289 7652 267 204 7653 270 205 7654 269 3290 7655 268 3289 7656 271 3291 7657 270 205 7658 269 3290 7659 271 3291 7660 268 3289 7661 273 212 7662 275 210 7663 272 209 7664 274 208 7665 276 207 7666 273 212 7667 273 212 7668 277 211 7669 275 210 7670 276 207 7671 279 214 7672 277 211 7673 275 210 7674 279 214 7675 278 213 7676 278 213 7677 280 215 7678 276 207 7679 280 215 7680 282 216 7681 276 207 7682 286 218 7683 288 223 7684 283 219 7685 284 220 7686 287 222 7687 286 218 7688 285 221 7689 288 223 7690 287 222 7691 288 223 7692 286 218 7693 291 225 7694 287 222 7695 291 225 7696 289 224 7697 290 226 7698 292 227 7699 286 218 7700 289 224 7701 291 225 7702 290 226 7703 292 227 7704 293 231 7705 291 225 7706 293 231 7707 294 228 7708 291 225 7709 292 227 7710 290 226 7711 293 231 7712 290 226 7713 295 229 7714 296 230 7715 300 235 7716 299 233 7717 302 3292 7718 296 230 7719 298 234 7720 293 231 7721 298 234 7722 297 232 7723 295 229 7724 297 232 7725 299 233 7726 296 230 7727 300 235 7728 301 236 7729 297 232 7730 310 237 7731 312 246 7732 306 241 7733 299 233 7734 301 236 7735 302 3292 7736 305 238 7737 307 244 7738 304 240 7739 307 244 7740 306 241 7741 304 240 7742 310 237 7743 306 241 7744 307 244 7745 311 245 7746 315 250 7747 314 249 7748 315 250 7749 312 246 7750 316 251 7751 312 246 7752 314 249 7753 316 251 7754 326 263 7755 325 256 7756 327 261 7757 317 248 7758 318 252 7759 314 249 7760 316 251 7761 319 3293 7762 317 248 7763 318 252 7764 319 3293 7765 316 251 7766 318 252 7767 321 254 7768 319 3293 7769 317 248 7770 320 253 7771 318 252 7772 319 3293 7773 320 253 7774 317 248 7775 322 257 7776 326 263 7777 324 259 7778 326 263 7779 328 258 7780 324 259 7781 371 297 7782 375 305 7783 372 299 7784 323 255 7785 328 258 7786 325 256 7787 325 256 7788 328 258 7789 327 261 7790 327 261 7791 329 260 7792 330 262 7793 330 262 7794 332 265 7795 331 264 7796 329 260 7797 335 268 7798 332 265 7799 331 264 7800 333 267 7801 329 260 7802 329 260 7803 333 267 7804 335 268 7805 336 273 7806 339 270 7807 338 269 7808 336 273 7809 341 3294 7810 339 270 7811 336 273 7812 342 275 7813 341 3294 7814 340 272 7815 342 275 7816 336 273 7817 339 270 7818 341 3294 7819 340 272 7820 341 3294 7821 343 277 7822 340 272 7823 342 275 7824 343 277 7825 341 3294 7826 343 277 7827 344 274 7828 340 272 7829 344 274 7830 345 279 7831 342 275 7832 342 275 7833 345 279 7834 347 276 7835 347 276 7836 346 278 7837 344 274 7838 351 281 7839 352 3295 7840 348 3296 7841 349 3297 7842 351 281 7843 348 3296 7844 348 3296 7845 352 3295 7846 350 282 7847 350 282 7848 351 281 7849 349 3297 7850 350 282 7851 352 3295 7852 353 280 7853 352 3295 7854 354 284 7855 353 280 7856 351 281 7857 354 284 7858 352 3295 7859 353 280 7860 355 283 7861 351 281 7862 356 285 7863 357 286 7864 353 280 7865 355 283 7866 356 285 7867 354 284 7868 353 280 7869 357 286 7870 355 283 7871 355 283 7872 358 287 7873 356 285 7874 360 289 7875 359 288 7876 357 286 7877 356 285 7878 361 290 7879 360 289 7880 358 287 7881 359 288 7882 361 290 7883 360 289 7884 363 3298 7885 362 291 7886 364 292 7887 363 3298 7888 360 289 7889 362 291 7890 364 292 7891 361 290 7892 363 3298 7893 366 294 7894 362 291 7895 364 292 7896 366 294 7897 363 3298 7898 362 291 7899 366 294 7900 365 295 7901 365 295 7902 367 293 7903 364 292 7904 369 301 7905 373 300 7906 368 296 7907 370 298 7908 372 299 7909 369 301 7910 368 296 7911 373 300 7912 371 297 7913 374 302 7914 376 303 7915 373 300 7916 372 299 7917 375 305 7918 374 302 7919 392 321 7920 385 310 7921 393 323 7922 374 302 7923 377 3299 7924 376 303 7925 378 304 7926 377 3299 7927 374 302 7928 382 3300 7929 385 310 7930 381 312 7931 383 314 7932 385 310 7933 382 3300 7934 381 312 7935 387 311 7936 380 309 7937 384 307 7938 388 313 7939 383 314 7940 384 307 7941 389 315 7942 388 313 7943 387 311 7944 390 316 7945 380 309 7946 390 316 7947 391 317 7948 386 306 7949 387 311 7950 392 321 7951 390 316 7952 393 323 7953 388 313 7954 394 319 7955 452 373 7956 456 379 7957 455 377 7958 389 315 7959 394 319 7960 388 313 7961 391 317 7962 396 3301 7963 395 318 7964 390 316 7965 396 3301 7966 391 317 7967 393 323 7968 397 320 7969 392 321 7970 397 320 7971 396 3301 7972 390 316 7973 399 326 7974 403 325 7975 400 3302 7976 400 3302 7977 402 329 7978 401 324 7979 403 325 7980 402 329 7981 400 3302 7982 402 329 7983 404 327 7984 401 324 7985 402 329 7986 405 333 7987 404 327 7988 407 328 7989 405 333 7990 402 329 7991 405 333 7992 406 330 7993 404 327 7994 406 330 7995 408 331 7996 407 328 7997 407 328 7998 409 332 7999 405 333 8000 411 338 8001 414 337 8002 410 336 8003 412 335 8004 415 341 8005 414 337 8006 413 334 8007 415 341 8008 412 335 8009 417 339 8010 416 343 8011 413 334 8012 418 340 8013 417 339 8014 414 337 8015 413 334 8016 416 343 8017 418 340 8018 417 339 8019 420 344 8020 419 342 8021 418 340 8022 421 346 8023 420 344 8024 419 342 8025 421 346 8026 418 340 8027 420 344 8028 423 347 8029 422 345 8030 421 346 8031 424 349 8032 423 347 8033 422 345 8034 424 349 8035 421 346 8036 423 347 8037 426 350 8038 425 348 8039 424 349 8040 427 352 8041 426 350 8042 425 348 8043 427 352 8044 424 349 8045 428 351 8046 430 354 8047 425 348 8048 426 350 8049 429 353 8050 428 351 8051 430 354 8052 429 353 8053 427 352 8054 428 351 8055 431 357 8056 433 355 8057 432 356 8058 431 357 8059 428 351 8060 430 354 8061 433 355 8062 432 356 8063 431 357 8064 434 360 8065 436 358 8066 435 359 8067 434 360 8068 431 357 8069 433 355 8070 436 358 8071 435 359 8072 434 360 8073 437 363 8074 439 361 8075 438 362 8076 437 363 8077 434 360 8078 436 358 8079 439 361 8080 438 362 8081 437 363 8082 438 362 8083 441 364 8084 439 361 8085 441 364 8086 440 365 8087 443 368 8088 445 369 8089 442 372 8090 442 372 8091 447 371 8092 444 366 8093 445 369 8094 448 370 8095 442 372 8096 444 366 8097 447 371 8098 446 367 8099 448 370 8100 446 367 8101 447 371 8102 450 3303 8103 453 376 8104 449 375 8105 451 374 8106 454 378 8107 450 3303 8108 452 373 8109 454 378 8110 451 374 8111 450 3303 8112 454 378 8113 453 376 8114 548 463 8115 547 3304 8116 549 464 8117 457 3305 8118 456 379 8119 454 378 8120 454 378 8121 455 377 8122 457 3305 8123 457 3305 8124 458 382 8125 456 379 8126 457 3305 8127 455 377 8128 458 382 8129 455 377 8130 460 381 8131 458 382 8132 462 387 8133 464 386 8134 461 385 8135 461 385 8136 466 3306 8137 465 383 8138 464 386 8139 466 3306 8140 461 385 8141 467 391 8142 470 388 8143 469 390 8144 469 390 8145 471 389 8146 468 392 8147 471 389 8148 472 3307 8149 467 391 8150 467 391 8151 472 3307 8152 470 388 8153 474 398 8154 476 396 8155 473 395 8156 475 394 8157 478 397 8158 474 398 8159 476 396 8160 481 401 8161 477 393 8162 477 393 8163 481 401 8164 480 400 8165 486 406 8166 483 402 8167 484 405 8168 486 406 8169 487 3308 8170 483 402 8171 483 402 8172 487 3308 8173 485 403 8174 489 411 8175 493 410 8176 488 409 8177 490 408 8178 492 413 8179 493 410 8180 491 407 8181 492 413 8182 490 408 8183 494 412 8184 496 415 8185 491 407 8186 493 410 8187 495 414 8188 494 412 8189 492 413 8190 496 415 8191 495 414 8192 494 412 8193 497 3309 8194 499 416 8195 498 417 8196 497 3309 8197 494 412 8198 499 416 8199 498 417 8200 495 414 8201 497 3309 8202 500 419 8203 499 416 8204 498 417 8205 500 419 8206 497 3309 8207 499 416 8208 500 419 8209 502 420 8210 502 420 8211 501 418 8212 498 417 8213 506 422 8214 508 426 8215 503 423 8216 507 424 8217 506 422 8218 504 421 8219 505 425 8220 508 426 8221 507 424 8222 513 430 8223 512 428 8224 509 427 8225 510 431 8226 514 432 8227 513 430 8228 511 429 8229 512 428 8230 514 432 8231 515 433 8232 519 436 8233 518 434 8234 520 438 8235 519 436 8236 516 437 8237 518 434 8238 520 438 8239 517 435 8240 524 439 8241 526 3310 8242 523 440 8243 522 442 8244 525 443 8245 524 439 8246 523 440 8247 526 3310 8248 525 443 8249 528 445 8250 532 448 8251 527 449 8252 527 449 8253 530 444 8254 529 446 8255 534 453 8256 537 454 8257 536 451 8258 538 3311 8259 537 454 8260 535 452 8261 535 452 8262 536 451 8263 538 3311 8264 540 460 8265 545 459 8266 539 457 8267 542 3312 8268 547 3304 8269 541 458 8270 543 456 8271 547 3304 8272 542 3312 8273 544 455 8274 550 3313 8275 543 456 8276 541 458 8277 548 463 8278 545 459 8279 547 3304 8280 550 3313 8281 549 464 8282 555 467 8283 544 455 8284 551 3314 8285 551 3314 8286 546 461 8287 552 3315 8288 545 459 8289 552 3315 8290 546 461 8291 549 464 8292 555 467 8293 554 462 8294 548 463 8295 553 470 8296 545 459 8297 570 479 8298 572 481 8299 568 477 8300 548 463 8301 556 465 8302 553 470 8303 551 3314 8304 557 466 8305 555 467 8306 552 3315 8307 558 469 8308 551 3314 8309 553 470 8310 558 469 8311 552 3315 8312 551 3314 8313 559 3316 8314 557 466 8315 558 469 8316 559 3316 8317 551 3314 8318 554 462 8319 561 471 8320 556 465 8321 559 3316 8322 562 472 8323 557 466 8324 556 465 8325 563 473 8326 560 468 8327 561 471 8328 564 474 8329 556 465 8330 562 472 8331 565 475 8332 561 471 8333 558 469 8334 566 476 8335 559 3316 8336 559 3316 8337 567 3317 8338 562 472 8339 566 476 8340 567 3317 8341 559 3316 8342 567 3317 8343 569 478 8344 562 472 8345 563 473 8346 568 477 8347 566 476 8348 564 474 8349 570 479 8350 568 477 8351 565 475 8352 570 479 8353 564 474 8354 566 476 8355 571 483 8356 567 3317 8357 568 477 8358 571 483 8359 566 476 8360 567 3317 8361 574 482 8362 569 478 8363 571 483 8364 574 482 8365 567 3317 8366 575 484 8367 584 3318 8368 583 3319 8369 569 478 8370 574 482 8371 573 480 8372 579 491 8373 581 487 8374 578 489 8375 580 486 8376 582 485 8377 579 491 8378 575 484 8379 583 3319 8380 582 485 8381 577 488 8382 584 3318 8383 576 3320 8384 582 485 8385 589 500 8386 591 503 8387 581 487 8388 585 493 8389 577 488 8390 584 3318 8391 587 495 8392 583 3319 8393 585 493 8394 587 495 8395 584 3318 8396 585 493 8397 588 492 8398 587 495 8399 586 490 8400 591 503 8401 590 496 8402 587 495 8403 589 500 8404 583 3319 8405 586 490 8406 590 496 8407 581 487 8408 581 487 8409 592 494 8410 588 492 8411 591 503 8412 595 499 8413 597 502 8414 587 495 8415 594 498 8416 589 500 8417 593 497 8418 600 3321 8419 599 506 8420 592 494 8421 596 501 8422 594 498 8423 594 498 8424 598 504 8425 595 499 8426 593 497 8427 599 506 8428 596 501 8429 605 511 8430 595 499 8431 602 513 8432 597 502 8433 600 3321 8434 590 496 8435 603 507 8436 600 3321 8437 604 510 8438 598 504 8439 602 513 8440 595 499 8441 600 3321 8442 605 511 8443 604 510 8444 598 504 8445 607 508 8446 606 3322 8447 602 513 8448 608 509 8449 605 511 8450 598 504 8451 606 3322 8452 602 513 8453 603 507 8454 611 516 8455 610 518 8456 606 3322 8457 609 512 8458 602 513 8459 603 507 8460 610 518 8461 607 508 8462 615 514 8463 609 512 8464 612 3323 8465 608 509 8466 611 516 8467 604 510 8468 609 512 8469 613 522 8470 612 3323 8471 606 3322 8472 614 520 8473 613 522 8474 615 514 8475 617 524 8476 619 519 8477 610 518 8478 614 520 8479 607 508 8480 608 509 8481 615 514 8482 611 516 8483 611 516 8484 616 515 8485 610 518 8486 621 528 8487 618 517 8488 622 530 8489 613 522 8490 617 524 8491 612 3323 8492 610 518 8493 618 517 8494 614 520 8495 613 522 8496 620 521 8497 617 524 8498 614 520 8499 621 528 8500 620 521 8501 618 517 8502 623 526 8503 622 530 8504 619 519 8505 624 523 8506 625 525 8507 619 519 8508 623 526 8509 616 515 8510 620 521 8511 627 535 8512 624 523 8513 622 530 8514 626 527 8515 621 528 8516 624 523 8517 627 535 8518 625 525 8519 632 534 8520 635 537 8521 634 536 8522 626 527 8523 628 533 8524 620 521 8525 623 526 8526 630 531 8527 629 529 8528 629 529 8529 631 532 8530 626 527 8531 630 531 8532 631 532 8533 629 529 8534 630 531 8535 633 538 8536 631 532 8537 646 547 8538 641 543 8539 647 545 8540 634 536 8541 633 538 8542 630 531 8543 637 541 8544 642 540 8545 636 544 8546 639 3324 8547 643 548 8548 638 539 8549 640 549 8550 643 548 8551 639 3324 8552 643 548 8553 645 546 8554 638 539 8555 647 545 8556 648 3325 8557 652 3326 8558 642 540 8559 648 3325 8560 644 542 8561 650 554 8562 646 547 8563 651 3327 8564 645 546 8565 649 552 8566 642 540 8567 643 548 8568 650 554 8569 645 546 8570 651 3327 8571 647 545 8572 652 3326 8573 658 561 8574 648 3325 8575 654 559 8576 645 546 8577 653 550 8578 649 552 8579 650 554 8580 653 550 8581 645 546 8582 648 3325 8583 655 551 8584 654 559 8585 650 554 8586 657 558 8587 656 553 8588 652 3326 8589 657 558 8590 651 3327 8591 674 570 8592 676 572 8593 675 571 8594 653 550 8595 659 555 8596 655 551 8597 655 551 8598 660 556 8599 654 559 8600 658 561 8601 661 557 8602 657 558 8603 658 561 8604 662 560 8605 661 557 8606 656 553 8607 663 564 8608 659 555 8609 661 557 8610 663 564 8611 656 553 8612 664 562 8613 666 3328 8614 662 560 8615 662 560 8616 666 3328 8617 661 557 8618 666 3328 8619 667 565 8620 661 557 8621 664 562 8622 668 568 8623 666 3328 8624 660 556 8625 668 568 8626 664 562 8627 667 565 8628 669 566 8629 663 564 8630 665 563 8631 671 569 8632 670 567 8633 667 565 8634 672 573 8635 669 566 8636 666 3328 8637 672 573 8638 667 565 8639 668 568 8640 673 3329 8641 666 3328 8642 666 3328 8643 673 3329 8644 672 573 8645 670 567 8646 674 570 8647 668 568 8648 671 569 8649 674 570 8650 670 567 8651 668 568 8652 675 571 8653 673 3329 8654 672 573 8655 676 572 8656 669 566 8657 675 571 8658 677 574 8659 673 3329 8660 673 3329 8661 677 574 8662 672 573 8663 683 575 8664 684 580 8665 687 586 8666 680 576 8667 681 579 8668 679 582 8669 679 582 8670 684 580 8671 678 577 8672 681 579 8673 685 581 8674 679 582 8675 681 579 8676 687 586 8677 686 583 8678 687 586 8679 688 584 8680 690 585 8681 691 589 8682 696 596 8683 695 593 8684 689 590 8685 688 584 8686 685 581 8687 686 583 8688 689 590 8689 685 581 8690 689 590 8691 691 589 8692 688 584 8693 686 583 8694 692 587 8695 689 590 8696 691 589 8697 697 588 8698 688 584 8699 690 585 8700 693 592 8701 692 587 8702 696 596 8703 693 592 8704 697 588 8705 699 597 8706 702 602 8707 701 595 8708 695 593 8709 698 594 8710 694 591 8711 699 597 8712 701 595 8713 696 596 8714 698 594 8715 699 597 8716 697 588 8717 695 593 8718 701 595 8719 700 598 8720 700 598 8721 707 603 8722 706 604 8723 704 599 8724 705 600 8725 699 597 8726 700 598 8727 706 604 8728 704 599 8729 710 609 8730 711 607 8731 713 612 8732 703 601 8733 708 606 8734 702 602 8735 704 599 8736 709 605 8737 705 600 8738 703 601 8739 710 609 8740 708 606 8741 705 600 8742 710 609 8743 703 601 8744 709 605 8745 710 609 8746 705 600 8747 708 606 8748 712 608 8749 707 603 8750 713 612 8751 712 608 8752 710 609 8753 720 619 8754 725 621 8755 724 622 8756 712 608 8757 715 610 8758 707 603 8759 713 612 8760 714 613 8761 716 611 8762 715 610 8763 719 616 8764 714 613 8765 716 611 8766 717 615 8767 715 610 8768 715 610 8769 717 615 8770 719 616 8771 722 618 8772 725 621 8773 721 3330 8774 720 619 8775 724 622 8776 723 617 8777 724 622 8778 731 627 8779 730 625 8780 723 617 8781 726 620 8782 722 618 8783 725 621 8784 727 3331 8785 724 622 8786 726 620 8787 727 3331 8788 725 621 8789 723 617 8790 729 623 8791 728 624 8792 732 628 8793 726 620 8794 733 3332 8795 727 3331 8796 732 628 8797 731 627 8798 733 3332 8799 728 624 8800 734 631 8801 734 631 8802 737 633 8803 733 3332 8804 729 623 8805 734 631 8806 728 624 8807 730 625 8808 734 631 8809 729 623 8810 733 3332 8811 735 626 8812 732 628 8813 731 627 8814 736 629 8815 730 625 8816 733 3332 8817 737 633 8818 735 626 8819 744 637 8820 739 630 8821 745 636 8822 734 631 8823 739 630 8824 738 638 8825 735 626 8826 741 634 8827 736 629 8828 738 638 8829 742 635 8830 737 633 8831 736 629 8832 743 640 8833 740 632 8834 741 634 8835 743 640 8836 736 629 8837 742 635 8838 747 3333 8839 741 634 8840 743 640 8841 747 3333 8842 746 639 8843 741 634 8844 747 3333 8845 743 640 8846 761 653 8847 766 654 8848 765 657 8849 748 641 8850 749 3334 8851 742 635 8852 746 639 8853 750 3335 8854 745 636 8855 747 3333 8856 750 3335 8857 746 639 8858 745 636 8859 750 3335 8860 748 641 8861 754 642 8862 757 650 8863 753 643 8864 752 646 8865 758 652 8866 755 645 8867 756 647 8868 758 652 8869 752 646 8870 757 650 8871 759 648 8872 753 643 8873 755 645 8874 762 649 8875 754 642 8876 759 648 8877 761 653 8878 756 647 8879 757 650 8880 762 649 8881 759 648 8882 761 653 8883 763 655 8884 758 652 8885 763 655 8886 764 656 8887 760 651 8888 764 656 8889 770 660 8890 766 654 8891 763 655 8892 767 658 8893 764 656 8894 768 659 8895 771 664 8896 764 656 8897 765 657 8898 769 662 8899 767 658 8900 765 657 8901 770 660 8902 769 662 8903 771 664 8904 775 666 8905 770 660 8906 769 662 8907 774 665 8908 767 658 8909 774 665 8910 779 671 8911 776 667 8912 779 671 8913 775 666 8914 780 673 8915 775 666 8916 777 668 8917 780 673 8918 800 690 8919 794 689 8920 801 691 8921 778 669 8922 782 672 8923 777 668 8924 776 667 8925 781 670 8926 778 669 8927 780 673 8928 781 670 8929 779 671 8930 781 670 8931 784 676 8932 778 669 8933 782 672 8934 785 675 8935 780 673 8936 785 675 8937 784 676 8938 781 670 8939 787 679 8940 789 680 8941 786 682 8942 787 679 8943 791 3336 8944 789 680 8945 790 678 8946 791 3336 8947 787 679 8948 792 681 8949 793 683 8950 788 677 8951 791 3336 8952 794 689 8953 789 680 8954 790 678 8955 794 689 8956 791 3336 8957 792 681 8958 796 684 8959 795 685 8960 794 689 8961 797 686 8962 789 680 8963 790 678 8964 798 687 8965 794 689 8966 798 687 8967 802 3337 8968 799 688 8969 799 688 8970 801 691 8971 794 689 8972 795 685 8973 800 690 8974 802 3337 8975 815 702 8976 817 708 8977 821 3338 8978 800 690 8979 803 692 8980 805 694 8981 804 696 8982 801 691 8983 799 688 8984 802 3337 8985 804 696 8986 799 688 8987 800 690 8988 805 694 8989 802 3337 8990 801 691 8991 804 696 8992 803 692 8993 802 3337 8994 805 694 8995 804 696 8996 807 695 8997 809 698 8998 806 693 8999 806 693 9000 810 699 9001 812 701 9002 807 695 9003 811 700 9004 809 698 9005 812 701 9006 811 700 9007 808 697 9008 809 698 9009 813 703 9010 810 699 9011 814 704 9012 813 703 9013 811 700 9014 815 702 9015 814 704 9016 812 701 9017 818 706 9018 814 704 9019 819 710 9020 816 705 9021 817 708 9022 810 699 9023 820 711 9024 815 702 9025 821 3338 9026 814 704 9027 820 711 9028 819 710 9029 821 3338 9030 822 707 9031 825 715 9032 822 707 9033 818 706 9034 823 3339 9035 818 706 9036 824 709 9037 823 3339 9038 821 3338 9039 824 709 9040 820 711 9041 834 3340 9042 836 723 9043 833 719 9044 822 707 9045 828 714 9046 825 715 9047 823 3339 9048 826 713 9049 822 707 9050 824 709 9051 826 713 9052 823 3339 9053 825 715 9054 827 712 9055 824 709 9056 822 707 9057 826 713 9058 828 714 9059 829 3341 9060 833 719 9061 831 716 9062 834 3340 9063 833 719 9064 829 3341 9065 830 718 9066 834 3340 9067 829 3341 9068 831 716 9069 835 721 9070 832 717 9071 832 717 9072 834 3340 9073 830 718 9074 831 716 9075 839 720 9076 835 721 9077 832 717 9078 838 722 9079 834 3340 9080 838 722 9081 841 728 9082 842 724 9083 838 722 9084 837 726 9085 834 3340 9086 835 721 9087 839 720 9088 838 722 9089 837 726 9090 840 729 9091 836 723 9092 841 728 9093 836 723 9094 840 729 9095 841 728 9096 846 3342 9097 842 724 9098 838 722 9099 842 724 9100 837 726 9101 837 726 9102 843 725 9103 840 729 9104 842 724 9105 845 733 9106 843 725 9107 842 724 9108 846 3342 9109 845 733 9110 845 733 9111 852 738 9112 851 737 9113 844 727 9114 850 734 9115 848 730 9116 845 733 9117 851 737 9118 849 732 9119 847 731 9120 852 738 9121 846 3342 9122 855 739 9123 853 3343 9124 856 735 9125 848 730 9126 853 3343 9127 847 731 9128 848 730 9129 856 735 9130 853 3343 9131 851 737 9132 855 739 9133 854 736 9134 854 736 9135 859 3344 9136 858 3345 9137 858 3345 9138 857 740 9139 854 736 9140 859 3344 9141 856 735 9142 860 743 9143 863 748 9144 858 3345 9145 864 3346 9146 857 740 9147 860 743 9148 856 735 9149 860 743 9150 861 742 9151 859 3344 9152 857 740 9153 862 744 9154 860 743 9155 857 740 9156 863 748 9157 862 744 9158 858 3345 9159 865 746 9160 864 3346 9161 864 3346 9162 867 747 9163 863 748 9164 861 742 9165 865 746 9166 859 3344 9167 865 746 9168 868 745 9169 864 3346 9170 866 741 9171 869 749 9172 861 742 9173 862 744 9174 869 749 9175 866 741 9176 880 759 9177 886 763 9178 885 3347 9179 861 742 9180 869 749 9181 868 745 9182 871 752 9183 876 751 9184 870 755 9185 873 3348 9186 877 757 9187 872 750 9188 874 758 9189 877 757 9190 873 3348 9191 875 754 9192 879 756 9193 874 758 9194 877 757 9195 880 759 9196 872 750 9197 878 753 9198 881 760 9199 875 754 9200 878 753 9201 883 764 9202 881 760 9203 882 761 9204 883 764 9205 878 753 9206 879 756 9207 884 762 9208 877 757 9209 880 759 9210 885 3347 9211 882 761 9212 884 762 9213 889 765 9214 888 766 9215 882 761 9216 887 767 9217 883 764 9218 885 3347 9219 887 767 9220 882 761 9221 898 774 9222 890 768 9223 893 777 9224 883 764 9225 890 768 9226 889 765 9227 885 3347 9228 891 770 9229 887 767 9230 886 763 9231 891 770 9232 885 3347 9233 890 768 9234 894 773 9235 893 777 9236 892 769 9237 895 771 9238 894 773 9239 891 770 9240 896 779 9241 895 771 9242 888 766 9243 896 779 9244 886 763 9245 888 766 9246 898 774 9247 897 776 9248 907 3349 9249 909 783 9250 913 789 9251 894 773 9252 899 772 9253 893 777 9254 897 776 9255 900 775 9256 896 779 9257 898 774 9258 901 778 9259 900 775 9260 900 775 9261 899 772 9262 895 771 9263 903 782 9264 908 781 9265 902 784 9266 910 3350 9267 905 3351 9268 911 787 9269 904 780 9270 910 3350 9271 908 781 9272 906 3352 9273 911 787 9274 905 3351 9275 906 3352 9276 913 789 9277 912 785 9278 908 781 9279 916 788 9280 909 783 9281 910 3350 9282 914 791 9283 908 781 9284 911 787 9285 914 791 9286 910 3350 9287 911 787 9288 915 786 9289 914 791 9290 908 781 9291 918 790 9292 917 3353 9293 922 3354 9294 917 3353 9295 923 3355 9296 912 785 9297 919 792 9298 915 786 9299 915 786 9300 921 794 9301 918 790 9302 916 788 9303 922 3354 9304 920 793 9305 917 3353 9306 924 3356 9307 923 3355 9308 930 802 9309 922 3354 9310 927 800 9311 921 794 9312 924 3356 9313 918 790 9314 922 3354 9315 925 795 9316 920 793 9317 919 792 9318 926 796 9319 921 794 9320 922 3354 9321 928 803 9322 927 800 9323 923 3355 9324 929 798 9325 928 803 9326 931 799 9327 926 796 9328 932 3357 9329 921 794 9330 929 798 9331 924 3356 9332 925 795 9333 930 802 9334 926 796 9335 921 794 9336 931 799 9337 929 798 9338 952 819 9339 953 821 9340 947 820 9341 930 802 9342 932 3357 9343 926 796 9344 932 3357 9345 933 797 9346 931 799 9347 930 802 9348 935 801 9349 932 3357 9350 927 800 9351 934 3358 9352 935 801 9353 928 803 9354 934 3358 9355 927 800 9356 933 797 9357 934 3358 9358 928 803 9359 932 3357 9360 935 801 9361 933 797 9362 938 806 9363 941 805 9364 937 810 9365 936 809 9366 943 811 9367 942 807 9368 940 808 9369 944 812 9370 939 804 9371 940 808 9372 945 815 9373 944 812 9374 942 807 9375 945 815 9376 940 808 9377 941 805 9378 947 820 9379 946 813 9380 944 812 9381 947 820 9382 941 805 9383 946 813 9384 949 816 9385 943 811 9386 945 815 9387 950 817 9388 944 812 9389 947 820 9390 951 818 9391 946 813 9392 950 817 9393 952 819 9394 944 812 9395 952 819 9396 955 822 9397 954 3359 9398 960 832 9399 965 827 9400 959 829 9401 951 818 9402 956 823 9403 949 816 9404 958 828 9405 963 824 9406 957 826 9407 961 3360 9408 964 830 9409 960 832 9410 962 825 9411 964 830 9412 961 3360 9413 969 837 9414 966 831 9415 970 842 9416 963 824 9417 968 834 9418 962 825 9419 958 828 9420 967 833 9421 963 824 9422 965 827 9423 969 837 9424 967 833 9425 966 831 9426 971 840 9427 970 842 9428 980 846 9429 983 850 9430 987 854 9431 968 834 9432 971 840 9433 964 830 9434 967 833 9435 972 835 9436 963 824 9437 970 842 9438 973 836 9439 969 837 9440 968 834 9441 974 838 9442 971 840 9443 970 842 9444 976 841 9445 973 836 9446 972 835 9447 977 843 9448 974 838 9449 976 841 9450 978 844 9451 973 836 9452 974 838 9453 980 846 9454 979 845 9455 977 843 9456 981 847 9457 980 846 9458 984 851 9459 976 841 9460 985 3361 9461 982 848 9462 983 850 9463 981 847 9464 978 844 9465 984 851 9466 982 848 9467 985 3361 9468 979 845 9469 986 853 9470 979 845 9471 987 854 9472 986 853 9473 987 854 9474 989 3362 9475 993 852 9476 983 850 9477 990 3363 9478 989 3362 9479 990 3363 9480 984 851 9481 991 858 9482 984 851 9483 992 856 9484 991 858 9485 993 852 9486 995 3364 9487 999 863 9488 986 853 9489 992 856 9490 985 3361 9491 986 853 9492 994 855 9493 992 856 9494 989 3362 9495 996 860 9496 995 3364 9497 990 3363 9498 997 857 9499 996 860 9500 994 855 9501 997 857 9502 992 856 9503 994 855 9504 999 863 9505 998 861 9506 1006 871 9507 1012 872 9508 1011 869 9509 995 3364 9510 1003 865 9511 999 863 9512 996 860 9513 1003 865 9514 995 3364 9515 998 861 9516 1002 864 9517 1000 859 9518 999 863 9519 1003 865 9520 1002 864 9521 1004 875 9522 1010 866 9523 1009 868 9524 1013 874 9525 1005 870 9526 1014 876 9527 1010 866 9528 1017 886 9529 1021 880 9530 1010 866 9531 1015 877 9532 1008 867 9533 1012 872 9534 1016 879 9535 1011 869 9536 1015 877 9537 1016 879 9538 1012 872 9539 1014 876 9540 1017 886 9541 1013 874 9542 1014 876 9543 1019 884 9544 1018 883 9545 1016 879 9546 1019 884 9547 1011 869 9548 1019 884 9549 1024 888 9550 1023 882 9551 1010 866 9552 1021 880 9553 1015 877 9554 1015 877 9555 1022 881 9556 1020 878 9557 1027 3365 9558 1017 886 9559 1025 885 9560 1022 881 9561 1024 888 9562 1020 878 9563 1022 881 9564 1027 3365 9565 1026 887 9566 1027 3365 9567 1030 3366 9568 1034 3367 9569 1018 883 9570 1028 889 9571 1025 885 9572 1024 888 9573 1029 890 9574 1023 882 9575 1025 885 9576 1031 3368 9577 1030 3366 9578 1028 889 9579 1032 891 9580 1031 3368 9581 1033 3369 9582 1027 3365 9583 1034 3367 9584 1026 887 9585 1033 3369 9586 1029 890 9587 1040 894 9588 1030 3366 9589 1035 892 9590 1030 3366 9591 1036 3370 9592 1035 892 9593 1031 3368 9594 1037 896 9595 1036 3370 9596 1029 890 9597 1037 896 9598 1032 891 9599 1029 890 9600 1039 899 9601 1038 897 9602 1039 899 9603 1034 3367 9604 1040 894 9605 1052 3371 9606 1044 902 9607 1051 907 9608 1036 3370 9609 1041 898 9610 1035 892 9611 1037 896 9612 1041 898 9613 1036 3370 9614 1039 899 9615 1042 895 9616 1038 897 9617 1040 894 9618 1043 893 9619 1039 899 9620 1035 892 9621 1041 898 9622 1043 893 9623 1046 905 9624 1049 904 9625 1045 900 9626 1047 3372 9627 1050 903 9628 1046 905 9629 1052 3371 9630 1055 3373 9631 1059 917 9632 1048 901 9633 1051 907 9634 1044 902 9635 1049 904 9636 1048 901 9637 1045 900 9638 1047 3372 9639 1052 3371 9640 1050 903 9641 1055 3373 9642 1053 906 9643 1056 911 9644 1053 906 9645 1057 912 9646 1056 911 9647 1057 912 9648 1054 908 9649 1058 909 9650 1052 3371 9651 1058 909 9652 1050 903 9653 1057 912 9654 1062 914 9655 1061 910 9656 1055 3373 9657 1060 915 9658 1059 917 9659 1056 911 9660 1060 915 9661 1055 3373 9662 1064 918 9663 1068 921 9664 1060 915 9665 1059 917 9666 1063 913 9667 1058 909 9668 1056 911 9669 1064 918 9670 1060 915 9671 1076 929 9672 1086 939 9673 1082 935 9674 1067 920 9675 1069 924 9676 1064 918 9677 1063 913 9678 1071 922 9679 1066 919 9680 1065 916 9681 1070 923 9682 1071 922 9683 1066 919 9684 1071 922 9685 1067 920 9686 1069 924 9687 1070 923 9688 1068 921 9689 1074 930 9690 1076 929 9691 1073 932 9692 1075 926 9693 1077 928 9694 1074 930 9695 1072 927 9696 1079 933 9697 1080 925 9698 1078 931 9699 1082 935 9700 1079 933 9701 1079 933 9702 1085 3374 9703 1084 936 9704 1080 925 9705 1086 939 9706 1077 928 9707 1081 934 9708 1083 937 9709 1080 925 9710 1080 925 9711 1083 937 9712 1086 939 9713 1083 937 9714 1088 940 9715 1089 941 9716 1082 935 9717 1086 939 9718 1085 3374 9719 1084 936 9720 1091 3375 9721 1090 3376 9722 1084 936 9723 1090 3376 9724 1088 940 9725 1085 3374 9726 1092 3377 9727 1091 3375 9728 1087 938 9729 1092 3377 9730 1086 939 9731 1088 940 9732 1099 947 9733 1089 941 9734 1088 940 9735 1095 945 9736 1094 944 9737 1095 945 9738 1091 3375 9739 1096 946 9740 1096 946 9741 1092 3377 9742 1097 951 9743 1092 3377 9744 1098 949 9745 1097 951 9746 1093 942 9747 1099 947 9748 1098 949 9749 1110 959 9750 1115 963 9751 1114 965 9752 1094 944 9753 1102 943 9754 1099 947 9755 1098 949 9756 1100 948 9757 1097 951 9758 1099 947 9759 1102 943 9760 1100 948 9761 1103 954 9762 1109 956 9763 1105 958 9764 1105 958 9765 1108 957 9766 1104 952 9767 1104 952 9768 1108 957 9769 1106 953 9770 1110 959 9771 1111 960 9772 1109 956 9773 1113 962 9774 1112 961 9775 1108 957 9776 1112 961 9777 1117 969 9778 1116 966 9779 1112 961 9780 1115 963 9781 1106 953 9782 1110 959 9783 1114 965 9784 1111 960 9785 1112 961 9786 1116 966 9787 1115 963 9788 1113 962 9789 1118 968 9790 1117 969 9791 1120 967 9792 1121 974 9793 1124 971 9794 1114 965 9795 1118 968 9796 1111 960 9797 1114 965 9798 1119 964 9799 1120 967 9800 1116 966 9801 1122 972 9802 1119 964 9803 1122 972 9804 1121 974 9805 1119 964 9806 1123 970 9807 1118 968 9808 1124 971 9809 1129 3378 9810 1121 974 9811 1125 973 9812 1124 971 9813 1127 978 9814 1123 970 9815 1123 970 9816 1126 977 9817 1122 972 9818 1127 978 9819 1126 977 9820 1123 970 9821 1135 3379 9822 1125 973 9823 1132 980 9824 1129 3378 9825 1128 979 9826 1124 971 9827 1126 977 9828 1130 975 9829 1122 972 9830 1128 979 9831 1135 3379 9832 1134 981 9833 1126 977 9834 1133 983 9835 1130 975 9836 1131 976 9837 1133 983 9838 1126 977 9839 1131 976 9840 1136 982 9841 1133 983 9842 1132 980 9843 1139 984 9844 1135 3379 9845 1136 982 9846 1137 986 9847 1139 984 9848 1134 981 9849 1139 984 9850 1138 985 9851 1148 994 9852 1150 999 9853 1147 3380 9854 1138 985 9855 1141 988 9856 1136 982 9857 1138 985 9858 1142 989 9859 1141 988 9860 1141 988 9861 1143 991 9862 1140 987 9863 1140 987 9864 1145 992 9865 1142 989 9866 1143 991 9867 1145 992 9868 1140 987 9869 1147 3380 9870 1153 3381 9871 1146 995 9872 1148 994 9873 1152 996 9874 1151 997 9875 1146 995 9876 1153 3381 9877 1149 993 9878 1152 996 9879 1156 1005 9880 1159 1007 9881 1150 999 9882 1154 1003 9883 1147 3380 9884 1150 999 9885 1155 998 9886 1154 1003 9887 1156 1005 9888 1153 3381 9889 1157 1002 9890 1158 1000 9891 1152 996 9892 1159 1007 9893 1154 1003 9894 1157 1002 9895 1153 3381 9896 1158 1000 9897 1162 1006 9898 1155 998 9899 1155 998 9900 1160 1001 9901 1154 1003 9902 1156 1005 9903 1161 1004 9904 1159 1007 9905 1160 1001 9906 1168 3382 9907 1167 1013 9908 1161 1004 9909 1165 1010 9910 1159 1007 9911 1164 1009 9912 1166 1011 9913 1161 1004 9914 1160 1001 9915 1166 1011 9916 1164 1009 9917 1161 1004 9918 1170 1012 9919 1165 1010 9920 1162 1006 9921 1169 1014 9922 1168 3382 9923 1181 1027 9924 1176 1015 9925 1179 3383 9926 1171 1016 9927 1176 1015 9928 1175 3384 9929 1173 1019 9930 1176 1015 9931 1172 1017 9932 1175 3384 9933 1177 1023 9934 1174 1020 9935 1177 1023 9936 1178 1018 9937 1174 1020 9938 1176 1015 9939 1180 1022 9940 1183 1025 9941 1176 1015 9942 1183 1025 9943 1179 3383 9944 1181 1027 9945 1183 1025 9946 1185 1026 9947 1178 1018 9948 1180 1022 9949 1173 1019 9950 1175 3384 9951 1181 1027 9952 1177 1023 9953 1186 1028 9954 1184 1024 9955 1187 1031 9956 1185 1026 9957 1188 1029 9958 1182 1021 9959 1184 1024 9960 1188 1029 9961 1187 1031 9962 1186 1028 9963 1191 3385 9964 1190 1035 9965 1186 1028 9966 1189 1032 9967 1185 1026 9968 1189 1032 9969 1187 1031 9970 1188 1029 9971 1193 1037 9972 1186 1028 9973 1190 1035 9974 1189 1032 9975 1193 1037 9976 1192 1030 9977 1206 3386 9978 1209 1054 9979 1205 3387 9980 1192 1030 9981 1191 3385 9982 1187 1031 9983 1191 3385 9984 1194 1033 9985 1190 1035 9986 1190 1035 9987 1196 1036 9988 1193 1037 9989 1191 3385 9990 1197 1039 9991 1194 1033 9992 1192 1030 9993 1197 1039 9994 1191 3385 9995 1195 1034 9996 1199 1045 9997 1190 1035 9998 1190 1035 9999 1199 1045 10000 1196 1036 10001 1195 1034 10002 1200 1040 10003 1199 1045 10004 1194 1033 10005 1201 1041 10006 1200 1040 10007 1199 1045 10008 1202 1042 10009 1196 1036 10010 1200 1040 10011 1204 1044 10012 1199 1045 10013 1197 1039 10014 1203 1043 10015 1201 1041 10016 1205 3387 10017 1209 1054 10018 1213 1053 10019 1208 1048 10020 1213 1053 10021 1212 1058 10022 1207 1047 10023 1210 1051 10024 1206 3386 10025 1208 1048 10026 1212 1058 10027 1211 1046 10028 1218 1057 10029 1212 1058 10030 1219 1055 10031 1211 1046 10032 1210 1051 10033 1207 1047 10034 1210 1051 10035 1214 1050 10036 1209 1054 10037 1211 1046 10038 1215 1049 10039 1210 1051 10040 1215 1049 10041 1217 1056 10042 1214 1050 10043 1220 1059 10044 1217 1056 10045 1221 1062 10046 1217 1056 10047 1222 1060 10048 1221 1062 10049 1218 1057 10050 1223 3388 10051 1222 1060 10052 1225 1063 10053 1223 3388 10054 1226 1071 10055 1220 1059 10056 1223 3388 10057 1219 1055 10058 1220 1059 10059 1224 1061 10060 1227 1065 10061 1226 1071 10062 1220 1059 10063 1227 1065 10064 1224 1061 10065 1230 1066 10066 1229 1067 10067 1224 1061 10068 1229 1067 10069 1228 1064 10070 1234 1075 10071 1228 1064 10072 1232 1068 10073 1225 1063 10074 1231 1070 10075 1230 1066 10076 1226 1071 10077 1231 1070 10078 1225 1063 10079 1233 1069 10080 1227 1065 10081 1234 1075 10082 1249 1087 10083 1252 1090 10084 1255 1096 10085 1232 1068 10086 1237 1074 10087 1234 1075 10088 1229 1067 10089 1236 1073 10090 1232 1068 10091 1238 1077 10092 1241 1079 10093 1240 1081 10094 1240 1081 10095 1243 1080 10096 1239 1078 10097 1243 1080 10098 1245 1083 10099 1239 1078 10100 1238 1077 10101 1246 1084 10102 1244 1082 10103 1244 1082 10104 1247 1085 10105 1241 1079 10106 1241 1079 10107 1247 1085 10108 1243 1080 10109 1248 1086 10110 1251 1089 10111 1250 1088 10112 1255 1096 10113 1253 1091 10114 1249 1087 10115 1257 1094 10116 1260 1097 10117 1262 1099 10118 1253 1091 10119 1255 1096 10120 1254 1092 10121 1254 1092 10122 1256 1093 10123 1252 1090 10124 1255 1096 10125 1257 1094 10126 1258 1095 10127 1254 1092 10128 1258 1095 10129 1260 1097 10130 1257 1094 10131 1259 1100 10132 1258 1095 10133 1262 1099 10134 1263 1101 10135 1265 1104 10136 1259 1100 10137 1261 1098 10138 1258 1095 10139 1266 1103 10140 1269 1107 10141 1268 1106 10142 1264 1105 10143 1263 1101 10144 1261 1098 10145 1259 1100 10146 1264 1105 10147 1261 1098 10148 1262 1099 10149 1265 1104 10150 1267 1102 10151 1259 1100 10152 1267 1102 10153 1264 1105 10154 1271 1110 10155 1269 1107 10156 1272 1113 10157 1265 1104 10158 1270 1109 10159 1267 1102 10160 1268 1106 10161 1273 1108 10162 1265 1104 10163 1267 1102 10164 1270 1109 10165 1269 1107 10166 1268 1106 10167 1271 1110 10168 1273 1108 10169 1285 1124 10170 1290 1129 10171 1282 1119 10172 1270 1109 10173 1272 1113 10174 1269 1107 10175 1271 1110 10176 1272 1113 10177 1275 1111 10178 1275 1111 10179 1274 1112 10180 1273 1108 10181 1277 1116 10182 1279 1120 10183 1276 1118 10184 1279 1120 10185 1283 1117 10186 1276 1118 10187 1277 1116 10188 1281 1123 10189 1279 1120 10190 1280 1115 10191 1281 1123 10192 1277 1116 10193 1283 1117 10194 1282 1119 10195 1278 1114 10196 1282 1119 10197 1284 1122 10198 1280 1115 10199 1283 1117 10200 1286 1121 10201 1285 1124 10202 1281 1123 10203 1287 1125 10204 1279 1120 10205 1282 1119 10206 1288 1126 10207 1284 1122 10208 1281 1123 10209 1289 1128 10210 1287 1125 10211 1285 1124 10212 1292 1127 10213 1291 3389 10214 1290 1129 10215 1295 1137 10216 1288 1126 10217 1289 1128 10218 1292 1127 10219 1287 1125 10220 1292 1127 10221 1293 1131 10222 1291 3389 10223 1288 1126 10224 1295 1137 10225 1289 1128 10226 1290 1129 10227 1297 1133 10228 1296 1135 10229 1289 1128 10230 1298 1132 10231 1294 1130 10232 1293 1131 10233 1297 1133 10234 1291 3389 10235 1306 1144 10236 1308 1142 10237 1307 1145 10238 1295 1137 10239 1299 3390 10240 1289 1128 10241 1295 1137 10242 1301 1136 10243 1299 3390 10244 1297 1133 10245 1303 1140 10246 1296 1135 10247 1300 1134 10248 1303 1140 10249 1297 1133 10250 1299 3390 10251 1302 1138 10252 1298 1132 10253 1296 1135 10254 1303 1140 10255 1301 1136 10256 1302 1138 10257 1305 1139 10258 1300 1134 10259 1303 1140 10260 1304 1143 10261 1301 1136 10262 1303 1140 10263 1305 1139 10264 1304 1143 10265 1299 3390 10266 1306 1144 10267 1302 1138 10268 1301 1136 10269 1306 1144 10270 1299 3390 10271 1305 1139 10272 1308 1142 10273 1304 1143 10274 1302 1138 10275 1307 1145 10276 1309 1141 10277 1323 1157 10278 1320 1153 10279 1324 1159 10280 1312 1150 10281 1314 3391 10282 1311 1146 10283 1312 1150 10284 1316 1152 10285 1314 3391 10286 1313 1147 10287 1318 1154 10288 1315 1149 10289 1311 1146 10290 1318 1154 10291 1313 1147 10292 1315 1149 10293 1319 1155 10294 1317 1151 10295 1318 1154 10296 1319 1155 10297 1315 1149 10298 1314 3391 10299 1320 1153 10300 1311 1146 10301 1314 3391 10302 1321 1158 10303 1320 1153 10304 1316 1152 10305 1321 1158 10306 1314 3391 10307 1317 1151 10308 1322 1156 10309 1316 1152 10310 1331 1166 10311 1323 1157 10312 1327 1167 10313 1322 1156 10314 1325 1160 10315 1316 1152 10316 1324 1159 10317 1326 1162 10318 1323 1157 10319 1324 1159 10320 1329 1169 10321 1328 1161 10322 1326 1162 10323 1327 1167 10324 1323 1157 10325 1329 1169 10326 1325 1160 10327 1330 1165 10328 1325 1160 10329 1331 1166 10330 1330 1165 10331 1328 1161 10332 1335 1168 10333 1334 1171 10334 1327 1167 10335 1332 1164 10336 1331 1166 10337 1326 1162 10338 1333 1163 10339 1327 1167 10340 1328 1161 10341 1334 1171 10342 1333 1163 10343 1352 1186 10344 1354 1188 10345 1357 1197 10346 1332 1164 10347 1335 1168 10348 1330 1165 10349 1334 1171 10350 1336 1175 10351 1333 1163 10352 1336 1175 10353 1338 1172 10354 1333 1163 10355 1332 1164 10356 1338 1172 10357 1335 1168 10358 1334 1171 10359 1339 1173 10360 1336 1175 10361 1338 1172 10362 1340 1174 10363 1335 1168 10364 1337 1170 10365 1340 1174 10366 1339 1173 10367 1338 1172 10368 1341 3392 10369 1340 1174 10370 1339 1173 10371 1341 3392 10372 1338 1172 10373 1347 1177 10374 1349 1180 10375 1346 1182 10376 1344 1185 10377 1350 1183 10378 1343 1179 10379 1348 1176 10380 1352 1186 10381 1347 1177 10382 1344 1185 10383 1353 1187 10384 1350 1183 10385 1351 1184 10386 1356 1193 10387 1355 1192 10388 1351 1184 10389 1355 1192 10390 1353 1187 10391 1352 1186 10392 1356 1193 10393 1349 1180 10394 1354 1188 10395 1365 1196 10396 1357 1197 10397 1355 1192 10398 1358 1189 10399 1353 1187 10400 1358 1189 10401 1359 1190 10402 1350 1183 10403 1358 1189 10404 1361 1201 10405 1359 1190 10406 1360 1191 10407 1361 1201 10408 1358 1189 10409 1357 1197 10410 1362 1194 10411 1356 1193 10412 1372 1210 10413 1369 1200 10414 1373 1208 10415 1360 1191 10416 1364 1203 10417 1361 1201 10418 1362 1194 10419 1364 1203 10420 1360 1191 10421 1361 1201 10422 1366 1198 10423 1359 1190 10424 1362 1194 10425 1367 1199 10426 1364 1203 10427 1363 1195 10428 1368 1204 10429 1365 1196 10430 1365 1196 10431 1368 1204 10432 1367 1199 10433 1364 1203 10434 1369 1200 10435 1361 1201 10436 1363 1195 10437 1371 1205 10438 1368 1204 10439 1366 1198 10440 1372 1210 10441 1371 1205 10442 1369 1200 10443 1374 3393 10444 1373 1208 10445 1370 1202 10446 1374 3393 10447 1364 1203 10448 1370 1202 10449 1376 1206 10450 1375 3394 10451 1374 3393 10452 1381 1213 10453 1373 1208 10454 1375 3394 10455 1377 1211 10456 1374 3393 10457 1376 1206 10458 1377 1211 10459 1375 3394 10460 1372 1210 10461 1378 1209 10462 1371 1205 10463 1371 1205 10464 1380 1212 10465 1379 1207 10466 1399 1232 10467 1395 1229 10468 1398 1228 10469 1377 1211 10470 1382 1216 10471 1374 3393 10472 1378 1209 10473 1383 1214 10474 1380 1212 10475 1379 1207 10476 1384 1215 10477 1377 1211 10478 1383 1214 10479 1385 1217 10480 1380 1212 10481 1379 1207 10482 1387 1219 10483 1384 1215 10484 1388 1222 10485 1393 3395 10486 1390 1223 10487 1393 3395 10488 1394 1225 10489 1390 1223 10490 1388 1222 10491 1395 1229 10492 1393 3395 10493 1391 1221 10494 1395 1229 10495 1388 1222 10496 1392 1224 10497 1396 1226 10498 1389 1220 10499 1399 1232 10500 1400 3396 10501 1403 1231 10502 1396 1226 10503 1398 1228 10504 1391 1221 10505 1393 3395 10506 1399 1232 10507 1394 1225 10508 1398 1228 10509 1402 1230 10510 1401 1234 10511 1398 1228 10512 1401 1234 10513 1400 3396 10514 1403 1231 10515 1406 3397 10516 1409 3398 10517 1394 1225 10518 1402 1230 10519 1397 1227 10520 1405 1236 10521 1404 1233 10522 1402 1230 10523 1403 1231 10524 1405 1236 10525 1402 1230 10526 1406 3397 10527 1401 1234 10528 1407 1239 10529 1409 3398 10530 1410 1238 10531 1412 1243 10532 1404 1233 10533 1407 1239 10534 1401 1234 10535 1403 1231 10536 1409 3398 10537 1408 1235 10538 1411 1240 10539 1409 3398 10540 1412 1243 10541 1407 1239 10542 1410 1238 10543 1406 3397 10544 1408 1235 10545 1411 1240 10546 1405 1236 10547 1407 1239 10548 1414 1244 10549 1413 1237 10550 1404 1233 10551 1415 1241 10552 1414 1244 10553 1416 1242 10554 1413 1237 10555 1417 1245 10556 1417 1245 10557 1415 1241 10558 1418 1246 10559 1412 1243 10560 1418 1246 10561 1411 1240 10562 1426 3399 10563 1430 1263 10564 1429 1261 10565 1420 1252 10566 1425 1251 10567 1419 1247 10568 1421 1249 10569 1422 1253 10570 1420 1252 10571 1422 1253 10572 1424 1250 10573 1420 1252 10574 1419 1247 10575 1425 1251 10576 1423 1248 10577 1424 1250 10578 1426 3399 10579 1425 1251 10580 1428 1255 10581 1427 1254 10582 1422 1253 10583 1425 1251 10584 1426 3399 10585 1423 1248 10586 1429 1261 10587 1433 1260 10588 1426 3399 10589 1430 1263 10590 1427 1254 10591 1431 1256 10592 1426 3399 10593 1432 1257 10594 1423 1248 10595 1457 1282 10596 1453 1285 10597 1458 1284 10598 1430 1263 10599 1435 1259 10600 1429 1261 10601 1430 1263 10602 1437 1265 10603 1435 1259 10604 1436 1262 10605 1442 1269 10606 1437 1265 10607 1442 1269 10608 1443 1270 10609 1437 1265 10610 1438 1264 10611 1445 1271 10612 1439 1266 10613 1439 1266 10614 1447 1277 10615 1444 1272 10616 1445 1271 10617 1447 1277 10618 1439 1266 10619 1443 1270 10620 1449 1275 10621 1446 1273 10622 1445 1271 10623 1450 1276 10624 1447 1277 10625 1444 1272 10626 1451 1278 10627 1448 1274 10628 1449 1275 10629 1450 1276 10630 1446 1273 10631 1454 1280 10632 1455 1283 10633 1453 1285 10634 1461 3400 10635 1457 1282 10636 1459 3401 10637 1456 1279 10638 1455 1283 10639 1454 1280 10640 1459 3401 10641 1458 1284 10642 1460 1286 10643 1455 1283 10644 1461 3400 10645 1462 1287 10646 1462 1287 10647 1460 1286 10648 1455 1283 10649 1461 3400 10650 1463 1290 10651 1467 1292 10652 1459 3401 10653 1465 1288 10654 1464 1294 10655 1464 1294 10656 1463 1290 10657 1459 3401 10658 1462 1287 10659 1467 1292 10660 1466 3402 10661 1469 1291 10662 1464 1294 10663 1470 1293 10664 1466 3402 10665 1468 1289 10666 1462 1287 10667 1468 1289 10668 1467 1292 10669 1469 1291 10670 1468 1289 10671 1470 1293 10672 1465 1288 10673 1469 1291 10674 1472 1295 10675 1471 1297 10676 1469 1291 10677 1471 1297 10678 1476 3403 10679 1470 1293 10680 1474 3404 10681 1473 3405 10682 1473 3405 10683 1472 1295 10684 1470 1293 10685 1475 3406 10686 1469 1291 10687 1476 3403 10688 1475 3406 10689 1474 3404 10690 1468 1289 10691 1478 1298 10692 1473 3405 10693 1479 1300 10694 1471 1297 10695 1477 1296 10696 1476 3403 10697 1477 1296 10698 1482 1304 10699 1476 3403 10700 1479 1300 10701 1474 3404 10702 1480 1302 10703 1474 3404 10704 1481 3407 10705 1480 1302 10706 1475 3406 10707 1482 1304 10708 1481 3407 10709 1481 3407 10710 1485 1303 10711 1484 1301 10712 1481 3407 10713 1484 1301 10714 1480 1302 10715 1484 1301 10716 1483 1299 10717 1479 1300 10718 1494 1312 10719 1497 1315 10720 1498 1316 10721 1488 1309 10722 1490 1310 10723 1487 1305 10724 1487 1305 10725 1492 1311 10726 1489 1306 10727 1488 1309 10728 1493 1317 10729 1490 1310 10730 1488 1309 10731 1494 1312 10732 1493 1317 10733 1493 1317 10734 1495 1313 10735 1490 1310 10736 1495 1313 10737 1500 1318 10738 1492 1311 10739 1496 1314 10740 1499 1319 10741 1497 1315 10742 1492 1311 10743 1499 1319 10744 1496 1314 10745 1502 3408 10746 1507 1322 10747 1501 1323 10748 1493 1317 10749 1501 1323 10750 1495 1313 10751 1493 1317 10752 1502 3408 10753 1501 1323 10754 1498 1316 10755 1502 3408 10756 1493 1317 10757 1499 1319 10758 1504 1325 10759 1503 1320 10760 1500 1318 10761 1504 1325 10762 1499 1319 10763 1502 3408 10764 1506 1321 10765 1505 1326 10766 1510 1324 10767 1507 1322 10768 1508 1329 10769 1500 1318 10770 1507 1322 10771 1504 1325 10772 1513 3409 10773 1510 1324 10774 1511 1330 10775 1507 1322 10776 1509 1327 10777 1508 1329 10778 1506 1321 10779 1509 1327 10780 1505 1326 10781 1503 1320 10782 1510 1324 10783 1506 1321 10784 1509 1327 10785 1513 3409 10786 1512 1331 10787 1508 1329 10788 1511 1330 10789 1510 1324 10790 1512 1331 10791 1514 1328 10792 1509 1327 10793 1524 1342 10794 1519 1337 10795 1525 1338 10796 1511 1330 10797 1517 1334 10798 1513 3409 10799 1514 1328 10800 1515 1333 10801 1511 1330 10802 1513 3409 10803 1517 1334 10804 1512 1331 10805 1512 1331 10806 1517 1334 10807 1516 1332 10808 1518 3410 10809 1522 1344 10810 1520 1335 10811 1520 1335 10812 1523 1339 10813 1521 1336 10814 1518 3410 10815 1524 1342 10816 1522 1344 10817 1537 1353 10818 1538 1355 10819 1540 1356 10820 1522 1344 10821 1526 1341 10822 1520 1335 10823 1521 1336 10824 1530 1340 10825 1525 1338 10826 1522 1344 10827 1527 1343 10828 1526 1341 10829 1523 1339 10830 1528 1347 10831 1530 1340 10832 1526 1341 10833 1528 1347 10834 1523 1339 10835 1525 1338 10836 1530 1340 10837 1529 1345 10838 1527 1343 10839 1532 1346 10840 1526 1341 10841 1528 1347 10842 1531 1352 10843 1530 1340 10844 1529 1345 10845 1533 1348 10846 1527 1343 10847 1530 1340 10848 1533 1348 10849 1529 1345 10850 1527 1343 10851 1534 1349 10852 1532 1346 10853 1531 1352 10854 1535 1350 10855 1530 1340 10856 1534 1349 10857 1537 1353 10858 1532 1346 10859 1536 1351 10860 1537 1353 10861 1531 1352 10862 1537 1353 10863 1539 1354 10864 1531 1352 10865 1533 1348 10866 1539 1354 10867 1538 1355 10868 1547 1362 10869 1552 1369 10870 1554 3411 10871 1539 1354 10872 1542 1358 10873 1538 1355 10874 1540 1356 10875 1543 1359 10876 1539 1354 10877 1539 1354 10878 1543 1359 10879 1542 1358 10880 1546 1361 10881 1549 1363 10882 1545 1365 10883 1550 1366 10884 1551 1367 10885 1546 1361 10886 1548 1360 10887 1554 3411 10888 1553 1371 10889 1549 1363 10890 1552 1369 10891 1544 1364 10892 1548 1360 10893 1553 1371 10894 1550 1366 10895 1562 3412 10896 1552 1369 10897 1558 3413 10898 1551 1367 10899 1555 1368 10900 1549 1363 10901 1551 1367 10902 1557 1372 10903 1555 1368 10904 1553 1371 10905 1557 1372 10906 1556 1370 10907 1552 1369 10908 1559 3414 10909 1558 3413 10910 1557 1372 10911 1559 3414 10912 1555 1368 10913 1561 1375 10914 1554 3411 10915 1562 3412 10916 1553 1371 10917 1561 1375 10918 1557 1372 10919 1562 3412 10920 1564 3415 10921 1567 1379 10922 1558 3413 10923 1565 1377 10924 1564 3415 10925 1566 1381 10926 1562 3412 10927 1567 1379 10928 1560 1374 10929 1565 1377 10930 1559 3414 10931 1561 1375 10932 1566 1381 10933 1563 1373 10934 1567 1379 10935 1570 1384 10936 1572 1380 10937 1566 1381 10938 1569 1378 10939 1563 1373 10940 1564 3415 10941 1571 1382 10942 1570 1384 10943 1578 3416 10944 1584 3417 10945 1577 3418 10946 1568 1376 10947 1571 1382 10948 1565 1377 10949 1566 1381 10950 1572 1380 10951 1569 1378 10952 1569 1378 10953 1571 1382 10954 1568 1376 10955 1570 1384 10956 1573 1383 10957 1572 1380 10958 1571 1382 10959 1575 1386 10960 1573 1383 10961 1574 1385 10962 1575 1386 10963 1569 1378 10964 1577 3418 10965 1581 1390 10966 1576 1389 10967 1579 1388 10968 1582 1394 10969 1578 3416 10970 1579 1388 10971 1583 1391 10972 1582 1394 10973 1577 3418 10974 1584 3417 10975 1581 1390 10976 1586 1392 10977 1589 1402 10978 1588 3419 10979 1582 1394 10980 1585 1396 10981 1578 3416 10982 1581 1390 10983 1586 1392 10984 1580 1387 10985 1586 1392 10986 1587 1393 10987 1583 1391 10988 1586 1392 10989 1588 3419 10990 1587 1393 10991 1584 3417 10992 1592 1397 10993 1591 1399 10994 1584 3417 10995 1589 1402 10996 1581 1390 10997 1584 3417 10998 1591 1399 10999 1589 1402 11000 1588 3419 11001 1596 1403 11002 1587 1393 11003 1590 1395 11004 1593 1398 11005 1592 1397 11006 1588 3419 11007 1595 1401 11008 1598 1406 11009 1595 1401 11010 1601 3420 11011 1600 1407 11012 1595 1401 11013 1597 1404 11014 1598 1406 11015 1596 1403 11016 1598 1406 11017 1594 1400 11018 1594 1400 11019 1601 3420 11020 1593 1398 11021 1609 1412 11022 1611 1417 11023 1606 1409 11024 1599 1405 11025 1602 1408 11026 1598 1406 11027 1604 1415 11028 1607 1413 11029 1603 1411 11030 1605 1410 11031 1608 1414 11032 1604 1415 11033 1625 1431 11034 1620 1424 11035 1626 1429 11036 1607 1413 11037 1613 1418 11038 1609 1412 11039 1611 1417 11040 1614 1420 11041 1610 1416 11042 1609 1412 11043 1615 1419 11044 1612 3421 11045 1612 3421 11046 1615 1419 11047 1611 1417 11048 1614 1420 11049 1616 1421 11050 1613 1418 11051 1611 1417 11052 1617 1422 11053 1614 1420 11054 1616 1421 11055 1618 3422 11056 1615 1419 11057 1614 1420 11058 1617 1422 11059 1619 1423 11060 1618 3422 11061 1620 1424 11062 1615 1419 11063 1616 1421 11064 1621 1425 11065 1618 3422 11066 1617 1422 11067 1622 1426 11068 1619 1423 11069 1622 1426 11070 1623 1427 11071 1619 1423 11072 1618 3422 11073 1624 1428 11074 1620 1424 11075 1621 1425 11076 1624 1428 11077 1618 3422 11078 1622 1426 11079 1625 1431 11080 1623 1427 11081 1631 1435 11082 1629 1432 11083 1632 1437 11084 1623 1427 11085 1624 1428 11086 1621 1425 11087 1624 1428 11088 1628 1434 11089 1626 1429 11090 1627 1430 11091 1628 1434 11092 1624 1428 11093 1623 1427 11094 1629 1432 11095 1627 1430 11096 1628 1434 11097 1631 1435 11098 1630 1433 11099 1641 1447 11100 1640 1444 11101 1642 1446 11102 1630 1433 11103 1633 1436 11104 1629 1432 11105 1631 1435 11106 1635 1440 11107 1630 1433 11108 1632 1437 11109 1634 1439 11110 1631 1435 11111 1633 1436 11112 1634 1439 11113 1632 1437 11114 1630 1433 11115 1635 1440 11116 1633 1436 11117 1631 1435 11118 1636 1441 11119 1635 1440 11120 1634 1439 11121 1636 1441 11122 1631 1435 11123 1637 1438 11124 1643 1445 11125 1639 1443 11126 1638 1442 11127 1643 1445 11128 1642 1446 11129 1651 1451 11130 1654 1456 11131 1648 1449 11132 1644 1450 11133 1649 1453 11134 1647 1455 11135 1648 1449 11136 1649 1453 11137 1644 1450 11138 1647 1455 11139 1650 1460 11140 1646 1452 11141 1645 1448 11142 1651 1451 11143 1648 1449 11144 1650 1460 11145 1651 1451 11146 1646 1452 11147 1647 1455 11148 1652 1454 11149 1650 1460 11150 1651 1451 11151 1656 1459 11152 1655 1457 11153 1649 1453 11154 1654 1456 11155 1652 1454 11156 1659 1464 11157 1658 3423 11158 1664 1462 11159 1658 3423 11160 1657 1461 11161 1654 1456 11162 1653 1458 11163 1658 3423 11164 1654 1456 11165 1652 1454 11166 1657 1461 11167 1656 1459 11168 1659 1464 11169 1663 1463 11170 1657 1461 11171 1658 3423 11172 1660 1466 11173 1664 1462 11174 1660 1466 11175 1655 1457 11176 1661 1467 11177 1655 1457 11178 1662 3424 11179 1661 1467 11180 1657 1461 11181 1662 3424 11182 1656 1459 11183 1661 1467 11184 1668 1472 11185 1667 1470 11186 1663 1463 11187 1668 1472 11188 1662 3424 11189 1667 1470 11190 1672 1475 11191 1665 1465 11192 1664 1462 11193 1670 1473 11194 1669 1468 11195 1666 1469 11196 1670 1473 11197 1664 1462 11198 1668 1472 11199 1671 1471 11200 1667 1470 11201 1665 1465 11202 1672 1475 11203 1666 1469 11204 1689 1495 11205 1686 3425 11206 1690 3426 11207 1671 1471 11208 1673 1478 11209 1667 1470 11210 1670 1473 11211 1675 1479 11212 1674 1474 11213 1666 1469 11214 1675 1479 11215 1670 1473 11216 1666 1469 11217 1676 1476 11218 1675 1479 11219 1673 1478 11220 1677 1477 11221 1672 1475 11222 1674 1474 11223 1675 1479 11224 1671 1471 11225 1680 1480 11226 1682 1487 11227 1681 1481 11228 1678 1484 11229 1684 1485 11230 1683 1483 11231 1679 1482 11232 1686 3425 11233 1684 1485 11234 1681 1481 11235 1686 3425 11236 1679 1482 11237 1681 1481 11238 1687 1488 11239 1686 3425 11240 1682 1487 11241 1688 1489 11242 1687 1488 11243 1684 1485 11244 1689 1495 11245 1683 1483 11246 1691 1490 11247 1694 1492 11248 1688 1489 11249 1687 1488 11250 1690 3426 11251 1686 3425 11252 1689 1495 11253 1692 1491 11254 1683 1483 11255 1690 3426 11256 1693 3427 11257 1689 1495 11258 1687 1488 11259 1693 3427 11260 1690 3426 11261 1702 3428 11262 1696 1494 11263 1698 3429 11264 1693 3427 11265 1696 1494 11266 1689 1495 11267 1687 1488 11268 1697 1496 11269 1693 3427 11270 1696 1494 11271 1699 3430 11272 1698 3429 11273 1693 3427 11274 1700 3431 11275 1699 3430 11276 1697 1496 11277 1701 3432 11278 1700 3431 11279 1713 1507 11280 1710 1505 11281 1714 1508 11282 1695 1493 11283 1701 3432 11284 1694 1492 11285 1692 1491 11286 1702 3428 11287 1695 1493 11288 1695 1493 11289 1702 3428 11290 1701 3432 11291 1708 1502 11292 1710 1505 11293 1704 1500 11294 1706 1498 11295 1712 1504 11296 1709 1503 11297 1709 1503 11298 1708 1502 11299 1711 1506 11300 1712 1504 11301 1715 1510 11302 1709 1503 11303 1714 1508 11304 1717 1517 11305 1713 1507 11306 1713 1507 11307 1717 1517 11308 1721 3433 11309 1719 1511 11310 1715 1510 11311 1720 1514 11312 1719 1511 11313 1714 1508 11314 1716 1509 11315 1720 1514 11316 1713 1507 11317 1721 3433 11318 1720 1514 11319 1724 1516 11320 1723 1513 11321 1714 1508 11322 1722 1512 11323 1718 1519 11324 1717 1517 11325 1724 1516 11326 1721 3433 11327 1717 1517 11328 1726 1518 11329 1725 1515 11330 1728 1521 11331 1729 1522 11332 1731 1528 11333 1727 1520 11334 1730 1525 11335 1732 1523 11336 1727 1520 11337 1729 1522 11338 1726 1518 11339 1731 1528 11340 1734 1526 11341 1730 1525 11342 1728 1521 11343 1731 1528 11344 1730 1525 11345 1727 1520 11346 1732 1523 11347 1729 1522 11348 1733 1524 11349 1731 1528 11350 1729 1522 11351 1736 1527 11352 1742 1534 11353 1741 1538 11354 1731 1528 11355 1736 1527 11356 1735 1530 11357 1733 1524 11358 1737 1531 11359 1736 1527 11360 1738 1529 11361 1739 1532 11362 1734 1526 11363 1736 1527 11364 1740 1537 11365 1738 1529 11366 1736 1527 11367 1741 1538 11368 1740 1537 11369 1746 1541 11370 1751 1546 11371 1750 1545 11372 1739 1532 11373 1742 1534 11374 1737 1531 11375 1738 1529 11376 1740 1537 11377 1739 1532 11378 1742 1534 11379 1744 1533 11380 1741 1538 11381 1740 1537 11382 1745 1536 11383 1739 1532 11384 1744 1533 11385 1743 1535 11386 1741 1538 11387 1739 1532 11388 1745 1536 11389 1744 1533 11390 1746 1541 11391 1750 1545 11392 1749 1539 11393 1747 3434 11394 1752 3435 11395 1751 1546 11396 1751 1546 11397 1755 1542 11398 1754 1547 11399 1748 1540 11400 1755 1542 11401 1752 3435 11402 1754 1547 11403 1753 1544 11404 1751 1546 11405 1758 1549 11406 1753 1544 11407 1759 1548 11408 1749 1539 11409 1757 1551 11410 1756 1543 11411 1750 1545 11412 1757 1551 11413 1749 1539 11414 1750 1545 11415 1758 1549 11416 1757 1551 11417 1754 1547 11418 1760 1552 11419 1759 1548 11420 1756 1543 11421 1760 1552 11422 1755 1542 11423 1763 1556 11424 1771 1563 11425 1770 1561 11426 1762 1557 11427 1758 1549 11428 1759 1548 11429 1760 1552 11430 1762 1557 11431 1759 1548 11432 1762 1557 11433 1763 1556 11434 1758 1549 11435 1760 1552 11436 1764 1553 11437 1762 1557 11438 1761 1550 11439 1765 1554 11440 1767 1559 11441 1763 1556 11442 1765 1554 11443 1758 1549 11444 1761 1550 11445 1767 1559 11446 1764 1553 11447 1765 1554 11448 1769 1560 11449 1768 1558 11450 1768 1558 11451 1773 1565 11452 1767 1559 11453 1771 1563 11454 1764 1553 11455 1772 1567 11456 1772 1567 11457 1767 1559 11458 1773 1565 11459 1781 1572 11460 1789 1580 11461 1790 1581 11462 1772 1567 11463 1774 1562 11464 1771 1563 11465 1768 1558 11466 1775 1566 11467 1773 1565 11468 1772 1567 11469 1775 1566 11470 1774 1562 11471 1769 1560 11472 1776 1564 11473 1768 1558 11474 1768 1558 11475 1776 1564 11476 1775 1566 11477 1777 1570 11478 1781 1572 11479 1779 1574 11480 1781 1572 11481 1783 1573 11482 1779 1574 11483 1778 1568 11484 1784 1575 11485 1780 1569 11486 1780 1569 11487 1785 1579 11488 1782 1571 11489 1784 1575 11490 1785 1579 11491 1780 1569 11492 1781 1572 11493 1787 1577 11494 1783 1573 11495 1786 1576 11496 1788 1578 11497 1784 1575 11498 1792 1583 11499 1787 1577 11500 1793 1584 11501 1788 1578 11502 1791 1582 11503 1785 1579 11504 1812 1601 11505 1811 1603 11506 1810 1600 11507 1789 1580 11508 1794 1586 11509 1790 1581 11510 1791 1582 11511 1794 1586 11512 1789 1580 11513 1792 1583 11514 1795 1585 11515 1788 1578 11516 1792 1583 11517 1796 1589 11518 1795 1585 11519 1793 1584 11520 1796 1589 11521 1792 1583 11522 1791 1582 11523 1798 1591 11524 1794 1586 11525 1795 1585 11526 1798 1591 11527 1791 1582 11528 1797 1587 11529 1799 1588 11530 1793 1584 11531 1796 1589 11532 1800 1590 11533 1795 1585 11534 1794 1586 11535 1801 1592 11536 1797 1587 11537 1799 1588 11538 1802 1593 11539 1796 1589 11540 1798 1591 11541 1803 3436 11542 1801 1592 11543 1800 1590 11544 1803 3436 11545 1798 1591 11546 1801 1592 11547 1804 1594 11548 1797 1587 11549 1801 1592 11550 1803 3436 11551 1804 1594 11552 1799 1588 11553 1804 1594 11554 1802 1593 11555 1805 1596 11556 1817 1602 11557 1812 1601 11558 1810 1600 11559 1811 1603 11560 1807 1598 11561 1809 1595 11562 1814 3437 11563 1813 1604 11564 1815 1605 11565 1814 3437 11566 1809 1595 11567 1817 1602 11568 1818 1608 11569 1823 1607 11570 1812 1601 11571 1817 1602 11572 1816 3438 11573 1818 1608 11574 1814 3437 11575 1819 1610 11576 1814 3437 11577 1820 1611 11578 1819 1610 11579 1811 1603 11580 1820 1611 11581 1815 1605 11582 1811 1603 11583 1822 1613 11584 1821 3439 11585 1822 1613 11586 1817 1602 11587 1823 1607 11588 1825 1609 11589 1821 3439 11590 1829 1618 11591 1819 1610 11592 1824 1606 11593 1818 1608 11594 1829 1618 11595 1822 1613 11596 1826 1612 11597 1831 1617 11598 1835 1620 11599 1834 3440 11600 1819 1610 11601 1827 1615 11602 1824 1606 11603 1825 1609 11604 1829 1618 11605 1827 1615 11606 1827 1615 11607 1830 1616 11608 1824 1606 11609 1828 1614 11610 1830 1616 11611 1826 1612 11612 1831 1617 11613 1832 1619 11614 1827 1615 11615 1832 1619 11616 1833 1621 11617 1830 1616 11618 1834 3440 11619 1832 1619 11620 1831 1617 11621 1840 1627 11622 1844 1634 11623 1839 3441 11624 1833 1621 11625 1838 1623 11626 1835 1620 11627 1832 1619 11628 1836 1622 11629 1833 1621 11630 1834 3440 11631 1837 1624 11632 1832 1619 11633 1835 1620 11634 1837 1624 11635 1834 3440 11636 1838 1623 11637 1837 1624 11638 1835 1620 11639 1839 3441 11640 1843 1628 11641 1841 1625 11642 1844 1634 11643 1843 1628 11644 1839 3441 11645 1845 1632 11646 1849 3442 11647 1848 1633 11648 1842 1626 11649 1845 1632 11650 1840 1627 11651 1841 1625 11652 1846 1629 11653 1842 1626 11654 1844 1634 11655 1847 1630 11656 1843 1628 11657 1844 1634 11658 1848 1633 11659 1847 1630 11660 1846 1629 11661 1849 3442 11662 1842 1626 11663 1843 1628 11664 1850 3443 11665 1846 1629 11666 1851 1631 11667 1853 3444 11668 1858 1638 11669 1849 3442 11670 1852 1635 11671 1848 1633 11672 1852 1635 11673 1853 3444 11674 1847 1630 11675 1852 1635 11676 1856 3445 11677 1855 3446 11678 1855 3446 11679 1854 3447 11680 1852 1635 11681 1856 3445 11682 1850 3443 11683 1857 1637 11684 1850 3443 11685 1858 1638 11686 1857 1637 11687 1853 3444 11688 1862 1636 11689 1858 1638 11690 1853 3444 11691 1859 3448 11692 1868 1641 11693 1859 3448 11694 1855 3446 11695 1860 3449 11696 1855 3446 11697 1861 3450 11698 1860 3449 11699 1861 3450 11700 1857 1637 11701 1862 1636 11702 1868 1641 11703 1864 1644 11704 1863 1639 11705 1864 1644 11706 1860 3449 11707 1865 1647 11708 1860 3449 11709 1866 1649 11710 1865 1647 11711 1861 3450 11712 1867 1642 11713 1866 1649 11714 1872 1646 11715 1866 1649 11716 1873 1648 11717 1868 1641 11718 1867 1642 11719 1862 1636 11720 1865 1647 11721 1870 1643 11722 1864 1644 11723 1870 1643 11724 1871 1645 11725 1863 1639 11726 1873 1648 11727 1869 1640 11728 1871 1645 11729 1887 1666 11730 1883 1656 11731 1888 1663 11732 1872 1646 11733 1874 1652 11734 1870 1643 11735 1873 1648 11736 1874 1652 11737 1872 1646 11738 1871 1645 11739 1875 1651 11740 1873 1648 11741 1870 1643 11742 1874 1652 11743 1876 1650 11744 1880 1654 11745 1882 1658 11746 1879 1660 11747 1879 1660 11748 1884 1659 11749 1878 1657 11750 1884 1659 11751 1885 1662 11752 1878 1657 11753 1880 1654 11754 1886 1661 11755 1882 1658 11756 1881 1653 11757 1887 1666 11758 1886 1661 11759 1884 1659 11760 1890 3451 11761 1889 1664 11762 1886 1661 11763 1893 3452 11764 1895 1673 11765 1886 1661 11766 1890 3451 11767 1882 1658 11768 1885 1662 11769 1891 1668 11770 1888 1663 11771 1889 1664 11772 1891 1668 11773 1885 1662 11774 1891 1668 11775 1892 1665 11776 1888 1663 11777 1894 1669 11778 1886 1661 11779 1895 1673 11780 1892 1665 11781 1893 3452 11782 1887 1666 11783 1890 3451 11784 1894 1669 11785 1889 1664 11786 1891 1668 11787 1897 1670 11788 1896 1667 11789 1895 1673 11790 1898 3453 11791 1900 1672 11792 1898 3453 11793 1892 1665 11794 1899 1671 11795 1897 1670 11796 1902 1676 11797 1896 1667 11798 1900 1672 11799 1901 1674 11800 1894 1669 11801 1896 1667 11802 1902 1676 11803 1899 1671 11804 1907 1682 11805 1898 3453 11806 1904 1680 11807 1901 1674 11808 1903 1677 11809 1897 1670 11810 1898 3453 11811 1905 3454 11812 1904 1680 11813 1910 1686 11814 1914 1687 11815 1916 1685 11816 1902 1676 11817 1905 3454 11818 1899 1671 11819 1900 1672 11820 1907 1682 11821 1901 1674 11822 1902 1676 11823 1908 1678 11824 1905 3454 11825 1907 1682 11826 1909 1679 11827 1901 1674 11828 1905 3454 11829 1910 1686 11830 1904 1680 11831 1908 1678 11832 1910 1686 11833 1905 3454 11834 1907 1682 11835 1911 1681 11836 1909 1679 11837 1910 1686 11838 1912 1683 11839 1904 1680 11840 1906 1675 11841 1913 1684 11842 1908 1678 11843 1912 1683 11844 1915 1688 11845 1911 1681 11846 1918 1698 11847 1925 1696 11848 1917 1691 11849 1909 1679 11850 1915 1688 11851 1913 1684 11852 1915 1688 11853 1914 1687 11854 1913 1684 11855 1912 1683 11856 1916 1685 11857 1915 1688 11858 1919 1694 11859 1923 1693 11860 1918 1698 11861 1920 1692 11862 1924 1695 11863 1923 1693 11864 1923 1693 11865 1933 1705 11866 1932 1704 11867 1921 1690 11868 1927 1701 11869 1924 1695 11870 1922 1689 11871 1927 1701 11872 1921 1690 11873 1925 1696 11874 1928 1699 11875 1922 1689 11876 1928 1699 11877 1931 1703 11878 1922 1689 11879 1934 3455 11880 1930 1702 11881 1935 3456 11882 1928 1699 11883 1934 3455 11884 1931 1703 11885 1944 1712 11886 1940 1715 11887 1945 1714 11888 1932 1704 11889 1935 3456 11890 1930 1702 11891 1936 1706 11892 1935 3456 11893 1932 1704 11894 1931 1703 11895 1934 3455 11896 1936 1706 11897 1951 1720 11898 1947 1718 11899 1952 1722 11900 1941 1708 11901 1947 1718 11902 1945 1714 11903 1942 1707 11904 1947 1718 11905 1941 1708 11906 1943 1710 11907 1949 1719 11908 1948 1717 11909 1946 1716 11910 1950 1721 11911 1949 1719 11912 1944 1712 11913 1950 1721 11914 1946 1716 11915 1945 1714 11916 1951 1720 11917 1944 1712 11918 1949 1719 11919 1952 1722 11920 1948 1717 11921 1950 1721 11922 1952 1722 11923 1949 1719 11924 1976 1746 11925 1978 3457 11926 1975 1745 11927 1953 1725 11928 1957 1724 11929 1955 1729 11930 1954 1727 11931 1956 1723 11932 1953 1725 11933 1955 1729 11934 1958 1726 11935 1954 1727 11936 1962 1736 11937 1967 1735 11938 1961 1733 11939 1965 1731 11940 1968 1737 11941 1964 1738 11942 1966 1730 11943 1971 1741 11944 1965 1731 11945 1963 1734 11946 1970 1740 11947 1967 1735 11948 1967 1735 11949 1972 1742 11950 1969 1739 11951 1971 1741 11952 1973 1743 11953 1968 1737 11954 1973 1743 11955 1974 1744 11956 1970 1740 11957 1966 1730 11958 1975 1745 11959 1971 1741 11960 1975 1745 11961 1977 1747 11962 1971 1741 11963 1975 1745 11964 1978 3457 11965 1977 1747 11966 1976 1746 11967 1980 3458 11968 1979 3459 11969 1974 1744 11970 1980 3458 11971 1972 1742 11972 1974 1744 11973 1982 1748 11974 1981 3460 11975 1984 1754 11976 1978 3457 11977 1983 3461 11978 1985 1751 11979 1980 3458 11980 1986 1749 11981 1979 3459 11982 1983 3461 11983 1978 3457 11984 1977 1747 11985 1984 1754 11986 1982 1748 11987 1979 3459 11988 1985 1751 11989 1983 3461 11990 1980 3458 11991 1987 3462 11992 1986 1749 11993 1982 1748 11994 1987 3462 11995 1981 3460 11996 1984 1754 11997 1989 3463 11998 1992 1752 11999 1984 1754 12000 1988 1753 12001 1982 1748 12002 1989 3463 12003 1985 1751 12004 1990 1750 12005 1999 1760 12006 1996 1757 12007 2000 1763 12008 1987 3462 12009 1991 1758 12010 1986 1749 12011 1988 1753 12012 1991 1758 12013 1987 3462 12014 1989 3463 12015 1993 1761 12016 1992 1752 12017 1990 1750 12018 1993 1761 12019 1989 3463 12020 1991 1758 12021 1994 1755 12022 1986 1749 12023 1988 1753 12024 1995 1756 12025 1991 1758 12026 1995 1756 12027 1996 1757 12028 1991 1758 12029 1990 1750 12030 1997 1762 12031 1993 1761 12032 1994 1755 12033 1997 1762 12034 1990 1750 12035 1993 1761 12036 1998 1759 12037 1992 1752 12038 1994 1755 12039 1999 1760 12040 1997 1762 12041 1999 1760 12042 1998 1759 12043 1993 1761 12044 2008 1764 12045 2014 1774 12046 2013 1773 12047 2004 3464 12048 2007 1775 12049 2003 1766 12050 2005 1769 12051 2007 1775 12052 2004 3464 12053 2007 1775 12054 2008 1764 12055 2003 1766 12056 2001 3465 12057 2009 1771 12058 2006 1767 12059 2002 1765 12060 2009 1771 12061 2001 3465 12062 2005 1769 12063 2010 1768 12064 2007 1775 12065 2009 1771 12066 2012 1772 12067 2006 1767 12068 2017 1782 12069 2013 1773 12070 2018 3466 12071 2012 1772 12072 2015 1776 12073 2010 1768 12074 2009 1771 12075 2016 1777 12076 2012 1772 12077 2011 1770 12078 2017 1782 12079 2016 1777 12080 2013 1773 12081 2019 1784 12082 2018 3466 12083 2017 1782 12084 2024 1788 12085 2023 1781 12086 2015 1776 12087 2019 1784 12088 2014 1774 12089 2017 1782 12090 2021 1779 12091 2016 1777 12092 2015 1776 12093 2022 1780 12094 2019 1784 12095 2021 1779 12096 2026 1786 12097 2020 1778 12098 2018 3466 12099 2025 1783 12100 2024 1788 12101 2027 1785 12102 2030 1789 12103 2029 3467 12104 2020 1778 12105 2026 1786 12106 2022 1780 12107 2023 1781 12108 2027 1785 12109 2021 1779 12110 2026 1786 12111 2028 1787 12112 2022 1780 12113 2027 1785 12114 2029 3467 12115 2026 1786 12116 2028 1787 12117 2029 3467 12118 2031 1790 12119 2028 1787 12120 2031 1790 12121 2025 1783 12122 2038 3468 12123 2039 1798 12124 2043 1797 12125 2033 3469 12126 2040 3470 12127 2039 1798 12128 2034 3471 12129 2041 1800 12130 2040 3470 12131 2038 3468 12132 2042 1792 12133 2037 1794 12134 2036 1793 12135 2041 1800 12136 2035 3472 12137 2040 3470 12138 2045 1796 12139 2039 1798 12140 2036 1793 12141 2044 1795 12142 2041 1800 12143 2040 3470 12144 2047 1799 12145 2046 1804 12146 2042 1792 12147 2045 1796 12148 2048 1803 12149 2042 1792 12150 2048 1803 12151 2044 1795 12152 2068 1825 12153 2060 1811 12154 2063 1818 12155 2048 1803 12156 2049 1801 12157 2044 1795 12158 2045 1796 12159 2053 1805 12160 2050 1802 12161 2047 1799 12162 2051 1807 12163 2046 1804 12164 2049 1801 12165 2051 1807 12166 2047 1799 12167 2050 1802 12168 2052 1806 12169 2048 1803 12170 2046 1804 12171 2051 1807 12172 2053 1805 12173 2054 1813 12174 2059 1812 12175 2056 1808 12176 2055 1810 12177 2057 1815 12178 2054 1813 12179 2057 1815 12180 2060 1811 12181 2054 1813 12182 2056 1808 12183 2062 1816 12184 2058 1809 12185 2063 1818 12186 2057 1815 12187 2064 1819 12188 2057 1815 12189 2065 1822 12190 2064 1819 12191 2061 1814 12192 2066 1820 12193 2065 1822 12194 2062 1816 12195 2066 1820 12196 2058 1809 12197 2062 1816 12198 2068 1825 12199 2067 1824 12200 2068 1825 12201 2069 1817 12202 2071 1823 12203 2069 1817 12204 2065 1822 12205 2070 1821 12206 2070 1821 12207 2067 1824 12208 2071 1823 12209 2081 1835 12210 2085 1845 12211 2084 1838 12212 2070 1821 12213 2073 1827 12214 2069 1817 12215 2071 1823 12216 2074 1828 12217 2070 1821 12218 2070 1821 12219 2074 1828 12220 2073 1827 12221 2075 1836 12222 2078 1832 12223 2077 1831 12224 2076 1830 12225 2079 1834 12226 2075 1836 12227 2075 1836 12228 2081 1835 12229 2078 1832 12230 2080 1829 12231 2082 1837 12232 2076 1830 12233 2078 1832 12234 2087 1841 12235 2083 1833 12236 2085 1845 12237 2082 1837 12238 2086 1839 12239 2101 3473 12240 2106 1858 12241 2105 3474 12242 2083 1833 12243 2087 1841 12244 2080 1829 12245 2084 1838 12246 2088 1840 12247 2078 1832 12248 2080 1829 12249 2089 1842 12250 2086 1839 12251 2085 1845 12252 2090 1844 12253 2084 1838 12254 2089 1842 12255 2090 1844 12256 2086 1839 12257 2088 1840 12258 2092 1846 12259 2091 1843 12260 2090 1844 12261 2093 1848 12262 2084 1838 12263 2091 1843 12264 2094 1847 12265 2089 1842 12266 2094 1847 12267 2093 1848 12268 2090 1844 12269 2100 1852 12270 2099 1853 12271 2097 1854 12272 2101 3473 12273 2105 3474 12274 2103 1857 12275 2119 1875 12276 2127 3475 12277 2126 1874 12278 2105 3474 12279 2104 1855 12280 2103 1857 12281 2114 1866 12282 2116 1868 12283 2113 1870 12284 2116 1868 12285 2118 1869 12286 2113 1870 12287 2119 1875 12288 2125 1871 12289 2124 1873 12290 2127 3475 12291 2121 3476 12292 2128 3477 12293 2128 3477 12294 2122 3478 12295 2129 3479 12296 2122 3478 12297 2130 1877 12298 2129 3479 12299 2127 3475 12300 2132 1878 12301 2126 1874 12302 2125 1871 12303 2130 1877 12304 2123 1872 12305 2127 3475 12306 2134 1882 12307 2133 1881 12308 2134 1882 12309 2129 3479 12310 2135 1884 12311 2135 1884 12312 2130 1877 12313 2136 1879 12314 2131 1876 12315 2137 1887 12316 2140 1889 12317 2134 1882 12318 2139 1883 12319 2138 1880 12320 2133 1881 12321 2137 1887 12322 2132 1878 12323 2143 1893 12324 2138 1880 12325 2144 1897 12326 2131 1876 12327 2140 1889 12328 2136 1879 12329 2140 1889 12330 2141 1885 12331 2136 1879 12332 2137 1887 12333 2142 1886 12334 2140 1889 12335 2133 1881 12336 2143 1893 12337 2142 1886 12338 2138 1880 12339 2145 1891 12340 2144 1897 12341 2141 1885 12342 2147 1888 12343 2146 1890 12344 2141 1885 12345 2145 1891 12346 2139 1883 12347 2151 1896 12348 2145 1891 12349 2152 1898 12350 2142 1886 12351 2149 1895 12352 2147 1888 12353 2144 1897 12354 2148 1892 12355 2143 1893 12356 2147 1888 12357 2149 1895 12358 2146 1890 12359 2148 1892 12360 2150 1894 12361 2142 1886 12362 2154 1901 12363 2149 1895 12364 2155 3480 12365 2150 1894 12366 2155 3480 12367 2149 1895 12368 2151 1896 12369 2153 1899 12370 2148 1892 12371 2146 1890 12372 2154 1901 12373 2152 1898 12374 2155 3480 12375 2156 1905 12376 2160 3481 12377 2156 1905 12378 2153 1899 12379 2157 1906 12380 2153 1899 12381 2158 1903 12382 2157 1906 12383 2154 1901 12384 2160 3481 12385 2159 1900 12386 2152 1898 12387 2158 1903 12388 2151 1896 12389 2162 1904 12390 2161 1902 12391 2164 1907 12392 2159 1900 12393 2161 1902 12394 2152 1898 12395 2156 1905 12396 2163 1908 12397 2160 3481 12398 2158 1903 12399 2162 1904 12400 2157 1906 12401 2160 3481 12402 2163 1908 12403 2159 1900 12404 2162 1904 12405 2163 1908 12406 2156 1905 12407 2175 1919 12408 2169 1909 12409 2176 1921 12410 2165 1910 12411 2170 1913 12412 2168 1917 12413 2169 1909 12414 2171 1912 12415 2165 1910 12416 2168 1917 12417 2173 1916 12418 2167 1915 12419 2169 1909 12420 2177 3482 12421 2176 1921 12422 2177 3482 12423 2181 1927 12424 2180 1925 12425 2174 1918 12426 2177 3482 12427 2172 1914 12428 2175 1919 12429 2178 1920 12430 2173 1916 12431 2175 1919 12432 2179 1922 12433 2182 1923 12434 2177 3482 12435 2180 1925 12436 2176 1921 12437 2187 1928 12438 2179 1922 12439 2184 1933 12440 2178 1920 12441 2181 1927 12442 2174 1918 12443 2181 1927 12444 2183 1924 12445 2180 1925 12446 2179 1922 12447 2185 1931 12448 2184 1933 12449 2190 1930 12450 2184 1933 12451 2191 1932 12452 2183 1924 12453 2185 1931 12454 2176 1921 12455 2182 1923 12456 2187 1928 12457 2178 1920 12458 2178 1920 12459 2188 1929 12460 2186 1926 12461 2183 1924 12462 2189 1934 12463 2185 1931 12464 2186 1926 12465 2189 1934 12466 2183 1924 12467 2187 1928 12468 2190 1930 12469 2188 1929 12470 2199 1941 12471 2203 3483 12472 2201 1945 12473 2190 1930 12474 2189 1934 12475 2186 1926 12476 2193 1942 12477 2196 1939 12478 2192 1937 12479 2194 1936 12480 2197 1940 12481 2193 1942 12482 2195 1935 12483 2200 1943 12484 2194 1936 12485 2193 1942 12486 2199 1941 12487 2196 1939 12488 2198 1938 12489 2201 1945 12490 2195 1935 12491 2196 1939 12492 2201 1945 12493 2198 1938 12494 2203 3483 12495 2200 1943 12496 2202 1944 12497 2211 1952 12498 2214 3484 12499 2213 1955 12500 2204 1948 12501 2209 1950 12502 2206 1954 12503 2206 1954 12504 2208 1951 12505 2205 1946 12506 2205 1946 12507 2211 1952 12508 2207 1947 12509 2209 1950 12510 2212 1953 12511 2206 1954 12512 2210 1949 12513 2215 1956 12514 2209 1950 12515 2207 1947 12516 2215 1956 12517 2210 1949 12518 2214 3484 12519 2212 1953 12520 2215 1956 12521 2217 1961 12522 2222 1965 12523 2216 1959 12524 2219 1957 12525 2221 1963 12526 2218 1958 12527 2216 1959 12528 2222 1965 12529 2219 1957 12530 2224 1962 12531 2229 1971 12532 2228 1974 12533 2220 1960 12534 2223 1967 12535 2217 1961 12536 2220 1960 12537 2225 1964 12538 2223 1967 12539 2222 1965 12540 2227 1968 12541 2226 1966 12542 2224 1962 12543 2228 1974 12544 2225 1964 12545 2225 1964 12546 2230 1969 12547 2223 1967 12548 2226 1966 12549 2229 1971 12550 2221 1963 12551 2234 1972 12552 2229 1971 12553 2235 1975 12554 2228 1974 12555 2231 1973 12556 2225 1964 12557 2227 1968 12558 2233 1976 12559 2232 1970 12560 2230 1969 12561 2233 1976 12562 2227 1968 12563 2231 1973 12564 2235 1975 12565 2236 1979 12566 2231 1973 12567 2236 1979 12568 2233 1976 12569 2235 1975 12570 2238 1977 12571 2237 1978 12572 2233 1976 12573 2236 1979 12574 2238 1977 12575 2247 1988 12576 2250 3485 12577 2252 1993 12578 2236 1979 12579 2239 1981 12580 2238 1977 12581 2237 1978 12582 2240 1982 12583 2236 1979 12584 2240 1982 12585 2239 1981 12586 2236 1979 12587 2242 1984 12588 2247 1988 12589 2245 1990 12590 2245 1990 12591 2249 1989 12592 2244 1987 12593 2249 1989 12594 2253 1991 12595 2244 1987 12596 2246 1983 12597 2250 3485 12598 2242 1984 12599 2253 1991 12600 2255 1994 12601 2254 1995 12602 2258 2000 12603 2250 3485 12604 2256 1998 12605 2250 3485 12606 2257 3486 12607 2256 1998 12608 2275 2014 12609 2280 3487 12610 2279 2015 12611 2253 1991 12612 2257 3486 12613 2251 1992 12614 2252 1993 12615 2258 2000 12616 2255 1994 12617 2253 1991 12618 2259 1996 12619 2257 3486 12620 2254 1995 12621 2260 1997 12622 2259 1996 12623 2258 2000 12624 2260 1997 12625 2255 1994 12626 2257 3486 12627 2261 2001 12628 2256 1998 12629 2259 1996 12630 2261 2001 12631 2257 3486 12632 2258 2000 12633 2262 1999 12634 2260 1997 12635 2260 1997 12636 2261 2001 12637 2259 1996 12638 2265 2009 12639 2267 2006 12640 2264 2002 12641 2263 2004 12642 2268 2010 12643 2265 2009 12644 2264 2002 12645 2269 2007 12646 2266 2003 12647 2268 2010 12648 2270 2008 12649 2265 2009 12650 2266 2003 12651 2274 2013 12652 2271 2005 12653 2267 2006 12654 2272 2011 12655 2269 2007 12656 2270 2008 12657 2273 2012 12658 2267 2006 12659 2271 2005 12660 2274 2013 12661 2268 2010 12662 2272 2011 12663 2274 2013 12664 2266 2003 12665 2277 2017 12666 2282 3488 12667 2281 2018 12668 2276 2019 12669 2281 2018 12670 2280 3487 12671 2290 2027 12672 2295 2032 12673 2289 2026 12674 2278 2016 12675 2279 2015 12676 2282 3488 12677 2283 2021 12678 2290 2027 12679 2289 2026 12680 2288 2025 12681 2291 2028 12682 2285 2023 12683 2289 2026 12684 2294 2030 12685 2292 2029 12686 2287 2020 12687 2293 2036 12688 2290 2027 12689 2288 2025 12690 2294 2030 12691 2291 2028 12692 2296 2031 12693 2298 2035 12694 2293 2036 12695 2287 2020 12696 2296 2031 12697 2293 2036 12698 2294 2030 12699 2296 2031 12700 2291 2028 12701 2297 2033 12702 2300 2037 12703 2294 2030 12704 2295 2032 12705 2300 2037 12706 2297 2033 12707 2301 2039 12708 2299 2034 12709 2302 2040 12710 2294 2030 12711 2300 2037 12712 2299 2034 12713 2300 2037 12714 2302 2040 12715 2299 2034 12716 2303 2041 12717 2298 2035 12718 2301 2039 12719 2303 2041 12720 2305 2043 12721 2300 2037 12722 2303 2041 12723 2307 3489 12724 2306 2042 12725 2302 2040 12726 2305 2043 12727 2304 2038 12728 2307 3489 12729 2308 2049 12730 2313 2047 12731 2308 2049 12732 2304 2038 12733 2309 3490 12734 2304 2038 12735 2310 2051 12736 2309 3490 12737 2306 2042 12738 2310 2051 12739 2305 2043 12740 2312 2046 12741 2307 3489 12742 2313 2047 12743 2312 2046 12744 2311 2045 12745 2306 2042 12746 2309 3490 12747 2315 2048 12748 2308 2049 12749 2309 3490 12750 2317 2050 12751 2316 3491 12752 2323 2056 12753 2324 2061 12754 2327 2060 12755 2319 2054 12756 2321 2055 12757 2318 3492 12758 2318 3492 12759 2323 2056 12760 2320 2052 12761 2321 2055 12762 2323 2056 12763 2318 3492 12764 2322 2053 12765 2326 3493 12766 2328 2057 12767 2321 2055 12768 2325 2058 12769 2324 2061 12770 2322 2053 12771 2325 2058 12772 2321 2055 12773 2336 2068 12774 2338 2071 12775 2333 2065 12776 2323 2056 12777 2327 2060 12778 2326 3493 12779 2325 2058 12780 2329 2059 12781 2324 2061 12782 2328 2057 12783 2330 2063 12784 2325 2058 12785 2326 3493 12786 2331 2064 12787 2328 2057 12788 2327 2060 12789 2331 2064 12790 2326 3493 12791 2329 2059 12792 2331 2064 12793 2327 2060 12794 2328 2057 12795 2333 2065 12796 2330 2063 12797 2333 2065 12798 2334 2066 12799 2330 2063 12800 2334 2066 12801 2337 2069 12802 2332 2062 12803 2350 2080 12804 2352 2085 12805 2354 2083 12806 2340 2070 12807 2339 3494 12808 2336 2068 12809 2334 2066 12810 2341 2072 12811 2337 2069 12812 2337 2069 12813 2341 2072 12814 2335 2067 12815 2335 2067 12816 2341 2072 12817 2340 2070 12818 2344 2079 12819 2346 2078 12820 2343 2073 12821 2342 2075 12822 2348 2077 12823 2344 2079 12824 2346 2078 12825 2349 2081 12826 2343 2073 12827 2342 2075 12828 2350 2080 12829 2348 2077 12830 2345 2074 12831 2351 2082 12832 2347 2076 12833 2349 2081 12834 2353 2090 12835 2351 2082 12836 2351 2082 12837 2352 2085 12838 2347 2076 12839 2346 2078 12840 2354 2083 12841 2353 2090 12842 2356 2086 12843 2358 2088 12844 2353 2090 12845 2354 2083 12846 2356 2086 12847 2353 2090 12848 2353 2090 12849 2355 2084 12850 2351 2082 12851 2355 2084 12852 2357 2089 12853 2352 2085 12854 2352 2085 12855 2357 2089 12856 2359 2087 12857 2364 3495 12858 2361 2093 12859 2366 2092 12860 2362 2096 12861 2363 2091 12862 2361 2093 12863 2360 3496 12864 2364 3495 12865 2362 2096 12866 2362 2096 12867 2365 2095 12868 2363 2091 12869 2364 3495 12870 2367 2094 12871 2362 2096 12872 2382 2109 12873 2388 2118 12874 2387 2116 12875 2364 3495 12876 2368 2097 12877 2367 2094 12878 2364 3495 12879 2369 3497 12880 2368 2097 12881 2366 2092 12882 2369 3497 12883 2364 3495 12884 2365 2095 12885 2370 2099 12886 2363 2091 12887 2370 2099 12888 2369 3497 12889 2366 2092 12890 2365 2095 12891 2371 2098 12892 2370 2099 12893 2376 2104 12894 2375 2100 12895 2372 2102 12896 2373 2103 12897 2377 2105 12898 2376 2104 12899 2375 2100 12900 2377 2105 12901 2374 2101 12902 2378 2107 12903 2383 2110 12904 2380 2112 12905 2381 2106 12906 2382 2109 12907 2378 2107 12908 2379 2108 12909 2384 2117 12910 2381 2106 12911 2380 2112 12912 2384 2117 12913 2379 2108 12914 2382 2109 12915 2386 2114 12916 2383 2110 12917 2380 2112 12918 2389 2113 12919 2384 2117 12920 2408 2133 12921 2412 2139 12922 2411 2137 12923 2384 2117 12924 2389 2113 12925 2388 2118 12926 2387 2116 12927 2392 2120 12928 2386 2114 12929 2389 2113 12930 2391 2119 12931 2388 2118 12932 2388 2118 12933 2393 3498 12934 2387 2116 12935 2391 2119 12936 2393 3498 12937 2388 2118 12938 2392 2120 12939 2391 2119 12940 2390 2115 12941 2387 2116 12942 2393 3498 12943 2392 2120 12944 2394 2121 12945 2398 2124 12946 2397 2122 12947 2399 2126 12948 2398 2124 12949 2395 2125 12950 2397 2122 12951 2399 2126 12952 2396 2123 12953 2400 2129 12954 2405 2131 12955 2402 2132 12956 2401 2127 12957 2404 2134 12958 2403 2128 12959 2405 2131 12960 2404 2134 12961 2401 2127 12962 2405 2131 12963 2407 2136 12964 2404 2134 12965 2406 2130 12966 2407 2136 12967 2405 2131 12968 2408 2133 12969 2410 2138 12970 2409 2135 12971 2415 3499 12972 2410 2138 12973 2413 2143 12974 2415 3499 12975 2417 3500 12976 2421 2147 12977 2411 2137 12978 2413 2143 12979 2410 2138 12980 2409 2135 12981 2415 3499 12982 2412 2139 12983 2415 3499 12984 2414 2140 12985 2412 2139 12986 2411 2137 12987 2416 2141 12988 2413 2143 12989 2415 3499 12990 2420 2148 12991 2414 2140 12992 2413 2143 12993 2418 2142 12994 2417 3500 12995 2414 2140 12996 2419 3501 12997 2416 2141 12998 2420 2148 12999 2419 3501 13000 2414 2140 13001 2419 3501 13002 2424 2146 13003 2423 2144 13004 2417 3500 13005 2422 2145 13006 2421 2147 13007 2418 2142 13008 2422 2145 13009 2417 3500 13010 2419 3501 13011 2423 2144 13012 2416 2141 13013 2423 2144 13014 2422 2145 13015 2418 2142 13016 2427 2156 13017 2431 2152 13018 2426 2153 13019 2425 2151 13020 2428 2154 13021 2427 2156 13022 2426 2153 13023 2429 2149 13024 2425 2151 13025 2425 2151 13026 2430 2150 13027 2428 2154 13028 2429 2149 13029 2436 2160 13030 2435 2158 13031 2427 2156 13032 2433 2155 13033 2432 2159 13034 2430 2150 13035 2434 2157 13036 2428 2154 13037 2448 3502 13038 2445 2166 13039 2449 2171 13040 2430 2150 13041 2438 2161 13042 2434 2157 13043 2434 2157 13044 2438 2161 13045 2433 2155 13046 2432 2159 13047 2437 2162 13048 2436 2160 13049 2433 2155 13050 2438 2161 13051 2437 2162 13052 2441 2170 13053 2443 2169 13054 2440 2165 13055 2439 2164 13056 2444 2167 13057 2441 2170 13058 2442 2163 13059 2445 2166 13060 2439 2164 13061 2446 2168 13062 2447 2172 13063 2442 2163 13064 2443 2169 13065 2447 2172 13066 2446 2168 13067 2444 2167 13068 2448 3502 13069 2443 2169 13070 2457 2176 13071 2459 2182 13072 2462 2187 13073 2448 3502 13074 2447 2172 13075 2443 2169 13076 2450 3503 13077 2453 3504 13078 2452 2177 13079 2451 2175 13080 2454 2179 13081 2450 3503 13082 2452 2177 13083 2455 2173 13084 2451 2175 13085 2453 3504 13086 2457 2176 13087 2452 2177 13088 2451 2175 13089 2456 2174 13090 2454 2179 13091 2450 3503 13092 2458 3505 13093 2453 3504 13094 2454 2179 13095 2458 3505 13096 2450 3503 13097 2459 2182 13098 2458 3505 13099 2460 2183 13100 2459 2182 13101 2467 2185 13102 2462 2187 13103 2454 2179 13104 2460 2183 13105 2458 3505 13106 2455 2173 13107 2461 2178 13108 2456 2174 13109 2457 2176 13110 2462 2187 13111 2455 2173 13112 2454 2179 13113 2463 2180 13114 2460 2183 13115 2455 2173 13116 2464 2186 13117 2461 2178 13118 2462 2187 13119 2464 2186 13120 2455 2173 13121 2465 2181 13122 2463 2180 13123 2466 2184 13124 2466 2184 13125 2464 2186 13126 2467 2185 13127 2478 2197 13128 2474 2191 13129 2479 2198 13130 2470 2196 13131 2472 2194 13132 2469 2190 13133 2468 2189 13134 2473 2192 13135 2470 2196 13136 2471 2188 13137 2474 2191 13138 2468 2189 13139 2470 2196 13140 2476 2195 13141 2472 2194 13142 2475 2193 13143 2477 2199 13144 2471 2188 13145 2472 2194 13146 2477 2199 13147 2475 2193 13148 2473 2192 13149 2478 2197 13150 2476 2195 13151 2481 2200 13152 2488 2211 13153 2487 2206 13154 2478 2197 13155 2477 2199 13156 2472 2194 13157 2480 2202 13158 2485 2201 13159 2484 2205 13160 2485 2201 13161 2490 2208 13162 2484 2205 13163 2488 2211 13164 2483 2204 13165 2489 2207 13166 2509 2228 13167 2505 2218 13168 2510 2224 13169 2484 2205 13170 2490 2208 13171 2486 2203 13172 2485 2201 13173 2491 3506 13174 2490 2208 13175 2487 2206 13176 2491 3506 13177 2485 2201 13178 2486 2203 13179 2492 2209 13180 2489 2207 13181 2488 2211 13182 2493 2210 13183 2487 2206 13184 2491 3506 13185 2495 2213 13186 2490 2208 13187 2489 2207 13188 2494 2212 13189 2493 2210 13190 2487 2206 13191 2496 2214 13192 2491 3506 13193 2491 3506 13194 2499 3507 13195 2495 2213 13196 2496 2214 13197 2499 3507 13198 2491 3506 13199 2494 2212 13200 2497 2215 13201 2493 2210 13202 2492 2209 13203 2498 2216 13204 2494 2212 13205 2495 2213 13206 2499 3507 13207 2498 2216 13208 2503 3508 13209 2506 2221 13210 2502 2223 13211 2504 3509 13212 2506 2221 13213 2503 3508 13214 2502 2223 13215 2508 2222 13216 2501 2220 13217 2504 3509 13218 2509 2228 13219 2506 2221 13220 2512 3510 13221 2506 2221 13222 2513 2227 13223 2508 2222 13224 2511 2225 13225 2501 2220 13226 2508 2222 13227 2512 3510 13228 2511 2225 13229 2518 2236 13230 2513 2227 13231 2519 2233 13232 2509 2228 13233 2513 2227 13234 2506 2221 13235 2507 2217 13236 2514 2230 13237 2510 2224 13238 2511 2225 13239 2514 2230 13240 2507 2217 13241 2510 2224 13242 2515 2226 13243 2509 2228 13244 2514 2230 13245 2517 2234 13246 2510 2224 13247 2512 3510 13248 2516 2229 13249 2511 2225 13250 2510 2224 13251 2517 2234 13252 2515 2226 13253 2512 3510 13254 2518 2236 13255 2516 2229 13256 2527 2241 13257 2530 2244 13258 2526 2240 13259 2515 2226 13260 2519 2233 13261 2513 2227 13262 2514 2230 13263 2520 2231 13264 2517 2234 13265 2519 2233 13266 2523 2238 13267 2518 2236 13268 2517 2234 13269 2524 2237 13270 2521 2232 13271 2522 2235 13272 2525 2239 13273 2520 2231 13274 2519 2233 13275 2526 2240 13276 2523 2238 13277 2521 2232 13278 2527 2241 13279 2526 2240 13280 2524 2237 13281 2527 2241 13282 2521 2232 13283 2522 2235 13284 2528 2242 13285 2525 2239 13286 2526 2240 13287 2528 2242 13288 2523 2238 13289 2528 2242 13290 2529 2245 13291 2525 2239 13292 2525 2239 13293 2529 2245 13294 2531 2243 13295 2533 3511 13296 2535 3512 13297 2532 3513 13298 2534 2248 13299 2536 2247 13300 2533 3511 13301 2534 2248 13302 2535 3512 13303 2537 2246 13304 2550 2261 13305 2553 2266 13306 2556 2268 13307 2538 2251 13308 2544 2252 13309 2542 2254 13310 2540 2259 13311 2546 2256 13312 2539 2249 13313 2541 2253 13314 2547 2257 13315 2540 2259 13316 2540 2259 13317 2548 2258 13318 2546 2256 13319 2543 2250 13320 2549 2260 13321 2545 2255 13322 2543 2250 13323 2551 2262 13324 2549 2260 13325 2547 2257 13326 2552 2263 13327 2548 2258 13328 2555 3514 13329 2550 2261 13330 2556 2268 13331 2551 2262 13332 2553 2266 13333 2549 2260 13334 2547 2257 13335 2555 3514 13336 2552 2263 13337 2558 2273 13338 2554 2264 13339 2559 2274 13340 2553 2266 13341 2557 2265 13342 2556 2268 13343 2551 2262 13344 2558 2273 13345 2557 2265 13346 2554 2264 13347 2560 2271 13348 2559 2274 13349 2555 3514 13350 2560 2271 13351 2552 2263 13352 2555 3514 13353 2562 2267 13354 2561 2269 13355 2573 2287 13356 2580 3515 13357 2579 3516 13358 2560 2271 13359 2563 2270 13360 2559 2274 13361 2563 2270 13362 2564 2272 13363 2559 2274 13364 2557 2265 13365 2566 2276 13366 2562 2267 13367 2558 2273 13368 2566 2276 13369 2557 2265 13370 2561 2269 13371 2565 2275 13372 2563 2270 13373 2562 2267 13374 2566 2276 13375 2565 2275 13376 2567 2279 13377 2573 2287 13378 2571 2281 13379 2572 2278 13380 2573 2287 13381 2567 2279 13382 2569 2285 13383 2574 2280 13384 2568 2277 13385 2570 2283 13386 2575 2282 13387 2569 2285 13388 2573 2287 13389 2577 2286 13390 2571 2281 13391 2569 2285 13392 2576 2284 13393 2574 2280 13394 2577 2286 13395 2578 2288 13396 2575 2282 13397 2573 2287 13398 2579 3516 13399 2578 2288 13400 2581 2290 13401 2576 2284 13402 2582 2291 13403 2574 2280 13404 2580 3515 13405 2572 2278 13406 2574 2280 13407 2581 2290 13408 2580 3515 13409 2576 2284 13410 2583 3517 13411 2582 2291 13412 2583 3517 13413 2579 3516 13414 2582 2291 13415 2578 2288 13416 2583 3517 13417 2575 2282 13418 2580 3515 13419 2584 2289 13420 2579 3516 13421 2581 2290 13422 2584 2289 13423 2580 3515 13424 2585 3518 13425 2595 3519 13426 2590 3520 13427 2585 3518 13428 2592 3521 13429 2591 3522 13430 2592 3521 13431 2587 3523 13432 2593 2296 13433 2593 2296 13434 2588 2294 13435 2594 2293 13436 2589 2292 13437 2595 3519 13438 2594 2293 13439 2594 2293 13440 2591 3522 13441 2597 2295 13442 2592 3521 13443 2596 3524 13444 2591 3522 13445 2593 2296 13446 2596 3524 13447 2592 3521 13448 2597 2295 13449 2596 3524 13450 2593 2296 13451 2613 2311 13452 2620 2325 13453 2619 2317 13454 2599 2301 13455 2603 2302 13456 2602 2300 13457 2604 2304 13458 2611 2307 13459 2609 2309 13460 2604 2304 13461 2612 2310 13462 2611 2307 13463 2607 2313 13464 2613 2311 13465 2606 2306 13466 2607 2313 13467 2615 2314 13468 2613 2311 13469 2614 2312 13470 2616 2315 13471 2615 2314 13472 2611 2307 13473 2617 2316 13474 2616 2315 13475 2610 2303 13476 2618 2318 13477 2612 2310 13478 2613 2311 13479 2618 2318 13480 2610 2303 13481 2615 2314 13482 2621 2319 13483 2620 2325 13484 2628 2331 13485 2623 2321 13486 2629 2326 13487 2618 2318 13488 2622 2320 13489 2612 2310 13490 2622 2320 13491 2624 2322 13492 2617 2316 13493 2621 2319 13494 2625 2328 13495 2620 2325 13496 2624 2322 13497 2625 2328 13498 2621 2319 13499 2625 2328 13500 2626 2324 13501 2620 2325 13502 2624 2322 13503 2627 2323 13504 2625 2328 13505 2622 2320 13506 2628 2331 13507 2627 2323 13508 2633 2336 13509 2630 2327 13510 2634 2337 13511 2626 2324 13512 2629 2326 13513 2619 2317 13514 2628 2331 13515 2635 2333 13516 2627 2323 13517 2626 2324 13518 2633 2336 13519 2631 2329 13520 2630 2327 13521 2635 2333 13522 2634 2337 13523 2653 2355 13524 2646 2343 13525 2654 3525 13526 2632 2330 13527 2636 2332 13528 2628 2331 13529 2636 2332 13530 2639 2334 13531 2635 2333 13532 2631 2329 13533 2637 2338 13534 2632 2330 13535 2633 2336 13536 2637 2338 13537 2631 2329 13538 2635 2333 13539 2638 2335 13540 2634 2337 13541 2632 2330 13542 2637 2338 13543 2639 2334 13544 2646 2343 13545 2645 2339 13546 2640 2341 13547 2641 2344 13548 2646 2343 13549 2640 2341 13550 2643 2347 13551 2648 2346 13552 2642 2345 13553 2648 2346 13554 2649 2348 13555 2642 2345 13556 2645 2339 13557 2650 2349 13558 2644 2340 13559 2648 2346 13560 2651 2350 13561 2649 2348 13562 2650 2349 13563 2652 2351 13564 2651 2350 13565 2645 2339 13566 2653 2355 13567 2652 2351 13568 2646 2343 13569 2655 2353 13570 2654 3525 13571 2649 2348 13572 2655 2353 13573 2647 2342 13574 2671 3526 13575 2667 3527 13576 2672 3528 13577 2651 2350 13578 2656 2354 13579 2649 2348 13580 2651 2350 13581 2658 2352 13582 2656 2354 13583 2654 3525 13584 2657 2357 13585 2653 2355 13586 2655 2353 13587 2657 2357 13588 2654 3525 13589 2658 2352 13590 2657 2357 13591 2655 2353 13592 2652 2351 13593 2659 2356 13594 2658 2352 13595 2662 3529 13596 2665 2364 13597 2661 3530 13598 2662 3529 13599 2666 2359 13600 2665 2364 13601 2663 2360 13602 2666 2359 13603 2662 3529 13604 2661 3530 13605 2667 3527 13606 2660 3531 13607 2665 2364 13608 2667 3527 13609 2661 3530 13610 2660 3531 13611 2669 3532 13612 2664 2361 13613 2667 3527 13614 2669 3532 13615 2660 3531 13616 2669 3532 13617 2670 2362 13618 2664 2361 13619 2669 3532 13620 2671 3526 13621 2670 2362 13622 2683 2369 13623 2675 3533 13624 2681 2372 13625 2665 2364 13626 2672 3528 13627 2667 3527 13628 2668 2358 13629 2673 2363 13630 2666 2359 13631 2673 2363 13632 2672 3528 13633 2665 2364 13634 2671 3526 13635 2674 2365 13636 2670 2362 13637 2668 2358 13638 2674 2365 13639 2673 2363 13640 2675 3533 13641 2682 2367 13642 2681 2372 13643 2684 2366 13644 2678 3534 13645 2685 2374 13646 2677 2368 13647 2682 2367 13648 2676 3535 13649 2680 3536 13650 2683 2369 13651 2679 2371 13652 2678 3534 13653 2686 2370 13654 2685 2374 13655 2691 3537 13656 2694 3538 13657 2693 2375 13658 2682 2367 13659 2687 3539 13660 2681 2372 13661 2684 2366 13662 2687 3539 13663 2682 2367 13664 2685 2374 13665 2687 3539 13666 2684 2366 13667 2690 2377 13668 2692 2376 13669 2689 3540 13670 2691 3537 13671 2693 2375 13672 2690 2377 13673 2701 2381 13674 2707 2390 13675 2706 2389 13676 2692 2376 13677 2694 3538 13678 2689 3540 13679 2698 2386 13680 2700 2383 13681 2697 2378 13682 2695 2382 13683 2703 2385 13684 2698 2386 13685 2697 2378 13686 2702 2384 13687 2699 2379 13688 2701 2381 13689 2704 2387 13690 2695 2382 13691 2700 2383 13692 2705 2388 13693 2702 2384 13694 2704 2387 13695 2709 2392 13696 2703 2385 13697 2700 2383 13698 2709 2392 13699 2708 2394 13700 2700 2383 13701 2708 2394 13702 2705 2388 13703 2710 2391 13704 2712 2400 13705 2711 3541 13706 2706 2389 13707 2710 2391 13708 2704 2387 13709 2710 2391 13710 2711 3541 13711 2709 2392 13712 2707 2390 13713 2715 2395 13714 2714 2401 13715 2707 2390 13716 2712 2400 13717 2706 2389 13718 2708 2394 13719 2713 2393 13720 2705 2388 13721 2711 3541 13722 2716 2396 13723 2709 2392 13724 2707 2390 13725 2714 2401 13726 2712 2400 13727 2714 2401 13728 2718 2397 13729 2717 2398 13730 2711 3541 13731 2719 2399 13732 2716 2396 13733 2712 2400 13734 2719 2399 13735 2711 3541 13736 2713 2393 13737 2718 2397 13738 2715 2395 13739 2728 3542 13740 2721 2408 13741 2729 2407 13742 2716 2396 13743 2719 2399 13744 2718 2397 13745 2720 3543 13746 2724 3544 13747 2723 2404 13748 2722 2403 13749 2725 2406 13750 2721 2408 13751 2724 3544 13752 2726 2402 13753 2723 2404 13754 2722 2403 13755 2727 2405 13756 2725 2406 13757 2720 3543 13758 2728 3542 13759 2724 3544 13760 2728 3542 13761 2734 2410 13762 2733 2412 13763 2725 2406 13764 2730 3545 13765 2729 2407 13766 2727 2405 13767 2730 3545 13768 2725 2406 13769 2727 2405 13770 2731 2409 13771 2730 3545 13772 2728 3542 13773 2732 3546 13774 2724 3544 13775 2724 3544 13776 2732 3546 13777 2726 2402 13778 2728 3542 13779 2733 2412 13780 2732 3546 13781 2734 2410 13782 2730 3545 13783 2735 2414 13784 2731 2409 13785 2735 2414 13786 2730 3545 13787 2731 2409 13788 2737 3547 13789 2736 2415 13790 2732 3546 13791 2742 2418 13792 2737 3547 13793 2732 3546 13794 2737 3547 13795 2726 2402 13796 2733 2412 13797 2738 2411 13798 2732 3546 13799 2738 2411 13800 2740 2417 13801 2732 3546 13802 2737 3547 13803 2742 2418 13804 2736 2415 13805 2767 2442 13806 2771 3548 13807 2766 2441 13808 2735 2414 13809 2741 2416 13810 2739 2413 13811 2736 2415 13812 2742 2418 13813 2741 2416 13814 2739 2413 13815 2743 3549 13816 2738 2411 13817 2741 2416 13818 2743 3549 13819 2739 2413 13820 2738 2411 13821 2743 3549 13822 2740 2417 13823 2746 2425 13824 2748 2422 13825 2745 2419 13826 2745 2419 13827 2749 2423 13828 2747 2420 13829 2747 2420 13830 2751 2430 13831 2744 2421 13832 2744 2421 13833 2751 2430 13834 2746 2425 13835 2751 2430 13836 2754 2426 13837 2746 2425 13838 2747 2420 13839 2753 2428 13840 2751 2430 13841 2751 2430 13842 2755 2429 13843 2754 2426 13844 2753 2428 13845 2756 2434 13846 2755 2429 13847 2754 2426 13848 2757 2431 13849 2752 2427 13850 2755 2429 13851 2760 2435 13852 2754 2426 13853 2756 2434 13854 2761 3550 13855 2755 2429 13856 2759 2433 13857 2761 3550 13858 2756 2434 13859 2758 2432 13860 2759 2433 13861 2757 2431 13862 2755 2429 13863 2761 3550 13864 2760 2435 13865 2766 2441 13866 2768 2443 13867 2763 2439 13868 2765 2437 13869 2769 2436 13870 2767 2442 13871 2766 2441 13872 2771 3548 13873 2768 2443 13874 2767 2442 13875 2770 2444 13876 2775 3551 13877 2770 2444 13878 2773 2447 13879 2772 3552 13880 2772 3552 13881 2777 2451 13882 2770 2444 13883 2771 3548 13884 2773 2447 13885 2768 2443 13886 2775 3551 13887 2777 2451 13888 2776 2450 13889 2771 3548 13890 2775 3551 13891 2774 2445 13892 2772 3552 13893 2780 2449 13894 2777 2451 13895 2775 3551 13896 2778 2448 13897 2774 2445 13898 2776 2450 13899 2778 2448 13900 2775 3551 13901 2772 3552 13902 2779 2446 13903 2785 2456 13904 2785 2456 13905 2783 3553 13906 2782 2454 13907 2776 2450 13908 2780 2449 13909 2778 2448 13910 2778 2448 13911 2781 2452 13912 2779 2446 13913 2786 3554 13914 2788 2457 13915 2782 2454 13916 2781 2452 13917 2783 3553 13918 2779 2446 13919 2785 2456 13920 2784 2453 13921 2780 2449 13922 2783 3553 13923 2786 3554 13924 2782 2454 13925 2781 2452 13926 2786 3554 13927 2783 3553 13928 2786 3554 13929 2790 2458 13930 2789 2459 13931 2800 2468 13932 2806 2474 13933 2797 2469 13934 2787 2455 13935 2788 2457 13936 2784 2453 13937 2790 2458 13938 2792 2462 13939 2789 2459 13940 2788 2457 13941 2793 2461 13942 2790 2458 13943 2793 2461 13944 2792 2462 13945 2790 2458 13946 2796 2467 13947 2797 2469 13948 2795 2463 13949 2798 2466 13950 2800 2468 13951 2796 2467 13952 2797 2469 13953 2801 2470 13954 2795 2463 13955 2799 2464 13956 2803 2472 13957 2802 2471 13958 2800 2468 13959 2805 2473 13960 2804 2479 13961 2807 2475 13962 2803 2472 13963 2808 2476 13964 2814 3555 13965 2807 2475 13966 2812 2480 13967 2804 2479 13968 2809 2478 13969 2806 2474 13970 2806 2474 13971 2810 2482 13972 2808 2476 13973 2809 2478 13974 2810 2482 13975 2806 2474 13976 2805 2473 13977 2811 2477 13978 2804 2479 13979 2817 3556 13980 2818 2487 13981 2816 3557 13982 2805 2473 13983 2814 3555 13984 2811 2477 13985 2811 2477 13986 2813 2481 13987 2809 2478 13988 2813 2481 13989 2812 2480 13990 2808 2476 13991 2811 2477 13992 2814 3555 13993 2813 2481 13994 2816 3557 13995 2818 2487 13996 2815 2485 13997 2817 3556 13998 2820 2484 13999 2819 2489 14000 2822 2486 14001 2819 2489 14002 2823 2493 14003 2818 2487 14004 2821 2483 14005 2815 2485 14006 2821 2483 14007 2824 2488 14008 2820 2484 14009 2823 2493 14010 2825 2496 14011 2822 2486 14012 2819 2489 14013 2824 2488 14014 2823 2493 14015 2821 2483 14016 2829 2490 14017 2824 2488 14018 2823 2493 14019 2829 2490 14020 2828 2491 14021 2822 2486 14022 2827 2497 14023 2829 2490 14024 2825 2496 14025 2827 2497 14026 2822 2486 14027 2844 2508 14028 2847 2511 14029 2846 2510 14030 2830 3558 14031 2832 2494 14032 2829 2490 14033 2827 2497 14034 2830 3558 14035 2829 2490 14036 2828 2491 14037 2831 2495 14038 2826 2492 14039 2828 2491 14040 2832 2494 14041 2831 2495 14042 2831 2495 14043 2830 3558 14044 2827 2497 14045 2835 2504 14046 2837 2502 14047 2834 2500 14048 2833 2499 14049 2838 2503 14050 2835 2504 14051 2833 2499 14052 2840 2505 14053 2838 2503 14054 2838 2503 14055 2841 2506 14056 2837 2502 14057 2837 2502 14058 2842 2507 14059 2839 2501 14060 2836 2498 14061 2843 2509 14062 2840 2505 14063 2842 2507 14064 2845 2512 14065 2843 2509 14066 2844 2508 14067 2846 2510 14068 2841 2506 14069 2854 2518 14070 2858 2522 14071 2857 2523 14072 2846 2510 14073 2845 2512 14074 2842 2507 14075 2850 2520 14076 2852 2517 14077 2849 2513 14078 2848 2515 14079 2853 2521 14080 2850 2520 14081 2849 2513 14082 2854 2518 14083 2851 2514 14084 2853 2521 14085 2855 2519 14086 2850 2520 14087 2851 2514 14088 2859 2524 14089 2856 2516 14090 2855 2519 14091 2858 2522 14092 2852 2517 14093 2856 2516 14094 2859 2524 14095 2853 2521 14096 2863 3559 14097 2861 3560 14098 2864 3561 14099 2853 2521 14100 2859 2524 14101 2858 2522 14102 2860 2525 14103 2863 3559 14104 2866 2526 14105 2861 3560 14106 2865 3562 14107 2864 3561 14108 2874 2534 14109 2872 2532 14110 2877 2538 14111 2862 2527 14112 2866 2526 14113 2865 3562 14114 2868 3563 14115 2870 2533 14116 2867 2530 14117 2869 2529 14118 2872 2532 14119 2868 3563 14120 2868 3563 14121 2872 2532 14122 2870 2533 14123 2871 2528 14124 2873 2531 14125 2869 2529 14126 2867 2530 14127 2874 2534 14128 2871 2528 14129 2875 2535 14130 2876 2536 14131 2878 2537 14132 2875 2535 14133 2877 2538 14134 2872 2532 14135 2871 2528 14136 2875 2535 14137 2873 2531 14138 2874 2534 14139 2877 2538 14140 2876 2536 14141 2876 2536 14142 2881 2540 14143 2880 2542 14144 2880 2542 14145 2882 2541 14146 2876 2536 14147 2881 2540 14148 2884 2544 14149 2883 2546 14150 2913 2573 14151 2919 2580 14152 2915 2575 14153 2885 2543 14154 2884 2544 14155 2882 2541 14156 2886 2545 14157 2888 2547 14158 2880 2542 14159 2885 2543 14160 2887 2548 14161 2884 2544 14162 2885 2543 14163 2888 2547 14164 2887 2548 14165 2887 2548 14166 2886 2545 14167 2883 2546 14168 2891 2556 14169 2893 2553 14170 2890 2549 14171 2889 2551 14172 2895 2555 14173 2891 2556 14174 2890 2549 14175 2894 2554 14176 2892 2550 14177 2895 2555 14178 2897 2559 14179 2893 2553 14180 2895 2555 14181 2898 2561 14182 2897 2559 14183 2896 2552 14184 2898 2561 14185 2895 2555 14186 2892 2550 14187 2900 2558 14188 2896 2552 14189 2893 2553 14190 2899 2557 14191 2894 2554 14192 2896 2552 14193 2900 2558 14194 2898 2561 14195 2899 2557 14196 2903 2563 14197 2900 2558 14198 2897 2559 14199 2901 2562 14200 2899 2557 14201 2898 2561 14202 2902 2560 14203 2897 2559 14204 2900 2558 14205 2903 2563 14206 2902 2560 14207 2906 2571 14208 2908 2568 14209 2905 2564 14210 2904 2566 14211 2909 2572 14212 2906 2571 14213 2905 2564 14214 2910 2569 14215 2907 2565 14216 2909 2572 14217 2911 2570 14218 2906 2571 14219 2909 2572 14220 2914 2574 14221 2911 2570 14222 2913 2573 14223 2915 2575 14224 2910 2569 14225 2907 2565 14226 2916 2576 14227 2912 2567 14228 2914 2574 14229 2917 2577 14230 2911 2570 14231 2912 2567 14232 2918 2578 14233 2914 2574 14234 2916 2576 14235 2921 2581 14236 2918 2578 14237 2917 2577 14238 2920 2579 14239 2913 2573 14240 2918 2578 14241 2921 2581 14242 2914 2574 14243 2925 2583 14244 2931 2592 14245 2927 2585 14246 2914 2574 14247 2921 2581 14248 2920 2579 14249 2924 2586 14250 2926 2587 14251 2923 2582 14252 2923 2582 14253 2928 2588 14254 2925 2583 14255 2924 2586 14256 2930 2590 14257 2929 2589 14258 2932 2593 14259 2926 2587 14260 2933 2591 14261 2931 2592 14262 2935 2596 14263 2934 2599 14264 2930 2590 14265 2931 2592 14266 2933 2591 14267 2933 2591 14268 2934 2599 14269 2936 3564 14270 2934 2599 14271 2937 2597 14272 2936 3564 14273 2936 3564 14274 2937 2597 14275 2933 2591 14276 2934 2599 14277 2938 2598 14278 2940 3565 14279 2935 2596 14280 2939 2603 14281 2938 2598 14282 2937 2597 14283 2939 2603 14284 2935 2596 14285 2964 2622 14286 2967 3566 14287 2966 2624 14288 2938 2598 14289 2943 2601 14290 2940 3565 14291 2939 2603 14292 2941 2600 14293 2938 2598 14294 2937 2597 14295 2942 2602 14296 2939 2603 14297 2940 3565 14298 2943 2601 14299 2937 2597 14300 2937 2597 14301 2943 2601 14302 2942 2602 14303 2948 2608 14304 2950 2612 14305 2945 2604 14306 2950 2612 14307 2947 2605 14308 2945 2604 14309 2946 2609 14310 2952 2615 14311 2948 2608 14312 2949 2607 14313 2952 2615 14314 2946 2609 14315 2947 2605 14316 2953 2613 14317 2951 2610 14318 2952 2615 14319 2954 2614 14320 2948 2608 14321 2951 2610 14322 2955 3567 14323 2956 2611 14324 2953 2613 14325 2955 3567 14326 2951 2610 14327 2954 2614 14328 2953 2613 14329 2950 2612 14330 2952 2615 14331 2956 2611 14332 2954 2614 14333 2958 2618 14334 2960 2620 14335 2957 2623 14336 2957 2623 14337 2962 2621 14338 2959 2616 14339 2959 2616 14340 2964 2622 14341 2961 2617 14342 2963 2619 14343 2965 2625 14344 2960 2620 14345 2961 2617 14346 2965 2625 14347 2963 2619 14348 2960 2620 14349 2967 3566 14350 2962 2621 14351 2960 2620 14352 2965 2625 14353 2967 3566 14354 2975 2632 14355 2980 2633 14356 2979 2639 14357 2969 2628 14358 2971 2630 14359 2968 2634 14360 2968 2634 14361 2973 2631 14362 2970 2626 14363 2971 2630 14364 2980 2633 14365 2968 2634 14366 2970 2626 14367 2975 2632 14368 2972 2627 14369 2971 2630 14370 2976 2635 14371 2980 2633 14372 2977 2636 14373 2978 2637 14374 2974 2629 14375 2975 2632 14376 2979 2639 14377 2977 2636 14378 2984 2642 14379 2981 2638 14380 2986 2644 14381 2980 2633 14382 2982 2640 14383 2979 2639 14384 2983 2641 14385 2985 2643 14386 2982 2640 14387 2993 2651 14388 2998 3568 14389 2997 2652 14390 2985 2643 14391 2986 2644 14392 2979 2639 14393 2991 2649 14394 2990 2645 14395 2987 2647 14396 2988 2648 14397 2992 2650 14398 2991 2649 14399 2990 2645 14400 2992 2650 14401 2989 2646 14402 2995 2656 14403 3000 3569 14404 2999 2654 14405 2994 2655 14406 2999 2654 14407 2998 3568 14408 3011 2670 14409 3008 2663 14410 3010 2666 14411 2997 2652 14412 3000 3569 14413 2996 2653 14414 3002 2659 14415 3004 2662 14416 3001 2660 14417 3006 2661 14418 3007 2664 14419 3003 2657 14420 3005 2658 14421 3009 2665 14422 3002 2659 14423 3004 2662 14424 3010 2666 14425 3008 2663 14426 3006 2661 14427 3011 2670 14428 3007 2664 14429 3012 2667 14430 3005 2658 14431 3014 2669 14432 3007 2664 14433 3011 2670 14434 3005 2658 14435 3010 2666 14436 3013 2668 14437 3011 2670 14438 3015 3570 14439 3019 3571 14440 3018 3572 14441 3013 2668 14442 3014 2669 14443 3011 2670 14444 3021 3573 14445 3015 3570 14446 3018 3572 14447 3016 2672 14448 3020 2671 14449 3019 3571 14450 3017 2673 14451 3021 3573 14452 3020 2671 14453 3032 3574 14454 3031 2683 14455 3033 3575 14456 3023 2679 14457 3027 2678 14458 3022 2676 14459 3025 2675 14460 3028 2681 14461 3024 2677 14462 3026 2674 14463 3031 2683 14464 3025 2675 14465 3024 2677 14466 3030 2682 14467 3027 2678 14468 3026 2674 14469 3033 3575 14470 3031 2683 14471 3028 2681 14472 3032 3574 14473 3030 2682 14474 3039 2686 14475 3026 2674 14476 3034 2684 14477 3026 2674 14478 3035 3576 14479 3034 2684 14480 3029 2680 14481 3036 3577 14482 3035 3576 14483 3027 2678 14484 3037 3578 14485 3036 3577 14486 3032 3574 14487 3037 3578 14488 3030 2682 14489 3032 3574 14490 3039 2686 14491 3038 3579 14492 3035 3576 14493 3042 2689 14494 3041 3580 14495 3039 2686 14496 3040 2685 14497 3038 3579 14498 3035 3576 14499 3041 3580 14500 3034 2684 14501 3036 3577 14502 3043 2690 14503 3042 2689 14504 3045 3581 14505 3040 2685 14506 3046 2693 14507 3038 3579 14508 3043 2690 14509 3037 3578 14510 3041 3580 14511 3044 2687 14512 3034 2684 14513 3044 2687 14514 3046 2693 14515 3040 2685 14516 3038 3579 14517 3045 3581 14518 3043 2690 14519 3044 2687 14520 3049 2697 14521 3048 2691 14522 3045 3581 14523 3047 2688 14524 3043 2690 14525 3044 2687 14526 3048 2691 14527 3046 2693 14528 3041 3580 14529 3050 2695 14530 3049 2697 14531 3045 3581 14532 3051 2694 14533 3047 2688 14534 3047 2688 14535 3050 2695 14536 3042 2689 14537 3045 3581 14538 3053 2692 14539 3052 3582 14540 3054 2696 14541 3050 2695 14542 3055 2698 14543 3053 2692 14544 3056 2700 14545 3058 2705 14546 3057 2702 14547 3053 2692 14548 3058 2705 14549 3054 2696 14550 3056 2700 14551 3048 2691 14552 3052 3582 14553 3057 2702 14554 3051 2694 14555 3054 2696 14556 3060 2701 14557 3059 2699 14558 3061 2703 14559 3058 2705 14560 3062 2704 14561 3051 2694 14562 3061 2703 14563 3060 2701 14564 3061 2703 14565 3059 2699 14566 3060 2701 14567 3079 2723 14568 3077 3583 14569 3080 2725 14570 3066 2715 14571 3068 2710 14572 3065 2712 14573 3065 2712 14574 3070 2711 14575 3064 2709 14576 3067 2707 14577 3071 2713 14578 3066 2715 14579 3066 2715 14580 3072 2714 14581 3068 2710 14582 3073 2716 14583 3074 2717 14584 3069 2706 14585 3070 2711 14586 3075 2718 14587 3073 2716 14588 3074 2717 14589 3077 3583 14590 3071 2713 14591 3068 2710 14592 3076 2719 14593 3075 2718 14594 3071 2713 14595 3077 3583 14596 3072 2714 14597 3074 2717 14598 3080 2725 14599 3077 3583 14600 3075 2718 14601 3078 2720 14602 3073 2716 14603 3072 2714 14604 3079 2723 14605 3076 2719 14606 3074 2717 14607 3083 2728 14608 3082 3584 14609 3079 2723 14610 3081 2721 14611 3076 2719 14612 3074 2717 14613 3082 3584 14614 3080 2725 14615 3078 2720 14616 3084 2726 14617 3083 2728 14618 3097 2735 14619 3093 2738 14620 3098 2737 14621 3081 2721 14622 3084 2726 14623 3075 2718 14624 3080 2725 14625 3085 2722 14626 3079 2723 14627 3082 3584 14628 3086 2724 14629 3080 2725 14630 3083 2728 14631 3087 2727 14632 3082 3584 14633 3081 2721 14634 3087 2727 14635 3084 2726 14636 3086 2724 14637 3088 2729 14638 3085 2722 14639 3082 3584 14640 3089 3585 14641 3086 2724 14642 3081 2721 14643 3088 2729 14644 3087 2727 14645 3086 2724 14646 3089 3585 14647 3088 2729 14648 3087 2727 14649 3089 3585 14650 3082 3584 14651 3095 2731 14652 3101 2741 14653 3100 2740 14654 3096 2733 14655 3099 2739 14656 3094 2734 14657 3099 2739 14658 3102 2744 14659 3106 3586 14660 3097 2735 14661 3101 2741 14662 3091 2730 14663 3102 2744 14664 3100 2740 14665 3103 2742 14666 3101 2741 14667 3104 2745 14668 3103 2742 14669 3098 2737 14670 3104 2745 14671 3097 2735 14672 3099 2739 14673 3105 2747 14674 3098 2737 14675 3111 3587 14676 3121 2756 14677 3116 2757 14678 3102 2744 14679 3110 2749 14680 3106 3586 14681 3104 2745 14682 3109 2748 14683 3107 2743 14684 3106 3586 14685 3110 2749 14686 3105 2747 14687 3105 2747 14688 3110 2749 14689 3109 2748 14690 3113 3588 14691 3117 2753 14692 3112 2755 14693 3114 2751 14694 3117 2753 14695 3113 3588 14696 3116 2757 14697 3120 2750 14698 3115 2752 14699 3111 3587 14700 3119 2754 14701 3118 2759 14702 3134 2771 14703 3132 2770 14704 3136 2772 14705 3114 2751 14706 3120 2750 14707 3117 2753 14708 3119 2754 14709 3122 2761 14710 3118 2759 14711 3117 2753 14712 3122 2761 14713 3119 2754 14714 3121 2756 14715 3124 2760 14716 3123 2758 14717 3123 2758 14718 3122 2761 14719 3117 2753 14720 3125 2769 14721 3128 2765 14722 3127 2764 14723 3126 2763 14724 3129 2767 14725 3125 2769 14726 3125 2769 14727 3131 2768 14728 3128 2765 14729 3130 2762 14730 3132 2770 14731 3126 2763 14732 3128 2765 14733 3135 2773 14734 3133 2766 14735 3129 2767 14736 3134 2771 14737 3131 2768 14738 3133 2766 14739 3135 2773 14740 3130 2762 14741 3134 2771 14742 3135 2773 14743 3128 2765 14744 3147 2783 14745 3151 2785 14746 3144 2782 14747 3138 3589 14748 3140 3590 14749 3137 2774 14750 3139 2776 14751 3141 2777 14752 3138 3589 14753 3140 3590 14754 3142 2775 14755 3137 2774 14756 3141 2777 14757 3140 3590 14758 3138 3589 14759 3146 2781 14760 3150 2790 14761 3149 2778 14762 3152 2786 14763 3156 3591 14764 3155 2789 14765 3146 2781 14766 3153 2787 14767 3150 2790 14768 3150 2790 14769 3154 2788 14770 3149 2778 14771 3151 2785 14772 3155 2789 14773 3153 2787 14774 3153 2787 14775 3160 2791 14776 3150 2790 14777 3154 2788 14778 3156 3591 14779 3148 2784 14780 3153 2787 14781 3158 3592 14782 3157 2794 14783 3158 3592 14784 3156 3591 14785 3159 2793 14786 3156 3591 14787 3160 2791 14788 3159 2793 14789 3170 2804 14790 3175 2810 14791 3181 2802 14792 3158 3592 14793 3162 3593 14794 3157 2794 14795 3163 2800 14796 3162 3593 14797 3158 3592 14798 3159 2793 14799 3163 2800 14800 3158 3592 14801 3160 2791 14802 3164 2795 14803 3161 2792 14804 3162 3593 14805 3165 2796 14806 3157 2794 14807 3159 2793 14808 3166 2797 14809 3163 2800 14810 3162 3593 14811 3167 2801 14812 3165 2796 14813 3163 2800 14814 3167 2801 14815 3162 3593 14816 3161 2792 14817 3168 2799 14818 3166 2797 14819 3164 2795 14820 3169 2798 14821 3161 2792 14822 3168 2799 14823 3167 2801 14824 3163 2800 14825 3172 3594 14826 3174 2805 14827 3171 2807 14828 3181 2802 14829 3183 2813 14830 3185 2816 14831 3171 2807 14832 3176 2806 14833 3175 2810 14834 3172 3594 14835 3177 2809 14836 3174 2805 14837 3173 2803 14838 3177 2809 14839 3172 3594 14840 3181 2802 14841 3177 2809 14842 3173 2803 14843 3176 2806 14844 3179 2811 14845 3175 2810 14846 3178 2808 14847 3180 2812 14848 3174 2805 14849 3177 2809 14850 3181 2802 14851 3178 2808 14852 3176 2806 14853 3182 2814 14854 3179 2811 14855 3180 2812 14856 3182 2814 14857 3176 2806 14858 3184 2815 14859 3178 2808 14860 3185 2816 14861 3187 2817 14862 3191 3595 14863 3190 2818 14864 3186 2819 14865 3190 2818 14866 3192 2820 14867 3191 3595 14868 3189 2821 14869 3192 2820 14870 3193 3596 14871 3202 2825 14872 3198 2827 14873 3193 3596 14874 3200 2823 14875 3199 2830 14876 3200 2823 14877 3196 3597 14878 3201 2828 14879 3196 3597 14880 3202 2825 14881 3201 2828 14882 3204 2831 14883 3200 2823 14884 3205 2832 14885 3204 2831 14886 3206 2833 14887 3201 2828 14888 3204 2831 14889 3201 2828 14890 3202 2825 14891 3207 3598 14892 3210 2836 14893 3209 2838 14894 3205 2832 14895 3207 3598 14896 3204 2831 14897 3208 2834 14898 3210 2836 14899 3205 2832 14900 3206 2833 14901 3209 2838 14902 3212 2835 14903 3212 2835 14904 3211 3599 14905 3208 2834 14906 3212 2835 14907 3217 2842 14908 3216 2839 14909 3212 2835 14910 3213 2840 14911 3211 3599 14912 3209 2838 14913 3214 2837 14914 3217 2842 14915 3211 3599 14916 3215 2844 14917 3210 2836 14918 3213 2840 14919 3215 2844 14920 3211 3599 14921 3213 2840 14922 3220 2847 14923 3219 2843 14924 3215 2844 14925 3214 2837 14926 3210 2836 14927 3220 2847 14928 3217 2842 14929 3218 2841 14930 3228 2854 14931 3233 2856 14932 3232 2857 14933 3214 2837 14934 3221 2845 14935 3218 2841 14936 3218 2841 14937 3223 2848 14938 3222 2846 14939 3219 2843 14940 3224 2850 14941 3221 2845 14942 3220 2847 14943 3224 2850 14944 3219 2843 14945 3223 2848 14946 3227 3600 14947 3220 2847 14948 3221 2845 14949 3227 3600 14950 3223 2848 14951 3226 2851 14952 3227 3600 14953 3221 2845 14954 3220 2847 14955 3227 3600 14956 3225 2849 14957 3230 2853 14958 3233 2856 14959 3229 3601 14960 3228 2854 14961 3232 2857 14962 3231 2852 14963 3235 2858 14964 3239 3602 14965 3238 2862 14966 3231 2852 14967 3234 2855 14968 3230 2853 14969 3233 2856 14970 3236 2861 14971 3232 2857 14972 3234 2855 14973 3236 2861 14974 3233 2856 14975 3234 2855 14976 3237 2859 14977 3236 2861 14978 3238 2862 14979 3237 2859 14980 3235 2858 14981 3236 2861 14982 3239 3602 14983 3232 2857 14984 3238 2862 14985 3246 2868 14986 3241 2863 14987 3241 2863 14988 3242 2864 14989 3237 2859 14990 3239 3602 14991 3243 2866 14992 3238 2862 14993 3240 2860 14994 3243 2866 14995 3239 3602 14996 3242 2864 14997 3244 2865 14998 3240 2860 14999 3250 2875 15000 3255 2882 15001 3249 2873 15002 3242 2864 15003 3248 2870 15004 3244 2865 15005 3246 2868 15006 3245 2867 15007 3248 2870 15008 3248 2870 15009 3247 2869 15010 3244 2865 15011 3252 2871 15012 3254 2876 15013 3251 2872 15014 3249 2873 15015 3255 2882 15016 3252 2871 15017 3254 2876 15018 3258 2885 15019 3257 2879 15020 3253 2874 15021 3256 2878 15022 3250 2875 15023 3255 2882 15024 3258 2885 15025 3252 2871 15026 3259 2877 15027 3254 2876 15028 3260 2880 15029 3260 2880 15030 3263 2884 15031 3262 2883 15032 3255 2882 15033 3261 2881 15034 3258 2885 15035 3260 2880 15036 3262 2883 15037 3259 2877 15038 3262 2883 15039 3261 2881 15040 3256 2878 15041 3292 2912 15042 3298 2920 15043 3294 2913 15044 3265 2893 15045 3267 2890 15046 3264 2888 15047 3266 2887 15048 3268 2891 15049 3265 2893 15050 3265 2893 15051 3271 2892 15052 3267 2890 15053 3270 2889 15054 3274 2896 15055 3269 2886 15056 3267 2890 15057 3274 2896 15058 3270 2889 15059 3268 2891 15060 3272 2894 15061 3271 2892 15062 3266 2887 15063 3273 2895 15064 3268 2891 15065 3269 2886 15066 3274 2896 15067 3273 2895 15068 3276 2897 15069 3280 2904 15070 3278 2898 15071 3281 2902 15072 3282 2903 15073 3276 2897 15074 3279 2900 15075 3283 2906 15076 3277 2901 15077 3277 2901 15078 3283 2906 15079 3281 2902 15080 3280 2904 15081 3285 2907 15082 3278 2898 15083 3278 2898 15084 3286 2910 15085 3284 2905 15086 3285 2907 15087 3286 2910 15088 3278 2898 15089 3281 2902 15090 3287 2908 15091 3282 2903 15092 3281 2902 15093 3288 3603 15094 3287 2908 15095 3283 2906 15096 3288 3603 15097 3281 2902 15098 3284 2905 15099 3290 2914 15100 3283 2906 15101 3283 2906 15102 3290 2914 15103 3288 3603 15104 3288 3603 15105 3291 2911 15106 3287 2908 15107 3284 2905 15108 3292 2912 15109 3290 2914 15110 3290 2914 15111 3291 2911 15112 3288 3603 15113 3289 2909 15114 3293 2915 15115 3292 2912 15116 3294 2913 15117 3293 2915 15118 3291 2911 15119 3293 2915 15120 3298 2920 15121 3297 2922 15122 3295 2916 15123 3296 2918 15124 3292 2912 15125 3293 2915 15126 3297 2922 15127 3299 2917 15128 3301 2921 15129 3300 2924 15130 3297 2922 15131 3297 2922 15132 3300 2924 15133 3299 2917 15134 3302 2919 15135 3301 2921 15136 3298 2920 15137 3296 2918 15138 3303 2923 15139 3302 2919 15140 3310 2930 15141 3312 2936 15142 3311 2934 15143 3306 2931 15144 3310 2930 15145 3305 2925 15146 3304 2927 15147 3308 2929 15148 3306 2931 15149 3305 2925 15150 3310 2930 15151 3307 2926 15152 3307 2926 15153 3315 2935 15154 3314 2933 15155 3308 2929 15156 3313 2932 15157 3312 2936 15158 3333 2955 15159 3336 2956 15160 3335 2954 15161 3309 2928 15162 3314 2933 15163 3313 2932 15164 3318 2944 15165 3320 2941 15166 3317 2937 15167 3316 2939 15168 3321 2945 15169 3318 2944 15170 3317 2937 15171 3322 2942 15172 3319 2938 15173 3321 2945 15174 3323 2943 15175 3318 2944 15176 3319 2938 15177 3327 2948 15178 3324 2940 15179 3320 2941 15180 3325 2946 15181 3322 2942 15182 3323 2943 15183 3326 2947 15184 3320 2941 15185 3324 2940 15186 3327 2948 15187 3321 2945 15188 3325 2946 15189 3327 2948 15190 3319 2938 15191 3328 2950 15192 3333 2955 15193 3330 2953 15194 3332 2952 15195 3334 2957 15196 3331 2949 15197 3330 2953 15198 3334 2957 15199 3332 2952 15200 3342 2961 15201 3338 3604 15202 3343 3605 15203 3335 2954 15204 3334 2957 15205 3330 2953 15206 3339 2959 15207 3340 2963 15208 3338 3604 15209 3342 2961 15210 3346 2969 15211 3345 2964 15212 3341 2958 15213 3344 2962 15214 3339 2959 15215 3340 2963 15216 3343 3605 15217 3338 3604 15218 3342 2961 15219 3345 2964 15220 3341 2958 15221 3344 2962 15222 3348 2966 15223 3340 2963 15224 3347 2967 15225 3346 2969 15226 3343 3605 15227 3340 2963 15228 3347 2967 15229 3343 3605 15230 3344 2962 15231 3350 2965 15232 3349 2972 15233 3359 3606 15234 3357 3607 15235 3360 3608 15236 3346 2969 15237 3352 2970 15238 3345 2964 15239 3345 2964 15240 3354 3609 15241 3350 2965 15242 3352 2970 15243 3354 3609 15244 3345 2964 15245 3349 2972 15246 3353 2971 15247 3348 2966 15248 3350 2965 15249 3354 3609 15250 3353 2971 15251 3355 2975 15252 3358 2974 15253 3361 3610 15254 3356 2973 15255 3359 3606 15256 3358 2974 15257 3357 3607 15258 3361 3610 15259 3360 3608 15260 3365 3611 15261 3369 3612 15262 3370 3613 15263 3365 3611 15264 3367 2983 15265 3364 2976 15266 3363 2978 15267 3368 2981 15268 3362 3614 15269 3366 2977 15270 3368 2981 15271 3363 2978 15272 3375 3615 15273 3369 3612 15274 3372 2986 15275 3368 2981 15276 3369 3612 15277 3362 3614 15278 3365 3611 15279 3370 3613 15280 3367 2983 15281 3367 2983 15282 3371 2979 15283 3364 2976 15284 3369 3612 15285 3373 2980 15286 3372 2986 15287 3370 3613 15288 3374 2982 15289 3367 2983 15290 3371 2979 15291 3373 2980 15292 3366 2977 15293 3385 2990 15294 3379 2985 15295 3381 2992 15296 3371 2979 15297 3376 2984 15298 3373 2980 15299 3372 2986 15300 3378 2988 15301 3375 3615 15302 3377 2987 15303 3379 2985 15304 3373 2980 15305 3375 3615 15306 3378 2988 15307 3374 2982 15308 3378 2988 15309 3380 2989 15310 3374 2982 15311 3382 2993 15312 3377 2987 15313 3383 2994 15314 3379 2985 15315 3382 2993 15316 3381 2992 15317 3377 2987 15318 3384 2997 15319 3383 2994 15320 3396 3001 15321 3401 3616 15322 3393 3002 15323 3380 2989 15324 3384 2997 15325 3376 2984 15326 3381 2992 15327 3388 2995 15328 3385 2990 15329 3380 2989 15330 3387 2996 15331 3384 2997 15332 3381 2992 15333 3389 3617 15334 3388 2995 15335 3386 2991 15336 3389 3617 15337 3381 2992 15338 3387 2996 15339 3386 2991 15340 3383 2994 15341 3380 2989 15342 3388 2995 15343 3387 2996 15344 3391 3000 15345 3393 3002 15346 3390 3006 15347 3390 3006 15348 3395 3003 15349 3392 2998 15350 3393 3002 15351 3398 3005 15352 3390 3006 15353 3392 2998 15354 3397 3004 15355 3394 2999 15356 3395 3003 15357 3399 3008 15358 3397 3004 15359 3398 3005 15360 3400 3007 15361 3395 3003 15362 3393 3002 15363 3401 3616 15364 3400 3007 15365 3396 3001 15366 3403 3013 15367 3402 3012 15368 3406 3011 15369 3409 3016 15370 3408 3014 15371 3399 3008 15372 3403 3013 15373 3394 2999 15374 3395 3003 15375 3404 3009 15376 3399 3008 15377 3401 3616 15378 3405 3010 15379 3400 3007 15380 3404 3009 15381 3403 3013 15382 3399 3008 15383 3401 3616 15384 3407 3015 15385 3405 3010 15386 3402 3012 15387 3407 3015 15388 3401 3616 15389 3408 3014 15390 3407 3015 15391 3402 3012 15392 3434 3618 15393 3435 3619 15394 3437 3620 15395 3412 3024 15396 3413 3021 15397 3411 3019 15398 3410 3018 15399 3414 3022 15400 3412 3024 15401 3412 3024 15402 3416 3023 15403 3413 3021 15404 3410 3018 15405 3417 3017 15406 3414 3022 15407 3417 3017 15408 3419 3026 15409 3414 3022 15410 3418 3025 15411 3423 3027 15412 3417 3017 15413 3416 3023 15414 3421 3029 15415 3413 3021 15416 3418 3025 15417 3422 3621 15418 3423 3027 15419 3420 3028 15420 3422 3621 15421 3418 3025 15422 3421 3029 15423 3420 3028 15424 3413 3021 15425 3419 3026 15426 3423 3027 15427 3421 3029 15428 3424 3035 15429 3428 3034 15430 3426 3030 15431 3425 3032 15432 3430 3037 15433 3424 3035 15434 3427 3031 15435 3430 3037 15436 3425 3032 15437 3428 3034 15438 3431 3036 15439 3426 3030 15440 3431 3036 15441 3430 3037 15442 3427 3031 15443 3432 3622 15444 3436 3623 15445 3435 3619 15446 3433 3624 15447 3437 3620 15448 3436 3623 15449 3457 3057 15450 3465 3063 15451 3456 3062 15452 3438 3040 15453 3441 3039 15454 3443 3043 15455 3439 3038 15456 3442 3042 15457 3441 3039 15458 3443 3043 15459 3442 3042 15460 3440 3041 15461 3445 3046 15462 3447 3048 15463 3444 3050 15464 3447 3048 15465 3451 3049 15466 3444 3050 15467 3446 3044 15468 3450 3052 15469 3448 3045 15470 3451 3049 15471 3452 3051 15472 3446 3044 15473 3447 3048 15474 3453 3053 15475 3451 3049 15476 3448 3045 15477 3454 3054 15478 3449 3047 15479 3453 3053 15480 3456 3062 15481 3451 3049 15482 3454 3054 15483 3455 3055 15484 3449 3047 15485 3450 3052 15486 3458 3056 15487 3454 3054 15488 3451 3049 15489 3456 3062 15490 3452 3051 15491 3453 3053 15492 3457 3057 15493 3456 3062 15494 3454 3054 15495 3458 3056 15496 3455 3055 15497 3456 3062 15498 3459 3058 15499 3452 3051 15500 3458 3056 15501 3460 3060 15502 3455 3055 15503 3459 3058 15504 3460 3060 15505 3458 3056 15506 3457 3057 15507 3463 3065 15508 3462 3625 15509 3460 3060 15510 3463 3065 15511 3455 3055 15512 3467 3626 15513 3463 3065 15514 3468 3064 15515 3459 3058 15516 3465 3063 15517 3461 3059 15518 3462 3625 15519 3467 3626 15520 3465 3063 15521 3461 3059 15522 3466 3066 15523 3464 3061 15524 3465 3063 15525 3466 3066 15526 3461 3059 15527 3473 3073 15528 3475 3074 15529 3470 3067 15530 3467 3626 15531 3466 3066 15532 3465 3063 15533 3471 3071 15534 3473 3073 15535 3470 3067 15536 3472 3068 15537 3477 3075 15538 3474 3070 15539 3474 3070 15540 3477 3075 15541 3471 3071 15542 3482 3076 15543 3487 3082 15544 3480 3077 15545 3471 3071 15546 3477 3075 15547 3476 3072 15548 3480 3077 15549 3481 3080 15550 3479 3079 15551 3482 3076 15552 3485 3085 15553 3484 3627 15554 3483 3081 15555 3485 3085 15556 3479 3079 15557 3486 3628 15558 3481 3080 15559 3487 3082 15560 3485 3085 15561 3488 3629 15562 3484 3627 15563 3487 3082 15564 3485 3085 15565 3486 3628 15566 3487 3082 15567 3488 3629 15568 3491 3087 15569 3487 3082 15570 3491 3087 15571 3490 3092 15572 3492 3088 15573 3496 3090 15574 3495 3089 15575 3489 3084 15576 3492 3088 15577 3488 3629 15578 3490 3092 15579 3493 3083 15580 3485 3085 15581 3488 3629 15582 3492 3088 15583 3491 3087 15584 3493 3083 15585 3497 3091 15586 3496 3090 15587 3508 3630 15588 3515 3106 15589 3514 3107 15590 3494 3086 15591 3497 3091 15592 3491 3087 15593 3496 3090 15594 3498 3094 15595 3495 3089 15596 3497 3091 15597 3498 3094 15598 3496 3090 15599 3495 3089 15600 3499 3098 15601 3494 3086 15602 3498 3094 15603 3499 3098 15604 3495 3089 15605 3497 3091 15606 3500 3095 15607 3503 3093 15608 3499 3098 15609 3501 3096 15610 3494 3086 15611 3503 3093 15612 3502 3097 15613 3498 3094 15614 3499 3098 15615 3505 3102 15616 3501 3096 15617 3502 3097 15618 3505 3102 15619 3499 3098 15620 3504 3099 15621 3506 3100 15622 3503 3093 15623 3500 3095 15624 3507 3101 15625 3504 3099 15626 3506 3100 15627 3505 3102 15628 3502 3097 15629 3511 3631 15630 3513 3109 15631 3510 3103 15632 3508 3630 15633 3513 3109 15634 3511 3631 15635 3508 3630 15636 3514 3107 15637 3513 3109 15638 3513 3109 15639 3512 3104 15640 3510 3103 15641 3516 3108 15642 3518 3110 15643 3512 3104 15644 3515 3106 15645 3517 3114 15646 3514 3107 15647 3515 3106 15648 3518 3110 15649 3517 3114 15650 3533 3123 15651 3534 3127 15652 3532 3119 15653 3514 3107 15654 3519 3112 15655 3516 3108 15656 3517 3114 15657 3520 3111 15658 3514 3107 15659 3518 3110 15660 3521 3113 15661 3517 3114 15662 3519 3112 15663 3522 3116 15664 3518 3110 15665 3520 3111 15666 3523 3115 15667 3519 3112 15668 3518 3110 15669 3522 3116 15670 3521 3113 15671 3521 3113 15672 3524 3117 15673 3520 3111 15674 3520 3111 15675 3524 3117 15676 3523 3115 15677 3521 3113 15678 3525 3632 15679 3524 3117 15680 3522 3116 15681 3525 3632 15682 3521 3113 15683 3523 3115 15684 3526 3118 15685 3522 3116 15686 3526 3118 15687 3525 3632 15688 3522 3116 15689 3529 3125 15690 3530 3124 15691 3528 3121 15692 3527 3120 15693 3531 3122 15694 3529 3125 15695 3532 3119 15696 3534 3127 15697 3531 3122 15698 3533 3123 15699 3536 3126 15700 3535 3130 15701 3538 3129 15702 3542 3133 15703 3540 3131 15704 3531 3122 15705 3537 3128 15706 3536 3126 15707 3536 3126 15708 3539 3132 15709 3535 3130 15710 3537 3128 15711 3539 3132 15712 3536 3126 15713 3537 3128 15714 3541 3134 15715 3539 3132 15716 3540 3131 15717 3541 3134 15718 3537 3128 15719 3559 3633 15720 3553 3634 15721 3556 3635 15722 3545 3141 15723 3547 3139 15724 3544 3135 15725 3543 3137 15726 3548 3140 15727 3545 3141 15728 3546 3136 15729 3552 3144 15730 3549 3138 15731 3547 3139 15732 3550 3143 15733 3546 3136 15734 3548 3140 15735 3551 3142 15736 3547 3139 15737 3549 3138 15738 3552 3144 15739 3548 3140 15740 3550 3143 15741 3552 3144 15742 3546 3136 15743 3553 3634 15744 3557 3636 15745 3556 3635 15746 3560 3637 15747 3565 3638 15748 3562 3639 15749 3558 3145 15750 3557 3636 15751 3554 3146 15752 3559 3633 15753 3558 3145 15754 3555 3147 15755 3563 3640 15756 3561 3641 15757 3564 3642 15758 3564 3642 15759 3562 3639 15760 3565 3638 15761 3568 3150 15762 3570 3156 15763 3567 3643 15764 3567 3643 15765 3570 3156 15766 3566 3148 15767 3580 3162 15768 3576 3155 15769 3582 3160 15770 3570 3156 15771 3572 3152 15772 3566 3148 15773 3572 3152 15774 3573 3153 15775 3569 3149 15776 3571 3151 15777 3574 3154 15778 3570 3156 15779 3571 3151 15780 3573 3153 15781 3574 3154 15782 3570 3156 15783 3576 3155 15784 3572 3152 15785 3575 3157 15786 3574 3154 15787 3573 3153 15788 3576 3155 15789 3575 3157 15790 3572 3152 15791 3577 3158 15792 3578 3644 15793 3576 3155 15794 3575 3157 15795 3580 3162 15796 3579 3159 15797 3583 3163 15798 3579 3159 15799 3586 3645 15800 3578 3644 15801 3582 3160 15802 3576 3155 15803 3579 3159 15804 3578 3644 15805 3577 3158 15806 3580 3162 15807 3581 3161 15808 3579 3159 15809 3581 3161 15810 3586 3645 15811 3579 3159 15812 3578 3644 15813 3583 3163 15814 3582 3160 15815 3604 3181 15816 3608 3185 15817 3607 3186 15818 3581 3161 15819 3585 3646 15820 3586 3645 15821 3582 3160 15822 3585 3646 15823 3581 3161 15824 3584 3164 15825 3585 3646 15826 3582 3160 15827 3583 3163 15828 3586 3645 15829 3584 3164 15830 3589 3165 15831 3591 3173 15832 3590 3166 15833 3589 3165 15834 3594 3175 15835 3591 3173 15836 3592 3168 15837 3594 3175 15838 3589 3165 15839 3590 3166 15840 3595 3174 15841 3593 3170 15842 3594 3175 15843 3596 3172 15844 3591 3173 15845 3592 3168 15846 3597 3171 15847 3594 3175 15848 3596 3172 15849 3595 3174 15850 3590 3166 15851 3600 3183 15852 3602 3180 15853 3599 3176 15854 3598 3178 15855 3603 3184 15856 3600 3183 15857 3599 3176 15858 3604 3181 15859 3601 3177 15860 3603 3184 15861 3605 3182 15862 3600 3183 15863 3601 3177 15864 3609 3187 15865 3606 3179 15866 3605 3182 15867 3608 3185 15868 3602 3180 15869 3606 3179 15870 3609 3187 15871 3603 3184 15872 3629 3207 15873 3623 3201 15874 3626 3205 15875 3603 3184 15876 3609 3187 15877 3608 3185 15878 3613 3189 15879 3614 3193 15880 3612 3195 15881 3612 3195 15882 3617 3194 15883 3611 3192 15884 3617 3194 15885 3618 3196 15886 3611 3192 15887 3613 3189 15888 3619 3197 15889 3614 3193 15890 3616 3191 15891 3620 3199 15892 3615 3188 15893 3618 3196 15894 3620 3199 15895 3616 3191 15896 3614 3193 15897 3621 3198 15898 3617 3194 15899 3619 3197 15900 3621 3198 15901 3614 3193 15902 3619 3197 15903 3624 3202 15904 3621 3198 15905 3625 3203 15906 3626 3205 15907 3623 3201 15908 3624 3202 15909 3629 3207 15910 3628 3209 15911 3624 3202 15912 3628 3209 15913 3625 3203 15914 3642 3218 15915 3646 3222 15916 3645 3223 15917 3627 3204 15918 3630 3208 15919 3626 3205 15920 3625 3203 15921 3632 3647 15922 3627 3204 15923 3628 3209 15924 3632 3647 15925 3625 3203 15926 3630 3208 15927 3633 3210 15928 3631 3206 15929 3632 3647 15930 3634 3212 15931 3627 3204 15932 3628 3209 15933 3634 3212 15934 3632 3647 15935 3635 3211 15936 3634 3212 15937 3628 3209 15938 3638 3220 15939 3640 3217 15940 3637 3213 15941 3636 3215 15942 3641 3221 15943 3638 3220 15944 3637 3213 15945 3642 3218 15946 3639 3214 15947 3641 3221 15948 3643 3219 15949 3638 3220 15950 3639 3214 15951 3647 3224 15952 3644 3216 15953 3643 3219 15954 3646 3222 15955 3640 3217 15956 3644 3216 15957 3647 3224 15958 3641 3221 15959 3652 3648 15960 3649 3226 15961 3653 3225 15962 3641 3221 15963 3647 3224 15964 3646 3222 15965 3652 3648 15966 3655 3228 15967 3648 3230 15968 3654 3649 15969 3651 3229 15970 3655 3228 15971 3654 3649 15972 3653 3225 15973 3650 3227 15974 12 2594 15975 9 9 15976 7 8 15977 7 8 15978 10 10 15979 14 3232 15980 8 3 15981 15 3233 15982 14 3232 15983 8 3 15984 11 6 15985 16 11 15986 16 11 15987 6 1 15988 17 13 15989 12 2594 15990 18 14 15991 17 13 15992 12 2594 15993 13 2595 15994 19 3235 15995 19 3235 15996 13 2595 15997 14 3232 15998 14 3232 15999 15 3233 16000 21 15 16001 21 15 16002 15 3233 16003 16 11 16004 18 14 16005 19 3235 16006 24 25 16007 19 3235 16008 20 17 16009 25 16 16010 36 31 16011 30 3237 16012 33 24 16013 37 3236 16014 41 37 16015 40 30 16016 37 3236 16017 34 23 16018 42 32 16019 43 33 16020 49 42 16021 48 38 16022 51 40 16023 46 36 16024 54 48 16025 55 3239 16026 54 48 16027 59 47 16028 56 44 16029 61 3242 16030 60 3241 16031 56 44 16032 55 3239 16033 62 3240 16034 64 53 16035 65 3650 16036 72 3243 16037 72 3243 16038 65 3650 16039 66 56 16040 75 63 16041 72 3243 16042 73 55 16043 76 60 16044 79 59 16045 83 69 16046 77 58 16047 84 65 16048 83 69 16049 87 70 16050 85 66 16051 93 76 16052 97 3246 16053 89 72 16054 90 73 16055 95 75 16056 88 71 16057 91 74 16058 91 74 16059 89 72 16060 97 3246 16061 97 3246 16062 94 3247 16063 98 79 16064 98 79 16065 94 3247 16066 92 3245 16067 92 3245 16068 93 76 16069 100 3249 16070 95 75 16071 101 3250 16072 100 3249 16073 96 3248 16074 102 3251 16075 101 3250 16076 96 3248 16077 97 3246 16078 103 78 16079 104 77 16080 105 3254 16081 110 3252 16082 104 77 16083 99 80 16084 106 3253 16085 106 3253 16086 99 80 16087 100 3249 16088 107 3255 16089 100 3249 16090 101 3250 16091 101 3250 16092 102 3251 16093 109 3257 16094 103 78 16095 110 3252 16096 109 3257 16097 110 3252 16098 105 3254 16099 111 88 16100 105 3254 16101 106 3253 16102 112 83 16103 107 3255 16104 113 81 16105 112 83 16106 107 3255 16107 108 3256 16108 114 3258 16109 114 3258 16110 108 3256 16111 109 3257 16112 115 85 16113 109 3257 16114 110 3252 16115 114 3258 16116 120 3261 16117 119 3259 16118 123 3260 16119 130 97 16120 134 93 16121 123 3260 16122 124 3651 16123 131 95 16124 131 95 16125 124 3651 16126 125 3263 16127 125 3263 16128 126 92 16129 133 91 16130 130 97 16131 135 96 16132 138 104 16133 133 91 16134 129 90 16135 137 105 16136 129 90 16137 134 93 16138 138 104 16139 148 107 16140 142 102 16141 151 115 16142 150 110 16143 149 109 16144 156 117 16145 153 116 16146 151 115 16147 158 122 16148 162 3266 16149 169 129 16150 173 3267 16151 162 3266 16152 163 3270 16153 170 130 16154 163 3270 16155 164 125 16156 171 124 16157 167 3268 16158 173 3267 16159 172 126 16160 170 130 16161 171 124 16162 175 131 16163 171 124 16164 168 123 16165 176 3272 16166 176 3272 16167 168 123 16168 172 126 16169 173 3267 16170 178 3271 16171 177 140 16172 179 3273 16173 174 128 16174 182 133 16175 186 135 16176 185 134 16177 190 3275 16178 191 141 16179 187 136 16180 193 144 16181 190 3275 16182 188 139 16183 196 3276 16184 198 3278 16185 205 155 16186 209 153 16187 205 155 16188 198 3278 16189 199 3281 16190 199 3281 16191 200 149 16192 207 148 16193 202 151 16194 203 3279 16195 209 153 16196 204 147 16197 208 150 16198 213 157 16199 206 3282 16200 207 148 16201 215 3283 16202 223 165 16203 226 169 16204 232 3284 16205 227 172 16206 233 3287 16207 232 3284 16208 242 181 16209 246 187 16210 245 184 16211 267 204 16212 259 197 16213 263 201 16214 263 201 16215 262 195 16216 266 203 16217 293 231 16218 298 234 16219 295 229 16220 300 235 16221 298 234 16222 299 233 16223 310 237 16224 311 245 16225 312 246 16226 311 245 16227 313 247 16228 315 250 16229 315 250 16230 313 247 16231 312 246 16232 312 246 16233 311 245 16234 314 249 16235 326 263 16236 322 257 16237 325 256 16238 371 297 16239 376 303 16240 375 305 16241 392 321 16242 387 311 16243 385 310 16244 393 323 16245 385 310 16246 388 313 16247 452 373 16248 453 376 16249 456 379 16250 548 463 16251 541 458 16252 547 3304 16253 547 3304 16254 543 456 16255 550 3313 16256 555 467 16257 550 3313 16258 544 455 16259 551 3314 16260 544 455 16261 546 461 16262 545 459 16263 553 470 16264 552 3315 16265 549 464 16266 550 3313 16267 555 467 16268 570 479 16269 573 480 16270 572 481 16271 575 484 16272 576 3320 16273 584 3318 16274 577 488 16275 585 493 16276 584 3318 16277 582 485 16278 583 3319 16279 589 500 16280 586 490 16281 582 485 16282 591 503 16283 581 487 16284 593 497 16285 592 494 16286 591 503 16287 589 500 16288 595 499 16289 593 497 16290 590 496 16291 600 3321 16292 605 511 16293 597 502 16294 595 499 16295 603 507 16296 599 506 16297 600 3321 16298 600 3321 16299 597 502 16300 605 511 16301 598 504 16302 601 505 16303 607 508 16304 603 507 16305 604 510 16306 611 516 16307 615 514 16308 608 509 16309 609 512 16310 609 512 16311 606 3322 16312 613 522 16313 606 3322 16314 607 508 16315 614 520 16316 615 514 16317 612 3323 16318 617 524 16319 621 528 16320 614 520 16321 618 517 16322 618 517 16323 616 515 16324 623 526 16325 619 519 16326 617 524 16327 624 523 16328 620 521 16329 628 533 16330 627 535 16331 632 534 16332 628 533 16333 635 537 16334 646 547 16335 640 549 16336 641 543 16337 647 545 16338 644 542 16339 648 3325 16340 642 540 16341 649 552 16342 648 3325 16343 650 554 16344 643 548 16345 646 547 16346 651 3327 16347 646 547 16348 647 545 16349 658 561 16350 652 3326 16351 648 3325 16352 648 3325 16353 649 552 16354 655 551 16355 650 554 16356 651 3327 16357 657 558 16358 652 3326 16359 658 561 16360 657 558 16361 674 570 16362 671 569 16363 676 572 16364 683 575 16365 682 578 16366 684 580 16367 681 579 16368 683 575 16369 687 586 16370 687 586 16371 684 580 16372 688 584 16373 691 589 16374 692 587 16375 696 596 16376 696 596 16377 692 587 16378 693 592 16379 699 597 16380 703 601 16381 702 602 16382 700 598 16383 701 595 16384 707 603 16385 710 609 16386 709 605 16387 711 607 16388 720 619 16389 721 3330 16390 725 621 16391 724 622 16392 727 3331 16393 731 627 16394 732 628 16395 727 3331 16396 726 620 16397 733 3332 16398 726 620 16399 728 624 16400 734 631 16401 738 638 16402 737 633 16403 744 637 16404 738 638 16405 739 630 16406 742 635 16407 749 3334 16408 747 3333 16409 761 653 16410 762 649 16411 766 654 16412 764 656 16413 771 664 16414 770 660 16415 771 664 16416 773 663 16417 775 666 16418 774 665 16419 772 661 16420 779 671 16421 779 671 16422 772 661 16423 775 666 16424 775 666 16425 773 663 16426 777 668 16427 800 690 16428 797 686 16429 794 689 16430 798 687 16431 795 685 16432 802 3337 16433 795 685 16434 796 684 16435 800 690 16436 815 702 16437 810 699 16438 817 708 16439 818 706 16440 813 703 16441 814 704 16442 820 711 16443 814 704 16444 815 702 16445 821 3338 16446 817 708 16447 822 707 16448 822 707 16449 816 705 16450 818 706 16451 818 706 16452 819 710 16453 824 709 16454 821 3338 16455 825 715 16456 824 709 16457 834 3340 16458 837 726 16459 836 723 16460 838 722 16461 839 720 16462 841 728 16463 841 728 16464 839 720 16465 836 723 16466 841 728 16467 847 731 16468 846 3342 16469 845 733 16470 846 3342 16471 852 738 16472 847 731 16473 853 3343 16474 852 738 16475 855 739 16476 852 738 16477 853 3343 16478 854 736 16479 855 739 16480 859 3344 16481 859 3344 16482 855 739 16483 856 735 16484 863 748 16485 857 740 16486 858 3345 16487 858 3345 16488 859 3344 16489 865 746 16490 864 3346 16491 868 745 16492 867 747 16493 880 759 16494 877 757 16495 886 763 16496 884 762 16497 881 760 16498 889 765 16499 898 774 16500 889 765 16501 890 768 16502 890 768 16503 892 769 16504 894 773 16505 892 769 16506 891 770 16507 895 771 16508 891 770 16509 886 763 16510 896 779 16511 888 766 16512 897 776 16513 896 779 16514 888 766 16515 889 765 16516 898 774 16517 907 3349 16518 902 784 16519 909 783 16520 910 3350 16521 904 780 16522 905 3351 16523 906 3352 16524 912 785 16525 911 787 16526 906 3352 16527 907 3349 16528 913 789 16529 908 781 16530 917 3353 16531 916 788 16532 908 781 16533 914 791 16534 918 790 16535 922 3354 16536 916 788 16537 917 3353 16538 917 3353 16539 918 790 16540 924 3356 16541 930 802 16542 925 795 16543 922 3354 16544 922 3354 16545 923 3355 16546 928 803 16547 923 3355 16548 924 3356 16549 929 798 16550 931 799 16551 921 794 16552 926 796 16553 952 819 16554 954 3359 16555 953 821 16556 952 819 16557 950 817 16558 955 822 16559 960 832 16560 966 831 16561 965 827 16562 969 837 16563 965 827 16564 966 831 16565 966 831 16566 964 830 16567 971 840 16568 980 846 16569 981 847 16570 983 850 16571 984 851 16572 978 844 16573 976 841 16574 985 3361 16575 976 841 16576 979 845 16577 979 845 16578 980 846 16579 987 854 16580 987 854 16581 983 850 16582 989 3362 16583 983 850 16584 988 849 16585 990 3363 16586 990 3363 16587 988 849 16588 984 851 16589 984 851 16590 985 3361 16591 992 856 16592 993 852 16593 989 3362 16594 995 3364 16595 989 3362 16596 990 3363 16597 996 860 16598 990 3363 16599 991 858 16600 997 857 16601 994 855 16602 998 861 16603 997 857 16604 994 855 16605 993 852 16606 999 863 16607 1006 871 16608 1007 873 16609 1012 872 16610 1013 874 16611 1004 875 16612 1005 870 16613 1010 866 16614 1013 874 16615 1017 886 16616 1014 876 16617 1018 883 16618 1017 886 16619 1014 876 16620 1011 869 16621 1019 884 16622 1016 879 16623 1020 878 16624 1019 884 16625 1019 884 16626 1020 878 16627 1024 888 16628 1027 3365 16629 1021 880 16630 1017 886 16631 1022 881 16632 1021 880 16633 1027 3365 16634 1027 3365 16635 1025 885 16636 1030 3366 16637 1025 885 16638 1028 889 16639 1031 3368 16640 1028 889 16641 1023 882 16642 1032 891 16643 1033 3369 16644 1026 887 16645 1027 3365 16646 1040 894 16647 1034 3367 16648 1030 3366 16649 1030 3366 16650 1031 3368 16651 1036 3370 16652 1031 3368 16653 1032 891 16654 1037 896 16655 1029 890 16656 1038 897 16657 1037 896 16658 1029 890 16659 1033 3369 16660 1039 899 16661 1039 899 16662 1033 3369 16663 1034 3367 16664 1052 3371 16665 1047 3372 16666 1044 902 16667 1052 3371 16668 1051 907 16669 1055 3373 16670 1055 3373 16671 1051 907 16672 1053 906 16673 1053 906 16674 1048 901 16675 1057 912 16676 1057 912 16677 1048 901 16678 1054 908 16679 1052 3371 16680 1059 917 16681 1058 909 16682 1057 912 16683 1058 909 16684 1062 914 16685 1064 918 16686 1069 924 16687 1068 921 16688 1076 929 16689 1077 928 16690 1086 939 16691 1079 933 16692 1082 935 16693 1085 3374 16694 1083 937 16695 1081 934 16696 1088 940 16697 1084 936 16698 1085 3374 16699 1091 3375 16700 1085 3374 16701 1086 939 16702 1092 3377 16703 1087 938 16704 1093 942 16705 1092 3377 16706 1088 940 16707 1094 944 16708 1099 947 16709 1088 940 16710 1090 3376 16711 1095 945 16712 1095 945 16713 1090 3376 16714 1091 3375 16715 1096 946 16716 1091 3375 16717 1092 3377 16718 1092 3377 16719 1093 942 16720 1098 949 16721 1093 942 16722 1089 941 16723 1099 947 16724 1110 959 16725 1106 953 16726 1115 963 16727 1112 961 16728 1113 962 16729 1117 969 16730 1113 962 16731 1111 960 16732 1118 968 16733 1120 967 16734 1119 964 16735 1121 974 16736 1116 966 16737 1123 970 16738 1122 972 16739 1123 970 16740 1117 969 16741 1118 968 16742 1129 3378 16743 1124 971 16744 1121 974 16745 1124 971 16746 1128 979 16747 1127 978 16748 1135 3379 16749 1129 3378 16750 1125 973 16751 1128 979 16752 1129 3378 16753 1135 3379 16754 1131 976 16755 1138 985 16756 1136 982 16757 1134 981 16758 1135 3379 16759 1139 984 16760 1148 994 16761 1151 997 16762 1150 999 16763 1147 3380 16764 1154 1003 16765 1153 3381 16766 1152 996 16767 1149 993 16768 1156 1005 16769 1156 1005 16770 1149 993 16771 1153 3381 16772 1158 1000 16773 1151 997 16774 1152 996 16775 1158 1000 16776 1163 1008 16777 1162 1006 16778 1160 1001 16779 1162 1006 16780 1168 3382 16781 1162 1006 16782 1163 1008 16783 1169 1014 16784 1181 1027 16785 1175 3384 16786 1176 1015 16787 1176 1015 16788 1173 1019 16789 1180 1022 16790 1181 1027 16791 1179 3383 16792 1183 1025 16793 1186 1028 16794 1183 1025 16795 1184 1024 16796 1185 1026 16797 1189 1032 16798 1188 1029 16799 1186 1028 16800 1187 1031 16801 1191 3385 16802 1193 1037 16803 1189 1032 16804 1186 1028 16805 1206 3386 16806 1210 1051 16807 1209 1054 16808 1208 1048 16809 1205 3387 16810 1213 1053 16811 1218 1057 16812 1211 1046 16813 1212 1058 16814 1220 1059 16815 1216 1052 16816 1217 1056 16817 1217 1056 16818 1215 1049 16819 1222 1060 16820 1218 1057 16821 1219 1055 16822 1223 3388 16823 1225 1063 16824 1222 1060 16825 1223 3388 16826 1226 1071 16827 1223 3388 16828 1220 1059 16829 1224 1061 16830 1221 1062 16831 1230 1066 16832 1234 1075 16833 1227 1065 16834 1228 1064 16835 1233 1069 16836 1226 1071 16837 1227 1065 16838 1249 1087 16839 1250 1088 16840 1252 1090 16841 1257 1094 16842 1256 1093 16843 1260 1097 16844 1262 1099 16845 1260 1097 16846 1263 1101 16847 1266 1103 16848 1264 1105 16849 1269 1107 16850 1271 1110 16851 1268 1106 16852 1269 1107 16853 1285 1124 16854 1291 3389 16855 1290 1129 16856 1285 1124 16857 1286 1121 16858 1292 1127 16859 1290 1129 16860 1296 1135 16861 1295 1137 16862 1290 1129 16863 1291 3389 16864 1297 1133 16865 1289 1128 16866 1299 3390 16867 1298 1132 16868 1306 1144 16869 1301 1136 16870 1308 1142 16871 1323 1157 16872 1318 1154 16873 1320 1153 16874 1331 1166 16875 1322 1156 16876 1323 1157 16877 1324 1159 16878 1321 1158 16879 1329 1169 16880 1329 1169 16881 1321 1158 16882 1325 1160 16883 1325 1160 16884 1322 1156 16885 1331 1166 16886 1328 1161 16887 1329 1169 16888 1335 1168 16889 1352 1186 16890 1348 1176 16891 1354 1188 16892 1351 1184 16893 1349 1180 16894 1356 1193 16895 1352 1186 16896 1357 1197 16897 1356 1193 16898 1354 1188 16899 1363 1195 16900 1365 1196 16901 1372 1210 16902 1366 1198 16903 1369 1200 16904 1369 1200 16905 1364 1203 16906 1374 3393 16907 1370 1202 16908 1375 3394 16909 1374 3393 16910 1370 1202 16911 1368 1204 16912 1376 1206 16913 1374 3393 16914 1382 1216 16915 1381 1213 16916 1399 1232 16917 1393 3395 16918 1395 1229 16919 1399 1232 16920 1398 1228 16921 1400 3396 16922 1398 1228 16923 1396 1226 16924 1402 1230 16925 1403 1231 16926 1400 3396 16927 1406 3397 16928 1406 3397 16929 1400 3396 16930 1401 1234 16931 1409 3398 16932 1406 3397 16933 1410 1238 16934 1411 1240 16935 1408 1235 16936 1409 3398 16937 1407 1239 16938 1404 1233 16939 1414 1244 16940 1404 1233 16941 1405 1236 16942 1415 1241 16943 1416 1242 16944 1410 1238 16945 1413 1237 16946 1417 1245 16947 1414 1244 16948 1415 1241 16949 1412 1243 16950 1416 1242 16951 1418 1246 16952 1426 3399 16953 1424 1250 16954 1430 1263 16955 1430 1263 16956 1424 1250 16957 1427 1254 16958 1426 3399 16959 1433 1260 16960 1432 1257 16961 1457 1282 16962 1452 1281 16963 1453 1285 16964 1461 3400 16965 1456 1279 16966 1457 1282 16967 1459 3401 16968 1457 1282 16969 1458 1284 16970 1455 1283 16971 1456 1279 16972 1461 3400 16973 1461 3400 16974 1459 3401 16975 1463 1290 16976 1459 3401 16977 1460 1286 16978 1465 1288 16979 1462 1287 16980 1461 3400 16981 1467 1292 16982 1469 1291 16983 1463 1290 16984 1464 1294 16985 1468 1289 16986 1466 3402 16987 1467 1292 16988 1469 1291 16989 1470 1293 16990 1472 1295 16991 1470 1293 16992 1468 1289 16993 1474 3404 16994 1475 3406 16995 1468 1289 16996 1469 1291 16997 1478 1298 16998 1472 1295 16999 1473 3405 17000 1479 1300 17001 1473 3405 17002 1474 3404 17003 1474 3404 17004 1475 3406 17005 1481 3407 17006 1475 3406 17007 1476 3403 17008 1482 1304 17009 1481 3407 17010 1482 1304 17011 1485 1303 17012 1494 1312 17013 1491 1308 17014 1497 1315 17015 1495 1313 17016 1501 1323 17017 1500 1318 17018 1502 3408 17019 1505 1326 17020 1507 1322 17021 1502 3408 17022 1498 1316 17023 1506 1321 17024 1510 1324 17025 1504 1325 17026 1507 1322 17027 1513 3409 17028 1506 1321 17029 1510 1324 17030 1509 1327 17031 1506 1321 17032 1513 3409 17033 1524 1342 17034 1518 3410 17035 1519 1337 17036 1537 1353 17037 1534 1349 17038 1538 1355 17039 1533 1348 17040 1535 1350 17041 1539 1354 17042 1547 1362 17043 1544 1364 17044 1552 1369 17045 1548 1360 17046 1547 1362 17047 1554 3411 17048 1562 3412 17049 1554 3411 17050 1552 1369 17051 1552 1369 17052 1555 1368 17053 1559 3414 17054 1557 1372 17055 1560 1374 17056 1559 3414 17057 1561 1375 17058 1553 1371 17059 1554 3411 17060 1562 3412 17061 1558 3413 17062 1564 3415 17063 1558 3413 17064 1559 3414 17065 1565 1377 17066 1566 1381 17067 1561 1375 17068 1562 3412 17069 1567 1379 17070 1564 3415 17071 1570 1384 17072 1564 3415 17073 1565 1377 17074 1571 1382 17075 1578 3416 17076 1585 1396 17077 1584 3417 17078 1586 1392 17079 1581 1390 17080 1589 1402 17081 1584 3417 17082 1585 1396 17083 1592 1397 17084 1588 3419 17085 1598 1406 17086 1596 1403 17087 1588 3419 17088 1589 1402 17089 1595 1401 17090 1595 1401 17091 1593 1398 17092 1601 3420 17093 1594 1400 17094 1602 1408 17095 1601 3420 17096 1609 1412 17097 1612 3421 17098 1611 1417 17099 1625 1431 17100 1622 1426 17101 1620 1424 17102 1631 1435 17103 1627 1430 17104 1629 1432 17105 1641 1447 17106 1637 1438 17107 1640 1444 17108 1638 1442 17109 1636 1441 17110 1643 1445 17111 1651 1451 17112 1653 1458 17113 1654 1456 17114 1651 1451 17115 1650 1460 17116 1656 1459 17117 1659 1464 17118 1657 1461 17119 1658 3423 17120 1658 3423 17121 1653 1458 17122 1660 1466 17123 1660 1466 17124 1653 1458 17125 1655 1457 17126 1655 1457 17127 1656 1459 17128 1662 3424 17129 1657 1461 17130 1663 1463 17131 1662 3424 17132 1661 1467 17133 1662 3424 17134 1668 1472 17135 1663 1463 17136 1669 1468 17137 1668 1472 17138 1667 1470 17139 1673 1478 17140 1672 1475 17141 1689 1495 17142 1684 1485 17143 1686 3425 17144 1691 1490 17145 1695 1493 17146 1694 1492 17147 1702 3428 17148 1692 1491 17149 1696 1494 17150 1696 1494 17151 1693 3427 17152 1699 3430 17153 1693 3427 17154 1697 1496 17155 1700 3431 17156 1697 1496 17157 1694 1492 17158 1701 3432 17159 1713 1507 17160 1707 1497 17161 1710 1505 17162 1709 1503 17163 1715 1510 17164 1708 1502 17165 1712 1504 17166 1713 1507 17167 1715 1510 17168 1714 1508 17169 1718 1519 17170 1717 1517 17171 1719 1511 17172 1716 1509 17173 1715 1510 17174 1720 1514 17175 1715 1510 17176 1713 1507 17177 1720 1514 17178 1721 3433 17179 1724 1516 17180 1717 1517 17181 1718 1519 17182 1726 1518 17183 1728 1521 17184 1725 1515 17185 1729 1522 17186 1727 1520 17187 1728 1521 17188 1730 1525 17189 1731 1528 17190 1735 1530 17191 1734 1526 17192 1736 1527 17193 1737 1531 17194 1742 1534 17195 1746 1541 17196 1747 3434 17197 1751 1546 17198 1747 3434 17199 1748 1540 17200 1752 3435 17201 1751 1546 17202 1752 3435 17203 1755 1542 17204 1758 1549 17205 1750 1545 17206 1753 1544 17207 1754 1547 17208 1755 1542 17209 1760 1552 17210 1756 1543 17211 1757 1551 17212 1760 1552 17213 1763 1556 17214 1766 1555 17215 1771 1563 17216 1771 1563 17217 1766 1555 17218 1764 1553 17219 1772 1567 17220 1764 1553 17221 1767 1559 17222 1781 1572 17223 1782 1571 17224 1789 1580 17225 1792 1583 17226 1786 1576 17227 1787 1577 17228 1812 1601 17229 1816 3438 17230 1811 1603 17231 1817 1602 17232 1813 1604 17233 1818 1608 17234 1818 1608 17235 1813 1604 17236 1814 3437 17237 1814 3437 17238 1815 1605 17239 1820 1611 17240 1811 1603 17241 1821 3439 17242 1820 1611 17243 1811 1603 17244 1816 3438 17245 1822 1613 17246 1822 1613 17247 1816 3438 17248 1817 1602 17249 1825 1609 17250 1820 1611 17251 1821 3439 17252 1829 1618 17253 1821 3439 17254 1822 1613 17255 1831 1617 17256 1826 1612 17257 1835 1620 17258 1840 1627 17259 1845 1632 17260 1844 1634 17261 1845 1632 17262 1842 1626 17263 1849 3442 17264 1846 1629 17265 1850 3443 17266 1849 3442 17267 1843 1628 17268 1851 1631 17269 1850 3443 17270 1851 1631 17271 1847 1630 17272 1853 3444 17273 1852 1635 17274 1854 3447 17275 1853 3444 17276 1852 1635 17277 1849 3442 17278 1856 3445 17279 1856 3445 17280 1849 3442 17281 1850 3443 17282 1850 3443 17283 1851 1631 17284 1858 1638 17285 1853 3444 17286 1868 1641 17287 1862 1636 17288 1853 3444 17289 1854 3447 17290 1859 3448 17291 1859 3448 17292 1854 3447 17293 1855 3446 17294 1855 3446 17295 1856 3445 17296 1861 3450 17297 1861 3450 17298 1856 3445 17299 1857 1637 17300 1868 1641 17301 1859 3448 17302 1864 1644 17303 1864 1644 17304 1859 3448 17305 1860 3449 17306 1860 3449 17307 1861 3450 17308 1866 1649 17309 1861 3450 17310 1862 1636 17311 1867 1642 17312 1872 1646 17313 1865 1647 17314 1866 1649 17315 1873 1648 17316 1867 1642 17317 1869 1640 17318 1887 1666 17319 1881 1653 17320 1883 1656 17321 1884 1659 17322 1882 1658 17323 1890 3451 17324 1886 1661 17325 1887 1666 17326 1893 3452 17327 1894 1669 17328 1890 3451 17329 1886 1661 17330 1891 1668 17331 1889 1664 17332 1897 1670 17333 1895 1673 17334 1893 3452 17335 1898 3453 17336 1898 3453 17337 1893 3452 17338 1892 1665 17339 1897 1670 17340 1903 1677 17341 1902 1676 17342 1907 1682 17343 1900 1672 17344 1898 3453 17345 1898 3453 17346 1899 1671 17347 1905 3454 17348 1910 1686 17349 1908 1678 17350 1914 1687 17351 1918 1698 17352 1926 1697 17353 1925 1696 17354 1923 1693 17355 1924 1695 17356 1933 1705 17357 1934 3455 17358 1928 1699 17359 1930 1702 17360 1944 1712 17361 1939 1713 17362 1940 1715 17363 1951 1720 17364 1945 1714 17365 1947 1718 17366 1976 1746 17367 1979 3459 17368 1978 3457 17369 1976 1746 17370 1972 1742 17371 1980 3458 17372 1974 1744 17373 1981 3460 17374 1980 3458 17375 1974 1744 17376 1973 1743 17377 1982 1748 17378 1984 1754 17379 1977 1747 17380 1978 3457 17381 1985 1751 17382 1979 3459 17383 1980 3458 17384 1980 3458 17385 1981 3460 17386 1987 3462 17387 1982 1748 17388 1988 1753 17389 1987 3462 17390 1984 1754 17391 1983 3461 17392 1989 3463 17393 1989 3463 17394 1983 3461 17395 1985 1751 17396 1999 1760 17397 1994 1755 17398 1996 1757 17399 2008 1764 17400 2007 1775 17401 2014 1774 17402 2017 1782 17403 2011 1770 17404 2013 1773 17405 2013 1773 17406 2014 1774 17407 2019 1784 17408 2017 1782 17409 2018 3466 17410 2024 1788 17411 2018 3466 17412 2019 1784 17413 2025 1783 17414 2027 1785 17415 2023 1781 17416 2030 1789 17417 2028 1787 17418 2026 1786 17419 2029 3467 17420 2038 3468 17421 2033 3469 17422 2039 1798 17423 2033 3469 17424 2034 3471 17425 2040 3470 17426 2034 3471 17427 2035 3472 17428 2041 1800 17429 2038 3468 17430 2043 1797 17431 2042 1792 17432 2040 3470 17433 2046 1804 17434 2045 1796 17435 2040 3470 17436 2041 1800 17437 2047 1799 17438 2042 1792 17439 2043 1797 17440 2045 1796 17441 2068 1825 17442 2059 1812 17443 2060 1811 17444 2063 1818 17445 2060 1811 17446 2057 1815 17447 2057 1815 17448 2061 1814 17449 2065 1822 17450 2061 1814 17451 2058 1809 17452 2066 1820 17453 2062 1816 17454 2067 1824 17455 2066 1820 17456 2062 1816 17457 2059 1812 17458 2068 1825 17459 2068 1825 17460 2063 1818 17461 2069 1817 17462 2069 1817 17463 2064 1819 17464 2065 1822 17465 2070 1821 17466 2066 1820 17467 2067 1824 17468 2081 1835 17469 2079 1834 17470 2085 1845 17471 2085 1845 17472 2079 1834 17473 2082 1837 17474 2101 3473 17475 2102 1856 17476 2106 1858 17477 2119 1875 17478 2120 3652 17479 2127 3475 17480 2127 3475 17481 2120 3652 17482 2121 3476 17483 2128 3477 17484 2121 3476 17485 2122 3478 17486 2122 3478 17487 2123 1872 17488 2130 1877 17489 2127 3475 17490 2133 1881 17491 2132 1878 17492 2127 3475 17493 2128 3477 17494 2134 1882 17495 2134 1882 17496 2128 3477 17497 2129 3479 17498 2135 1884 17499 2129 3479 17500 2130 1877 17501 2131 1876 17502 2132 1878 17503 2137 1887 17504 2134 1882 17505 2135 1884 17506 2139 1883 17507 2143 1893 17508 2133 1881 17509 2138 1880 17510 2138 1880 17511 2139 1883 17512 2145 1891 17513 2141 1885 17514 2140 1889 17515 2147 1888 17516 2151 1896 17517 2144 1897 17518 2145 1891 17519 2154 1901 17520 2146 1890 17521 2149 1895 17522 2155 3480 17523 2150 1894 17524 2156 1905 17525 2156 1905 17526 2150 1894 17527 2153 1899 17528 2153 1899 17529 2151 1896 17530 2158 1903 17531 2154 1901 17532 2155 3480 17533 2160 3481 17534 2162 1904 17535 2158 1903 17536 2161 1902 17537 2175 1919 17538 2171 1912 17539 2169 1909 17540 2169 1909 17541 2172 1914 17542 2177 3482 17543 2177 3482 17544 2174 1918 17545 2181 1927 17546 2187 1928 17547 2182 1923 17548 2179 1922 17549 2179 1922 17550 2176 1921 17551 2185 1931 17552 2190 1930 17553 2187 1928 17554 2184 1933 17555 2199 1941 17556 2197 1940 17557 2203 3483 17558 2203 3483 17559 2197 1940 17560 2200 1943 17561 2211 1952 17562 2208 1951 17563 2214 3484 17564 2214 3484 17565 2208 1951 17566 2212 1953 17567 2217 1961 17568 2223 1967 17569 2222 1965 17570 2224 1962 17571 2221 1963 17572 2229 1971 17573 2225 1964 17574 2231 1973 17575 2230 1969 17576 2234 1972 17577 2228 1974 17578 2229 1971 17579 2231 1973 17580 2234 1972 17581 2235 1975 17582 2235 1975 17583 2232 1970 17584 2238 1977 17585 2247 1988 17586 2242 1984 17587 2250 3485 17588 2246 1983 17589 2251 1992 17590 2250 3485 17591 2253 1991 17592 2249 1989 17593 2255 1994 17594 2258 2000 17595 2252 1993 17596 2250 3485 17597 2250 3485 17598 2251 1992 17599 2257 3486 17600 2275 2014 17601 2276 2019 17602 2280 3487 17603 2277 2017 17604 2278 2016 17605 2282 3488 17606 2290 2027 17607 2293 2036 17608 2295 2032 17609 2289 2026 17610 2295 2032 17611 2294 2030 17612 2296 2031 17613 2299 2034 17614 2298 2035 17615 2301 2039 17616 2298 2035 17617 2299 2034 17618 2300 2037 17619 2305 2043 17620 2302 2040 17621 2303 2041 17622 2300 2037 17623 2298 2035 17624 2303 2041 17625 2301 2039 17626 2307 3489 17627 2307 3489 17628 2301 2039 17629 2308 2049 17630 2308 2049 17631 2301 2039 17632 2304 2038 17633 2304 2038 17634 2305 2043 17635 2310 2051 17636 2306 2042 17637 2311 2045 17638 2310 2051 17639 2312 2046 17640 2306 2042 17641 2307 3489 17642 2309 3490 17643 2316 3491 17644 2315 2048 17645 2309 3490 17646 2310 2051 17647 2317 2050 17648 2323 2056 17649 2321 2055 17650 2324 2061 17651 2322 2053 17652 2323 2056 17653 2326 3493 17654 2336 2068 17655 2339 3494 17656 2338 2071 17657 2350 2080 17658 2347 2076 17659 2352 2085 17660 2349 2081 17661 2346 2078 17662 2353 2090 17663 2346 2078 17664 2348 2077 17665 2354 2083 17666 2356 2086 17667 2359 2087 17668 2358 2088 17669 2364 3495 17670 2360 3496 17671 2361 2093 17672 2382 2109 17673 2381 2106 17674 2388 2118 17675 2408 2133 17676 2407 2136 17677 2412 2139 17678 2415 3499 17679 2409 2135 17680 2410 2138 17681 2415 3499 17682 2413 2143 17683 2417 3500 17684 2415 3499 17685 2421 2147 17686 2420 2148 17687 2419 3501 17688 2420 2148 17689 2424 2146 17690 2427 2156 17691 2432 2159 17692 2431 2152 17693 2429 2149 17694 2431 2152 17695 2436 2160 17696 2448 3502 17697 2444 2167 17698 2445 2166 17699 2457 2176 17700 2453 3504 17701 2459 2182 17702 2459 2182 17703 2453 3504 17704 2458 3505 17705 2459 2182 17706 2465 2181 17707 2467 2185 17708 2465 2181 17709 2460 2183 17710 2463 2180 17711 2466 2184 17712 2461 2178 17713 2464 2186 17714 2478 2197 17715 2473 2192 17716 2474 2191 17717 2481 2200 17718 2482 3653 17719 2488 2211 17720 2488 2211 17721 2482 3653 17722 2483 2204 17723 2509 2228 17724 2504 3509 17725 2505 2218 17726 2512 3510 17727 2508 2222 17728 2506 2221 17729 2518 2236 17730 2512 3510 17731 2513 2227 17732 2527 2241 17733 2531 2243 17734 2530 2244 17735 2533 3511 17736 2536 2247 17737 2535 3512 17738 2534 2248 17739 2532 3513 17740 2535 3512 17741 2550 2261 17742 2549 2260 17743 2553 2266 17744 2555 3514 17745 2547 2257 17746 2550 2261 17747 2558 2273 17748 2551 2262 17749 2554 2264 17750 2554 2264 17751 2552 2263 17752 2560 2271 17753 2555 3514 17754 2561 2269 17755 2560 2271 17756 2555 3514 17757 2556 2268 17758 2562 2267 17759 2573 2287 17760 2572 2278 17761 2580 3515 17762 2581 2290 17763 2574 2280 17764 2576 2284 17765 2576 2284 17766 2575 2282 17767 2583 3517 17768 2583 3517 17769 2578 2288 17770 2579 3516 17771 2585 3518 17772 2591 3522 17773 2595 3519 17774 2585 3518 17775 2586 3654 17776 2592 3521 17777 2592 3521 17778 2586 3654 17779 2587 3523 17780 2593 2296 17781 2587 3523 17782 2588 2294 17783 2589 2292 17784 2590 3520 17785 2595 3519 17786 2594 2293 17787 2595 3519 17788 2591 3522 17789 2613 2311 17790 2615 2314 17791 2620 2325 17792 2615 2314 17793 2616 2315 17794 2621 2319 17795 2628 2331 17796 2622 2320 17797 2623 2321 17798 2633 2336 17799 2626 2324 17800 2630 2327 17801 2630 2327 17802 2627 2323 17803 2635 2333 17804 2653 2355 17805 2645 2339 17806 2646 2343 17807 2646 2343 17808 2647 2342 17809 2655 2353 17810 2649 2348 17811 2656 2354 17812 2655 2353 17813 2671 3526 17814 2669 3532 17815 2667 3527 17816 2683 2369 17817 2680 3536 17818 2675 3533 17819 2675 3533 17820 2676 3535 17821 2682 2367 17822 2684 2366 17823 2677 2368 17824 2678 3534 17825 2678 3534 17826 2679 2371 17827 2686 2370 17828 2691 3537 17829 2689 3540 17830 2694 3538 17831 2701 2381 17832 2699 2379 17833 2707 2390 17834 2700 2383 17835 2703 2385 17836 2709 2392 17837 2710 2391 17838 2706 2389 17839 2712 2400 17840 2707 2390 17841 2705 2388 17842 2715 2395 17843 2714 2401 17844 2715 2395 17845 2718 2397 17846 2728 3542 17847 2720 3543 17848 2721 2408 17849 2728 3542 17850 2729 2407 17851 2734 2410 17852 2734 2410 17853 2729 2407 17854 2730 3545 17855 2731 2409 17856 2736 2415 17857 2735 2414 17858 2731 2409 17859 2726 2402 17860 2737 3547 17861 2732 3546 17862 2740 2417 17863 2742 2418 17864 2767 2442 17865 2775 3551 17866 2771 3548 17867 2767 2442 17868 2769 2436 17869 2770 2444 17870 2770 2444 17871 2768 2443 17872 2773 2447 17873 2771 3548 17874 2774 2445 17875 2773 2447 17876 2775 3551 17877 2770 2444 17878 2777 2451 17879 2772 3552 17880 2785 2456 17881 2780 2449 17882 2772 3552 17883 2773 2447 17884 2779 2446 17885 2785 2456 17886 2779 2446 17887 2783 3553 17888 2786 3554 17889 2789 2459 17890 2788 2457 17891 2786 3554 17892 2781 2452 17893 2790 2458 17894 2800 2468 17895 2804 2479 17896 2806 2474 17897 2800 2468 17898 2798 2466 17899 2805 2473 17900 2807 2475 17901 2802 2471 17902 2803 2472 17903 2814 3555 17904 2805 2473 17905 2807 2475 17906 2817 3556 17907 2819 2489 17908 2818 2487 17909 2817 3556 17910 2815 2485 17911 2820 2484 17912 2822 2486 17913 2818 2487 17914 2819 2489 17915 2823 2493 17916 2826 2492 17917 2825 2496 17918 2823 2493 17919 2824 2488 17920 2829 2490 17921 2844 2508 17922 2840 2505 17923 2847 2511 17924 2854 2518 17925 2852 2517 17926 2858 2522 17927 2863 3559 17928 2860 2525 17929 2861 3560 17930 2861 3560 17931 2862 2527 17932 2865 3562 17933 2874 2534 17934 2870 2533 17935 2872 2532 17936 2875 2535 17937 2871 2528 17938 2876 2536 17939 2876 2536 17940 2879 2539 17941 2881 2540 17942 2881 2540 17943 2878 2537 17944 2884 2544 17945 2913 2573 17946 2920 2579 17947 2919 2580 17948 2925 2583 17949 2932 2593 17950 2931 2592 17951 2932 2593 17952 2928 2588 17953 2926 2587 17954 2931 2592 17955 2932 2593 17956 2935 2596 17957 2933 2591 17958 2931 2592 17959 2934 2599 17960 2934 2599 17961 2940 3565 17962 2937 2597 17963 2964 2622 17964 2962 2621 17965 2967 3566 17966 2975 2632 17967 2973 2631 17968 2980 2633 17969 2984 2642 17970 2978 2637 17971 2981 2638 17972 2993 2651 17973 2994 2655 17974 2998 3568 17975 2995 2656 17976 2996 2653 17977 3000 3569 17978 3011 2670 17979 3006 2661 17980 3008 2663 17981 3012 2667 17982 3009 2665 17983 3005 2658 17984 3015 3570 17985 3016 2672 17986 3019 3571 17987 3021 3573 17988 3017 2673 17989 3015 3570 17990 3032 3574 17991 3028 2681 17992 3031 2683 17993 3039 2686 17994 3033 3575 17995 3026 2674 17996 3026 2674 17997 3029 2680 17998 3035 3576 17999 3029 2680 18000 3027 2678 18001 3036 3577 18002 3027 2678 18003 3030 2682 18004 3037 3578 18005 3032 3574 18006 3038 3579 18007 3037 3578 18008 3032 3574 18009 3033 3575 18010 3039 2686 18011 3035 3576 18012 3036 3577 18013 3042 2689 18014 3036 3577 18015 3037 3578 18016 3043 2690 18017 3045 3581 18018 3038 3579 18019 3040 2685 18020 3044 2687 18021 3041 3580 18022 3049 2697 18023 3041 3580 18024 3042 2689 18025 3050 2695 18026 3045 3581 18027 3052 3582 18028 3051 2694 18029 3045 3581 18030 3046 2693 18031 3053 2692 18032 3054 2696 18033 3049 2697 18034 3050 2695 18035 3053 2692 18036 3048 2691 18037 3056 2700 18038 3057 2702 18039 3052 3582 18040 3053 2692 18041 3054 2696 18042 3055 2698 18043 3060 2701 18044 3061 2703 18045 3057 2702 18046 3058 2705 18047 3079 2723 18048 3072 2714 18049 3077 3583 18050 3074 2717 18051 3078 2720 18052 3083 2728 18053 3078 2720 18054 3075 2718 18055 3084 2726 18056 3097 2735 18057 3092 2736 18058 3093 2738 18059 3095 2731 18060 3091 2730 18061 3101 2741 18062 3099 2739 18063 3096 2733 18064 3102 2744 18065 3102 2744 18066 3096 2733 18067 3100 2740 18068 3101 2741 18069 3097 2735 18070 3104 2745 18071 3098 2737 18072 3105 2747 18073 3104 2745 18074 3099 2739 18075 3106 3586 18076 3105 2747 18077 3111 3587 18078 3118 2759 18079 3121 2756 18080 3111 3587 18081 3112 2755 18082 3119 2754 18083 3134 2771 18084 3129 2767 18085 3132 2770 18086 3147 2783 18087 3152 2786 18088 3151 2785 18089 3152 2786 18090 3148 2784 18091 3156 3591 18092 3153 2787 18093 3157 2794 18094 3160 2791 18095 3153 2787 18096 3155 2789 18097 3158 3592 18098 3158 3592 18099 3155 2789 18100 3156 3591 18101 3156 3591 18102 3154 2788 18103 3160 2791 18104 3170 2804 18105 3171 2807 18106 3175 2810 18107 3181 2802 18108 3179 2811 18109 3183 2813 18110 3184 2815 18111 3180 2812 18112 3178 2808 18113 3187 2817 18114 3188 3655 18115 3191 3595 18116 3191 3595 18117 3188 3655 18118 3189 2821 18119 3193 3596 18120 3199 2830 18121 3202 2825 18122 3193 3596 18123 3194 2824 18124 3200 2823 18125 3200 2823 18126 3195 2822 18127 3196 3597 18128 3196 3597 18129 3197 2826 18130 3202 2825 18131 3204 2831 18132 3199 2830 18133 3200 2823 18134 3204 2831 18135 3207 3598 18136 3206 2833 18137 3207 3598 18138 3205 2832 18139 3210 2836 18140 3208 2834 18141 3211 3599 18142 3210 2836 18143 3206 2833 18144 3207 3598 18145 3209 2838 18146 3212 2835 18147 3209 2838 18148 3217 2842 18149 3213 2840 18150 3216 2839 18151 3220 2847 18152 3220 2847 18153 3216 2839 18154 3217 2842 18155 3228 2854 18156 3229 3601 18157 3233 2856 18158 3235 2858 18159 3232 2857 18160 3239 3602 18161 3236 2861 18162 3240 2860 18163 3239 3602 18164 3238 2862 18165 3245 2867 18166 3246 2868 18167 3250 2875 18168 3256 2878 18169 3255 2882 18170 3254 2876 18171 3252 2871 18172 3258 2885 18173 3259 2877 18174 3253 2874 18175 3254 2876 18176 3260 2880 18177 3257 2879 18178 3263 2884 18179 3292 2912 18180 3296 2918 18181 3298 2920 18182 3293 2915 18183 3294 2913 18184 3298 2920 18185 3301 2921 18186 3302 2919 18187 3300 2924 18188 3310 2930 18189 3308 2929 18190 3312 2936 18191 3307 2926 18192 3310 2930 18193 3315 2935 18194 3333 2955 18195 3328 2950 18196 3336 2956 18197 3342 2961 18198 3337 2960 18199 3338 3604 18200 3342 2961 18201 3343 3605 18202 3346 2969 18203 3344 2962 18204 3349 2972 18205 3348 2966 18206 3344 2962 18207 3341 2958 18208 3350 2965 18209 3359 3606 18210 3356 2973 18211 3357 3607 18212 3357 3607 18213 3355 2975 18214 3361 3610 18215 3365 3611 18216 3362 3614 18217 3369 3612 18218 3375 3615 18219 3370 3613 18220 3369 3612 18221 3369 3612 18222 3368 2981 18223 3373 2980 18224 3370 3613 18225 3375 3615 18226 3374 2982 18227 3385 2990 18228 3378 2988 18229 3379 2985 18230 3382 2993 18231 3379 2985 18232 3377 2987 18233 3377 2987 18234 3376 2984 18235 3384 2997 18236 3396 3001 18237 3402 3012 18238 3401 3616 18239 3396 3001 18240 3394 2999 18241 3403 3013 18242 3406 3011 18243 3404 3009 18244 3409 3016 18245 3434 3618 18246 3432 3622 18247 3435 3619 18248 3432 3622 18249 3433 3624 18250 3436 3623 18251 3433 3624 18252 3434 3618 18253 3437 3620 18254 3457 3057 18255 3462 3625 18256 3465 3063 18257 3457 3057 18258 3455 3055 18259 3463 3065 18260 3460 3060 18261 3464 3061 18262 3463 3065 18263 3467 3626 18264 3462 3625 18265 3463 3065 18266 3473 3073 18267 3476 3072 18268 3475 3074 18269 3482 3076 18270 3484 3627 18271 3487 3082 18272 3482 3076 18273 3479 3079 18274 3485 3085 18275 3483 3081 18276 3486 3628 18277 3485 3085 18278 3486 3628 18279 3483 3081 18280 3481 3080 18281 3485 3085 18282 3489 3084 18283 3488 3629 18284 3487 3082 18285 3490 3092 18286 3485 3085 18287 3487 3082 18288 3484 3627 18289 3488 3629 18290 3492 3088 18291 3489 3084 18292 3496 3090 18293 3493 3083 18294 3490 3092 18295 3497 3091 18296 3508 3630 18297 3509 3105 18298 3515 3106 18299 3513 3109 18300 3516 3108 18301 3512 3104 18302 3516 3108 18303 3519 3112 18304 3518 3110 18305 3533 3123 18306 3535 3130 18307 3534 3127 18308 3533 3123 18309 3530 3124 18310 3536 3126 18311 3538 3129 18312 3535 3130 18313 3542 3133 18314 3559 3633 18315 3555 3147 18316 3553 3634 18317 3553 3634 18318 3554 3146 18319 3557 3636 18320 3560 3637 18321 3563 3640 18322 3565 3638 18323 3563 3640 18324 3560 3637 18325 3561 3641 18326 3564 3642 18327 3561 3641 18328 3562 3639 18329 3568 3150 18330 3571 3151 18331 3570 3156 18332 3580 3162 18333 3575 3157 18334 3576 3155 18335 3583 3163 18336 3578 3644 18337 3579 3159 18338 3604 3181 18339 3602 3180 18340 3608 3185 18341 3629 3207 18342 3622 3200 18343 3623 3201 18344 3624 3202 18345 3622 3200 18346 3629 3207 18347 3642 3218 18348 3640 3217 18349 3646 3222 18350 3652 3648 18351 3648 3230 18352 3649 3226 18353 3654 3649 18354 3650 3227 18355 3651 3229 18356</p>
        </triangles>
      </mesh>
    </geometry>
  </library_geometries>
  <library_visual_scenes>
    <visual_scene id="Scene" name="Scene">
      <node id="tree" name="tree" type="NODE">
        <matrix sid="transform">1 0 0 0 0 1 0 0 0 0 1 0 0 0 0 1</matrix>
        <instance_geometry url="#tree-mesh" name="tree"/>
      </node>
    </visual_scene>
  </library_visual_scenes>
  <scene>
    <instance_visual_scene url="#Scene"/>
  </scene>
</COLLADA>