<?xml version="1.0" encoding="utf-8"?>
<COLLADA xmlns="http://www.collada.org/2005/11/COLLADASchema" version="1.4.1" xmlns:xsi="http://www.w3.org/2001/XMLSchema-instance">
  <asset>
    <contributor>
      <author>Blender User</author>
      <authoring_tool>Blender 4.1.1 commit date:2024-04-15, commit time:15:11, hash:e1743a0317bc</authoring_tool>
    </contributor>
    <created>2026-09-28T10:19:16</created>
    <modified>2026-09-28T10:19:16</modified>
    <unit name="meter" meter="1"/>
    <up_axis>Z_UP</up_axis>
  </asset>
  <library_images/>
  <library_geometries>
    <geometry id="tree-mesh" name="tree">
      <mesh>
        <source id="tree-mesh-positions">
          <float_array id="tree-mesh-positions-array" count="11754">-0.04888629 -0.08467364 0 0.05000644 -0.08574992 1.09082e-4 0.09777265 0 0 0.05035454 0.0839557 3.61275e-5 -0.04888629 0.08467364 0 -0.0966494 -2.15082e-4 4.88095e-5 -0.06935507 -0.06470572 0.2950571 0.07165288 0.01461875 0.2461521 -0.06894087 0.09538155 0.2522174 0.02500694 -0.0663048 0.2430617 0.02502721 0.09453982 0.3049936 -0.1150586 0.01468074 0.2502095 0.04001468 -0.07513493 0.3349117 0.08584165 0.003357112 0.3370777 -0.04001468 0.07513493 0.3987671 -0.08584165 -0.003357112 0.3966009 0.01736783 -0.1176732 0.4759345 0.0905528 -0.1073232 0.4253079 0.1306272 -0.02799004 0.421898 0.1096267 0.03379476 0.4845546 0.02993512 0.02794563 0.5249123 -0.008789956 -0.05282455 0.5301657 0.2427713 -0.2049725 0.5750162 0.2815753 -0.1303995 0.5711786 0.2276703 -0.1116296 0.7098455 0.1913604 -0.176993 0.7078371 0.1908188 -0.2210868 0.6380472 0.2883049 -0.102011 0.6663644 0.3169933 -0.1642234 0.6376711 0.2281733 -0.2371307 0.6845008 0.2904115 -0.2297877 0.6503316 0.2801581 -0.1081655 0.6615944 0.2218713 -0.1188941 0.6931838 0.2054421 -0.1779606 0.7196432 0.255932 -0.2216891 0.7288208 0.3140236 -0.2123752 0.6984835 0.3244234 -0.1567612 0.6645679 0.3328215 -0.03976273 0.7878487 0.3361521 -0.09627819 0.8873363 0.3817005 -0.08684849 0.8669739 0.3152391 -0.03961735 0.9089041 0.394634 -0.03307425 0.8576183 0.3564622 0.04259592 0.9464117 0.3832391 0.04733657 0.932736 0.3776451 0.007006883 0.9755905 0.4040554 0.01133358 0.9624637 0.4048652 0.03285235 0.9401665 0.3535691 0.02415049 0.9661507 0.05885303 0.04132843 0.4224842 -0.02864396 0.06594622 0.4224886 -0.08747863 0.02462178 0.3668522 -0.05884647 -0.04132169 0.3112029 0.02867263 -0.06590765 0.3112345 0.08752405 -0.02459645 0.3668626 -0.1643575 -0.4270248 0.7186967 -0.05612355 -0.3539507 0.8257827 -0.1366589 -0.3300224 0.8247913 -0.1912772 -0.3673112 0.7723696 -0.08280557 -0.449787 0.718738 -0.02876383 -0.4132404 0.7726254 -0.105527 -0.5151404 0.806087 -0.1958391 -0.4419038 0.847498 -0.1784301 -0.5107877 0.8264667 -0.06458514 -0.4946592 0.8649631 -0.1472259 -0.3980665 0.8808472 -0.08091342 -0.4268189 0.8877477 -0.1223049 -0.537501 0.8597856 -0.10707 -0.4220492 0.9351168 -0.1927983 -0.5038701 0.8793596 -0.1401126 -0.5274735 0.9080106 -0.09526646 -0.4862874 0.9332239 -0.2042499 -0.4404249 0.8829374 -0.198177 -0.4794017 1.041061 -0.2430248 -0.4527407 1.00704 -0.2691791 -0.4845372 0.9615526 -0.2458971 -0.5388074 0.943255 -0.196954 -0.561652 0.9730302 -0.1751658 -0.533784 1.023012 -0.4181118 -0.7365191 1.17116 -0.4344505 -0.6728724 1.241992 -0.4730035 -0.653033 1.216733 -0.4891178 -0.6751238 1.172835 -0.4613438 -0.7148611 1.146309 -0.4227039 -0.7209767 1.235613 -0.5561941 -0.7564554 1.271822 -0.5396981 -0.6979629 1.29054 -0.5065417 -0.7103432 1.303094 -0.5659125 -0.722337 1.280324 -0.5225439 -0.7678033 1.283021 -0.4982947 -0.7444136 1.300705 -0.5551061 -0.7305542 1.346524 -0.5480518 -0.7586408 1.343224 -0.498875 -0.7318077 1.345264 -0.5341789 -0.7103913 1.348486 -0.5201588 -0.7667204 1.341885 0.0574997 -0.04319655 0.4224919 0.05385333 0.04764676 0.4224758 -0.003604471 0.09081465 0.3668639 -0.05748385 0.04319721 0.3112029 -0.05381423 -0.04762381 0.3112422 0.003661572 -0.0908361 0.3668706 -0.3631056 0.02779054 0.8315718 -0.4623863 0.02408456 0.723905 -0.383746 -0.0556882 0.8524872 -0.4138308 0.06814044 0.7776049 -0.459796 -0.06054687 0.7249543 -0.4076467 -0.1006675 0.7782152 -0.4430451 0.01520538 0.9018516 -0.4800666 0.04928666 0.8514345 -0.5296796 0.01122474 0.816597 -0.5447366 -0.05826538 0.8367615 -0.4783779 -0.09443157 0.8557538 -0.4636408 -0.04904878 0.9267607 -0.5267113 -0.07202041 0.9043716 -0.6111145 0.116375 0.9116228 -0.6348001 0.07986003 0.9366958 -0.5355414 0.1021704 0.9602702 -0.6200915 0.07084101 0.9846526 -0.5587758 0.1220283 0.9203201 -0.5699638 0.07691836 0.9943962 -0.6302542 0.1298953 0.961052 -0.5825824 0.1600624 1.011722 -0.5992363 0.1780456 0.9786434 -0.5218347 0.2436107 1.035436 -0.5371926 0.1735146 0.9460083 -0.5473774 0.2661985 0.9873116 -0.5091097 0.2492139 1.011761 -0.5219832 0.2606225 0.9876844 -0.5667319 0.2621974 1.010677 -0.5549126 0.2509313 1.03479 -0.02331942 -0.06801909 0.4224758 0.06195974 -0.03650945 0.4224919 0.08527702 0.03149354 0.3668693 0.02330935 0.06797277 0.3112421 -0.06195634 0.03649383 0.3112029 -0.08524173 -0.03153973 0.3668645 -0.1466977 0.2750889 0.7786866 -0.1816564 0.3688664 0.6717606 -0.06821513 0.3049371 0.7792358 -0.04513806 0.3653932 0.7251953 -0.102976 0.4001063 0.6741344 -0.2035086 0.3065779 0.7249085 -0.16189 0.33431 0.8295199 -0.08449977 0.4339467 0.8087599 -0.1975597 0.4355174 0.7614669 -0.2122135 0.3756604 0.7967776 -0.1327198 0.4651464 0.7675316 -0.09721827 0.3604847 0.8292824 -0.1566013 0.3329166 0.810467 -0.1503259 0.4569511 0.8592777 -0.2061833 0.4368573 0.8314149 -0.1000469 0.4154968 0.8710879 -0.2577963 0.3307089 1.163328 -0.2546013 0.3874585 1.18303 -0.2117241 0.2962656 1.508437 -0.201869 0.3517342 1.483806 -0.248642 0.3819585 1.503043 -0.2631403 0.2745438 1.520519 -0.3322994 0.3505811 1.757316 -0.3468027 0.2983714 1.812933 -0.3100943 0.2713494 1.825099 -0.2678525 0.2910331 1.845304 -0.2632167 0.3396092 1.846061 -0.3013544 0.3688618 1.83828 -0.3783538 0.2607744 2.107434 -0.3377234 0.2790705 2.116837 -0.3311885 0.3236158 2.108311 -0.3674861 0.3508011 2.109117 -0.4090642 0.3328303 2.102602 -0.4155471 0.2890378 2.113618 -0.382627 0.3061551 2.276523 -0.3431323 0.3196851 2.266547 -0.3374806 0.3586198 2.249385 -0.3713236 0.3840245 2.242198 -0.4108183 0.3704946 2.252174 -0.4164701 0.3315598 2.269336 -0.3413634 0.4059308 2.432557 -0.3046795 0.4145797 2.416811 -0.3030711 0.4436071 2.386073 -0.3383705 0.4602195 2.370612 -0.3730978 0.4561776 2.393461 -0.3739696 0.4286779 2.426493 -0.2026333 0.6680939 2.649926 -0.1879487 0.6558012 2.571917 -0.2176614 0.6755368 2.563747 -0.2266458 0.7061375 2.620922 -0.1779268 0.6733643 2.634551 -0.2279151 0.6845571 2.643342 -0.1787509 0.6936923 2.613983 -0.202404 0.7093133 2.607725 -0.07189089 0.001138627 0.4224844 -0.0155676 -0.07020324 0.4224814 0.05631315 -0.07136255 0.3668569 0.07186144 -0.001162946 0.3112319 0.01556217 0.07020121 0.3112029 -0.0563243 0.07132828 0.3668513 0.33244 0.3165665 0.7204085 0.2528391 0.2533617 0.8257493 0.3072534 0.1890487 0.8279511 0.370693 0.1852172 0.7727914 0.3846527 0.2499527 0.7202491 0.2843903 0.3276548 0.7937406 0.320041 0.3010423 0.8951798 0.4134442 0.2375195 0.84378 0.4363554 0.3037492 0.8153378 0.4036061 0.3671354 0.831492 0.3566612 0.2394524 0.8840501 0.340276 0.3633883 0.8644469 0.344509 0.2940054 0.9191616 0.3849965 0.3492301 0.9154369 0.4716169 0.3083671 0.9182924 0.4871879 0.2589233 0.894054 0.4078959 0.2117432 0.9370672 0.472138 0.2054247 0.9206658 0.4301268 0.3071342 0.9612963 0.4179115 0.2540057 0.9889062 0.4636261 0.21332 0.9771314 0.4826685 0.322851 0.9790599 0.501775 0.2932652 1.014194 0.580967 0.3619295 0.9920067 0.6028018 0.3033685 1.003582 0.5966143 0.3127034 1.043226 0.5987734 0.3338599 0.9832708 0.5774486 0.3418469 1.053664 0.5669319 0.3658742 1.028703 0.648424 0.3376615 1.00121 0.6361049 0.3701931 1.036848 0.6482682 0.344947 1.028772 0.6367249 0.354861 0.9805604 0.6242617 0.3877878 1.01681 0.6245647 0.3801566 0.9887709 0.2643191 -0.1683483 0.6816079 0.2516038 -0.1750967 0.6780983 0.2615519 -0.1730861 0.6717295 0.2922897 -0.2580748 0.7149045 0.2887375 -0.2484017 0.7003431 0.2935067 -0.2429634 0.7108436 0.3097785 -0.2691602 0.7158001 0.3444516 -0.3305172 0.7647848 0.333639 -0.3297054 0.7620151 0.3431658 -0.3380546 0.7609317 0.3530576 -0.3434704 0.7721562 0.3919327 -0.3357515 0.7981241 0.3994868 -0.3357622 0.7903561 0.396848 -0.3296132 0.7929818 0.4426915 -0.3208673 0.7784335 0.4443775 -0.3250817 0.7820509 0.4431086 -0.3253002 0.776525 -0.1286544 -0.4660097 0.8622556 -0.1359748 -0.4672247 0.8607857 -0.1314883 -0.4675837 0.8530045 -0.1151095 -0.5559551 0.8794741 -0.1231377 -0.5378052 0.8685004 -0.1173393 -0.5327151 0.8671629 -0.1058565 -0.5689994 0.8813493 -0.1101485 -0.5676879 0.8859876 -0.1109243 -0.5669214 0.8789029 -0.1535106 -0.6221596 0.8872777 -0.1542561 -0.6266105 0.8840942 -0.1549562 -0.6209114 0.8828687 -0.1675048 -0.6341853 0.9177605 -0.1673154 -0.637757 0.9162245 -0.1646963 -0.6358146 0.9182262 -0.4869427 -0.015679 0.8730129 -0.4998122 -0.01936739 0.8615679 -0.4839844 -0.02596509 0.8613727 -0.5165377 -0.0723102 0.916911 -0.5247831 -0.1181327 0.9541009 -0.5434381 -0.1353331 0.9614529 -0.5296779 -0.1232865 0.9451784 -0.5494981 -0.1375792 0.9760032 -0.5546465 -0.1574158 1.01165 -0.5664445 -0.1878297 1.038369 -0.6267669 -0.2476633 1.135199 -0.6207649 -0.2442333 1.140951 -0.6204544 -0.25349 1.140084 -0.6382547 -0.2466406 1.246184 -0.6456215 -0.2493986 1.246197 -0.6387551 -0.2542826 1.246153 -0.6356676 -0.199751 1.397218 -0.6425987 -0.2043187 1.398015 -0.6361232 -0.20752 1.398901 -0.1545523 0.399881 0.8062072 -0.142302 0.4017736 0.8077931 -0.1467002 0.4032419 0.7946123 -0.1597769 0.5049741 0.8222292 -0.1656129 0.4966925 0.8137444 -0.1652727 0.4965505 0.8272858 -0.1723746 0.5045357 0.8231217 -0.1561073 0.5213849 0.830643 -0.141256 0.5504795 0.8218067 -0.1296059 0.5480702 0.8222802 -0.1311978 0.553493 0.8269562 -0.1356267 0.5590637 0.8089889 -0.1236505 0.5900751 0.7849717 -0.1272836 0.5895764 0.7733172 -0.1166301 0.6064438 0.7635917 -0.1091343 0.6724061 0.7294529 -0.1044878 0.6712315 0.7290381 -0.106777 0.6691827 0.7245639 0.3806585 0.2978512 0.8655817 0.3864489 0.3026735 0.8542796 0.3757336 0.3032227 0.8558607 0.3993404 0.4189508 0.9125119 0.3949277 0.4330354 0.9263489 0.3943333 0.4740512 0.9373865 0.3956474 0.482929 0.9372597 0.4032176 0.4856106 0.9431045 0.3989189 0.4866635 0.9357741 0.3801612 0.4936178 0.9892005 0.3874531 0.4936151 0.9871128 0.3830028 0.4993378 0.9873216 0.2886662 0.5970344 1.319955 0.2899372 0.6021503 1.318716 0.2852678 0.6006237 1.317844 -0.1788809 -0.483509 0.9360435 -0.13984 -0.4936718 0.9360712 -0.1139612 -0.4741942 0.9119814 -0.1271131 -0.4446376 0.8879395 -0.166166 -0.4344792 0.8879197 -0.1920521 -0.4539512 0.9120053 -0.08731782 -0.2840021 1.159217 -0.07436627 -0.2331565 1.124243 -0.1208556 -0.2129442 1.174588 -0.1224865 -0.2747332 1.159152 -0.06002855 -0.2402124 1.163735 -0.1024351 -0.2042297 1.147945 -0.09561103 -0.1746784 1.239758 -0.0729534 -0.1765499 1.242016 -0.06760376 -0.1562872 1.20734 -0.08997416 -0.1462244 1.211203 -0.06060022 -0.1719704 1.222213 -0.1008583 -0.1486333 1.231272 -0.05085337 -0.1362689 1.251891 -0.03927099 -0.1509559 1.244933 -0.03618001 -0.1470046 1.219127 -0.05609637 -0.1229985 1.233288 0.455988 0.2625976 0.9431064 0.4454511 0.2611299 0.9419646 0.4528301 0.2549345 0.9344099 0.4505378 0.1885013 0.9953066 0.4587465 0.208754 0.9795176 0.4474337 0.1884075 1.006899 0.4563665 0.1858457 1.010094 0.462834 0.1680465 1.031655 0.4578151 0.1683472 1.018841 0.4741587 0.1706097 1.031065 0.5502902 0.142548 1.076548 0.5465607 0.1419242 1.081482 0.5471839 0.1467509 1.08268 -0.1637841 0.5036068 0.8221083 -0.1623559 0.5050008 0.8229396 -0.163941 0.5039094 0.8216341 -0.2317408 0.5464469 0.8723624 -0.254808 0.5629988 0.8926053 -0.2606037 0.5682854 0.8994477 -0.2821801 0.5925894 0.9234898 -0.2826958 0.5934005 0.9250809 -0.2823649 0.5920088 0.9241817 -0.2982851 0.6035691 0.9325222 -0.2982117 0.6040899 0.931797 -0.2987011 0.6032063 0.931742 -0.3179893 0.6115391 0.9344846 -0.3180736 0.6122051 0.9337385 -0.3185486 0.6116846 0.9335907 -0.3625382 0.6214866 0.9249005 -0.3625361 0.6218969 0.9259032 -0.3623687 0.6222167 0.9251776 -0.5839564 0.09934008 0.9581815 -0.5872024 0.10336 0.9493864 -0.5885928 0.09254419 0.9508214 -0.6391022 0.1076694 0.9822462 -0.6466001 0.1141089 0.9775924 -0.643366 0.1040939 0.9746876 -0.6914695 0.1219255 1.01378 -0.6914333 0.1256256 1.006777 -0.6928225 0.1177776 1.006858 -0.7513121 0.1220759 1.001878 -0.7507866 0.1283453 1.00113 -0.7505749 0.1239083 0.9962518 -0.112322 -0.5670458 0.8817615 -0.1121798 -0.5688748 0.8799135 -0.1119272 -0.5678436 0.8804546 -0.01953262 -0.621569 0.9439833 -0.004278779 -0.6273047 0.9556944 -0.006129026 -0.6267575 0.9537733 0.03388464 -0.6419357 0.9867154 0.03397727 -0.641407 0.986854 0.0341196 -0.6416757 0.9865459 -0.1357967 0.5477928 0.8219408 -0.1355239 0.5488193 0.8209196 -0.1364204 0.5495005 0.8210577 -0.05277848 0.644625 0.9308937 -0.05401885 0.6455699 0.9308618 -0.05293607 0.6443223 0.9312881 -0.3434684 0.350606 2.285614 -0.3756276 0.37909 2.285675 -0.4091463 0.3735052 2.259361 -0.4104401 0.3396459 2.233188 -0.3783112 0.3111582 2.233107 -0.3448079 0.3167684 2.259428 -0.6770221 -0.01794391 2.772819 -0.7265806 -0.001009285 2.753448 -0.668006 -0.01347184 2.674174 -0.7005726 0.004045307 2.772068 -0.6957165 0.01099395 2.674694 -0.6398405 -0.009024441 2.697851 -0.7256027 -0.02432578 2.739523 -0.6809416 -0.03962987 2.757001 -0.7042515 -0.04404836 2.74023 0.3475636 -0.3357305 0.7682011 0.3469519 -0.3358653 0.7676482 0.3477385 -0.3360731 0.7675457 0.3373041 -0.3834956 0.7898985 0.3389613 -0.3777626 0.7865586 0.338096 -0.3811179 0.7891335 0.3314642 -0.422045 0.8133786 0.331036 -0.4221806 0.8130231 0.3315702 -0.4223111 0.8129535 0.3978 0.482495 0.9426054 0.3997417 0.4813259 0.940107 0.3988266 0.4818521 0.9411187 0.4375592 0.5820774 0.9285705 0.4359188 0.5827513 0.9296267 0.4357753 0.5828546 0.9302001 0.4571471 0.1763013 1.018094 0.4571753 0.1757478 1.017561 0.4384014 0.1617698 1.032373 0.438086 0.1619005 1.031684 0.4380402 0.1611353 1.032078 0.4577255 0.1756148 1.018023 0.4332671 0.1526376 1.040695 0.4327358 0.1529254 1.040832 0.4326893 0.1525347 1.040404 0.4325993 0.1435793 1.049637 0.4325628 0.1429589 1.049382 0.4329581 0.1430001 1.049515 0.44233 0.1235826 1.067398 0.4417906 0.123747 1.067767 0.4418191 0.1233987 1.067379 -0.5282902 -0.7315182 1.292495 -0.5293167 -0.728742 1.285054 -0.5266346 -0.7360258 1.286251 -0.5846223 -0.7530572 1.2917 -0.5858122 -0.7498318 1.286415 -0.5836053 -0.755829 1.286044 0.5832999 0.3366367 1.015639 0.5873429 0.3340536 1.015691 0.5862551 0.3384745 1.015133 0.5874665 0.3391577 1.049729 0.5905074 0.3411287 1.049197 0.5873568 0.3427574 1.049213 0.3934379 -0.3335923 0.7912862 0.393852 -0.3340923 0.7911057 0.3941602 -0.3334419 0.7911002 0.4076431 -0.3398303 0.8410006 0.407962 -0.3402982 0.8408512 0.4081957 -0.3397666 0.8408518 -0.15404 -0.6227726 0.887767 -0.1539812 -0.6225494 0.8874141 -0.1536355 -0.6229236 0.8875627 -0.1814157 -0.6591865 0.8601887 -0.181524 -0.6589548 0.8599913 -0.1811984 -0.6590763 0.8598269 -0.6297032 -0.253004 1.169996 -0.6313009 -0.2520675 1.169733 -0.6307603 -0.2527797 1.167954 -0.6921538 -0.3536384 1.18991 -0.6927116 -0.3529868 1.191352 -0.6935976 -0.3527436 1.189902 -0.07772028 -0.1629283 1.226558 -0.07923382 -0.1598356 1.223461 -0.08196806 -0.1628032 1.223547 -0.1088975 -0.1365432 1.267005 -0.1062505 -0.1337062 1.266946 -0.1093146 -0.1334791 1.264683 -0.2983678 0.6035686 0.9320371 -0.2983929 0.6036767 0.9319751 -0.2984629 0.603625 0.9320091 -0.2957049 0.6340175 0.9840452 -0.2956079 0.6339883 0.9840571 -0.2956225 0.6340523 0.9840205 -0.6915 0.1205286 1.006281 -0.6910284 0.1210476 1.006172 -0.6918127 0.1210382 1.006093 -0.6962274 0.1340111 1.050195 -0.6956594 0.1341995 1.050197 -0.6961004 0.1345645 1.05004 0.4329107 0.1526976 1.040686 0.4328957 0.1527439 1.040639 0.4328969 0.1526736 1.040599 0.3678725 0.1445212 1.053185 0.367864 0.144587 1.053183 0.3678572 0.1445525 1.053125 0.2491106 0.2113658 0.7258714 0.2674002 0.1922913 0.7257086 0.2882834 0.1948554 0.7113948 0.29023 0.2212888 0.695083 0.2530192 0.2323541 0.7113515 0.2794685 0.2497996 0.7902244 0.3162149 0.2330726 0.7749968 0.320206 0.2872316 0.789317 0.3193964 0.2498807 0.8210806 0.319199 0.2529107 0.7603408 0.2927977 0.2786695 0.7926086 0.3358439 0.2735095 0.8327763 0.3500711 0.2489602 0.8017278 0.349447 0.2681402 0.7860859 0.355381 0.2932706 0.8224043 0.5054236 0.2882869 0.820649 0.5096603 0.2551594 0.8500993 0.5117968 0.2919266 0.846223 0.5106701 0.2746297 0.859539 0.5238185 0.25274 0.8326523 0.5430901 0.271305 0.8260087 0.5508936 0.2965518 0.8830435 0.5669482 0.2793095 0.8813101 0.5815536 0.2821669 0.8677833 0.5637974 0.3122795 0.8545197 0.5501274 0.308109 0.8675714 0.5860176 0.3129196 0.8661873 0.5970897 0.3663598 0.951525 0.6022779 0.3475218 0.9208763 0.602653 0.4290205 0.9758826 0.6191794 0.4384093 1.012966 0.646315 0.4317563 1.003054 0.6443073 0.4429579 0.9901324 0.6350768 0.4600099 0.9974101 0.6504811 0.4526609 1.045142 0.7312664 0.5602652 1.169428 0.7076624 0.5634814 1.174201 0.7159987 0.5607293 1.197957 0.7287649 0.5460443 1.173461 0.7260299 0.5514889 1.196089 0.7288907 0.5770009 1.187393 0.8197088 0.6390177 1.381944 0.8026245 0.637561 1.389604 0.8035772 0.6497308 1.384284 -0.4410298 -0.03282201 0.8589052 -0.4492241 0.001225054 0.8591362 -0.4768554 0.01284527 0.8412692 -0.496292 -0.01021754 0.8230447 -0.4877937 -0.04445946 0.8230017 -0.4596625 -0.05563026 0.8413262 -0.6066416 -0.02283412 1.020325 -0.6120655 -0.07377952 0.9971198 -0.6229978 -0.04341167 1.002608 -0.5971147 -0.0860393 1.029837 -0.6408627 -0.07914847 1.14531 -0.595502 -0.0365433 1.062056 -0.7460017 -0.07471662 1.322989 -0.7878912 -0.08607405 1.306645 -0.7819579 -0.1121672 1.308364 -0.7787001 -0.06923186 1.334821 -0.768312 -0.1213932 1.339214 -0.7812649 -0.1076954 1.416286 -0.9254871 -0.1162461 1.656402 -0.9238857 -0.137661 1.666713 -0.9024162 -0.09962165 1.64051 -0.904762 -0.1443397 1.675302 -0.8946364 -0.1304801 1.694846 -0.896267 -0.109549 1.684524 -0.9660897 -0.113279 1.869336 -0.9849804 -0.1342836 1.981885 -0.9896006 -0.1184497 1.986408 -0.9799056 -0.1257214 1.87058 -1.01254 -0.1409571 1.976244 -0.9600713 -0.1485691 1.879484 -1.01614 -0.1163208 1.986716 -1.003264 -0.1454126 2.0039 -0.9769806 -0.1473686 2.064071 -0.9775606 -0.1345839 2.071193 -0.9915528 -0.1320416 2.080904 -1.013644 -0.1426537 2.045244 -0.9838711 -0.1514356 2.097094 -0.9711831 -0.1700308 2.089953 -0.8544072 -0.2092479 2.152809 -0.8513166 -0.2006912 2.162529 -0.8605399 -0.1996694 2.172235 -0.8735535 -0.2044119 2.168699 -0.8693799 -0.2192654 2.167083 -0.861054 -0.2196 2.1564 -0.7728962 -0.3177976 2.282526 -0.7744959 -0.3044232 2.294449 -0.7867759 -0.3178838 2.292097 0.3028311 -0.2687438 0.7303989 0.3015185 -0.2802256 0.7166113 0.3159448 -0.268985 0.7198884 0.330193 -0.3489494 0.7736208 0.3552017 -0.3590414 0.7855129 0.3432424 -0.3655195 0.8010719 0.3433021 -0.3361911 0.7832092 0.3998042 -0.3918278 0.8215999 0.3990502 -0.4060551 0.8094513 0.4087762 -0.3903179 0.8048434 0.505852 -0.4159341 0.8214971 0.4965814 -0.4194954 0.8014542 0.5152917 -0.4119246 0.8086866 0.6148682 -0.4632874 0.8291901 0.6432487 -0.4667324 0.8447077 0.6467981 -0.4725407 0.8286877 0.6450383 -0.4617485 0.8250364 0.7065359 -0.4775491 0.8552262 0.8914465 -0.5570213 0.9299557 0.8472385 -0.548893 0.9158344 0.8955113 -0.5627484 0.9140619 0.835685 -0.55124 0.8981167 0.9001746 -0.557778 0.9235419 1.012322 -0.6328933 0.9938537 0.9993916 -0.6164162 0.9986199 1.092697 -0.6452392 1.065597 1.105594 -0.6640105 1.067577 1.093985 -0.651174 1.042276 1.088238 -0.6404824 1.040326 1.120365 -0.6494658 1.070999 1.158375 -0.7042122 1.082198 1.147244 -0.7016091 1.096707 1.137606 -0.7006708 1.079393 1.174306 -0.8119171 1.07802 1.176097 -0.8070551 1.096936 1.171114 -0.8180475 1.086468 1.190565 -0.8132178 1.082325 1.250892 -0.9358616 1.115219 1.258497 -0.9338825 1.09886 1.26637 -0.926628 1.111874 -0.1364513 0.555011 0.8292645 -0.1266945 0.5450873 0.8156613 -0.1437029 0.5525155 0.8142217 -0.07513284 0.6664398 0.7820155 -0.07569986 0.6652728 0.7643839 -0.09367978 0.6625788 0.7767046 -0.07857722 0.6826996 0.778466 -0.08812135 0.662433 0.7670931 -1.05227e-5 0.8285426 0.7411701 -0.004558145 0.8596537 0.7317256 -0.009217381 0.8608569 0.7403891 0.007315695 0.8628333 0.7492516 0.008468866 0.865891 0.7317487 0.00245279 0.8786784 0.7491508 0.0709182 1.0505 0.7599253 0.08219754 1.052314 0.7498817 0.08466523 1.070445 0.7440302 0.06371814 1.056254 0.7446038 0.07092571 1.106078 0.7764782 0.06264936 1.110253 0.7604978 0.07248198 1.126021 0.7703461 0.00796312 1.166525 0.8165076 0.003084659 1.196591 0.8401475 0.01734942 1.187539 0.8174603 -0.003190934 1.196793 0.8192925 -0.05454236 1.30278 0.9152224 -0.04745554 1.320166 0.9061559 -0.05831235 1.302886 0.9046846 -0.05279755 1.332827 0.9394211 -0.04805344 1.336717 0.9308854 -0.06400221 1.340987 0.9247456 -0.08310842 1.436697 1.031108 -0.07749491 1.446824 1.021154 -0.09633332 1.442723 1.020031 -0.4607216 -0.7126743 1.243901 -0.4733976 -0.6891568 1.246141 -0.496411 -0.6881803 1.231485 -0.5038465 -0.7097156 1.216984 -0.4888433 -0.732082 1.216832 -0.4658365 -0.7330409 1.231495 -0.6526449 -0.8114649 1.535461 -0.6720004 -0.811681 1.525799 -0.6379649 -0.8037959 1.444052 -0.6633201 -0.8461814 1.509589 -0.6511149 -0.8505845 1.532442 -0.6423563 -0.8299139 1.541247 -0.6887528 -0.8326448 1.529703 -0.6501684 -0.847197 1.594668 -0.6579739 -0.8326635 1.605454 -0.6830383 -0.837934 1.61032 -0.6885075 -0.8578693 1.608453 -0.6778485 -0.8720822 1.597679 -0.6531058 -0.866276 1.592817 -0.5780021 -0.8711724 1.677633 -0.5841971 -0.8722581 1.725793 -0.6208379 -0.8790431 1.683569 -0.5683895 -0.9089908 1.73292 -0.5234994 -0.8985348 1.802764 -0.5503197 -0.9159566 1.797505 -0.5220667 -0.925231 1.787323 -0.5086244 -0.9168126 1.808604 -0.5077204 -0.9495055 1.892137 -0.5045014 -0.9765077 1.88337 -0.4698901 -0.969991 1.921059 -0.487779 -0.9529603 1.903554 -0.5022792 -0.9762265 1.92436 -0.4845544 -0.983506 1.90383 -0.485245 -0.9502083 1.950295 -0.4669993 -0.9391112 1.95546 -0.4699811 -0.9642595 1.972003 -0.4562363 -0.9594383 1.965758 -0.4528992 -0.8969275 2.030844 -0.4272661 -0.8879058 2.021342 -0.4307224 -0.8649505 2.040099 -0.4517771 -0.8852314 2.022402 -0.4199718 -0.8694265 2.085127 -0.4179234 -0.8835986 2.05434 -0.3927992 -0.8150524 2.149793 -0.337706 -0.7705413 2.26479 -0.3212369 -0.7665874 2.254425 -0.3212539 -0.779111 2.26025 0.4876636 0.1618258 1.050514 0.4936136 0.1509017 1.039291 0.4993178 0.1647763 1.034642 0.582225 0.1501066 1.114122 0.5619525 0.1391136 1.083948 0.6341975 0.1309111 1.158753 0.6135061 0.1492564 1.122829 0.7210961 0.1179752 1.216923 0.7076869 0.1313416 1.22782 0.7306146 0.1277421 1.226458 0.7555654 0.1091485 1.269568 0.742778 0.1314754 1.251629 0.8168741 0.1090291 1.359142 0.8301411 0.1190032 1.3783 0.8619033 0.1154277 1.394203 0.8617001 0.1062793 1.396891 0.8982166 0.1191589 1.466471 0.8638672 0.1017532 1.418835 0.9649184 0.1156221 1.619355 0.9435102 0.1059179 1.580397 0.9762006 0.1003158 1.628813 0.967902 0.1038783 1.590491 0.9634526 0.1154829 1.581207 1.027259 0.1118353 1.782652 1.04388 0.1177369 1.776071 1.02775 0.1269306 1.781389 -0.3435386 0.6160807 0.9394143 -0.3400399 0.6268642 0.9270308 -0.3412854 0.6087061 0.9230956 -0.4216507 0.6169735 0.9055233 -0.4258991 0.606445 0.9154897 -0.4472677 0.6187548 0.9217912 -0.4389139 0.6279439 0.9126139 -0.4835569 0.6516928 0.9059371 -0.4773401 0.6308264 0.8941535 -0.4969395 0.6492864 0.8982124 -0.4735994 0.6501803 0.8955191 -0.5211747 0.7264431 0.8630216 -0.5718377 0.7956242 0.862282 -0.5593685 0.8094249 0.8669531 -0.558796 0.7993056 0.8512405 -0.6073981 0.8375477 0.8600552 -0.6067836 0.8495497 0.8466964 -0.6138725 0.8313419 0.8470644 -0.6222726 0.843604 0.8345344 -0.6991273 0.8442583 0.835708 -0.7079023 0.8548622 0.8183056 -0.7124518 0.8372185 0.816603 -0.7893542 0.871443 0.8160914 -0.7875819 0.8829037 0.8062083 -0.790644 0.8755265 0.7950171 -0.813915 0.8674706 0.8036956 -0.8480392 0.87314 0.8176405 -0.8477585 0.8842889 0.805149 -0.8654935 0.8568652 0.8057504 -0.9069721 0.8293826 0.8348214 -0.9911232 0.805657 0.8736531 -0.8778149 0.865047 0.8093596 -1.021062 0.7888609 0.867949 -1.004676 0.7889214 0.8767357 -1.019699 0.8049197 0.871255 -1.048098 0.7950178 0.8904595 -1.074834 0.8204294 0.8991852 -1.065704 0.8206591 0.882132 -1.086292 0.8173724 0.8849901 -1.12765 0.9062473 0.889051 -1.122011 0.8853611 0.8732715 -1.142557 0.8957846 0.8912714 -1.217432 0.976817 0.904684 -1.211386 0.9848796 0.8894326 -1.224424 0.9709627 0.892431 -0.6502597 -0.2273464 1.315341 -0.6353004 -0.2378607 1.316095 -0.6339164 -0.2204332 1.312155 -0.6335237 -0.2049001 1.451001 -0.6161854 -0.2016771 1.441112 -0.615793 -0.1741086 1.515097 -0.612085 -0.1928887 1.521686 -0.6220917 -0.1826215 1.519208 -0.6011416 -0.1815595 1.522142 -0.6364514 -0.1884046 1.572196 -0.6134524 -0.1904733 1.565878 -0.6291963 -0.178434 1.581231 -0.6294884 -0.1948845 1.593527 -0.7136388 -0.2386362 1.622363 -0.6897654 -0.2410788 1.622258 -0.7059264 -0.2327052 1.637271 -0.8548541 -0.3377372 1.789873 -0.8754343 -0.3390485 1.803962 -0.8598517 -0.3193976 1.799639 -0.858843 -0.3380758 1.812986 -0.8674932 -0.33188 1.823248 -0.8849688 -0.3334087 1.817746 -0.9841174 -0.3910652 2.007677 -1.004183 -0.3845745 2.013307 -1.003913 -0.4028856 2.013525 -1.040741 -0.4123241 2.088046 -1.02086 -0.4187262 2.084657 -1.028865 -0.4031255 2.099071 -1.070363 -0.4177446 2.131859 -1.087703 -0.4072877 2.119014 -1.081775 -0.3962571 2.131908 -1.166982 -0.3891028 2.147372 -1.162526 -0.3715873 2.146933 -1.168221 -0.3779281 2.132492 0.3638414 0.01173692 0.9718394 0.4067243 0.01921147 0.9532266 0.398833 0.04160815 0.9364352 0.371168 0.05095762 0.9363826 0.3510761 0.03776717 0.9533979 0.4017745 0.04277199 1.00654 0.3738223 0.04638302 1.000691 0.4218004 0.06425815 1.003516 0.4128062 0.07583159 0.9747974 0.3877062 0.09078723 0.9836208 0.3671713 0.06910222 0.9879647 0.3944017 0.09126716 1.017198 0.3610432 0.05059272 1.057011 0.3629251 0.07322412 1.076297 0.3287709 0.07343184 1.040144 0.3260884 0.09679657 1.07087 0.3143478 0.05985552 1.089919 0.3054536 0.1056742 1.1584 0.292885 0.07716536 1.185688 0.265112 0.09703207 1.182941 0.2977155 0.09583991 1.202401 0.2662773 0.08479416 1.207306 0.2729609 0.1138372 1.193969 0.2638717 0.1076192 1.301027 0.267468 0.1313698 1.293673 0.2443838 0.1227884 1.298065 0.272272 0.1201227 1.304563 0.252713 0.135239 1.303243 0.2495774 0.1122517 1.310942 0.249665 0.1433633 1.411925 0.2586318 0.1316474 1.413759 0.2695859 0.1404544 1.411927 0.2619401 0.1516239 1.410098 -0.5159791 -0.7117317 1.346372 -0.544839 -0.7159664 1.346388 -0.5558236 -0.7428449 1.345188 -0.5140553 -0.7649987 1.34389 -0.4982497 -0.7344373 1.345185 -0.5412331 -0.7626072 1.435676 -0.5054758 -0.7336078 1.430823 -0.5195769 -0.7145687 1.450258 -0.549771 -0.7142904 1.41484 -0.5603418 -0.7396439 1.409594 -0.5148612 -0.7588633 1.426744 -0.5278182 -0.7355892 1.473489 -0.5438134 -0.7563878 1.464751 -0.4758351 -0.8240647 1.50676 -0.4397982 -0.838487 1.48291 -0.4505707 -0.7886045 1.470374 -0.4117513 -0.8389816 1.537618 -0.4310005 -0.8460496 1.548839 -0.4467584 -0.8641383 1.510452 -0.4006328 -0.8537771 1.524835 -0.4240517 -0.868079 1.564489 -0.4094656 -0.8821677 1.55511 -0.3935494 -0.8753818 1.54115 -0.3581531 -0.8151065 1.611137 -0.3486933 -0.8133361 1.653246 -0.3585962 -0.8367904 1.648075 -0.3589749 -0.8545799 1.62146 -0.3174319 -0.8376178 1.645702 -0.334671 -0.8246247 1.616408 -0.2896591 -0.8049976 1.714016 -0.2891391 -0.8397125 1.726143 -0.254978 -0.8310326 1.813818 -0.2560871 -0.8164996 1.747772 -0.2258825 -0.8174568 1.841533 -0.2370944 -0.8230212 1.849334 -0.2053298 -0.8421487 1.864237 -0.2292109 -0.8473102 1.846493 -0.2079612 -0.8459587 1.92577 -0.2121779 -0.8682514 1.92722 -0.1949847 -0.8675466 1.921949 -0.1874275 -0.8559981 1.940541 -0.1912484 -0.8321849 1.958667 -0.2025535 -0.8374153 1.968471 -0.1866222 -0.8503509 1.971979 -0.1807305 -0.7846743 2.000239 -0.1844103 -0.7974636 2.013354 -0.1684806 -0.7949176 2.006074 -0.5499768 0.246151 1.037056 -0.5101889 0.2495647 1.011252 -0.5222307 0.2630518 0.9885483 -0.5507909 0.2693666 0.9884556 -0.5669471 0.262079 1.011178 -0.5032399 0.3246424 1.067128 -0.5425695 0.3355337 1.042549 -0.5322317 0.3236299 1.064114 -0.4919422 0.3083041 1.034243 -0.5009857 0.3355421 1.020139 -0.5282573 0.3376646 1.017868 -0.5019898 0.3598735 1.071699 -0.5191736 0.3785967 1.060418 -0.5606662 0.380241 1.067511 -0.5851628 0.360068 1.12268 -0.5692121 0.3715505 1.140306 -0.5711416 0.4072065 1.115054 -0.5976435 0.3743768 1.107095 -0.6096276 0.4308773 1.201969 -0.649168 0.4362059 1.260101 -0.6736168 0.4634774 1.239218 -0.6734857 0.4348006 1.263886 -0.6814789 0.4452043 1.246025 -0.6608731 0.4735695 1.258919 -0.6875745 0.4792938 1.337869 -0.7022165 0.4500086 1.319983 -0.6840582 0.4545904 1.324708 -0.6968219 0.4907253 1.325322 -0.7128856 0.4856613 1.318698 -0.7244238 0.4724113 1.330503 -0.7223767 0.486017 1.355576 -0.7046682 0.4873839 1.359676 -0.7032268 0.5663594 1.355541 -0.7092043 0.5674288 1.340176 -0.7250277 0.5635177 1.336422 -0.737681 0.5650354 1.351511 -0.7352734 0.5636131 1.366445 -0.7256085 0.5750889 1.374027 -0.7508022 0.5943727 1.384805 -0.7524422 0.5968807 1.366063 -0.7826974 0.5903789 1.375013 -0.8309803 0.580902 1.419315 -0.8464339 0.5904192 1.462123 -0.8604311 0.6154484 1.475181 -0.8603196 0.6117238 1.450763 -0.8901746 0.6223073 1.480786 -0.8746551 0.6249544 1.487021 -0.8843197 0.6411761 1.465957 -0.9009317 0.6999184 1.487568 -0.9033088 0.7009791 1.470723 -0.9163351 0.693372 1.481574 -0.2232379 0.6784932 2.644723 -0.1967943 0.6666093 2.645876 -0.1757917 0.6796402 2.627337 -0.1826038 0.7023296 2.610126 -0.2098946 0.7120816 2.611124 -0.2290829 0.7025985 2.625953 -0.1677434 0.7430835 2.730302 -0.1685382 0.8118118 2.740386 -0.169739 0.8021292 2.803796 -0.1226657 0.8253067 2.825649 -0.143017 0.8080591 2.750298 -0.1657788 0.8408359 2.825704 -0.1420935 0.8029025 2.825391 -0.1267683 0.8508768 2.826341 -0.1493365 0.8520746 2.816759 -0.1664437 0.8420444 2.851893 -0.1477617 0.8465016 2.862106 -0.1361779 0.8689431 2.855243 -0.2127667 0.9447813 2.872621 -0.19703 0.9538795 2.842754 -0.1999183 0.9090588 2.842722 -0.1784785 0.9564561 2.873011 -0.1882206 0.9793541 2.860537 -0.2074451 0.9831358 2.895542 -0.2282748 0.9890711 2.872129 -0.2322778 0.9823109 2.894941 -0.2121774 1.005655 2.903901 -0.2200501 1.016561 2.891819 -0.2321683 1.010754 2.879854 -0.2972193 0.9903112 2.95235 -0.2835882 0.9948706 2.959793 -0.2874373 1.013363 2.967965 -0.284584 1.020009 2.947308 -0.2994341 1.015668 2.941156 -0.3067561 1.001085 2.944648 -0.3785843 1.04351 3.06381 -0.358736 1.054727 3.059618 -0.3658517 1.063279 3.053546 -0.4223065 1.101004 3.135254 -0.3824721 1.049153 3.052091 -0.4054228 1.104697 3.14146 -0.4118605 1.088485 3.146956 0.6254477 0.3835572 1.027314 0.6432779 0.349644 1.034193 0.6496108 0.3373481 1.007573 0.6418211 0.3521612 0.9795064 0.6295886 0.3754609 0.9835417 0.7076232 0.4155476 1.031173 0.7158287 0.4195936 0.984499 0.7099097 0.4315342 1.007886 0.7227866 0.39266 1.031271 0.7911156 0.4066424 1.016842 0.7934674 0.4532416 1.041267 0.8084322 0.4316986 1.04206 0.8159035 0.4364861 0.9988391 0.7935241 0.4528228 0.9979178 0.7838991 0.4610453 1.018839 0.8343741 0.4530454 1.017985 0.8402444 0.5514367 1.023633 0.8274172 0.5810497 1.023043 0.8205935 0.5653618 0.985184 0.8150492 0.578495 1.004269 0.851381 0.54249 1.004995 0.8422493 0.550285 0.9854778 0.9080609 0.6662672 1.00755 0.8988515 0.6708186 0.9912177 0.8929974 0.7009772 1.027339 0.9128754 0.6984095 1.028865 0.8953838 0.7033715 0.9950711 0.8865088 0.7064881 1.011613 0.9200096 0.7213729 1.022788 0.9135358 0.7268003 1.006921 0.868363 0.7910149 1.044416 0.8676189 0.7720376 1.066311 0.8826883 0.7802329 1.072319 0.892049 0.7857565 1.059646 0.8848716 0.7928593 1.046925 0.8594909 0.7840914 1.056436 0.8636168 0.8597707 1.118839 0.8776403 0.8575807 1.118492 0.8858283 0.8653055 1.109945 0.8731293 0.8770165 1.09929 0.8576021 0.8685131 1.109165 0.894218 0.9091595 1.16742 0.8974634 0.9366691 1.161194 0.8776751 0.9209061 1.153133 0.8824207 0.9310491 1.179423 0.9014931 0.936641 1.172111 0.8849888 0.9584419 1.18346 0.8709218 0.9565064 1.165927 0.8507088 1.014526 1.181544 0.8624008 1.020192 1.169503 0.8476319 1.014738 1.16316 0.4427159 -0.3161457 0.7855959 0.4457606 -0.3333441 0.7825964 0.4423195 -0.3239843 0.7686222 0.5632919 -0.3043881 0.7757024 0.5848093 -0.2857909 0.7664474 0.5990368 -0.2886717 0.7765991 0.6134751 -0.3019871 0.7681996 0.5666637 -0.3001235 0.7577268 0.6755725 -0.2837814 0.7636532 0.6877372 -0.2801507 0.7798749 0.7194374 -0.2866185 0.7882258 0.6961343 -0.296486 0.7691329 0.7150305 -0.2655524 0.7889708 0.7347239 -0.2620912 0.7829662 0.756735 -0.2098397 0.814962 0.759822 -0.2222501 0.8307744 0.7465196 -0.2115314 0.8238956 0.8073004 -0.1732224 0.8583811 0.8102557 -0.1555939 0.8861242 0.8018776 -0.1622858 0.8692967 0.8066989 -0.1828401 0.8722142 0.824568 -0.152354 0.876088 0.8119563 -0.09550255 0.8892598 0.8112455 -0.09915399 0.8716461 0.8292069 -0.09147608 0.8784226 0.8215681 -0.06895142 0.8795666 0.8481191 -0.0537492 0.86747 0.8524556 -0.05472159 0.8851587 0.8545738 -0.06968075 0.8758956 0.9301103 -0.0532937 0.8736073 0.9240044 -0.05337119 0.8561052 0.9410814 -0.03505218 0.8651495 1.092994 -0.03155618 0.8779563 1.091824 -0.01696085 0.8692993 1.093811 -0.03217023 0.8601042 -0.1596552 -0.6356103 0.920009 -0.1665511 -0.6285055 0.9202044 -0.1770322 -0.6343328 0.9141647 -0.1616255 -0.6449307 0.9157401 -0.2015666 -0.6806731 1.010383 -0.2302664 -0.692198 1.114239 -0.2104489 -0.6754284 1.020014 -0.2037694 -0.6917456 1.063491 -0.20869 -0.6755108 1.068025 -0.2104319 -0.6906285 1.12383 -0.2229482 -0.6799233 1.112012 -0.2112635 -0.695299 1.114992 -0.223823 -0.6978214 1.134464 -0.2065421 -0.7435298 1.13528 -0.2205609 -0.7443981 1.147869 -0.2242223 -0.7004651 1.113346 -0.2178697 -0.7613576 1.13337 -0.2242648 -0.8788705 1.22562 -0.2175213 -0.8819913 1.208018 -0.2175486 -0.8873196 1.224504 -0.23384 -0.8791958 1.222316 -0.2360228 -0.887358 1.216197 -0.2290784 -0.8943183 1.214196 -0.2349793 -0.8988975 1.238442 -0.265369 -0.8795999 1.265559 -0.271274 -0.894732 1.258824 -0.2573814 -0.8938691 1.270416 -0.6335004 -0.213261 1.399586 -0.6305512 -0.1969074 1.39723 -0.6480454 -0.2017515 1.397598 -0.6540236 -0.1947199 1.465512 -0.6365578 -0.190481 1.465713 -0.649386 -0.1752111 1.477203 -0.6425936 -0.2004682 1.514456 -0.626072 -0.1971635 1.506987 -0.6264715 -0.1921706 1.525984 -0.5707951 -0.2496199 1.547664 -0.5659164 -0.2456593 1.564158 -0.5824373 -0.2502923 1.564921 -0.530732 -0.3093629 1.611599 -0.5321606 -0.2992184 1.624381 -0.5038325 -0.3247701 1.633655 -0.4748888 -0.3603078 1.696813 -0.4521036 -0.4290559 1.751645 -0.4481185 -0.4171294 1.7493 -0.4606988 -0.4135552 1.761625 -0.4663012 -0.4212163 1.758411 -0.4611114 -0.4332019 1.758804 -0.4326663 -0.5110698 1.894121 -0.4297698 -0.5386234 1.918598 -0.4440851 -0.531922 1.927462 -0.4463226 -0.5477916 1.920462 -0.4359305 -0.5443851 1.913856 -0.4499235 -0.536813 1.920569 -0.4607788 -0.6379444 2.097168 -0.4742439 -0.6308073 2.098906 -0.4567068 -0.6242429 2.104499 -0.4683921 -0.6207948 2.104651 -0.1091755 0.6756328 0.7374461 -0.09836435 0.668526 0.7257108 -0.1157876 0.6707931 0.7226763 -0.08581054 0.7520104 0.702697 -0.07834327 0.780026 0.6751708 -0.09982597 0.7537531 0.6887376 -0.06325894 0.806432 0.6791174 -0.0746172 0.8388 0.6805734 -0.06375211 0.8347972 0.6814039 -0.08434265 0.802559 0.6842448 -0.06987667 0.8508501 0.6601095 -0.08658546 0.843037 0.6628628 -0.1293371 0.9078621 0.646659 -0.1381105 0.8920665 0.6438814 -0.1431723 0.9094399 0.6473266 -0.1238806 0.9048009 0.6380708 -0.1347682 0.9070653 0.6289457 -0.1399776 0.897844 0.6326491 -0.2392916 1.046827 0.6231861 -0.2256979 1.04359 0.6212314 -0.223649 1.045481 0.6115582 -0.2287703 1.040257 0.6044724 -0.2389912 1.038485 0.6068152 -0.240751 1.03613 0.6165061 -0.2931883 1.17773 0.6117358 -0.3183361 1.194986 0.6156783 -0.3063182 1.16596 0.6214426 -0.2937472 1.169509 0.6283726 -0.329411 1.196678 0.6371193 -0.3214209 1.212855 0.6355946 -0.3282934 1.211368 0.6230759 -0.3884687 1.212055 0.6741545 -0.3876394 1.226814 0.6726271 -0.3957844 1.22505 0.6603558 -0.3993464 1.211433 0.6649077 -0.4523385 1.266099 0.7111148 -0.4622805 1.250813 0.7096799 -0.4493637 1.256654 0.7227432 0.2896126 0.5906722 1.321596 0.2965291 0.5990632 1.321086 0.2849904 0.6101554 1.315539 0.2772665 0.5969924 1.317084 0.2492391 0.6550912 1.52145 0.2578083 0.6262813 1.474348 0.2398393 0.6460754 1.509839 0.2572284 0.6423244 1.531036 0.249169 0.659756 1.592175 0.2397454 0.6393086 1.539034 0.2403826 0.6488685 1.683563 0.2307211 0.6522578 1.707794 0.2480157 0.6553674 1.697518 0.2312429 0.6662595 1.704387 0.2557294 0.6534823 1.759957 0.2501629 0.6660496 1.760549 0.2474054 0.6462947 1.78124 0.2353123 0.6592344 1.780565 0.23644 0.6501287 1.781942 0.2392286 0.6552556 1.801751 0.2377962 0.6673012 1.793046 0.1658557 0.6569926 1.820491 0.1755138 0.6693912 1.829474 0.1627957 0.6758822 1.816944 0.1031486 0.6965436 1.876917 0.1187828 0.7098787 1.870968 0.06731033 0.7441686 1.913062 0.0776906 0.7368205 1.927502 0.08450919 0.7501869 1.921307 -0.05707854 -0.1250165 1.239797 -0.04091525 -0.151242 1.245426 -0.03888511 -0.137817 1.214378 0.01062613 -0.08849781 1.270296 0.02575439 -0.1100681 1.254542 0.0219047 -0.08073753 1.243117 0.01928824 -0.1039063 1.269997 0.02680039 -0.09868061 1.24105 0.01070004 -0.07803064 1.256655 0.1172155 -0.04500281 1.321415 0.1272068 -0.04773986 1.30924 0.1312848 -0.03610903 1.29928 0.1129566 -0.01972424 1.311349 0.1134415 -0.02962929 1.324714 0.1295691 -0.01987832 1.30393 0.2212001 0.01028323 1.401154 0.2282337 -0.001852452 1.401005 0.2905498 0.01295644 1.438142 0.2472824 0.007784068 1.387715 0.2430549 0.02067935 1.39023 0.2805758 0.03684943 1.440799 0.3165386 0.03507202 1.49514 0.3262557 0.02410507 1.498636 0.3514772 0.03354227 1.500256 0.3402508 0.04301053 1.492303 0.4039356 0.04807704 1.62086 0.4160913 0.0397287 1.614467 0.4109835 0.05885505 1.614634 0.5486127 0.1539497 1.08325 0.5413598 0.1407774 1.087005 0.5533318 0.1400477 1.072663 0.5852991 0.1292591 1.123629 0.6198356 0.1296566 1.130898 0.5915233 0.1461783 1.126383 0.6271304 0.1215335 1.148414 0.6152426 0.1113403 1.147057 0.6180637 0.109307 1.133699 0.6597999 0.05157381 1.152789 0.6542083 0.04291582 1.13598 0.6733098 0.0397042 1.137808 0.673967 0.04282528 1.147577 0.7081367 -0.02872711 1.168574 0.7612451 -0.07385021 1.193152 0.7551717 -0.08522826 1.18143 0.762677 -0.08235454 1.175073 0.7805975 -0.08530145 1.184262 0.7685013 -0.06951671 1.187617 0.8059631 -0.1238693 1.219477 0.8718951 -0.1528261 1.249829 0.887616 -0.1697622 1.272282 0.8825001 -0.1826525 1.261056 0.8904123 -0.1802783 1.255219 0.8895297 -0.1680833 1.252954 0.9289435 -0.2029846 1.303856 1.002003 -0.2194213 1.34992 1.000907 -0.2247658 1.362364 1.000177 -0.2381166 1.346491 1.066031 -0.260661 1.421686 1.079289 -0.2553187 1.409047 1.07355 -0.2428209 1.419765 -0.3616247 0.6243966 0.9351607 -0.3599722 0.6309698 0.9217523 -0.3648793 0.6138411 0.9186959 -0.4811188 0.6502231 0.9352414 -0.4785564 0.6599836 0.9355234 -0.4805046 0.6605729 0.9182839 -0.5409847 0.6848041 0.9352545 -0.494858 0.6499406 0.9244755 -0.6496652 0.7059763 0.9510635 -0.655193 0.7085505 0.9714012 -0.6528301 0.7182019 0.9713568 -0.6668107 0.7072231 0.9650875 -0.6162625 0.7071265 0.9459775 -0.8027858 0.7835521 1.01264 -0.8235434 0.785158 1.043359 -0.8207039 0.7949433 1.043751 -0.8326373 0.7887446 1.028592 -0.8263787 0.8032603 1.038624 -0.8352432 0.7852837 1.039304 -0.9776272 0.8742858 1.153072 -0.9886772 0.894077 1.164756 -0.9769417 0.8904495 1.146397 -0.9893271 0.8912377 1.143862 -0.9888255 0.8748092 1.143984 -1.108933 0.9639424 1.301031 -1.107912 0.979102 1.293725 -1.119671 0.9728105 1.28727 -1.11748 0.9611268 1.295387 -0.7508625 0.1237923 1.010156 -0.7502301 0.1348565 0.9975042 -0.7515261 0.1167576 0.9935246 -0.814669 0.1229869 0.9912934 -0.8164063 0.112166 1.001662 -0.8141081 0.1229641 1.011924 -0.8133538 0.1321876 1.001614 -0.8683229 0.1340281 1.002776 -0.8547986 0.1468347 1.004573 -0.8587287 0.1384485 0.9885639 -0.9173038 0.2146344 0.9922633 -0.9004285 0.2153236 0.9915112 -0.9075264 0.220833 0.9754357 -0.9447295 0.2485617 0.9721364 -0.9466882 0.2409579 0.9813403 -0.9886001 0.3193657 0.9825701 -1.030897 0.3451376 1.002458 -1.001948 0.3356404 0.9977805 -1.012555 0.3228656 0.9852228 -1.046012 0.3572574 0.9866467 -1.047098 0.3392423 0.9852696 -1.124104 0.3330938 0.9875516 -1.130414 0.3411088 0.9710618 -1.127739 0.3231759 0.9714218 -1.284442 0.3314471 0.9845352 -1.288546 0.3468497 0.9735503 -1.307346 0.3439392 0.9877113 -1.310581 0.3350272 0.9698047 -1.311723 0.3299175 0.9786353 -1.374247 0.3556783 0.984694 -1.489397 0.3694897 1.036186 -1.490954 0.3805776 1.024099 -1.49482 0.3625188 1.021599 0.03284692 -0.6329306 0.9914626 0.02695655 -0.6465271 0.9921212 0.04105025 -0.6427825 0.9788741 0.1161119 -0.6840131 1.068298 0.1035621 -0.6737806 1.06597 0.1146115 -0.6780136 1.053292 0.1324124 -0.6701571 1.073452 0.2122303 -0.7124559 1.196475 0.2111243 -0.7231634 1.20036 0.2344347 -0.7332909 1.204504 0.2256591 -0.7178658 1.18686 0.2187718 -0.7097651 1.189001 0.2277063 -0.7372919 1.214842 0.3312547 -0.795181 1.426229 0.3247027 -0.8025735 1.420917 0.3105658 -0.7749695 1.347192 0.3386951 -0.7924338 1.419217 0.3356201 -0.813395 1.42113 0.3338324 -0.8064346 1.474636 0.3253418 -0.8215493 1.468174 0.3507782 -0.8115107 1.439212 0.334232 -0.8234176 1.48543 0.2539951 -0.8140217 1.547686 0.2521178 -0.8254248 1.541497 0.2820636 -0.8209519 1.536094 0.263532 -0.8146874 1.552482 0.2498567 -0.8347697 1.557357 0.2313354 -0.8478949 1.603457 0.2249242 -0.8490386 1.629105 0.1836674 -0.8742592 1.698556 0.1775011 -0.8881703 1.688988 0.1935252 -0.8911988 1.694722 -0.05744862 0.6389489 0.9383363 -0.04551804 0.6455663 0.9257564 -0.06022506 0.6534936 0.9280904 -0.02698743 0.6779649 0.9855675 -0.02943968 0.6916728 0.9741725 -0.03584533 0.6966448 0.997476 0.007170677 0.7054187 1.002709 0.01192373 0.7241543 1.010252 0.008359253 0.708653 1.020782 0.100293 0.7223221 1.022977 0.08876746 0.7187788 1.00868 0.1050984 0.7392856 1.01089 0.08951604 0.7343134 1.023831 0.1790038 0.7557231 1.026962 0.2368418 0.7845069 1.069507 0.2734988 0.7883744 1.067911 0.2623701 0.8045727 1.073261 0.2675644 0.78885 1.077785 0.3379641 0.8445283 1.098457 0.3510647 0.8439468 1.10224 0.4032933 0.8792169 1.159427 0.4206961 0.8900475 1.16186 0.3641977 0.8683086 1.13617 0.459726 0.9469086 1.220082 0.5014476 0.980732 1.237546 0.4627451 0.9604045 1.219647 0.4959436 0.9904913 1.242453 0.5290905 1.006265 1.287138 0.5638217 1.067967 1.363354 0.5761367 1.070691 1.353201 0.5607499 1.081382 1.353887 -0.6784718 -0.01747035 2.769787 -0.6984577 0.004928648 2.771329 -0.7233324 2.17255e-4 2.756077 -0.7269543 -0.02424246 2.741369 -0.706085 -0.04468786 2.741344 -0.6838402 -0.04503053 2.752619 -0.7646244 -0.1029792 2.856678 -0.7805973 -0.08097112 2.931372 -0.7835982 -0.08413845 2.856701 -0.8250531 -0.1071434 2.973348 -0.7876336 -0.1203106 2.990359 -0.861321 -0.1565738 3.049122 -0.869741 -0.1919794 3.116399 -0.8244438 -0.1680924 3.057837 -0.8557696 -0.1735669 3.163333 -0.8741971 -0.1612523 3.174803 -0.894692 -0.1664341 3.174586 -0.9209237 -0.1955808 3.256758 -0.8863737 -0.203017 3.250015 -0.8866817 -0.1868115 3.275382 -0.8959457 -0.1702727 3.260383 -0.9176122 -0.177358 3.269454 -0.9071511 -0.2073966 3.25883 -0.9174871 -0.2080572 3.314646 -0.9028883 -0.2275939 3.294023 -0.9215873 -0.2810824 3.327503 -0.9376039 -0.2264037 3.311244 -0.9361034 -0.2301985 3.293793 -0.9217416 -0.2407193 3.28878 -0.955603 -0.3014786 3.338225 -0.9590371 -0.3066033 3.315007 -0.9394592 -0.3228496 3.317554 -0.9957709 -0.3689123 3.380371 -0.9872589 -0.3967244 3.387343 -1.0141 -0.4026955 3.373651 -1.000131 -0.4071015 3.368036 -0.9893576 -0.4069939 3.376513 -1.010452 -0.4229627 3.395377 -0.9824019 -0.5266453 3.38869 -0.99462 -0.5305978 3.394219 -1.003883 -0.52592 3.386966 -1.003761 -0.5330632 3.375574 -0.9917299 -0.5276411 3.369716 -0.9829244 -0.5349901 3.37737 -1.020836 -0.6398509 3.40516 -1.03585 -0.6365884 3.398128 -1.021954 -0.6416851 3.387293 0.3348879 -0.4171205 0.8210386 0.322507 -0.424533 0.8077244 0.3396942 -0.4268107 0.8085789 0.3141919 -0.4921236 0.8736546 0.3249049 -0.4899231 0.8710216 0.3041486 -0.5234245 0.888548 0.3038763 -0.5675664 0.9154208 0.3122965 -0.5823224 0.9279021 0.3216828 -0.5466902 0.907723 0.3127127 -0.594949 0.9669582 0.3014804 -0.6104472 0.9854373 0.2940212 -0.6450059 1.014276 0.31323 -0.6641929 1.033246 0.2982182 -0.7012535 1.073067 0.3069275 -0.6912804 1.091432 0.3088629 -0.7074601 1.080233 0.3002747 -0.7263147 1.131449 0.3225291 -0.738016 1.159266 0.3125024 -0.7208672 1.153459 0.3015028 -0.7381872 1.161358 0.3153218 -0.746919 1.156314 0.3034267 -0.7469123 1.176898 0.3004705 -0.7546875 1.159559 0.2797431 -0.8099281 1.184146 0.2517964 -0.8233128 1.182707 0.2691522 -0.8164989 1.170609 0.2487393 -0.8600268 1.209972 0.2387776 -0.889519 1.203263 0.2533285 -0.8883365 1.212701 0.2283505 -0.9471951 1.247414 0.2403055 -0.9546061 1.235022 0.2482911 -0.9495261 1.246833 0.4286803 0.5851497 0.9361798 0.4406427 0.5808939 0.9386566 0.4450096 0.5797098 0.9263104 0.4267287 0.5862031 0.9227942 0.4723835 0.6718894 0.9406108 0.4727621 0.6732114 0.9233167 0.4828909 0.7300595 0.9479994 0.5157117 0.7774459 0.946465 0.4839172 0.7329317 0.9309144 0.5306127 0.8268841 0.9736171 0.5374252 0.8677793 0.9898984 0.5241513 0.8488129 0.9673361 0.5702152 0.9199997 0.9959279 0.5949761 0.9614864 1.029265 0.5794674 0.9731908 1.02649 0.5945942 0.9796156 1.051982 0.6265947 1.010708 1.075164 0.6113861 1.021353 1.065612 0.6189094 1.055539 1.090727 0.6346654 1.038487 1.075168 0.6145404 1.049751 1.073031 0.5889993 1.116302 1.080615 0.6081957 1.119406 1.073273 0.5949261 1.11642 1.067481 0.5966017 1.158196 1.090199 0.5961589 1.286091 1.10995 0.6128391 1.285079 1.105541 0.6076064 1.287657 1.094288 0.588355 1.216344 1.084442 0.4436807 0.129529 1.072481 0.4338554 0.11672 1.063553 0.4517204 0.123977 1.065123 0.4554132 0.06375318 1.144058 0.4687821 0.04369699 1.142879 0.4888956 0.01051032 1.21312 0.4879531 0.002705872 1.240382 0.4725961 -0.003065764 1.226787 0.4715965 0.01202803 1.223258 0.4821178 -0.01402747 1.232744 0.4900318 -0.006830155 1.226946 0.4959862 -0.01472514 1.250916 0.5054126 -0.004441261 1.233955 0.5932558 -0.03801804 1.270052 0.5671641 -0.03180944 1.242356 0.6303931 -0.0396108 1.278357 0.5778751 -0.04469633 1.258384 0.6779385 -0.05267304 1.289709 0.7144997 -0.07815849 1.315547 0.7229611 -0.0721727 1.312437 0.7143978 -0.0759744 1.32819 0.7364307 -0.06992626 1.345395 0.783406 -0.0669589 1.369198 0.7940911 -0.08703011 1.390348 0.7984166 -0.08969318 1.381333 0.805657 -0.0839948 1.378023 0.8005807 -0.08332794 1.397146 0.8184737 -0.08590608 1.391512 0.8381974 -0.143734 1.398489 0.8513116 -0.1343864 1.390234 0.840571 -0.1437854 1.381078 -0.5827516 -0.7550403 1.297669 -0.5888245 -0.7428117 1.284528 -0.5820069 -0.7614439 1.284174 -0.7297043 -0.8026062 1.314522 -0.6802929 -0.7871128 1.288183 -0.6745151 -0.7911374 1.306826 -0.7347998 -0.825881 1.320378 -0.7669928 -0.8205662 1.330883 -0.7386589 -0.8177967 1.305551 -0.7856619 -0.8302037 1.326108 -0.7854036 -0.8222214 1.310984 -0.7867022 -0.8097937 1.322262 -0.8576639 -0.7754301 1.310465 -0.8475798 -0.7913179 1.301575 -0.8623042 -0.7934682 1.317085 -0.9605011 -0.7482808 1.321699 -0.9544447 -0.752889 1.306623 -0.9634193 -0.7617357 1.325386 -0.967337 -0.7654422 1.311418 -1.02668 -0.7466439 1.320649 -1.054043 -0.748781 1.339116 -1.044859 -0.7623872 1.322681 -1.061371 -0.7332262 1.321644 -1.074272 -0.7468354 1.328452 -1.099086 -0.6862515 1.324064 -1.109552 -0.6907222 1.309329 -1.113423 -0.6970454 1.326292 -1.174427 -0.6369064 1.323355 -1.17167 -0.6284948 1.307066 -1.181758 -0.6443387 1.308931 -1.225829 -0.6388422 1.328801 -1.22805 -0.6254466 1.329708 -1.232503 -0.6199341 1.319545 -1.226609 -0.6397873 1.320886 -1.242053 -0.6351286 1.316044 -1.291513 -0.6862882 1.349787 -1.367822 -0.7137368 1.402812 -1.371406 -0.7211793 1.388782 -1.359481 -0.726971 1.403483 0.5786132 0.3390016 1.050029 0.5886946 0.3311689 1.050221 0.5985039 0.3394039 1.049051 0.5831711 0.3507773 1.048803 0.6009656 0.3529771 1.134514 0.5832298 0.3417178 1.180887 0.591953 0.336842 1.176457 0.6010278 0.3421868 1.218616 0.5915675 0.3568606 1.176851 0.5825991 0.3534162 1.32408 0.6005777 0.3515915 1.244266 0.5833838 0.3445724 1.341296 0.5924739 0.3397768 1.351157 0.5916573 0.3597933 1.336925 0.6006559 0.3444171 1.347655 0.6023011 0.3505353 1.447996 0.5866169 0.3341148 1.439429 0.6011425 0.3389225 1.450822 0.5923873 0.3534421 1.44582 0.5844371 0.3482548 1.453413 0.5955613 0.3463199 1.467891 0.6199042 0.3904232 1.473585 0.6534066 0.413084 1.522869 0.6614346 0.418386 1.51079 0.6448853 0.4269292 1.515954 0.4010422 -0.3354363 0.8428309 0.4072939 -0.3509435 0.8399923 0.4151601 -0.3324371 0.8400641 0.4337425 -0.3564665 0.9985316 0.4359593 -0.3516908 0.9221172 0.4251164 -0.3418039 0.9991756 0.4417568 -0.3428375 0.9815484 0.4387411 -0.3378458 1.014623 0.4370129 -0.3653536 1.039282 0.4545564 -0.3653932 1.029129 0.4522404 -0.3652907 1.048434 0.4776577 -0.4297901 1.072466 0.4422175 -0.3763653 1.035309 0.4764325 -0.4430431 1.06057 0.483419 -0.4232842 1.051968 0.4903681 -0.4341318 1.073202 0.541976 -0.5510398 1.15759 0.5556604 -0.5552213 1.173995 0.5369133 -0.5363422 1.129214 0.5699887 -0.5598952 1.16483 0.5804522 -0.5764345 1.194717 0.5947151 -0.6091548 1.208224 0.613863 -0.6479397 1.259032 0.6286317 -0.6646907 1.296934 0.6665312 -0.691354 1.351851 0.6797281 -0.6979044 1.340278 0.6739826 -0.6844722 1.344919 0.6633546 -0.7004026 1.34293 0.6683869 -0.7226366 1.385055 0.6821912 -0.720256 1.384199 0.6639488 -0.7091668 1.387984 0.6780773 -0.7122641 1.399608 0.6191908 -0.7267504 1.442984 0.6289611 -0.740269 1.444984 0.6347464 -0.7252551 1.453117 -0.1755066 -0.666022 0.86448 -0.1893421 -0.6530741 0.8600526 -0.1774288 -0.6567389 0.8506207 -0.2674975 -0.766583 0.8062572 -0.25152 -0.7617439 0.8148911 -0.2348451 -0.7149038 0.8183505 -0.2530083 -0.7790454 0.8006584 -0.252448 -0.7638223 0.7939783 -0.2970439 -0.8067709 0.8028038 -0.3036334 -0.7942667 0.8029859 -0.2998334 -0.7929626 0.7900201 -0.2940658 -0.8100408 0.78914 -0.3874462 -0.8032357 0.8135111 -0.3970054 -0.8098499 0.8069428 -0.4349297 -0.8300006 0.8163163 -0.3812354 -0.8220046 0.8115277 -0.4375693 -0.8345635 0.8367076 -0.5144137 -0.8541883 0.8651849 -0.5552104 -0.867155 0.8760682 -0.5520794 -0.8697912 0.8651052 -0.5895674 -0.9046394 0.8913047 -0.5785149 -0.9007714 0.89868 -0.6339797 -0.9343775 0.94039 -0.6589051 -0.9403891 0.9372056 -0.6438519 -0.9509841 0.9307186 -0.6699186 -0.9567807 0.9697623 -0.6703753 -0.9392973 0.965074 -0.6769595 -0.9527547 0.9516073 -0.7200615 -0.9254845 1.019432 -0.706072 -0.9147031 1.025097 -0.7222668 -0.9073606 1.018656 -0.7663415 -0.9115656 1.093897 -0.7797027 -0.9079815 1.082154 -0.774603 -0.9247753 1.087459 -0.6858047 -0.355107 1.197211 -0.7004075 -0.3470996 1.194092 -0.6933059 -0.3562971 1.180324 -0.7308299 -0.3975192 1.213627 -0.7184391 -0.3967498 1.211369 -0.7272776 -0.3845068 1.194277 -0.7185611 -0.4046405 1.199388 -0.7344115 -0.4155329 1.210078 -0.6959502 -0.439561 1.237552 -0.7009682 -0.4497001 1.228661 -0.7115511 -0.4463014 1.251304 -0.7138621 -0.4506754 1.245382 -0.7113648 -0.4648704 1.246761 -0.7037851 -0.4667297 1.257892 -0.7565187 -0.4722974 1.301697 -0.7233986 -0.4672709 1.288311 -0.7895487 -0.5045933 1.362675 -0.7856199 -0.4993274 1.393217 -0.7937532 -0.4956037 1.390095 -0.7845976 -0.5101068 1.394977 -0.8373328 -0.5454891 1.502796 -0.8457096 -0.5300663 1.494598 -0.8406639 -0.5251287 1.505752 -0.8313743 -0.5290864 1.507114 -0.8478872 -0.5433448 1.507418 -0.8292846 -0.5381205 1.50525 -0.829432 -0.5362496 1.534246 -0.7895449 -0.5336084 1.55613 -0.7992398 -0.5510332 1.557889 -0.7887101 -0.5499164 1.548207 -0.7703138 -0.5687297 1.606139 -0.7542325 -0.5677829 1.595459 -0.7594736 -0.5561262 1.604421 -0.1013221 -0.1386418 1.272524 -0.1037033 -0.1236068 1.262632 -0.1178589 -0.1374249 1.262126 -0.1785787 -0.05961322 1.380132 -0.1603325 -0.09102594 1.36296 -0.1928461 -0.04686832 1.443686 -0.1979138 -0.05620598 1.408037 -0.224097 -0.04033344 1.471816 -0.2542757 -0.01537227 1.561458 -0.2276755 -0.01438856 1.511198 -0.2721045 -0.004167079 1.563592 -0.2649469 0.003880977 1.569491 -0.2783845 -0.008501708 1.582022 -0.2597662 -0.003268063 1.614026 -0.2546012 0.002406597 1.608215 -0.2633323 0.01509982 1.606244 -0.2600248 0.01529651 1.627652 -0.2613248 0.004637122 1.627066 -0.1527148 0.05976939 1.728817 -0.1752936 0.05785596 1.720402 -0.1746436 0.04454255 1.726662 -0.1586254 0.0438466 1.724462 -0.1737432 0.06784653 1.763755 -0.1710497 0.05913758 1.776286 -0.1634188 0.0687226 1.783112 -0.1689804 0.07934153 1.775865 -0.223989 0.08818501 1.819584 -0.2146852 0.07025134 1.817698 -0.2147316 0.08940261 1.838761 -0.314719 0.1159242 1.995992 -0.3042238 0.1302094 1.998402 -0.3197032 0.1320396 1.9894 -0.2997547 0.6254807 0.9884767 -0.2861768 0.6366811 0.9823717 -0.3039951 0.6401041 0.9813985 -0.2778766 0.6675767 1.050287 -0.2800246 0.681627 1.045181 -0.2955858 0.67066 1.050214 -0.2883516 0.6923373 1.066218 -0.2967856 0.672863 1.100411 -0.2880929 0.6838167 1.106442 -0.3070362 0.6826872 1.097885 -0.305451 0.6894052 1.113726 -0.3576712 0.6359176 1.163204 -0.3501714 0.6346684 1.171511 -0.3483889 0.6462953 1.176575 -0.3484352 0.6581647 1.147751 -0.4475685 0.6057153 1.314945 -0.4608529 0.5972917 1.307108 -0.4598476 0.5879158 1.312997 -0.4469262 0.5962912 1.321286 -0.4600965 0.6053379 1.314636 -0.4632987 0.5844355 1.335272 -0.4611434 0.6047343 1.368473 -0.470175 0.614403 1.362718 -0.4818528 0.6054282 1.366637 -0.4708518 0.6031947 1.382443 -0.4571329 0.6728992 1.448661 -0.4423431 0.6678256 1.454379 -0.4376081 0.6699169 1.443405 -0.4507372 0.6679828 1.422089 -0.4489133 0.7101168 1.519249 -0.4365069 0.7372304 1.53278 -0.4483101 0.7731467 1.588025 -0.4403073 0.7995571 1.652093 -0.457483 0.7760007 1.610676 -0.4445019 0.774577 1.630044 -0.4570935 0.8039354 1.690783 -0.4464434 0.8289461 1.735315 -0.4791151 0.8667936 1.822436 -0.4650126 0.8593533 1.827754 -0.4687399 0.8764812 1.820094 -0.6981165 0.1250301 1.052127 -0.6867281 0.1309187 1.051669 -0.6947048 0.1452929 1.047668 -0.706745 0.1363218 1.0488 -0.7005639 0.1760996 1.22194 -0.7121302 0.1626798 1.250316 -0.7034224 0.1689239 1.272375 -0.71839 0.1813001 1.267487 -0.7209896 0.1726056 1.296202 -0.7039677 0.1845894 1.340374 -0.707648 0.165322 1.361399 -0.6950404 0.1741706 1.362626 -0.7157371 0.1763918 1.355832 -0.7218099 0.1888774 1.382019 -0.7378247 0.1738903 1.390385 -0.7221521 0.1804463 1.399397 -0.7775399 0.1947904 1.422392 -0.794374 0.2089807 1.421592 -0.7843798 0.1967613 1.402803 -0.8484417 0.2040229 1.455425 -0.8432781 0.2078236 1.470445 -0.9012653 0.2264621 1.523734 -0.8889905 0.2072917 1.506488 -0.8888888 0.2263976 1.494736 -0.9155879 0.218807 1.511488 -0.9215365 0.2295097 1.528525 -0.9137178 0.2413204 1.512692 -0.9562949 0.2936 1.531215 -0.9451746 0.3061155 1.524092 -0.9528034 0.293381 1.512666 -1.0059 0.3530707 1.546526 -1.007862 0.3556327 1.528657 -1.017065 0.3432516 1.538535 0.3701934 0.1352279 1.056972 0.3680539 0.1536356 1.05753 0.3645876 0.1470578 1.043408 0.2554011 0.1252273 1.095754 0.2417569 0.1236985 1.082033 0.2412641 0.1185923 1.091951 0.1746746 0.1264207 1.129325 0.1586004 0.1278901 1.119755 0.05881142 0.1220395 1.17925 0.08196872 0.10556 1.175385 0.03325086 0.1201798 1.207628 0.06310635 0.1118677 1.166564 -0.03686141 0.1122214 1.24567 -0.08421188 0.1304256 1.292893 -0.09271383 0.1288102 1.277332 -0.08869057 0.1424015 1.296646 -0.09260481 0.1468764 1.288707 -0.104165 0.1430872 1.287005 -0.2248349 0.1817148 1.424874 -0.2253297 0.198311 1.444898 -0.2424375 0.2113637 1.441749 -0.2431902 0.195112 1.436284 -0.2692767 0.2429047 1.514143 -0.2760035 0.2352974 1.528968 -0.2840473 0.2405599 1.509789 -0.2842306 0.2273826 1.515788 -0.325602 0.2322133 1.546146 -0.324643 0.2469577 1.549227 -0.3288201 0.2492163 1.534895 -0.3284918 0.2354844 1.533001 -0.3982392 0.2229812 1.553002 -0.4001701 0.2406655 1.549762 -0.4013178 0.2271209 1.537037 0.3306958 0.2459473 0.8118902 0.3452978 0.2644137 0.8121087 0.338994 0.283663 0.8002172 0.3191953 0.2845171 0.7887135 0.3046116 0.2660301 0.7885216 0.3108937 0.2467423 0.8004094 0.2484853 0.3352715 0.9723448 0.223839 0.3542384 0.9548661 0.2164541 0.3211779 0.9653052 0.2284727 0.324559 0.9839842 0.2358675 0.3571868 0.9734985 0.2083052 0.3397436 0.958198 0.2444444 0.3492068 1.013594 0.2203813 0.3742496 1.018084 0.2105986 0.36281 1.03144 0.2137448 0.342637 1.029141 0.2399855 0.3388974 1.033213 0.2469842 0.3700522 1.02291 0.3515474 0.3618453 1.157513 0.3577576 0.3893874 1.148508 0.333245 0.3841892 1.164646 0.3638072 0.3736209 1.151837 0.3501696 0.3972253 1.165422 0.3391973 0.3683622 1.167692 0.3646099 0.3840948 1.221962 0.3734612 0.3981201 1.223117 0.365099 0.4082359 1.198352 0.3435632 0.399268 1.209855 0.3479354 0.38613 1.217574 0.3153766 0.4469333 1.284806 0.2950243 0.4253276 1.289646 0.3116273 0.434401 1.30719 0.2932134 0.443395 1.281059 0.2840505 0.4710475 1.386688 0.2960969 0.481618 1.370657 0.2685536 0.499765 1.385043 0.2644671 0.4794239 1.387773 0.2627352 0.5125427 1.401619 0.2470962 0.4988262 1.392885 0.2572895 0.5019341 1.415881 0.1569286 0.5448035 1.421759 0.1617593 0.5506252 1.431993 0.1707019 0.557076 1.430202 0.1691514 0.5660286 1.422121 0.1643549 0.5610411 1.411977 0.1568941 0.5530459 1.413104 0.1077314 0.6487361 1.462495 0.09585499 0.6441102 1.452368 0.09578835 0.6369006 1.468187 0.5539857 0.2880619 0.8761304 0.5376949 0.2682008 0.8487111 0.5597475 0.2979601 0.8434662 0.663524 0.1864987 0.8654109 0.6631997 0.1869837 0.8334295 0.6728459 0.2135818 0.8496484 0.6642441 0.2089981 0.866082 0.6601647 0.1781138 0.8494715 0.6757662 0.2012326 0.8339394 0.8449574 0.1217892 0.8856145 0.859281 0.1012545 0.8905513 0.8583945 0.09333419 0.8774878 0.8614419 0.09933435 0.8638957 0.8642468 0.115148 0.8626886 0.8681111 0.1221154 0.8764953 0.9619564 0.1057422 0.9106493 0.9867975 0.0777446 0.9230505 0.9575996 0.08038157 0.8971545 0.9972714 0.0885362 0.8998111 1.013135 0.07464951 0.9166572 0.9951263 0.057114 0.9104293 1.000747 0.06009805 0.8992858 1.059839 -0.02526545 0.9114498 1.05177 -0.03326708 0.911152 1.051008 -0.04041999 0.9005774 1.051345 -0.03191506 0.8908277 1.063641 -0.02763843 0.8911697 1.064809 -0.02078497 0.9016318 1.145873 -0.1114152 0.9109068 1.150943 -0.106005 0.8945461 1.15752 -0.09770154 0.9076069 0.2283892 0.3464511 1.019955 0.2253828 0.3693348 0.9956091 0.2155985 0.3379179 0.9827294 0.219466 0.3304256 1.000361 0.08817547 0.3835363 1.056549 0.1155651 0.3774917 1.015339 0.1144081 0.3496124 1.030878 0.08391189 0.366501 1.057295 0.07485604 0.3959169 1.045189 -0.0148341 0.4028494 1.064445 -0.03197687 0.4299932 1.075027 -0.01714885 0.3972295 1.081025 -0.08679813 0.4507799 1.137398 -0.04117345 0.441142 1.113946 -0.09248024 0.4807352 1.131514 -0.1544397 0.5003796 1.159974 -0.1552729 0.4951456 1.17466 -0.1419098 0.5146449 1.184773 -0.2345833 0.5917533 1.237666 -0.2410506 0.594449 1.271913 -0.2327736 0.6071825 1.263914 -0.2544911 0.5962188 1.259443 -0.2487484 0.6377278 1.32202 -0.2426348 0.6410225 1.31285 -0.2440911 0.6523071 1.31085 -0.2581171 0.6569275 1.317249 -0.2639352 0.6375893 1.313662 -0.1898983 0.6882746 1.39063 -0.2045153 0.6988012 1.391945 -0.2023751 0.6837803 1.400145 0.3543065 0.3896448 1.210405 0.3579128 0.3770443 1.183381 0.3638629 0.4058834 1.190015 0.4932001 0.3613857 1.239728 0.4693278 0.3435729 1.222164 0.4781598 0.3642576 1.209652 0.5203368 0.3438326 1.248094 0.5023234 0.3453012 1.217375 0.4938409 0.368732 1.226337 0.6695368 0.3445562 1.301511 0.6649287 0.3608241 1.28622 0.6797498 0.3666183 1.318693 0.6929986 0.3535533 1.303978 0.6891742 0.3719978 1.311864 0.8083437 0.3816349 1.391506 0.8154391 0.3840359 1.378544 0.8073475 0.3983234 1.386572 0.2573184 0.4912664 1.398525 0.2731537 0.4816731 1.385468 0.2706303 0.5040799 1.388683 0.3337913 0.4906547 1.487431 0.341848 0.4739452 1.484031 0.3489827 0.4896166 1.476531 0.3340148 0.4802802 1.489125 0.3493182 0.4791285 1.478356 0.3412745 0.4958747 1.481586 0.4014898 0.5011553 1.584225 0.4139297 0.5065283 1.57466 0.4036335 0.5171174 1.579309 0.9813393 0.07380795 0.9201343 0.998775 0.0693376 0.9062232 0.9853544 0.0895394 0.901714 1.065766 0.1403152 0.9928997 1.07513 0.1485592 0.9768748 1.060467 0.1589424 0.9864628 1.059538 0.1499642 0.9943805 1.07414 0.1395748 0.9846631 1.070308 0.1594045 0.9796991 1.160466 0.1922923 1.068009 1.1616 0.2044465 1.058744 1.14839 0.2051178 1.072674 -0.2518031 0.6309749 1.305011 -0.2516461 0.6348446 1.283714 -0.2553324 0.6204459 1.28599 -0.3799544 0.6726406 1.29854 -0.3848417 0.6540529 1.298539 -0.381967 0.6634953 1.308522 -0.3827539 0.6634407 1.288464 -0.9930726 -0.1395447 2.054786 -0.9970422 -0.1258489 2.032733 -1.007835 -0.1493253 2.038139 -1.129554 -0.06571871 2.121309 -1.127221 -0.04671341 2.113629 -1.137723 -0.06094771 2.103141 -1.125888 -0.05480432 2.122751 -1.136412 -0.04870843 2.105844 -1.136274 -0.06903815 2.112084 -1.268899 -0.003678262 2.199015 -1.276608 -0.01803475 2.194507 -1.278489 -0.00791049 2.184655 0.3716028 -0.3693084 0.8088567 0.3594912 -0.3748841 0.7985739 0.3742282 -0.3854349 0.7999705 0.3339815 -0.4336867 0.8825805 0.3186367 -0.4361132 0.8735623 0.3248646 -0.4586573 0.8955789 0.2989587 -0.4459598 0.9501243 0.3027288 -0.4417682 0.9193322 0.3171383 -0.4577164 0.885321 0.2739543 -0.4403684 0.9585967 0.286095 -0.4551605 0.962697 0.256375 -0.3877763 1.035497 0.2342099 -0.3753656 1.048348 0.2396357 -0.3990448 1.035633 0.2363004 -0.3830423 1.077048 0.1779775 -0.3113747 1.216365 0.1489343 -0.3082202 1.254124 0.1582466 -0.2975955 1.287372 0.1353477 -0.300539 1.312044 0.1655865 -0.3168659 1.258419 0.1201941 -0.2756092 1.344799 0.09767198 -0.252825 1.456609 0.1042856 -0.2687245 1.453112 0.05880355 -0.244887 1.55478 0.06470638 -0.251126 1.563312 0.07862049 -0.2450983 1.567672 0.06744366 -0.2316174 1.563027 0.04408717 -0.2598581 1.625216 0.03872913 -0.2412395 1.615676 0.04090803 -0.2553173 1.600281 0.0209167 -0.2655785 1.6445 0.01468431 -0.2729884 1.62623 -0.06664144 -0.3402607 1.666243 -0.05860364 -0.3380431 1.672796 -0.0600363 -0.350045 1.657081 -0.05584603 -0.3587286 1.677015 -0.1272822 -0.4558784 1.748776 -0.1394435 -0.4572875 1.733955 -0.1235172 -0.4656001 1.737583 0.3075065 -0.4504664 0.9292855 0.2955533 -0.4535853 0.916525 0.3133462 -0.4529252 0.9145259 0.3040522 -0.5936642 0.9513547 0.3067291 -0.5864434 0.9359133 0.3194772 -0.5830171 0.9505532 0.3420963 -0.6825446 0.9725798 0.3245833 -0.6828793 0.9719133 0.3327013 -0.6792059 0.9557211 0.314722 -0.7354691 0.9995077 0.314773 -0.756945 0.9987187 0.3377071 -0.7254074 0.9822619 0.323956 -0.7488407 1.01115 0.2635946 -0.7881767 1.043996 0.2372238 -0.811378 1.095973 0.2462003 -0.7860023 1.066893 0.26201 -0.7972683 1.067083 0.1919077 -0.8742195 1.137448 0.1973145 -0.8910204 1.157957 0.1832529 -0.875914 1.158692 0.1646047 -0.9502193 1.240521 0.1576606 -0.9495005 1.218633 0.1717785 -0.9593182 1.227722 0.1358749 -0.9638017 1.283565 0.1315249 -0.9736172 1.27365 0.1366949 -0.9824888 1.286101 0.1500213 -0.972258 1.281359 0.07923185 -0.9448733 1.382948 0.07369917 -0.9314798 1.382494 0.06350368 -0.9425709 1.372795 0.07306909 -0.9508567 1.378298 0.01179164 -0.9366255 1.502851 -0.001874029 -0.9448519 1.495351 0.009946823 -0.9542876 1.501603 0.3351269 -0.7138797 0.9889948 0.3249893 -0.7272228 0.9862881 0.3281876 -0.7226801 0.974291 0.461342 -0.8138449 0.9901481 0.4612717 -0.8138234 0.9734587 0.4639399 -0.8283514 0.9903865 0.4728879 -0.817033 0.9819822 0.5533783 -0.9133435 0.9911044 0.5787963 -0.9273238 0.9848968 0.5981774 -0.9329794 1.003866 0.583402 -0.9372814 1.005907 0.733201 -1.083563 1.054162 0.7263883 -1.090794 1.054569 0.7406116 -1.113015 1.049543 0.7386751 -1.089416 1.039213 0.7405173 -1.084822 1.047591 0.8095232 -1.212264 1.107403 0.8106383 -1.204756 1.119728 0.823839 -1.201282 1.108563 1.120294 -0.6725857 1.081125 1.133982 -0.68256 1.078604 1.13333 -0.6688053 1.070923 1.196296 -0.6076687 1.172771 1.184306 -0.6053753 1.179219 1.186627 -0.6167632 1.187174 1.196684 -0.6198583 1.178132 1.269426 -0.5856192 1.284487 1.26163 -0.5703716 1.284697 1.257578 -0.5860769 1.29246 0.03840065 -0.2475746 1.611666 0.05266261 -0.2564621 1.608841 0.05012416 -0.2436531 1.600222 0.1079478 -0.1805655 1.702423 0.1154369 -0.1718558 1.691159 0.102079 -0.1660263 1.698159 0.1018775 -0.1742633 1.703646 0.1152253 -0.1799444 1.696562 0.1092834 -0.1654418 1.692376 0.1981367 -0.1436316 1.792948 0.1977708 -0.1291337 1.78712 0.186226 -0.132911 1.798784 0.156373 -0.9639773 1.267146 0.1416598 -0.9701313 1.270189 0.1478195 -0.9698599 1.251742 0.2133735 -1.092783 1.274378 0.1970734 -1.097962 1.284241 0.247462 -1.225978 1.311809 0.253368 -1.226841 1.295449 0.2624272 -1.220826 1.308917 0.07956558 1.082804 0.7667543 0.07773846 1.083062 0.753149 0.06960844 1.09718 0.7539718 0.1932479 1.162736 0.7522364 0.1998715 1.149117 0.7433962 0.1719471 1.142493 0.7356108 0.1873686 1.16536 0.7439775 0.2468462 1.200356 0.7513766 0.2852541 1.233117 0.7373188 0.283774 1.259874 0.7457178 0.3457422 1.316633 0.7587565 0.333328 1.313913 0.7410813 0.3373884 1.327735 0.763504 0.3391673 1.336188 0.7540314 0.3953409 1.34921 0.7894552 0.4005293 1.344894 0.7720954 0.3937039 1.361102 0.7741309 0.4698085 1.349366 0.8294094 0.4771515 1.34755 0.816058 0.4719822 1.365311 0.8204915 0.3518143 1.336142 0.7676926 0.3693139 1.340106 0.7676011 0.3613238 1.336341 0.7522305 0.3212293 1.471761 0.7503718 0.3387185 1.475753 0.7505241 0.3298332 1.471771 0.7350435 -0.6719007 -0.8639935 1.581703 -0.6681837 -0.8340628 1.59278 -0.6756793 -0.8285803 1.564041 -0.6775168 -0.8538207 1.559787 -0.7772353 -0.8491067 1.620336 -0.7890822 -0.8219355 1.607327 -0.7970987 -0.8311611 1.593234 -0.7904148 -0.8583273 1.607613 -0.8778533 -0.8477261 1.647565 -0.8047569 -0.8510758 1.595999 -0.9016397 -0.8685327 1.658657 -0.9125916 -0.8475187 1.636793 -0.8938775 -0.8693156 1.623861 -0.8871785 -0.876287 1.636891 -0.9146974 -0.8357422 1.654972 -0.917244 -0.8351715 1.677108 -0.9445272 -0.8438683 1.664577 -0.9367623 -0.8545695 1.674578 -0.9807149 -0.7737282 1.724509 -0.9705274 -0.7887672 1.747621 -0.9528788 -0.7870658 1.729799 -0.9733005 -0.7654541 1.735276 -0.9712082 -0.8046146 1.727238 -0.9888673 -0.7869984 1.73076 -1.045752 -0.7358455 1.830246 -1.060618 -0.7520409 1.828245 -1.113019 -0.7275894 1.879146 -1.100549 -0.7300209 1.895984 -1.113095 -0.7169014 1.882463 -1.113949 -0.7116899 1.901907 -1.183001 -0.7211322 2.011955 -1.13569 -0.7340274 1.927851 -1.19647 -0.7266781 2.002307 -1.187808 -0.7384634 2.007879 -0.8976971 -0.8594971 1.659627 -0.9109638 -0.8512662 1.660858 -0.9169014 -0.847402 1.646586 -0.9105604 -0.851216 1.633651 -0.8976052 -0.8592797 1.633422 -0.8909944 -0.8635323 1.6458 -1.048214 -1.066015 1.66175 -1.040439 -1.083274 1.662204 -1.044942 -1.052382 1.652725 -1.06915 -1.093145 1.648519 -1.051819 -1.088949 1.645663 -1.179535 -1.24464 1.718772 -1.190573 -1.239154 1.710402 -1.177203 -1.249507 1.710514 -0.4885501 -0.9607679 1.941402 -0.498336 -0.9662029 1.917766 -0.4696919 -0.9688122 1.920881 -0.483482 -1.050487 1.959403 -0.4994805 -1.055013 1.945605 -0.4736146 -1.066335 1.938943 -0.4952734 -1.08024 1.939728 -0.5050609 -1.112926 1.987251 -0.5183891 -1.106357 1.984836 -0.5220151 -1.107237 1.972067 -0.4905784 -1.106745 1.960192 -0.5675638 -1.137598 2.002732 -0.5182414 -1.133733 1.983677 -0.6099874 -1.144452 2.061878 -0.6125442 -1.138028 2.040041 -0.5932024 -1.152328 2.044632 -0.6227192 -1.155386 2.045669 -0.6942367 -1.192579 2.135794 -0.6830137 -1.206851 2.137954 -0.6929797 -1.20945 2.126541 -0.4978168 -1.097605 1.978191 -0.5112534 -1.104852 1.960693 -0.491235 -1.090525 1.954989 -0.4220472 -1.216622 1.960397 -0.4227326 -1.2156 1.939838 -0.4060514 -1.2086 1.949887 -0.4113638 -1.212215 1.960455 -0.4279924 -1.219177 1.950298 -0.4119086 -1.211244 1.939861 -0.376395 -1.352301 1.948842 -0.3663481 -1.347942 1.936022 -0.3596528 -1.345883 1.952656 -0.4609128 0.6333692 0.9153673 -0.4672689 0.6356663 0.9011242 -0.4563434 0.6218331 0.9029398 -0.5455916 0.5556026 0.940417 -0.5440298 0.5607068 0.9251678 -0.6157689 0.5319596 0.946747 -0.614659 0.5248783 0.9641451 -0.5914434 0.5504178 0.9505941 -0.6375696 0.5263538 0.9616755 -0.6270489 0.5129014 0.9569519 -0.6546921 0.4899125 0.9988477 -0.6387658 0.4904381 0.9864739 -0.6534734 0.4769846 0.9866623 -0.6526982 0.4256582 1.057935 -0.6546578 0.4104157 1.048135 -0.6383764 0.4213227 1.046974 -0.6656668 0.3593878 1.130927 -0.6827394 0.3538553 1.125081 -0.6652899 0.3592001 1.108675 -0.6741976 0.3267552 1.1457 -0.6635897 0.3256676 1.128816 -0.6392531 0.2456676 1.152997 -0.6526004 0.2373764 1.151375 -0.6498795 0.2363833 1.137897 -0.6359854 0.2324946 1.141967 -0.6605982 0.1248033 1.180567 -0.6504887 0.1213845 1.184885 -0.6565307 0.1199226 1.167155 -0.6419443 0.1305592 1.173862 -0.5964028 0.02208167 1.171402 -0.5966956 0.01958632 1.161934 -0.6041567 0.01230359 1.177307 -0.6133068 0.01543021 1.173115 -0.6138378 0.01011413 1.163829 -0.6057713 0.01445245 1.157928 -0.6245699 -0.09121799 1.17952 -0.6248395 -0.09171164 1.164813 -0.6083046 -0.09277004 1.172855 -0.6012789 0.8302063 0.8566871 -0.5866812 0.8262605 0.8595994 -0.5907564 0.8317414 0.8440827 -0.5857012 0.8941419 0.8771197 -0.5703114 0.9281912 0.8719829 -0.5909204 0.905411 0.8643608 -0.5667811 0.9432806 0.8994072 -0.5571196 0.9359765 0.893606 -0.5667787 0.9526503 0.889882 -0.4967197 0.9712814 0.9330455 -0.5052759 0.9740868 0.9508638 -0.484378 0.9763689 0.9608446 -0.5112614 0.9801707 0.9357699 -0.4467218 1.038263 1.018661 -0.4415119 1.038712 1.033001 -0.4303063 1.049482 1.023455 -0.4426658 1.014708 1.005919 -0.3911591 1.151147 1.169675 -0.3764966 1.160902 1.163218 -0.3847764 1.164895 1.163268 -0.4054517 1.078802 1.077898 -0.3747205 1.157383 1.17436 -0.3913292 1.164147 1.172289 -0.3811001 1.218993 1.273586 -0.3702964 1.226271 1.26796 -0.3865869 1.232122 1.264643 -0.6382001 0.509985 0.9829463 -0.6361035 0.5148475 0.9676139 -0.6419537 0.4985944 0.9701202 -0.7489588 0.5373125 0.9753486 -0.7732036 0.5643371 0.9647597 -0.7603661 0.5451335 0.9614574 -0.755408 0.5537539 0.9781894 -0.8332763 0.5968677 0.979115 -0.8374657 0.577795 0.9790736 -0.8299421 0.5854382 0.9889732 -0.8327484 0.5866603 0.9692845 -0.8899385 0.5937671 0.9911603 -0.9003674 0.6017794 0.9807714 -0.8907349 0.5939005 0.9714083 -0.8948667 0.5838444 0.9807613 -0.9910447 0.5512266 0.9753481 -0.989721 0.5375365 0.9719124 -0.9904361 0.555059 0.9617204 -0.9898155 0.5409595 0.9586133 -1.11881 0.5119698 0.9673362 -1.123306 0.5250518 0.9709523 -1.128543 0.5286424 0.9574768 -1.124566 0.5156512 0.9541981 -1.226805 0.5244782 0.9829545 -1.220012 0.5360096 0.9729857 -1.217952 0.5180665 0.9676508 -1.251368 0.5244609 0.9646978 -1.270495 0.4909904 0.9735481 -1.279971 0.5057755 0.9723971 -1.27018 0.4955894 0.9598628 -1.333533 0.434445 0.9607359 -1.335833 0.4409847 0.9448549 -1.324654 0.4277352 0.9491073 -0.5744813 0.9286764 0.8890499 -0.5643143 0.9360391 0.8801607 -0.5736698 0.9277444 0.8744274 -0.6908378 1.081797 0.8761104 -0.6447612 1.027181 0.8648369 -0.7002999 1.073599 0.8687793 -0.7129533 1.095293 0.8794394 -0.7111703 1.092917 0.8648871 -0.7283211 1.133251 0.8729116 -0.8371152 1.251573 0.9133951 -0.8254542 1.261634 0.9128736 -0.8218695 1.243172 0.8966319 -0.9009342 1.345764 0.9422585 -0.8905329 1.347313 0.9555638 -0.8906012 1.353148 0.9415417 -0.8319979 0.8757216 0.8113231 -0.8200129 0.8797584 0.8092523 -0.8287068 0.8733716 0.796386 -0.8709099 1.002104 0.7830821 -0.867117 0.9927885 0.7684259 -0.8724056 0.9706565 0.7809443 -0.8610815 0.990378 0.7772778 -0.8928833 1.02436 0.7621436 -0.9112831 1.057168 0.7762553 -0.9571175 1.163356 0.7759671 -0.9498232 1.158106 0.7636981 -0.9795825 1.173316 0.7749702 -0.9812502 1.180485 0.7633288 -1.030269 1.253505 0.7907606 -1.023016 1.260754 0.775102 -1.036354 1.250904 0.7782837 -0.6634494 0.3412194 1.133189 -0.6687679 0.3558835 1.124139 -0.679096 0.3474261 1.121127 -0.7452298 0.3818497 1.240238 -0.7585877 0.3958975 1.282333 -0.7851205 0.4243924 1.335085 -0.8267355 0.440082 1.377406 -0.8411586 0.4351534 1.395642 -0.8469426 0.4319814 1.41649 -0.8301945 0.4319373 1.415916 -0.8332141 0.4457563 1.414653 -0.817865 0.4505512 1.470786 -0.8361258 0.4599871 1.452211 -0.8347367 0.4548639 1.47545 -0.7637028 0.4832787 1.525653 -0.7783314 0.4913595 1.53224 -0.7733383 0.4751462 1.535634 -0.8725837 0.5899823 0.9894962 -0.8683695 0.5983868 0.9766188 -0.8829349 0.590921 0.9811972 -0.9189717 0.7144222 1.056916 -0.9063458 0.6693072 1.015893 -0.9145996 0.7251847 1.057382 -0.9069385 0.7015985 1.029548 -0.9770821 0.8200812 1.112618 -0.9755474 0.847752 1.140242 -0.9742396 0.8366892 1.123742 -0.9882818 0.8338476 1.139181 -0.9778259 0.8328194 1.144661 -1.010274 0.849356 1.165589 -1.007671 0.8376703 1.187816 -1.011063 0.8540818 1.186912 -1.048338 0.8155686 1.246662 -1.061544 0.8197641 1.238373 -1.054235 0.8046507 1.238219 -1.037391 0.8021562 0.8893429 -1.053766 0.8098474 0.8863666 -1.049583 0.7962966 0.8772466 -1.093029 0.7385197 0.9724107 -1.100081 0.7281214 0.9604823 -1.084972 0.7236756 0.9678947 -1.085653 0.7324628 0.9736376 -1.100736 0.736786 0.9661557 -1.092626 0.7219837 0.9617034 -1.169024 0.6963723 1.053498 -1.166822 0.6808672 1.047287 -1.154838 0.6865179 1.059681 -0.6452944 0.1191414 1.176874 -0.6472866 0.1307741 1.17747 -0.656278 0.1272702 1.16403 -0.8463817 0.09582489 1.313606 -0.7508879 0.0998249 1.236315 -0.8401746 0.07877123 1.317906 -0.8388109 0.0976004 1.323613 -1.245452 0.5118269 0.9769229 -1.234386 0.5192769 0.9797695 -1.234598 0.5257906 0.9677866 -1.245974 0.518315 0.9645333 -1.314103 0.5953529 1.023003 -1.30058 0.6060195 1.023682 -1.310589 0.6056739 1.009653 -0.834394 0.4403117 1.443514 -0.837299 0.4525486 1.440435 -0.8395486 0.4485632 1.428322 -0.836572 0.4361472 1.431566 -0.9404769 0.4177789 1.465943 -0.943248 0.4340872 1.466355 -0.9450342 0.4254101 1.452754 -1.000576 0.8450533 1.160867 -0.9844961 0.8438059 1.160455 -0.9927764 0.8459183 1.146771 -0.9919528 0.9652102 1.16868 -0.9752278 0.9633417 1.173649 -0.9784829 0.9649455 1.160958 -0.6248344 -0.181948 1.565713 -0.6170169 -0.1922076 1.563566 -0.6128927 -0.1864901 1.549748 -0.6226948 -0.1755134 1.554622 -0.4746683 -0.08763152 1.648897 -0.4475451 -0.08727312 1.650092 -0.4723874 -0.08227157 1.635035 -0.4598795 -0.09064555 1.654522 -0.4613635 -0.09129601 1.634104 -0.4514942 -0.05345171 1.691027 -0.4477708 -0.04537725 1.674798 -0.4363223 -0.04483038 1.693054 -0.4907821 0.0416947 1.815332 -0.4829727 0.03868108 1.794099 -0.5004437 0.05731636 1.810984 -0.4889788 0.02053171 1.76507 -0.5164793 0.05340665 1.833058 -0.5237985 0.07029169 1.874492 -0.5487486 0.09920448 1.907534 -0.5402386 0.1074569 1.931602 -0.5928682 0.1392022 2.052354 -0.5839224 0.1374152 2.003085 -0.6130273 0.1373618 2.048519 -0.6305546 0.1574537 2.156255 -0.6435451 0.1681617 2.149246 -0.6421177 0.1510816 2.153377 -0.4498646 -0.05840128 1.668842 -0.4505801 -0.07461202 1.671985 -0.4496464 -0.06941944 1.654898 -0.334549 -0.06274038 1.674529 -0.3331143 -0.08037358 1.664467 -0.3354978 -0.06615889 1.660565 -0.3361051 -0.07622003 1.677662 -0.2377769 -0.08536165 1.696306 -0.2434264 -0.09664934 1.685928 -0.2492632 -0.08621525 1.674847 -0.235997 -0.07788687 1.686296 -0.1828663 -0.07906216 1.678469 -0.1788538 -0.054448 1.67595 -0.1899045 -0.07327437 1.694069 -0.0489422 0.005820691 1.673717 -0.05847579 0.00907725 1.658417 -0.06139141 0.01770603 1.674328 -0.03982281 0.06183695 1.68603 -0.02493262 0.05514538 1.686316 -0.03382158 0.04493713 1.665286 -0.02525925 0.07819527 1.684388 -0.04270684 0.07765811 1.679837 -0.07466268 0.1357151 1.729796 -0.06364315 0.1452265 1.718029 -0.08088505 0.1397617 1.716453 -0.2181273 -0.07708382 1.691811 -0.2334985 -0.08558005 1.688282 -0.2211335 -0.08711642 1.67747 -0.1820634 -0.180739 1.733738 -0.1744703 -0.1717856 1.741956 -0.1843202 -0.1746259 1.753619 -0.1924917 -0.1803036 1.743033 -0.18552 -0.2531414 1.810528 -0.1728003 -0.2590406 1.797425 -0.16575 -0.2737272 1.817015 -0.1687458 -0.2764089 1.825533 -0.1843423 -0.2679997 1.802595 -0.162097 -0.3095846 1.827043 -0.1542323 -0.3082828 1.811173 -0.1022558 -0.3674376 1.833669 -0.1104485 -0.3751732 1.82004 -0.09729182 -0.3661001 1.816279 -1.046954 -0.4021965 2.113045 -1.058978 -0.4148308 2.112872 -1.044901 -0.4163385 2.103401 -0.9954126 -0.4527004 2.197706 -1.007433 -0.4645614 2.197989 -0.9931529 -0.4667558 2.187988 -0.03555411 0.04335099 1.684144 -0.03463232 0.03498625 1.670055 -0.0393598 0.05090063 1.670308 0.06471562 0.08200484 1.668037 0.06945967 0.06597048 1.667611 0.06565409 0.07359611 1.653979 -0.1674755 -0.2816302 1.814838 -0.1694728 -0.2659141 1.814677 -0.1790165 -0.2750129 1.805552 -0.2347038 -0.2864126 1.896447 -0.241867 -0.2732869 1.891579 -0.2476909 -0.2829266 1.885605 0.3781768 0.08495813 1.005635 0.3973214 0.04723459 1.013365 0.4005293 0.05496138 0.9736241 0.3882995 0.0774663 0.9734025 0.4572218 0.1133249 1.028739 0.4788469 0.08665829 1.010149 0.4726402 0.0960893 1.030059 0.4808266 0.1005926 0.9923434 0.4651799 0.1299788 1.012439 0.4866088 0.1281794 0.9987595 0.5773661 0.167137 1.076874 0.582826 0.1503701 1.07551 0.6266518 0.1605827 1.080593 0.5951652 0.1569104 1.048383 0.5904694 0.1739238 1.050565 0.5801019 0.1784453 1.063751 0.6871285 0.1929334 1.116119 0.6832164 0.2058671 1.117748 0.6744132 0.2091559 1.127587 0.6726703 0.2005424 1.138433 0.6740549 0.1868125 1.13503 0.7645167 0.2161865 1.202318 0.7526267 0.2197606 1.212842 0.7584927 0.232504 1.202833 -0.523714 -0.7574922 1.461151 -0.5058035 -0.7255583 1.438462 -0.5236158 -0.7253113 1.418062 -0.5444034 -0.7427277 1.418091 -0.5473152 -0.7602766 1.438437 -0.5685279 -0.6726115 1.5085 -0.5841584 -0.6541106 1.473104 -0.6033684 -0.6888014 1.489543 -0.5908434 -0.6848039 1.511484 -0.5754759 -0.6463233 1.498422 -0.6102426 -0.6618734 1.480055 -0.6909757 -0.5927571 1.6092 -0.6645366 -0.5864307 1.599066 -0.6664316 -0.5795295 1.556207 -0.7019559 -0.5943582 1.59059 -0.7028658 -0.5448394 1.62285 -0.7113409 -0.5721639 1.58724 -0.7545309 -0.5280607 1.650235 -0.7911128 -0.5235694 1.731709 -0.8024259 -0.5376619 1.730714 -0.8212972 -0.5207865 1.715796 -0.8220521 -0.5339622 1.728074 -0.8390812 -0.5072674 1.77544 -0.8274908 -0.5056701 1.739497 -0.8747732 -0.5347075 1.816366 -0.86754 -0.5213394 1.82063 -0.8853758 -0.5077698 1.810444 -0.8792364 -0.5296488 1.786456 -0.8709985 -0.5024539 1.827156 -0.8940539 -0.5161494 1.833361 -0.858294 -0.4718498 1.900625 -0.873597 -0.4593023 1.893223 -0.8497231 -0.4621342 1.898598 -0.8535382 -0.4529395 1.891895 -0.8650945 -0.4504663 1.890243 -0.8700173 -0.4680756 1.900643 -0.8709869 -0.4153047 1.979511 -0.873593 -0.4006959 1.969353 -0.8872774 -0.4098564 1.973112 -0.3965008 -0.859266 1.547729 -0.4283481 -0.8534013 1.555991 -0.4390784 -0.8537077 1.533327 -0.428973 -0.856778 1.517511 -0.4067321 -0.8603407 1.517828 -0.4323222 -1.005784 1.569659 -0.4251211 -1.01888 1.555287 -0.4600307 -1.043502 1.547863 -0.4427502 -1.057063 1.551114 -0.4596714 -1.040443 1.580528 -0.4843066 -1.108697 1.587602 -0.4916977 -1.205264 1.635551 -0.5076662 -1.209447 1.638789 -0.5022043 -1.192613 1.604125 -0.4867623 -1.216369 1.627026 -0.5155101 -1.213894 1.628277 -0.4945227 -1.219944 1.615377 -0.501757 -1.23942 1.635559 -0.4450854 -1.256395 1.70239 -0.4609645 -1.273691 1.70025 -0.4446863 -1.273873 1.690604 -0.4545156 -1.261896 1.709661 -0.4379792 -1.265311 1.697114 -0.4253636 -1.333274 1.765081 -0.4334219 -1.325074 1.774783 -0.4163451 -1.318954 1.773209 -0.8672455 -0.5250929 1.821628 -0.880446 -0.511119 1.823715 -0.8807314 -0.5176725 1.803289 -0.9312475 -0.5795311 1.844981 -1.005362 -0.6311599 1.859911 -0.9368314 -0.5850421 1.827049 -0.9456111 -0.5780311 1.827496 -0.9958101 -0.6350209 1.872786 -0.9928044 -0.6442088 1.860176 -0.4969497 -1.214991 1.646936 -0.5019124 -1.206543 1.622876 -0.4900539 -1.228949 1.628812 -0.5786686 -1.264224 1.644091 -0.5903177 -1.249982 1.633728 -0.5795688 -1.264686 1.623151 -0.58621 -1.254995 1.644323 -0.5873169 -1.255522 1.623383 -0.5755823 -1.269738 1.633683 -0.6598041 -1.317337 1.647832 -0.6565141 -1.323117 1.631134 -0.6485027 -1.331062 1.643668 -0.189572 -0.8519896 1.947444 -0.2112672 -0.8534109 1.943063 -0.1977331 -0.8591108 1.928839 -0.2011466 -0.9437293 1.985886 -0.2092952 -0.9493181 1.971231 -0.1913495 -0.9492549 1.971972 -0.5280141 0.3482844 1.068713 -0.512973 0.3274989 1.071364 -0.5056808 0.317571 1.049936 -0.5135077 0.3286683 1.0252 -0.5275447 0.3480114 1.028902 -0.5350914 0.3583585 1.047331 -0.4502085 0.4022912 1.030653 -0.3826574 0.4220826 1.077393 -0.3838589 0.4077074 1.057297 -0.384406 0.4546196 1.078602 -0.3784841 0.4255712 1.042185 -0.3849334 0.4516615 1.04284 -0.4062018 0.4441493 1.059022 -0.3545801 0.4597296 1.061271 -0.3658902 0.4786747 1.074784 -0.3711721 0.5072819 1.034816 -0.3971188 0.4797624 1.053771 -0.3730271 0.5578557 1.046735 -0.4114773 0.6199141 1.06069 -0.3962672 0.632776 1.060537 -0.4117863 0.6201878 1.031161 -0.4087359 0.6841948 1.038746 -0.4392147 0.7102064 1.055724 -0.4052689 0.7000816 1.055039 -0.4508151 0.7729245 1.081877 -0.4541171 0.7845195 1.060961 -0.4431321 0.7908405 1.085931 -0.4595887 0.8614569 1.098583 -0.46186 0.8520795 1.084431 -0.4862374 0.8683378 1.106667 -0.5126084 0.9409806 1.150342 -0.5026983 0.9450984 1.151251 -0.5123646 0.9483631 1.136389 -0.3905009 0.4538349 1.078313 -0.3785753 0.4272888 1.053667 -0.3746772 0.4647881 1.048981 -0.301229 0.4337514 1.120401 -0.2825578 0.4330964 1.093301 -0.2923467 0.4618421 1.105918 -0.2608235 0.4530796 1.142496 -0.2913428 0.4242661 1.10735 -0.250522 0.4527989 1.112117 -0.1694197 0.466028 1.206959 -0.1993425 0.4409726 1.168131 -0.1873866 0.4509675 1.158519 -0.2035493 0.4744548 1.165002 -0.1490443 0.4879361 1.189374 -0.1412232 0.4967111 1.233977 -0.1311312 0.4744667 1.223991 -0.1309638 0.5049645 1.226454 -0.1169027 0.4787259 1.222415 -0.1100829 0.4920376 1.23465 -0.130208 0.4777702 1.252492 -0.09853816 0.439351 1.298884 -0.06223535 0.4417878 1.327539 -0.08997309 0.4639848 1.300387 -0.04728567 0.4291853 1.39291 -0.04798144 0.4183591 1.391739 -0.03957444 0.4122886 1.38665 -0.0304802 0.4183318 1.383143 -0.03885471 0.4353026 1.388249 0.01644086 0.438627 1.480311 0.005597889 0.4265697 1.486903 0.01786541 0.4237286 1.480386 -0.6923447 0.4916423 1.343091 -0.7104335 0.4959757 1.343141 -0.723039 0.4857099 1.33418 -0.7160434 0.4703136 1.324827 -0.6979369 0.4659378 1.324743 -0.686129 0.4770875 1.334196 -0.7564277 0.3804037 1.499585 -0.7312257 0.389598 1.503931 -0.7440821 0.3948041 1.499662 -0.7503092 0.3720508 1.491374 -0.7376788 0.3667604 1.496091 -0.7330948 0.3687412 1.51151 -0.8044938 0.3413606 1.678152 -0.8140932 0.3459475 1.675446 -0.8202841 0.331559 1.670273 -0.8103249 0.3262801 1.673048 -0.725367 0.5706056 1.373933 -0.7115139 0.5637731 1.357196 -0.7283317 0.5689875 1.340512 -0.7421208 0.5754368 1.353726 -0.7033525 0.6436683 1.362519 -0.6892014 0.6415996 1.36211 -0.6898579 0.6403962 1.337547 -0.7043374 0.6618813 1.349311 -0.6684285 0.7050527 1.345104 -0.6887215 0.756283 1.362109 -0.6706246 0.7408981 1.360114 -0.6909607 0.7350586 1.345178 -0.6912199 0.771845 1.340171 -0.7002075 0.7844882 1.352938 -0.7121497 0.7676228 1.342415 -0.765305 0.8070659 1.350463 -0.760344 0.8109536 1.334441 -0.7706828 0.796604 1.338825 -0.1313735 0.4834436 1.241063 -0.1225559 0.4841665 1.215078 -0.1467672 0.4878726 1.22264 -0.1175487 0.6147643 1.246855 -0.1000643 0.6019352 1.234258 -0.1054944 0.6288137 1.248898 -0.1277757 0.5782946 1.233854 -0.110462 0.6307585 1.228542 -0.1180098 0.6766847 1.238943 -0.1094228 0.7637389 1.263024 -0.1130822 0.7589719 1.280512 -0.1223474 0.7619961 1.268817 -0.8589705 0.6185033 1.475327 -0.8768173 0.6235293 1.471408 -0.8775423 0.6106978 1.461778 -0.8601784 0.6058279 1.465547 -0.90235 0.5658134 1.552299 -0.9003679 0.5494315 1.541202 -0.8917094 0.5565598 1.550043 -0.9111064 0.5589239 1.543556 -0.6962206 0.7557701 1.357685 -0.6823861 0.7443971 1.358052 -0.6845203 0.7559202 1.341099 -0.6284063 0.8110885 1.388633 -0.6424542 0.8224241 1.388633 -0.6378767 0.8137245 1.397263 -0.6329963 0.8197726 1.379993 -0.1582756 0.8557482 2.845217 -0.1547856 0.8184513 2.827029 -0.1278296 0.8407769 2.820271 -0.1343889 0.8586759 2.831964 -0.1164138 0.8051748 2.921954 -0.08665305 0.7848968 2.911367 -0.09557336 0.8165773 2.935917 -0.1053525 0.7856713 2.9196 -0.0780068 0.8037058 2.906323 -0.07599717 0.8167277 2.930291 -0.02134472 0.777453 3.081284 0.007986903 0.777701 3.067744 -0.01083314 0.792524 3.049731 -0.02001249 0.7635713 3.066878 0.003953039 0.7643796 3.076331 -0.01712775 0.7925056 3.0741 0.05608296 0.8048508 3.217183 0.04543387 0.8056671 3.228021 0.05957794 0.7897641 3.26506 0.04261714 0.7971504 3.243172 0.06614691 0.7973463 3.237293 0.06035727 0.8238793 3.327449 0.06685918 0.8069934 3.330035 0.07557427 0.8233487 3.325006 -0.2137377 0.990512 2.901403 -0.2036591 0.9849432 2.873123 -0.2303793 0.9974729 2.881978 -0.1945358 1.052275 2.894765 -0.1664173 1.06173 2.880503 -0.1931219 1.055348 2.868617 -0.1739869 1.06308 2.89393 -0.1709276 1.07236 2.868204 -0.1898847 1.086536 2.88151 -0.158381 1.176361 2.899602 -0.1589452 1.173994 2.878263 -0.1442 1.189801 2.903164 -0.1591664 1.203516 2.895359 -0.1366543 1.204834 2.897139 -0.1419637 1.204059 2.886813 -0.1366167 1.28041 2.923819 -0.1447817 1.284875 2.90918 -0.150527 1.281175 2.924218 0.7950448 0.4627605 1.037803 0.7865049 0.4370911 1.036171 0.791439 0.4218684 1.01723 0.8050025 0.429672 0.9978992 0.8138088 0.4544983 0.9983871 0.8086364 0.4705593 1.018379 0.8910687 0.4259303 1.088213 0.9186707 0.4292824 1.080831 1.026759 0.387483 1.134997 1.027543 0.3702451 1.180946 1.01711 0.3613528 1.156093 1.032252 0.3667888 1.144186 1.014726 0.3918249 1.168234 1.042482 0.394213 1.167093 1.036524 0.3952046 1.194923 1.054358 0.369695 1.204378 1.06876 0.3771991 1.196302 1.0661 0.3913648 1.182551 1.038488 0.4189894 1.249433 1.06718 0.4353275 1.239605 1.049159 0.4526344 1.249614 1.066122 0.4376083 1.277876 1.073675 0.4350348 1.261132 1.067848 0.454548 1.28335 1.073549 0.4638331 1.256409 1.081129 0.4713774 1.275545 1.092593 0.4549903 1.256549 1.15863 0.4807081 1.291369 1.157487 0.4612194 1.273022 1.19003 0.5043342 1.289365 1.230997 0.4964881 1.305948 1.215566 0.4966138 1.278601 1.24608 0.5217499 1.295456 1.340777 0.5371975 1.335791 1.333174 0.5419047 1.350407 1.333088 0.5537686 1.340446 0.9002875 0.7130915 1.030179 0.9041218 0.6869976 1.008533 0.8979595 0.7090074 0.9972809 0.9897818 0.7152172 1.018965 1.005162 0.7199704 0.9901815 0.9839521 0.738135 1.005263 0.9772279 0.7286334 1.019999 0.999868 0.7101192 1.004449 1.123263 0.7783347 1.020529 1.113941 0.7748782 0.9972489 1.13083 0.7675335 1.021124 1.147756 0.7949439 1.014236 1.160479 0.7746107 1.015139 1.16114 0.7813628 1.006058 1.243436 0.8240514 1.041903 1.241845 0.8337262 1.026324 1.236388 0.8369575 1.042617 1.042509 0.3812266 1.19927 1.03584 0.3709576 1.170043 1.05737 0.3931567 1.177272 1.129568 0.3069711 1.203468 1.09502 0.306342 1.188689 1.110714 0.3232499 1.175099 1.093161 0.3191025 1.201398 1.118299 0.2972635 1.177618 1.125681 0.3201602 1.189487 1.184949 0.2627043 1.216299 1.234642 0.2338451 1.220953 1.24151 0.2497575 1.20913 1.254516 0.2338444 1.217488 1.255461 0.2530875 1.224681 1.264206 0.245868 1.239671 1.341769 0.2172858 1.270553 1.345547 0.2319419 1.268476 1.349199 0.2228789 1.254986 1.068067 0.4280757 1.264558 1.071364 0.4571768 1.26275 1.049969 0.4411263 1.250674 1.045427 0.4582796 1.322731 1.011066 0.4649278 1.329754 1.016476 0.4426511 1.336342 1.021348 0.4475759 1.349876 1.019957 0.4700102 1.338315 1.007592 0.4509867 1.329006 1.001241 0.4573936 1.35748 0.9220015 0.4464763 1.355603 0.9218189 0.427087 1.361827 0.9237818 0.438497 1.363823 0.9157627 0.4378734 1.342228 0.91902 0.4233182 1.350679 0.8345592 0.4470576 1.384548 0.8302607 0.4391499 1.370852 0.8342423 0.4293203 1.384723 1.000779 0.4539714 1.342283 1.009413 0.4443468 1.34222 1.020525 0.4454512 1.335739 1.02307 0.4561069 1.329311 1.01446 0.4660721 1.329197 1.003394 0.464599 1.335828 1.096882 0.5259923 1.478256 1.082434 0.5255235 1.486109 1.092933 0.5128216 1.486096 0.8858348 0.9430071 1.168118 0.8789144 0.9236177 1.170284 0.8967929 0.9270657 1.157685 0.9378627 0.9210102 1.251005 0.9477767 0.9090822 1.241942 0.9519557 0.9264059 1.241463 0.7141139 -0.2758558 0.7874958 0.7036121 -0.2868709 0.7861883 0.7071635 -0.2802006 0.7690679 0.7772758 -0.3317558 0.7699438 0.7894588 -0.3487749 0.7766468 0.8162438 -0.3912191 0.7645715 0.8415903 -0.4030148 0.7584887 0.846803 -0.3942602 0.7585076 0.8359121 -0.3976404 0.7762477 0.8994687 -0.4291914 0.7737458 0.9116038 -0.4442446 0.7858644 0.9629401 -0.4907097 0.7994886 1.008365 -0.5216896 0.795753 0.983445 -0.4916442 0.7862635 1.011515 -0.5295692 0.8079501 1.043205 -0.5271276 0.8176372 1.037915 -0.5295549 0.8261181 1.109275 -0.5858963 0.8636086 1.120231 -0.5807147 0.8479102 1.110868 -0.591286 0.8538549 1.11622 -0.5745349 0.8634486 0.8089528 -0.1541053 0.8762075 0.8012926 -0.1690131 0.8741152 0.8159906 -0.1681532 0.8643085 0.8822144 -0.2175883 0.9925168 0.8596231 -0.1886588 0.9434295 0.855259 -0.2088556 0.9453027 0.9185072 -0.2378454 1.023681 0.9175463 -0.2234058 1.012009 0.9365838 -0.231243 1.077338 0.9514408 -0.2335863 1.083168 0.9444584 -0.2521677 1.092221 1.005481 -0.2592909 1.174164 0.9882637 -0.2582154 1.183847 1.000294 -0.2474345 1.178933 0.9980994 -0.2672387 1.176965 0.8212692 -0.08168774 0.8850855 0.8384764 -0.07295793 0.8810468 0.8262081 -0.07201486 0.8695046 0.8113955 -0.01376062 0.9139087 0.8003413 -0.007414281 0.9007509 0.7915937 -0.01460301 0.9106232 0.7886697 0.06965517 0.9645534 0.802132 0.07423478 0.954591 0.7859579 0.08015769 0.9508831 0.8001473 0.07293689 0.9651964 0.7840092 0.07850891 0.9612098 0.8007521 0.09370374 0.9592785 0.8274969 0.1383381 1.019778 0.8319842 0.1462209 1.007465 0.8138912 0.1488533 1.013448 -0.2090706 -0.69832 1.123075 -0.2139819 -0.6886687 1.111808 -0.2290753 -0.6953762 1.116359 -0.2311692 -0.6509204 1.172309 -0.2172378 -0.6427003 1.165844 -0.2378334 -0.6428487 1.168992 -0.2399271 -0.6050298 1.193669 -0.2517883 -0.5851613 1.251435 -0.249306 -0.5750597 1.249412 -0.2651436 -0.5874891 1.246434 -0.2671049 -0.5650375 1.253868 -0.296658 -0.5666624 1.31183 -0.2889702 -0.5624414 1.316849 -0.2968893 -0.5538233 1.299172 -0.301293 -0.5621454 1.303894 -0.2874237 -0.5485967 1.307983 -0.3386174 -0.5168561 1.320149 -0.3245161 -0.5071892 1.326043 -0.3291171 -0.5059748 1.309921 -0.2300258 -0.8838258 1.233748 -0.2379672 -0.8888655 1.218406 -0.2223337 -0.8799656 1.217944 -0.192916 -0.9308513 1.229875 -0.2085375 -0.9397341 1.230646 -0.2010843 -0.9360148 1.214704 -0.2941858 -0.5491448 1.310065 -0.3001693 -0.56283 1.301216 -0.2834665 -0.5588988 1.301268 -0.2874124 -0.5814837 1.354797 -0.2925574 -0.5948687 1.346024 -0.2758156 -0.5911225 1.345937 -0.6356127 -0.1898803 1.504747 -0.637758 -0.1805309 1.489 -0.6479706 -0.1958685 1.493973 -0.7365905 -0.09473228 1.564733 -0.7399368 -0.1101875 1.550333 -0.7305591 -0.1227325 1.558572 -0.8352442 -0.02477967 1.651027 -0.8494986 -0.01678538 1.639526 -0.8481189 -0.03104794 1.652145 -0.8508496 -0.004949212 1.658882 -0.8730574 -0.02052313 1.694011 -0.8867574 -0.01206177 1.679501 -0.8836761 -0.02495998 1.685953 -0.8891887 -0.0122016 1.702857 -0.930177 -0.06935286 1.761806 -0.9188576 -0.07782459 1.752438 -0.9149715 -0.07989209 1.773223 -0.9256767 -0.07428938 1.792949 -0.9523985 -0.09987729 1.827491 -0.9590508 -0.08117848 1.833589 -0.9666565 -0.1207938 1.862719 -0.9795395 -0.1190149 1.872167 -0.9814007 -0.1061214 1.854487 -0.9773249 -0.1263552 1.854107 -0.9987565 -0.2180723 1.8765 -1.013574 -0.2085824 1.880427 -1.013471 -0.2185406 1.864838 -1.076393 -0.319011 1.910356 -1.076723 -0.3093721 1.925526 -1.089098 -0.3059592 1.918827 -1.148764 -0.3743857 1.944975 -1.137789 -0.3772599 1.958941 -1.150883 -0.3645105 1.957846 -0.8774929 -0.01808089 1.676525 -0.8611928 -0.01224058 1.680525 -0.867776 -0.01337099 1.66422 -0.9023774 0.08037412 1.691246 -0.9015995 0.1038351 1.68233 -0.9153544 0.09845429 1.67416 -0.9104166 0.1089726 1.675187 -0.9193845 0.09482795 1.68251 -0.9565757 0.157998 1.704558 -0.9723466 0.1951113 1.714924 -0.9966756 0.2272167 1.715833 -1.04341 0.2570235 1.729415 -1.008131 0.2120102 1.718438 -1.087397 0.2902355 1.77054 -1.082954 0.3046219 1.761871 -1.105707 0.297763 1.77016 -1.102436 0.3110453 1.784732 -1.190152 0.3577015 1.824646 -1.181656 0.3665136 1.828786 -1.184332 0.3496374 1.839618 -0.9634881 -0.1137016 1.857518 -0.9636983 -0.1011395 1.848226 -0.9793296 -0.1065683 1.848977 -0.9905401 -0.04674929 1.949533 -0.9772842 -0.0390886 1.93366 -0.9800988 -0.04699486 1.946224 -0.9962503 -0.04457443 1.940351 -1.019812 0.003166377 2.002902 -1.023871 0.01798325 2.032253 -1.018794 0.009191513 2.044883 -1.066912 0.03233253 2.134537 -1.058869 0.04655355 2.133111 -1.075247 0.04056489 2.128293 -0.07832157 0.8385891 0.6781041 -0.06965637 0.8278311 0.6756725 -0.07776165 0.8417799 0.6651187 0.03201854 0.9106106 0.6858544 0.01578205 0.8905708 0.6896468 0.06551647 0.9564191 0.7037851 0.04793012 0.9423045 0.7155361 0.07824832 0.9562355 0.7261312 0.09426635 0.9968284 0.7328642 0.1230306 1.003817 0.7410082 0.1437926 1.055375 0.782279 0.1669266 1.069931 0.7863219 0.1596745 1.085376 0.780182 0.1792792 1.119354 0.8229728 0.1913806 1.114524 0.8086823 0.1964238 1.112459 0.829383 0.1852309 1.154957 0.8400265 0.2016831 1.157317 0.8473954 0.1997445 1.154862 0.8287212 0.1672413 1.227797 0.8253517 0.1520892 1.226046 0.8352597 0.1681231 1.228423 0.8434643 0.1555936 1.313505 0.8551023 0.1503543 1.314988 0.8391306 0.137849 1.310695 0.8515767 -0.3236126 1.199515 0.6287018 -0.3085712 1.193433 0.6324236 -0.3148836 1.194326 0.6171935 -0.2818085 1.2702 0.6262615 -0.2738643 1.264591 0.6168217 -0.2833249 1.267031 0.6076129 -0.2915402 1.270129 0.6171486 -0.2708246 1.345975 0.6272212 -0.2625906 1.344486 0.6118234 -0.278501 1.347416 0.6157271 0.193768 1.151778 0.8358728 0.190115 1.13404 0.8386068 0.2029838 1.140396 0.8274971 0.2514036 1.143 0.9097643 0.2590258 1.127732 0.9059311 0.2651121 1.142531 0.899145 0.2531931 1.133434 0.9126458 0.2654692 1.132779 0.9004058 0.2579435 1.148081 0.9041616 0.3012403 1.163505 0.9868882 0.3162649 1.154174 0.9792765 0.310715 1.171578 0.9780142 0.2345114 0.652615 1.790578 0.2421338 0.6489833 1.777444 0.2426372 0.6654093 1.778227 0.3145385 0.6557241 1.836964 0.3192145 0.6402295 1.830293 0.311169 0.645993 1.835697 0.3211458 0.6452326 1.82152 0.3157117 0.6606584 1.827579 0.3975679 0.6682963 1.899205 0.3899928 0.6684162 1.869938 0.3935542 0.6842657 1.887589 0.4376156 0.7050803 1.941846 0.4427143 0.6920682 1.943483 0.4498212 0.7028346 1.930701 0.6124651 0.1179252 1.139724 0.6211635 0.1235466 1.13295 0.6057802 0.1334964 1.131065 0.6453818 0.2078183 1.267392 0.6465369 0.1877641 1.213694 0.6673124 0.2186849 1.294567 0.6549682 0.2330464 1.28731 0.6933571 0.2500933 1.334973 0.6812053 0.2420002 1.343998 0.6782743 0.2564665 1.333833 0.6725574 0.2622163 1.375638 0.6893047 0.2557168 1.379789 0.6846234 0.2740771 1.380902 0.6270835 0.2707567 1.452563 0.6190503 0.2648748 1.452686 0.6252779 0.2804911 1.451283 0.6143221 0.2842761 1.451029 0.6262952 0.2668685 1.425637 0.5791828 0.2876685 1.500448 0.5438929 0.3098689 1.599395 0.5581796 0.3197386 1.598093 0.5405769 0.3304183 1.603054 0.5307375 0.3526617 1.664407 0.5464875 0.346496 1.670188 0.5462968 0.3592505 1.655566 0.5293647 0.3622806 1.703283 0.5119901 0.3479648 1.701491 0.5264847 0.3407305 1.707799 0.4795524 0.3104549 1.743177 0.4908843 0.3171844 1.755433 0.476796 0.3253298 1.749159 0.682614 0.2671829 1.368852 0.6870638 0.250957 1.365569 0.6872413 0.2615951 1.356745 0.8126401 0.2832865 1.409887 0.8126493 0.2832697 1.393516 0.7847843 0.2857959 1.401579 0.8432142 0.285324 1.413058 0.793745 0.2878828 1.388499 0.8606783 0.3087756 1.424496 0.9559227 0.3318576 1.484291 0.9812663 0.3386999 1.481973 0.9880486 0.3327501 1.504198 0.9854535 0.331345 1.484497 1.063056 0.3690739 1.548949 1.067544 0.3518187 1.549338 1.059073 0.3551408 1.559515 0.5268812 0.3573406 1.686412 0.5402898 0.3483101 1.68665 0.53605 0.3564751 1.672886 0.5805525 0.4225044 1.718511 0.5893207 0.4218588 1.705105 0.5757315 0.4309692 1.704972 -0.8373238 0.1259896 1.004842 -0.8479129 0.1382936 1.007085 -0.8489153 0.1299201 0.9908724 -0.9274734 0.06424236 1.037234 -0.913115 0.05870229 1.030114 -0.9478987 0.03509795 1.069692 -0.9498404 0.01748973 1.079383 -0.95427 0.006713986 1.075078 -0.9734424 0.01512849 1.080728 -0.9607645 0.01258552 1.065455 -1.005243 -0.01142925 1.101392 -1.007207 0.004261434 1.100269 -1.007424 -0.01138639 1.086983 -1.01071 0.00383836 1.086701 -1.081382 0.004873216 1.100165 -1.087131 0.008690178 1.081999 -1.157853 0.03058958 1.095394 -1.200312 0.02222549 1.115178 -1.194542 0.03116309 1.111742 -1.204582 0.02774542 1.096287 -1.206094 0.01560491 1.10895 -1.356344 0.03261637 1.142316 -1.379962 0.05107808 1.157354 -1.38916 0.04892367 1.171093 -1.42147 0.04241979 1.185907 -1.406103 0.04577928 1.159673 -1.401499 0.03308618 1.170595 -1.590777 0.06669187 1.266506 -1.597454 0.05405575 1.255303 -1.590389 0.04756361 1.269177 -0.9802709 0.006043016 1.092822 -0.992713 0.004478216 1.093299 -0.9884102 -0.007393181 1.081488 -0.9862388 -0.06340783 1.154121 -0.9668117 -0.06626069 1.152503 -0.9645316 -0.1356528 1.252222 -0.9785543 -0.1301254 1.247949 -0.9812168 -0.1458769 1.244771 -0.9673009 -0.1492076 1.246348 -0.9838321 -0.1871404 1.322909 -0.999745 -0.1916262 1.337177 -0.9996351 -0.1910357 1.30756 -0.9832896 -0.2107565 1.34203 -0.9733034 -0.19815 1.356534 -0.9892955 -0.2133029 1.358479 -0.938213 -0.2039201 1.41971 -0.9208674 -0.1979407 1.42148 -0.9083468 -0.2130517 1.426111 -0.9208108 -0.2196053 1.430533 -0.8796989 -0.2257615 1.496468 -0.8747441 -0.2419418 1.52121 -0.8814155 -0.2432971 1.483715 -0.8689691 -0.2333904 1.490978 -0.866806 -0.2221103 1.534194 -0.8562985 -0.2389892 1.535706 -0.8495148 -0.2155814 1.538328 -0.8463286 -0.1738404 1.600796 -0.8308304 -0.1849846 1.602218 -0.8338413 -0.1692937 1.593039 -1.040267 0.3414152 0.9944438 -1.022436 0.3397123 0.9981872 -1.029201 0.3468697 0.982929 -1.029399 0.4389382 1.048589 -1.01896 0.4391778 1.036735 -1.029592 0.4494573 1.030741 -1.039268 0.4393579 1.037155 -1.042382 0.5161778 1.079053 -1.059535 0.5345168 1.084895 -1.047533 0.5289062 1.100149 -1.060459 0.5107839 1.088748 -1.039813 0.5465075 1.090694 -1.056441 0.5515667 1.10183 -1.003789 0.6256671 1.102578 -1.019578 0.637238 1.102601 -1.013108 0.6311196 1.08709 -1.011892 0.6999727 1.116106 -1.000311 0.7418301 1.114831 -1.006155 0.7434088 1.10695 -1.020882 0.7466541 1.111754 -1.008062 0.7513596 1.127588 -1.04205 0.8335388 1.159153 -1.032524 0.8411077 1.145416 -1.049504 0.8351382 1.14882 -0.9862285 -0.1983296 1.347892 -0.989883 -0.2013289 1.328144 -0.9845246 -0.207054 1.338068 -1.076055 -0.2329805 1.35598 -1.126581 -0.2625462 1.383477 -1.113449 -0.2660412 1.387459 -1.133043 -0.2689943 1.376545 -1.115298 -0.2760187 1.376288 -1.166111 -0.2786682 1.394488 -1.172332 -0.2574038 1.392348 -1.159897 -0.2748129 1.380154 -1.227172 -0.2333725 1.39214 -1.223133 -0.226102 1.3795 -1.230174 -0.2412783 1.378262 -1.044961 0.5242617 1.095221 -1.048888 0.5418068 1.091919 -1.058613 0.5305371 1.083119 -1.164543 0.5218524 1.216218 -1.14207 0.5409938 1.1915 -1.183687 0.5334196 1.254827 -1.187224 0.5427069 1.260185 -1.190739 0.5365588 1.233398 -1.253762 0.5607775 1.344071 -1.257584 0.5431456 1.344246 -1.242776 0.5542088 1.351989 -0.8692035 -0.2315023 1.523209 -0.8771517 -0.2351582 1.508671 -0.8606621 -0.2335484 1.508922 -0.8606009 -0.3224598 1.541142 -0.8688856 -0.3259883 1.527399 -0.8518654 -0.3244643 1.52697 -1.136997 -0.2714216 1.39049 -1.152428 -0.2671023 1.390297 -1.147186 -0.2778709 1.379359 -1.16007 -0.3519837 1.45779 -1.175867 -0.3471179 1.458119 -1.170421 -0.3578707 1.447269 0.3380261 -0.8034387 1.46114 0.3353767 -0.8214524 1.457152 0.3404182 -0.8129645 1.446163 0.4836321 -0.8490079 1.506979 0.4961032 -0.8586182 1.498732 0.5176216 -0.8507594 1.502776 0.5011765 -0.8421396 1.507971 0.5218737 -0.8868888 1.533993 0.538238 -0.8934935 1.533615 0.5331165 -0.8866787 1.549998 0.510037 -0.9454369 1.590367 0.5253107 -0.9515247 1.584019 0.5236365 -0.9402948 1.596616 0.5207063 -0.8612568 1.526333 0.523337 -0.878012 1.526769 0.5222123 -0.8699865 1.511863 0.6292142 -0.8524807 1.532425 0.6307567 -0.8614514 1.518117 0.6281313 -0.8447135 1.517389 -0.004440009 0.702587 1.00679 -0.01068323 0.7122672 0.9992005 -0.01985645 0.6962978 0.9999429 -0.05576711 0.7263497 1.083337 -0.06707209 0.7337091 1.075129 -0.08815991 0.7598132 1.157236 -0.06699019 0.7479075 1.091238 -0.1204246 0.7734817 1.218147 -0.1212399 0.7757818 1.194336 -0.1438839 0.8133227 1.269893 -0.1362803 0.8208201 1.282524 -0.1378645 0.8014196 1.278224 -0.1341655 0.8139891 1.298345 -0.1463704 0.7953051 1.307338 -0.1436025 0.8028707 1.324088 -0.1567676 0.8026045 1.317567 -0.1649878 0.7582456 1.359968 -0.1583718 0.7534793 1.3472 -0.1490114 0.7482877 1.361477 -0.1763682 0.7279732 1.406926 -0.1699717 0.7097328 1.409501 -0.186303 0.7097072 1.40773 -0.1772547 0.700417 1.450398 -0.1633791 0.6860049 1.450585 -0.1648035 0.7051144 1.442455 -0.1206178 0.6847704 1.494475 -0.1213811 0.6954374 1.506231 -0.1258453 0.6774401 1.506645 -0.1377203 0.6884763 1.502164 -0.07848364 0.688683 1.562016 -0.08646762 0.7010269 1.566429 -0.09217768 0.6859944 1.570854 -0.149086 0.8074923 1.301258 -0.1339653 0.8075196 1.298463 -0.1409285 0.8118709 1.285738 -0.1314755 0.9576439 1.350895 -0.1454723 0.9167793 1.327603 -0.1411526 0.9182481 1.336814 -0.1271176 0.9470921 1.338194 -0.1409032 0.9290302 1.32402 -0.1325505 0.9844106 1.346823 -0.1457297 1.06115 1.405345 -0.1488421 1.061606 1.390981 -0.1406432 1.15961 1.464749 -0.1470516 1.166658 1.453075 -0.155796 1.157168 1.466508 -0.1737257 0.6996733 1.431498 -0.1773588 0.7155606 1.427843 -0.1781268 0.7051819 1.416568 -0.2723737 0.6873612 1.437895 -0.2698659 0.677924 1.447268 -0.2676723 0.6881335 1.456022 -0.2701891 0.6967655 1.446669 -0.3606473 0.715296 1.475102 -0.3653895 0.7049036 1.464873 -0.36201 0.699394 1.480061 -0.9112165 -0.2170702 3.297343 -0.8911492 -0.2071633 3.282891 -0.8953531 -0.1949433 3.271227 -0.9277659 -0.196976 3.280258 -0.9044877 -0.1452602 3.357958 -0.899633 -0.1220367 3.340754 -0.8843499 -0.1175053 3.386776 -0.9063784 -0.1089296 3.371275 -0.8773941 -0.09681361 3.391333 -0.8892571 -0.04678231 3.423912 -0.9110267 -0.04773634 3.457922 -0.9090048 -0.02527654 3.447475 -0.9104054 0.01179277 3.521326 -0.9361411 0.01196402 3.517603 -0.9285995 0.0341739 3.539246 -0.9195032 -0.007166206 3.514603 -0.9807983 0.07441288 3.614019 -0.9709165 0.07071816 3.621373 -0.9796777 0.05571991 3.624612 -0.9897716 -0.4106004 3.388606 -0.9989087 -0.3903684 3.374913 -1.006873 -0.4149478 3.372285 -1.074067 -0.3806363 3.468577 -1.089917 -0.3772686 3.455127 -1.084362 -0.3969864 3.460305 -1.075773 -0.3928439 3.467831 -1.083004 -0.3728883 3.46429 -1.091724 -0.389549 3.45443 -1.156126 -0.3761239 3.556618 -1.169614 -0.3833847 3.544951 -1.157456 -0.3914383 3.55597 0.3006075 -0.7380914 1.163756 0.3121652 -0.7507454 1.161189 0.3142324 -0.736983 1.153307 0.3501427 -0.7238443 1.218763 0.3614583 -0.7075398 1.217119 0.3423693 -0.7085886 1.219526 0.3848477 -0.7029764 1.271155 0.3979834 -0.7127944 1.287555 0.4009984 -0.7136301 1.26599 0.4050003 -0.6940823 1.28424 0.3897669 -0.6901397 1.30015 0.4079651 -0.6961839 1.30505 0.378173 -0.6646829 1.347473 0.396098 -0.6614724 1.348079 0.3830342 -0.6529398 1.340314 0.3956176 -0.7018516 1.290287 0.3915223 -0.708881 1.277185 0.4032706 -0.6991803 1.276954 0.4457255 -0.7554364 1.304275 0.4368279 -0.7648401 1.297017 0.4448943 -0.760542 1.288321 0.620816 1.042878 1.07773 0.6166068 1.025532 1.080507 0.629252 1.031317 1.06918 0.6755367 1.018678 1.141244 0.6872164 1.027478 1.131145 0.6771227 1.036571 1.142544 0.7495293 1.040669 1.204453 0.7368367 1.043011 1.222683 0.7894284 1.04833 1.282552 0.7763025 1.061409 1.287607 0.7879512 1.067285 1.279049 0.4964061 -8.93307e-4 1.239143 0.4843486 0.007438957 1.231368 0.4808355 -0.008313715 1.226495 0.4339488 -0.009148299 1.29144 0.4114488 -0.03048568 1.343802 0.4146704 -0.02455246 1.354191 0.4073862 -0.01856917 1.367178 0.3762109 -0.02432584 1.411255 0.3740134 -0.02843999 1.397734 0.3745977 -0.03938835 1.401421 0.3611828 -0.04310232 1.466013 0.3625928 -0.05781745 1.483463 0.3464255 -0.05089217 1.470686 0.3560979 -0.06291633 1.462235 0.3556072 -0.03654932 1.489049 0.346001 -0.05250686 1.497671 0.3335499 -2.8917e-4 1.531036 0.3529639 -0.002379417 1.537708 0.3493742 0.00586909 1.526161 0.3578383 0.03560358 1.591116 0.3530091 0.05040204 1.579684 0.3427733 0.04203242 1.587987 0.364263 -0.04930925 1.481235 0.3464146 -0.04767876 1.485069 0.3531395 -0.05378395 1.469356 0.3524206 -0.1102924 1.512661 0.341817 -0.1160022 1.503793 0.3524034 -0.1186999 1.493781 0.3621191 -0.1131334 1.502688 0.3675795 -0.1716054 1.540062 0.3742223 -0.1772477 1.524144 0.3846011 -0.168388 1.53406 0.7895866 -0.08444052 1.386873 0.8064012 -0.09142726 1.387051 0.8024376 -0.07693791 1.377137 0.8130166 -0.05060273 1.443586 0.8259403 -0.04292541 1.433694 0.8087887 -0.03642535 1.433994 -0.769697 -0.8169677 1.326398 -0.7745087 -0.8248447 1.312643 -0.7581813 -0.8258248 1.317916 -0.7851256 -0.9041663 1.384079 -0.8003505 -0.9048719 1.377144 -0.7876882 -0.9135593 1.370437 -0.8343693 -1.018466 1.478116 -0.8329663 -1.02518 1.464523 -0.8238157 -1.041687 1.486127 -0.8212532 -1.020829 1.48045 -0.8247572 -1.03274 1.469 -0.8432287 -1.035064 1.517044 -0.8559601 -1.044213 1.508415 -0.8495085 -1.050678 1.525829 -0.8840169 -1.016317 1.578985 -0.8958285 -1.012443 1.572326 -0.9033881 -1.024189 1.57779 -0.8890263 -1.029604 1.580345 -0.9376859 -1.013701 1.671415 -0.9465794 -1.00381 1.667659 -0.9460934 -1.012491 1.647453 -0.9460378 -1.023136 1.665457 -0.9773473 -1.025519 1.732413 -0.989013 -1.016831 1.721129 -0.9917363 -1.034037 1.72735 -0.9820861 -1.006148 1.774691 -0.9991814 -1.007423 1.756961 -0.9992855 -1.012575 1.776243 -0.9802224 -0.9515627 1.813943 -0.982177 -0.9657287 1.825766 -0.9677283 -0.958934 1.817732 -1.051899 -0.7416461 1.336374 -1.061444 -0.7430191 1.322991 -1.045832 -0.7548974 1.325766 -1.112815 -0.8216859 1.389767 -1.112584 -0.8219704 1.370024 -1.17078 -0.8617159 1.408887 -1.153614 -0.8518429 1.418058 -1.1627 -0.8463495 1.413003 -1.15953 -0.8689749 1.412497 -1.167513 -0.8934065 1.452971 -1.183423 -0.8827811 1.454229 -1.182973 -0.9020137 1.449359 -1.152526 -0.9406767 1.524671 -1.137692 -0.931175 1.527214 -1.13693 -0.9456164 1.516395 -1.138744 -0.9933505 1.616069 -1.137555 -1.00593 1.607482 -1.121284 -0.9964455 1.611563 -0.8303774 -1.036198 1.5038 -0.8458411 -1.040601 1.505814 -0.8403505 -1.040958 1.489005 -0.8052968 -1.118606 1.501405 -0.8223921 -1.120454 1.511628 -0.808651 -1.155993 1.503769 -0.7999858 -1.235952 1.53921 -0.7847754 -1.238228 1.532222 -0.7910188 -1.244625 1.542733 -0.8056105 -1.233294 1.530297 -0.79469 -1.230183 1.519115 -0.8372122 -1.425516 1.598028 -0.8208224 -1.42911 1.598426 -0.8300492 -1.421118 1.612911 -1.218164 -0.6332762 1.319524 -1.203658 -0.6255018 1.323246 -1.208324 -0.6302404 1.307988 -1.248471 -0.5449286 1.31347 -1.240126 -0.5396926 1.303789 -1.250717 -0.5493232 1.296314 -1.243881 -0.5436819 1.296106 -1.255245 -0.5516259 1.304396 -1.317742 -0.4840107 1.302425 -1.321178 -0.4902662 1.287397 -1.327944 -0.4971374 1.299475 -1.175434 -0.8913996 1.441784 -1.175437 -0.8735691 1.445892 -1.176918 -0.8803508 1.42911 -1.275529 -0.8826388 1.458913 -1.278044 -0.8721609 1.448703 -1.278244 -0.8827546 1.438416 -1.275851 -0.8923593 1.448612 -1.375288 -0.8967953 1.472011 -1.376618 -0.9035615 1.455212 -1.372313 -0.9142856 1.467503 -0.9892479 -1.017513 1.754049 -0.9981648 -1.017285 1.740799 -0.9842992 -1.025598 1.74072 -1.028441 -1.099115 1.77885 -1.042295 -1.090788 1.778981 -1.037172 -1.098985 1.765636 0.6026089 0.3411726 1.451816 0.5891473 0.356751 1.454573 0.5906385 0.3444711 1.439393 0.5493001 0.3164459 1.471091 0.5665035 0.3082017 1.479176 0.5372198 0.2735476 1.513065 0.5234552 0.2727153 1.499656 0.5392677 0.2638815 1.501498 0.4343613 -0.3616106 1.026303 0.4469342 -0.3570481 1.028358 0.4489178 -0.350093 1.021291 0.4399133 -0.3486644 1.014256 0.3766388 -0.2364197 1.115105 0.38502 -0.2303166 1.116825 0.3637495 -0.214291 1.152521 0.3702434 -0.2128589 1.164293 0.3802764 -0.2120223 1.160425 0.3851066 -0.2109216 1.147644 0.368961 -0.1067035 1.265114 0.3614062 -0.1033545 1.259035 0.3516979 -0.1049227 1.26238 0.3690156 -0.1082803 1.278876 0.351978 -0.1060666 1.276668 0.3865436 -0.05899822 1.35644 0.394927 -0.04634553 1.352306 0.3768997 -0.05952918 1.318071 0.3652646 -0.08463323 1.312656 0.3760834 -0.03901749 1.35528 0.3685394 -0.04964047 1.362872 0.3355419 -0.03023308 1.429203 0.3237128 -0.02053421 1.419389 0.3190556 -0.03683799 1.425507 0.2927395 -0.004716336 1.506935 0.2987071 0.01064169 1.503249 0.2819992 0.006226181 1.497205 0.3773167 -0.04307597 1.356629 0.3807412 -0.05916804 1.358612 0.3829396 -0.0520932 1.340022 0.463422 -0.02275717 1.362957 0.4645292 -0.04083108 1.373043 0.5453556 -0.0226354 1.401089 0.5498828 -0.02861958 1.387789 0.5468373 -0.00955379 1.388418 0.6745428 -0.7020571 1.379293 0.6731124 -0.7151069 1.376287 0.6761783 -0.7118847 1.363205 0.6775681 -0.6987732 1.366466 0.7531248 -0.7194359 1.39652 0.754664 -0.727734 1.382129 0.757296 -0.7109131 1.381986 -0.2833735 -0.7968031 0.8045033 -0.289651 -0.7932261 0.7908761 -0.273301 -0.7897093 0.7939352 -0.2435364 -0.9087297 0.7594408 -0.2561042 -0.9157816 0.7505206 -0.2438714 -0.9082617 0.7432016 -0.2504497 -0.919486 0.7575538 -0.2521 -0.9131261 0.7427717 -0.2335456 -0.936218 0.7461727 -0.2182938 -1.098192 0.7440274 -0.2274941 -1.098785 0.7445088 -0.2322202 -1.098513 0.7365247 -0.2187176 -1.098929 0.728171 -0.2140144 -1.098502 0.7361168 -0.2181506 -1.223682 0.763049 -0.2313301 -1.231552 0.7686498 -0.2281275 -1.104467 0.7292173 -0.2277511 -1.243381 0.7534546 -0.236079 -1.335057 0.8035442 -0.2447904 -1.338889 0.7899286 -0.2285226 -1.340455 0.7900968 -0.6531156 -0.9493616 0.9584036 -0.6701057 -0.9473525 0.9602159 -0.6630649 -0.9491449 0.9414445 -0.6647844 -1.046419 0.951928 -0.6823047 -1.042783 0.9623762 -0.6958762 -1.137234 0.9781625 -0.7027869 -1.137305 0.9645503 -0.6838772 -1.141175 0.9649567 -0.722182 -0.4127363 1.210067 -0.7255064 -0.3982641 1.214804 -0.7259918 -0.3936252 1.205095 -0.7226101 -0.4077932 1.198189 -0.7992039 -0.414605 1.195027 -0.7898347 -0.4224512 1.212388 -0.8928688 -0.4326638 1.21401 -0.8316793 -0.4327969 1.19798 -0.8515622 -0.4271359 1.217189 -0.9172979 -0.4550809 1.232267 -0.9089502 -0.4425538 1.213144 -0.9179809 -0.4578793 1.216512 -0.940988 -0.4676021 1.232281 -1.004728 -0.4749745 1.26882 -1.03876 -0.4864421 1.268391 -1.050818 -0.487399 1.286831 -1.02805 -0.4947176 1.265817 -1.040921 -0.499738 1.293513 -1.053663 -0.5096408 1.293783 -1.115774 -0.5310772 1.33488 -1.117387 -0.5179193 1.340423 -1.106572 -0.5227217 1.350034 -0.7015223 -0.4417941 1.24913 -0.7101465 -0.4553607 1.25104 -0.7060817 -0.451605 1.233626 -0.650731 -0.4953371 1.249689 -0.6163856 -0.5003765 1.244943 -0.6352096 -0.4998607 1.260496 -0.6201483 -0.5105355 1.245582 -0.6229764 -0.4901763 1.252376 -0.5729139 -0.5483277 1.281913 -0.5763301 -0.5672178 1.275758 -0.5694363 -0.5727071 1.289171 -0.5555205 -0.564915 1.282081 -0.546223 -0.6088898 1.28736 -0.5357396 -0.6073148 1.290117 -0.5273145 -0.6747421 1.346681 -0.5404555 -0.6528381 1.330139 -0.52395 -0.6477894 1.323833 -0.5446699 -0.6471368 1.315965 -0.5290332 -0.7040158 1.344689 -0.5473802 -0.7547998 1.394397 -0.530494 -0.7530214 1.399784 -0.5472816 -0.7453136 1.404796 -0.8343759 -0.5449537 1.510326 -0.832223 -0.5261895 1.513514 -0.8379113 -0.5348835 1.498591 -0.8854858 -0.5237062 1.521301 -0.8815756 -0.5405883 1.529559 -0.9270532 -0.5413429 1.554151 -0.9342269 -0.532478 1.540441 -0.9308592 -0.5488398 1.542828 -0.2635616 -0.001030087 1.605119 -0.2694298 0.01038694 1.589823 -0.2664586 -0.008003294 1.592547 -0.4219176 -0.01313418 1.652068 -0.3740144 -0.01667439 1.63656 -0.4344716 -0.0246706 1.639078 -0.4687709 -0.01277863 1.664624 -0.5033026 -0.02002674 1.671794 -0.4722307 -0.03276604 1.667069 -0.5132614 -0.02999591 1.699499 -0.5758294 -0.0267896 1.736739 -0.5885375 -0.04814976 1.747981 -0.6059429 -0.03282254 1.761508 -0.5948846 -0.04046934 1.733622 -0.6190254 -0.02018928 1.753576 -0.6361651 -0.028741 1.763558 -0.6358755 -0.02258986 1.747221 -0.6755366 0.03178471 1.757013 -0.6832448 0.02313697 1.747088 -0.6849244 0.01863449 1.765436 -0.1655962 0.06936401 1.752946 -0.1625107 0.05346697 1.756589 -0.1610789 0.06014382 1.741687 -0.07864379 0.08324223 1.775323 -0.07183933 0.07069367 1.768212 -0.079059 0.07392919 1.775195 -0.07574737 0.0795539 1.758441 -0.08241713 0.08696907 1.766998 0.002611637 0.1355184 1.804412 -5.34703e-4 0.1399865 1.787879 -0.01015603 0.1450667 1.799898 0.03078937 0.1910833 1.834429 0.04362177 0.1858932 1.825355 0.03117609 0.1976671 1.822285 -0.6009966 -0.02877134 1.755437 -0.6152182 -0.02819329 1.753154 -0.6137782 -0.03935694 1.744746 -0.5997916 -0.04002559 1.746913 -0.6153275 -0.08679807 1.830024 -0.6314288 -0.0935024 1.821715 -0.6185263 -0.09975028 1.819333 -0.2978751 0.685793 1.089741 -0.2859647 0.6758677 1.086879 -0.2904686 0.6858994 1.07303 -0.2191082 0.7514737 1.103408 -0.2006551 0.7944372 1.127792 -0.1844826 0.805684 1.144521 -0.167199 0.8029025 1.138988 -0.1822399 0.8078815 1.126998 -0.1313134 0.8678258 1.187129 -0.1499684 0.837714 1.150499 -0.134275 0.8824637 1.200932 -0.1283608 0.9074681 1.195641 -0.104285 0.9096021 1.198623 -0.1043676 0.921947 1.212934 -0.0935226 0.9078066 1.212707 -0.01989924 0.9327327 1.211379 -0.01678818 0.9251186 1.195714 -0.02668744 0.9406974 1.196665 0.004436492 0.9692468 1.224276 0.01494252 0.970434 1.20958 -0.001356244 0.9773898 1.209304 0.01898193 1.095911 1.278043 0.03472644 1.094455 1.270565 0.02174061 1.102763 1.262338 0.01538145 1.100793 1.270458 0.03365874 1.125762 1.29521 0.01324588 1.135636 1.308609 0.03733444 1.118923 1.273589 0.01105517 1.146642 1.299156 0.02004635 1.154228 1.315993 -0.03561741 1.158343 1.374784 -0.02881509 1.175025 1.372865 -0.04329955 1.169742 1.363086 -0.07267212 1.215521 1.458404 -0.07978522 1.225133 1.448898 -0.08884131 1.208678 1.453285 -0.4611604 0.5953313 1.354377 -0.4742715 0.6059883 1.350579 -0.4684281 0.5968285 1.338887 -0.5331776 0.5252861 1.361869 -0.5202189 0.5246399 1.36942 -0.5262082 0.5327864 1.379313 -0.5348367 0.5371253 1.369848 -0.5955295 0.4904087 1.409962 -0.6148159 0.483806 1.398899 -0.5996055 0.4750021 1.398304 -0.6337592 0.4269552 1.411497 -0.6281344 0.4071879 1.406764 -0.6466312 0.4089273 1.396814 -0.6361503 0.4007893 1.393057 -0.6875833 0.3248817 1.411393 -0.6839143 0.3429675 1.417395 -0.6904556 0.3494639 1.407742 -0.6838512 0.3425016 1.397936 -0.733343 0.3358127 1.413654 -0.7319714 0.3267765 1.398666 -0.7472509 0.3237107 1.411252 -0.7957456 0.3794001 1.400815 -0.7990783 0.3697564 1.388649 -0.8036808 0.3639394 1.404136 -0.1131023 0.8999274 1.208586 -0.1020089 0.9065267 1.210244 -0.1039152 0.9160662 1.201571 -0.1177141 0.9100529 1.197763 -0.1795307 1.002006 1.330692 -0.2057004 1.011355 1.341698 -0.1897471 0.997275 1.332625 -0.1836751 1.012161 1.32041 -0.1982409 1.008175 1.321948 -0.1806975 1.026722 1.367041 -0.1926124 1.038118 1.374347 -0.1886256 1.022358 1.385116 -0.1378198 1.04664 1.434457 -0.1246582 1.029663 1.439845 -0.1261292 1.040486 1.428637 -0.1070038 1.057756 1.497874 -0.05319702 1.107102 1.61253 -0.06438499 1.120086 1.610523 -0.07340651 1.081331 1.531124 -0.05445259 1.12492 1.604789 -0.007557153 0.9528114 1.206378 -0.01212853 0.9355231 1.210465 -0.01217281 0.9426176 1.193764 0.06117808 0.9092316 1.189042 0.1082773 0.911725 1.179623 0.1107575 0.9016178 1.196473 0.06655418 0.9264139 1.199352 0.1526626 0.9184619 1.191895 0.1531559 0.9005745 1.181 0.2860653 0.946196 1.201499 0.2875915 0.9356585 1.20129 0.2430899 0.918292 1.182207 0.2893195 0.9477671 1.184486 0.2806542 0.9490941 1.192522 0.3153395 0.9477748 1.192549 0.385805 1.00355 1.215549 0.3838306 1.010235 1.198799 0.3759482 1.018417 1.211252 -0.6017959 0.4740771 1.407375 -0.5994552 0.4884834 1.399695 -0.6116871 0.4756812 1.39704 -0.7007457 0.5576777 1.519834 -0.7012253 0.5554864 1.497764 -0.7188335 0.5551203 1.538257 -0.7296538 0.5629511 1.528774 -0.7818816 0.5942991 1.613152 -0.7775001 0.6065737 1.61017 -0.7645084 0.6055665 1.618829 -0.1949437 1.012698 1.360739 -0.1895169 1.029714 1.356694 -0.1957961 1.020223 1.344239 -0.2934378 1.05601 1.386518 -0.2886396 1.063155 1.369742 -0.2956081 1.046523 1.3702 -0.3683886 1.102248 1.401664 -0.3805041 1.125798 1.413023 -0.3635843 1.120223 1.39192 -0.3970699 1.119724 1.40127 -0.4097624 1.110369 1.426063 -0.4135319 1.13031 1.421302 -0.4637026 1.102821 1.48022 -0.4710912 1.117947 1.472676 -0.4726994 1.099387 1.468168 0.01756548 1.138212 1.295602 0.02841943 1.124033 1.299721 0.02483415 1.129826 1.2829 0.1006407 1.193834 1.305323 0.112154 1.183772 1.29682 0.1019816 1.194846 1.288069 0.1092761 1.188552 1.305769 0.1090824 1.188102 1.288428 0.0975598 1.19819 1.296827 0.1602897 1.272784 1.322423 0.1696238 1.268888 1.306039 0.1548504 1.279124 1.309602 -0.7062 0.328203 1.413251 -0.7219084 0.3342154 1.413484 -0.7163908 0.3250551 1.39998 -0.747446 0.2422288 1.465641 -0.7575918 0.2390517 1.452347 -0.7420465 0.2330198 1.45196 -0.3827944 1.117197 1.41616 -0.3740054 1.116402 1.401458 -0.3915596 1.116711 1.401189 -0.3810235 1.214052 1.412219 -0.3725878 1.213228 1.396692 -0.3895812 1.213557 1.397132 -0.711604 0.1868196 1.377285 -0.7178069 0.1695941 1.377289 -0.7072465 0.1750888 1.3641 -0.63151 0.1539517 1.435937 -0.5931929 0.1251074 1.453284 -0.5894098 0.1428482 1.4522 -0.5722776 0.121085 1.48848 -0.5543213 0.0989921 1.493014 -0.5456827 0.1011069 1.52077 -0.5502734 0.1175546 1.497326 -0.5324988 0.1095918 1.508563 -0.5393143 0.1217 1.522609 -0.5067225 0.1951641 1.625938 -0.5193226 0.148706 1.578943 -0.5207618 0.1137706 1.53774 -0.5016894 0.1499782 1.57904 -0.5078024 0.1569982 1.565405 -0.5079655 0.18304 1.634489 -0.4923402 0.1902217 1.626474 -0.9034531 0.2334915 1.520262 -0.9170177 0.2268848 1.512456 -0.9035108 0.219001 1.510814 -0.9217821 0.1980766 1.551948 -0.9143676 0.1888841 1.576535 -0.9161931 0.2125212 1.563712 -0.9324097 0.1932435 1.578477 -0.9231274 0.1785446 1.591008 -0.9269804 0.1725373 1.572661 -0.9177663 0.1181648 1.591933 -0.9346226 0.1194223 1.592896 -0.9256221 0.1160026 1.57849 -0.5375801 0.1120579 1.515839 -0.5544707 0.1070422 1.511835 -0.5435658 0.1084548 1.499418 -0.526124 0.03149807 1.52703 -0.5254153 0.0289402 1.510215 -0.5107225 0.03109925 1.519016 -0.5165873 0.03196394 1.527478 -0.5311729 0.0298106 1.518598 -0.5158247 0.02940636 1.510604 -0.5460984 -0.04792284 1.535743 -0.5348955 -0.05183643 1.524168 -0.5288369 -0.04968869 1.540811 -0.9276257 0.1812285 1.57637 -0.913523 0.1890764 1.576513 -0.9261039 0.1948456 1.56858 -0.948015 0.2174609 1.636328 -0.9346243 0.2255153 1.636096 -0.9470828 0.2314549 1.628102 -0.3034304 0.2376171 1.533138 -0.2913334 0.2305295 1.531142 -0.2867553 0.2413886 1.523288 -0.2988523 0.2484761 1.525285 -0.2580317 0.2799893 1.623771 -0.2435023 0.2837104 1.61496 -0.256609 0.2956838 1.614872</float_array>
          <technique_common>
            <accessor source="#tree-mesh-positions-array" count="3918" stride="3">
              <param name="X" type="float"/>
              <param name="Y" type="float"/>
              <param name="Z" type="float"/>
            </accessor>
          </technique_common>
        </source>
        <source id="tree-mesh-normals">
          <float_array id="tree-mesh-normals-array" count="11754">-0.5826337 -0.8123426 0.02524977 -0.997513 -0.02171289 -0.06705546 -0.4829203 -0.8752862 0.02573341 0.5352343 0.8445581 0.01568102 0.999487 0.03069722 -0.009147167 0.9942243 -0.01439243 0.1063541 0.477407 -0.8786821 -7.25588e-4 0.5127518 -0.8511804 0.1121499 -0.5223702 0.8509669 0.05463445 0.4189223 0.9065843 0.05107975 -0.9984056 0.02778685 0.04913449 0.4250993 -0.8379194 -0.3423184 0.9481559 0.06094771 -0.3119068 -0.5345644 -0.8449948 0.01500105 -0.6763293 -0.1952238 0.7102581 -0.795825 -0.1088248 0.5956676 0.3153647 0.07884216 0.9456897 0.4912376 0.8653754 0.09905117 -0.3145667 0.7234856 0.6145051 0.3050395 -0.7428442 -0.5959308 -0.4559176 -0.8899869 0.007909536 0.736766 0.3071535 0.602356 0.8209121 0.1280335 -0.5565167 0.8752603 -0.07034873 0.4785086 -0.2984378 -0.9303129 0.2131964 -0.7289554 -0.1654622 0.6642637 0.9268486 0.1354853 -0.3501364 0.7001243 -0.7092735 0.08220249 0.9202263 -0.008361339 -0.3912975 0.1836172 0.8129847 -0.5525764 0.7773895 -0.5805367 0.2421628 -0.803029 -0.08958607 0.589168 -0.2179622 -0.5613865 0.7983343 0.9159754 0.1917275 -0.3524624 -0.7226852 0.6855918 -0.08769333 0.1565943 0.8243599 -0.5439754 -0.04856997 -0.6189742 0.7839082 -0.07501125 -0.710034 0.7001608 0.8114469 -0.4767107 0.3380845 -0.6613277 -0.5023562 -0.5570314 -0.9747634 0.2161334 0.05588179 -0.9645289 0.2638604 0.007859528 0.3001139 -0.7672045 -0.5668588 0.3137419 -0.7324135 -0.6042653 0.272279 -0.8529548 -0.4453453 -0.6529098 -0.6733875 -0.3467826 0.8583121 -0.477591 0.187636 0.9508625 -0.3074213 0.03678172 -0.2670284 0.8471215 0.4594357 0.7512377 0.3997551 0.5252026 0.6313058 0.4168316 0.6539912 -0.6861599 -0.5908029 -0.424425 -0.9799046 0.176605 -0.09272354 -0.830125 0.4663137 -0.3056862 0.3189 -0.9232927 -0.2140876 -0.4297303 -0.5016581 -0.7507804 0.3732658 -0.8944546 -0.2462189 0.6907301 -0.4539248 0.5628892 0.7711753 -0.3762632 0.5135316 -0.7138313 -0.6266219 -0.312714 -0.8164605 0.3396158 -0.4669619 -0.461601 -0.5249961 -0.7150551 -0.3998361 0.8956865 0.1946196 0.3797725 0.4608135 0.802137 -0.3984843 0.8750692 0.2747077 0.5468018 0.6752884 0.4949682 -0.9586195 0.245787 -0.1436573 0.09633457 -0.9930565 -0.06751728 0.8425725 -0.4314304 0.3223966 -0.9470292 0.256968 0.1926224 -0.7098643 -0.6999 0.07894772 0.9538738 0.2074619 0.2169893 -0.04704511 0.9988599 0.008103191 0.5528092 0.5218926 0.6496384 0.5838037 0.5236654 0.6204417 0.5980193 -0.4714198 0.6481794 0.62353 -0.4751542 0.6208373 -0.6937194 0.4717535 -0.5442444 -0.1034505 0.9931645 0.05405825 -0.6467912 -0.5192352 -0.5586197 -0.5992543 -0.5247431 -0.6045982 0.646171 0.429116 0.6311279 0.1369493 0.9778222 -0.1584572 0.007421612 -0.9993205 0.03610444 -0.7617679 -0.5473557 -0.346571 -0.07217741 -0.987052 0.1432437 0.3895961 -0.449212 0.8040047 -0.540809 0.4243553 -0.7262563 -0.6658548 0.3603445 -0.6532911 -0.387959 -0.8125145 0.4350954 -0.9676455 -0.1642223 -0.191555 0.9412097 0.1436317 0.3057684 -0.654834 -0.368023 0.6601148 0.4265801 0.5645217 -0.7066433 0.2136443 -0.3104646 0.9262655 -0.5005227 -0.02638065 0.8653214 -0.9019815 0.4214764 0.09373843 -0.9343913 0.3467916 0.08153861 0.495999 -0.3174344 0.8082206 0.621609 0.2035194 -0.7564272 -0.3349857 0.5068706 -0.7942712 0.5758824 0.2688369 -0.7720661 -0.532904 -0.05213487 0.8445681 -0.9324468 0.3610891 -0.01256114 -0.2743479 -0.7033417 0.6557773 -0.9407466 -0.3389816 0.009349703 -0.2598192 -0.7388904 0.6217193 0.6623957 -0.3590002 0.6575338 0.6777356 -0.3923938 0.6218534 -0.7012373 0.453301 -0.5502586 0.2350637 0.7968502 -0.5565744 0.2541522 0.7558548 -0.603399 -0.9558123 -0.2887321 0.05528628 -0.2988139 0.1542051 0.9417701 0.8175848 0.5510044 0.1671805 0.9203796 0.3886982 0.04260516 -0.7191765 0.6109016 -0.3310353 0.122712 0.9586759 -0.2566757 0.7964487 -0.408887 0.4455119 0.8938938 0.3727461 0.2490268 -0.8747457 -0.4577709 -0.1589522 -0.7670344 0.6397304 -0.04902523 -0.9791077 -0.1977627 -0.04731005 -0.8376441 0.5432533 -0.056818 0.09321069 0.9833498 0.1559966 0.7924916 -0.602258 0.09613728 -0.03057509 -0.2548506 -0.966497 0.1512675 0.9841347 0.09272056 -0.1446457 -0.9877143 -0.05914497 -0.8812792 -0.4347794 -0.1852407 0.7549614 -0.6148088 0.2281306 0.04015791 -0.6446105 0.7634557 -0.0789535 -0.7362955 0.6720382 -0.7986538 -0.05220878 0.5995219 -0.8330942 -0.1789674 0.5233783 0.8832614 0.0762605 -0.4626379 0.8368853 -0.4965904 0.2302631 -0.7546404 0.6375265 -0.1551709 0.09855812 0.7713423 -0.6287426 0.03798997 0.715123 -0.6979656 0.1998904 0.8006163 -0.5648517 0.8335705 0.0187788 -0.5520939 0.7967513 -0.008361339 -0.6042495 -0.5870735 0.8085392 0.04011511 -0.613477 0.7896671 0.008487462 -0.7258263 0.11361 0.6784313 -0.7643125 0.04039549 0.6435796 -0.127243 -0.7420726 0.6581318 0.3793231 0.8928305 -0.242833 0.8455043 0.1544656 -0.5111388 0.5304739 -0.8090691 -0.2529918 -0.3855836 -0.775081 0.5005746 -0.6898363 0.003265142 0.7239581 0.405462 0.8547816 -0.3239585 -0.4545566 -0.863071 0.2201971 0.7279814 -0.1406262 -0.6710197 0.3625179 -0.8938193 -0.2639468 -0.2482445 0.7486624 0.6147189 -0.107389 0.7995255 0.590954 -0.5091353 -0.1300309 0.8508074 -0.4129438 0.05526 0.9090785 -0.4702359 0.8311975 0.2966298 0.6429767 -0.7448772 -0.1781543 0.04276376 -0.8240255 0.5649367 0.3134282 -0.5847129 0.748247 0.3478166 -0.07070195 -0.9348931 0.5200834 -0.802288 -0.2929971 0.5237253 -0.5458067 0.6540695 -0.3003886 0.921117 0.247609 -0.1930003 0.7724783 -0.6050026 -0.4413073 0.819847 0.3648271 -0.3192058 0.639327 -0.6995489 0.07604277 -0.2441248 -0.9667578 -0.9476613 -0.2914828 0.1302912 -0.859209 -0.2478476 0.4475842 0.5920194 0.5507302 0.5883957 0.1809517 0.437752 0.8806984 0.7837074 0.0322389 -0.620293 0.3684783 -0.1460487 -0.9180924 0.4882826 0.8285062 -0.274149 -0.04795998 -0.7376331 -0.6734964 -0.3163453 -0.5321347 -0.7853397 -0.2339389 -0.9505746 0.2041583 -0.8531208 -0.2434689 0.4614195 -0.1017588 -0.2748294 0.9560932 0.2416978 -0.7474377 -0.6188045 0.3884097 -0.3623672 0.8472473 -0.2367289 0.9564102 -0.1709937 -0.1169112 -0.5484441 -0.827974 0.02984499 0.9964779 0.07836633 0.7517799 -0.05244892 -0.6573252 0.09085941 -0.1000628 -0.990824 0.7151744 0.2799522 0.6404315 -0.474475 0.08840721 0.8758184 -0.9201459 -0.05761235 0.3873144 -0.7934109 -0.372071 -0.4817286 0.0301069 0.2974333 0.9542679 0.9804215 -0.1661818 -0.1056288 -0.4343374 -0.2407644 -0.8679767 -0.6612934 0.3381286 -0.669597 0.4507478 0.4028185 0.7965951 0.07216191 -0.8365453 -0.543125 -0.5191377 0.8364381 0.1756917 0.9063182 0.0256657 0.4218159 -0.396579 -0.8271183 -0.3982465 -0.9185069 0.08896023 -0.3852678 -0.2518256 0.694916 0.6735545 0.343616 0.5504901 0.7608475 -0.5549297 -0.5390282 -0.6336416 -0.9196652 0.3836216 -0.08396691 0.9437488 -0.133601 0.3024715 0.25651 -0.7439232 -0.6170744 0.6384813 -0.6244621 -0.4498764 -0.9164116 -0.100934 -0.3873011 0.4154419 0.8318266 0.3680659 0.3891696 -0.9191815 -0.06043529 0.3414289 0.6700565 0.6591287 0.723572 -0.6877667 -0.05848592 -0.9976566 0.032826 -0.06003236 0.4981326 0.8293458 -0.25308 0.5310549 -0.8142663 0.234417 0.353425 -0.9235745 0.1486643 -0.9996407 -0.01261931 0.0236507 0.1266269 0.1734468 -0.9766687 0.9541152 -0.2936125 0.0587871 0.7824882 -0.01559323 0.6224702 -0.02931648 -0.1525899 0.9878547 -0.8886952 -0.2588231 0.3784592 -0.969046 0.2185928 0.114748 -0.1733897 0.1748963 -0.9691994 -0.08179134 0.05451774 0.9951574 -0.8558023 -0.0888819 -0.5096101 0.9027295 -0.4265746 0.05580079 -0.4830732 -0.526445 -0.6996399 0.7973242 -0.4388573 -0.4143412 0.5923294 0.4288803 0.6820613 -0.7491797 0.5148397 0.4167374 -0.01636105 -0.4441156 -0.8958201 0.9664329 0.01747792 -0.2563244 -0.008346498 -0.4302626 0.9026652 0.8113859 0.1873283 -0.5536796 -0.06262958 -0.3870406 0.9199332 -0.820703 -0.04457348 0.5696137 -0.8604438 0.3097897 -0.4045576 0.0925188 0.6924022 -0.7155554 -0.9741708 0.1631537 -0.156116 -0.1105546 0.955441 -0.2736975 0.9508969 0.133481 0.2792455 -0.9218275 0.2162976 -0.3216356 -0.7729237 -0.6325177 -0.05010461 0.2208891 -0.9048898 0.3638442 0.6800202 0.7328618 -0.02204871 -0.6415138 -0.46795 0.6078511 -0.9627623 0.2681373 0.03451311 -0.963977 0.2653906 0.01778811 0.6524485 0.5007987 -0.568781 0.9704517 -0.24113 0.008938312 0.644204 0.4928603 -0.5848847 0.3504413 -0.6794315 0.6446424 -0.6570416 -0.4197451 0.6261872 0.9777492 -0.1804389 0.1069967 -0.3320856 0.7389913 -0.5861834 -0.3237838 0.7458223 -0.5821626 -0.5461897 -0.2176943 0.8088795 0.4720969 0.4149433 -0.7777833 -0.3644926 0.7660727 -0.5294127 0.8859809 -0.4625213 -0.03334766 0.246985 -0.5184026 0.8186925 -0.2101828 0.1851468 0.9599708 -0.2807174 0.9501765 -0.1355074 -0.7851363 0.5158499 0.3427245 0.635297 -0.2051743 -0.7445141 0.8774408 -0.3284543 -0.3495934 0.183633 -0.5845146 -0.7903302 0.7310212 0.4934118 0.4713308 0.5961131 0.6099023 0.5221767 -0.9277192 0.2481179 0.2788811 -0.4225221 -0.6658779 -0.6148836 -0.8830026 0.1599398 0.4412774 -0.3538119 -0.8445981 -0.4018348 0.4200059 0.8995808 -0.11979 0.4980044 -0.2276189 -0.8367683 -0.5248477 -0.7613538 0.380625 -0.6062243 -0.1859772 0.7732429 -0.1318963 0.8154778 0.5635597 -0.5992009 0.03443133 -0.7998581 0.7478111 0.2953796 0.5945835 0.6755673 0.5621055 0.4771229 -0.3278043 -0.8842512 0.3326321 -0.7496027 -0.5035483 -0.4295754 -0.1031074 0.5029759 -0.8581283 -0.2970035 -0.8857777 0.3566328 -0.5134019 -0.7891208 0.3372046 0.670826 0.3414499 0.6583346 0.2179023 -0.06814992 0.9735884 0.3485704 0.8709254 -0.3463926 -0.5244022 -0.7260253 -0.4448478 -0.1199617 -0.2156015 0.9690847 0.2538936 0.9362497 -0.242847 -0.1993066 -0.0133447 0.9798464 -0.03374701 -0.7163947 -0.6968786 0.2758255 0.8687972 -0.4112322 0.3920103 -0.1372081 0.9096714 -0.2831432 -0.9062256 -0.313983 0.4412461 0.1329357 0.8874852 -0.09448212 0.8776217 -0.4699504 -0.4332031 -0.7655995 -0.475597 -0.1011619 0.8072878 -0.5814231 -0.2098899 -0.7770307 0.5934388 -0.1838729 -0.9314534 -0.3139833 0.1959197 0.0453549 0.9795705 -0.08998215 0.9459335 0.3116297 0.06266564 -0.2146515 -0.9746783 -0.1974911 -0.8795364 -0.4329123 -0.1590073 0.6127171 0.7741412 -0.05572515 -0.8117157 -0.5813884 0.3963404 0.9162795 -0.05784672 0.6689695 0.5141154 -0.5368104 -0.4252447 -0.8979378 0.1134673 0.4440701 -0.5511477 -0.7064262 0.6382085 0.03512406 -0.7690621 0.8175398 -0.05786389 -0.5729576 0.1982628 -0.805342 0.5586737 0.7720292 0.06009829 -0.6327394 0.09684908 -0.7788373 0.6197038 -0.6201829 0.761725 -0.1874787 -0.698727 0.7068983 -0.1098884 0.7746017 0.06940978 0.6286291 0.7459421 -0.6659343 0.01009732 0.7746936 0.119678 0.6209083 -0.7870716 -0.131514 -0.6026793 -0.7968864 0.6041184 0.003639578 -0.7570998 0.6532407 0.008742392 0.02379643 0.7839438 0.6203756 0.0250582 0.7835177 0.620864 -0.07556384 -0.8358066 -0.5437991 -0.8201177 -0.1361411 -0.5557633 0.7301998 -0.6807779 0.05787599 0.6617951 -0.7460485 0.07374852 -0.8219796 -0.2475581 -0.5128983 -0.1159464 -0.8755961 -0.4689221 -0.9508275 0.06352102 -0.3031374 -0.8762141 -0.129332 -0.4642436 0.2929459 0.3464119 0.8911686 0.1548647 0.4543162 0.8772763 0.3434046 -0.4622001 -0.8175845 -0.9630526 -0.008393347 -0.2691827 0.3155092 0.4425588 0.8394021 0.6955378 -0.4515008 -0.5589045 0.7421236 -0.3375702 -0.5790501 -0.7227476 0.1937091 -0.66341 -0.558797 0.3304391 0.7606288 -0.760675 0.2115529 -0.6136928 0.5955754 -0.3700135 -0.7130078 -0.3125399 0.8433215 0.4371818 0.3173632 0.3647382 0.8753552 0.7240527 -0.5820383 0.3701071 0.1851564 -0.7700886 -0.6104758 -0.388764 -0.3412703 -0.8558021 0.9753542 -0.1784136 0.1298182 -0.7889965 0.3939093 -0.4715085 -0.5385072 0.6514509 0.5344359 -0.6232594 -0.4416444 -0.6453665 -0.3287538 0.5930787 0.7349684 -0.6766348 -0.6049695 -0.4197348 -0.4203108 0.4928546 0.7618618 0.9336529 0.1228633 -0.3364476 -0.5243617 -0.6975047 -0.4883975 -0.01449716 -0.0563324 0.9983068 0.2539722 -0.8015821 -0.5412619 0.3217393 -0.8707005 -0.3719739 -0.3438897 0.8244456 -0.4494769 -0.04319441 0.1304494 0.9905136 0.5771996 -0.8165965 -0.003275454 -0.4518734 -0.8593052 0.2395936 -0.9990983 0.01322495 0.04034453 0.9982045 0.05847829 -0.01297193 0.3630117 0.9122532 -0.1897804 -0.5264633 0.8501561 -0.008444726 -0.8675962 0.3972443 0.2991221 0.7733612 0.6180665 -0.1410896 -0.9022046 0.3136329 0.2960765 0.08259546 -0.9860123 -0.1447686 0.1115287 -0.9817383 -0.1541148 -0.6091378 -0.1305513 0.7822453 -0.09678429 -0.5598457 0.822925 0.8255255 -0.5588446 -0.07874387 -0.7498759 0.6510366 -0.1176334 -0.2926296 0.7110102 -0.6394 0.7254936 -0.03995478 -0.6870682 0.6809928 -0.5403625 -0.4942238 -0.0993067 -0.1365135 -0.9856482 0.7451632 -0.3314374 0.5786892 0.1004737 0.1329946 0.986011 -0.7000822 0.5381729 0.4693132 -0.7902767 0.3737257 -0.4855841 -0.3546249 -0.8494914 0.3906478 -0.84131 -0.4172883 -0.3436102 0.648227 -0.3963239 0.6501762 0.8337084 0.4114661 0.3682744 0.2250152 0.8675189 -0.443598 -0.5511586 0.5177651 -0.6543269 -0.9954768 -0.04789054 0.08205187 -0.9965707 -0.03662943 0.07419884 0.5587022 -0.7289932 0.3955006 0.4338086 0.7681174 -0.4709626 0.318807 0.8109377 -0.490655 -0.1022953 -0.9555397 0.2765496 -0.6733525 -0.722077 0.1587488 -0.8576696 0.4579928 -0.2337636 0.972116 -0.1702252 0.1612881 0.9131798 0.4059908 -0.03569597 -0.3061329 0.9045163 -0.2968719 0.2126409 -0.239307 0.9473733 0.2029716 -0.8341317 0.5128615 -0.073394 -0.6156235 -0.7846153 -0.1481196 0.9800994 -0.1321576 -0.01641547 0.8747531 0.4842911 -0.1857883 -0.03252822 -0.9820513 0.6584668 -0.7520862 -0.02807223 -0.09287208 -0.8301879 0.5496937 0.7717284 -0.6345394 0.04236954 -0.5993437 0.7695805 -0.220302 -0.04166042 0.9300005 -0.3651898 0.7138117 0.3750335 -0.5914583 -0.806808 -0.07716149 0.5857533 -0.6381125 0.7298623 0.2451803 -0.3029772 -0.5781043 0.7576282 0.8285675 0.04907006 -0.557735 0.2622305 -0.9258565 -0.2720754 0.3788185 0.001402854 -0.9254699 -0.1363441 0.9198974 0.3676945 0.1126633 0.6795314 -0.7249442 -0.03836208 -0.8238156 0.5655584 -0.3562526 0.219318 0.9082862 0.2679459 -0.9040264 -0.3330786 0.517672 -0.2330775 -0.8232197 0.02773761 0.6989166 -0.7146651 0.7739253 0.1712282 -0.6096891 0.08195233 -0.7011368 0.7083015 -0.681472 -0.06041365 0.7293465 0.1514834 -0.751609 0.6419788 0.8185366 -0.5263397 0.2301402 0.7980852 -0.593678 -0.1029874 -0.8119514 0.5668012 -0.1395397 -0.6990833 0.7119827 0.06605583 -0.7981277 -0.1517911 0.5830539 0.02978181 -0.8259631 0.562937 -0.7493951 0.6620183 -0.01178532 0.7897192 0.293854 -0.5385104 0.8642557 -0.5028386 -0.01468038 0.771775 0.221913 -0.5959179 -0.8193883 -0.2458856 0.5178254 0.8085728 -0.5877918 -0.02666461 -0.06222951 -0.8771365 0.4761922 -0.4315963 0.8948087 -0.1142017 0.9556744 -0.2177311 -0.1981911 0.08723288 0.9041324 -0.4182527 -0.8007606 0.3161726 -0.5087411 -0.2851306 0.9584533 -0.008233726 -0.2433443 0.9697935 0.01686066 -0.5888068 -0.6542318 -0.4746445 -0.8337175 0.2967045 -0.4657055 0.1826529 -0.9831602 -0.005826652 0.2413473 -0.9702817 0.01746785 -0.8794918 0.2798375 -0.3849483 -0.2643454 0.9643722 -0.01038408 0.2049314 -0.9784549 0.0250861 -0.6306781 -0.6832571 -0.3679742 0.8862513 -0.2999137 0.3530024 0.834181 -0.3293118 0.4423754 -0.9136658 0.2943188 -0.2803416 -0.701476 -0.6672065 -0.2505332 -0.2525586 0.9675669 -0.005354762 0.197885 -0.979844 0.02733755 0.9098625 -0.296851 0.2898789 0.6959617 0.6583271 0.28678 0.5621675 0.7342331 0.3806174 -0.2792969 0.9584085 -0.05870544 -0.8586573 0.4439309 -0.25619 -0.7278296 0.6857581 9.65199e-5 -0.02517217 -0.9963371 -0.08172327 -0.788121 -0.5939658 -0.1614618 0.3720158 -0.9212086 0.1139258 0.8854569 -0.07741934 -0.4582275 0.9416795 -0.2817699 0.1839711 -0.9517423 -0.2247845 0.2089464 -0.3607559 -0.9279611 -0.09350574 -0.6767441 -0.04285603 0.7349699 -0.4006888 0.7642066 0.5054077 0.55933 -0.485008 -0.6722479 0.0498054 -0.7725397 -0.6330103 0.6580153 -0.0715292 -0.7495996 -0.6009969 0.1104573 0.7915821 0.3630028 0.7748063 0.5175946 0.05187565 0.8101313 0.5839489 0.7290292 0.6689517 -0.1449828 -0.8434692 -0.4565737 0.2830198 0.609946 0.08872437 -0.7874605 -0.4749999 -0.6245293 -0.6199502 0.9172728 0.3112572 -0.2484546 -0.688132 -0.6314421 -0.3574288 -0.6978819 -0.2802131 0.6591219 -0.427756 0.4923008 0.7580665 0.4079018 0.6702235 0.6200134 -0.04164034 0.2173209 0.9752116 -0.3242651 -0.9357123 -0.1389052 0.03712815 0.4886187 0.8717072 0.2957017 0.6458402 -0.7038828 -4.48909e-4 -0.2048323 -0.978797 -0.3561859 -0.9271816 0.1160429 -0.3265919 -0.263897 0.9075772 -0.04502505 -0.6803988 -0.7314576 0.3426434 0.9335053 0.1056571 0.2906789 0.8818775 -0.3712114 -0.2209531 -0.8907752 -0.3971138 0.4103432 -0.0422762 -0.9109507 0.3333008 0.3732112 -0.8658083 0.4937234 0.8503728 -0.1819433 -0.4990468 0.0355758 0.8658446 0.09731358 0.8300659 0.5491092 -0.476629 -0.2272805 0.8492164 -0.1277231 -0.9235246 -0.3616479 0.5853431 -0.3334897 -0.7390251 0.5356063 0.8010564 0.2672724 0.886597 0.316751 -0.3370674 0.5333135 0.7375018 -0.4143285 -0.6435812 -0.6575746 -0.3916618 -0.09886008 0.05879402 0.993363 -0.006243228 0.1632607 0.9865632 -0.3396453 -0.202603 -0.9184733 -0.8926823 -0.4505891 0.009381771 0.8032336 0.3977044 -0.4434491 0.01291787 -0.2374197 -0.9713213 -0.6653071 -0.4076008 0.6254823 0.7884461 0.5070756 0.3481769 0.7607188 -0.5616714 -0.3253184 -0.1384595 0.3486492 0.9269698 -0.06609016 0.3367643 0.9392667 -0.3445945 0.3296937 0.878952 -0.9077841 0.4184353 -0.02898442 -0.5468128 -0.0239433 -0.8369126 0.4762035 -0.4084104 -0.7787368 -0.8208779 0.1104456 -0.5603225 -0.9237516 0.3703935 -0.09742522 0.8652594 -0.4059774 -0.2941235 0.5097809 -0.145291 0.847947 -0.5109931 0.1847012 0.8395068 -0.05288428 -0.06433439 0.9965263 -0.8145744 0.1941624 -0.5465981 -0.4356798 0.08646482 -0.8959391 -0.6830317 0.1029667 -0.7230945 0.8131521 0.152404 -0.5617446 0.7510853 0.6185013 -0.2309269 0.2626404 -0.4152047 0.8709909 -0.7216138 -0.6657178 0.1899826 0.407608 -0.4021681 0.8198271 -0.5329197 -0.6189503 0.5769726 -0.9382458 -0.1504552 -0.3115412 -0.5809403 0.2246485 -0.7823308 0.5822268 -0.405287 0.7048081 0.2110599 0.642066 -0.7370244 0.9644008 0.2491407 0.08865654 0.7232864 0.6515096 -0.2288931 -0.5565959 0.447274 -0.7001051 -0.9421547 0.115406 -0.3146844 0.7804791 0.5406686 -0.3138949 0.2146841 -0.5779835 0.7873029 0.8564105 -0.05267041 0.5136021 0.5481408 -0.8316269 -0.08909791 0.5715367 -0.8200125 0.03042262 0.2622341 0.8711239 0.4151825 0.3434579 0.7696831 0.538168 0.9490148 0.04364031 0.3121963 -0.3800758 0.7771551 0.5015699 0.2991053 0.9370894 0.1799986 -0.6632738 0.6199194 0.419247 0.5798973 -0.7067858 -0.4051828 -0.2738443 -0.9519296 -0.1372567 -0.4499356 -0.8871631 -0.102468 0.3456019 0.9125983 0.2184578 0.6537794 -0.5305156 -0.5395608 -0.9199888 -0.2376173 0.3117027 -0.5115898 0.7086749 0.4858559 0.4136984 0.9092274 0.04646903 -0.375248 -0.8964454 -0.2357429 -0.7364229 -0.560684 0.3785694 0.3613438 -0.9108101 -0.199639 -0.6912682 0.7199007 -0.06238138 0.9322589 -0.2114039 -0.2936014 0.7752752 -0.6277337 0.06999123 -0.1702662 -0.8056191 0.5674395 -0.8906931 -0.03914028 0.452917 0.7850149 0.2647846 -0.5600364 0.7802259 -0.619435 0.08687901 -0.07459658 -0.8570381 0.5098248 0.5281455 0.6864852 -0.4998004 0.5615285 -0.8093508 0.1721548 -0.8502241 0.1741738 0.4967719 -0.6854279 0.7281376 -0.002067863 0.5150641 0.6935771 -0.5036466 0.4820268 0.5846543 -0.6525563 -0.5504401 0.2630344 0.7923565 -0.2514058 0.8194143 0.5151265 -0.6316367 -0.4882668 0.6021882 -0.3959588 0.7883412 0.4708876 0.710574 0.3940412 -0.5829375 0.4926971 -0.6238968 -0.6066321 0.08824127 -0.9878101 -0.1282365 0.2014493 -0.8579838 -0.4725274 0.2374437 0.9653738 -0.1080468 -0.7498387 -0.3768448 0.5438106 -0.7663956 0.3772476 0.519925 0.7665129 0.3958343 -0.5057403 0.6354326 -0.6337872 -0.4410662 0.3753354 0.9062325 -0.194592 -0.03050494 -0.9995312 0.00263375 0.1044031 -0.9945197 0.005552411 -0.7961501 -0.4274158 0.4283232 -0.5443648 0.8174396 0.1883067 0.671324 0.6643297 -0.3286186 -0.5435616 -0.7892377 0.2857353 0.9523917 -0.0907849 -0.2910467 0.7444965 -0.5707664 -0.346339 0.2196913 -0.7539339 -0.619128 0.1623467 -0.06251549 -0.9847514 0.1230598 0.9494314 -0.2888538 -0.3788927 -0.2806063 0.8818734 -0.1335442 -0.9910151 0.007423877 -0.106835 -0.0761379 0.9913574 0.2801218 0.8927833 0.3528029 -0.3553217 -0.7200094 -0.5960983 -0.8497449 -0.4882816 0.198783 -0.003508448 0.3226993 0.946495 0.2398812 -0.07462042 -0.9679301 0.733945 0.5301558 -0.42457 0.5461928 0.5710293 0.6128615 -0.7551825 -0.5979325 0.2686565 0.4023506 0.04788416 -0.9142326 -0.2008171 0.182377 0.9625025 0.3676843 0.927756 -0.06385183 -0.2545334 -0.06911784 0.9645909 -0.3896842 -0.920609 -0.02500802 0.3383429 0.8002472 -0.4951045 0.2632694 0.09792202 -0.9597398 -0.08604907 -0.8725293 -0.4809244 0.1649418 0.9830251 0.08034986 -0.1447978 0.03182494 0.9889494 0.08314824 0.1839656 -0.9794095 0.05360913 -0.9981237 -0.02958214 -0.2943166 0.906583 -0.3024651 0.2067418 -0.6587849 -0.7233673 0.4686916 -0.864973 0.1793038 0.0378254 0.1318032 0.990554 -0.2523892 -0.7172316 -0.6495218 -0.5024508 0.6603154 -0.5581458 0.2574502 0.350129 0.9006271 0.3377444 -0.8096622 0.4799749 -0.1923504 0.652878 -0.7326334 0.310211 0.7163731 -0.6249631 -0.6596823 -0.6868371 -0.3050806 -0.1560175 -0.7880393 0.5955272 0.6759667 0.6389468 0.367173 0.03952807 -0.04270458 0.9983055 -0.5502928 -0.5755541 0.6049094 0.03061014 -0.003275871 0.999526 -0.7081152 -0.6049305 -0.3641869 0.01411879 0.06404465 -0.9978471 0.4158743 -0.9051352 0.08819758 -0.8498823 -0.4786463 0.2204498 -0.9936191 0.1060866 0.03830081 0.5585847 0.7809205 -0.2795467 0.9941178 -1.94708e-4 -0.1083044 0.05052471 -0.9881353 0.1450383 -0.1203652 0.9878388 -0.09842234 -0.9990282 -0.03980034 0.01894038 0.9639672 0.2494046 0.09254455 0.9180095 -0.3862762 0.08971774 0.07715892 0.9364395 0.3422393 0.6751731 -0.02642941 0.7371858 0.4926894 -0.8700619 -0.01579749 0.08747988 0.7994881 0.5942778 0.0661633 -0.91688 -0.3936415 -0.6792774 0.02394747 -0.7334908 -0.6293022 -0.4538054 -0.6309038 -0.8062624 0.4355666 -0.4002784 0.7477204 -0.5260673 0.4051758 -0.2589798 0.9375711 0.2321423 0.647495 0.469963 0.5999044 0.8761931 -0.04265159 0.4800695 -0.5407737 0.8282972 -0.146587 -0.3774078 -0.7990337 -0.4680902 -0.7837394 -0.1458671 -0.6037179 0.5173934 -0.8260011 0.2236656 0.4886842 0.6865432 0.5383738 -0.2323101 -0.8550801 0.4635409 -0.3922738 -0.2050372 -0.8967056 0.1995269 -0.7372168 0.6455234 0.3185821 0.8341095 0.4502964 -0.164384 0.1381145 -0.9766792 0.2859005 0.8675955 0.406865 0.866661 -0.4976199 0.03568416 0.4220411 -0.7620835 0.4910297 -0.4416227 -0.6210153 0.647541 -0.6464399 -0.713234 0.2709479 0.5056784 0.8372339 0.208156 0.9610781 0.04048824 0.2732942 0.7141719 0.5685798 -0.4082593 -0.07295578 0.9163271 -0.3937284 -0.8503183 -0.02104467 -0.5258479 -0.9023517 0.3055474 -0.3039772 0.2700071 -0.9009869 0.3395861 -0.442049 0.8396585 -0.3155416 -0.5864334 -0.7996588 -0.1290028 0.496869 0.8615386 0.1042718 0.8244026 -0.1391063 0.5486437 0.2917718 -0.8989802 0.3266558 -0.9441287 0.04858601 -0.3259763 -0.6270786 -0.7777398 0.04351276 -0.421185 0.8659549 -0.2696765 0.9339331 -0.1340714 0.3313516 0.3299001 -0.9021728 0.2779396 0.5725688 0.8176189 -0.0605337 0.9844101 -0.09982526 0.1448163 -0.9885484 0.1070448 -0.1063654 -0.4025868 0.8989471 -0.1726788 -0.6470016 -0.7473492 0.151189 -0.9824609 0.1736236 0.06801098 -0.111029 -0.9634138 0.2439396 0.9894188 -0.136012 0.05051225 0.1927584 0.9745043 -0.1148284 0.4060426 0.9135369 0.0240795 0.9203754 0.3421838 -0.1892604 0.9942398 0.06751585 0.08323931 -0.5742372 -0.8111348 -0.1109595 -0.9317781 -0.3432237 -0.1182667 0.3508771 -0.9363613 -0.01063174 0.4912758 -0.7076258 -0.5078522 -0.7887404 -0.3778653 0.484878 -0.8567807 -0.174938 0.4851016 -0.411764 -0.8713502 -0.2668321 0.780879 0.1218554 -0.6126822 0.3387004 -0.455439 -0.8233211 0.8022112 0.3721368 -0.4668741 0.1590763 0.9826074 -0.09579956 0.7227233 0.4121367 -0.5548104 0.01587921 0.9667443 -0.2552517 -0.5791891 0.7560964 0.3047265 0.8420794 0.3762996 -0.3863948 -0.8361315 -0.3643993 0.4099969 -0.762004 -0.2655417 0.5906248 -0.6323066 0.658432 0.4082347 0.9589627 -0.1298602 -0.2520455 -0.1129445 -0.9901969 0.08218175 0.7642139 -0.5058075 -0.4001697 0.003416538 -0.979164 -0.2030426 -0.4377025 0.8881137 0.1402524 0.3849296 0.9220843 0.03987145 -0.6346726 -0.7498286 0.1869435 -0.9541772 0.06023734 0.2931168 0.5396584 -0.8234461 -0.1752296 0.299998 -0.7765492 0.5540513 0.9763375 -0.0873661 -0.1978191 0.994087 -0.1041218 0.03081762 -0.2711488 0.7729106 -0.5736618 -0.5840527 -0.2577716 0.769699 0.9062122 -0.4037327 0.1256167 0.624161 -0.3793929 0.6829965 -0.3019303 -0.3369934 0.8917812 -0.9673672 -0.07744985 -0.2412517 -0.4391649 0.4736628 -0.7633988 -0.9562746 0.275842 0.09721201 -0.4887898 -0.6298478 0.6036359 0.418514 0.848235 -0.3245664 0.8984719 0.3274329 0.2924656 0.6367228 0.4381339 -0.6345256 -0.4560942 0.5570942 -0.6939916 -0.3114227 0.5332932 -0.7865204 0.2364249 0.9330735 -0.2710664 0.846834 0.3670061 0.38494 0.5162452 -0.6363875 0.5731509 -0.3914154 -0.8930208 0.2220538 0.3985583 -0.6200264 0.6758096 -0.8539177 -0.2627066 -0.4492325 -0.5375393 0.6363982 -0.5532169 -0.885733 -0.2836022 -0.3674872 0.3495209 0.9299923 -0.1137964 0.8987334 0.1021621 0.4264283 0.5788823 0.6578057 -0.4818578 -0.4031306 -0.7192266 0.5658611 -0.7690894 -0.5414786 -0.3395621 -0.6080151 -0.4391719 0.6613968 0.8655962 0.4467822 0.2261175 0.5520472 0.09460449 0.8284286 0.3067631 -0.3379017 0.8897859 0.5277224 0.7339009 0.4276664 -0.5570692 0.2434601 -0.7939781 -0.2895104 0.2973521 -0.9098162 -0.5986582 -0.6912713 -0.4046635 0.04033786 -0.7687082 0.6383265 0.08002322 0.8887173 -0.4514176 0.7821171 0.3639118 0.5058271 -0.3844713 0.6446654 -0.6607485 -0.8012517 -0.5301155 0.2774409 0.5712003 0.2995529 0.7641978 0.2169672 -0.1851862 0.9584527 -0.9516816 -0.2793761 0.1274798 -0.1483303 0.0290662 -0.9885107 0.3215588 0.3056442 -0.8962041 0.9438173 -0.3303369 0.009294867 0.2197235 -0.8050184 0.55106 0.2214625 -0.7594481 0.6117132 -0.9042276 0.426083 -0.02873557 -0.2435166 0.8413667 -0.4824953 -0.2073182 0.8055028 -0.5551437 -0.7293904 -0.4574442 0.5086596 -0.7270916 -0.3729371 0.5764164 -0.9499639 0.1410941 -0.2786774 0.9438433 -0.2371057 0.2300887 0.2199525 -0.7843474 0.5800173 0.8694704 0.4154849 -0.2671962 0.7411732 0.4695701 -0.4797565 -0.0736652 0.6231248 -0.7786457 0.8300445 0.1777786 0.5286028 0.8496019 0.3025735 0.4320022 0.2173927 -0.3762318 0.900661 -0.1490474 0.301766 -0.9416593 0.6204437 0.6448482 -0.4463413 0.3176186 -0.3911582 0.8637787 -0.7440443 -0.08817738 -0.6622862 -0.8412476 -0.2387005 -0.4851027 -0.3671422 -0.9272719 0.07330405 -0.7925869 -0.4415698 0.4205024 -0.501834 0.5981357 -0.624817 0.5343322 0.8435025 -0.05470633 0.1725287 0.984864 -0.01664149 0.7148271 0.6927594 0.09542882 -0.848936 0.2831085 -0.4462705 0.1424387 -0.3921701 0.9087981 -0.2293667 0.4541904 0.8608728 0.2188858 -0.3994536 0.8902393 0.4732081 -0.8806077 -0.02458089 0.5011792 -0.8653411 -0.00208956 0.4503298 -0.408942 0.7937062 0.5454491 -0.4472771 -0.7088219 0.2161963 -0.3658818 -0.9052014 0.479166 -0.08416658 0.8736796 -0.2623829 0.2797949 0.9235097 0.9575562 -0.2877255 0.01732957 0.9340867 -0.3424121 0.1011738 -0.5197746 0.1587779 -0.8394188 0.4199373 -0.1901316 -0.8874135 0.9381522 -0.3353268 -0.08617699 0.4800178 -0.06498306 -0.8748487 0.6386986 -0.2994018 0.7088178 -0.2083901 0.3041653 -0.9295467 -0.9818275 0.1180813 -0.1485655 -0.4811754 0.3880604 -0.7860531 0.5124286 0.5400418 -0.6676615 0.6116609 0.3689828 -0.6998019 0.0293951 0.6416819 -0.7664074 -0.6135241 -0.4078512 0.6761994 -0.8266453 0.4509761 -0.3365681 -0.9671633 0.2367459 -0.09244805 0.6551831 0.3466333 -0.6712529 0.9947201 -0.01129388 -0.1020017 0.5059353 -0.5565989 0.6589592 -0.3024976 -0.3380185 0.8912007 0.9170741 0.03348904 0.397308 0.3929381 0.131188 0.9101589 -0.400565 -0.02204304 0.9160033 -0.8079332 -0.2745626 -0.5214014 0.8205559 0.5261926 -0.2231804 -0.6051234 -0.1561385 -0.7806707 0.1205966 -0.356998 0.9262877 -0.1550863 0.7767878 0.6103678 0.1888416 -0.910401 0.3681155 -0.12485 0.9563557 -0.2641901 -0.1338845 0.06037849 -0.989156 -0.1090103 0.6117751 0.7834845 0.08567422 -0.9920335 -0.09235584 -0.04991352 -0.09015536 -0.9946762 0.0346772 0.5055482 -0.8621013 -0.2965317 0.7805632 0.5502637 0.3253503 -0.7918613 -0.51682 0.6049203 0.06184858 -0.7938805 -0.6810315 0.6156527 0.3964439 -0.03714042 0.6841097 -0.728433 0.01325219 -0.6527736 0.7574372 0.4287108 -0.7829368 0.4507962 0.5713951 0.0199362 -0.820433 -0.1875277 -0.1360864 0.9727867 -0.8387367 0.4812737 0.2547482 0.9851437 -0.1627687 0.05475628 0.4077118 -0.7628811 0.5017803 -0.8136668 0.5318335 -0.2347328 -0.6205272 0.1234694 -0.7744039 -0.5302277 0.09447735 0.8425751 -0.7446611 0.6628779 0.07792776 -0.07668292 0.50305 0.8608488 -0.1002561 0.9948881 -0.01210623 -0.3289905 0.5850597 -0.7412628 0.3812899 -0.922939 -0.05293107 0.2038363 -0.572152 0.7944135 0.0471273 -0.435162 -0.899118 -0.2433838 -0.9014011 -0.358107 -0.9345413 0.08808934 -0.3447793 0.3990155 -0.8813337 -0.2530565 -0.9990733 -0.002717316 0.0429567 0.07008928 0.9474444 0.3121485 0.4892841 -0.8696944 -0.06506013 0.9531924 -0.07980078 -0.2916439 0.9256647 0.1937966 0.3249427 0.1220709 0.9420462 0.3124864 -0.9561703 -0.1408661 -0.2567005 -0.5505802 -0.7360628 -0.3937932 -0.4419716 0.3249111 0.8361184 -0.2108947 0.9595396 0.186567 0.9935875 0.004111826 -0.112991 0.7508337 0.5659309 0.3405452 -0.154273 0.463514 0.8725563 0.7050228 -0.5058171 -0.4970836 -0.04559302 -0.4403343 -0.8966756 0.8819079 -0.3892415 0.2659506 -0.6860504 0.7186511 0.113471 0.3782259 0.616182 0.6908437 -0.8131939 -0.1427803 -0.564207 0.09155571 -0.8554156 -0.5097862 0.3578717 -0.9147852 0.1873393 0.5750668 -0.408735 0.7086846 -0.7583401 -0.4637259 -0.4581254 -0.1129261 0.9903261 0.08063584 -0.8011089 -0.5955755 0.05928409 -0.9546595 0.1248437 -0.2702578 0.3883329 -0.9075265 0.1599788 0.976038 -0.2170624 0.01529073 -0.3251911 0.9393498 0.1089617 0.8038908 -0.1437386 -0.5771472 -0.8703248 -0.3962698 0.2924124 0.04704469 0.806996 0.5886802 -0.381159 0.3636752 0.8499755 0.4878085 -0.227199 -0.8428662 -0.4464002 -0.796301 -0.4082055 0.7994294 -0.08280485 -0.5950262 0.557429 0.7886027 0.2595744 0.7251347 0.6598863 0.196799 0.4485555 -0.6645956 -0.5975874 0.9724596 0.1622785 -0.1672964 -0.5494953 -0.7181509 -0.4269827 0.7707457 0.5541148 0.3144965 0.9874742 -0.1528692 -0.03906214 0.4091649 -0.7752578 -0.4812062 -0.9927387 0.09871059 0.06874674 -0.5509293 0.7401068 0.3856411 -0.9575436 -0.02639669 0.2870777 0.3937987 -0.8522621 -0.344343 -0.5329633 -0.7217496 -0.4416195 0.8547507 0.3995319 0.3313239 -0.9488183 -0.2195839 -0.2269952 0.8891423 -0.3747335 -0.2626801 0.401976 0.2354317 0.8848657 -0.1546264 0.358225 0.9207419 -0.8908784 0.1799408 0.4170817 -0.8626016 0.003233492 -0.5058736 0.09865581 -0.2692481 -0.9580044 -0.800114 -0.1210554 -0.5875061 0.9799786 -0.1792318 -0.08670747 0.7493329 0.2981039 0.591299 -0.2831006 0.2865825 0.915273 -0.6396195 -0.5747509 -0.5104395 0.7570464 0.334481 -0.5612517 0.4673697 0.6134437 0.6365945 -0.3479658 -0.03181058 0.9369675 -0.7625885 -0.610569 0.213692 0.7610639 0.5788869 -0.2926973 -0.4347399 -0.5938813 -0.6769832 0.4525343 0.1154489 0.8842423 -0.2968293 -0.1541684 0.9424036 0.5742295 0.4353592 0.6933418 0.2314288 0.05817633 -0.9711108 0.6018412 0.4435752 -0.6640995 0.8318336 0.4814427 -0.2761629 -0.7926337 -0.5457601 0.271805 -0.02749693 -0.7309346 0.6818934 0.5825183 0.7038685 0.4064993 -0.3570734 0.01664841 -0.933928 -0.5618437 -0.7574223 -0.3326307 -0.7335461 -0.5823489 -0.3503996 -0.2904912 0.5227841 -0.8014436 0.5937588 0.6962592 0.4033284 0.4693015 -0.1596777 0.868481 0.2233315 -0.6441597 0.7315609 0.1727906 0.9120712 -0.3718462 -0.1305567 0.9571231 -0.2585934 0.153849 0.9826357 -0.1037188 0.9810994 0.08266842 0.1749576 0.9951205 0.06977689 0.0697605 0.1501878 -0.9648978 0.2154434 -0.8000405 -0.5998967 0.007694184 -0.9506921 -0.2810009 -0.1312368 0.5511506 0.833939 -0.02791029 0.1896492 -0.979815 0.0632137 -0.8372603 -0.5466644 0.0123893 0.8981286 -0.4378874 -0.04024565 -0.9252913 0.3229645 -0.1988219 -0.66007 0.7508922 -0.02164727 0.9730955 -0.2241447 0.05333155 0.5399422 -0.7962772 0.2727733 -0.7720242 0.4425786 -0.4561828 0.4398931 0.8864698 0.1437544 0.4717653 0.8736367 0.1191493 -0.4079533 -0.9067627 -0.1065628 -0.5879563 -0.7073733 -0.3923397 0.5114919 0.1669347 0.8429169 0.6107035 -0.2405776 0.7544293 -0.3078581 0.5900287 -0.7463844 -0.8141589 0.1308412 -0.5657085 0.5224727 0.848223 -0.08683347 0.09103512 -0.6802384 0.7273159 -0.6154711 -0.7875304 -0.03148621 0.2083354 -0.06927645 -0.9756009 0.5576618 -0.8289428 -0.04321074 0.1556467 -0.7795476 0.6066959 0.01481884 -0.5788193 0.8153213 -0.5232102 0.26447 0.8101276 -0.01165139 0.6054754 -0.7957788 0.5288997 -0.2430004 -0.8131518 -0.5367591 0.8435698 -0.01672923 -0.703921 0.641659 0.3045802 -0.4463683 0.8946999 0.01635104 -0.5937042 0.2293415 0.7713092 -0.4754157 -0.7365332 0.4811433 -0.7829154 -0.1577443 0.6017976 -0.7694476 0.05785763 0.6360841 0.5921406 -0.7962337 -0.1240232 0.5321225 -0.7930925 -0.296395 0.4530038 0.7480721 -0.4849493 0.2014381 0.9721046 -0.1201483 0.8220394 -0.2195468 -0.5254052 -0.5519303 -0.7153849 0.4284828 -0.6849165 -0.5029134 0.5272263 0.521831 -0.4632067 -0.7163323 -0.0621857 0.9007978 0.429763 0.6394998 0.532753 -0.5542692 -0.4532868 -0.5149234 -0.7275885 -0.6267408 -0.2760286 0.7287003 0.4780021 0.3881037 0.7879656 0.4395106 0.5684859 0.6954526 -0.7778903 -0.5027147 0.3770476 0.04878306 0.5058859 0.8612199 0.7711496 0.6138301 0.1689413 -0.6431195 -0.7459586 -0.1730407 -0.6019091 -0.4610152 -0.652051 0.5426792 0.202188 -0.8152419 0.07298064 -0.401515 -0.9129401 0.5895417 0.7346864 0.3356733 0.6508916 0.254429 -0.7152664 -0.7016507 -0.512242 0.4952722 -0.2151817 0.5945646 0.7747193 -0.662995 -0.5340969 0.5245743 0.2954494 0.943172 0.1521066 0.6416087 -0.2625711 -0.7206904 0.6446964 0.279441 -0.711533 -0.3286966 0.6678242 0.6678094 0.06621456 -0.8518052 -0.5196573 -0.5035135 -0.8613142 -0.06791102 0.240108 -0.5656345 -0.788927 -0.5396518 -0.6912463 0.4805774 -0.1012948 -0.609947 0.7859416 -0.1499932 -0.8246985 -0.5453206 0.08418166 0.05126905 0.9951307 0.1834015 0.320973 0.929161 0.2756337 0.8532402 -0.442727 0.03263121 0.3574729 -0.9333533 0.2793651 0.9429569 -0.1810735 -0.3216029 -0.8295926 -0.4564512 -0.3683023 -0.297892 -0.8806895 0.4580458 0.4138904 0.786695 0.0890066 0.7363794 -0.6706886 -0.4178827 -0.9063388 -0.0626443 -0.2283825 0.3746607 -0.8985938 -0.5948925 -0.2597484 -0.7606798 0.4158454 0.9039962 -0.09931582 -0.4537406 -0.8905038 0.03350722 -0.6856112 -0.6433118 -0.3407157 0.7809689 0.2809027 0.5578363 0.5195173 -0.4509829 0.7257522 0.121973 -0.7035565 0.7000935 0.5301259 0.8478797 -0.008168041 0.4245501 0.8957669 -0.1317535 -0.6480268 0.2719597 -0.7114066 -0.370998 0.547163 -0.7503153 -0.5300983 -0.8473087 0.03261762 0.1486474 -0.7359592 -0.6605059 -0.01123416 -0.04243159 -0.9990362 0.04353517 0.958216 -0.2827134 -0.002725243 -0.04151028 0.9991344 -0.169369 -0.9852699 0.02360826 0.0975461 -0.08981561 0.99117 0.1757791 0.9843676 0.01105105 -0.6459145 -0.6523069 0.3965983 0.3432636 0.6912789 0.6358487 -0.2377227 -0.0967704 0.9665006 -0.7464844 -0.6500771 -0.1419894 -0.2124583 -0.1384218 -0.9673163 0.5364546 0.3053742 -0.786742 0.4610567 0.5325288 -0.7098169 0.6694462 0.4868094 0.5611226 0.5540559 0.6932796 0.460853 -0.03861081 0.2099924 0.9769403 -0.5665859 -0.4815942 -0.6686161 0.05836588 -0.7657526 -0.6404815 0.03463524 0.95196 -0.3042576 0.007040679 0.808517 -0.5884307 -0.08367967 -0.05079764 0.9951971 -0.1276733 -0.9898337 -0.06268149 -0.1399245 -0.3139873 -0.9390597 0.1135311 -0.8614147 -0.4950509 -0.1691021 0.4079903 -0.8971893 0.06488555 0.8638331 -0.4995822 0.25744 0.5877069 0.7670236 0.1942101 -0.1528244 0.9689826 -0.005420684 -0.6843514 0.7291323 -0.002232849 0.9467049 -0.3220945 -0.3525971 -0.7664663 -0.5368471 0.5736357 -0.1654106 -0.8022353 -0.331873 -0.9403686 -0.07461452 -0.6847424 -0.6178156 0.3865641 -0.7343751 -0.3737209 0.5665916 -0.06776618 0.9192175 0.3878752 0.6987208 0.6217401 -0.3538765 0.4035102 0.9140272 0.04164099 0.4527688 -0.570318 -0.6853743 -0.4057987 0.7410069 0.5350104 0.5603703 -0.6252329 -0.5432025 -0.3726166 -0.9185378 -0.1320806 0.9057124 0.1262605 -0.4046521 0.8320091 0.1605036 -0.5310363 0.06166803 -0.9172897 -0.3934168 0.2223477 0.9226134 0.315192 0.6055561 0.7946273 0.04323607 -0.4779122 0.8124437 0.3339688 -0.6513618 -0.645622 -0.3986229 -0.9536417 -0.1837621 0.2383255 0.9661756 -0.2577054 -0.009633541 0.7090425 -0.5577377 0.4314946 0.7263154 -0.05371224 0.6852598 0.6096647 -0.7905395 0.05793327 -0.03388792 -0.9371395 -0.3473056 -0.5386851 0.8273262 -0.1592159 -0.1173163 0.910543 0.3964194 0.3161938 0.8480775 0.4251897 -0.7676782 -0.3345338 -0.546587 -0.7422731 -0.2013241 -0.6391395 0.4282726 -0.8411141 0.3303177 -0.2941199 -0.7628867 0.5757583 0.8796548 -0.06416898 -0.4712641 -0.7962982 0.2902123 0.5307411 0.2481282 0.6379456 -0.7290115 -0.1607092 -0.3004587 0.9401581 0.6384263 -0.5068126 -0.5792694 -0.2530422 0.9625968 -0.09683573 -0.2193649 0.5845347 0.781152 -0.07481622 0.6277859 -0.7747822 0.383421 -0.2595307 -0.886359 0.1817818 -0.6918188 -0.6988148 0.5617806 -0.6721428 -0.4823139 0.1418688 -0.8029128 0.5789684 0.1115621 -0.7683696 0.630208 -0.0381506 0.6796786 -0.7325173 0.6527413 -0.2160326 -0.7261258 -0.7271819 0.4234204 0.5402978 -0.5687721 0.6213228 0.53894 -0.328662 0.0457462 0.9433391 0.1039711 -0.7939232 0.5990626 -0.808685 0.5455003 0.220132 0.6627326 -0.7294607 0.1693304 -0.6752306 -0.05596417 0.7354807 0.7845354 -0.5202177 -0.3374578 -0.518726 0.8191631 -0.2447351 -0.03956949 0.7637391 -0.6443114 -0.3132408 -0.5484451 0.7752989 0.9237642 -0.1869501 -0.3342299 0.7566632 -0.002538084 -0.6538 0.1084081 0.8789051 0.4645145 0.8631868 0.09462743 0.4959379 0.1596701 0.8333259 0.5292196 -0.7262119 0.6874554 0.004627943 -0.1152664 -0.8968893 -0.4269698 -0.8702156 -0.1663147 -0.4637503 -0.8514819 -0.1569473 -0.5003461 -0.7534391 0.6538853 -0.06902116 0.8904473 0.1557824 0.4275929 0.6418452 -0.7649295 -0.05401706 0.2281994 0.9382905 0.2598765 0.9044818 0.2182385 0.3664488 -0.2840805 -0.9235812 -0.2574803 -0.9212539 -0.1587882 -0.3550739 -0.8758762 -0.2549504 -0.4096845 0.6741153 -0.7377025 0.03692799 0.6359682 -0.7717148 8.80848e-4 -0.2219777 -0.8444658 -0.4874459 0.8091922 0.319441 0.493118 0.7638362 -0.5428462 -0.3491023 0.7947144 -0.1249864 0.593976 -0.5915321 0.561208 0.5789088 0.08115631 0.5316465 0.8430692 -0.8331875 0.4197922 0.3599627 0.02304399 -0.4388997 -0.8982406 -0.7394679 0.002344429 -0.6731879 -0.8641201 0.01703387 -0.5029973 0.5514062 -0.5787261 -0.6008557 -0.4739685 0.5567387 0.6821994 0.6355642 0.01956814 0.7718001 0.8620658 -0.02799201 0.5060229 0.8791537 -0.2514374 -0.404806 -0.03405797 0.06426554 0.9973515 -0.5555367 0.05617672 0.8295922 0.5159177 -0.1418082 0.8448191 0.345227 -0.3380592 -0.8755195 -0.7803839 0.05585634 -0.6228011 0.1634761 -0.06430089 -0.9844496 0.8917801 -0.206489 -0.4026049 -0.9717648 0.2047874 0.117199 -0.8864179 -0.1265245 -0.4452583 -0.4731126 0.6123124 0.6334335 0.2169525 0.6040351 0.7668593 0.5476046 0.4661407 0.6948683 0.7765342 -0.4526371 -0.4383087 -0.5981605 -0.4945768 -0.6305538 -0.9877084 0.0446906 -0.1497828 0.9797111 -0.1844463 -0.078395 -0.4225237 0.6981803 0.577943 0.5145663 0.590583 0.6216376 0.9734585 -0.1876029 -0.1310863 -0.9960832 -0.05571866 -0.06865793 -0.6892282 -0.6073039 -0.3951539 -0.0303806 0.8444644 0.5347495 0.3554615 -0.806165 -0.4730171 0.3324103 -0.7073796 -0.6237928 -0.9774455 -0.1955776 -0.07968509 0.9523484 0.007143855 0.3049287 0.5745155 -0.6445012 -0.5045297 -0.4197202 -0.1012409 -0.9019896 -0.8653542 0.4526557 0.215093 0.01263481 0.3833711 0.923508 0.07039284 0.8618301 0.5022885 0.9018768 -0.4189545 0.1053362 0.09975141 -0.2904386 -0.9516801 -0.2579621 0.3955901 0.8814557 0.9559488 -0.008693754 0.2934051 -0.7086889 -0.1871868 -0.6802362 -0.9307246 0.2902974 -0.2224391 -0.8867005 0.1535207 0.4361119 0.0849657 -0.5151366 -0.8528864 0.4407426 -0.2398031 0.865009 -0.6821782 0.2289574 0.6944144 0.4575868 -0.178322 0.8711003 0.8190959 -0.3085484 -0.4836112 -0.6759462 0.2314252 -0.6996707 0.3816196 -0.06396818 -0.9221034 -0.3398954 -0.04977273 0.9391453 0.7882426 -0.09706389 -0.6076613 -0.4190068 0.3258633 -0.8474942 -0.6574437 0.4778423 -0.5826102 0.4369184 -0.4669499 0.7688044 -0.7346653 -0.009835183 0.6783584 0.4259826 0.231605 -0.8745844 0.8929579 -0.4491842 0.02932143 -0.4187383 -0.385302 0.8223142 -0.6549477 0.6395074 -0.4025841 0.9839735 0.09718769 -0.1495025 -0.5830132 0.5821698 -0.5667222 0.6165727 -0.55277 0.5606099 -0.03458499 -0.04506617 0.9983852 -0.7191426 -0.02968955 -0.6942281 -0.9517132 -0.1669864 0.2575997 0.8458404 0.1897657 -0.4985409 0.1204102 -0.15556 0.9804604 -0.7855259 0.1509842 0.6001275 -0.8038089 0.1095587 -0.5847121 -0.3869844 -0.03597646 -0.9213842 0.1242765 0.3017511 -0.9452521 -0.7827575 -0.4767282 -0.4000262 -0.7826059 0.3910887 0.4843324 -0.09172338 0.7873458 0.6096503 0.2804695 -0.7310811 -0.6219786 0.9308961 -0.003421127 -0.3652682 0.9710547 0.1910235 -0.1433976 -0.1813565 0.6724451 0.7175845 -0.8962098 -0.3828471 0.2241341 -0.6961175 0.4631651 0.5485422 -0.5382661 -0.8406893 -0.05925446 0.4429273 0.7315133 -0.5183663 -0.4309802 -0.2874362 0.8553575 -0.3467562 -0.07373601 0.9350526 0.2545396 -0.1033611 -0.9615228 0.2995592 -0.5996552 -0.7420768 0.09758442 0.9500335 0.2965026 -0.1910954 -0.9812945 0.02331912 -0.5341706 0.1527922 0.8314543 -0.4303044 -0.7465943 0.5073808 0.2420844 0.9701268 -0.01579362 0.4487982 0.4317896 -0.7823926 -0.6576128 -0.5455976 0.5194889 -0.3191276 -0.8274633 -0.4620198 -0.01504385 -0.9401667 -0.3403825 0.5082827 0.163503 -0.8455268 0.5283748 -0.1596469 -0.8338662 -0.1837326 0.392589 0.901175 -0.4502499 -0.3976231 0.7994816 0.8688865 0.4941504 0.02918642 0.6946613 0.6636361 0.277548 -0.294032 -0.3481044 -0.8901508 -0.2622026 0.895252 -0.3602414 -0.2497792 0.9023723 0.3511905 0.1957988 -0.1264357 0.9724592 0.2187904 -0.1413276 0.965483 0.3058756 -0.7889862 -0.5328613 0.4005385 -0.7968033 0.4524084 -0.06964993 -0.2771729 -0.9582923 -0.257761 0.09962642 -0.9610588 0.1847034 0.9807407 0.0635029 0.09698432 8.42149e-4 0.9952856 -0.2837393 -0.882289 0.3755771 -0.2227708 -0.8893793 0.3992214 0.3401619 0.9270738 -0.157557 0.1764962 0.8634066 0.4726291 0.01651698 0.5428508 -0.8396667 0.05532145 -0.1562718 -0.9861636 0.0221818 -0.4626799 0.8862479 -0.2199835 -0.8050161 -0.5509595 0.02126824 -0.1091973 0.9937926 -0.02931344 0.7661931 -0.6419416 -0.198575 -0.9081423 -0.3685722 0.6763632 0.5767137 -0.4581857 0.03588128 -0.1098302 -0.9933025 0.6196159 0.6985154 0.3579838 -0.5956404 -0.5040486 0.6254178 -0.6696432 -0.7388637 0.07522279 0.1122544 0.2078365 0.9717012 0.275347 0.799811 -0.5333727 -0.3380788 -0.7270448 -0.5975856 0.0520038 -0.9700849 -0.2371307 0.2309983 -0.8102995 -0.5385671 -0.3860404 0.01693719 -0.9223264 -0.2331677 0.8053405 0.5450319 0.1398546 0.6143503 0.7765402 -0.2067301 0.9234812 -0.3231799 -0.5466794 -0.129977 -0.8271926 -0.2978813 0.9502996 -0.09053981 0.7891486 0.612309 -0.04819065 0.9952522 0.01468527 -0.09621638 -0.8531355 -0.5215303 0.01289069 -0.9018358 0.4320784 8.43008e-4 0.8810328 0.4730149 -0.006174504 0.8638164 -0.5037165 0.009529948 -0.03247988 0.99947 -0.002222001 -0.8450617 -0.5346663 0.001698255 0.04520112 -0.9979345 -0.04564815 0.006256997 -0.9997634 0.02083444 0.03362756 0.999278 0.01769047 0.8373465 -0.5465853 -0.009765505 0.8238254 0.2606424 -0.5033662 0.5975863 -0.7884425 0.1457704 -0.3015158 -0.5506854 0.7783534 -0.495189 -0.8617281 0.1105106 -0.1313804 0.7036529 -0.6982922 -0.2739204 0.9381147 -0.2119165 0.8361318 -0.03725802 -0.5472621 -0.6575978 0.7528577 0.02775698 -0.9542415 0.1123461 0.2771311 -0.0544694 -0.9803812 -0.1894353 -0.3206679 -0.9151811 -0.2441634 -0.8669634 0.4602712 0.1911156 0.8758809 0.4691894 -0.1126683 0.8524569 -0.4969613 -0.1623165 0.728025 0.6563843 -0.1978366 -0.8770347 0.4715671 0.09184092 0.1020188 0.9348754 0.3400003 0.9141871 -0.009726107 -0.4051758 -0.8040726 -0.0221666 0.5941178 0.1665101 0.5146722 0.8410631 -0.07582581 -0.6714152 -0.7371921 -0.5197892 -0.6418738 -0.5637528 0.6607818 0.02826625 -0.7500457 -0.8762851 -0.4271976 0.2227703 0.03006166 0.5127248 0.8580266 -0.6827813 -0.7178351 -0.1360971 -0.4666389 0.4390015 0.7678059 0.8700161 0.09187155 -0.4843879 0.2940163 -0.6269277 -0.721468 -0.4016292 -0.8386912 -0.3678196 -0.8790819 -0.3370708 0.3370438 -0.6778552 0.5729978 0.4606365 0.5183332 0.7968628 0.3103878 0.8294808 -0.3635801 -0.4239944 0.5531664 0.779334 0.2943562 -0.6213665 -0.759045 -0.1943056 -0.7641814 0.6441956 0.0322324 0.5554835 0.5242654 0.6454331 0.7274987 0.395757 0.560466 0.05714529 -0.9886593 -0.1388782 -0.3550261 -0.8306775 -0.4288723 0.8305833 -0.5489593 -0.09367579 -0.7995017 0.4304925 -0.4188951 -0.7853554 0.5667814 0.2489495 -0.657547 0.742589 0.1272539 0.4986295 -0.6193314 0.606463 -0.04772132 -0.3827275 0.9226279 0.2191017 0.2017585 -0.9546141 -0.5596343 0.6515961 -0.5120859 0.4390745 0.2318304 -0.8680256 0.7307088 -0.6780185 -0.07972198 -0.2884202 0.5521346 -0.7822796 0.2865113 -0.7450708 -0.6023129 0.2670165 -0.6385365 0.7217849 0.1669426 -0.9855723 -0.0278809 0.4262286 -0.642148 0.6371619 -0.06921052 -0.6319824 -0.7718862 -0.2991926 -0.1288688 -0.9454505 0.5775355 -0.8063353 0.1275791 -0.5170937 0.2772152 -0.8097938 0.06959855 0.6257935 0.7768774 0.4978682 0.2155393 0.8400417 -0.4141939 0.8913255 0.1843428 -0.607242 0.4962575 -0.6204721 0.1546991 -0.8644354 -0.4783511 0.2947789 -0.8171891 0.4952853 0.321799 0.9380413 0.1285451 -0.7159048 -0.3937163 -0.5766001 0.7852681 0.2716968 0.5563588 -0.3457505 0.8234758 -0.4498269 -0.4690728 -0.8808088 -0.06439441 -0.6202265 0.6210691 -0.4791581 0.6937378 0.330024 0.6401657 -0.1285954 -0.9909594 -0.03824782 0.3906311 -0.4352599 -0.811145 0.1540372 -0.1732833 -0.9727516 0.755479 -0.1936211 0.6259094 0.6372538 0.207347 0.7422363 -0.6731063 0.4374726 0.5962765 -0.7940903 0.1885088 -0.5778281 0.9316837 0.3060517 0.1956983 -0.3354212 0.8201763 0.4634691 0.5091004 -0.551598 -0.6607243 -0.2330526 -0.8192312 -0.5239722 -0.8870982 -0.3449172 -0.3067391 0.8703216 -0.01473504 0.4922632 0.6958472 -0.6912731 0.1947774 -0.6565756 -0.5734607 -0.4899505 -0.8482626 0.3145121 -0.4260669 0.6277341 0.5972542 0.499237 0.8730052 0.1495338 0.4642216 -0.2506027 0.9520145 0.1756894 -0.9472503 0.28973 -0.1370168 0.05884891 -0.9691886 -0.2391869 -0.8956257 -0.4215297 0.1420121 -0.6930543 0.2750608 0.6663463 -0.5429922 0.7667726 0.3423731 0.3755905 0.9254321 0.0500741 0.6901912 0.7212706 -0.05835044 0.9148256 -0.2648271 -0.3048946 0.6104353 -0.5012229 -0.6133062 -0.7928217 -0.4404576 0.4212256 0.1843377 0.9297447 0.3187388 0.7107351 -0.4204339 -0.5639956 0.02125084 -0.8913778 0.452763 -0.8560979 -0.3724274 -0.3583213 0.6035453 -0.5468044 0.5802913 0.9044279 0.01580542 0.4263336 -0.6988303 -0.7112005 -0.07635581 0.6607196 -0.603546 0.446298 -0.1458567 0.8569088 -0.4944018 0.6465131 0.7572822 0.09243655 0.3513345 0.8753787 -0.3320791 -0.8506402 0.351618 -0.3908657 -0.8795692 0.1303983 -0.4575526 0.03570723 0.9702656 -0.2393946 -0.9303799 -0.3581941 0.07804089 0.07284396 -0.9578997 0.2777083 0.9479166 -0.1428921 -0.2846683 -0.6946555 -0.4422913 0.5673025 -0.7975056 0.4885366 0.3540014 -0.2271286 0.9302298 -0.2882449 0.6947726 -0.7159836 -0.06825363 0.8853799 0.3963124 -0.2429797 -0.546535 0.8326079 -0.08979827 -0.5860641 -0.6651656 0.4626917 0.02604317 -0.9791866 0.2012845 0.3366255 0.9323132 -0.1321947 -0.9728969 0.137298 -0.1860668 -0.6688048 0.5251324 -0.5262475 0.7906867 0.4329452 0.4328662 0.8618544 -0.1079221 0.4955399 0.9338799 0.0917989 -0.3456029 0.8044821 -0.5302938 0.2675769 -0.3161972 -0.8362601 0.4479827 -0.9096994 -0.3885214 0.1466223 0.6433743 0.7096824 -0.2870897 0.1314668 0.9723374 -0.1930714 -0.7783681 0.5421078 -0.3166425 0.1621536 -0.9867469 0.006074428 -0.9104664 0.107191 -0.3994508 -0.1056504 0.9489296 0.2972723 0.871411 0.2098813 0.4433881 0.6773396 0.4002038 0.6172909 -0.7863555 0.5087926 -0.3503928 -0.4874259 -0.8203964 -0.2989414 -0.8761829 -0.03559035 -0.4806631 -0.3984816 -0.6920691 -0.6018745 0.5941799 -0.7989189 0.09316176 0.4345917 0.8138567 0.3857037 0.8851157 -0.2114906 0.4145385 -0.5639034 0.7863702 -0.25226 -0.1567182 -0.9849302 0.07315689 0.9708344 -0.1978774 0.1353707 -0.02942705 0.9116812 -0.4098432 -0.1417227 -0.7987272 0.5847645 -0.9937608 -0.1115187 -0.00173825 -0.9731946 -0.09228867 0.2106542 0.8013654 0.5091644 -0.3139507 0.9875776 0.00618726 -0.1570105 0.0651158 0.7638555 -0.6420941 0.8619042 0.4780985 -0.1689468 -0.9587347 0.2366225 -0.1576002 -0.129022 0.8678575 -0.4797672 0.6728001 -0.6396412 0.3717517 -0.5069081 -0.7348927 0.4505299 0.3233833 -0.7789142 0.5373232 -0.5113645 -0.8062698 0.2973812 -0.991815 -0.1186749 -0.04710936 0.9925168 0.007427096 0.1218825 0.2805224 0.9244838 -0.2581413 0.5399401 -0.6849994 0.4891223 0.1996613 0.9615346 -0.1886443 0.6230533 0.7779543 -0.08118957 0.956474 -0.2736741 0.1012919 -0.1233692 -0.9827156 0.138022 -0.9759623 -0.2112565 0.05355811 -0.9843828 0.1458077 -0.09864515 -0.6343889 0.7678182 -0.08947587 0.2644039 0.9633168 -0.0459485 -0.9608522 -0.02039104 -0.2763103 0.04088324 0.9916618 -0.1222108 0.9556945 -0.05424147 0.2893198 -0.3712212 -0.9019367 -0.220692 0.01330173 -0.9943419 0.1053924 0.5612659 -0.08045989 0.8237153 0.5066781 -0.007126986 0.8621059 -0.4807701 0.07858765 -0.8733179 -0.538277 -0.6622442 -0.5212395 0.1340597 0.9826042 -0.1285192 0.5526507 0.04153591 0.8323773 -0.1763328 0.8609475 -0.4771543 0.09068143 -0.9078651 0.4093383 -0.6892165 -0.6559705 -0.3077066 0.4568958 0.4324252 -0.7773382 0.7877537 0.6115374 0.07393407 -0.2769953 -0.1039615 -0.9552308 0.3692611 0.3119631 0.8754001 -0.3166829 -0.4760886 0.8203972 -0.7307236 -0.6801272 0.05890786 0.1187243 0.5412815 -0.8324175 0.08542525 -0.9954646 -0.04186594 -0.2908726 -0.3180217 -0.902361 0.3007025 -0.8828097 0.3608671 -0.3531293 0.6898885 -0.6319443 0.08999127 0.8446071 0.5277693 -0.267351 0.1428703 -0.9529488 -0.1995214 0.9221467 -0.3314163 0.2064819 0.7367984 0.6438116 0.2388954 -0.9046089 0.353004 0.3354321 -0.5711774 0.7491607 -0.5013816 -0.288691 -0.8156433 0.539291 0.5225016 0.660422 0.3598066 -0.6324914 0.6859255 -0.178919 -0.9823488 -0.05457919 -0.5869281 -0.6563674 -0.4740226 0.6696509 0.5048152 0.5447287 -0.5691211 0.3919205 -0.7228413 -0.2792322 -0.9476295 0.155009 0.7894414 0.03071725 0.613057 -0.835725 -0.345227 -0.4270624 -0.2140669 0.8267412 -0.5202638 0.5578244 0.8159334 0.1519362 0.5483406 -0.07006025 0.8333152 -0.32953 -0.9384133 -0.1038772 0.1405478 -0.7969204 0.5875068 -0.4418737 0.5417497 -0.715021 -0.107898 0.8646194 -0.4907051 -0.2338661 0.9327678 0.2743193 0.09691977 -0.777499 0.621371 0.2280033 0.582636 0.7800961 -0.1073708 -0.3114666 -0.9441717 0.9071435 -0.07302546 0.4144371 0.2412631 -0.8209506 0.5175252 0.8509261 -0.02401125 0.5247367 0.5982462 0.8011566 0.01579779 -0.8643479 0.03416109 -0.5017327 -0.3117125 0.8554989 -0.4134694 -0.2469243 0.8348288 -0.4920257 -0.6656734 -0.7411732 0.08684122 -0.6057713 -0.7955457 0.01217788 0.1632003 -0.9149235 0.3691623 0.5503969 0.8162521 -0.1754872 -0.9489871 0.1172359 -0.2927106 0.9270094 -0.2935531 -0.2334105 0.2007052 -0.9752153 0.09312754 0.5526552 0.6793639 -0.4827392 0.3176206 -0.9450462 0.0774914 -0.7066661 -0.5877714 0.3938882 -0.389918 0.9139992 -0.1121136 0.6477169 0.5941316 -0.4769387 0.8976355 -0.2964311 -0.3261581 -0.8412854 0.3230766 0.4334287 -0.1968631 0.9608523 -0.1949554 -0.5378564 -0.7024365 0.4661476 -0.920868 0.2047998 -0.3317517 0.4565621 0.8352102 -0.3065536 0.6242207 -0.549988 0.5548529 -0.6700701 -0.737726 0.08225893 0.4253237 -0.8125482 0.3985792 0.9589163 0.05748414 0.2778044 0.4846799 0.8695019 -0.09514123 0.886087 0.443234 0.1356234 -0.7415718 -0.6697002 0.03966236 -0.7248181 0.4456967 -0.5253507 -0.3324616 -0.09785908 -0.9380261 -0.1181319 0.6219787 -0.774072 0.3070993 -0.1943094 0.9316297 0.3516591 -0.6478196 0.6757705 -0.6460701 -0.7631123 0.01591128 -0.1370488 -0.4925869 0.8594043 0.4638428 0.265442 0.8452163 -0.4358087 -0.5153551 0.7378889 -0.4691167 0.159815 -0.8685556 0.03937572 0.4421814 -0.896061 -0.5679274 -0.2455934 -0.7855842 0.7793096 0.5963914 0.1923384 -0.6519671 -0.6837326 -0.3277935 -0.3208537 -0.4709554 0.8217385 0.1042064 0.1899738 0.9762433 0.2723369 0.4218251 0.8648101 0.5310971 0.8467339 -0.0312696 -0.2248323 -0.4455861 -0.8665469 -0.4895563 -0.8716028 -0.02536082 0.2772998 0.3777521 -0.8834072 0.3906795 0.6756463 -0.6251974 0.07057839 0.5043006 0.8606391 0.2788089 0.9524288 -0.1230652 0.1386504 0.884477 0.4455071 0.01534628 -0.5872486 -0.8092613 -0.1055878 -0.8721298 -0.4777458 -0.2687922 -0.9625961 0.03405308 -0.7615901 -0.6480498 0.003472447 -0.1563711 -0.02569049 0.9873643 0.4978151 0.6466583 -0.5779389 -0.3544071 -0.2919891 -0.8883343 0.3431494 0.2234348 0.9123187 0.7123323 0.5218138 0.4693539 0.7875199 0.6149008 0.04134541 -0.4183312 -0.6604095 0.6235851 -0.445913 -0.3862707 0.8074383 0.3524861 0.3296375 -0.8758382 0.01813977 -0.1594766 -0.987035 -0.4425966 -0.300305 -0.8449411 -0.7168109 -0.6944019 -0.06315332 0.6455439 0.6826191 0.3424972 -0.3001592 -0.3702042 -0.8791208 -0.2468586 0.3639761 -0.8980992 0.1773205 0.9568077 -0.2303836 0.07400315 -0.6068289 0.7913801 -0.2760248 -0.9539616 -0.1173352 0.2930766 -0.06801569 0.9536667 0.3375977 0.9411227 0.01777952 0.3971457 0.4325528 0.8094278 -0.5336782 -0.4013798 -0.7443667 -0.2969065 0.4205182 -0.8573279 -0.4223995 -0.8960986 0.1363307 0.5538207 0.828274 -0.08511781 0.5450922 0.2930445 0.7854931 0.0171957 -0.6791021 0.7338425 -0.539982 -0.8144797 0.2122324 -0.6924967 -0.166686 -0.7019004 -0.3451555 0.5159729 -0.7839896 0.8680455 0.4957971 0.02612072 0.7417809 0.1890842 0.6434347 0.1281725 -0.8333735 0.5376436 -0.3042083 -0.6755414 0.6716406 -0.9387553 -0.23688 0.2502526 -0.4258055 0.898063 -0.1103301 0.4548768 0.6107485 -0.6481307 -0.6907157 0.7068262 -0.1526717 0.9049243 -0.2051369 -0.3728684 0.3202946 0.3481478 -0.8810247 -0.1473952 -0.742879 -0.6529973 0.2519631 0.9191872 -0.302671 -0.1619063 0.5571292 0.8144897 0.1241334 0.9922507 -0.005439996 -0.2207939 -0.97343 0.0606963 -0.2378917 -0.7621312 0.6021326 -0.3255196 -0.06908267 0.9430084 0.2558763 -0.6303669 -0.7329154 0.08940142 -0.9959933 0.002207279 0.4127472 0.2091585 -0.8865058 -0.2526153 0.916387 0.3105163 0.5491006 -0.508813 -0.6630218 -0.08248966 0.9879364 -0.1310617 -0.2087857 -0.6714169 0.7110612 -0.2229048 0.9693092 0.103698 0.7291305 0.3924386 -0.5606788 0.4006699 -0.7856297 -0.4714336 0.2724019 0.9376699 -0.2158066 -0.6967095 0.5219005 0.4921543 0.01993197 0.9965449 -0.08062875 0.02111077 -0.9961586 0.08498555 -0.6872133 -0.4694163 0.5544244 -0.8083195 -0.09532707 0.5809754 0.7012909 -0.5576097 -0.4441425 -0.4398634 -0.688468 0.5766558 0.8767696 -0.1836143 -0.4444783 -0.2750501 0.9598439 0.05520045 -0.2611623 0.7786358 -0.5705441 0.6927071 -0.00806272 -0.721174 0.7355554 -0.6215937 -0.269406 -0.7009328 0.061912 0.7105352 -0.6067886 0.793689 0.04319083 -0.5661283 -0.2913388 0.7711164 0.6288951 -0.7766383 -0.03638452 -0.0874741 -0.7213222 0.6870536 0.08987069 0.7642465 -0.638632 -0.6561088 0.4442956 0.6100186 0.5031148 0.4618185 -0.7304788 0.3971371 -0.8862719 0.238337 0.1917502 0.6811423 -0.7065954 0.2284711 0.9735503 8.56245e-4 0.1666415 0.1321594 0.9771205 0.02713507 6.67212e-4 0.9996317 -0.07876724 0.02313995 -0.9966245 -0.2143043 -0.8731955 -0.4377254 -0.2743349 -0.9613894 0.02170366 -0.5494914 -0.2047649 -0.810019 0.1930378 0.7648333 -0.6146272 -0.5707992 -0.7705489 -0.2836245 0.111414 -0.621665 0.775319 -0.4553268 -0.8897387 -0.03229075 0.4293248 0.9025937 0.03169924 0.5489573 0.2662907 0.7922974 0.462519 -0.09203857 0.8818193 -0.1330959 0.6718366 -0.7286434 0.4601858 0.6172803 0.6381177 -0.4522821 0.2837112 -0.8455465 -0.2332882 -0.9335702 0.2720724 0.5905609 0.5811563 0.5599065 0.6206098 -0.7088453 -0.3352343 0.2685015 0.6839323 0.6783389 -0.8737681 0.3924241 -0.287285 -0.394092 -0.7786837 -0.4882043 -0.9040462 0.2114158 -0.3714885 0.6104235 -0.7782962 0.1470997 0.8275604 0.3589954 0.4315856 -0.4721562 0.8545948 -0.2161861 0.01667511 -0.9345343 0.3554823 -0.8167048 0.1661673 -0.5526137 -0.8746437 -0.4744493 -0.09947985 0.8009711 0.5965052 -0.051252 0.5145679 -0.713261 0.475898 -0.8753669 0.2563947 -0.4098713 -0.4390302 0.7295708 -0.5243844 0.911033 0.3524844 0.2139477 0.8726881 -0.3640684 0.3253766 0.5747195 -0.678372 0.4577215 -0.5859681 0.7303227 -0.3510988 0.5364398 0.843443 -0.0289182 0.1762701 0.9503293 -0.2565212 -0.5248731 -0.8501732 0.04139924 -0.9583889 -0.01935982 -0.284809 -0.003394305 0.9994125 0.03410655 -0.05884134 -0.9981893 -0.01248639 -0.611508 -0.5519442 -0.5669353 -0.1587357 0.9646651 0.2102961 0.1056532 0.4631822 0.879943 0.8369982 -0.311636 0.4497969 -0.1699142 -0.3457899 -0.9227994 -0.8095059 0.5601471 -0.1758854 -0.2328624 0.5770909 0.782778 0.856809 -0.3774644 0.351282 0.215699 0.3778762 0.9003797 0.6649395 -0.6849349 -0.2978588 -0.9349085 -0.04220914 -0.35237 -0.8375578 -0.06468051 0.5425066 0.1848939 0.2397802 0.9530581 0.5282356 0.1965551 0.8260347 0.7942988 -0.0142647 -0.60736 -0.5549754 -0.2283479 -0.7999122 0.09701102 -0.2494434 -0.9635179 0.8936884 0.2223781 0.3897038 0.8234481 -0.4297001 -0.3705283 -0.3959605 -0.5145572 -0.7605565 -0.8215384 0.5154885 0.2436109 0.03405874 -0.7156767 -0.6976009 0.7569171 -0.6433638 0.1147162 -0.6081886 -0.3607099 -0.7071033 -0.7920471 0.5814415 0.1859769 -0.6619187 0.7471327 0.06046867 0.6250622 -0.700648 -0.3440782 0.2875112 0.572807 0.7676129 0.349209 0.7705444 0.5332115 -0.859863 -0.2347112 -0.4533722 -0.03544163 0.9867759 -0.1581686 0.8827565 -0.1169142 0.4550516 0.2394716 0.9701663 0.03782588 -0.09010612 -0.9900944 0.107676 -0.8442026 0.05655378 -0.5330324 0.05961275 -0.9929447 0.1025054 0.8190697 -0.2266175 0.5270383 0.4683994 0.8191135 0.3311424 -0.8918461 0.05367112 -0.4491437 0.3429878 -0.9181567 0.1983627 -0.09765976 -0.05259966 0.9938289 0.2963134 0.4083797 0.8633796 -0.5577573 -0.6856468 0.4677556 0.6596 0.7490283 -0.06232583 0.2220517 0.2621771 -0.9391253 0.4649032 0.7200569 0.5151535 0.1517043 -0.04309087 -0.9874863 -0.1154339 -0.05333626 -0.9918822 0.6317637 0.6996014 0.3338152 0.4782967 0.04575747 -0.8770055 -0.4400292 -0.6604614 -0.608412 0.2270248 0.5362621 0.812947 0.8821321 0.382988 -0.274159 0.7702583 0.6376202 0.0119521 -0.5008323 -0.6950401 -0.5158355 -0.5965269 -0.4910239 0.6348632 -0.916451 0.1621756 0.3658096 0.4842413 -0.8576303 0.1731491 -0.6250121 0.7785084 0.05731076 0.6620133 -0.7462055 -0.07011258 0.5569749 0.5541669 -0.6186099 0.4159824 0.611318 -0.6732377 0.7788985 -0.5359712 -0.3256564 -0.6134502 -0.54444 0.57207 -0.1063454 -0.8070592 0.580815 -0.8973568 0.1092117 0.4275788 0.5712504 -0.7953071 0.2028788 -0.7501093 -0.09873366 0.6539019 -0.6698629 0.7388247 0.07363313 0.6910034 -0.7142241 -0.1113474 0.7166624 0.1770662 -0.6745685 0.04203277 0.8379317 -0.5441544 0.2963467 0.5744442 -0.7630155 -0.7281294 0.2403982 0.6419005 0.4353411 0.6832675 -0.5861943 0.4404224 -0.8970851 0.03558593 -0.1076012 -0.1198846 -0.9869396 -0.9160078 -0.309068 0.2557477 -0.7032445 -0.230932 0.672397 0.8084051 0.4304631 0.4014759 0.866654 0.3391565 0.3659012 0.7817519 0.2224608 -0.5825594 -0.09128111 -0.2794385 -0.9558148 -0.7286395 -0.1909288 0.6577467 0.252977 -0.4226559 0.8702669 -0.5253704 0.7952422 0.3026152 -0.6148033 0.7408109 -0.2705847 -0.5977949 0.8008297 -0.03624051 -0.01516735 -0.1360344 -0.9905881 0.6202672 -0.7793669 -0.08863419 0.2193872 -0.6393949 -0.7369148 0.3069111 -0.3071722 0.9008057 0.1255471 0.08723664 -0.9882448 0.6348767 -0.5296312 -0.5625144 0.4400606 -0.787689 0.4311529 -0.3851982 -0.1781251 0.9054799 -0.5160188 0.2421304 0.8216432 0.5210506 -0.5428449 -0.6586545 0.04631811 0.996854 -0.06431913 -0.08914309 0.9367039 -0.3385846 0.38788 -0.6674059 -0.6357032 -0.3898111 -0.5042975 0.7705397 0.2927617 0.4837834 0.8247693 0.2331284 -0.5165836 0.8238887 0.09655946 -0.9310139 0.3519793 0.06321948 -0.9977278 -0.02329272 -0.2908384 0.510658 -0.8090993 -0.03105878 0.9851188 0.1690458 -0.08952575 0.8151475 -0.5722935 -0.2317263 -0.4703167 -0.851531 0.2185096 0.6601743 0.7186261 -0.1991052 -0.4904394 -0.8484258 -0.4131476 0.4609804 -0.7853702 -0.4177824 -0.5085582 -0.7528789 0.3336352 0.8877203 -0.3172385 0.1313266 -0.7707532 0.6234525 -0.4554542 -0.8543135 0.2504197 -0.04428082 -0.998998 0.006501972 0.8408917 0.3482373 0.414285 -0.8233824 -0.2634372 -0.5026352 -0.4105717 0.578698 -0.7046556 -0.8229293 -0.2661392 -0.5019536 -0.4384989 -0.8168364 0.3748294 0.613066 0.734508 0.2909434 0.510499 -0.4601202 0.7264162 0.8639544 0.3187241 0.3898692 0.3752472 0.9121283 -0.1649596 -0.3093636 -0.9447632 0.1082447 0.2593459 -0.9161196 0.30572 -0.7907327 -0.2156739 -0.5729107 -0.4797613 0.7114366 -0.5135048 -0.1190697 -0.9859002 -0.1175727 0.18853 0.9742327 0.1238031 0.5177862 0.6886659 0.5075792 -0.838244 0.2535103 -0.4827831 0.1289836 -0.9824842 0.1344921 0.7556561 -0.427635 0.496097 0.8292586 -0.5571635 -0.04357594 0.4583238 -0.286664 0.8412866 0.3606446 -0.4107194 -0.8374037 -0.2476607 0.3402604 0.9071312 0.2925345 0.03310978 0.9556816 -0.862011 0.4291308 -0.2697848 -0.8296551 0.5528889 0.07737272 0.3141167 0.2530581 0.9150369 0.9273657 -0.03234899 -0.3727552 -0.2149216 0.2634854 0.9404171 -0.9775511 0.1859479 0.0990836 0.8586916 -0.2760279 -0.4318073 -0.2732902 -0.3313179 -0.9030731 -0.8339789 -0.0547195 -0.5490765 -0.5332548 0.8025805 0.2674024 0.6651667 -0.05828595 0.7444165 0.3590964 -0.9136964 -0.1902858 0.7121645 -0.6429688 -0.2818028 -0.4391217 -0.4849297 -0.756317 -0.2080249 0.8074665 0.5520179 0.3047042 0.6470659 0.6988999 -0.5905311 0.7470269 -0.3053259 -0.6649178 -0.1559197 -0.7304612 -0.3890665 -0.6526194 -0.6501656 0.7222186 -0.4034425 0.5618137 0.5451515 0.5418758 -0.6396722 -0.4206997 -0.1662563 -0.8918356 -0.8209914 -0.4890812 -0.2945721 0.491563 0.1888634 0.8501156 0.8888763 0.4576032 -0.02232199 0.15195 0.04287993 0.9874576 -0.8777658 -0.4790892 0.00100553 -0.3723339 -0.2815498 0.8843626 0.432161 0.2693998 -0.8606166 0.7528522 0.1641348 0.637396 0.1490799 0.006409764 -0.9888044 -0.8571346 -0.4074159 0.3151708 0.5668952 -0.6787905 0.466769 0.5597456 -0.7464604 -0.3598359 0.1260874 0.3408313 0.9316309 0.689526 -0.5958081 0.411785 -0.5477339 0.5839087 -0.5991981 0.1449953 -0.5921897 -0.7926461 -0.3142979 0.7953568 0.5182898 -0.4403821 0.1892368 -0.8776407 -0.7853448 0.5827558 -0.2088764 0.03941804 -0.6647859 -0.7459933 0.9086933 -0.3309012 0.2545209 -0.5997813 0.602568 0.5264735 -0.5022388 -0.4935048 -0.710077 -0.3441141 0.7058197 0.6191963 -0.4932039 -0.5695148 -0.6575734 0.9863595 -0.155219 -0.05479109 0.453572 0.552811 0.6990512 -0.9883447 0.1456914 0.0441479 0.4185186 -0.7227694 -0.5499516 0.509523 -0.04491704 -0.859284 0.6604974 0.2457548 0.7094701 -0.4644761 -0.1846397 -0.8661237 -0.8782652 -0.04451763 0.4760973 0.07103538 0.06290316 0.9954885 -0.5639379 -0.1814402 -0.8056386 0.9936367 0.07155495 -0.0869835 0.8484314 -0.05942285 -0.5259591 0.1930733 -0.0115143 0.9811168 0.8970897 0.1685216 0.4084491 0.8132869 0.1148409 -0.5704174 0.00336647 -0.03399348 -0.9994164 0.9752898 -0.2170446 0.04125189 -0.5659714 -0.0179103 -0.8242303 -0.5705568 0.05344706 0.8195173 -0.8882251 -0.05392366 -0.4562329 0.2452394 0.07131093 -0.9668363 0.4089154 0.2012905 -0.8900957 0.692622 -0.3310501 0.6408438 -0.2170767 -0.1477356 0.9649103 -0.7932515 0.3770017 -0.4781443 0.3650619 -0.8386346 0.4042546 0.7107949 -0.1610444 -0.6847156 0.3587363 -0.8748959 0.3253697 -0.3628091 0.9057621 -0.2190086 -0.4696968 0.8259098 -0.3118621 -0.6427961 -0.4277349 0.6354967 -0.6424134 -0.2319988 0.7303982 0.4775127 0.5252875 -0.7043116 0.7297796 -0.6808763 0.0618816 -0.9835707 0.142125 0.1113066 -0.746434 0.6650997 0.02187567 -0.1061189 0.8180592 -0.5652594 -0.9237185 0.3581922 -0.1358033 0.8750079 -0.438436 0.205268 -0.2650758 -0.7690858 0.5815858 0.8821461 -0.4670702 0.06052905 0.9888386 0.1317161 -0.06963586 -0.691097 0.6379036 -0.3398 -0.3133925 -0.8006289 0.5106649 -0.2317438 -0.9154722 -0.3289459 0.09254842 0.2009225 0.9752256 0.2632191 0.5014545 0.8241719 0.3019672 0.7058057 -0.6408231 -0.2294119 -0.4924808 -0.8395434 0.311762 0.7137749 -0.6271602 0.2405501 0.9705559 0.01253259 0.08725833 0.04904794 0.9949775 -0.07122081 0.1058074 -0.9918329 0.2348703 -0.8460963 0.4784947 0.2788012 -0.960177 0.01817172 -0.01326191 0.1357316 0.9906569 -0.2352019 0.7811858 -0.5782982 -0.2423619 0.4297424 0.8698174 -0.2505558 0.9670745 0.04459708 0.008017599 0.4648697 0.8853428 -0.02285939 0.03985536 0.9989439 0.1047322 -0.8942493 0.435143 0.09318619 -0.9313967 -0.3518757 -0.06678718 0.8163534 -0.5736781 -0.01797831 -0.5199017 -0.8540369 -0.1014223 0.9919919 0.07527041 -0.3211277 0.7989413 -0.5084977 0.3479541 -0.6250936 0.6987031 -0.6392734 0.604358 0.4754799 -0.2967419 -0.0979098 0.9499252 0.4564351 -0.3885675 -0.8004265 -0.5054534 0.496639 -0.7055968 0.6926868 -0.6666163 -0.2753322 0.8071596 0.5829971 -0.09277969 0.294049 0.2689682 0.9171648 -0.3605734 -0.2863863 0.8876767 -0.7294526 -0.6161223 -0.2971404 -0.3431606 -0.4270581 -0.8365777 -0.3577336 -0.1580942 -0.920344 0.3378837 0.2338754 -0.9116672 0.5384972 0.5384461 -0.6481486 0.8123523 0.4310299 0.3928068 -0.1918309 0.1375506 -0.9717411 -0.6452659 -0.614573 0.4537972 -0.3428831 -0.4264864 0.836983 0.484786 0.6244286 -0.6124309 0.2884156 -0.08150905 0.9540297 -0.8841168 -0.4258056 -0.1924239 -0.1279727 -0.3771501 -0.9172682 -0.6827868 -0.1509047 0.7148637 0.4846511 0.06415885 -0.8723514 0.9258831 0.3738159 -0.05479341 0.8593436 0.3554139 0.3677088 -0.2438507 -0.1855132 -0.9519043 0.6999102 0.426078 -0.5732219 -0.3816255 -0.1384547 0.9138885 -0.679798 -0.5292304 0.5077303 -0.4489054 -0.2230096 -0.8653039 0.5101499 0.3146295 0.8004721 0.5799008 0.6060644 -0.5444273 -0.01647323 -0.07393389 0.9971271 -0.791873 -0.4425407 -0.4208267 -0.3998414 -0.9136309 0.07352417 -0.855904 -0.1625933 -0.4909093 0.6153566 -0.6101649 0.4990342 0.4309393 -0.7491567 0.5030463 -0.3781475 0.8325887 -0.4047229 0.2806763 0.9427458 -0.1801422 -0.9017001 -0.426489 0.0710231 -0.8885599 0.3914383 -0.2392439 0.6517224 -0.6316192 0.4198989 0.7326325 0.6544635 0.1868881 0.9788328 -0.0101307 0.2044107 -0.8158454 -0.2156094 0.5365716 -0.3312524 0.8983964 -0.2883672 0.5621548 -0.8046342 -0.1911701 -0.06264644 -0.8380206 0.5420305 0.8028849 0.01020073 -0.5960469 -0.478404 0.8559255 0.1962689 0.6436669 0.4600546 -0.6115903 0.9110431 0.2166639 0.350795 0.3215347 -0.3846637 0.8652452 0.04685831 -0.540597 0.8399758 -0.8041913 0.0444591 -0.5927054 -0.9359202 -0.2732226 -0.2222678 -0.3018006 -0.8599733 0.4115366 0.5093814 0.8572662 -0.07500231 -0.6689802 0.232656 -0.7059298 -0.125208 0.7878009 -0.6030697 0.4018962 0.5753507 -0.7123559 0.4325498 -0.4971114 0.7521841 -0.7435625 0.2854023 -0.6046985 0.1571252 0.9254931 0.3446366 0.675382 0.1734322 0.7167848 0.7609754 -0.6202618 0.1902419 0.05819892 -0.9337558 -0.3531473 -0.8235844 0.5413736 -0.1691842 0.01781135 0.8206751 0.5711176 0.9127868 0.007796406 0.4083622 -0.6517127 0.734251 0.1901211 0.7424384 0.190847 0.6421546 0.753928 -0.6527282 0.07442289 -0.7725231 0.6252813 -0.1105962 -0.7040855 -0.2590929 -0.6611616 0.0536769 -0.8438448 -0.5338958 -0.2335041 -0.6119325 -0.7556551 0.7518194 -0.1506217 0.6419351 -0.3604043 -0.7378828 -0.5706468 -0.5520332 0.8326522 0.04415673 -0.5205165 0.1371509 -0.8427646 -0.6169182 0.4960575 -0.6110149 0.2803373 0.7922034 0.5420562 0.06360632 -0.9972422 0.03823983 -0.3920269 -0.6239679 -0.6760023 0.4875773 -0.8064612 0.3344981 0.3710581 0.6547908 0.6584566 0.5702307 0.6814039 -0.4588307 0.7494647 0.4092211 0.5204237 0.6059299 0.03689706 0.7946621 -0.5979787 -0.06731426 -0.7986805 -0.2580628 0.377162 -0.8894675 0.1999955 -0.8533637 0.4814274 0.06642353 -0.8738242 -0.4816837 0.299202 -0.4407587 0.846292 -0.2900875 -0.03817439 -0.9562385 -0.2719129 0.4618846 -0.844231 -0.9823893 0.1414526 0.1220759 -0.02101522 0.05967384 -0.9979967 -0.8525975 -0.0135008 0.5223939 -0.7454383 0.1910051 0.6386225 -0.3385016 0.8609442 -0.3797261 -0.5777855 0.2289826 0.7834098 0.2219506 -0.8260425 0.5180655 0.5638099 -0.2290092 -0.7935195 0.9122988 -0.3644641 -0.1867541 -0.1677864 0.822598 -0.5433049 0.07901293 -0.7599833 0.645122 0.6679244 -0.01249921 -0.7441242 -0.5297079 -0.6691039 0.5212576 -0.02539795 0.7607559 -0.6485411 0.9820123 -0.01758748 0.1879963 -0.7418573 0.3383169 -0.5789556 0.8400496 -0.2158277 0.4977301 -0.8929559 -0.4406356 -0.09203237 -0.2265548 -0.9309331 0.2864206 -0.4791147 0.7131369 -0.5117469 0.897662 0.2978916 0.3247515 -0.05313664 0.9560353 -0.2883976 0.7180681 0.6956168 0.02225822 0.01118081 0.8806399 -0.4736546 -0.9348598 0.003674626 -0.3549984 -0.460733 -0.8854724 0.06052994 -0.4491319 0.863003 -0.2313143 -0.0517531 -0.1829086 -0.9817669 -0.03382748 -0.8442402 -0.5348966 -0.09870302 -0.7307945 0.6754236 -0.1524578 -0.4820132 0.8627977 0.05162101 0.8793343 0.4733988 0.1528525 0.5197943 -0.8405058 -0.0275219 0.933149 0.358435 0.04563182 -0.02560114 0.9986302 0.09928894 -0.05621004 -0.9934698 0.03562766 -0.9959983 0.08196371 0.3732459 -0.8289293 -0.4166102 -0.469325 0.7185544 -0.5132384 0.0923888 -0.03735387 -0.9950221 0.6768671 -0.6361453 0.3703649 -0.6239239 0.5793868 0.5244329 0.1132147 -0.1393318 0.9837526 0.3218954 0.086717 -0.9427956 0.8868588 0.4188619 -0.1950285 0.800309 -0.3133792 0.5111743 -0.7984955 -0.3878588 0.4604024 -0.4711427 0.1786717 -0.8637715 0.7554333 0.6177277 -0.2184792 -0.1683093 -0.4746508 0.863932 -0.8283518 -0.08331304 -0.5539785 -0.1070503 0.5460238 0.8309021 0.5402168 0.6581799 0.5243711 -0.9487612 -0.2020802 0.242932 0.9668784 0.2551727 0.005763113 -0.9554778 -0.2819125 -0.08710682 0.2307224 -0.5044923 -0.8320185 0.3049658 -0.3492078 -0.8860304 0.8931216 0.4207761 0.1590011 -0.8041036 -0.4582925 -0.3786625 -0.6879333 0.2860311 0.6670338 -0.02115368 0.3306669 0.9435104 -0.7213215 -0.4435891 0.5319061 0.5049565 -0.4203046 -0.7538986 -0.2324131 -0.2480707 -0.9404494 0.2364355 0.09725308 0.9667679 -0.6588957 -0.6629083 -0.3555406 0.6224907 0.3572722 -0.6963203 -0.1201124 0.8608596 0.4944632 -0.3707076 0.7982566 -0.4747235 0.03286427 0.004214286 0.9994511 0.1225264 -0.8618841 -0.4920805 0.3713037 -0.8036044 0.465138 -0.03508776 -0.001637101 -0.999383 0.6017508 -0.5653034 0.5642058 0.4913606 -0.8114406 0.3164315 0.3034663 0.9075951 0.2901368 0.4025934 -0.5050391 -0.7634488 0.4948692 -0.8681386 -0.03794729 0.1399634 -0.7044746 0.6957915 0.03385615 -0.5526795 0.8327059 -0.3952714 0.3520434 0.8484256 -0.1309448 0.5697107 -0.8113467 0.4360821 -0.2843235 -0.8538106 -0.4195677 0.9069935 -0.03641378 -0.5327961 0.7059539 0.466645 0.06334567 0.583709 -0.8094883 0.7023355 -0.2481408 -0.6671963 0.4735651 -0.8688464 -0.1443676 0.570122 -0.2323139 -0.78803 -0.362873 0.9315461 0.02334994 0.3439029 0.6899971 -0.6368947 0.1928659 0.6544746 -0.7310717 -0.3251844 0.9442056 0.05225974 -0.6518852 0.272908 0.7075077 -0.5353564 0.3067145 0.7869688 -0.3147957 -0.6368989 0.7037496 -0.1352474 -0.5738514 0.8077147 0.08262693 0.9691453 -0.2322286 0.8269849 0.5466476 0.131425 0.6718232 0.01602166 0.7405382 0.2026774 -0.4997283 0.8421362 -0.753224 -0.6573652 -0.02291071 -0.6716217 0.01940894 -0.7406399 -0.7599343 -0.6461927 0.07024919 -0.0650568 -0.6960985 0.7149927 0.07219016 0.6962343 -0.7141753 0.7040811 0.7097185 0.0238648 -0.6706174 0.07092308 -0.7384053 0.02190703 0.8023201 -0.5964918 0.5321561 0.8440356 0.06643807 -0.6921576 0.1387284 -0.7082884 0.7485994 0.2486494 0.6146321 0.06059861 -0.8246533 0.5623831 0.7152777 0.0399996 0.6976947 0.4263829 0.8406864 0.3338327 -0.4986286 -0.8070869 -0.3161969 -0.7739862 -0.4302061 -0.4646164 -0.7420883 0.1741924 -0.6472728 0.6823697 0.625423 -0.3784411 0.875913 -0.3064991 0.3726056 -0.6835321 0.6233874 -0.3796998 0.3292735 -0.772907 0.5423965 -0.03918015 -0.9462393 0.3210858 -0.9627913 0.2543662 -0.09127432 -0.9105605 -0.3271012 0.2527536 -0.6485394 -0.5992474 0.4693606 0.5485663 -0.546494 0.6327871 -0.2213458 0.8015763 -0.5554113 0.3577964 0.8601236 -0.3635506 0.7085434 0.572685 -0.4123085 0.9824924 -0.1461306 0.1155627 -0.9962381 -0.08660835 0.002938568 0.9671572 -0.2279496 -0.1124543 0.5475639 -0.2101051 -0.8099566 0.8814098 -0.08054858 0.465434 -0.5075822 -0.1054753 -0.855123 -0.9854285 0.1435054 -0.0913068 -0.473735 -0.06397855 -0.8783404 0.4979128 -0.3860138 -0.7765798 -0.2737876 0.2933971 0.9159468 0.6033614 -0.00535798 0.79745 -0.4078794 0.1841174 0.8942791 -0.9678556 0.2487735 -0.03697746 -0.5590741 -0.2061488 -0.8030808 -0.9841049 -0.152809 -0.09048306 0.1038184 -0.5595118 -0.8222947 -0.5613683 -0.7690995 -0.305535 -0.813945 -0.5781955 0.05642271 -0.5928554 0.369448 0.7155632 0.9602545 0.01729089 -0.27859 0.4079812 -0.6395484 -0.6515592 0.4823473 0.8024741 0.3512501 0.9378971 0.2142549 -0.272844 -0.4628166 0.5469318 0.6976149 0.8112301 0.4921179 0.3157939 0.05081355 -0.8341317 -0.5492197 -0.2719029 0.06075084 -0.9604052 -0.7972734 0.4487682 -0.4036859 -0.3831837 0.6656712 0.6403532 0.2312099 -0.5864389 -0.7762934 -0.6069046 0.2883659 -0.740616 0.4361156 -0.8043219 -0.4035711 0.7590314 -0.5389934 0.3651813 0.5196682 -0.2218797 0.8250542 0.1757704 0.1389382 0.9745774 0.204723 -0.3991805 -0.8937246 -0.2697907 0.7110914 -0.6492781 0.4830248 -0.8232045 -0.2983647 0.2750008 -0.3871356 0.8800572 0.5396935 -0.8418053 -0.009736239 -0.5766942 0.8169484 -0.004380524 -0.270089 0.4441602 0.8542679 7.4047e-5 0.1651915 0.9862615 -0.346605 0.3936108 -0.8514315 -0.5529153 0.5047329 0.6629701 -0.2490248 0.003722488 -0.96849 0.5604565 -0.771905 0.3000858 -0.05331188 0.2533133 0.9659143 0.7677004 0.2926993 0.5700554 -0.9482502 0.1813907 0.2606127 -0.8406647 -0.2930281 -0.4554312 0.880724 -0.2887167 -0.3754572 0.1639295 -0.3069229 -0.9375103 -0.1933708 0.4362232 -0.8788157 0.2938395 -0.337302 -0.8943634 -0.2922526 0.4437081 -0.8471786 0.4715956 -0.3745248 0.7983288 -0.344151 0.4328321 0.8331965 0.2450675 -0.3919408 0.8867494 0.7004868 -0.713003 -0.03074169 0.5949264 -0.8037728 -0.003497719 -0.2281285 0.1346927 0.9642694 0.5788135 -0.3151026 -0.7521206 0.9858111 -0.1567658 0.06000757 0.5561105 0.1216188 0.8221619 -0.3947987 0.0813446 -0.9151596 0.4873964 0.003913998 -0.8731721 -0.9919726 -0.08142036 -0.09675359 -0.7059484 0.707204 -0.03872424 0.9646054 0.2178961 -0.1485186 0.5201923 0.07126206 0.851071 -0.3785239 -0.04066985 -0.9246977 -0.267663 -0.04615044 0.9624068 -0.968366 -0.2220966 -0.1137563 0.4338181 0.2385582 -0.8688451 0.9538217 0.3003732 3.0553e-4 -0.3556384 -0.327329 0.8754297 -0.4296207 0.1343934 -0.8929528 0.4519655 -0.1227074 0.8835554 0.9131049 0.4077212 0.00171101 0.2841314 0.4584429 -0.8420805 -0.9508936 -0.2747676 -0.1424926 -0.3352506 0.5014868 -0.7975702 -0.009522914 -0.9318219 -0.3627912 -0.3830717 -0.5564892 0.737276 -0.5347573 0.2426661 0.809412 -0.5237734 0.5192298 0.6753236 0.01632827 0.999553 0.02504593 0.4563214 -0.4940467 -0.7400599 0.04324442 -0.9980478 0.04506182 0.4874408 0.3576347 -0.7965544 0.2387878 0.7682137 -0.5939934 -0.3572078 -0.5655584 0.7433346 0.6355593 -0.4840904 -0.6014324 0.4478141 0.5323553 -0.7183735 0.1361101 -0.9906223 -0.01190108 0.1499544 -0.9680844 0.2008146 0.6982457 -0.3782169 -0.6077868 -0.8219906 -0.0171318 0.5692436 -0.4946997 0.6162494 0.6127879 0.1226376 0.9924515 -2.02663e-4 0.7860019 0.565487 -0.2498509 -0.4740894 -0.8793453 -0.0446214 0.7640386 0.610828 -0.2076876 0.7533236 -0.4665463 -0.4635066 0.3485013 0.9298486 -0.1180192 -0.7721715 -0.2675194 0.5763547 -0.7529953 0.4426074 0.4869258 -0.7651011 -0.513853 0.3880405 0.6419183 -0.7354472 -0.2169296 -0.02710711 -0.9957079 -0.08849304 -0.9549882 0.1800877 -0.2357245 -0.3122285 0.8840092 0.3479097 -0.2876123 0.830662 0.4767389 -0.3973472 0.9104318 0.1150195 -0.8642339 -0.3196509 -0.3884882 -0.5762199 -0.6803582 -0.4528614 -0.4284068 0.2226371 0.8757286 -0.9215888 0.1907888 0.338044 -0.91962 0.381509 -0.09354108 0.9159498 -0.4007392 -0.02107119 0.6718065 -0.1466602 0.7260625 0.001809239 0.06044334 0.9981701 0.5450491 -0.1701256 -0.8209621 -0.03918308 -0.07076978 -0.9967228 0.8871191 -0.05870449 -0.4577921 0.8503411 0.2379111 0.4693809 -0.1302433 0.08846229 0.9875278 -0.7214637 -0.05894839 -0.6899386 0.5600652 0.3737872 -0.7393308 0.5004264 0.7782105 0.3794231 -0.3842523 -0.6781517 -0.6264668 -0.1542006 0.2657877 0.9516193 0.2612181 0.6412056 -0.7215405 -0.5226483 -0.8128184 -0.2572259 0.1504313 0.1633732 -0.975028 0.7007256 -0.1163895 -0.703873 -0.9477627 0.1544204 -0.279106 -0.3529853 -0.09820961 0.9304603 -0.97519 0.200326 -0.0942018 0.9824022 -0.07754623 -0.1699197 0.5808541 -0.1465592 0.8007054 0.1674895 -0.1680025 0.9714539 -0.4395931 0.2172003 -0.87154 0.6107497 0.3152506 -0.7263622 0.220342 -0.1229684 0.9676406 0.7304188 0.3797196 0.5677161 0.9187548 -0.1374864 0.3701177 0.6148973 -0.7326999 -0.291637 -0.9609991 0.07661569 -0.2657268 -0.108261 0.787233 0.6070781 -0.6182641 0.7413858 0.2609536 -0.7118448 -0.3766106 -0.5928251 -0.2184844 -0.2696246 0.9378525 -0.7517746 0.6594045 0.004543244 -0.8247241 0.3365963 0.4544592 0.4827213 -0.7348996 0.4763431 0.8040903 -0.5944916 0.004324376 0.268996 0.3333607 -0.9036105 0.2239221 0.2678818 -0.9370691 -0.4358732 -0.868788 -0.2349936 -0.8589545 -0.05888211 0.5086552 -0.6292901 0.5539287 0.5451213 -0.3246421 0.833873 0.4463893 0.5448624 0.8375831 0.03974574 0.3415195 -0.8465965 -0.4082144 -0.5234016 -0.8480175 0.08316892 0.8690456 -0.03445035 -0.4935311 0.8189221 -0.1111119 -0.5630459 0.531638 0.8449621 -0.05831247 0.5112592 0.8437129 -0.1635932 -0.8989931 -0.06549376 0.4330381 -0.4897823 0.8363747 0.2461522 0.4907432 -0.857004 -0.1572116 0.1626855 -0.9606419 0.2251679 -0.4032607 -0.9019475 0.1545049 -0.9552334 -0.110749 0.2743428 0.9618461 -0.1986668 -0.1881058 0.9055632 -0.00292176 -0.4242016 -0.03137195 -0.9334507 0.3573313 -0.7920718 0.6031876 0.09373915 0.8507208 0.5052245 -0.1449911 0.5521894 0.7881507 -0.2718551 -0.3904365 0.1415382 -0.9096847 0.5999938 -0.4709355 -0.646705 -0.9301063 0.2836658 -0.2333153 0.9439179 -0.3290835 -0.02688956 0.5272704 -0.2061207 0.824318 0.136572 -0.1172628 0.9836654 0.4761427 -0.07326191 -0.8763109 -0.4215506 0.2182645 0.8801453 -0.9492506 0.3058403 -0.07338339 -0.4797443 0.01270574 0.8773164 0.4800414 -0.2405668 0.843616 -0.9865033 0.1460476 -0.07403707 -0.06164914 0.4247585 -0.9032052 -0.2934837 0.2167559 -0.9310662 0.8522074 -0.07636612 0.5176011 -0.8001059 -0.01574373 0.5996522 0.9964839 -0.08341974 0.007813453 -0.1776074 0.7055475 0.6860454 0.3640484 0.9313765 -0.00260061 -0.1918718 0.5816831 0.790462 -0.5250839 -0.3707758 0.7660368 0.2958742 0.9552084 0.005939066 0.6340263 0.2838029 -0.7193515 0.5840786 0.3062536 -0.7517055 -0.6273587 -0.5166816 0.5826331 0.510762 -0.6636409 -0.5465373 0.2787371 -0.63892 -0.7169986 -0.8843723 0.463328 -0.05668246 0.1532209 0.9499052 -0.2724031 -0.3884822 0.6329506 0.6696681 -0.6523345 0.7249405 -0.221181 -0.8481383 -0.2303197 0.4770895 -0.1490964 -0.5826892 0.7989016 0.1145419 -0.9014026 0.4175568 0.6910623 0.4106256 -0.5948273 0.6941838 -0.716529 0.06852042 0.8547609 -0.5188301 -0.01411586 -0.3806812 0.8698284 0.3138162 -0.1206818 0.7686465 -0.6281868 -0.4890713 0.2149678 0.8453391 0.2746767 -0.09195387 -0.9571298 -0.2438691 0.2930411 0.9244754 0.3725476 -0.8447985 -0.3840885 -0.3851722 0.8895069 0.2458043 0.0987398 -0.7832344 0.6138358 0.3268055 -0.0912075 -0.9406804 0.0421186 0.7265484 -0.6858232 0.5951427 -0.5893666 -0.5463079 -0.1985447 -0.2642359 0.9438005 -0.1519467 0.9727017 -0.1753959 0.1107878 -0.9852704 -0.1302629 0.1739778 -0.5308973 0.8293852 -0.2002779 0.4379147 0.8764243 -0.2838982 0.9580932 0.03820192 -0.2605049 0.4173004 -0.8706306 -0.04618477 0.4992426 0.8652305 0.1385227 -0.3700424 -0.9186295 0.2956976 -0.9551019 -0.01852852 -0.2086917 0.3702399 0.9051908 0.1225655 -0.5055812 0.8540289 0.4435458 -0.8960418 -0.01940113 -0.4075337 0.9107995 -0.06603389 0.2562716 0.2591657 -0.9312132 -0.03230321 0.3603296 -0.9322656 0.4088551 -0.7658445 0.4963062 -0.4025157 0.6744636 0.6189346 0.3564128 0.2461948 -0.9013092 -0.5939981 -0.4697699 -0.6530563 0.6345056 0.7125799 -0.299387 0.1787228 0.5250339 0.8321043 0.6124478 0.7902181 0.02151781 -0.6339514 -0.7731884 0.01689255 -0.4212151 -0.3625395 0.8313501 -0.223998 0.0227828 0.9743233 -0.1754295 -0.5959626 -0.7836154 -0.4461337 -0.5080307 0.7367969 -0.3480123 -0.9374847 -0.003162443 0.3547722 0.1375856 -0.924774 0.4123615 0.8934247 -0.1781862 0.1319112 -0.6942538 -0.7075389 -0.04053115 0.7413504 0.6698932 -0.2862471 -0.7360735 0.6133992 0.07891547 0.8967807 0.4353811 0.4583927 -0.1433819 -0.8771076 -0.4212631 0.743909 -0.5187841 0.5472162 0.836822 -0.01683342 -0.8267804 -0.05695641 -0.559634 0.8130183 0.2844836 0.5080063 0.5458459 -0.3158004 0.7760945 0.3419014 -0.9127431 0.2236147 0.236317 0.9037885 0.3568204 -0.4546731 -0.3642467 -0.8127711 -0.02752161 -0.9995397 -0.01276844 -0.1240555 0.9848446 0.1212081 0.1381653 0.2631058 0.9548224 0.1446743 0.3869047 0.9106999 -0.2676436 0.1876954 -0.9450595 -0.01945108 -0.8666948 0.4984595 0.1951858 -0.6981362 0.6888456 -0.3739333 0.07171422 -0.9246788 0.08656191 0.8684332 0.4881913 -0.01996189 -0.9334346 -0.358192 -0.8478618 -0.08457702 0.5234283 -0.8291913 0.451538 0.3294772 -0.6425628 0.7657388 0.0275219 0.6807267 0.5246168 -0.5112617 0.6709733 -0.7414527 0.006546914 0.874066 0.09303468 -0.4768159 0.2591962 -0.9004968 0.3491747 -0.2004427 -0.8333305 0.5151534 0.2034636 0.8617535 -0.4647403 0.6947486 -0.3109405 -0.648568 0.249014 -0.9518089 -0.1790309 -0.7017955 -0.6240392 0.343596 -0.696529 0.1901616 0.6918714 0.6606119 0.7164639 -0.2242131 -0.1308594 0.9763006 0.1723746 0.6533435 0.7477188 -0.1185702 -0.1465229 0.1100882 -0.9830624 0.5483807 0.5808099 0.6016132 0.3896144 0.4366904 0.8108651 -0.555198 -0.6550949 0.5124509 -0.6349229 -0.7254714 -0.2656393 -0.2372329 -0.4534735 -0.8591173 0.3585751 0.3975054 -0.8446382 -0.4269613 -0.4593778 0.7788943 0.2492264 0.5913403 0.7669439 0.6083744 0.7933551 -0.02164137 0.00480169 -0.4844722 -0.8747935 -0.5316144 -0.8454804 -0.05048805 0.5582148 0.8288952 -0.03645747 0.1538034 0.7036069 0.6937448 -0.4464715 -0.3098712 0.8394303 0.5631272 0.1817289 -0.8061406 0.4183455 0.2971231 -0.8583152 -0.3447028 -0.8716297 -0.3484849 -0.5658263 -0.3282513 0.7563675 0.2560217 0.9364175 0.2399483 0.6351718 -0.3479041 -0.6895793 0.02832216 0.9264538 0.3753416 -0.8530907 0.0209459 0.5213422 -0.3889028 -0.9136577 -0.1182557 -0.8069941 -0.5456243 0.2259529 0.2881 -0.8682287 -0.4039523 0.8472784 0.1412801 -0.512015 -0.4521768 -0.8886541 0.07635641 0.8643882 -0.1343125 -0.4845547 0.4798029 0.8729538 -0.08798271 -0.8550703 -0.03132683 0.517565 0.01307803 -0.9889385 -0.1477484 0.9768451 0.1782339 0.1183492 -0.5784075 -0.6143987 0.5366183 0.9385449 0.2175628 0.2679552 -0.07210654 0.429676 -0.9000996 -0.9574717 -0.2813715 0.06385886 -0.2337149 0.2923377 -0.9273166 -0.4823781 -0.4478073 0.7528479 0.6074236 -0.5476139 0.5754612 0.9951754 0.003292262 -0.09805607 -0.9728331 0.06379878 0.2225432 -0.649201 0.4468233 -0.615538 -0.8651789 0.4951 0.07963383 0.7599266 0.2536115 -0.598492 0.3044879 -0.6291338 0.7151769 0.2446318 0.5497167 -0.7987284 0.7286887 -0.5013698 0.4665202 -0.6358258 -0.6580075 0.4034251 -0.9639253 -0.2206555 -0.1488599 -0.9756931 -0.2090319 -0.06579405 -0.05134451 0.78183 -0.6213741 0.3733086 0.6405341 -0.6710862 0.5770649 -0.5637768 0.5908908 -0.775839 -0.6302933 -0.02836346 0.7509372 0.6494031 0.119871 0.4208969 -0.3417286 0.8402783 0.8514886 0.5149251 0.09909278 -0.2655556 0.8018251 -0.53531 -0.4279724 0.4085415 -0.8061845 -0.8278085 -0.5447637 0.1340358 -0.8043527 -0.4975119 -0.3248061 -0.3644343 -0.813193 0.4537676 0.5213585 0.3946544 0.7565932 0.1160904 0.4290203 -0.895804 -0.05564588 0.1490977 0.9872555 0.8209626 0.335381 0.4621042 0.6785441 0.5175277 -0.5212897 -0.8137246 -0.3319851 -0.4771145 -0.6708094 -0.5128749 0.5356997 0.04098129 -0.1576645 -0.986642 -0.5324204 -0.8184438 0.2160515 -0.6712848 -0.7001886 -0.2431308 0.5316588 -0.1222179 0.8380941 -0.54119 0.1170707 -0.8327112 0.2639545 0.7194659 -0.6424149 0.6640129 -0.05870229 0.7454133 0.4325173 0.8341996 -0.3421112 -0.4554509 0.3631947 -0.8128064 0.2973135 0.9535433 0.04858046 0.8030097 -0.1887146 0.5652984 -0.2871948 -0.9568727 0.04375034 -0.1778116 0.8892231 0.4215039 -0.7477527 0.446797 -0.4911602 -0.09473276 -0.8339126 -0.5437054 -0.2332468 -0.8405577 -0.4889363 -0.9436427 0.1839613 -0.2751305 0.8081453 -0.5580765 0.188287 0.6096169 0.5784184 0.5420327 0.05191916 -0.8868317 -0.4591667 -0.8555797 0.5131391 -0.06834912 -0.1200959 0.9021407 0.41439 0.9017382 -0.1810728 0.3925313 0.1712693 -0.3481906 -0.9216454 -0.5646858 0.4353213 0.70116 0.9048557 -0.3851041 0.1814693 -0.1432219 0.3957491 0.907122 -0.2424287 -0.1296129 -0.9614723 0.4898804 -0.7020698 -0.5168318 0.4612565 0.04381161 0.8861846 0.6576489 -0.5463149 0.5186887 -0.347264 -0.2907402 -0.8915593 0.7537033 0.1399828 0.6421341 0.083682 -0.05044955 0.9952147 -0.8609656 -0.4117451 0.298671 -0.8675473 -0.4964053 -0.03072094 0.900328 0.433416 0.03949999 0.3463331 0.4194843 -0.8390986 0.1460948 0.06511473 -0.9871253 -0.4405121 -0.09757608 -0.8924282 -0.2749731 -0.4173046 0.8661679 0.7198818 0.3249058 0.6133567 -0.7658475 -0.6267819 -0.1436044 0.5365835 0.6986393 -0.4732667 -0.6629286 -0.6606922 -0.3521528 -0.3034217 0.2088568 -0.929685 0.6472969 0.2297955 0.7267742 -0.2132358 -0.6965271 0.6851135 0.3497388 0.8342496 -0.4262753 0.4191906 0.8979789 -0.1338403 0.4823099 -0.7045505 0.5205632 -0.223528 -0.8746563 0.4301298 -0.9671649 0.02096307 -0.2532835 -0.5533278 -0.7571501 0.3472062 0.6659982 0.6823275 -0.3014557 0.7384457 -0.422939 0.5251862 -0.4687221 0.6807247 -0.5629507 0.2295912 0.9368417 -0.2638475 0.929097 0.05912017 0.3650801 0.05370277 -0.9013724 0.4297022 -0.921165 0.1978641 -0.3351193 0.7025655 0.6802283 0.2090242 0.5048535 -0.1875312 -0.8425883 0.6161541 -0.7832081 -0.08330243 0.4578548 -0.8690034 0.1876227 -0.7648944 0.6414456 -0.05902558 0.1433456 0.3710363 -0.917488 -0.30817 0.4472981 -0.8396164 0.8313793 -0.3741605 -0.4108679 0.4127476 -0.7126878 0.5671999 -0.1937892 -0.4472895 0.8731425 -0.3858345 0.03513532 0.9218989 -0.9260005 0.2465313 0.2859117 -0.1062265 0.6216387 -0.776068 0.5661351 0.3148243 -0.7618247 0.7999945 -0.5999246 -0.009963035 0.5861629 -0.5242848 0.6176881 0.3429827 0.1258667 -0.9308708 0.5091859 0.09018766 0.8559182 0.6363848 0.004769742 0.7713571 -0.9427483 -0.1612632 0.2919243 -0.9541844 -0.2989497 -0.01270639 0.2254508 0.2282435 -0.9471414 0.746238 0.06075835 0.6629008 0.6713146 -0.3368729 0.6601919 0.1064391 0.07098823 0.991782 -0.8808508 0.3677241 0.298129 -0.9536741 0.3006264 -0.01137971 0.9595808 -0.2781592 -0.04280376 -0.006841361 -0.07177013 -0.9973978 0.06316095 -0.2183267 -0.9738297 0.02589493 -0.01641225 0.99953 -0.9242905 0.1944378 -0.3284523 -0.5840241 -0.7300504 0.3548836 -0.7225612 0.480463 0.4970521 -0.2355351 0.9587083 0.1593791 -0.03546398 0.9931202 -0.1116 0.06999236 -0.9945295 0.07753843 -0.6251431 -0.5184754 0.5834205 0.6995561 -0.5350435 -0.4736558 0.6792365 -0.173855 -0.7130303 0.6951352 0.4112294 -0.5896418 0.664031 -0.7444263 -0.06994676 -0.7915107 0.009466528 0.611082 0.2004986 0.9148433 -0.3505169 -0.5977017 -0.2300225 0.7680119 -0.5495927 0.4879452 0.6781278 0.1739968 0.9109709 -0.373975 -0.4112332 0.712051 0.5690965 0.09549748 -0.9939885 0.05354678 -0.4597837 -0.4799133 0.7471829 0.5130959 -0.4320403 -0.7416697 0.2346652 -0.7655383 -0.5990687 0.6831009 -0.2029078 -0.7015708 0.01615637 -0.8808525 0.4731152 -0.6308614 0.662483 0.4038939 0.03499454 0.8884791 -0.457581 0.6906594 0.2743654 -0.6691138 -3.86981e-4 -0.8646807 0.5023218 -0.8423421 -0.2789872 0.4611137 -0.6521521 0.6527534 -0.3855008 -0.2283367 -0.8089482 0.5417242 0.6540125 0.5342594 -0.5355695 0.9412246 -0.08867192 -0.325935 0.3381081 -0.8874545 0.3132211 0.961811 0.08975613 -0.2585796 -0.606369 0.7858108 -0.1217294 -0.255206 -0.9092699 0.328783 -0.4854095 0.8192419 -0.3053201 -0.9459012 -0.1279491 -0.2981612 0.6871349 -0.5866671 0.4285645 0.4455211 0.8925177 0.07016479 -0.1178881 -0.9779038 0.1726463 -0.7173714 -0.3351648 -0.6107723 0.6659113 0.6725546 0.3228508 0.7498404 -0.2943645 0.5925275 -0.8969258 -0.2293475 -0.378053 -0.3280577 0.8405688 -0.4310711 -0.4838387 -0.8580349 0.172268 0.9579451 0.08184438 0.2750326 -0.6158961 0.6281085 -0.4755541 -0.9674304 0.070225 -0.2432014 0.7311673 -0.5714038 0.3726823 0.4231058 0.8916 -0.1613415 -0.8125119 0.04300016 -0.5813565 -0.6795806 0.7305527 0.06680488 0.2956289 0.8786709 0.3748882 -0.2692742 -0.7435585 -0.6120557 0.7099017 -0.165813 0.6845039 0.07284629 -0.973037 0.2188433 -0.1544528 -0.6371393 0.7551145 -0.3958033 0.7343883 0.5513743 -0.3178384 0.0314812 0.9476222 0.4193396 -0.3202391 -0.8494712 0.3624183 -0.9056642 -0.2200575 0.1083546 0.6137224 -0.7820512 0.1895347 0.2307425 -0.9543766 -0.09476119 0.9436703 -0.3170281 -0.537896 0.2250344 0.8124208 0.3015896 0.5758967 -0.7598597 0.5795794 -0.4899768 -0.6511608 0.04219579 0.9580989 -0.2833126 0.561445 -0.7226135 -0.4032484 -0.3865789 -0.4885193 0.782244 0.5785107 -0.6734668 0.4601825 -0.1017174 -0.200169 0.974467 -0.8494278 0.2850659 0.4440834 0.1271342 0.1802082 -0.9753779 0.8454864 -0.2803755 -0.4544695 -0.5893878 0.6783443 -0.4387152 -0.3122612 -0.07397675 -0.9471116 -0.7822371 0.4555153 -0.4249836 -0.3002198 0.7554039 0.5824371 -0.1570671 0.6861827 0.7102699 0.7918033 -0.5103558 0.3355363 0.03735619 -0.5561534 -0.8302397 0.5566681 -0.06809419 0.8279396 0.5364421 -0.8433213 0.03223645 -0.5342121 0.5803538 -0.61466 -0.2760471 -0.4056552 -0.8713449 0.1630011 -0.6931907 0.7020807 0.07862615 0.6517691 0.7543309 -0.1129757 -0.8611775 0.4955905 -0.07308804 -0.2727832 -0.9592953 -0.1322361 0.6761917 -0.724761 -0.05976563 -0.8175876 -0.5726943 -0.3031058 -0.5204548 -0.7982817 -0.2264425 0.05653268 -0.9723826 -0.02074712 0.9486879 -0.3155328 0.2199511 0.6394915 0.7366628 0.07235318 0.9130661 -0.401342 0.2902957 0.7247622 0.6248586 0.1740863 -0.2871217 0.9419423 0.3967767 -0.2755934 0.8755664 -0.07654726 -0.9894955 0.1226342 -0.1648349 -0.9200332 -0.3554835 0.1666113 0.9494639 0.2660058 -0.4718723 -0.1778087 -0.8635511 -0.4065344 0.2089855 -0.8894127 0.2068547 -0.7938862 0.5718006 -0.1148574 -0.6096377 -0.7843148 -0.9920929 -0.1201583 -0.03624653 -0.806996 0.4217257 0.4134067 0.8222259 0.3980982 0.4067709 0.8549417 -0.3541536 -0.3790119 0.7966093 0.5500962 0.250615 -0.736584 -0.4580417 -0.4976363 0.6702852 0.6031525 0.4323481 0.6178335 -0.6629528 -0.4228184 0.3033518 -0.8439246 -0.4424579 -0.7673714 -0.490855 -0.4125563 -0.8343361 0.4292767 0.3458392 0.6484603 0.6667953 -0.3672646 -0.6916078 0.3933533 0.6057655 0.8067074 -0.1471553 -0.5723361 0.309095 0.9492938 -0.05746072 -0.2894229 -0.953556 -0.08345872 -0.6703692 -0.6735788 0.3112828 0.0648359 -0.9608703 -0.2693042 -0.6221616 -0.693221 0.3638127 -0.7490492 0.6621062 -0.02325654 -0.0827251 0.9823513 0.1677577 0.7088965 0.4470413 -0.5455456 0.8849766 0.05989509 -0.4617674 0.5753408 -0.6925511 0.4351505 0.448276 -0.8406639 0.3038632 -0.9529551 0.2041026 0.2240953 0.3487137 0.7072729 -0.6149502 0.7527481 -0.363851 0.548619 0.1134514 -0.4464383 0.8875932 -0.9540522 -0.1638291 0.2508873 -0.9927999 -0.08394557 -0.08544844 0.9941145 0.1079215 0.009454846 0.06819409 0.4868432 -0.8708233 0.1475536 0.3724502 -0.9162471 0.8580773 0.3728797 -0.353078 -0.7412596 0.2837612 -0.6082876 0.3268249 -0.3170806 0.8903064 -0.816804 -0.3619608 0.449239 0.7976034 -0.2538821 -0.5471496 -0.7448915 0.2219642 0.6291809 0.8783871 -0.2253132 0.4215094 -0.8561677 0.02857661 0.5159072 0.07127058 0.1012831 -0.9923016 0.6700643 -0.05281805 0.7404216 -0.4736087 -0.158874 0.8662874 -0.01298701 -0.3115349 0.950146 -0.7605799 0.06189125 -0.6462876 0.7153155 0.53046 -0.4549024 0.3659211 0.2774943 -0.8883123 -0.2016085 0.1867514 -0.9614979 -0.518608 0.635052 -0.5724986 0.1990072 0.4866905 0.8506048 -0.1901292 0.9803506 0.05257022 0.2832653 -0.1127344 0.9523927 0.2198336 -0.9347822 -0.2790257 0.4760421 -0.8793284 0.012865 -0.1809959 -0.7849901 0.5924787 0.4134678 0.7640918 0.4951849 -0.1364237 0.1082148 0.9847224 -0.4762272 -0.6739362 -0.5648165 0.4083284 0.8024858 -0.4350686 0.7097305 -0.4301301 0.5579164 0.5500023 -0.7232713 0.4175837 0.2302885 0.9591572 0.1642701 -0.03727364 0.9982672 -0.04553371 -0.7072837 -0.1863117 -0.6819368 -0.1442397 -0.9876444 -0.06126779 0.8138399 0.2830384 0.5074978 -0.3341339 0.8920224 -0.3043857 -0.8047569 0.05936145 -0.590629 -0.5587908 -0.8178822 -0.1371924 -0.4149454 -0.2487891 0.8751711 -0.006362676 0.8304232 0.557097 -0.3408578 -0.8925344 0.2952934 -0.1310108 -0.7177332 -0.6838825 0.2766316 0.04477906 -0.9599322 -0.8646696 -0.5023047 -0.006056249 0.1629678 0.9167359 0.3647421 0.7474688 0.4112112 -0.5217239 0.7843906 -0.3252791 -0.5281333 0.3463522 0.6548481 0.6717248 0.4856708 -0.6682374 -0.5635448 -0.994605 0.07720834 -0.06928044 0.3889091 0.5434305 0.7439308 0.05126219 -0.8527422 0.5198105 0.06066101 0.05282849 0.9967595 -0.2165019 0.8526919 0.4754405 -0.06320518 -0.03587585 -0.9973555 0.2177298 -0.8606554 -0.4602891 -0.04960638 0.8437989 -0.5343619 0.3254662 -0.820652 0.4696831 -0.6773072 -0.6849547 -0.2684998 0.8283072 -0.2252197 0.5130138 -0.2419849 -0.9192858 0.3104143 0.9128185 -0.06560724 0.403061 -0.9293143 -0.0794748 -0.3606367 -0.04568821 0.9424062 -0.3313355 -0.891049 -0.08153915 -0.4465233 -0.8512186 0.3856793 -0.3559191 0.1429869 0.989462 0.02279561 0.7842289 0.451865 0.4252097 -0.08858048 -0.8108199 -0.5785539 -0.2777156 -0.9522624 0.1267693 0.3596639 0.6924669 0.6254051 -0.8891602 0.4534162 0.06170916 0.9089582 -0.4145516 0.04406994 -0.9606881 0.2343482 -0.1488609 -0.2919888 -0.6572519 -0.6948111 -0.1547322 0.8241146 0.544879 0.7601298 -0.5029145 -0.4114363 -0.8577222 -0.4069895 -0.3141212 0.002159774 -0.9556463 -0.2945092 0.694014 0.7151381 0.0831995 0.7925233 -0.257389 -0.5528634 -0.8115878 0.08484029 0.5780376 0.2247815 0.9626708 -0.1507923 -0.87103 0.1531235 0.466755 0.8365586 -0.3466009 -0.4243083 -0.594193 -0.5798283 0.5574352 -0.1479148 -0.9858879 0.07839876 -0.06818479 0.996834 0.0409013 -0.9976139 0.03404808 -0.06006115 0.006491959 0.2462436 -0.9691863 -0.7994005 -0.2115735 0.5623128 -0.5805595 -0.2599638 0.771602 0.6373631 -0.3229075 0.6996422 0.9640246 0.06908124 -0.2566795 0.8966637 -0.2004252 0.3947456 0.4381663 0.4291687 -0.7898256 -0.7185735 -0.380695 0.5819996 -0.7612869 0.3019931 -0.5737965 -0.2724677 0.3186764 -0.9078584 0.8932061 -0.1953739 0.4049839 0.2491664 -0.02516531 0.9681338 0.3745561 -0.6959289 0.6126914 -0.07507324 0.9570528 0.2800251 0.006372213 -0.9998445 0.01644533 -0.0175907 0.997681 -0.06575256 -0.2490022 -0.0934903 -0.96398 -0.139964 -0.1680128 -0.9757981 -0.3486691 -0.1691834 -0.9218498 0.197988 0.9577082 0.2087964 -0.02898168 -0.6965263 0.7169458 -0.1363094 0.7411913 -0.6573091 0.5435174 0.5348526 -0.6469324 -0.9275376 0.3126599 -0.2047383 -0.628185 -0.4657737 0.6232483 -0.9798964 0.1266497 -0.1541525 0.9522376 -0.2759503 0.1307478 0.5321196 -0.6182253 0.5784861 -0.1420668 -0.6878092 0.7118536 0.9973594 0.07178688 -0.0109952 0.6841156 0.6202836 -0.3837111 -0.6418383 -0.6532253 0.4016722 0.949539 0.1887295 0.2505137 -0.8198828 -0.5724548 -0.009376406 -0.01952004 -0.7912591 0.6111694 -0.2262585 0.7658506 -0.6018972 0.4358491 0.8638463 -0.2525969 -0.5051096 0.7059691 -0.4964593 -0.294284 -0.8191623 0.4923111 0.8481392 0.418128 0.3253139 0.03301888 0.9544863 -0.296422 0.687076 0.3969004 0.6086024 0.6503477 -0.3639887 0.6667534 0.516972 -0.6185033 0.5917717 -0.1983885 -0.9795398 -0.03382009 -0.534133 0.6344556 -0.55872 0.1330564 0.9895734 0.05514258 -0.7117188 -0.3440147 -0.6124625 -0.5593069 -0.6732521 -0.4836398 -0.8289756 0.03086107 -0.5584327 0.4086914 0.7933766 0.4511373 0.3137267 -0.8650945 0.3913913 0.03736287 -0.9532272 0.2999367 -0.8561103 0.3484751 0.3816285 0.3047221 -0.935504 0.1788209 0.5823426 0.5313666 -0.6152453 -0.7159901 0.6097934 0.339868 0.5239478 0.5188231 -0.6755008 0.7929716 -0.5058565 -0.3395664 -0.813472 0.4504111 0.3679583 0.6617535 0.6288361 -0.4082249 0.8629004 -0.3320958 0.3809401 0.009111166 -0.9121243 0.4098125 0.9053214 -0.05453562 0.4212114 -0.8039022 -0.5305992 0.2687119 -0.2957513 0.7797887 -0.5517798 -0.9094781 0.2156918 -0.3554248 -0.1709087 0.213293 0.9619233 0.4238531 0.4033081 0.8109816 0.6810894 0.5244823 -0.5109165 0.3849492 -0.06175446 -0.9208694 -0.6551286 -0.5705617 -0.4952433 -0.5708342 -0.7157405 0.4023232 -0.4043096 0.8697588 0.2829372 -0.1692712 0.9670167 0.1903311 0.7631958 -0.06667709 -0.6427179 -0.3334667 -0.8826374 0.3312873 0.6856712 -0.2046353 -0.6985553 -0.7798196 -0.02775484 0.6253888 0.7873005 -0.1349691 -0.6016156 0.4536296 -0.8897037 0.05145615 0.3883482 0.8345292 -0.3908283 0.05212771 -0.9851209 -0.1637667 -0.4663869 -0.6767627 -0.5696276 0.8641136 -0.05154395 0.5006506 0.8101878 -0.4443518 0.3822924 0.6951863 0.5424664 0.4716423 -0.3224017 0.9370434 -0.1341898 -0.2765812 0.9410378 0.194809 -0.7629574 -0.4673797 -0.446601 0.2225882 0.950061 0.2187203 -0.253347 -0.948844 -0.1884418 0.7005885 -0.6028773 0.3817262 0.5669012 0.6997426 -0.4347224 -0.462447 -0.7493929 0.4738703 -0.9566847 0.06673914 -0.2833734 -0.9883199 0.1238516 -0.08879441 0.6207856 -0.6247394 0.4736307 -0.9655642 -0.1080512 0.2366662 0.2353687 0.790258 -0.5657684 -0.7442963 0.3727262 0.5541644 -0.06094706 0.3957625 0.9163283 0.9572358 0.1462295 0.2496331 0.9870237 0.1236662 -0.1024259 -0.9874841 -0.1548683 0.02985072 -0.04384207 -0.4117006 -0.910264 -0.1396721 -0.2825571 -0.9490275 -0.09523636 -0.5472522 -0.8315318 -0.673542 -0.04084306 0.7380198 0.9218168 0.354616 0.1565287 0.6231077 -0.7477225 0.2294514 -0.2520166 -0.6469686 0.7196661 -0.9712921 -0.08923673 0.2205184 0.9669014 0.112001 -0.229254 0.2618116 0.6415922 -0.7209814 -0.6472232 0.7316954 -0.2138319 0.6890786 0.2938986 0.6624156 0.9488106 -0.272185 -0.1602305 -0.2101477 0.6568546 0.7241409 -0.6339662 0.7389824 0.2280173 -0.9668952 0.1294888 -0.2198781 0.2838297 -0.6349125 -0.7185589 -0.703936 -0.3729048 -0.6044966 -0.6955162 -0.1865249 -0.6938773 0.621299 -0.7832227 -0.0234465 0.6784707 0.4163131 0.6052776 0.1869003 -0.8191428 -0.5422853 0.5186068 0.7481207 0.4139594 -0.7913759 -0.3029802 -0.5309682 0.3490557 -0.8766263 0.3311896 -0.3318246 0.8617893 -0.383682 0.7417723 0.5470988 0.3878877 0.8375312 0.0433278 0.544669 0.3277779 -0.850328 0.4117087 0.05877625 -0.9968388 -0.05345791 -0.8524672 0.1398284 -0.5037339 -0.7894751 -0.4281818 -0.4397609 -0.5212936 -0.8506231 -0.0685085 -0.6742317 0.6161038 -0.4072196 -0.5610795 0.7883789 -0.2522866 -0.6263828 -0.6001359 0.4974753 0.9448104 -0.3275979 -0.003624379 -0.4554559 -0.5026559 0.7347769 -0.3670738 0.7292936 -0.5773974 0.9760549 -0.06240677 -0.2083802 0.7470515 -0.2824311 0.6017864 0.6779875 -0.6775 -0.2851787 0.1640737 0.5285452 0.8328984 0.5484814 0.2596835 0.794816 -0.7458444 0.3499397 -0.5667966 -0.5704079 0.7736719 0.2758018 0.227734 -0.72288 -0.6523662 -0.7696947 -0.09744352 -0.6309317 0.4539967 -0.7490468 -0.4825102 0.9939461 -0.008510768 -0.109539 -0.6115151 -0.6867036 -0.3930491 0.5080583 0.7802263 0.3648613 -0.6651242 0.5846843 0.4644935 0.5783515 -0.5886693 -0.5647815 -0.4536731 -0.8022268 -0.3880888 -0.6291134 0.5656788 0.5331264 -0.9661133 -0.1627278 0.2003617 -0.1791158 -0.06295514 -0.9818117 -0.9729866 -0.1734657 0.1523377 -0.7344313 -0.167791 0.6576145 0.8356077 0.3476446 0.4253273 0.8681837 0.1450443 -0.4745728 -0.2525005 -0.2105644 -0.9444078 0.9955589 -0.05196899 -0.07849639 0.5058427 0.2212699 0.8337643 -0.9871754 -0.07099306 -0.1429861 -0.5174956 0.2142724 0.8284237 0.1280267 -0.2413111 -0.9619657 -0.8411273 -0.07801699 -0.5351806 0.833309 -0.3558783 -0.423021 -0.03085082 0.3282126 0.9441 0.6833524 0.3093924 0.6612911 0.0202732 0.1623041 0.9865326 -0.8553062 -0.4223705 0.300091 -0.7804303 -0.6143851 0.1160157 0.7745002 0.6303248 0.05329507 0.4587965 0.2463469 -0.8537091 0.2201803 -0.1269023 -0.9671693 -0.2807363 -0.3567612 -0.8910155 0.06480121 0.06772744 -0.9955973 0.3568657 0.7143051 0.6020094 -0.6406479 -0.6891947 0.3384981 0.1467647 0.7557315 0.6382242 0.125692 0.03015583 0.9916109 0.09253674 -0.9526319 0.2897058 0.1110936 -0.9931371 -0.03656452 -0.1170426 0.9930124 -0.01508414 -0.1309422 0.009741604 -0.9913421 -0.04400247 0.1478033 -0.9880374 -0.2422457 0.1252152 -0.962101 -0.1462682 0.7216936 0.6765826 0.2011078 -0.9401654 0.2750362 0.7791493 -0.3705306 0.5056021 0.7050235 -0.5074681 -0.4953969 0.1883725 0.3444852 0.9196987 -0.7075448 0.5058699 0.4934329 -0.7792118 0.373218 -0.503525 -0.1788622 -0.3501622 -0.9194536 -0.3244276 0.8253828 0.4620498 0.8736787 -0.2999487 0.3830358 0.7589268 -0.5703855 0.3141504 -0.3194941 -0.278078 -0.9058678 -0.9001307 0.178918 -0.3971815 -0.8699079 0.4068425 -0.2788178 0.3030021 0.3416981 0.8896247 0.5775446 -0.7261351 -0.373055 -0.796456 0.1983153 -0.5712521 0.1478852 0.7378208 -0.6585975 -0.2934673 0.5083904 -0.8095778 -0.2370497 -0.7279851 0.6433081 -0.9845141 -0.1648682 -0.05958729 -0.714483 -0.649538 0.260028 0.9482033 0.3175371 -0.008978486 0.8691849 0.483169 -0.1051917 0.8988053 0.3174375 -0.3022952 0.6873421 -0.4242672 0.5895408 -0.8297609 0.4512845 -0.3283888 0.9095328 -0.3639894 0.200654 -0.9139811 -0.1753626 0.3659051 0.4750404 -0.7248828 0.4988804 -0.8202947 -0.3402681 0.459711 -0.1267533 0.797849 -0.5893816 0.1385684 0.7626755 -0.6317634 0.9275524 0.3717601 0.03796327 -0.8551364 -0.3955552 -0.3350788 -0.2225454 0.910418 -0.3487299 -0.6068099 -0.7872185 -0.1098582 -0.3039721 0.7945091 -0.5256959 0.8268779 -0.1014412 0.553157 0.1144158 -0.846531 0.5198985 -0.8877658 0.2508439 -0.3859396 0.7104571 0.6916078 0.130113 0.1317801 -0.08908683 -0.9872677 0.01436573 -0.9044704 0.4262946 0.05867654 -0.7690356 0.6365071 -0.3220669 0.8310386 0.4534841 0.01520293 0.9389918 -0.3436034 0.02328467 0.8124306 -0.5825929 0.3173514 -0.7964781 -0.5146949 -0.1854127 -0.1873711 0.9646317 -0.2641133 -0.8282476 0.4942166 -0.1055983 -0.004660546 0.9943979 -0.1008251 0.5381149 0.8368194 0.06910836 -0.5118855 -0.8562694 0.045381 -0.8729972 -0.4856095 0.5929915 -0.08876109 0.8003017 0.873421 0.4187802 -0.2485135 -0.1451828 -0.3401116 0.9291104 -0.4811317 -0.2234764 0.8476854 -0.9776055 -0.208487 -0.02864956 0.5103575 0.34302 -0.7885889 -0.4994133 0.07065057 -0.8634783 -0.8001506 0.06051874 -0.5967383 0.9696846 0.1578761 -0.1865129 0.9455855 0.03070241 0.323922 0.9973977 0.03706264 -0.06184071 0.5624663 0.0681526 0.8240066 0.4581717 -0.01249206 -0.8887759 0.09642922 -0.2511422 -0.963135 -0.6510607 -0.1592571 -0.7421303 0.03344672 0.2288951 0.9728763 0.5213469 0.2293951 0.8219339 -0.8745151 -0.1590438 -0.4581795 0.8372452 -0.3034687 -0.4548925 -0.08682566 0.03539443 -0.9955946 -0.8563274 0.2299745 0.4624015 -0.7739194 0.1130363 0.6231146 0.8791512 -0.05309784 0.4735755 0.8847798 -0.2762104 -0.3753301 0.7847468 -0.215219 -0.5812515 -0.8460416 0.06674927 -0.5289216 -0.1283196 0.09562063 0.9871124 -0.07355529 0.4000803 0.9135236 0.07262897 -0.1888034 0.9793254 0.2104777 -0.8907823 0.4027483 -0.02951312 -0.7241616 -0.6889986 -0.2893893 0.9151747 -0.2805512 -0.1395787 0.9348552 -0.3264409 -0.05185377 0.5634536 0.8245188 0.4171221 -0.7903637 0.4487031 -0.3791753 0.3861552 -0.8408986 -0.1270704 0.4751594 -0.8706761 0.3286346 -0.9438943 -0.03260189 0.1787438 0.585133 0.790993 -0.3851494 0.9222465 0.03348648 -0.1627971 -0.6534487 -0.7392576 -0.5860942 0.3578738 -0.726925 0.6175394 -0.5165261 0.5931662 0.3182215 -0.945989 -0.06196862 -0.3145943 -0.7560487 -0.573952 -0.5505659 0.8193011 -0.1600717 0.5224142 0.05023354 0.851211 -0.08600032 -0.1136326 -0.9897938 -0.5561932 -0.8282018 -0.06878191 -0.5096269 -0.5739952 0.6409446 -0.6229152 -0.5398183 0.5661916 0.4040657 0.8195668 0.4062526 0.5434867 0.3435081 -0.7659143 -0.08149278 -0.4221582 -0.9028519 0.5708094 0.8190235 0.0581153 0.3359073 0.5913273 0.7331428 -0.7922273 -0.04177874 0.6087942 -0.06656259 -0.4501103 -0.8904887 -0.8161647 -0.5644335 0.1236528 0.8509322 0.5207657 -0.06868487 0.8505437 0.0511769 -0.5234084 -0.8765658 -0.3947504 -0.2753261 -0.8014338 0.1890273 0.5674264 0.4296202 -0.5593889 -0.7088798 -0.599938 -0.5574412 -0.573876 -0.5242828 0.515932 0.6774525 0.5287405 0.4859555 0.6959028 0.9572184 -0.267385 0.110626 0.9797183 0.1861039 0.07427966 0.3428706 0.7858049 0.5147336 0.3051846 -0.8425325 0.4438485 0.03879565 -0.949689 0.3107824 -0.295381 0.04885417 -0.9541296 -0.4087268 0.7854226 -0.4648157 -0.2262213 0.9248862 -0.3056296 0.3208194 0.01131331 0.9470728 -0.105769 -0.9191223 -0.3795092 -0.1936174 0.8373938 -0.5111594 0.2467732 0.6103532 0.7527099 0.3308399 -0.05734139 0.9419432 0.3223924 -0.4737001 0.8195557 -0.001671195 -0.8943154 -0.447434 -0.2768774 -0.3989958 -0.8741518 -0.5161753 0.3673629 -0.7736974 0.009443998 -0.9943262 -0.1059537 -0.4674884 -0.3362449 -0.8175537 0.1688304 0.9246436 0.3413656 -0.1084769 0.9909688 -0.07882708 0.4467335 0.8395514 -0.3091645 0.3090629 -0.007664799 0.9510108 -0.4267314 -0.6855961 0.5897953 0.2178907 -0.8635483 0.4547613 -0.4624383 -0.4056481 0.7884164 -0.1655731 -0.1743372 -0.9706659 0.6574654 0.751914 0.04862713 -0.3244239 -0.3062289 -0.894971 -0.04852783 -0.7820143 0.6213684 -0.4342228 0.3108472 0.8454729 -0.3040458 0.9089066 0.2853855 -0.3501919 0.9221371 -0.1644044 0.4710553 -0.8785799 -0.07876831 -0.01535964 -0.5132723 0.8580884 0.2495179 0.002759277 -0.9683663 0.1658172 -0.1046055 -0.9805929 0.4019261 -0.7203467 0.5652929 -0.76891 0.5753237 0.278891 0.3982855 0.06960827 -0.9146165 -0.4659514 -0.0400269 0.8839046 -0.3716747 0.7394895 -0.5612604 0.6441107 0.5388243 0.5429456 0.5424706 0.5183548 0.6610855 0.7545186 -0.5733866 -0.3192641 -0.7474798 0.5926302 0.3001058 -0.9956027 -0.01900327 -0.09172934 -0.6341308 -0.5213419 -0.5710349 -0.7285518 0.6791283 -0.08942621 0.01834493 0.2594308 -0.9655874 -0.7090624 0.3254678 0.6255408 -0.8111845 0.3226332 0.4877374 0.5520331 -0.7579659 0.3474874 0.5890116 -0.2007898 -0.7827827 0.8237124 -0.530348 -0.2005719 0.1076463 0.391413 -0.9138973 0.5783057 -0.6910945 0.4335331 0.7239726 0.05054455 -0.6879746 -0.4753241 -0.2199701 0.8518688 0.3900253 -0.403329 -0.8277717 -0.639573 0.7480125 -0.1772672 -0.3872225 0.6933095 0.607767 0.215687 -0.7053194 0.6752805 0.1370356 -0.2721598 0.9524445 -0.3151993 0.7234147 -0.6142644 0.5255397 -0.6754198 -0.5173162 0.9492163 -0.2399306 0.2035232 -0.05210363 -0.37957 0.9236948 0.8720957 -0.1995476 -0.4467998 0.837557 -0.1334704 0.5297963 0.7567443 0.4278405 -0.4942575 -0.6999968 -0.7141377 -0.003445684 -0.6674895 -0.3185224 0.6730537 -0.5055671 0.5551425 -0.6604686 -0.2760376 0.4436522 -0.8526288 -0.9842256 0.08486628 -0.1552347 0.6960297 0.695413 0.1787273 -0.01994031 -0.9119175 0.4098889 -0.01633673 0.9009593 -0.433596 0.7989777 -0.1207218 0.5891188 0.7495369 0.6461676 0.1437429 -0.7597079 0.1670076 -0.6284524 0.2237712 0.1586418 0.9616441 0.7284033 -0.3135665 0.6091837 -0.634372 0.7216294 0.2771702 0.6682372 -0.7439231 -0.006123304 -0.6586416 0.7477378 -0.08414024 -0.1530326 -0.274035 -0.9494662 -0.01078075 -0.2286604 -0.9734466 -0.8247152 0.5022239 -0.2600311 0.08360558 0.297244 0.9511341 0.5969239 -0.5492899 -0.5847756 0.806241 -0.4159129 0.4207041 -0.7070845 0.4207623 -0.5683226 -0.4018951 0.1839471 0.8970195 0.4357246 -0.2887055 -0.8525218 0.09375804 0.05246448 0.9942118 0.3950697 -0.8948916 0.2075788 -0.5390852 0.8422512 5.98171e-4 0.1155183 -0.1567814 -0.9808543 0.09610581 0.6533408 0.7509391 0.01327919 -0.3425201 -0.9394167 -0.3662968 -0.8389904 0.4023951 -0.5538024 -0.5629122 0.6135413 0.05087286 -0.07757407 -0.9956879 0.4597779 0.8345509 0.3035277 0.8799593 -0.2085139 0.4268417 -0.3798029 -0.833131 0.4020479 0.7654642 -0.1635848 0.6223382 0.5352039 0.7921495 -0.2933528 -0.7549393 0.157082 -0.6367039 0.3238235 0.8501884 -0.4151124 -0.9990229 -0.02065223 -0.03907525 -0.1035453 -0.8572642 0.5043574 -0.7748615 0.3897442 -0.497684 -0.5297505 -0.6414207 0.5549269 0.9633682 0.1330099 -0.2328733 -0.1540824 0.9692315 -0.1919608 -0.5093316 0.8600395 0.03022128 0.4419848 -0.8967081 0.02375096 -0.6147574 -0.5883545 0.5252737 0.4148629 -0.8084958 0.4174011 0.4503781 0.8015447 -0.393301 0.9209378 -0.03820776 -0.3878324 -0.2413517 -0.6955481 0.676729 0.297757 0.7142444 0.6334002 0.2740441 0.9102628 0.3103571 -0.2764145 -0.8694113 -0.4095353 -0.01821768 -0.7746347 0.6321467 -0.06790089 0.1599339 -0.9847897 0.1363791 -0.8653237 -0.4823026 0.5431436 -0.7506113 -0.3762683 0.2267186 -0.6985855 0.6786583 0.1978795 -0.8117415 -0.549472 0.4474682 -0.5836693 0.677571 -0.2891024 0.3547307 0.8891491 -0.02846133 0.2500277 -0.9678204 0.2695725 0.002663612 -0.9629765 -0.5472193 0.7831232 0.2954134 0.4904711 0.843519 -0.2188922 0.7861593 0.4947758 0.3703382 0.3649317 -0.6276618 0.6876522 -0.679445 -0.7321949 0.0473833 -0.8314404 -0.0647245 -0.5518312 -0.7607665 -0.3698698 -0.5333204 -0.2102217 0.7458155 -0.6321124 0.7968077 0.3069195 0.5204786 -0.3845264 0.7366909 -0.5562607 0.1582514 -0.1446468 0.9767466 -0.03808826 -0.7843649 0.6191292 0.442022 0.8503633 0.2854804 -0.5084843 -0.7425684 -0.4359313 0.2100809 0.8007171 -0.5609976 -0.2906741 -0.7394729 0.6071972 -0.5010139 0.06654232 -0.8628773 0.2888018 0.7617741 -0.5799084 -0.3171011 0.920396 -0.2287315 0.4709659 0.6906856 0.5487663 -0.2941184 0.9556772 0.01325064 0.5878725 -0.3919249 0.7076728 -0.3917971 -0.7314212 -0.558138 0.2372868 -0.9686259 0.0738846 0.3591376 -0.6695882 0.6501321 -0.3939532 0.2646864 0.8801944 -0.6351858 0.7109962 0.3017011 -0.7160838 0.6975382 -0.025779 0.7146098 -0.699312 -0.01719331 0.3400006 -0.4149984 0.8439052 0.434053 -0.3115456 -0.8453032 0.06483078 -0.1411859 -0.9878581 -0.237342 0.3610488 -0.9018385 0.7750587 -0.3074946 -0.5520248 -0.06270492 -0.06817227 0.9957011 -0.6899083 0.6231991 -0.3683062 -0.6976909 0.576923 0.4247205 0.1368926 0.341466 0.9298718 0.9116082 -0.03585815 0.4094934 -0.1346176 -0.3441047 -0.929231 -0.9122741 0.03871047 -0.407747 0.6908569 -0.5788755 -0.4331513 0.6403877 0.7029954 -0.309356 0.469934 -0.1906359 -0.8618702 0.01658606 0.92645 0.3760527 -0.672212 0.2425008 0.6995173 -0.1941135 0.7399082 0.6440931 -0.5823608 -0.7130498 0.390405 0.1532127 -0.836739 -0.5257319 0.2548232 0.9647981 0.06503683 -0.03365373 -0.9206625 -0.3889063 -0.3401021 -0.8127089 0.4731121 0.8426845 -0.1780816 -0.5081042 -0.546114 0.8251571 -0.1444836 0.6905193 -0.7025383 0.1721135 0.5066499 0.5968099 -0.6221928 -0.5069251 -0.589572 0.6288337 -0.5585406 0.7640215 -0.3229609 -0.8254418 -0.3431254 0.4482308 0.5031362 0.7642666 0.4034237 0.9795399 -0.005304694 0.2011803 0.4846285 -0.7719371 -0.411398 -0.8331156 0.4191765 0.3608453 0.1670395 0.8130887 0.5576602 -0.9504924 0.07335752 -0.3019651 -0.3833924 -0.7597256 -0.5251926 -0.3272184 -0.2119637 -0.920869 0.8929656 -0.09815293 0.439293 0.1041411 0.274434 0.9559502 -0.8755021 -0.03183609 0.4821645 0.0203213 -0.2005651 -0.9794696 -0.4549583 0.1108542 0.8835861 0.6692273 0.388468 0.6334252 -0.9426408 -0.162291 0.2917019 0.4880694 0.1581227 0.8583621 0.9984486 0.05568206 -5.20237e-5 -0.9967632 -0.06025677 -0.05321955 -0.3887224 -0.1613677 -0.9071139 0.5686612 -0.09675091 -0.8168621 0.1448272 0.009464383 -0.9894117 0.6958888 -0.1066163 0.7101914 0.1621416 -0.2909659 -0.9428939 -0.9593745 0.1416552 0.2439967 -0.502052 -0.590397 0.6319615 -0.8544287 -0.190984 0.4831945 0.3583755 -0.8960084 0.2621753 0.8362942 0.1911434 -0.5138833 0.9416719 -0.2359935 -0.2399192 -0.4864747 0.8704147 -0.07563453 -0.9355852 -0.01773929 0.3526553 -0.4496067 0.8097517 0.3770361 0.287438 -0.7537139 -0.5910119 0.8343525 0.1353994 -0.5343435 0.4934482 -0.8288983 -0.263508 -0.127847 -0.8320103 0.539828 0.6448099 0.4462258 0.6205666 0.9604078 -0.2784745 0.008306026 -0.8298542 -0.002100765 0.5579766 0.9018097 0.2761923 -0.3323511 -0.6491466 -0.4613642 -0.6047742 -0.3295894 0.6758825 0.6592068 -0.3173269 0.7172698 0.6203448 0.8159577 -0.3033947 0.4921025 0.5504353 0.6544057 0.5184344 0.1402188 -0.9900359 -0.01295399 0.2459768 -0.9688357 0.02920687 0.3983108 0.4985845 0.7699103 -0.3578883 0.8881905 0.2881556 -0.7967681 0.4007242 -0.4523062 -0.1355252 0.9475529 0.2894414 0.3318704 -0.9404881 0.07310414 0.03219604 -0.9994488 0.008096933 -0.6391069 0.4748382 -0.6050382 0.9892145 -0.1455246 -0.01665151 -0.6841856 0.4087879 -0.6039724 0.9033609 0.3883509 0.1819967 -0.8027787 0.5874252 -0.102363 0.8023799 -0.5767455 0.1534647 -0.07891875 -0.9960282 -0.04122906 0.8918593 0.401552 0.2081899 -0.1557484 -0.9852226 0.07126575 -0.9069492 -0.4196658 -0.03638482 0.1067255 0.9917954 0.07036709 0.9224915 0.3665156 0.1211434 0.746884 -0.6388812 0.1843776 0.1017829 0.9909628 -0.08736765 -0.8227115 0.5463142 -0.1571198 -0.1572331 -0.8969282 0.4132766 -0.9086455 -0.3319801 0.2532837 0.9322714 0.2945597 -0.2100117 0.7508478 -0.6286932 0.2024165 0.09835779 0.9177019 -0.3849017 -0.8209381 0.555186 -0.1335259 0.868563 0.1289274 -0.4785144 0.05543452 0.7735936 -0.6312528 -0.8118177 0.568724 -0.1323066 0.8627748 0.2671229 -0.4292612 0.1769368 0.7766337 -0.6045936 -0.1645759 -0.7668473 0.6203709 -0.7841679 0.01784449 0.6202921 0.663632 -0.7462536 0.05194401 0.6258174 -0.7799272 0.008142232 -0.4388402 0.8678912 0.2327749 -0.1839162 0.1570296 0.9703178 0.1207925 0.3286173 0.936707 0.6125274 0.7873086 -0.07039558 0.3463432 0.4276797 0.8349471 -0.7400453 0.6027166 0.2984387 0.8419123 -0.3903101 0.3726147 0.9003266 0.1414124 0.4116002 0.5109822 -0.6413981 0.5722813 0.3281638 -0.7257332 0.6046651 -0.1032775 -0.6476381 -0.7549164 0.1090826 0.9379073 -0.3292886 -0.1007752 0.8540364 0.5103589 -0.03428167 -0.7940216 -0.6069223 0.7050243 -0.4117869 -0.577384 -0.4840888 0.2670377 0.833276 0.8957057 -0.1155174 -0.4293799 -0.2670869 0.7345799 -0.6237444 0.7903093 0.5947315 -0.1473287 0.6648464 -0.6596024 0.3505766 -0.859321 -0.1432902 0.4909537 -0.3398951 0.04102981 0.939568 -0.3271083 0.8808805 0.3421252 -0.05080622 0.8220717 -0.5671127 0.7907685 -0.3198591 0.5218959 0.5303231 0.7074796 0.4671511 -0.5892859 -0.5940469 0.547586 0.5539601 0.645187 0.5261768 -0.5583245 -0.6552611 -0.5088287 0.5768331 0.8058919 0.1334241 0.5924111 0.8016719 -0.07982134 -0.7100924 -0.6960262 0.106379 -0.4070496 0.5103922 0.7575027 -0.743156 -0.6069716 0.2816109 0.4822615 -0.1681759 -0.859733 0.9617824 -0.1705951 0.2141776 -0.5770177 0.8167316 -5.18038e-4 -0.8567394 -0.02965337 -0.5148965 -0.5581303 0.8283152 0.04883301 -0.3110938 -0.8059566 -0.5036413 -0.3334985 -0.8311688 -0.4449015 0.9600798 0.1976383 -0.1979548 -0.9670919 -0.02083098 -0.253573 -0.9202488 -0.2428745 0.3068458 -0.7807903 -0.2738656 0.5615729 0.8356857 0.3012404 -0.4592207 0.9416427 0.2292681 -0.246466 -0.04074066 0.8133825 -0.5803009 -0.02269673 0.8690832 -0.4941448 -0.7432636 0.6442797 -0.180175 -0.01944625 -0.9736425 -0.2272495 -0.4649952 0.8715829 0.1553148 -0.7795647 0.07290297 -0.6220644 0.4684964 0.7071666 -0.5295533 -0.9367929 0.3338688 0.1046462 -0.2887114 0.7798137 -0.5554605 0.662438 0.4227518 -0.6184311 -0.6123857 0.7754093 0.1540272 0.1688171 0.9228915 0.3460811 -0.607002 0.7919174 -0.06645077 -0.9909875 -0.1093631 0.07735341 -0.3625086 0.5249056 0.770105 -0.7145999 -0.4292318 0.5523652 -0.1179656 -0.9860165 0.1177103 0.3521139 0.9359099 0.00941056 -0.4662625 0.5729842 0.6740093 0.5582113 -0.7034645 -0.4399295 -0.002680778 -0.9467766 0.3218803 0.9892848 -0.1458467 -0.006660342 0.5323112 0.1847077 -0.8261525 -0.1264666 0.7808291 -0.6118108 -0.3623502 -0.8895373 0.2782549 -0.9104337 -0.4085784 -0.0646072 -0.3374911 -0.9298403 0.1466186 0.4979082 -0.62546 0.600739 -0.5412703 0.4267829 -0.7244881 0.5338355 0.5626669 -0.6312097 0.6939712 0.45965 -0.5541895 -0.6653962 -0.5077292 0.5472286 0.7316223 0.4078974 0.5462131 0.3595781 0.9263738 -0.1119607 -0.2898073 0.6500612 -0.7024473 -0.7620102 -0.3435741 -0.5489058 -0.2960358 -0.954943 0.0211395 0.4091256 -0.6746819 0.6143457 0.7691007 0.2843027 0.5724126 -0.8810062 -0.1468413 -0.4497398 -0.4031456 -0.8812423 0.2467501 0.7720374 0.5952556 0.2227763 0.04405808 -0.8011547 0.5968334 -0.3355473 0.5784813 -0.7434833 -0.4045535 0.9141521 -0.0257411 -0.1159389 0.4442005 -0.8883942 -0.4255202 0.7016667 0.5714863 -0.7512512 0.6591585 0.03364211 -0.2554063 0.2601743 -0.9311697 -0.5055304 0.2331195 0.8307193 -0.9209087 0.3893831 -0.01755064 -0.539705 -0.1719195 0.824113 0.9911121 0.07686215 0.1085779 -0.5835225 -0.5024114 0.6380317 -0.9888681 -0.09187358 -0.1170434 0.4031922 -0.3916166 0.8270868 0.972456 0.1680674 0.1615015 0.4012367 -0.572148 0.7153012 0.8277975 -0.5587959 -0.04998564 0.09527331 -0.4887939 -0.8671814 0.04453384 -0.4692146 0.8819606 -0.1190106 0.992878 -0.005450189 0.7261111 0.6689347 -0.1590254 -0.7067146 0.2403099 0.6654364 -0.9121641 0.1766318 0.3698079 -0.4050881 0.8383042 0.3648971 0.303943 -0.0316953 -0.9521629 -0.8428694 -0.4976596 0.2047098 -0.5850524 -0.3700535 -0.7216469 -0.0311557 0.67545 -0.7367474 0.163006 -0.9528186 0.2560582 0.4891777 -0.8683434 -0.08176195 -0.1034605 -0.6784831 0.7272941 0.7747897 0.6318511 0.021568 -0.3538063 -0.6286845 0.692515 -0.6514728 0.1505665 0.7435812 0.5868282 -0.1652908 -0.7926612 0.1706285 0.7030768 -0.6903398 0.6834401 -0.1670991 -0.7106248 -0.1481737 0.9859976 -0.07650744 0.2499612 0.7846649 -0.5672923 0.0735225 0.9916945 0.10553 0.5570692 0.8268963 0.07691937 0.04317051 -0.5552967 0.8305311 0.08718067 0.9378468 0.335921 0.1207004 -0.6038131 0.7879347 0.5720908 0.2963361 0.7647857 -0.0151906 -0.1751226 -0.9844294 -0.8457551 -0.1301487 0.5174549 0.8691961 0.1452472 0.4726536 0.7758315 -0.6186084 0.1241341 -0.6237902 0.6810868 -0.3834145 -0.2171506 -0.822383 -0.5258631 0.2243652 0.9264056 0.3023787 -0.7351705 0.6720429 -0.08878499 -0.6197062 0.756919 0.2074555 0.004960834 -0.2751629 -0.9613849 -0.9492454 0.1333205 -0.284884 -0.9043567 0.04537093 0.4243591 0.8902867 0.06532871 0.4506903 0.8973606 -0.07604837 0.434696 -0.08507555 -0.3084415 -0.9474313 0.3949498 -0.5761048 0.7156242 -0.9677506 -0.2475039 0.04691082 0.5589027 -0.6656532 0.4945033 0.02857071 -0.9986168 0.04414027 0.02190148 -0.6680509 0.7437933 0.6238496 0.6638137 0.4125083 -0.1925346 0.6591023 0.7269902 -0.3531804 0.4889733 -0.7976019 -0.1785426 0.9734626 0.1431545 -0.5991278 0.7234456 0.3430342 -0.9938502 0.03288519 0.1057372 -0.233948 -0.9636072 -0.1293426 -0.3472143 -0.9367007 0.04510194 -0.189223 -0.9717653 0.1409499 0.8360752 0.4107315 0.3637003 -0.6442061 0.571134 -0.5087285 -0.2331776 -0.9582391 0.1655475 0.8611386 -0.5074964 0.02979719 -0.451703 -0.4397947 0.7762378 0.1825535 -0.899035 0.398008 0.1310967 0.9784042 -0.1598091 -0.237177 -0.5773155 -0.7813156 -0.8830276 0.3117983 0.3507767 -0.5752434 -0.7902211 0.2112951 0.6416297 0.7578927 0.1179404 0.6664022 0.739315 -0.09654825 -0.2839767 -0.4439668 0.8498534 0.3262385 0.3472064 -0.8792135 -0.128186 -0.9765946 0.1727175 0.1144073 -0.6919394 0.712833 -0.9500598 -0.2284736 -0.2125706 0.9606917 -0.263755 0.08663111 0.5490754 -0.3574059 -0.755498 0.9082396 -0.1399121 0.3943671 -0.1259332 -0.3739941 -0.9188413 -0.864019 0.1378905 -0.4842079 -0.8810401 0.1759317 0.4391086 0.7911235 -0.09025955 0.6049602 0.6805034 -0.7120283 -0.1730052 -0.7768816 -0.2332645 -0.5848443 -0.6447854 -0.7365455 -0.2043344 -0.3531175 -0.1137167 0.9286424 -0.5976588 -0.1844177 0.7802526 -0.09283733 0.9817957 -0.1657059 -0.3964188 0.1702282 0.9021499 -0.7530039 0.6039339 0.2612451 -0.4288176 0.8420497 -0.327212 0.8280118 0.2514872 0.5011494 -0.8538362 -0.1297972 0.5040999 -0.8590404 -0.1356812 0.4935995 0.833709 0.2547898 0.4899096 0.04432994 -0.120626 -0.9917078 -5.38751e-5 -0.1209229 -0.992662 -0.4396231 0.235938 -0.86664 -0.5272815 0.1397534 -0.838119 -0.4128146 0.2674594 0.8706606 -0.8481339 0.5282931 -0.03969329 0.5433616 -0.6990631 -0.4648322 0.3743545 -0.2981671 -0.8780405 0.6528336 -0.6281204 0.4234065 -0.4483178 0.8472908 0.2847973 -0.5112821 0.07048392 0.8565178 -0.8402909 0.04807573 0.54 -0.7731041 -0.1831745 0.6072539 -0.6460123 -0.04750615 0.7618474 -0.9370957 -0.05530023 0.3446646 0.7953216 0.39232 -0.4621132 -0.2793251 -0.9601699 -0.007170021 0.03926974 0.162203 -0.9859757 0.2325541 -0.5157523 -0.8245715 0.5499067 0.3898413 0.7386654 -0.8426992 -0.3409293 -0.4166838 -0.598733 -0.6659942 0.4449388 -0.5356078 -0.7004463 0.4716985 -0.08509933 0.8590372 0.5047904 0.698045 -0.09415882 0.7098361 0.8656294 -0.1489718 0.4780098 0.4006624 0.08999282 -0.9117954 0.82332 0.5646796 -0.05728226 0.9315908 -0.08642113 0.3530864 -0.1841038 0.9620547 0.2013869 0.3273071 0.8880202 0.3229401 -0.8774933 -0.3348142 0.3433732 0.3393166 0.8849689 0.3188956 -0.8775544 -0.365613 0.3102021 0.5427754 -0.5379171 -0.6450117 0.5495743 -0.5272895 -0.6480232 -0.02417653 0.9933782 0.1123177 -0.7314808 -0.09932106 -0.6745896 -0.7241977 -0.3139688 -0.6139718 0.6924268 -0.6448152 -0.3236644 -0.5408046 -0.2788261 0.7935909 -0.6776057 -0.7265124 -0.1141506 0.09932053 0.6600743 -0.7446056 0.2391945 -0.8621922 0.4465541 -0.1861126 0.8835579 -0.4297531 -0.1341584 0.9644811 -0.2275474 0.5258198 0.4631589 0.7134406 -0.860529 0.06043219 0.5058042 -0.5724906 0.8184477 -0.04896932 -0.6615942 -0.4683112 0.5856431 0.7936359 0.2128158 0.5699577 -0.2261117 0.9644576 -0.1367302 0.1376313 0.9291498 0.3431303 -0.4355855 0.8413929 0.3198802 0.9600628 -0.2684963 0.07867074 0.7419537 0.4998813 0.4467924 0.8553467 -0.4894611 0.1697349 -0.9684782 0.2460508 -0.0388478 -0.6204817 -0.6109806 -0.4916353 0.6562153 0.5539411 0.5123775 0.333286 -0.8466371 -0.4148809 0.3001822 -0.9038399 -0.3049002 0.8275809 0.3067004 0.4701542 0.3309377 -0.9423025 -0.0504629 -0.9689838 0.1273712 -0.2117715 0.07446557 -0.855117 -0.5130592 -0.4625391 0.8864176 0.01793402 0.5635766 0.1293792 -0.8158692 -0.15235 -0.9854726 0.07505553 0.8354754 0.2385061 -0.4950716 0.3756656 -0.3795015 -0.8454904 0.2125056 0.7679824 0.604189 -0.2288684 0.9063926 0.3550658 0.240373 0.9682345 0.06886804 0.9494752 0.312182 -0.03223961 0.9366604 -0.1969851 -0.289593 -0.1647197 0.7935768 0.5857502 -0.2073811 0.7712163 0.601846 -0.7548114 -0.5827267 -0.3011471 -0.746694 -0.5930138 -0.3013017 0.9320916 -0.2016325 -0.3009149 -0.566514 0.7173786 0.4054997 -0.5298429 0.731128 0.4297888 -0.6371369 -0.1321855 -0.7593311 -0.5088531 0.3329064 0.7938778 -0.002779364 -0.6195105 0.7849835 0.5704047 0.7050443 -0.4213681 -0.9319402 -0.2296916 0.2805873 0.5533763 0.2433952 -0.7965763 0.8030499 -0.03502291 -0.5948818 0.6631961 -0.7358654 0.1366499 -0.4713788 -0.3143115 0.8240209 -0.5752499 0.6489563 0.4979391 0.9920493 0.1208288 -0.03519207 -0.9226477 -0.149538 -0.3554709 -0.277394 0.3345959 -0.90061 -0.1460749 -0.4107259 -0.8999814 0.8741762 -0.01398122 -0.4854077 -0.008940339 0.194704 0.9808214 0.8687467 -0.0209937 -0.4948117 0.8250735 0.08190703 0.5590574 -0.02152359 0.1978859 0.9799888 -0.8660689 -0.1816626 -0.4657503 -0.844737 -0.1743816 -0.5059748 0.9151203 0.07625555 0.395904 -0.740387 0.5439439 0.3949078 0.926851 0.03890097 0.3734084 -0.7473839 0.5420747 0.3841515 -0.1847864 -0.6028021 -0.7761982 -0.171967 -0.6034679 -0.7786231 0.0595529 0.9178704 -0.3923867 0.0482769 0.5727379 -0.8183159 -0.7993639 -0.3158108 0.5111564 -0.7440901 -0.6546767 0.1331476 -0.829625 0.3299264 -0.4504123 -0.861422 0.1992834 0.4671599 -0.871012 0.3505335 -0.3441866 0.9983887 0.01319479 -0.05519187 0.3670855 0.6764898 -0.6384433 0.8923075 -0.1517401 0.4251614 0.01361072 0.9953531 0.09532606 0.9900724 0.1080848 0.08985692 0.639648 -0.335721 0.691478 0.2963557 0.8319225 -0.4691253 -0.5534133 -0.09744733 0.8271868 -0.9174481 -0.389568 0.08078306 -2.2565e-4 -0.4840907 -0.8750178 0.1465148 -0.3505853 -0.9249992 0.5210303 -0.3120832 0.7944378 0.4290711 -0.778067 -0.4588133 0.9044553 -0.4088148 -0.1217835 -0.6656978 0.4660902 -0.5827578 -0.7872337 -0.6123845 0.07244604 0.7248532 0.2820718 -0.6285089 -0.1544005 0.8200649 0.5510481 -0.9150954 0.2701609 0.2993553 -0.2536873 -0.06709116 -0.9649568 -0.3552709 0.9347286 -0.008074939 0.514427 -0.5455027 0.6616582 -0.1629914 -0.1018567 -0.9813557 -0.005145907 0.04289454 0.9990664 -0.8709346 -0.004910588 -0.4913746 -0.8649353 -0.009879827 -0.5017863 0.007066845 0.04715007 0.9988629 0.8737078 -0.04327136 -0.4845227 0.8516097 -0.0316084 -0.5232226 0.8974978 -0.43288 0.08433532 0.988986 0.1267908 -0.07636028 -0.5284371 -0.7911572 0.307936 0.955781 0.07158255 0.2852346 0.955226 0.08445084 0.2835693 -0.4010614 0.7121142 -0.576232 -0.4127982 0.7089087 -0.5718795 -0.5594897 -0.7825602 0.2730768 -0.3530551 0.9055162 -0.2353562 0.9347548 0.3551734 0.009248256 -0.8633684 0.01340907 -0.5043959 -0.03336757 0.873472 0.4857297 -0.2775979 -0.9601402 0.03271347 0.2238186 0.8416903 -0.4913887 -0.3708555 0.882243 -0.2900231</float_array>
          <technique_common>
            <accessor source="#tree-mesh-normals-array" count="3918" stride="3">
              <param name="X" type="float"/>
              <param name="Y" type="float"/>
              <param name="Z" type="float"/>
            </accessor>
          </technique_common>
        </source>
        <source id="tree-mesh-map-0">
          <float_array id="tree-mesh-map-0-array" count="39390">0.08072805 1 -6.55993e-6 0.8333333 0 1 -2.91761e-5 0.5 0.06966131 0.3333333 0 0.3333333 0.06867593 0.1666666 0.08072805 0 -1.07065e-5 0.1666666 0.06966131 0.3333333 0.06867593 0.1666666 -1.07065e-5 0.1666666 0.06859868 0.6666668 0.08276861 0.5 -2.91761e-5 0.5 0.06821829 0.8333334 0.06859868 0.6666668 -6.55993e-6 0.8333333 0.1 0.1666666 0.08072805 0 0.06867593 0.1666666 0.08276861 0.5 0.1 0.3333333 0.06966131 0.3333333 0.1322134 1 0.3647639 0.8333333 0.1324084 0.8333333 0.3487488 0.6666667 0.1326653 0.5 0.1298262 0.6666667 0.2262789 0.1666666 0.2773941 0 0.1322134 0 0.3322445 0.5 0.2036333 0.3333333 0.1326653 0.5 0.3487488 0.6666667 0.4065886 0.5 0.3322445 0.5 0.3879089 1 0.4216816 0.8333333 0.3647639 0.8333333 0.4548661 0.3333333 0.4566898 0.1666666 0.3899177 0.3333333 0.4065886 0.5 0.4548661 0.3333333 0.3899177 0.3333333 0.6428187 0.5 0.4548661 0.3333333 0.4065886 0.5 0.4548661 0.3333333 0.7012519 0.1666666 0.4566898 0.1666666 0.7747749 0.8333333 0.4321351 0.6666667 0.4216816 0.8333333 0.7518732 0.3333334 0.7012519 0.1666666 0.4548661 0.3333333 1.000362 0.6666667 0.6428187 0.5 0.4321351 0.6666667 0.7747749 0.8333333 1.000362 0.6666667 0.4321351 0.6666667 1.00027 0.5 0.7518732 0.3333334 0.6428187 0.5 1.000362 0.6666667 1.00027 0.5 0.6428187 0.5 0.9998164 1 0.7747749 0.8333333 0.6952735 1 0.7518732 0.3333334 0.9996758 0.1666666 0.7012519 0.1666666 0.1147257 0.5 0.1148754 0.3333334 0 0.3333333 0.1116665 0.6666667 0.1147257 0.5 0 0.6666667 0.2980949 0.6666667 0.3282409 0.5 0.1147257 0.5 0.3255756 0.8333333 0.2980949 0.6666667 0.1110818 0.8333333 0.3014073 0.1666666 0.3342623 0 0.1105974 0 0.417749 0.5 0.3380628 0.3333333 0.3282409 0.5 0.4444444 0.3333333 0.3014073 0.1666666 0.3380628 0.3333333 0.417749 0.5 0.4444444 0.3333333 0.3380628 0.3333333 0.619923 0.6666667 0.4759606 0.5 0.4758087 0.6666667 0.6798159 0.8333333 0.619923 0.6666667 0.4771472 0.8333333 0.8876879 0.5 0.6486531 0.3333333 0.6132604 0.5 0.619923 0.6666667 0.8876879 0.5 0.6132604 0.5 0.8865965 0.1666666 0.6701015 0 0.6706341 0.1666666 0.6486531 0.3333333 0.8865965 0.1666666 0.6706341 0.1666666 0.8990122 1 0.6798159 0.8333333 0.6701015 1 0.8865965 0.1666666 0.8990122 0 0.6701015 0 0.8876879 0.5 0.891972 0.3333333 0.6486531 0.3333333 0.8901218 0.6666667 0.8876879 0.5 0.619923 0.6666667 0.9060521 0.8333333 0.8901218 0.6666667 0.6798159 0.8333333 1.000016 0.3333333 0.8865965 0.1666666 0.891972 0.3333333 0.8901218 0.6666667 1.000024 0.5 0.8876879 0.5 0.8990122 1 1 0.9151 0.9060521 0.8333333 0 0.3333333 0.1117703 0.1666666 0 0.1666666 0.1117703 0.1666666 0.1766782 0 0 0 0.115717 0.5 0.1138018 0.3333333 0 0.3333333 0.1149464 0.6666668 0.115717 0.5 0 0.6666667 0.3433904 0.1666666 0.1766782 0 0.1117703 0.1666666 0.1138018 0.3333333 0.3433904 0.1666666 0.1117703 0.1666666 0.3392368 0.3333333 0.3433904 0.1666666 0.1138018 0.3333333 0.1137611 0.8333333 0.3382411 0.6666668 0.1149464 0.6666668 0.1766782 1 0.2972597 0.8333333 0.1137611 0.8333333 0.2972597 0.8333333 0.3382411 0.6666668 0.1137611 0.8333333 0.3481292 1 0.2972597 0.8333333 0.1766782 1 0.6641235 0.5 0.3392368 0.3333333 0.3500739 0.5 0.3644108 0.8333334 0.6481974 0.6666667 0.3382411 0.6666668 0.7018331 0.1666666 0.3481292 0 0.3433904 0.1666666 0.3392368 0.3333333 0.7018331 0.1666666 0.3433904 0.1666666 0.6593548 0.8333333 0.6481974 0.6666667 0.3644108 0.8333334 0.6938042 0.3333333 0.7018331 0.1666666 0.3392368 0.3333333 0.7018331 0.1666666 0.6652641 0 0.3481292 0 0.6652641 1 0.8103545 0.8333334 0.6593548 0.8333333 0.8097345 0.6666668 0.6641235 0.5 0.7024185 0.6666666 0.8103545 0.8333334 0.8097345 0.6666668 0.7024185 0.6666666 0.7018331 0.1666666 0.9999436 0 0.6652641 0 0.8193048 0.3333333 0.7018331 0.1666666 0.6938042 0.3333333 0.8097345 0.6666668 1.000088 0.5 0.6641235 0.5 1.000088 0.5 1.000007 0.3333333 0.8193048 0.3333333 1 0.8333333 1.000008 0.6666667 0.8103545 0.8333334 0.111416 1 0 0.8333334 0 1 0.1127621 0.1666666 0.111416 0 0 0.1666666 0.1158086 0.6666668 0.1194009 0.5 0 0.5 0.1131218 0.8333333 0.1158086 0.6666668 0 0.8333334 0.29032 1 0.1131218 0.8333333 0.111416 1 0.1194009 0.5 0.3329761 0.3333334 0.1120805 0.3333333 0.3108844 0.6666667 0.1194009 0.5 0.1158086 0.6666668 0.3138462 0.5 0.3329761 0.3333334 0.1194009 0.5 0.3108844 0.6666667 0.3138462 0.5 0.1194009 0.5 0.3049055 0.1666666 0.29032 0 0.1127621 0.1666666 0.4431051 0.3333333 0.3049055 0.1666666 0.3329761 0.3333334 0.5263298 0.8333333 0.3993922 0.6666667 0.338174 0.8333333 0.5301448 0.6666667 0.423736 0.5 0.3993922 0.6666667 0.603251 0.1666666 0.368071 0 0.3049055 0.1666666 0.5301448 0.6666667 0.6023092 0.5 0.423736 0.5 0.6072505 1 0.5263298 0.8333333 0.368071 1 0.603251 0.1666666 0.6072505 0 0.368071 0 0.6072505 1 0.6758486 0.8333334 0.5263298 0.8333333 0.8145914 0.1666666 0.9998947 0 0.8135233 0 0.9998947 1 1.000025 0.8333333 0.8133732 0.8333333 0.8906986 0.3333333 0.9998288 0.1666666 0.8145914 0.1666666 1.000025 0.8333333 0.999901 0.6666667 0.8133732 0.8333333 0.999901 0.6666667 1.000012 0.5 0.8887059 0.5 0.1182664 0.6666667 0.1140661 0.5 0 0.5 0.1727983 0.8333333 0.1182664 0.6666667 0 0.8333333 0.3177264 1 0.1727983 0.8333333 0.1129613 1 0.1176431 0.1666666 0.3177264 0 0.1129613 0 0.3252857 0.6666667 0.3366234 0.5 0.1182664 0.6666667 0.2940867 0.3333334 0.3052313 0.1666666 0.1176431 0.1666666 0.3052313 0.1666666 0.3766751 0 0.3177264 0 0.5585348 0.6666666 0.3366234 0.5 0.3252857 0.6666667 0.5210097 0.1666666 0.3766751 0 0.3052313 0.1666666 0.5614017 0.5 0.5608198 0.3333334 0.2940867 0.3333334 0.5474427 0.8333334 0.5585348 0.6666666 0.3784185 0.8333333 0.5210097 0.1666666 0.5583795 0 0.3766751 0 0.7256716 1 0.6918141 0.8333333 0.5583795 1 0.8779389 0.3333333 0.587328 0.1666666 0.5608198 0.3333334 0.8919302 0.1666666 0.7256716 0 0.587328 0.1666666 0.9000226 0.5 0.9999783 0.3333333 0.8779389 0.3333333 0.9999783 0.3333333 1.000015 0.1666666 0.8919302 0.1666666 1.000016 0.8333333 0.8976423 0.6666667 0.8911507 0.8333333 1 0.6666667 0.9999987 0.5 0.8976423 0.6666667 2.04855e-5 0.3333334 0.316513 0.2881658 -3.92702e-7 0.03905105 0.316513 0.2881658 0.2757104 0 -3.92702e-7 0.03905105 1.59939e-5 0.8921577 0.3666398 0.6423265 8.66759e-6 0.6341496 0.2757104 1 0.3666398 0.6423265 1.59939e-5 0.8921577 0.2757104 1 0.6445041 0.9256789 0.3666398 0.6423265 0.3666398 0.6423265 0.6471397 0.5856234 0.2699247 0.5 0.6471397 0.5856234 0.6933452 0.4285027 0.6211211 0.2570573 0.829263 0.2478345 0.6516526 0 0.6211211 0.2570573 0.848558 0.5779636 0.829263 0.2478345 0.6933452 0.4285027 0.6471397 0.5856234 0.848558 0.5779636 0.6933452 0.4285027 0.848558 0.5779636 1.00001 0.2727612 0.829263 0.2478345 1 0.895227 1.000009 0.6294775 0.8476713 0.9643644 0.3204689 0.6873311 2.14109e-5 0.5818077 1.69262e-4 0.9609192 0.3297306 1 0.3204689 0.6873311 1.69262e-4 0.9609192 3.47751e-5 0.2481098 0.4458689 0.2833515 1.69157e-4 0 2.14109e-5 0.5818077 0.3360817 0.4201496 3.47751e-5 0.2481098 0.5035908 1 0.500392 0.7983652 0.3297306 1 0.3204689 0.6873311 0.4950093 0.5397834 0.3360817 0.4201496 0.500392 0.7983652 0.4950093 0.5397834 0.3204689 0.6873311 0.8191358 0.406392 0.8275904 0.1175777 0.4950093 0.5397834 0.8369987 0.7078005 0.8191358 0.406392 0.4950093 0.5397834 1 0.2273038 1.000017 0 0.8275904 0.1175777 1 0.2273038 0.8275904 0.1175777 0.8191358 0.406392 1.000013 0.6052066 0.8191358 0.406392 0.8369987 0.7078005 3.18279e-5 0.4049552 0.1983722 0.1666666 2.29726e-5 0.05017822 0.4004076 0.5 0.4357742 0.3333333 3.18279e-5 0.4049552 0.3326714 0.888067 0.3415769 0.6666667 2.82805e-5 0.7596235 0.4004076 0.5 0.7958638 0.4330745 0.4357742 0.3333333 0.7983983 1 0.8010772 0.7530606 0.64546 1 0.8010772 0.7530606 0.7958638 0.4330745 0.6305972 0.6944531 0.8875934 0.3834992 0.7982469 0.08776706 0.7958638 0.4330745 1.000018 1 1 0.7596595 0.8846902 0.7409138 1 0.4241397 1.000018 0.08319109 0.8875934 0.3834992 -3.25989e-7 0.554514 0.337183 0.3659737 -2.55419e-7 0.2060429 0.304203 -0.01244372 6.05133e-6 0 -2.55419e-7 0.2060429 0.337183 0.3659737 0.304203 -0.01244372 -2.55419e-7 0.2060429 0.327442 0.8333333 0.3026208 0.5823274 4.47888e-6 0.9170393 0.337183 0.3659737 0.3889384 0.03160899 0.304203 -0.01244372 0.548345 0.5838183 0.5023946 0.3333333 0.337183 0.3659737 0.6990575 0.6097087 0.7629967 0.3333333 0.5023946 0.3333333 0.6706985 1 1.000001 0.895836 0.548345 0.5838183 0.999938 0.5 0.7629967 0.3333333 0.6990575 0.6097087 0.4339212 0.4431731 -7.48737e-7 0.08170861 3.08196e-6 0.4612442 0.4339212 0.4431731 0.4898526 0.04294401 -7.48737e-7 0.08170861 0.4964112 1 0.634921 0.9975206 1.47521e-7 0.7473865 0.6597129 0.6218159 0.4339212 0.4431731 0.6601213 0.839704 0.6597129 0.6218159 0.819541 0.5967447 0.6688488 0.3840183 1 0.7720299 0.819541 0.5967447 0.8180527 0.9460149 1 1 1 0.7720299 0.8180527 0.9460149 1 0.7720299 1 0.4614146 0.819541 0.5967447 0 1 0.4412977 0.8333334 0 0.8333333 0.2257556 0.5 0 0.3333333 0 0.5 0.2152705 0.1666666 0.2059638 0 0 0 0.3614621 0.3333333 0.2152705 0.1666666 0 0.3333333 0.3907411 0.6666667 0.2257556 0.5 0 0.6666668 0.4412977 0.8333334 0.3907411 0.6666667 0 0.6666668 0.2152705 0.1666666 0.766366 0 0.2059638 0 0.3907411 0.6666667 0.8175075 0.5 0.2257556 0.5 0.7978935 0.6666667 0.8175075 0.5 0.3907411 0.6666667 0.8145652 0.3333333 0.8059656 0.1666666 0.3614621 0.3333333 0.8175075 0.5 0.8145652 0.3333333 0.3614621 0.3333333 0.9992824 1 1.00004 0.7911265 0.8037797 0.8333333 1.00004 0.7911265 0.7978935 0.6666667 0.8037797 0.8333333 1 0.4177246 0.8145652 0.3333333 0.8175075 0.5 0.26472 0.7812302 -2.4235e-7 0.6119689 -5.58154e-7 0.9609538 0.4446912 0.9265817 0.26472 0.7812302 -5.58154e-7 0.9609538 1.03341e-5 0.2500672 0.4369665 0 -7.28924e-7 0 0.26472 0.7812302 0.387816 0.5 -2.4235e-7 0.6119689 0.4170185 0.280425 0.4369665 0 1.03341e-5 0.2500672 0.387816 0.5 0.4170185 0.280425 1.03341e-5 0.2500672 0.5197345 0.5585268 0.387816 0.5 0.26472 0.7812302 0.5197345 0.5585268 0.4170185 0.280425 0.387816 0.5 0.5841087 0.8998296 0.9987351 0.7708863 0.5197345 0.5585268 0.9999974 0.3887153 0.6903744 0.01273828 0.5634893 0.2607297 0.9987351 0.7708863 0.9999974 0.3887153 0.5634893 0.2607297 0.9999974 0.3887153 0.9999983 0.1114124 0.6903744 0.01273828 1.1969e-4 0.556018 0.3539884 0.4208064 -2.71258e-7 0.2040644 0.3539884 0.4208064 -1.11844e-5 -6.87801e-6 -2.71258e-7 0.2040644 -1.14143e-5 0.8953822 0.4818838 0.6986775 1.1969e-4 0.556018 0.6721275 0.527978 0.3539884 0.4208064 0.4818838 0.6986775 0.6739153 0.8680531 0.6721275 0.527978 0.4818838 0.6986775 0.5197672 0.905229 0.6739153 0.8680531 0.4818838 0.6986775 0.6781224 0.1666666 0.75 0.08272027 0.6739153 0 0.75 0.3939377 0.6781224 0.1666666 0.6721275 0.527978 0.6739153 0.8680531 0.75 0.7505075 0.6721275 0.527978 0.8270173 0.9167239 0.75 0.7505075 0.75 1 0.75 0.3939377 0.8270173 0.09708851 0.75 0.08272027 0.75 0.7505075 0.8262657 0.4167578 0.75 0.3939377 0.8262657 0.4167578 1 0.09079349 0.8270173 0.09708851 1.000028 0.7377228 1 0.4341338 0.8262657 0.4167578 0.3311896 1 -4.92698e-7 0.7786212 0 1 0.345693 0.5079372 0.3357694 0.08328866 -8.61891e-7 0.127627 0.3353219 0.7425182 0.345693 0.5079372 -4.2204e-7 0.4388101 1.00002 0.9398179 0.6682022 0.7538562 0.6587612 1 1.000036 0.2699545 1.000031 0 0.6724661 0.09313333 1.00002 0.9398179 1.000012 0.6314463 0.6682022 0.7538562 0.634525 0.25939 2.26841e-5 2.29063e-5 -1.10307e-5 0.2717911 0.7364557 0.9161348 -1.10307e-5 0.2717911 -4.71954e-5 0.6106616 0.634525 0.25939 0.7378107 0 0.5334266 0 0.9999689 0.2278078 0.634525 0.25939 0.7208386 0.5533317 0.7364557 0.9161348 1.000002 0.6033056 0.7208386 0.5533317 0.9999689 0.2278078 0.7378107 0 0.634525 0.25939 1.000014 0.4418403 0.9999731 0.1051901 5.61035e-6 0.3945665 0.580504 0.9927261 1.000014 0.4418403 5.03135e-5 0.7048556 0.9999825 0.7971378 1.000014 0.4418403 0.580504 0.9927261 0.9993531 1 0 0.8333333 0 1 0 0.5 0.999171 0.3333333 0 0.3333333 1.000064 0.1666666 0.9993531 0 -2.46622e-7 0.1666666 0.999171 0.3333333 1.000064 0.1666666 -2.46622e-7 0.1666666 0.523716 0.6666667 0.5058651 0.5 0 0.5 0.5058408 0.8333334 0.523716 0.6666667 0 0.8333333 0.9993531 1 1.000026 0.8333333 0.5058408 0.8333334 1.000026 0.5 0.999171 0.3333333 0.5058651 0.5 1.000025 0.6666667 1.000026 0.5 0.523716 0.6666667 1.000026 0.8333333 1.000025 0.6666667 0.523716 0.6666667 -1.36058e-6 0.390469 0.5394682 0.3732181 -4.8755e-7 0.03652691 0.5163366 1 0.4689685 0.6197245 -6.24393e-7 1 0.5394682 0.3732181 0.5149875 0.06159853 -4.8755e-7 0.03652691 0.4689685 0.6197245 0.5394682 0.3732181 -1.36058e-6 0.390469 1.000001 0.3927334 0.5149875 0.06159853 0.5394682 0.3732181 1.000001 1 1.000001 0.7296736 0.4689685 0.6197245 1.000001 0.7296736 1.000001 0.3927334 0.5394682 0.3732181 0.4681486 1 -3.5621e-6 0.6101289 -5.63879e-7 0.9629006 -3.5621e-6 0.6101289 1.000001 0.6083304 2.88072e-4 0.2719027 1.000001 0.6083304 0.9999998 0.2708202 2.88072e-4 0.2719027 0 0.2594979 0.3472447 0.08529448 0 0 0.3474118 0.7110462 0 0.2594979 0 0.5899809 0.3472447 1 0.3474118 0.7110462 -1.51396e-5 0.9156337 0.3472447 1 0.5 0.9167411 0.3474118 0.7110462 0.3407953 0.3736991 0.5 0.2492339 0.3472447 0.08529448 0.5 0.5611727 0.3407953 0.3736991 0.3474118 0.7110462 0.6533529 0.2074822 0.5 0 0.5 0.2492339 0.5 0.5611727 0.6533529 0.2074822 0.5 0.2492339 0.5 0.9167411 0.6540752 0.5852854 0.5 0.5611727 0.6540752 0.5852854 1 0.2587415 0.6533529 0.2074822 1.00003 0.9155847 1 0.5914044 0.6540752 0.5852854 1.000001 1 1 0.7426413 4.19813e-7 0.7726381 1.000002 0.4047723 1.000001 0.07597446 2.34089e-7 0.1059755 9.42708e-7 0.2732535 1.000001 0.08334445 0 0 1.000001 0.4286751 9.42708e-7 0.2732535 -6.09428e-7 0.6318897 0.9999997 1 1 0.7499374 -4.46428e-7 0.8727925 1 0.7499374 1.000001 0.4286751 -6.09428e-7 0.6318897 1 0.7499374 -6.09428e-7 0.6318897 -4.46428e-7 0.8727925 1 1 0 0.7499987 0 1 1 0.4166809 0 0.1060565 0 0.4166657 0 0.7499987 1 0.4166809 0 0.4166657 0 0.1666666 1 0.08016407 0 0 0.9999997 0.3333333 0 0.1666666 0 0.4393597 1 0.66464 0 0.4393597 0 0.8380848 1 0.7500034 0 0.5544751 0 0.9654657 0.9999999 1 1 0.7500034 0 0.9654657 0.9999999 0.07882046 -1.38265e-7 0 0 0.2499873 0 0.5544751 1 0.4167338 0 0.2499873 1 0.7500034 1 0.4167338 0 0.5544751 1.000001 0.9166576 -7.31005e-7 0.7211834 0 1 1 0.2574329 -1.25362e-7 0.1273617 -8.79817e-7 0.4606937 1 0.2574329 1 0 -1.25362e-7 0.1273617 1.000001 0.5833964 1 0.2574329 -8.79817e-7 0.4606937 -7.31005e-7 0.7211834 1.000001 0.5833964 -8.79817e-7 0.4606937 1.000001 0.9166576 1.000001 0.5833964 -7.31005e-7 0.7211834 0.9999999 0.8413968 5.18184e-7 0.8333333 0 1 1 0.5 0 0.1708518 -4.67083e-7 0.5833157 5.18184e-7 0.8333333 0.9999999 0.8413968 -4.67083e-7 0.5833157 0 1 1 0.9135127 0 0.7272766 0.9999994 0.2500219 0 0 0 0.328609 0 0.7272766 1.000001 0.5833325 0 0.328609 0 1 1 0.9241009 -2.31031e-7 0.664533 0 0.3333333 1 0.2502442 0 0.07889592 0.9999999 0.5833889 0 0.3333333 -2.31031e-7 0.664533 0.07742172 0.3333333 -3.89564e-5 0.1666666 0 0.3333333 -9.85663e-6 0.8333334 0.1088746 0.6666668 -1.07302e-5 0.5333545 0.07630109 1 0.09163153 0.8333333 -9.85663e-6 0.8333334 0.1126838 0.1666666 0.07630109 0 -3.89564e-5 0.1666666 0.07635831 0.5 0.07742172 0.3333333 -1.07302e-5 0.5333545 0.1088746 0.6666668 0.07635831 0.5 -1.07302e-5 0.5333545 0.1307374 0.3333333 0.1126838 0.1666666 0.07742172 0.3333333 0.1088746 0.6666668 0.1277266 0.5 0.07635831 0.5 0.146536 0.8333333 0.1088746 0.6666668 0.09163153 0.8333333 0.2839231 0.6666668 0.1277266 0.5 0.1088746 0.6666668 0.291288 0.1666666 0.1327217 0 0.1126838 0.1666666 0.2978084 0.3333333 0.291288 0.1666666 0.1307374 0.3333333 0.3123638 0.5 0.2978084 0.3333333 0.1277266 0.5 0.3562138 0.6666667 0.3123638 0.5 0.2839231 0.6666668 0.3562138 0.6666667 0.3722841 0.5 0.3123638 0.5 0.4620024 0.1666666 0.35602 0 0.3529725 0.1666666 0.3722841 0.5 0.4314516 0.3333333 0.3544765 0.3333334 0.35602 1 0.5177187 0.8333334 0.3529314 0.8333333 0.4620024 0.1666666 0.5536414 0 0.35602 0 0.5953349 0.1666666 0.5536414 0 0.4620024 0.1666666 0.5536414 1 0.765015 0.8333333 0.5177187 0.8333334 0.7686379 0.5 0.5529133 0.3333333 0.5497173 0.5 0.5953349 0.1666666 0.7856424 0 0.5536414 0 0.7650826 0.3333333 0.5953349 0.1666666 0.5529133 0.3333333 0.7839896 0.1666666 0.7856424 0 0.5953349 0.1666666 0.7650826 0.3333333 0.7839896 0.1666666 0.5953349 0.1666666 0.7856424 1 1 0.8199216 0.765015 0.8333333 0.9999957 0.3853075 0.7839896 0.1666666 0.7650826 0.3333333 0.7883579 0.6666667 0.9999957 0.3853075 0.7686379 0.5 0 0.5 0.1315093 0.3333334 0 0.3333333 0.1260234 0.6666666 0.1297208 0.5 0 0.5 0.137954 0.8333333 0.1260234 0.6666666 -4.3794e-7 0.8333333 0.3306336 0.5 0.3423551 0.3333334 0.1315093 0.3333334 0.3446895 0.8333334 0.3312793 0.6666666 0.137954 0.8333333 0.387983 1 0.3446895 0.8333334 0.2076666 1 0.5492869 0.5 0.3423551 0.3333334 0.3306336 0.5 0.3446895 0.8333334 0.5557015 0.6666666 0.3312793 0.6666666 0.5492869 0.5 0.5355836 0.3333333 0.3423551 0.3333334 0.5570654 0.8333333 0.5557015 0.6666666 0.3446895 0.8333334 0.5660651 1 0.5570654 0.8333333 0.387983 1 0.5355836 0.3333333 0.5596429 0.1666666 0.3279866 0.1666666 0.6745176 0.3333333 0.5596429 0.1666666 0.5355836 0.3333333 0.6776233 0.5 0.6745176 0.3333333 0.5492869 0.5 0.6776233 0.5 0.7440726 0.4293248 0.6745176 0.3333333 0.7568469 0.8333334 0.7407562 0.6666667 0.6788452 0.8333333 0.7966231 1 0.7568469 0.8333334 0.7413872 1 0.7777778 0.5845617 0.7440726 0.4293248 0.7407562 0.6666667 0.7966231 1 0.8100156 0.7511369 0.7568469 0.8333334 0.8089337 0.5 0.7976637 0.3333333 0.7777778 0.5845617 0.7568469 0.8333334 0.8100156 0.7511369 0.7777778 0.5845617 1.000002 0.9397069 0.8937347 0.8333334 0.891999 1 0.8895057 0.5 1.000003 0.2751631 0.8940185 0.3333333 1.000003 0.2751631 1.000003 0 0.8940747 0.1666666 1.000002 0.9397069 1 0.6290391 0.8937347 0.8333334 0.09090238 0.7029868 -2.27302e-5 0.4345725 -9.12914e-6 0.7948569 0.07594734 0.3901864 0.09360295 0.2070678 -6.46687e-6 0.1068534 0.07655811 0.9255313 0.09090238 0.7029868 -9.12914e-6 0.7948569 0.09360295 0.2070678 0.1377207 0.09422975 0.0763176 0 0.1400477 0.3907295 0.2168235 -0.02622497 0.1377207 0.09422975 0.144135 0.7523406 0.2098819 0.6147037 0.1400477 0.3907295 0.3108048 0.3333333 0.2168235 -0.02622497 0.1400477 0.3907295 0.2098819 0.6147037 0.3108048 0.3333333 0.1400477 0.3907295 0.3108048 0.3333333 0.3339813 0.1666666 0.2168235 -0.02622497 0.3351674 0.5 0.3108048 0.3333333 0.2098819 0.6147037 0.3813799 0.808691 0.226629 0.8333333 0.2154962 1 0.5062254 0.59675 0.3108048 0.3333333 0.3351674 0.5 0.3813799 0.808691 0.5454797 0.6666666 0.3306604 0.6666668 0.5500314 0.8333333 0.5454797 0.6666666 0.3813799 0.808691 0.6534309 0.1349909 0.546377 0 0.5114728 0.1666666 0.5454797 0.6666666 0.6640247 0.442151 0.5062254 0.59675 0.7367299 0.5197804 0.6640247 0.442151 0.5454797 0.6666666 0.7606845 0.8742229 0.8072766 0.7733113 0.7295934 0.7055723 0.7980766 0.4399737 0.8887228 0.09834384 0.8033738 0.04894363 0.8892567 1 0.8072766 0.7733113 0.8087359 1 0.8876287 0.5 0.8911677 0.3333333 0.7980766 0.4399737 0.894617 0.7127044 0.8876287 0.5 0.8072766 0.7733113 0.8892567 1 0.894617 0.7127044 0.8072766 0.7733113 0.894617 0.7127044 1.000001 0.5611134 0.8876287 0.5 1.000001 0.5611134 1.000002 0.22257 0.8911677 0.3333333 1.000001 0.8714385 1.000001 0.5611134 0.894617 0.7127044 -2.46206e-5 0.3883929 0.1285557 0.1666666 -2.10286e-7 0.03879666 0.1414784 1 0.1198615 0.8333334 -2.74088e-7 1 0.1285557 0.1666666 0.1414784 0 -2.10286e-7 0.03879666 0.124171 0.6666668 0.1317136 0.5 -2.55864e-7 0.7274869 0.1414784 1 0.3248279 0.8333333 0.1198615 0.8333334 0.2998442 0.3333333 0.3316739 0.1666666 0.1285557 0.1666666 0.3443216 1 0.3248279 0.8333333 0.1414784 1 0.3316739 0.1666666 0.3443216 0 0.1414784 0 0.5202372 0.08021295 0.3443216 0 0.3316739 0.1666666 0.3248279 0.8333333 0.5193992 0.7458967 0.3255488 0.6666666 0.575387 0.7467156 0.5347459 0.4636405 0.5193992 0.7458967 0.5880876 0.4093262 0.5756159 0.09413707 0.5347459 0.4636405 0.575387 0.7467156 0.5880876 0.4093262 0.5347459 0.4636405 0.6645567 0.9116703 0.575387 0.7467156 0.5761447 1 0.698456 0.1666666 0.8313226 0 0.6614864 0 0.8266143 0.8333334 0.69128 0.6666668 0.6645567 0.9116703 0.8655369 0.1666666 0.8313226 0 0.698456 0.1666666 0.8366416 0.5 0.8620979 0.3333334 0.6743775 0.3917267 0.8266143 0.8333334 0.8653635 0.6666666 0.69128 0.6666668 0.8313226 1 1 0.7784132 0.8266143 0.8333334 1 0.393889 1 0.1276757 0.8620979 0.3333334 1 0.393889 0.8620979 0.3333334 0.8366416 0.5 2.91161e-5 1 0.2971966 0.8333334 4.23869e-6 0.8333333 0.2903211 0.1666666 2.91161e-5 0 3.97418e-6 0.1666666 0.2903211 0.1666666 0.2956281 0 2.91161e-5 0 0.4727952 0.3333333 0.3558835 0.1666666 0.3530427 0.3333333 0.3555181 0.8333334 0.4923663 0.6666668 0.352826 0.6666667 0.4727952 0.3333333 0.5505053 0.1666666 0.3558835 0.1666666 0.5485394 0.8333333 0.4923663 0.6666668 0.3555181 0.8333334 0.5438463 0.5 0.6324501 0.3333333 0.4727952 0.3333333 0.6324501 0.3333333 0.6480242 0.1666666 0.5505053 0.1666666 0.6329106 0.6666667 0.6600106 0.5 0.5438463 0.5 0.6508681 0.7875936 0.6329106 0.6666667 0.5485394 0.8333333 0.6600106 0.5 0.6868019 0.3333333 0.6324501 0.3333333 0.667082 1 0.7018934 0.8333333 0.6508681 0.7875936 0.7000949 0.6666666 0.6600106 0.5 0.6508681 0.7875936 0.7692988 0.5 0.6868019 0.3333333 0.6600106 0.5 0.7747496 1 0.7988941 0.8333333 0.7018934 0.8333333 0.8230642 0.6666667 0.7692988 0.5 0.7000949 0.6666666 0.9999036 1 0.7988941 0.8333333 0.7747496 1 0.9999036 1 0.9999665 0.7942718 0.7988941 0.8333333 0.9999665 0.7942718 0.8230642 0.6666667 0.7988941 0.8333333 1.000004 0.4446038 0.9999039 0.1226639 0.8925443 0.3333334 0.1498129 0.6466502 7.07755e-6 0.6666667 -1.35133e-7 0.9609687 0.1237736 1 0.1498129 0.6466502 -1.35133e-7 0.9609687 0.1985257 0.1666666 0.1237736 0 2.09438e-6 0.1023139 0.1985257 0.1666666 0.3061806 0 0.1237736 0 0.3223485 0.6666667 0.3092499 0.5 0.1498129 0.6466502 0.3092499 0.5 0.3754295 0.3333334 0.09121257 0.52992 0.3505982 0.8333333 0.3223485 0.6666667 0.1498129 0.6466502 0.4911268 0.1666666 0.3061806 0 0.1985257 0.1666666 0.4911268 0.1666666 0.515747 0 0.3061806 0 0.5488387 0.6666668 0.3092499 0.5 0.3223485 0.6666667 0.3505982 0.8333333 0.5488387 0.6666668 0.3223485 0.6666667 0.5488387 0.6666668 0.551306 0.5 0.3092499 0.5 0.6344825 0.8333333 0.5488387 0.6666668 0.3505982 0.8333333 0.5731506 0.3333334 0.4911268 0.1666666 0.3754295 0.3333334 0.551306 0.5 0.5731506 0.3333334 0.3754295 0.3333334 0.8265875 0.3333333 0.7652102 0.1666666 0.5731506 0.3333334 0.8129237 1 0.7757313 0.6612209 0.6344825 0.8333333 0.8265875 0.3333333 0.999985 0.2022442 0.7652102 0.1666666 0.9999914 0.596749 0.7861962 0.5 0.7757313 0.6612209 -1.84503e-5 0.7323092 0.07636457 0.5701386 -7.92851e-6 0.368032 0.09162563 1 0.07645386 0.8333333 -1.61987e-5 1 0.0917012 0.3333333 0.09110462 0.005827069 -7.92851e-6 0.368032 0.07636457 0.5701386 0.0917012 0.3333333 -7.92851e-6 0.368032 0.07645386 0.8333333 0.07636457 0.5701386 -1.84503e-5 0.7323092 0.07645386 0.8333333 0.1250211 0.7170968 0.07636457 0.5701386 0.09162563 1 0.1461814 0.911685 0.1250211 0.7170968 0.1379041 0.1666666 0.147239 0 0.09110462 0.005827069 0.2205178 0.5879145 0.1351001 0.4588773 0.1250211 0.7170968 0.297919 0.2610314 0.2949184 0 0.1379041 0.1666666 0.297919 0.2610314 0.1379041 0.1666666 0.1351001 0.4588773 0.2205178 0.5879145 0.297919 0.2610314 0.1351001 0.4588773 0.2984251 0.5492557 0.297919 0.2610314 0.2205178 0.5879145 0.297919 0.2610314 0.3462336 0.09454101 0.2949184 0 0.3520768 0.3673934 0.297919 0.2610314 0.2984251 0.5492557 0.4343265 1 0.3523431 0.8333333 0.3464927 1 0.4445365 0.4280298 0.4356723 0.05436515 0.3520768 0.3673934 0.3649143 0.5454212 0.4445365 0.4280298 0.3520768 0.3673934 0.3523431 0.8333333 0.4457265 0.7506976 0.3649143 0.5454212 0.4457265 0.7506976 0.4445365 0.4280298 0.3649143 0.5454212 0.5215991 0.3333333 0.5215665 0.06755048 0.4356723 0.05436515 0.5245656 0.5280128 0.5215991 0.3333333 0.4445365 0.4280298 0.5209283 1 0.5432505 0.8333333 0.4457265 0.7506976 0.5705216 0.3760852 0.5215991 0.3333333 0.5245656 0.5280128 0.5432505 0.8333333 0.5926587 0.7404099 0.5245656 0.5280128 0.6435152 0.9090112 0.5926587 0.7404099 0.5758493 1 0.7513743 0.6666667 0.6008759 0.4807561 0.5926587 0.7404099 0.7277808 0.1666666 0.7404875 0 0.6421401 0 0.7405074 0.9144194 0.7513743 0.6666667 0.6435152 0.9090112 0.7500889 0.3970843 0.7277808 0.1666666 0.6008759 0.4807561 0.7513743 0.6666667 0.8021563 0.4434489 0.7500889 0.3970843 0.8121046 0.7472611 0.8021563 0.4434489 0.7513743 0.6666667 0.8121046 0.7472611 0.7513743 0.6666667 0.7777778 0.9172783 0.8021563 0.4434489 0.8941304 0.2952181 0.8072521 0.04360967 0.8103645 1 0.8971266 0.9166405 0.8121046 0.7472611 0.8941304 0.2952181 0.8983921 0 0.8072521 0.04360967 1 1 1 0.7727814 0.8971266 0.9166405 0.8971266 0.9166405 1 0.7727814 0.884516 0.4667243 1.27886e-6 0.2215611 0.1221328 0 0 0 1.28419e-6 0.5580344 0.1209445 0.3686272 1.27886e-6 0.2215611 0.1888634 0.1666666 0.1221328 0 1.27886e-6 0.2215611 0.1840298 0.6666667 0.1209445 0.3686272 1.28419e-6 0.5580344 0.1875822 0.9038919 0.1840298 0.6666667 2.93961e-4 0.960601 0.1888634 0.1666666 0.1869199 0 0.1221328 0 0.1884111 0.4277825 0.2286002 0.3380464 0.1888634 0.1666666 0.2417297 0.6666668 0.2548359 0.4261295 0.2286002 0.3380464 0.3244492 0.1715753 0.2286002 0.3380464 0.2548359 0.4261295 0.2417297 0.6666668 0.3365612 0.5841678 0.2548359 0.4261295 0.5478305 0.1666666 0.3363537 0 0.3244492 0.1715753 0.5478305 0.1666666 0.5681502 0 0.3363537 0 0.5681502 1 0.5808467 0.8333333 0.3365559 0.9042416 0.5656551 0.3333333 0.5478305 0.1666666 0.3244492 0.1715753 0.5519244 0.6666667 0.5751639 0.5 0.3365612 0.5841678 0.7826002 0.3841702 0.5478305 0.1666666 0.5656551 0.3333333 0.5808467 0.8333333 0.7848514 0.8217998 0.5519244 0.6666667 0.5478305 0.1666666 0.7864831 0.07048165 0.5681502 0 0.7826002 0.3841702 0.7864831 0.07048165 0.5478305 0.1666666 0.7867898 1 0.8687982 0.9228923 0.7848514 0.8217998 0.7826002 0.3841702 0.855283 0.2648927 0.7864831 0.07048165 0.8686633 0.5735749 0.7826002 0.3841702 0.7848514 0.8217998 1.000016 0.2309008 0.9227574 0 0.911863 0.2613249 1.000016 0.5634798 1.000016 0.2309008 0.911863 0.2613249 1.000008 0.8663061 1.000016 0.5634798 0.9234146 0.5958294 -1.11763e-5 0.3333333 0.1085843 0.1666666 -1.48525e-5 0.0316717 0.1085843 0.1666666 0.1125631 0 -1.48525e-5 0.0316717 0.1530038 0.5 0.1114463 0.3333333 0.09086441 0.5 0.113261 0.6666667 0.1530038 0.5 0.09086441 0.5 0.1125631 1 0.2537069 0.8333334 0.1137505 0.8333333 0.2414315 0.1666666 0.1125631 0 0.1085843 0.1666666 0.2537069 0.8333334 0.309544 0.6666667 0.113261 0.6666667 0.3424645 1 0.2537069 0.8333334 0.1125631 1 0.2414315 0.1666666 0.3424645 0 0.1125631 0 0.4832955 0.5 0.2751718 0.3333334 0.1530038 0.5 0.309544 0.6666667 0.4832955 0.5 0.1530038 0.5 0.5314377 0.1666666 0.3424645 0 0.2414315 0.1666666 0.3424645 1 0.5506795 0.8333333 0.2537069 0.8333334 0.5506795 0.8333333 0.309544 0.6666667 0.2537069 0.8333334 0.5884589 1 0.5506795 0.8333333 0.3424645 1 0.5506795 0.8333333 0.5715748 0.6666667 0.309544 0.6666667 0.5660122 0.3333333 0.7731444 0.1666666 0.5314377 0.1666666 0.768158 0.5 0.5660122 0.3333333 0.4832955 0.5 0.783749 0.3333333 0.7731444 0.1666666 0.5660122 0.3333333 0.768158 0.5 0.783749 0.3333333 0.5660122 0.3333333 0.7767176 0.8333333 0.790032 0.6666667 0.5715748 0.6666667 0.7957722 1 0.7767176 0.8333333 0.5884589 1 0.7957722 1 0.9999887 0.8333333 0.7767176 0.8333333 0.783749 0.3333333 0.9999997 0.09100151 0.7731444 0.1666666 0.9999887 0.8333333 0.790032 0.6666667 0.7767176 0.8333333 0.9999975 1 0.9999887 0.8333333 0.7957722 1 1.000003 0.3333333 0.9999997 0.09100151 0.783749 0.3333333 0.790032 0.6666667 1 0.5711094 0.768158 0.5 -3.55043e-5 1 0.109199 0.8333333 0 0.8333333 0.1124224 0.5 -2.06475e-5 0.3333333 -1.32541e-5 0.6348689 0.1132633 0.6666668 0.1124224 0.5 -1.32541e-5 0.6348689 0.109199 0.8333333 0.1132633 0.6666668 -1.32541e-5 0.6348689 0.1124224 0.5 0.2491065 0.3333333 0.1306182 0.3333333 0.2987152 0.5 0.2491065 0.3333333 0.1124224 0.5 0.3337166 0.8333334 0.2685856 0.6666667 0.2189534 0.8333333 0.5954817 1 0.4718765 0.8333333 0.4541004 1 0.4994791 0.1666666 0.5954817 0 0.4541004 0 0.5954817 1 0.648491 0.8333333 0.4718765 0.8333333 0.7208979 0.3333333 0.4994791 0.1666666 0.4833092 0.3333333 0.7208979 0.3333333 0.7654099 0.1666666 0.4994791 0.1666666 0.7911143 0.8645038 0.6079285 0.5 0.507902 0.6666667 0.7717108 0.5 0.7208979 0.3333333 0.6079285 0.5 0.7911143 0.8645038 0.7717108 0.5 0.6079285 0.5 0.7654099 0.1666666 0.8691251 0.08656883 0.7603015 0 0.7717108 0.5 0.8693476 0.4129141 0.7208979 0.3333333 0.9232164 0.236244 0.8691251 0.08656883 0.8693476 0.4129141 0.8690062 0.6666667 0.923686 0.5696907 0.8693476 0.4129141 0.8918319 0.8333333 0.923686 0.5696907 0.8690062 0.6666667 0.8918319 0.8333333 1.000013 0.7240913 0.923686 0.5696907 1.000009 1 1.000013 0.7240913 0.8918319 0.8333333 1.000013 0.7240913 1.00002 0.4018211 0.923686 0.5696907 -1.02964e-5 0.3333333 0.1086465 0.1666666 -1.24563e-5 0.03207606 0.1095474 0.8333334 -4.21328e-5 0.6666667 0 0.8333333 0.112941 1 0.1095474 0.8333334 -1.54249e-5 1 0.1086465 0.1666666 0.112941 0 -1.24563e-5 0.03207606 0.1440535 0.5 0.1350016 0.3333333 0.09047144 0.5 0.1095474 0.8333334 0.1761102 0.6666667 0.09107059 0.6666668 0.2349507 0.5 0.1350016 0.3333333 0.1440535 0.5 0.1761102 0.6666667 0.2349507 0.5 0.1440535 0.5 0.2349507 0.5 0.3495359 0.3333334 0.1350016 0.3333333 0.4315454 0.1666666 0.2299373 0 0.2393258 0.1666666 0.2318657 0.8333333 0.4337381 0.6666666 0.1761102 0.6666667 0.4383676 0.8333333 0.4337381 0.6666666 0.2318657 0.8333333 0.4500138 0.5 0.3495359 0.3333334 0.2349507 0.5 0.5475558 0.3333333 0.4315454 0.1666666 0.3495359 0.3333334 0.5522812 0.5 0.5475558 0.3333333 0.4500138 0.5 0.6711206 1 0.6660752 0.8333333 0.5729289 1 0.6500864 0.3333333 0.6767558 0.1666666 0.5718384 0.1666666 0.7146829 0.3333334 0.6767558 0.1666666 0.6500864 0.3333333 0.6660752 0.8333333 0.7366696 0.6666667 0.6513726 0.6666667 0.6711206 1 0.8093397 0.8333333 0.6660752 0.8333333 0.8537211 1 0.8093397 0.8333333 0.6711206 1 0.6767558 0.1666666 0.852259 0.0715847 0.6711206 0 0.7054776 0.5 0.8879563 0.3333333 0.7146829 0.3333334 0.8693929 0.5825177 0.8879563 0.3333333 0.7054776 0.5 0.7366696 0.6666667 0.8693929 0.5825177 0.7054776 0.5 0.8093397 0.8333333 0.8693929 0.5825177 0.7366696 0.6666667 0.8537211 1 0.9118035 0.9321359 0.8093397 0.8333333 0.8879563 0.3333333 1.000016 0.225468 0.9088096 0.1666666 1.000015 0.8993995 0.9239773 0.5984461 0.9118035 0.9321359 1.000016 0.225468 1 0 0.9133906 0 1.000006 0.5350804 1.000016 0.225468 0.8879563 0.3333333 1.81527e-5 0.3333333 0.1534106 0.1666666 0 0.1666666 3.03053e-5 0.8333333 0.2101339 0.6666667 2.43415e-6 0.6666667 0.1534106 0.1666666 0.2714062 0 2.98777e-5 0 0.3326638 0.8333333 0.2101339 0.6666667 3.03053e-5 0.8333333 0.3134429 0.3333333 0.2993666 0.1666666 0.1534106 0.1666666 0.3347954 0.5 0.3134429 0.3333333 0.2254664 0.5 0.3326638 0.8333333 0.3329545 0.6666667 0.2101339 0.6666667 0.3347954 0.5 0.3688281 0.3333333 0.3134429 0.3333333 0.4938269 0.3333333 0.3561032 0.1666666 0.3688281 0.3333333 0.4879487 0.6666667 0.5169461 0.5 0.3347954 0.5 0.4938269 0.3333333 0.5517165 0.1666666 0.3561032 0.1666666 0.5561411 0.8333333 0.4879487 0.6666667 0.4416405 0.8333333 0.574466 1 0.5561411 0.8333333 0.4986075 1 0.5517165 0.1666666 0.574466 0 0.4986075 0 0.6871328 0.6666667 0.8642256 0.5 0.6804119 0.5 1 0.4383056 0.8642256 0.5 0.9991397 0.8322901 0.1114024 0.1666666 0.106402 0 -6.88218e-7 0.1666666 2.7159e-5 0.3333333 0.1114024 0.1666666 -6.88218e-7 0.1666666 0.187839 0.3333333 0.1114024 0.1666666 2.7159e-5 0.3333333 0.187839 0.3333333 0.2156356 0.1666666 0.1114024 0.1666666 0.2233256 0.5 0.187839 0.3333333 4.56254e-5 0.5 0.3553778 0.1666666 0.2226459 0 0.2156356 0.1666666 0.3508124 0.3333333 0.3553778 0.1666666 0.245938 0.3333333 0.3664554 0.6666667 0.3574141 0.5 0.2233256 0.5 0.5168791 0.3333333 0.3553778 0.1666666 0.3508124 0.3333333 0.3664554 0.6666667 0.5148141 0.5 0.3574141 0.5 0.5168791 0.3333333 0.5559458 0.1666666 0.3553778 0.1666666 0.5476093 0.6666666 0.5148141 0.5 0.3664554 0.6666667 0.5561977 0.8333334 0.6696708 0.6666667 0.5476093 0.6666666 0.6696708 0.6666667 0.6689299 0.5 0.5752512 0.5 0.7841917 0.579815 0.6689299 0.5 0.6696708 0.6666667 0.7844874 1 0.8707633 0.7529358 0.7841055 0.8333333 0.891804 0.5 0.7860605 0.3333333 0.7841917 0.579815 0.7841055 0.8333333 0.8707633 0.7529358 0.7841917 0.579815 0.8695231 0.1666666 0.8957724 0 0.7844874 0 0.8956866 0.3333334 0.8695231 0.1666666 0.7860605 0.3333333 0.923405 0.1666666 0.8957724 0 0.8695231 0.1666666 0.8956866 0.3333334 0.923405 0.1666666 0.8695231 0.1666666 1.000031 1 0.9234957 0.7623766 0.8957724 1 0.891804 0.5 1.00001 0.3904842 0.8956866 0.3333334 1.00001 0.3904842 1.000018 0.06697231 0.923405 0.1666666 1.000006 0.7024219 1.00001 0.3904842 0.891804 0.5 0.1507987 0.1666666 6.54295e-6 0 6.35748e-6 0.2798296 0.1799662 0.8333333 9.50697e-6 0.5814232 4.152e-6 0.9455708 0.1507987 0.1666666 0.1964138 0 6.54295e-6 0 0.2120183 0.3333333 0.1507987 0.1666666 6.35748e-6 0.2798296 0.1799662 0.8333333 0.1567571 0.6423497 9.50697e-6 0.5814232 0.1799662 0.8333333 0.2896183 0.6666667 0.1567571 0.6423497 0.1964138 1 0.3080544 0.9489622 0.1799662 0.8333333 0.309794 0.4562274 0.2120183 0.3333333 0.1567571 0.6423497 0.3080544 0.9489622 0.2896183 0.6666667 0.1799662 0.8333333 0.3672179 0.5128322 0.309794 0.4562274 0.2896183 0.6666667 0.3562874 0.8817941 0.4449167 0.6666667 0.3672179 0.5128322 0.4474799 0.2362537 0.366559 0 0.3425571 0.2404928 0.3672179 0.5128322 0.4474799 0.2362537 0.3425571 0.2404928 0.4449167 0.6666667 0.5382381 0.6373812 0.3672179 0.5128322 0.4474799 0.2362537 0.5683602 0.07612991 0.4513449 0 0.5705123 0.3914521 0.5365466 0.2295475 0.5382381 0.6373812 0.5518458 0.8333333 0.6351695 0.734589 0.5382381 0.6373812 0.6346376 1 0.6666667 0.9163765 0.6351695 0.734589 0.6383973 0.03227156 0.7007517 0.09285205 0.6666667 0 0.812111 0.8837763 0.6999374 0.7939606 0.7000012 1 0.7012074 0.4144734 0.7958338 0.2562774 0.7007517 0.09285205 0.7888941 0.5910578 0.7012074 0.4144734 0.6999374 0.7939606 0.2206048 0.6666667 1.28292e-5 0.4274644 1.29968e-5 0.7971768 0.4369687 0.4925433 -4.65622e-5 0.1666666 1.28292e-5 0.4274644 0.327048 0.8333333 0.2206048 0.6666667 1.29968e-5 0.7971768 0.4393424 0.8414397 0.327048 0.8333333 1.96654e-5 1 0.3324183 0.1666666 0.3253203 0 1.96654e-5 0 0.2206048 0.6666667 0.4369687 0.4925433 0.2402139 0.5 0.4445225 0.6664424 0.4369687 0.4925433 0.2206048 0.6666667 0.4369687 0.4925433 0.4693873 0.2175387 0.420084 0.2816779 0.5586522 0.904019 0.4393424 0.8414397 0.4453719 1 0.4445225 0.6664424 0.5622739 0.2239619 0.4693873 0.2175387 0.8585981 0.8333334 0.5805136 0.6666666 0.5586522 0.904019 0.884557 1 0.8585981 0.8333334 0.5586522 0.904019 0.8841858 0.3333333 0.8832148 0.1666666 0.5622739 0.2239619 0.5805136 0.6666666 0.88557 0.5 0.4445225 0.6664424 0.8854624 0.6666667 0.88557 0.5 0.5805136 0.6666666 0.884557 1 0.9235094 0.8333333 0.8585981 0.8333334 0.9235094 0.8333333 0.8854624 0.6666667 0.8585981 0.8333334 0.8832148 0.1666666 1.00003 0 0.884557 0 1.000014 0.604296 0.88557 0.5 0.8854624 0.6666667 0.8841858 0.3333333 1 0.26335 0.8832148 0.1666666 1.000019 0.9365001 1.000014 0.604296 0.9235094 0.8333333 0.07656681 0.9295315 -1.64458e-5 0.7673227 0 1 0.07682299 0.2639886 0.07718098 0 -1.11855e-5 0.1353904 0.07656681 0.9295315 0.08852088 0.5982397 -1.64458e-5 0.7673227 0.08852088 0.5982397 0.1306024 0.2557318 0.07682299 0.2639886 0.1318246 0.9018999 0.08852088 0.5982397 0.07656681 0.9295315 0.1441498 0.5920943 0.1306024 0.2557318 0.08852088 0.5982397 0.1318246 0.9018999 0.1441498 0.5920943 0.08852088 0.5982397 0.1318246 0.9018999 0.2304829 0.8029099 0.1441498 0.5920943 0.2272838 0.2493376 0.3319755 0 0.1340114 0 0.3750804 0.2803054 0.3319755 0 0.2272838 0.2493376 0.2382692 0.5 0.3750804 0.2803054 0.2272838 0.2493376 0.4552461 0.5 0.3750804 0.2803054 0.2382692 0.5 0.5527012 0.1666666 0.3319755 0 0.3750804 0.2803054 0.4552461 0.5 0.5436149 0.3333333 0.3750804 0.2803054 0.5527012 0.1666666 0.5593306 0 0.3319755 0 0.7334733 0.5 0.5436149 0.3333333 0.4552461 0.5 0.7334733 0.5 0.772176 0.3333333 0.5436149 0.3333333 0.772176 0.3333333 0.7713001 0.1666666 0.5527012 0.1666666 0.7735745 0.8333333 0.7772958 0.6666667 0.5497131 0.8333333 0.9999995 0.1666666 0.7798652 0 0.7713001 0.1666666 0.7772958 0.6666667 0.9999995 0.4596738 0.7334733 0.5 0.7798652 1 0.9999997 0.8863466 0.7735745 0.8333333 3.79132e-5 0.38823 0.1098563 0.1666666 -2.47402e-7 0.03894215 0.1768317 0.8567319 0.1131685 0.7549462 -3.22833e-7 1 0.1098563 0.1666666 0.1064773 0 -2.47402e-7 0.03894215 0.1131685 0.7549462 0.1554481 0.5443021 -2.09238e-7 0.7274343 0.1865989 0.3333334 0.1098563 0.1666666 3.79132e-5 0.38823 0.1865989 0.3333334 0.2153248 0.1666666 0.1098563 0.1666666 0.2227882 1 0.2380699 0.7408002 0.1768317 0.8567319 0.241729 0.4122769 0.2153248 0.1666666 0.1865989 0.3333334 0.241729 0.4122769 0.1865989 0.3333334 0.1554481 0.5443021 0.1768317 0.8567319 0.2380699 0.7408002 0.1554481 0.5443021 0.3409289 0.1666666 0.2227882 0 0.2153248 0.1666666 0.3530609 1 0.3347797 0.8333333 0.2227882 1 0.3363234 0.3333333 0.3409289 0.1666666 0.241729 0.4122769 0.3347797 0.8333333 0.3447059 0.6666667 0.2380699 0.7408002 0.7372527 0.09366148 0.5668636 0 0.5545553 0.1666666 0.554156 0.5 0.7401642 0.4113451 0.5557492 0.3333333 0.7426968 1 0.7390766 0.8333334 0.5668636 1 0.7426968 1 0.7973669 0.9206391 0.7390766 0.8333334 0.7401642 0.4113451 0.796788 0.2476487 0.7372527 0.09366148 0.7973669 0.9206391 0.7763119 0.6666667 0.7390766 0.8333334 0.7973669 0.9206391 0.8924698 0.7599343 0.7763119 0.6666667 1.000001 0.7219915 0.8921063 0.5 0.8924698 0.7599343 0.8926529 0.2427927 1 0.1064762 0.8889213 0 1.000001 0.3720841 1 0.1064762 0.8926529 0.2427927 1.31919e-5 0.5 0.2990245 0.4918785 4.75994e-5 0.2057414 0.2990245 0.4918785 0.3088259 0.1666666 4.75994e-5 0.2057414 0.2265896 1 0.3218768 0.8333333 1.23206e-5 0.7880563 0.3979448 0.3333333 0.3088259 0.1666666 0.2990245 0.4918785 0.5257943 1 0.3218768 0.8333333 0.2265896 1 0.3088259 0.1666666 0.5257943 0 0.2265896 0 0.5257943 1 0.5590208 0.8333333 0.3218768 0.8333333 0.5465119 0.1666666 0.5257943 0 0.3088259 0.1666666 0.3979448 0.3333333 0.5465119 0.1666666 0.3088259 0.1666666 0.2829058 0.6666668 0.5555399 0.5814306 0.2990245 0.4918785 0.6322062 0.1666666 0.6593602 0 0.5257943 0 0.6675609 0.6666668 0.6835342 0.3483432 0.6362596 0.3698713 0.7793743 0.927081 0.6661788 0.8333333 0.6593602 1 0.7775596 0.2607772 0.778658 0 0.684818 0.1666666 0.6675609 0.6666668 0.7806131 0.616722 0.6835342 0.3483432 1.000036 0.722485 0.8976563 0.44231 0.7806131 0.616722 1.000002 1 1.000036 0.722485 0.905112 0.9062077 -1.59457e-7 0.5545945 0.1214155 0.3333333 -3.27702e-7 0.2056885 0.1267936 0.1666666 0.1286261 0 -3.27702e-7 0.2056885 0.1214155 0.3333333 0.1267936 0.1666666 -3.27702e-7 0.2056885 0.1337381 0.6666666 0.1244775 0.5 -1.59457e-7 0.5545945 0.1299239 0.8333333 0.1337381 0.6666666 -3.24761e-7 0.8945827 0.1286261 1 0.3260903 0.8333333 0.1299239 0.8333333 0.3315147 1 0.3260903 0.8333333 0.1286261 1 0.7717418 0.1666666 0.9999952 0.04117214 0.7603064 0 0.9999814 0.3333333 0.7717418 0.1666666 0.6632048 0.3333333 0.7815114 0.6666667 0.9999981 0.7865759 0.7993861 0.5 0.07704204 0.2637843 -3.94219e-5 0.1666666 -2.21574e-5 0.544757 0.07704204 0.2637843 0.07640653 0 -3.94219e-5 0.1666666 0.1117987 0.6651304 0.07704204 0.2637843 -2.21574e-5 0.544757 0.1301509 0.4118651 0.07704204 0.2637843 0.1117987 0.6651304 0.1310877 0.1666666 0.2268751 0 0.1311985 0 0.349242 0.1666666 0.2268751 0 0.1310877 0.1666666 0.4441612 1 0.2452986 0.8333333 0.2268751 1 0.443423 0.3333333 0.349242 0.1666666 0.229829 0.4182144 0.2466126 0.6666666 0.4445894 0.5 0.229829 0.4182144 0.4441612 1 0.4443638 0.8333333 0.2452986 0.8333333 0.4668213 0.6666667 0.4445894 0.5 0.2466126 0.6666666 0.443423 0.3333333 0.5366612 0.1666666 0.349242 0.1666666 0.5366612 0.1666666 0.6759099 0 0.4441612 0 0.7551491 0.1666666 0.6759099 0 0.5366612 0.1666666 0.8667434 0.8333333 0.9999354 0.5608735 0.6638036 0.6666668 0.7551491 0.1666666 0.8775219 0 0.6759099 0 0.868193 0.4544578 0.670849 0.3333333 0.6731613 0.5 0.868193 0.4544578 0.9999857 0.239481 0.7551491 0.1666666 0.1312217 1 3.39015e-6 0.7248057 0 1 0.1317117 0.1666666 0.1312217 0 -1.95142e-7 0.1278264 6.158e-6 0.384815 0.1317117 0.1666666 -1.95142e-7 0.1278264 3.39015e-6 0.7248057 0.132199 0.5 6.158e-6 0.384815 0.2018925 0.3333333 0.1317117 0.1666666 6.158e-6 0.384815 0.1418095 0.7314935 0.132199 0.5 3.39015e-6 0.7248057 0.318681 0.6666666 0.132199 0.5 0.1418095 0.7314935 0.2018925 0.3333333 0.3322137 0.1666666 0.1317117 0.1666666 0.318681 0.6666666 0.286248 0.4970527 0.132199 0.5 0.3397158 0.8333333 0.318681 0.6666666 0.1418095 0.7314935 0.286248 0.4970527 0.3322137 0.1666666 0.2018925 0.3333333 0.318681 0.6666666 0.5105306 0.5 0.286248 0.4970527 0.5453401 0.6666666 0.5105306 0.5 0.318681 0.6666666 0.3397158 0.8333333 0.5453401 0.6666666 0.318681 0.6666666 0.5105306 0.5 0.5513333 0.3333333 0.286248 0.4970527 0.5508843 0.8333334 0.5453401 0.6666666 0.3397158 0.8333333 0.7730675 0.7282662 0.5453401 0.6666666 0.5508843 0.8333334 0.7917476 0.1666666 0.9999514 0.03893077 0.7671761 0 0.9999895 0.3333333 0.7917476 0.1666666 0.7700135 0.3333333 0.9999875 0.5955944 0.7775997 0.5 0.7730675 0.7282662 0.9999514 1 0.9999909 0.8333333 0.7730675 0.7282662 0.9999875 0.5955944 0.9999895 0.3333333 0.7775997 0.5 0.9999909 0.8333333 0.9999875 0.5955944 0.7730675 0.7282662 -1.79169e-5 0.7315365 0.0763539 0.5700689 -7.68036e-6 0.3684822 0.07548016 1 0.0763747 0.8333333 -1.58386e-5 1 0.07575374 0.3333333 0.07619565 0.0961517 -7.68036e-6 0.3684822 0.0763539 0.5700689 0.07575374 0.3333333 -7.68036e-6 0.3684822 0.0763747 0.8333333 0.0763539 0.5700689 -1.79169e-5 0.7315365 0.1325579 0.9062659 0.0763747 0.8333333 0.07548016 1 0.1307816 0.2462606 0.07619565 0.0961517 0.07575374 0.3333333 0.242016 1 0.2877873 0.8333334 0.1325579 0.9062659 0.2877873 0.8333334 0.2935543 0.6666668 0.1325579 0.9062659 0.2425124 0.5 0.3889896 0.4565511 0.2314636 0.2745305 0.3889896 0.4565511 0.410477 0.2556788 0.2314636 0.2745305 0.4626466 1 0.41116 0.7411916 0.2877873 0.8333334 0.41116 0.7411916 0.3889896 0.4565511 0.2935543 0.6666668 0.41116 0.7411916 0.2935543 0.6666668 0.2877873 0.8333334 0.4626466 1 0.4636564 0.7452467 0.41116 0.7411916 0.4646352 0.4208939 0.410477 0.2556788 0.3889896 0.4565511 0.5615624 0.479658 0.5558018 0.1013212 0.4646352 0.4208939 0.7759348 0.8333333 0.7739883 0.6666667 0.5625989 0.7623113 0.7739883 0.6666667 0.8516938 0.5 0.7282604 0.5783199 0.7741624 0.1666666 0.9999938 0.07701396 0.7456468 0 0.8516938 0.5 0.9999982 0.3855913 0.7282604 0.5783199 0.9999973 0.7507855 0.7739883 0.6666667 0.7759348 0.8333333 1.93773e-6 0.6084753 0.1390144 0.3333333 0 0.2056424 0.1251618 0.1666666 3.65665e-6 0 0 0.2056424 0.1390144 0.3333333 0.1251618 0.1666666 0 0.2056424 0.1470716 0.6680548 1.93773e-6 0.6084753 2.34186e-6 0.9460747 0.1251618 0.1666666 0.1468233 0 3.65665e-6 0 0.1470716 0.6680548 0.1246219 0.5 1.93773e-6 0.6084753 0.1251618 0.1666666 0.3210845 0 0.1468233 0 0.3482396 0.5 0.1390144 0.3333333 0.1246219 0.5 0.3482396 0.5 0.3553555 0.3333333 0.1390144 0.3333333 0.5345152 0.6666668 0.3482396 0.5 0.3222613 0.6666666 0.3482396 0.5 0.6296131 0.4048889 0.3553555 0.3333333 0.6864013 0.9075824 0.6214098 0.8333333 0.628122 1 0.6296131 0.4048889 0.6862922 0.2542165 0.6229074 0.1666666 0.6864013 0.9075824 0.6486011 0.6287295 0.6214098 0.8333333 0.6987419 0.5875433 0.6862922 0.2542165 0.6486011 0.6287295 0.6864013 0.9075824 0.6987419 0.5875433 0.6486011 0.6287295 0.7767775 0.6666667 0.876943 0.5 0.8203554 0.391699 0.8048996 1 0.9999665 0.9134865 0.8028821 0.8333333 0.9999623 0.2473953 0.8029465 0.2106493 0.8203554 0.391699 0.07689726 0.2637509 -2.36308e-5 0.1009331 -9.28708e-6 0.4615234 0.07689726 0.2637509 0.1014871 0 -2.36308e-5 0.1009331 0.076155 0.5946881 0.07689726 0.2637509 -9.28708e-6 0.4615234 0.1368206 0.0775634 0.1014871 0 0.07689726 0.2637509 0.1301758 0.4109529 0.07689726 0.2637509 0.076155 0.5946881 0.08938962 0.9110656 0.1421168 0.7915483 0.076155 0.5946881 0.2317332 0.9546916 0.1421168 0.7915483 0.1425056 1 0.2317332 0.9546916 0.2459596 0.6666668 0.1421168 0.7915483 0.2459596 0.6666668 0.3290428 0.5 0.2231198 0.3666047 0.4456835 0.3333333 0.2383868 0.1666666 0.2231198 0.3666047 0.3290428 0.5 0.4456835 0.3333333 0.2231198 0.3666047 0.4456835 0.3333333 0.4446249 0.1666666 0.2383868 0.1666666 0.5423483 0.6666667 0.3290428 0.5 0.2459596 0.6666668 0.5546669 0.5 0.4456835 0.3333333 0.3290428 0.5 0.5423483 0.6666667 0.5546669 0.5 0.3290428 0.5 0.5963366 0.9162344 0.4454427 0.8333333 0.4107021 1 0.645029 0.1666666 0.5720288 0 0.4446249 0.1666666 0.5963366 0.9162344 0.5423483 0.6666667 0.4454427 0.8333333 0.7726053 0.8333333 0.5423483 0.6666667 0.5963366 0.9162344 0.8833365 0.405252 0.7625835 0 0.645029 0.1666666 0.8833365 0.405252 0.645029 0.1666666 0.6650558 0.3333334 0.9999936 0.785389 0.826751 0.6666668 0.7726053 0.8333333 0.9999947 1 0.9999936 0.785389 0.7625835 1 1 0.3882073 0.9999913 0.088876 0.8833365 0.405252 0.9999936 0.785389 1 0.3882073 0.8201074 0.5 0.187353 0.1666666 2.73067e-5 0 -3.0536e-7 0.1666666 4.15608e-6 0.3333333 0.187353 0.1666666 -3.0536e-7 0.1666666 0.1309173 0.6666668 0.1311487 0.5 -1.35832e-7 0.5 0.2441559 0.3333333 0.187353 0.1666666 4.15608e-6 0.3333333 0.2500488 1 1.14989e-5 0.8333333 2.73067e-5 1 0.443511 0.1666666 0.4304144 0 0.187353 0.1666666 0.2441559 0.3333333 0.443511 0.1666666 0.187353 0.1666666 0.3969416 0.6666667 0.5336465 0.5 0.3314856 0.5 0.5202924 0.8333333 0.3969416 0.6666667 0.3301869 0.8333333 0.5368373 0.6666668 0.5336465 0.5 0.3969416 0.6666667 0.5202924 0.8333333 0.5368373 0.6666668 0.3969416 0.6666667 0.5360991 1 0.5753602 0.8333333 0.5202924 0.8333333 0.6364013 1 0.5753602 0.8333333 0.5360991 1 0.6670767 0.2555 0.6364013 0 0.5760418 0.1666666 0.5918006 0.3333333 0.6670767 0.2555 0.5760418 0.1666666 0.589662 0.6666668 0.6648846 0.5 0.5872769 0.5 0.6694245 0.7569699 0.589662 0.6666668 0.5753602 0.8333333 0.6648846 0.5 0.6670767 0.2555 0.5918006 0.3333333 0.7448562 0.2646071 0.7709802 0 0.6364013 0 0.890131 1 0.7780507 0.8333333 0.7709802 1 0.8949638 0.1666666 0.890131 0 0.7958244 0.2471835 0.8949638 0.1666666 1.000002 0.05990403 0.890131 0 1.000003 0.7245892 0.8971718 0.5 0.8909807 0.6666667 1.000003 1 1.000003 0.7245892 0.896726 0.8333334 1 0.3715205 1.000002 0.05990403 0.8949638 0.1666666 1.95145e-6 0.4406596 0.1316159 0.1666666 -1.24148e-7 0.03900361 0.1255496 1 1.11772e-5 0.757831 -1.62077e-7 1 0.1316159 0.1666666 0.1255496 0 -1.24148e-7 0.03900361 0.2489027 0.5 0.179666 0.3333333 1.95145e-6 0.4406596 0.1255496 1 0.2187432 0.8333334 1.11772e-5 0.757831 0.3604259 0.1666666 0.3259556 0 0.1316159 0.1666666 0.179666 0.3333333 0.3604259 0.1666666 0.1316159 0.1666666 0.3259556 1 0.4595342 0.8333333 0.2187432 0.8333334 0.4224133 0.3333333 0.3604259 0.1666666 0.179666 0.3333333 0.5331268 0.5 0.4224133 0.3333333 0.2489027 0.5 0.3604259 0.1666666 0.5500141 0.06617832 0.3259556 0 0.5464232 0.6666668 0.5331268 0.5 0.2748385 0.6666667 0.4595342 0.8333333 0.5464232 0.6666668 0.2748385 0.6666667 0.4224133 0.3333333 0.5500141 0.06617832 0.3604259 0.1666666 0.6203551 0.4691376 0.5500141 0.06617832 0.4224133 0.3333333 0.5331268 0.5 0.6203551 0.4691376 0.4224133 0.3333333 0.5472961 1 0.6589038 0.8333334 0.4595342 0.8333333 0.6589038 0.8333334 0.6672028 0.6666667 0.5464232 0.6666668 0.6849085 0.5 0.6673648 0.3333333 0.6203551 0.4691376 0.6672028 0.6666667 0.6849085 0.5 0.6203551 0.4691376 0.6673648 0.3333333 0.6895509 0.01763558 0.6424645 0.09805315 0.7737309 0.8720993 0.6672028 0.6666667 0.6589038 0.8333334 0.7865563 0.547774 0.6849085 0.5 0.6672028 0.6666667 0.8655925 0.08625876 0.7641293 0 0.6895509 0.01763558 0.881632 1 0.9009577 0.8333333 0.7737309 0.8720993 0.9003068 0.5 0.8070114 0.3333334 0.7865563 0.547774 0.8070114 0.3333334 0.9999564 0.2508387 0.8655925 0.08625876 0.9003068 0.5 0.9999564 0.2508387 0.8070114 0.3333334 0.9999763 0.6159118 0.9003068 0.5 0.7865563 0.547774 0.1259441 0.1666666 5.27507e-6 0 -2.66766e-7 0.1666666 6.0428e-6 0.3846376 0.1259441 0.1666666 -2.66766e-7 0.1666666 5.65454e-4 0.6674087 0.1256394 0.5 6.0428e-6 0.3846376 0.1259441 0.1666666 0.2012685 0 5.27507e-6 0 0.2728403 0.5630581 0.1259441 0.1666666 6.0428e-6 0.3846376 0.2014393 0.6666668 0.1256394 0.5 5.65454e-4 0.6674087 0.2012685 1 0.3630726 0.7098211 5.65454e-4 0.6674087 0.3449693 0.1666666 0.4013011 0 0.2012685 0 0.3630726 0.7098211 0.2728403 0.5630581 0.2014393 0.6666668 0.3630726 0.7098211 0.4768862 0.5 0.2728403 0.5630581 0.5513893 0.3333334 0.3449693 0.1666666 0.2728403 0.5630581 0.6106078 1 0.553222 0.7480958 0.4013011 1 0.5840978 0.09526747 0.4013011 0 0.3449693 0.1666666 0.6731137 0.4355438 0.5513893 0.3333334 0.4768862 0.5 0.6106078 1 0.6432054 0.7809392 0.553222 0.7480958 0.6426573 0.219609 0.5840978 0.09526747 0.5513893 0.3333334 0.6432054 0.7809392 0.6731137 0.4355438 0.553222 0.7480958 0.6426573 0.219609 0.6953474 0.1139564 0.5840978 0.09526747 0.6894218 0.7200192 0.6731137 0.4355438 0.6432054 0.7809392 0.6731137 0.4355438 0.6953474 0.1139564 0.6426573 0.219609 0.7805306 0.9187185 0.6894218 0.7200192 0.6852706 1 0.7794975 0.4187577 0.6953474 0.1139564 0.6731137 0.4355438 0.832503 0.1666666 0.7803701 0 0.6953474 0.1139564 0.7794975 0.4187577 0.832503 0.1666666 0.6953474 0.1139564 0.832503 0.1666666 0.9999882 0 0.7803701 0 0.9062929 0.7611779 0.7790388 0.6666667 0.7805306 0.9187185 0.9999879 0.9448072 0.9998297 0.6056992 0.9062929 0.7611779 1.63963e-5 0.3939863 0.1526009 0.1666666 1.06849e-4 0.03898972 0.1726621 0.5880333 1.63963e-5 0.3939863 1.53385e-5 0.7958288 1.06832e-4 1 0.2959492 0.8333334 1.53385e-5 0.7958288 0.2959492 0.8333334 0.1726621 0.5880333 1.53385e-5 0.7958288 0.1526009 0.1666666 0.3347393 0 1.06849e-4 0.03898972 0.3129672 0.3333333 0.1526009 0.1666666 1.63963e-5 0.3939863 0.3129672 0.3333333 0.2994993 0.1666666 0.1526009 0.1666666 0.3320549 0.5 0.3129672 0.3333333 0.1726621 0.5880333 0.3347393 1 0.3551826 0.8333332 0.2959492 0.8333334 0.3320549 0.5 0.3604148 0.2243649 0.3129672 0.3333333 0.5129185 0.1666666 0.3347393 0 0.3604148 0.2243649 0.3551826 0.8333332 0.4619332 0.6666667 0.3309665 0.6666667 0.5704063 1 0.3551826 0.8333332 0.3347393 1 0.4907814 0.4741651 0.5129185 0.1666666 0.3604148 0.2243649 0.3320549 0.5 0.4907814 0.4741651 0.3604148 0.2243649 0.4619332 0.6666667 0.4907814 0.4741651 0.3320549 0.5 0.7720184 0.1666666 0.5704063 0 0.5129185 0.1666666 0.7309407 0.3333333 0.7720184 0.1666666 0.5129185 0.1666666 0.8509125 0.8893236 0.64733 0.8333333 0.5704063 1 0.8882634 0.3333334 0.7720184 0.1666666 0.7309407 0.3333333 0.8900496 0.5 0.8882634 0.3333334 0.7204368 0.5 0.8509125 0.8893236 0.8920058 0.6666666 0.7272536 0.6666667 0.8961465 0.1666666 0.7968732 0 0.7720184 0.1666666 0.8882634 0.3333334 1.000012 0.2287026 0.8961465 0.1666666 1.000018 0.8965256 0.8920058 0.6666666 0.9114985 0.9311388 1.000012 0.2287026 1 0 0.9131401 0 1 0.5719822 0.8900496 0.5 0.8920058 0.6666666 1.38568e-5 0.3881996 0.1752254 0.3060465 -1.66216e-7 0.03893047 0.1117186 1 1.89226e-4 0.7276337 -2.16874e-7 1 0.1752254 0.3060465 0.1117186 0 -1.66216e-7 0.03893047 0.1117186 1 0.1878388 0.9125308 1.89226e-4 0.7276337 0.1878388 0.9125308 0.1886832 0.5913567 0.1111292 0.5699635 0.2454096 0.3285368 0.2227331 0.1666666 0.1752254 0.3060465 0.2227331 0.1666666 0.3325921 0 0.2371695 0 0.3359754 0.3333333 0.4476909 0.2726064 0.2454096 0.3285368 0.4429662 0.5 0.3359754 0.3333333 0.3261678 0.5195251 0.4476909 0.2726064 0.4536352 0 0.3325921 0 0.4516733 0.7446908 0.4429662 0.5 0.3261678 0.5195251 0.3313606 0.9271151 0.4516733 0.7446908 0.3261678 0.5195251 0.5558966 0.09976047 0.4536352 0 0.4476909 0.2726064 0.4429662 0.5 0.5240523 0.4247682 0.4476909 0.2726064 0.4516733 0.7446908 0.5240523 0.4247682 0.4429662 0.5 0.5556921 1 0.5416935 0.7422326 0.4536352 1 0.5712007 0.4313132 0.5558966 0.09976047 0.5240523 0.4247682 0.5416935 0.7422326 0.5712007 0.4313132 0.5240523 0.4247682 0.6493899 0.5863173 0.5712007 0.4313132 0.5416935 0.7422326 0.6493899 0.5863173 0.6462231 0.2802326 0.5712007 0.4313132 0.6456935 0.9365073 0.6493899 0.5863173 0.5740272 0.8333334 0.7385799 0.0759589 0.6448433 0 0.6462231 0.2802326 0.6493899 0.5863173 0.7380526 0.4133474 0.6462231 0.2802326 0.7402882 0.744571 0.7380526 0.4133474 0.6493899 0.5863173 0.798842 0.8333333 0.8905783 0.7951253 0.8097038 0.5328009 0.9995812 0.1875634 0.7994133 0.1666666 0.7990794 0.366488 0.8097038 0.5328009 0.9995812 0.1875634 0.7990794 0.366488 0.9999985 0.5557845 0.9995812 0.1875634 0.8097038 0.5328009 0.001180827 0.6679419 0.1664434 0.5 2.2385e-6 0.3855627 0.2554518 1 0.5336589 0.8333334 0.001180827 0.6679419 0.3792276 0.5 0.3289812 0.3333333 0.1664434 0.5 0.2479485 0.6666667 0.3792276 0.5 0.1664434 0.5 0.5675589 1 0.5336589 0.8333334 0.2554518 1 0.3289812 0.3333333 0.5866463 0.1666666 0.246675 0.1666666 0.5586854 0.6666666 0.3792276 0.5 0.2479485 0.6666667 0.5803055 0.3333333 0.5866463 0.1666666 0.3289812 0.3333333 0.5586854 0.6666666 0.7795068 0.5 0.3792276 0.5 0.7764343 0.3333334 0.5866463 0.1666666 0.5803055 0.3333333 0.7764343 0.3333334 0.805004 0.05012446 0.751694 0.09869968 0.8845084 0.6666667 0.7795068 0.5 0.7746557 0.6666668 0.7795068 0.5 0.9999861 0.4149467 0.7764343 0.3333334 0.9999879 0.8081582 0.8845084 0.6666667 0.7798599 0.8350298 0.9999879 0.8081582 0.9999861 0.4149467 0.8845084 0.6666667 2.3998e-4 0.4390324 0.1860269 0.4038306 4.55789e-4 0.1270643 0.1726411 0.7043542 0.1037173 0.5968002 -1.84405e-7 0.7786588 0.1878749 0.07709616 4.55789e-4 0.1270643 0.1860269 0.4038306 0.1860269 0.4038306 2.3998e-4 0.4390324 0.1037173 0.5968002 0.1884714 1 0.2063595 0.8784675 0.1726411 0.7043542 0.1726411 0.7043542 0.2416732 0.5873213 0.1860269 0.4038306 0.2063595 0.8784675 0.2416732 0.5873213 0.1726411 0.7043542 0.2414357 0.1666666 0.2537842 0 0.2222222 0 0.2549011 0.922815 0.2416732 0.5873213 0.2063595 0.8784675 0.4978715 0.4208018 0.3447508 0.3333333 0.3287253 0.5229099 0.5329782 0.1666666 0.3387465 0 0.2494878 0.3197907 0.5329782 0.1666666 0.5554758 0 0.3387465 0 0.559505 0.6666667 0.4978715 0.4208018 0.3287253 0.5229099 0.559505 0.6666667 0.6423124 0.5 0.4978715 0.4208018 0.7208421 0.3333334 0.5329782 0.1666666 0.4978715 0.4208018 0.7710483 0.1666666 0.5554758 0 0.5329782 0.1666666 0.8583528 1 0.6007305 0.8333334 0.5554758 1 0.7710483 0.1666666 0.8583528 0 0.5554758 0 0.8519515 0.6092526 0.6423124 0.5 0.559505 0.6666667 0.8583528 1 0.8497069 0.8333333 0.6007305 0.8333334 0.8519515 0.6092526 0.7208421 0.3333334 0.6423124 0.5 0.8519515 0.6092526 0.8535387 0.261763 0.7208421 0.3333334 0.8535387 0.261763 0.8583528 0 0.7710483 0.1666666 0.9136981 0.1077389 0.8583528 0 0.8535387 0.261763 0.9225083 1 1.000025 0.7674822 0.917725 0.7313349 1.000011 0.4389709 0.9122152 0.3333333 0.9058631 0.5428529 1.000011 0.4389709 1.00001 0.1310172 0.9122152 0.3333333 1.000025 0.7674822 1.000011 0.4389709 0.917725 0.7313349 -8.53447e-7 0.3333333 0.1825613 0.3238738 -2.43326e-7 0.03894251 0.1825613 0.3238738 0.1682325 0.06236666 -2.43326e-7 0.03894251 0.173453 0.6094608 0.1090195 0.4433403 -1.71577e-7 0.6117778 0.1680004 1 0.1859295 0.8333333 4.92862e-6 0.9001196 0.1859295 0.8333333 0.173453 0.6094608 4.92862e-6 0.9001196 0.173453 0.6094608 0.2425989 0.4188455 0.1825613 0.3238738 0.1859295 0.8333333 0.2429283 0.7442354 0.173453 0.6094608 0.2457081 1 0.3518463 0.8333334 0.2429283 0.7442354 0.4289906 1 0.3518463 0.8333334 0.2457081 1 0.6470802 0.6819438 0.4173134 0.6666667 0.3518463 0.8333334 0.6393716 0.9039562 0.6470802 0.6819438 0.4289906 1 0.6470802 0.6819438 0.5792469 0.5 0.4173134 0.6666667 0.533906 0.1666666 0.7368128 0.07967031 0.5908249 0 0.5863816 0.3333333 0.7368128 0.07967031 0.533906 0.1666666 0.5792469 0.5 0.7547281 0.4848552 0.5863816 0.3333333 0.6470802 0.6819438 0.7547281 0.4848552 0.5792469 0.5 0.6393716 0.9039562 0.7445773 0.7581465 0.6470802 0.6819438 0.7962074 0.918716 0.7445773 0.7581465 0.7327113 1 0.7959193 0.2452647 0.7368128 0.07967031 0.7547281 0.4848552 0.791234 0.6611964 0.7959193 0.2452647 0.7547281 0.4848552 0.7959193 0.2452647 0.8919205 0.09705549 0.7955798 0 0.8937029 0.3980588 0.7959193 0.2452647 0.791234 0.6611964 0.8905673 0.7395206 1.000004 0.4436176 0.8937029 0.3980588 1 1 1.000001 0.7951589 0.8939359 1 1.000004 0.4436176 1.000001 0.1056863 0.8937029 0.3980588 0.105604 0.7502576 -2.4509e-5 0.6011709 -9.57602e-6 0.9606517 0.102683 1 0.105604 0.7502576 -9.57602e-6 0.9606517 0.1089456 0.1666666 0.102683 0 -1.25355e-5 0 0.105604 0.7502576 0.07604002 0.4263046 -2.4509e-5 0.6011709 0.2056299 0.9176958 0.105604 0.7502576 0.102683 1 0.2326482 0.1666666 0.2069756 0 0.1089456 0.1666666 0.2040917 0.6666667 0.2418894 0.5138328 0.1282134 0.4202299 0.2326482 0.1666666 0.2775082 0 0.2069756 0 0.255889 0.7555122 0.2418894 0.5138328 0.2040917 0.6666667 0.255889 0.7555122 0.2040917 0.6666667 0.2056299 0.9176958 0.4998622 0.5 0.3661918 0.3333333 0.2418894 0.5138328 0.2326482 0.1666666 0.5422697 0 0.2775082 0 0.5422697 1 0.5495457 0.8333333 0.3116409 0.8919548 0.5410931 0.1666666 0.5422697 0 0.2326482 0.1666666 0.753156 0.3333333 0.5410931 0.1666666 0.3661918 0.3333333 0.4998622 0.5 0.753156 0.3333333 0.3661918 0.3333333 0.7723976 0.6666667 0.7756612 0.5 0.4998622 0.5 0.8213198 0.3333334 0.7686291 0.1666666 0.753156 0.3333333 0.7756612 0.5 0.8213198 0.3333334 0.753156 0.3333333 0.8908148 0.07752072 0.7758677 0 0.7686291 0.1666666 0.7762054 0.8333333 0.8935049 0.7576639 0.7723976 0.6666667 0.9999808 0.4174562 1.000001 0.1111971 0.8908148 0.07752072 1 1 1.000004 0.8333333 0.8924915 1 0.1350798 1 1.24015e-5 0.7483218 0 1 0.243992 0.1666666 0.1350798 0 1.9794e-6 0.1130715 0.1350798 1 0.2884525 0.8333334 1.24015e-5 0.7483218 0.3990827 1 0.2884525 0.8333334 0.1350798 1 0.243992 0.1666666 0.398083 0.06633645 0.1350798 0 0.173287 0.5 0.3362343 0.3333333 -7.00945e-5 0.3881306 0.2884525 0.8333334 0.4100744 0.6666667 0.2089688 0.6666666 0.4161167 0.4198654 0.3362343 0.3333333 0.173287 0.5 0.4274033 0.7905666 0.4100744 0.6666667 0.2884525 0.8333334 0.4640879 1 0.4274033 0.7905666 0.3990827 1 0.4161167 0.4198654 0.462237 0.1666666 0.398083 0.06633645 0.4640879 1 0.4772768 0.8333333 0.4274033 0.7905666 0.4822611 0.6666667 0.4640102 0.4901445 0.4274033 0.7905666 0.6364252 0.1067936 0.4640879 0 0.462237 0.1666666 0.6458064 0.2962094 0.6364252 0.1067936 0.462237 0.1666666 0.4822611 0.6666667 0.6308721 0.5757487 0.4640102 0.4901445 0.6316996 0.8333333 0.4822611 0.6666667 0.4772768 0.8333333 0.6316996 0.8333333 0.6308721 0.5757487 0.4822611 0.6666667 0.6460965 1 0.6950702 0.9288239 0.6316996 0.8333333 0.6980894 0.3723455 0.6458064 0.2962094 0.6308721 0.5757487 0.6860651 0.6666667 0.7748901 0.5825956 0.6980894 0.3723455 0.6980894 0.3723455 0.7842189 0.2470393 0.6999883 0.1666666 0.7748901 0.5825956 0.7842189 0.2470393 0.6980894 0.3723455 -1.42332e-5 0.3980589 0.07647287 0.2372897 -1.05043e-5 0.03151834 0.07647287 0.2372897 0.07608979 0 -1.05043e-5 0.03151834 0.07663369 0.5 0.07647287 0.2372897 -1.42332e-5 0.3980589 0.09725141 0.6167562 0.07663369 0.5 -2.20608e-5 0.7330867 0.07647287 0.2372897 0.1306555 0.0885784 0.07608979 0 0.1312787 0.8333333 0.09725141 0.6167562 0.07669949 0.9025335 0.1438732 0.5751773 0.1304782 0.3333334 0.09725141 0.6167562 0.1312787 0.8333333 0.1438732 0.5751773 0.09725141 0.6167562 0.2254162 0.3311292 0.1304782 0.3333334 0.1438732 0.5751773 0.1312787 0.8333333 0.2061987 0.8593338 0.1438732 0.5751773 0.4100658 1 0.4045422 0.8333334 0.2269151 1 0.2292739 0.1666666 0.4100658 0 0.2269151 0 0.4042571 0.5 0.4108996 0.3333333 0.2254162 0.3311292 0.4103508 0.6666667 0.4042571 0.5 0.2061987 0.8593338 0.4293434 0.1185206 0.4100658 0 0.2292739 0.1666666 0.4648442 0.3333333 0.4293434 0.1185206 0.4108996 0.3333333 0.4103508 0.6666667 0.4644394 0.5884839 0.4042571 0.5 0.4759019 1 0.4639846 0.8333333 0.4444444 1 0.4648442 0.3333333 0.4770644 0.07492929 0.4293434 0.1185206 0.5703718 0.8539003 0.4639846 0.8333333 0.4759019 1 0.6779135 0.5 0.5678914 0.3333333 0.5475505 0.5842073 0.6779135 0.5 0.8113099 0.4938281 0.5678914 0.3333333 0.7653368 0.8333333 0.7437123 0.6666667 0.5703718 0.8539003 0.7818195 0.1666666 0.6514272 0 0.5741595 0.1666666 0.8113099 0.4938281 0.7818195 0.1666666 0.5741595 0.1666666 0.8505339 1 0.7653368 0.8333333 0.6514272 1 0.7437123 0.6666667 0.8113099 0.4938281 0.6779135 0.5 0.8505339 1 0.9999263 0.8721846 0.7653368 0.8333333 0.9004861 0.3333333 0.7818195 0.1666666 0.8113099 0.4938281 0.9999785 0.5928896 0.8113099 0.4938281 0.7437123 0.6666667 0.9004861 0.3333333 0.9999868 0.1904802 0.7818195 0.1666666 0.9999785 0.5928896 0.9004861 0.3333333 0.8113099 0.4938281 0.9999785 0.5928896 0.9999868 0.1904802 0.9004861 0.3333333 1.38362e-5 0.5 0.2380945 0.4957101 1.45597e-6 0.2210798 0.2751402 1 0.3373108 0.8333334 1.27176e-5 0.7865222 0.3001209 0.6666666 0.3980106 0.4852805 0.2380945 0.4957101 0.420197 0.7787548 0.3980106 0.4852805 0.3001209 0.6666666 0.3373108 0.8333334 0.420197 0.7787548 0.3001209 0.6666666 0.4645491 0.5743855 0.4230658 0.2459664 0.3980106 0.4852805 0.4645491 0.5743855 0.3980106 0.4852805 0.420197 0.7787548 0.4769993 0.9382187 0.420197 0.7787548 0.425045 1 0.4645491 0.5743855 0.4768818 0.2464811 0.4230658 0.2459664 0.4769993 0.9382187 0.4645491 0.5743855 0.420197 0.7787548 0.5541693 0.2812325 0.4778417 0 0.4768818 0.2464811 0.553381 0.7307992 0.4645491 0.5743855 0.4769993 0.9382187 0.6580402 0.842229 0.553381 0.7307992 0.4769993 0.9382187 0.5790144 0.5 0.7775661 0.3333333 0.5541693 0.2812325 0.741082 0.5977854 0.5790144 0.5 0.553381 0.7307992 0.741082 0.5977854 0.7775661 0.3333333 0.5790144 0.5 0.744008 1 0.7782673 0.8333333 0.6580402 0.842229 0.7963486 0.5878998 0.7775661 0.3333333 0.741082 0.5977854 0.7782673 0.8333333 0.7963486 0.5878998 0.741082 0.5977854 0.7963486 0.5878998 0.893224 0.4300794 0.7775661 0.3333333 0.8909071 0.7225404 0.7963486 0.5878998 0.7782673 0.8333333 1.000001 0.2724319 0.8912078 0.09298819 0.893224 0.4300794 1.000001 0.2724319 1.000001 0 0.8912078 0.09298819 1.000002 0.6107706 1.000001 0.2724319 0.893224 0.4300794 0.1402761 0.8333333 0.1356365 0.6666666 -3.73478e-7 0.8938832 0.2269324 0.5589445 7.41947e-6 0.2512858 7.38557e-6 0.5309141 0.3497897 0.3333333 0.2179006 0.1666666 0.2269324 0.5589445 0.3281555 0.8939328 0.1402761 0.8333333 0.1274789 1 0.3407827 0.687358 0.3497897 0.3333333 0.2269324 0.5589445 0.3878308 0.1666666 0.5396201 0 0.3386998 0 0.4690287 0.8333333 0.5354785 0.6666666 0.3407827 0.687358 0.5482224 0.1666666 0.5396201 0 0.3878308 0.1666666 0.5354785 0.6666666 0.5537679 0.5 0.3407827 0.687358 0.7457996 0.8333334 0.5354785 0.6666666 0.4690287 0.8333333 0.5482224 0.1666666 0.7666364 0.05993527 0.5396201 0 0.7699351 0.6666667 0.5537679 0.5 0.5354785 0.6666666 0.7457996 0.8333334 0.7699351 0.6666667 0.5354785 0.6666666 0.7699351 0.6666667 0.7747917 0.4633856 0.5537679 0.5 0.862743 0.2523018 0.874112 0.04681712 0.7666364 0.05993527 0.7457996 0.8333334 0.8692808 0.7547565 0.7699351 0.6666667 0.9234421 0.9041035 0.8692808 0.7547565 0.874112 1 0.8687703 0.5 0.9233996 0.4295873 0.862743 0.2523018 1.000017 0.2692963 1.000023 0 0.923254 0.1666666 1.000014 0.9370055 1.000008 0.6330357 0.9234421 0.9041035 0.2097454 0.1666666 4.34544e-6 0 -2.80603e-7 0.1666666 4.2557e-6 0.3333333 0.2097454 0.1666666 -2.80603e-7 0.1666666 8.54474e-7 0.6666667 0.2086197 0.5 -1.94057e-7 0.5 0.2086361 0.8333333 8.54474e-7 0.6666667 -1.41552e-7 0.8333333 0.2097454 0.1666666 0.2248104 0 4.34544e-6 0 0.2247413 0.3333333 0.2097454 0.1666666 4.2557e-6 0.3333333 0.2115473 0.6666667 0.2086197 0.5 8.54474e-7 0.6666667 0.2086361 0.8333333 0.2115473 0.6666667 8.54474e-7 0.6666667 0.2706115 0.1666666 0.2248104 0 0.2097454 0.1666666 0.2247413 0.3333333 0.2706115 0.1666666 0.2097454 0.1666666 0.2706115 0.1666666 0.2860536 0 0.2248104 0 0.2862569 0.3333333 0.2706115 0.1666666 0.2247413 0.3333333 0.4569472 1 0.2718757 0.8333333 0.2860536 1 0.2712786 0.5 0.4584548 0.3333333 0.2862569 0.3333333 0.460475 0.1666666 0.4569472 0 0.2706115 0.1666666 0.4584548 0.3333333 0.460475 0.1666666 0.2706115 0.1666666 0.4599832 0.6666668 0.4721351 0.5 0.2712786 0.5 0.4618068 0.8333333 0.4599832 0.6666668 0.2718757 0.8333333 0.5214862 0.6666667 0.4721351 0.5 0.4599832 0.6666668 0.5214862 0.6666667 0.5157119 0.3405218 0.4721351 0.5 0.6321304 1 0.6235687 0.8333333 0.5224178 1 0.6325083 0.0837776 0.5224178 0 0.5261043 0.1666666 0.6202544 0.3333333 0.6325083 0.0837776 0.5261043 0.1666666 0.7138488 0.242277 0.6325083 0.0837776 0.6202544 0.3333333 0.6235687 0.8333333 0.7409036 0.8277651 0.6269317 0.6197659 0.7696742 0.6666666 0.7494876 0.5 0.7409036 0.8277651 0.7890978 1 0.7409036 0.8277651 0.7283369 1 0.8783242 0.8333333 0.7696742 0.6666666 0.7409036 0.8277651 0.8813275 1 0.8783242 0.8333333 0.7890978 1 0.8785663 0.1666666 1.000007 0 0.8813275 0 1.000002 0.6064595 0.8809321 0.5 0.88133 0.6666667 1.000002 0.6064595 1.000001 0.2956575 0.8809321 0.5 1.000005 0.9417163 1.000002 0.6064595 0.8783242 0.8333333 -2.28466e-7 0.388176 0.2013272 0.1666666 -1.17455e-6 0.03846216 0.186268 1 0.1924535 0.8333333 -1.52693e-6 1 0.2013272 0.1666666 0.186268 0 -1.17455e-6 0.03846216 0.1994584 0.5 0.2024744 0.3333333 -2.28466e-7 0.388176 0.2038591 0.6666668 0.1994584 0.5 -1.79604e-6 0.7283796 0.4613889 1 0.1924535 0.8333333 0.186268 1 0.4613889 1 0.4883291 0.8333334 0.1924535 0.8333333 0.6182819 0.9085718 0.4883291 0.8333334 0.4613889 1 0.4837232 0.5 0.618843 0.4255502 0.4861155 0.3333333 0.6922553 0.3333333 0.6674715 0.1666666 0.618843 0.4255502 0.6672871 0.6666667 0.694327 0.5 0.618843 0.4255502 0.6674715 0.1666666 0.836046 0 0.685467 0 0.836046 1 0.8357291 0.8333333 0.691447 0.8956511 1.000005 0.2243337 0.836046 0 0.8370955 0.1666666 0.8421155 0.6666666 1.000003 0.5602205 0.8363382 0.5 1.000003 0.5602205 1.000005 0.2243337 0.8436502 0.3333333 1.000001 0.8712952 1.000003 0.5602205 0.8421155 0.6666666 6.71161e-5 0.6666667 0.1439403 0.5 -1.10105e-6 0.371798 0.1943684 1 0.1435402 0.8333333 -2.83365e-6 1 0.2103121 0.3333333 0.1953327 0.1666666 -1.10105e-6 0.371798 0.1439403 0.5 0.2103121 0.3333333 -1.10105e-6 0.371798 0.3198227 0.6666667 0.1439403 0.5 6.71161e-5 0.6666667 0.3198227 0.6666667 0.3574345 0.5 0.1439403 0.5 0.3281021 0.8333333 0.3198227 0.6666667 0.1435402 0.8333333 0.4799693 0.3333333 0.3949573 0.1666666 0.2103121 0.3333333 0.3574345 0.5 0.4799693 0.3333333 0.2103121 0.3333333 0.4589341 1 0.5728863 0.8333333 0.3281021 0.8333333 0.5662327 0.6666667 0.3574345 0.5 0.3198227 0.6666667 0.5662327 0.6666667 0.7470851 0.5 0.3574345 0.5 0.7773746 0.2533359 0.5830759 0.1666666 0.4799693 0.3333333 0.8695716 1 1.000026 0.8943004 0.8572378 0.7880451 1.000025 0.5668713 0.8698133 0.3333333 0.8742727 0.5822103 1.000012 0.1996371 1 0 0.8695716 0 1.000026 0.8943004 1.000025 0.5668713 0.8742727 0.5822103 0.2459465 0.6666667 -7.62513e-7 0.4449581 -2.60756e-6 0.795216 0.2930743 1 0.2840071 0.8333333 -2.60756e-6 0.795216 0.2428423 0.3333334 0.3523842 0.1666666 -4.37833e-6 0.1046671 0.3001912 0.5 0.2428423 0.3333334 -7.62513e-7 0.4449581 0.2840071 0.8333333 0.2459465 0.6666667 -2.60756e-6 0.795216 0.6634775 0.3333334 0.3523842 0.1666666 0.2428423 0.3333334 0.3001912 0.5 0.6634775 0.3333334 0.2428423 0.3333334 0.2840071 0.8333333 0.6448814 0.6666668 0.2459465 0.6666667 0.3523842 0.1666666 0.7015518 0 0.2930743 0 0.7074418 0.5 0.6634775 0.3333334 0.3001912 0.5 0.7131624 0.8333333 0.6448814 0.6666668 0.2840071 0.8333333 0.9999954 0.2287519 0.7015518 0 0.3523842 0.1666666 0.7131624 0.8333333 1 0.8962101 0.6448814 0.6666668 0.5007768 0.6666667 -2.25142e-6 0.4447739 -4.94619e-6 0.7953507 0.5003252 1 0.50051 0.8333333 -4.94619e-6 0.7953507 0.503664 0.3333333 0.5032055 0.1666666 -8.73872e-6 0.1046383 0.5043259 0.5 0.503664 0.3333333 -2.25142e-6 0.4447739 0.50051 0.8333333 0.5007768 0.6666667 -4.94619e-6 0.7953507 1.000009 0.2234655 0.5003252 0 0.5032055 0.1666666 0.5007768 0.6666667 1.000005 0.5605725 0.5043259 0.5 1.000005 0.5605725 1.000009 0.2234655 0.503664 0.3333333 1.000002 0.8715741 1.000005 0.5605725 0.5007768 0.6666667 -8.69148e-7 0.7216039 0.4999021 0.5 -2.22344e-6 0.3719349 0.5041998 1 0.5042638 0.8333333 -5.04623e-6 1 0.499195 0.3333333 0.4991713 0.1666666 -2.22344e-6 0.3719349 0.4999021 0.5 0.499195 0.3333333 -2.22344e-6 0.3719349 0.5042638 0.8333333 0.5129674 0.6666667 -8.69148e-7 0.7216039 0.4991713 0.1666666 1.000005 0 0.5041998 0 1 0.5623051 1 0.2946076 0.4999021 0.5 1 0.5623051 0.4999021 0.5 0.5129674 0.6666667 0 0.5 1.000001 0.3333333 0 0.1091008 1.000001 0.3333333 1.000001 0.08772885 0 0.1091008 1.000001 0.5833806 1.000001 0.3333333 0 0.5 -1.81415e-7 0.7212348 1.000001 0.5833806 0 0.5 1.000001 0.8333333 1.000001 0.5833806 -1.81415e-7 0.7212348 0.5000628 0.6666667 -1.11293e-6 0.4448656 -3.06973e-6 0.7949706 0.4992617 1 0.4992977 0.8333334 -3.06973e-6 0.7949706 0.5040799 0.3333333 0.5040666 0.1666666 -4.5069e-6 0.1050575 0.5128704 0.5 0.5040799 0.3333333 -1.11293e-6 0.4448656 0.4992977 0.8333334 0.5000628 0.6666667 -3.06973e-6 0.7949706 1.000005 0.2231822 0.4992617 0 0.5040666 0.1666666 0.5000628 0.6666667 1 0.6038023 0.5128704 0.5 1 0.8716936 1 0.6038023 0.5000628 0.6666667 0.08636116 1 -1.13413e-5 0.7708273 0 1 0.08613812 0.4033361 0.08589243 0.07172262 -1.06068e-5 0.1344028 0.09929418 0.6381664 0.08613812 0.4033361 -2.51208e-5 0.4336555 0.1032074 0.8333334 0.09929418 0.6381664 -1.13413e-5 0.7708273 0.1475391 1 0.1032074 0.8333334 0.08636116 1 0.08613812 0.4033361 0.125 0.250388 0.08589243 0.07172262 0.1475391 1 0.1622228 0.735842 0.1032074 0.8333334 0.1623988 0.4360949 0.125 0.250388 0.09929418 0.6381664 0.1032074 0.8333334 0.1622228 0.735842 0.09929418 0.6381664 0.2432516 0.5613402 0.1623988 0.4360949 0.1622228 0.735842 0.2475937 1 0.2755885 0.8333334 0.1622228 0.735842 0.4469038 0.5 0.2601237 0.3333333 0.2432516 0.5613402 0.4715018 1 0.61435 0.9198358 0.4439872 0.8333334 0.5279563 0.3333333 0.6210116 0.1666666 0.4114183 0.1666666 0.61435 0.9198358 0.4953747 0.6666668 0.4439872 0.8333334 0.7062208 0.5 0.5279563 0.3333333 0.4469038 0.5 0.4953747 0.6666668 0.7062208 0.5 0.4469038 0.5 0.7108127 0.2602221 0.6210116 0.1666666 0.5279563 0.3333333 0.7112116 0.6666667 0.75 0.5829575 0.7062208 0.5 0.7567767 0.2423525 0.787608 0.07512694 0.75 0 0.7868114 0.5744969 0.8765871 0.3333333 0.7567767 0.2423525 0.8765871 0.3333333 0.8736481 0.1666666 0.787608 0.07512694 0.8736481 0.1666666 0.8904157 0 0.787608 0.07512694 1 1 1.000001 0.7950596 0.8874197 0.893556 1 0.0603339 0.8904157 0 0.8736481 0.1666666 -4.36726e-7 0.3884803 0.1472253 0.2449195 -1.88098e-7 0.03872311 0.1397299 0.9685192 1.00486e-5 0.7501562 -2.45027e-7 1 0.1472253 0.2449195 0.1353346 0 -1.88098e-7 0.03872311 0.1378318 0.5 0.1472253 0.2449195 -4.36726e-7 0.3884803 0.2346285 0.6110928 0.1378318 0.5 1.00486e-5 0.7501562 0.2439109 0.9124843 0.2857143 0.7500891 0.2346285 0.6110928 0.4021692 0.4654406 0.3116157 0.2545346 0.3241451 0.6280264 0.4205045 0.8333333 0.4021692 0.4654406 0.3241451 0.6280264 0.5475561 0.5 0.5692565 0.3283459 0.4238322 0.2495036 0.5720998 0.7794033 0.4021692 0.4654406 0.4205045 0.8333333 0.5692565 0.3283459 0.4612337 0 0.4238322 0.2495036 0.6815975 1 0.5720998 0.7794033 0.4612337 1 0.5692565 0.3283459 0.6792744 0.0301724 0.4612337 0 0.5475561 0.5 0.6690735 0.4514537 0.5692565 0.3283459 0.7378672 0.1666666 0.7537943 0 0.6792744 0.0301724 0.7378672 0.1666666 0.8606833 0.1108105 0.7537943 0 0.8568919 0.6666667 0.8577665 0.427417 0.7397934 0.6666668 0.8586131 0.8333333 0.8568919 0.6666667 0.7397934 0.6666668 1.000003 1 0.8586131 0.8333333 0.8565668 1 1.000001 0.3944549 1.000002 0.05588239 0.8606833 0.1108105 1.000001 0.7047953 1.000001 0.3944549 0.8577665 0.427417 0.2447981 0.1666666 0.2288079 0 5.46896e-4 0.2058734 0.2439733 0.8333333 0.2280408 0.6666667 -3.51506e-7 0.8940695 0.2280408 0.6666667 0.4530664 0.5729437 5.72051e-7 0.5549945 0.2288079 1 0.4675322 0.9050229 0.2439733 0.8333333 0.7804581 0.6666667 0.8087539 0.5314569 0.4530664 0.5729437 0.7769401 1 1.000001 0.7775933 0.7814 0.8333333 1.000001 0.7775933 0.9999827 0.3870807 0.7804581 0.6666667 0.5078725 0.07347142 -1.07656e-5 0 -2.98216e-6 0.2948204 0.5129541 1 0.5015224 0.8333333 -7.17256e-6 0.9443748 0.5020712 0.3333334 0.5078725 0.07347142 -2.98216e-6 0.2948204 0.5016302 0.5732749 0.5020712 0.3333334 -2.98216e-6 0.2948204 0.5015224 0.8333333 0.5016302 0.5732749 -2.36572e-6 0.6056249 1.000003 0.3718672 1 0.1064251 0.5078725 0.07347142 0.5016809 0.1666666 -2.02504e-5 0 -5.04931e-6 0.295378 0.5022498 1 0.5017223 0.8333333 -1.33666e-5 0.9433442 0.5022853 0.3333333 0.5016809 0.1666666 -5.04931e-6 0.295378 0.5016554 0.5 0.5022853 0.3333333 -5.04931e-6 0.295378 0.5017223 0.8333333 0.502248 0.6666667 -5.87294e-6 0.6055976 0.5016809 0.1666666 1.000021 0 0.5022498 0 1.000006 0.6053773 0.5016554 0.5 0.502248 0.6666667 1.000006 0.6053773 1.000005 0.2956348 0.5016554 0.5 1.000014 0.9433178 1.000006 0.6053773 0.5017223 0.8333333 -1.03081e-4 0.5548559 0.5015807 0.2594027 -4.01643e-7 0.2055627 0.5015807 0.2594027 9.29985e-6 0 -4.01643e-7 0.2055627 8.85724e-6 0.8940869 1.000001 0.8941263 0.5015822 0.7369839 1.000001 0.5549026 0.5015807 0.2594027 -1.03081e-4 0.5548559 1 0.2054847 1 0 9.29985e-6 0 1.000001 0.8941263 1.000001 0.5549026 0.5015822 0.7369839 2.24558e-4 0.1666666 0.2753711 0 0 0 0.2753711 1 0.2694017 0.8333333 4.95635e-5 0.7492695 0.2224386 0.4963157 0.2705648 0.3333334 -1.62122e-6 0.4443777 0.2694017 0.8333333 0.2224386 0.4963157 4.95635e-5 0.7492695 0.4012889 0.1785215 0.2753711 0 2.24558e-4 0.1666666 0.6739156 0.5927292 0.4944303 0.4067655 0.2224386 0.4963157 0.4944303 0.4067655 0.7017393 0.2380576 0.4012889 0.1785215 0.6739156 0.5927292 0.7017393 0.2380576 0.4944303 0.4067655 0.7017393 0.2380576 0.8272697 0.07560402 0.7062831 0 0.8291679 0.4213171 0.7017393 0.2380576 0.6739156 0.5927292 0.8276767 1 1.000014 0.7746198 0.8283415 0.7450821 1 0.3897743 1.000018 0.1307673 0.8291679 0.4213171 2.80983e-5 0.1666666 0.1551066 0 0 0 0.1551066 1 0.1683872 0.8333334 -9.84489e-7 0.87296 0.1689447 0.5 0.1626243 0.3333334 0 0.445177 0.1683872 0.8333334 2.0665e-5 0.6666667 -9.84489e-7 0.87296 0.1626243 0.3333334 0.3005135 0.1666666 2.80983e-5 0.1666666 0.1813099 0.6666668 0.1689447 0.5 2.0665e-5 0.6666667 0.1683872 0.8333334 0.1813099 0.6666668 2.0665e-5 0.6666667 0.3329194 0.4977681 0.3005135 0.1666666 0.1626243 0.3333334 0.1689447 0.5 0.3329194 0.4977681 0.1626243 0.3333334 0.304261 0.6666667 0.3329194 0.4977681 0.1689447 0.5 0.3579273 0.3333333 0.3005135 0.1666666 0.3329194 0.4977681 0.3341901 1 0.3812947 0.8333333 0.3040705 0.8333334 0.3579273 0.3333333 0.3816667 0.1666666 0.3005135 0.1666666 0.3864612 0.6666667 0.3329194 0.4977681 0.304261 0.6666667 0.5160462 0.5 0.3579273 0.3333333 0.3329194 0.4977681 0.518873 0.6666666 0.5160462 0.5 0.3864612 0.6666667 0.4908732 0.8333333 0.518873 0.6666666 0.3864612 0.6666667 0.6885224 0.1666666 0.5206186 0 0.4921582 0.1666666 0.5254823 0.3333334 0.6885224 0.1666666 0.4921582 0.1666666 0.6938084 0.8333333 0.518873 0.6666666 0.4908732 0.8333333 0.8042824 1 0.6938084 0.8333333 0.5206186 1 0.7970556 0.6666668 0.8016108 0.5 0.5160462 0.5 0.8042824 1 0.8676379 0.8333333 0.6938084 0.8333333 0.8234529 0.3333333 1.000022 0.2233914 0.6885224 0.1666666 0.8676379 0.8333333 0.7970556 0.6666668 0.6938084 0.8333333 0.7970556 0.6666668 1.000001 0.5605708 0.8016108 0.5 1.000001 0.5605708 1.000022 0.2233914 0.8234529 0.3333333 1.000001 0.8716486 1.000001 0.5605708 0.7970556 0.6666668 0.529326 0.7962132 1.53785e-5 0.8333333 3.95133e-5 1 0.529326 0.7962132 0.563457 0.6666666 1.53785e-5 0.8333333 0.5270969 0.1666666 0.99993 0.03905749 0.4990086 0 0.9999518 0.3886057 0.5270969 0.1666666 0.498566 0.3333333 0.229393 1 -2.04203e-5 0.776227 0 1 0.227198 0.3333333 0.2303865 0.07523202 -3.64258e-5 0.1336499 0.2287443 0.7444605 0.2741516 0.5 -7.75191e-5 0.4279337 0.2741516 0.5 0.3895158 0.3333333 0.227198 0.3333333 0.3908526 1 0.4311484 0.7494148 0.3333333 0.7500026 0.5423861 0.5780066 0.3895158 0.3333333 0.2741516 0.5 0.3999419 0.1666666 0.6858384 0.1114828 0.3908526 0 0.6740928 0.3333333 0.6858384 0.1114828 0.3999419 0.1666666 0.7108366 0.5 0.6740928 0.3333333 0.5423861 0.5780066 0.5423861 0.5780066 1 0.6044157 0.7108366 0.5 1 0.872047 1 0.6044157 0.5423861 0.5780066 -3.401e-6 0.7219881 0.5005059 0.5 -4.88571e-6 0.3713032 0.5036356 1 0.5035422 0.8333333 -1.22735e-5 1 0.5005865 0.3333333 0.5003002 0.1666666 -4.88571e-6 0.3713032 0.5005059 0.5 0.5005865 0.3333333 -4.88571e-6 0.3713032 0.5035422 0.8333333 0.5042067 0.6666667 -3.401e-6 0.7219881 0.5003002 0.1666666 1.000013 0 0.5036356 0 1.000005 0.606158 0.5005059 0.5 0.5042067 0.6666667 1.000005 0.606158 1.000001 0.2951679 0.5005059 0.5 1.000009 0.9430667 1.000005 0.606158 0.5035422 0.8333333 0.1273887 0.919119 -3.48328e-7 0.7782778 0 1 0.2166019 0.01331651 0.1269227 0 -1.86749e-7 0.1278619 8.58806e-6 0.4169944 0.2166019 0.01331651 -1.86749e-7 0.1278619 0.1273887 0.919119 0.120023 0.6666667 -3.48328e-7 0.7782778 0.1755792 0.250344 0.2166019 0.01331651 8.58806e-6 0.4169944 0.120023 0.6666667 0.2050871 0.5 8.58806e-6 0.4169944 0.2050871 0.5 0.2305898 0.3736618 0.1755792 0.250344 0.2262545 0.672456 0.2050871 0.5 0.120023 0.6666667 0.2262545 0.672456 0.120023 0.6666667 0.1273887 0.919119 0.2251664 1 0.2736854 0.8736844 0.2262545 0.672456 0.2305898 0.3736618 0.2834637 0.2896602 0.1755792 0.250344 0.2262545 0.672456 0.2880173 0.5962898 0.2305898 0.3736618 0.2736854 0.8736844 0.2880173 0.5962898 0.2262545 0.672456 0.3824673 0.2240548 0.2872799 0 0.2834637 0.2896602 0.3829885 0.6299696 0.2834637 0.2896602 0.2880173 0.5962898 0.3829885 0.6299696 0.3824673 0.2240548 0.2834637 0.2896602 0.3753952 0.8735958 0.3829885 0.6299696 0.2880173 0.5962898 0.3824673 0.2240548 0.4896424 0.06147277 0.3826904 0 0.4898858 0.4529078 0.3824673 0.2240548 0.3829885 0.6299696 0.4739207 0.7099205 0.3829885 0.6299696 0.3753952 0.8735958 0.4898858 0.4529078 0.4896424 0.06147277 0.3824673 0.2240548 0.4918042 1 0.5227157 0.8012391 0.4739207 0.7099205 0.6223123 1 0.5227157 0.8012391 0.4918042 1 0.5227157 0.8012391 0.6255062 0.6140822 0.4898858 0.4529078 0.7503412 0.3333333 0.7556861 0.1666666 0.6231854 0.02758777 0.7525308 0.5693991 0.7503412 0.3333333 0.6255062 0.6140822 0.747076 0.9262273 0.7525308 0.5693991 0.628618 0.8333333 0.8844907 0.1666666 0.875675 0 0.7556861 0.1666666 0.8783771 0.8333333 0.8822862 0.6666668 0.7525308 0.5693991 0.8844907 0.1666666 1.000004 0 0.875675 0 1 0.5590551 1.000004 0.295839 0.8857854 0.5 1 0.5590551 0.8857854 0.5 0.8822862 0.6666668 -2.89897e-5 0.564006 0.1556576 0.4991039 -1.14669e-5 0.2045968 0.1556576 0.4991039 0.1147755 0.07580506 -1.14669e-5 0.2045968 0.1140871 0.7439578 0.1556576 0.4991039 -2.89897e-5 0.564006 0.192021 0.2374705 0.1147755 0.07580506 0.1556576 0.4991039 0.3196387 0.4135115 0.192021 0.2374705 0.1556576 0.4991039 0.3196387 0.4135115 0.3603702 0.1666666 0.192021 0.2374705 0.3130126 0.7544263 0.3196387 0.4135115 0.1973705 0.7518795 0.3603702 0.1666666 0.5196104 0 0.3284508 0 0.5248762 0.5531633 0.4684451 0.2989018 0.3196387 0.4135115 0.8060325 1 0.4994159 0.8333333 0.5196104 1 0.4994159 0.8333333 0.8121756 0.6666667 0.5248762 0.5531633 0.8060325 1 0.8211603 0.8333333 0.4994159 0.8333333 0.8211603 0.8333333 0.8121756 0.6666667 0.4994159 0.8333333 0.8209467 0.3333334 0.9999794 0.1120336 0.6252052 0.2947578 1 0.3887788 0.9999794 0.1120336 0.8209467 0.3333334 1.000001 1 1 0.7729742 0.8211603 0.8333333 0.8211603 0.8333333 1 0.7729742 0.8121756 0.6666667 0.1583377 0.8941335 -6.60874e-7 0.7783798 0 1 0.1665792 0.1666666 0.1609536 0 -2.28726e-7 0.1278365 0.1722263 0.6331202 0.1665792 0.1666666 -2.28726e-7 0.1278365 0.1671713 0.6666667 0.1722263 0.6331202 -2.7941e-7 0.4391747 0.1583377 0.8941335 0.1671713 0.6666667 -6.60874e-7 0.7783798 0.2824597 0.3333333 0.1665792 0.1666666 0.1722263 0.6331202 0.1665792 0.1666666 0.2830941 0.09720438 0.1609536 0 0.2824597 0.3333333 0.2830941 0.09720438 0.1665792 0.1666666 0.2823302 0.5560947 0.2824597 0.3333333 0.1722263 0.6331202 0.2823302 0.5560947 0.1722263 0.6331202 0.1671713 0.6666667 0.5018782 0.9182072 0.3607642 0.8333333 0.3623595 1 0.4991237 0.4349623 0.4977715 0.1666666 0.3629718 0.3333333 0.6777996 0.1666666 0.8113291 0.119655 0.6773374 0 0.8053103 0.7439616 0.6797712 0.4207255 0.6784464 0.6666668 0.8053103 0.7439616 0.6784464 0.6666668 0.6749126 0.9054585 0.803814 0.3333333 0.8113291 0.119655 0.6777996 0.1666666 0.8437812 0.5 0.803814 0.3333333 0.6797712 0.4207255 0.8854448 0.9285301 0.8053103 0.7439616 0.8046711 1 0.88549 0.2669393 0.8113291 0.119655 0.803814 0.3333333 0.8437812 0.5 0.88549 0.2669393 0.803814 0.3333333 1.000011 0.105053 0.8847982 0 0.88549 0.2669393 0.8844972 0.6666666 1.000026 0.4368879 0.8437812 0.5 1 1 1.00001 0.7974787 0.8854448 0.9285301 1.000026 0.4368879 1.000011 0.105053 0.88549 0.2669393 2.75029e-5 0.3506811 0.3599393 0.1666666 1.67067e-5 0.03891545 0.3581653 0.8333334 2.25208e-5 0.6666667 1.66961e-5 0.9695184 0.3581653 0.8333334 0.3972824 0.6666667 2.25208e-5 0.6666667 0.2286159 0.5 0.4728822 0.538893 2.75029e-5 0.3506811 0.3972824 0.6666667 0.4728822 0.538893 0.2286159 0.5 0.7883757 0.2581366 0.3599393 0.1666666 0.4728822 0.538893 0.7432758 0.5906929 0.4728822 0.538893 0.3972824 0.6666667 0.3581653 0.8333334 0.7432758 0.5906929 0.3972824 0.6666667 0.7905713 0.8993365 0.3581653 0.8333334 0.4047672 1 0.7905713 0.8993365 0.7432758 0.5906929 0.3581653 0.8333334 0.9999867 0.4652517 1 0.1280661 0.7883757 0.2581366 0.2485653 0.8333333 -1.83788e-6 0.6114469 1.75559e-4 0.9613415 0.2943255 0.5 0.2803142 0.3333333 -7.80079e-7 0.2725077 0.3837843 0.6666668 0.2943255 0.5 -1.83788e-6 0.6114469 0.2943255 0.5 0.7109078 0.3858808 0.2803142 0.3333333 0.4654024 1 0.7783706 0.913149 0.7912418 0.6570631 0.7307031 0.1666666 0.7811093 0 0.4654024 0 0.7912418 0.6570631 0.7109078 0.3858808 0.3837843 0.6666668 0.7912418 0.6570631 0.9999859 0.4472193 0.7109078 0.3858808 0.9999859 0.4472193 0.7307031 0.1666666 0.7109078 0.3858808 1.000001 1 1 0.7728571 0.7783706 0.913149 0.7783706 0.913149 1 0.7728571 0.7912418 0.6570631 0.2904614 0.8333334 -4.87679e-6 0.6666666 0 0.9609605 0.381878 1 0.2904614 0.8333334 0 0.9609605 -4.87679e-6 0.6666666 0.6307621 0.5 1.16206e-5 0.4163325 0.381878 1 0.7082709 0.7910137 0.2904614 0.8333334 0.6719056 0.6666667 0.6307621 0.5 -4.87679e-6 0.6666666 0.7020469 1 0.7082709 0.7910137 0.381878 1 0.7009567 0.07171291 0.381878 0 0.5079385 0.3087859 0.6307621 0.5 0.7090391 0.3333333 0.5079385 0.3087859 0.8276837 0.7405752 0.7966204 0.4975618 0.7082709 0.7910137 0.8261742 1 1.000027 0.895501 0.8276837 0.7405752 1.000023 0.2008733 1 0 0.8261888 0.07717984 1.000027 0.895501 1.000053 0.5666629 0.8276837 0.7405752 1.85462e-5 0.4191625 0.351538 0.3671692 -1.63408e-6 0.1061942 0.2148355 1 0.2065891 0.6302766 1.95331e-5 0.8333334 0.7046356 0.833072 0.2065891 0.6302766 0.2148355 1 0.7073306 0.3750595 0.3405463 0.09105211 0.351538 0.3671692 0.6341081 0.6666667 0.671152 0.5 0.2782543 0.5 0.3405463 0.09105211 0.7007045 0.09492367 0.4862958 0 0.7073306 0.3750595 0.7007045 0.09492367 0.3405463 0.09105211 0.7969898 0.6710895 0.8274889 0.4265035 0.7073306 0.3750595 1.000031 0.2709386 0.8258976 0.08958166 0.8274889 0.4265035 1.000031 0.2709386 1.000031 0 0.8258976 0.08958166 1.000056 0.599114 1.000031 0.2709386 0.8274889 0.4265035 0.5016618 0.1666666 -1.86467e-5 0 -4.59378e-6 0.2951865 0.502232 1 0.501698 0.8333333 -1.23368e-5 0.9436014 0.5022664 0.3333333 0.5016618 0.1666666 -4.59378e-6 0.2951865 0.5016436 0.5 0.5022664 0.3333333 -4.59378e-6 0.2951865 0.501698 0.8333333 0.5022218 0.6666667 -5.56871e-6 0.6057133 0.5016618 0.1666666 1.00002 0 0.502232 0 1.000006 0.6055472 0.5016436 0.5 0.5022218 0.6666667 1.000006 0.6055472 1.000005 0.2953845 0.5016436 0.5 1.000013 0.9436041 1.000006 0.6055472 0.501698 0.8333333 1.88587e-5 0.5547224 0.9973934 0.5536125 1.54121e-4 0.2056758 0.9993174 0.8939026 0.5013551 0.6666666 3.16028e-4 0.8940463 1 0.2056427 1 0 3.16345e-4 0 0.9993174 0.8939026 0.9973934 0.5536125 0.5013551 0.6666666 6.13042e-7 0.412219 1 0.2425729 2.37763e-7 0.1666666 -2.0943e-7 0.6666668 0.9999998 0.5759093 6.13042e-7 0.412219 0.9999998 0.9092407 2.6172e-7 0.754449 2.6172e-7 1 1 0.5833333 2.14438e-7 0.5 2.6172e-7 0.754449 0.9999999 0.8321828 0 0.5877814 0 0.9211147 0.2418511 1 3.51761e-6 0.7796235 -1.48235e-7 1 4.32656e-6 0.2190698 0.2418511 0 -1.48235e-7 0 4.32727e-6 0.5 0.2612767 0.3694562 4.32656e-6 0.2190698 0.2388959 0.7340483 4.32727e-6 0.5 3.51761e-6 0.7796235 0.2418511 1 0.2388959 0.7340483 3.51761e-6 0.7796235 0.254956 0.1666666 0.2418511 0 4.32656e-6 0.2190698 0.2400323 0.5 0.2612767 0.3694562 4.32727e-6 0.5 0.2388959 0.7340483 0.2400323 0.5 4.32727e-6 0.5 0.254956 0.1666666 0.3229598 0.0485022 0.2418511 0 0.3120284 0.7419241 0.3302575 0.4256482 0.2612767 0.3694562 0.3182227 1 0.458398 0.8333333 0.3120284 0.7419241 0.520723 0.3333334 0.3229598 0.0485022 0.3302575 0.4256482 0.5554444 1 0.458398 0.8333333 0.3182227 1 0.520723 0.3333334 0.6103777 0.1666666 0.3229598 0.0485022 0.5554444 1 0.6696226 0.8333333 0.458398 0.8333333 0.8604122 0.4610346 0.6103777 0.1666666 0.520723 0.3333334 0.802526 0.6666666 0.6944888 0.5 0.5291015 0.6666668 0.6696226 0.8333333 0.802526 0.6666666 0.5291015 0.6666668 0.6103777 0.1666666 0.8202438 0 0.5554444 0 0.9999448 0.1061548 0.8202438 0 0.6103777 0.1666666 0.802526 0.6666666 0.8604122 0.4610346 0.6944888 0.5 1 0.7216977 0.8604122 0.4610346 0.802526 0.6666666 -6.83214e-7 0.555049 0.2018954 0.4020465 -2.92587e-7 0.2054539 0.2028871 0.1666666 0.1956292 0 -2.92587e-7 0.2054539 0.2018954 0.4020465 0.2028871 0.1666666 -2.92587e-7 0.2054539 0.198711 0.6666667 0.2018954 0.4020465 -6.83214e-7 0.555049 0.1982576 0.907982 0.198711 0.6666667 -5.73217e-7 0.8940296 0.2028871 0.1666666 0.3794749 0.07245826 0.1956292 0 0.3552872 0.5907076 0.2018954 0.4020465 0.198711 0.6666667 0.366244 0.3333333 0.3794749 0.07245826 0.2028871 0.1666666 0.4685003 0.4031297 0.366244 0.3333333 0.3552872 0.5907076 0.496645 0.7011061 0.7320138 0.567814 0.4685003 0.4031297 0.7323901 0.2657474 0.7348052 0 0.4624179 0.1758673 0.7347632 0.9268237 0.7320138 0.567814 0.496645 0.7011061 0.8000001 0.5615114 0.8612743 0.4006961 0.8272463 0.2120417 0.8376998 0.9695389 0.8609253 0.737952 0.8000001 0.5615114 0.8609253 0.737952 1.000021 0.4392257 0.8612743 0.4006961 1 1 1.00003 0.800542 0.8376998 0.9695389 1 0.05283254 0.8376998 0 0.8272463 0.2120417 0.3338056 0.06189894 -9.82975e-6 0 -2.59898e-6 0.2947925 0.3373264 1 0.3222481 0.8333333 -6.53675e-6 0.944166 0.3329674 0.3333333 0.3338056 0.06189894 -2.59898e-6 0.2947925 0.3233249 0.5756422 0.3329674 0.3333333 -2.59898e-6 0.2947925 0.3222481 0.8333333 0.3233249 0.5756422 -2.03813e-6 0.6057213 0.3373264 1 0.6761882 0.8333333 0.3222481 0.8333333 0.6231832 0.3744729 0.3329674 0.3333333 0.3233249 0.5756422 0.6081705 0.1666666 0.687472 0 0.3338056 0.06189894 0.6231832 0.3744729 0.6081705 0.1666666 0.3329674 0.3333333 0.771544 0.2334727 0.687472 0 0.6081705 0.1666666 0.6231832 0.3744729 0.771544 0.2334727 0.6081705 0.1666666 0.6125624 0.6666668 0.770973 0.57026 0.6231832 0.3744729 1.000061 1 0.6761882 0.8333333 0.687472 1 0.770973 0.57026 1.000023 0.3951985 0.771544 0.2334727 1.000023 0.3951985 1.000038 0.06157445 0.771544 0.2334727 1.000016 0.7020922 1.000023 0.3951985 0.770973 0.57026 1 0.9166674 0 0.7544484 0 1 0 0.4166668 1 0.2574269 0 0.08333331 1 0.583334 0 0.4166668 0 0.7544484 1 0.08333313 0 0 -1.4316e-7 0.2499993 2.72411e-7 0.5 0.1933035 0.3333333 -7.35337e-7 0.2065525 0.2025252 0.1666666 0.1890742 0 -7.35337e-7 0.2065525 0.1933035 0.3333333 0.2025252 0.1666666 -7.35337e-7 0.2065525 1.27782e-7 0.6666667 0.1996855 0.5 2.72411e-7 0.5 0.2101205 0.8333333 1.27782e-7 0.6666667 -3.84669e-7 0.8957193 0.2381811 0.6666666 0.1996855 0.5 1.27782e-7 0.6666667 0.2101205 0.8333333 0.2381811 0.6666666 1.27782e-7 0.6666667 0.7469819 0.5 0.5839939 0.3333333 0.4929959 0.5 0.4976571 0.8333333 0.7506235 0.6666667 0.4989537 0.6666668 0.7516797 0.8333333 0.7506235 0.6666667 0.4976571 0.8333333 0.7589341 1 0.7516797 0.8333333 0.4984341 1 0.5839939 0.3333333 0.748178 0.1666666 0.4942028 0.1666666 0.9999988 0.7501806 0.7506235 0.6666667 0.7516797 0.8333333 0 0.3333333 0.1374651 0.1666666 -5.28718e-7 0.03923165 0.1372805 0.8333334 -5.70478e-7 0.6666667 0 0.8333333 0.1466128 1 0.1372805 0.8333334 -6.91487e-7 1 0.1374651 0.1666666 0.1466128 0 -5.28718e-7 0.03923165 0.1393198 0.5 0.156196 0.3333333 0 0.3333333 0.1570881 0.6666667 0.1393198 0.5 -5.70478e-7 0.6666667 0.3124442 0.5 0.156196 0.3333333 0.1393198 0.5 0.1570881 0.6666667 0.3124442 0.5 0.1393198 0.5 0.3124442 0.5 0.4143285 0.3333333 0.156196 0.3333333 0.3774678 0.6666668 0.3124442 0.5 0.1570881 0.6666667 0.5933766 0.1666666 0.3686797 0 0.3414257 0.1666666 0.678283 0.3333333 0.5933766 0.1666666 0.4143285 0.3333333 0.6144329 0.8333333 0.7126109 0.7610129 0.6035813 0.6666667 0.7701282 0.3333333 0.750888 0.1666666 0.678283 0.3333333 0.7503714 0.5 0.7701282 0.3333333 0.678283 0.3333333 0.750888 0.1666666 0.8745447 0 0.7427817 0 0.8754425 0.6666667 0.7503714 0.5 0.7694263 0.7727121 0.8745447 1 0.8764334 0.8333333 0.7694263 0.7727121 0.8764334 0.8333333 0.8754425 0.6666667 0.7694263 0.7727121 1.000005 1 0.8764334 0.8333333 0.8745447 1 0.87917 0.5 1.000002 0.3931201 0.8794582 0.3333333 1.000002 0.3931201 1.000003 0.05779474 0.8796753 0.1666666 1 0.7051852 1.000002 0.3931201 0.87917 0.5 0.2805346 0.8333334 7.94718e-6 0.6666667 -4.81177e-7 0.8950866 0.3290526 0.5 8.57789e-5 0.3333333 2.16133e-5 0.5 0.2805346 0.8333334 0.3461486 0.6666667 7.94718e-6 0.6666667 0.339219 0.1666666 0.2670833 0 6.5889e-5 0.1666666 8.57789e-5 0.3333333 0.339219 0.1666666 6.5889e-5 0.1666666 0.4638566 0.3333334 0.339219 0.1666666 8.57789e-5 0.3333333 0.6106655 0.5 0.4638566 0.3333334 0.3290526 0.5 0.3461486 0.6666667 0.6106655 0.5 0.3290526 0.5 0.6106655 0.5 0.6564998 0.3333334 0.4638566 0.3333334 0.6553518 0.6666667 0.6106655 0.5 0.3461486 0.6666667 0.6940186 0.5 0.6564998 0.3333334 0.6106655 0.5 0.8292617 0.3644818 0.6620398 0.1666666 0.6564998 0.3333334 0.6646658 0.8333333 0.8329777 0.6666666 0.6553518 0.6666667 0.831427 1 0.8378024 0.8333333 0.6646658 0.8333333 0.8387855 0.1666666 0.831427 0 0.6620398 0.1666666 0.8329777 0.6666666 0.8292617 0.3644818 0.6940186 0.5 0.8387855 0.1666666 1.000003 0 0.831427 0 1.000002 0.9435393 0.9999854 0.5550684 0.8378024 0.8333333 0 0.5547549 1.000191 0.3956713 4.04551e-4 0.2058973 0.5092372 0.6666666 0.5169786 0.5 0 0.5547549 0.9957715 0.6681203 0.5092372 0.6666666 -1.10252e-6 0.8948544 0.4951949 1 1 0.9379434 0.9957715 0.6681203 0.4997951 0.6666668 -2.79457e-6 0.4450605 -5.76068e-6 0.7951431 0.4996967 1 0.4997856 0.8333333 -5.76068e-6 0.7951431 0.504782 0.3333333 0.5047232 0.1666666 -6.8981e-6 0.1037791 0.505803 0.5 0.504782 0.3333333 -2.79457e-6 0.4450605 0.4997856 0.8333333 0.4997951 0.6666668 -5.76068e-6 0.7951431 1.000008 0.2237857 0.4996967 0 0.5047232 0.1666666 0.4997951 0.6666668 1.000006 0.5599386 0.505803 0.5 1.000006 0.5599386 1.000008 0.2237857 0.504782 0.3333333 1.000001 0.8722026 1.000006 0.5599386 0.4997951 0.6666668 1.000003 0.09532499 0 0 -4.78122e-7 0.2982272 1.000002 0.4238761 1.000003 0.09532499 -4.78122e-7 0.2982272 1.000003 0.7573515 1.000002 0.4238761 0 0.6058338 0.1296644 0.6666667 3.14734e-5 0.5 -8.24e-7 0.6666667 0.2222781 0.1666666 6.56145e-5 0 1.36061e-5 0.1666666 3.14734e-5 0.5 0.2071115 0.3333333 8.41523e-6 0.3333333 0.2222781 0.1666666 0.2564731 0 6.56145e-5 0 0.2256171 0.5 0.2071115 0.3333333 3.14734e-5 0.5 0.2723746 0.3333334 0.2222781 0.1666666 0.2071115 0.3333333 0.2907825 0.1666666 0.2564731 0 0.2222781 0.1666666 0.2723746 0.3333334 0.2907825 0.1666666 0.2222781 0.1666666 0.2522684 0.6666667 0.3360212 0.5 0.2256171 0.5 0.2957788 0.8333333 0.2522684 0.6666667 0.2255072 0.8333333 0.4021163 0.3333333 0.2907825 0.1666666 0.2723746 0.3333334 0.3360212 0.5 0.4021163 0.3333333 0.2723746 0.3333334 0.4021163 0.3333333 0.5113136 0.1666666 0.2907825 0.1666666 0.4964535 0.6666667 0.3360212 0.5 0.2522684 0.6666667 0.4983334 1 0.630591 0.8333334 0.2957788 0.8333333 0.581893 0.5 0.4021163 0.3333333 0.3360212 0.5 0.4964535 0.6666667 0.581893 0.5 0.3360212 0.5 0.581893 0.5 0.6046702 0.3333333 0.4021163 0.3333333 0.5113136 0.1666666 0.7267777 0 0.4983334 0 0.7353789 0.6666667 0.581893 0.5 0.4964535 0.6666667 0.630591 0.8333334 0.7353789 0.6666667 0.4964535 0.6666667 0.7487372 0.1666666 0.7267777 0 0.5113136 0.1666666 0.6046702 0.3333333 0.7487372 0.1666666 0.5113136 0.1666666 0.8499183 0.3333333 0.7487372 0.1666666 0.6046702 0.3333333 0.7353789 0.6666667 0.8324834 0.5 0.581893 0.5 0.7267777 1 0.8751187 0.8333333 0.630591 0.8333334 0.8751187 0.8333333 0.7353789 0.6666667 0.630591 0.8333334 1.000034 0.6106181 0.8324834 0.5 0.7353789 0.6666667 0.8751187 0.8333333 1.000034 0.6106181 0.7353789 0.6666667 0 0.3881511 0.1639354 0.1666666 -1.37767e-6 0.03842711 0.2418537 1 0.1662212 0.8333333 -1.79049e-6 1 0.1639354 0.1666666 0.2418537 0 -1.37767e-6 0.03842711 0.1680114 0.5 0.1666036 0.3333333 0 0.3881511 0.2292793 0.6666666 0.1680114 0.5 -1.91438e-6 0.7288065 0.4285039 0.1666666 0.2418537 0 0.1639354 0.1666666 0.2292793 0.6666666 0.3507248 0.5 0.1680114 0.5 0.4431923 0.6666667 0.3507248 0.5 0.2292793 0.6666666 0.500806 0.3333333 0.4285039 0.1666666 0.3405684 0.3333333 0.3507248 0.5 0.500806 0.3333333 0.3405684 0.3333333 0.4431923 0.6666667 0.5116004 0.5 0.3507248 0.5 0.5392413 0.1530312 0.5008405 0 0.4285039 0.1666666 0.5010455 0.8333334 0.5287514 0.6666667 0.4431923 0.6666667 0.500806 0.3333333 0.6455153 0.2464119 0.5392413 0.1530312 0.7149686 0.6666667 0.5116004 0.5 0.5287514 0.6666667 0.7149686 0.6666667 0.8230201 0.5 0.5116004 0.5 0.9999704 0.7506865 0.8230201 0.5 0.7149686 0.6666667 1.000005 0.1666666 0.8221749 0 0.8212758 0.1666666 0.9999704 0.7506865 1.000003 0.4429661 0.8230201 0.5 1.000003 0.4429661 1.000005 0.1666666 0.8216105 0.3333333 0.5157361 0.3333334 0.4934225 0.1666666 1.34531e-4 0.1666666 0.5157361 0.3333334 0.9999836 0.1666666 0.4934225 0.1666666 0.9985916 0.3963852 0.5157361 0.3333334 0.50112 0.5 0.9985916 0.3963852 0.9999836 0.1666666 0.5157361 0.3333334 0.2756407 1 0.3373985 0.8333333 -6.67665e-6 0.7960183 9.61507e-5 0.3333333 0.2839844 0.1666666 -9.89771e-6 0.1026298 0.2833862 0.5 9.61507e-5 0.3333333 0.005006849 0.5031387 0.3373985 0.8333333 0.005006849 0.5031387 -6.67665e-6 0.7960183 0.5023934 0.3909054 0.2839844 0.1666666 9.61507e-5 0.3333333 0.2833862 0.5 0.5023934 0.3909054 9.61507e-5 0.3333333 0.5023934 0.3909054 0.6105228 0.2395133 0.2839844 0.1666666 0.6781842 1 0.6163685 0.7440552 0.3373985 0.8333333 0.7298069 0.5 0.6105228 0.2395133 0.5023934 0.3909054 0.7298069 0.5 0.7704053 0.2686055 0.6105228 0.2395133 0.7706966 0.7314987 0.7298069 0.5 0.6163685 0.7440552 1.00005 0.108636 0.6781842 0 0.7704053 0.2686055 0.7706966 0.7314987 1.000066 0.4302191 0.7298069 0.5 1 1 1.000025 0.7995405 0.6781842 1 1.000066 0.4302191 1.00005 0.108636 0.7704053 0.2686055 0.5046295 0.4221646 1.84223e-5 0.4690023 -2.12608e-6 0.7946977 0.4719633 1 0.3341773 0.8333334 -2.12608e-6 0.7946977 0.4248095 0.3333333 0.5243045 0.1666666 -2.62256e-6 0.1047192 0.3341773 0.8333334 0.5046295 0.4221646 -2.12608e-6 0.7946977 0.5046295 0.4221646 0.4248095 0.3333333 1.84223e-5 0.4690023 0.6810846 0.6666667 0.9998916 0.5 0.5046295 0.4221646 0.9999998 0.1047325 0.5243045 0.1666666 0.4248095 0.3333333 -6.84585e-7 1 1.000002 0.9167222 -2.55731e-7 0.773116 1.000002 0.4121745 1.000002 0.1666666 -3.57797e-7 0.2786131 1.000002 0.4121745 -3.57797e-7 0.2786131 -1.49764e-7 0.5 1.000003 1 1.000003 0.8333333 -3.12711e-7 0.9391699 -5.1035e-7 0.2213976 1.000002 0.08339047 -4.92443e-7 0 1.000002 0.3333333 1.000002 0.08339047 -5.1035e-7 0.2213976 1.000002 0.5832751 1.000002 0.3333333 -4.09073e-7 0.5833234 1.000003 0.8333333 1.000002 0.5832751 -4.09073e-7 0.5833234 0 0.3880996 0.1800746 0.1666666 -8.87788e-7 0.03888416 0.2140783 1 1.73932e-5 0.8333333 -1.15794e-6 1 0.1800746 0.1666666 0.2140783 0 -8.87788e-7 0.03888416 0.1999398 0.5 0.1953126 0.3333333 0 0.3880996 0.1914699 0.6666667 0.1999398 0.5 -1.82286e-6 0.6666667 0.2140783 1 0.2220553 0.8333334 1.73932e-5 0.8333333 0.2140783 1 0.4745559 0.8333333 0.2220553 0.8333334 0.518086 0.1666666 0.2140783 0 0.1800746 0.1666666 0.5101174 1 0.4745559 0.8333333 0.2140783 1 0.518086 0.1666666 0.5101174 0 0.2140783 0 0.529236 0.5 0.8678497 0.5606049 0.4958274 0.3333333 0.8678497 0.5606049 0.837332 0.1666666 0.518086 0.1666666 0.8365029 0.6666667 0.529236 0.5 0.5182967 0.6666666 1.000002 0.3898099 0.837332 0.1666666 0.8678497 0.5606049 1 1 1 0.7694706 0.8006195 0.8333334 0.8006195 0.8333334 1 0.7694706 0.8365029 0.6666667 0.2252938 0.6666667 0 0.4451676 4.32753e-5 0.8126341 0.2737537 0.3333333 0.2706052 0.1666666 -2.61936e-6 0.1040644 0.3005782 0.5 0.2737537 0.3333333 0 0.4451676 0.2139866 1 0.3245593 0.8333333 4.32753e-5 0.8126341 0.6435709 1 0.3245593 0.8333333 0.2139866 1 0.6953344 0.1666666 0.6435709 0 0.2706052 0.1666666 0.7270402 0.8333334 1.000002 0.6101583 0.623728 0.6666668 1 0.230685 1 0 0.6953344 0.1666666 1 0.230685 0.6953344 0.1666666 0.7415525 0.3333333 0.1654357 1 1.12193e-5 0.8333333 -8.48349e-7 1 5.4591e-5 0.1666666 0.1654357 0 -8.48349e-7 0 0.1654357 1 0.1903354 0.8333334 1.12193e-5 0.8333333 0.1903354 0.8333334 0.3650408 0.6666667 2.99613e-5 0.6666666 0.4120213 0.1666666 0.1654357 0 5.4591e-5 0.1666666 0.3650408 0.6666667 0.3810626 0.5 2.34836e-5 0.5 0.4483411 1 0.4136921 0.8333333 0.3828772 1 0.4120213 0.1666666 0.4483411 0 0.3828772 0 0.4483411 1 0.5546286 0.9907338 0.4136921 0.8333333 0.5321752 0.1666666 0.4483411 0 0.4120213 0.1666666 0.581768 0.3333333 0.5321752 0.1666666 0.4515743 0.3333333 0.5485063 0.6666667 0.5744531 0.5 0.4521133 0.5 0.6145665 1 0.5953137 0.8333333 0.5546286 0.9907338 0.5965908 0.1666666 0.6145665 0 0.5560891 0 0.61329 0.6666667 0.5744531 0.5 0.5485063 0.6666667 0.7227967 0.1666666 0.6145665 0 0.5965908 0.1666666 0.581768 0.3333333 0.7227967 0.1666666 0.5965908 0.1666666 0.61329 0.6666667 0.7083253 0.5 0.5744531 0.5 0.7736129 1 0.5953137 0.8333333 0.6145665 1 0.7227967 0.1666666 0.7736129 0 0.6145665 0 0.7083253 0.5 0.8292033 0.3333334 0.581768 0.3333333 0.7987952 0.6666668 0.7083253 0.5 0.61329 0.6666667 0.7736129 1 0.8552122 0.8333333 0.5953137 0.8333333 0.9999804 0.5625545 0.8292033 0.3333334 0.7083253 0.5 0.7987952 0.6666668 0.9999804 0.5625545 0.7083253 0.5 0.8292033 0.3333334 0.9999954 0.2248319 0.7227967 0.1666666 0.9999954 0.2248319 1.000001 0 0.7736129 0 -2.41479e-7 0.3881137 0.2423416 0.1666666 -1.7742e-6 0.03871154 0.2460963 0.8333334 1.6243e-4 0.6666667 -1.87811e-6 0.9687824 0.2190681 1 0.2460963 0.8333334 -1.87811e-6 0.9687824 0.2423416 0.1666666 0.2190681 0 -1.7742e-6 0.03871154 0.288738 0.5 0.2659849 0.3333334 -2.41479e-7 0.3881137 0.6448571 1 0.2460963 0.8333334 0.2190681 1 0.6523064 0.1666666 0.6448571 0 0.2423416 0.1666666 0.7297357 0.3333334 0.6523064 0.1666666 0.2659849 0.3333334 0.288738 0.5 0.7297357 0.3333334 0.2659849 0.3333334 0.7217819 0.8333333 1.000002 0.6106152 0.6102643 0.6666667 1 0.2297695 1 0 0.6523064 0.1666666 1 0.2297695 0.6523064 0.1666666 0.7297357 0.3333334 0.243034 0.6666667 -1.3259e-6 0.4451065 -3.44051e-6 0.7953802 0.3223561 1 0.2864587 0.8333333 -3.44051e-6 0.7953802 0.2435273 0.3333333 0.2222534 0.1666666 -4.71714e-6 0.103449 0.3028743 0.5 0.2435273 0.3333333 -1.3259e-6 0.4451065 0.2864587 0.8333333 0.243034 0.6666667 -3.44051e-6 0.7953802 0.5215361 0.1666666 0.3223561 0 0.2222534 0.1666666 0.2435273 0.3333333 0.5215361 0.1666666 0.2222534 0.1666666 0.6737464 0.3333333 0.5215361 0.1666666 0.2435273 0.3333333 0.3028743 0.5 0.6737464 0.3333333 0.2435273 0.3333333 0.2864587 0.8333333 0.667007 0.6666666 0.243034 0.6666667 0.3223561 1 0.7123089 0.8333333 0.2864587 0.8333333 0.7182666 0.5 0.6737464 0.3333333 0.3028743 0.5 0.7123089 0.8333333 0.667007 0.6666666 0.2864587 0.8333333 0.5215361 0.1666666 0.7545384 0 0.3223561 0 0.6737464 0.3333333 0.997569 0.3312492 0.5215361 0.1666666 1 0.06249797 0.7545384 0 0.997569 0.3312492 0.667007 0.6666666 1 0.602691 0.7182666 0.5 1 0.9094335 1 0.602691 0.667007 0.6666666 0.3242933 0.5 -3.99134e-5 0.2734967 -2.88076e-5 0.6328881 0.2291156 0.1666666 0.3368324 0 -6.65515e-5 0 0.3157775 0.3333333 0.2291156 0.1666666 -3.99134e-5 0.2734967 0.3366448 0.6666666 0.3242933 0.5 -2.88076e-5 0.6328881 0.3254776 0.8333334 0.3366448 0.6666666 -2.88076e-5 0.6328881 0.3242933 0.5 0.666453 0.3333333 0.3157775 0.3333333 0.666453 0.3333333 0.6682586 0.1666666 0.3935355 0.1666666 0.3366448 0.6666666 0.676837 0.5764759 0.3242933 0.5 0.6682586 0.1666666 1.000009 0 0.6775288 0 1.000004 0.6067691 1 0.2944464 0.676837 0.5764759 1.000006 0.9428376 1.000004 0.6067691 0.6804433 0.8333334 2.97071e-5 1 1.000001 0.9055796 -5.70062e-6 0.8333334 1.000001 0.5681247 4.47195e-5 0.3333333 3.36011e-6 0.5 1 0.2500396 5.60256e-5 0.1666666 4.47195e-5 0.3333333 1.000001 0.9055796 1.000001 0.5681247 -1.66613e-5 0.6666666 -1.89623e-7 0.5608328 1.000002 0.4092451 0 0.2064766 1.000002 1 1.000002 0.7426487 1.43105e-7 0.8949469 1.000002 0.4092451 1.000002 0.0729497 0 0.2064766 1.000002 0.7426487 1.000002 0.4092451 -1.89623e-7 0.5608328 0.1661917 0.8333333 3.27643e-5 0.5850966 -2.65629e-7 0.9611185 0.2048768 1 0.1661917 0.8333333 -2.65629e-7 0.9611185 4.59646e-5 0.2023168 0.2048768 0 -3.46453e-7 0 3.27643e-5 0.5850966 0.2960137 0.3333333 4.59646e-5 0.2023168 0.3464018 0.5 0.2960137 0.3333333 3.27643e-5 0.5850966 0.1661917 0.8333333 0.3437774 0.6666666 3.27643e-5 0.5850966 0.3332337 0.1666666 0.2048768 0 4.59646e-5 0.2023168 0.2960137 0.3333333 0.3332337 0.1666666 4.59646e-5 0.2023168 0.5053364 1 0.4669757 0.8333333 0.2048768 1 0.3332337 0.1666666 0.5053364 0 0.2048768 0 0.7396903 0.5 0.7596327 0.3333333 0.2960137 0.3333333 0.5053364 1 0.8111185 0.8333333 0.4669757 0.8333333 0.8107183 1 0.8111185 0.8333333 0.5053364 1 0.6411301 0.1666666 0.8107183 0 0.5053364 0 0.9999692 0.6666667 0.7396903 0.5 0.6672638 0.6666666 1 0.3882437 0.9999573 0.1666666 0.7596327 0.3333333 0.9999692 0.6666667 1 0.3882437 0.7396903 0.5 0.2485226 0.9113098 6.69094e-5 0.6111592 -4.63746e-7 0.9610984 0.4055529 0.1666666 0.2493582 0 -6.04946e-7 0 6.69094e-5 0.6111592 0.2611289 0.3333333 -4.87614e-7 0.2725719 0.5344191 0.5 0.2611289 0.3333333 6.69094e-5 0.6111592 0.2485226 0.9113098 0.4988123 0.6666667 6.69094e-5 0.6111592 0.7301063 0.3333334 0.4055529 0.1666666 0.2611289 0.3333333 0.5344191 0.5 0.7301063 0.3333334 0.2611289 0.3333333 0.9999496 0.6666667 0.5344191 0.5 0.4988123 0.6666667 0.7093862 0.8333334 0.9999496 0.6666667 0.4988123 0.6666667 0.7301063 0.3333334 0.9999704 0.1666666 0.4055529 0.1666666 0.9999496 0.6666667 1 0.4451649 0.5344191 0.5 1 0.4451649 0.9999704 0.1666666 0.7301063 0.3333334 0.2736531 0.2322483 -9.2391e-5 0 -3.84063e-6 0.294968 0.2896791 0.6021334 0.2736531 0.2322483 -3.84063e-6 0.294968 0.2870488 0.8333333 0.2896791 0.6021334 -4.08176e-6 0.6058729 0.2736531 0.2322483 0.6441714 0 -9.2391e-5 0 0.6627933 0.1666666 0.6441714 0 0.2736531 0.2322483 0.6443683 0.3333333 0.6627933 0.1666666 0.2736531 0.2322483 0.6625707 0.8333333 0.6472194 0.6666667 0.2870488 0.8333333 0.6441714 1 1.000005 0.7772898 0.6625707 0.8333333 1 0.3927288 1.000007 0.1284861 0.6443683 0.3333333 1 0.3927288 0.6443683 0.3333333 0.7128762 0.5 -2.47434e-4 0.2216711 0.2304902 0 0 0 0.2304902 1 0.2446845 0.8333334 -1.37602e-6 0.7851578 0.3767839 0.5123032 6.24323e-5 0.5 -1.37602e-6 0.7851578 0.5692857 0.1666666 0.2304902 0 -2.47434e-4 0.2216711 0.5676995 0.9199379 0.3767839 0.5123032 0.2446845 0.8333334 0.813818 0.4182723 0.8040236 0.1666666 0.5744661 0.3333334 0.813818 0.4182723 0.5744661 0.3333334 0.610611 0.5580585 0.8044446 0.6666667 0.813818 0.4182723 0.610611 0.5580585 1.000013 0.9394916 0.805875 0.8333333 0.8027871 1 1.000032 0.2714205 1.000021 0 0.8040236 0.1666666 0.8044446 0.6666667 1 0.5889745 0.813818 0.4182723 9.1155e-7 1 1 0.9092409 -1.36893e-7 0.7455527 -3.21423e-7 0.4122181 1 0.2425739 4.80106e-7 0.07888466 -1.36893e-7 0.7455527 0.9999995 0.5759075 -3.21423e-7 0.4122181 0.1423502 0.9330344 4.13637e-6 0.77981 -2.24995e-7 1 0.1527101 0.6666668 3.93623e-4 0.3887091 4.13637e-6 0.77981 0.3294804 0.1666666 0.1259407 0 6.0974e-4 0.03959399 0.1668587 0.3333333 0.3294804 0.1666666 6.0974e-4 0.03959399 0.1527101 0.6666668 0.3343808 0.5559109 3.93623e-4 0.3887091 0.3343808 0.5559109 0.352225 0.3333333 0.1668587 0.3333333 0.3294804 0.1666666 0.397055 0.08061689 0.3337423 0 0.352225 0.3333333 0.397055 0.08061689 0.3294804 0.1666666 0.4121457 0.4226585 0.397055 0.08061689 0.352225 0.3333333 0.4121457 0.4226585 0.352225 0.3333333 0.3903439 0.6170323 0.3964657 1 0.4982824 0.8333333 0.3973802 0.8333333 0.3903439 0.6170323 0.5058554 0.6303343 0.4121457 0.4226585 0.5084467 1 0.4982824 0.8333333 0.3964657 1 0.5353702 0.2760705 0.510433 -0.01808732 0.4121457 0.4226585 0.5058554 0.6303343 0.5353702 0.2760705 0.4121457 0.4226585 0.4982824 0.8333333 0.5058554 0.6303343 0.3903439 0.6170323 0.5084467 1 0.5891458 0.9248895 0.4982824 0.8333333 0.5353702 0.2760705 0.5903428 0 0.510433 -0.01808732 0.6322233 0.5323421 0.5879284 0.4052218 0.5058554 0.6303343 0.5353702 0.2760705 0.6414356 0.1073244 0.5903428 0 0.6450771 0.8333333 0.6322233 0.5323421 0.5891458 0.9248895 0.7500746 0.4230507 0.7506598 0.08959782 0.6468908 0.3333333 0.6450771 0.8333333 0.7541367 0.7579641 0.6322233 0.5323421 0.8941717 0.9286894 0.7541367 0.7579641 0.7516295 1 0.7500746 0.4230507 0.8942049 0.2617275 0.7506598 0.08959782 1 1 0.9999644 0.7724099 0.8941717 0.9286894 -3.96575e-6 0.2224864 0.1826632 0.2059897 0 0 0.1534658 1 0.2291867 0.8333333 -1.59829e-6 0.8719264 0.228423 0.3333333 0.1826632 0.2059897 -3.96575e-6 0.2224864 0.2423455 0.5 0.228423 0.3333333 -1.26594e-6 0.5608873 0.2291867 0.8333333 0.2295531 0.6666667 -1.59829e-6 0.8719264 0.3717381 1 0.2291867 0.8333333 0.1534658 1 0.4480279 0.1666666 0.3717381 0 0.1826632 0.2059897 0.228423 0.3333333 0.4480279 0.1666666 0.1826632 0.2059897 0.3717381 1 0.5153638 0.8333334 0.2291867 0.8333333 0.5162226 0.4009957 0.228423 0.3333333 0.2423455 0.5 0.7796685 0.8333333 0.6225938 0.6666666 0.5153638 0.8333334 0.801442 0.1666666 0.7480565 0 0.4480279 0.1666666 0.7503767 0.4131818 0.801442 0.1666666 0.4480279 0.1666666 0.9999815 0.4472322 0.801442 0.1666666 0.7503767 0.4131818 -9.03598e-6 0.1666666 0.3532787 0 0 0 0.3532787 1 0.3371214 0.8333333 4.92851e-5 0.7520173 0.3152936 0.3928303 0.3357079 0.1666666 -9.03598e-6 0.1666666 0.5768536 0.6666666 0.3152936 0.3928303 4.92851e-5 0.7520173 0.3371214 0.8333333 0.5768536 0.6666666 4.92851e-5 0.7520173 0.5768536 0.6666666 0.6723009 0.5 0.3152936 0.3928303 0.7042879 0.2201641 0.3532787 0 0.3357079 0.1666666 0.7042879 0.2201641 0.3357079 0.1666666 0.3152936 0.3928303 0.6723009 0.5 0.7042879 0.2201641 0.3152936 0.3928303 0.9997913 1 0.9998029 0.7274748 0.3532787 1 0.7042879 0.2201641 0.9997911 0.03849703 0.3532787 0 0.9998029 0.7274748 1.000002 0.3887246 0.6723009 0.5 0.2066332 0.5 0.1701184 0.3333334 3.02538e-5 0.2418808 0.3880134 0.8333334 0.2977664 0.6666666 7.69104e-4 0.6676521 0.2066332 0.5 0.4272493 0.4299497 0.1701184 0.3333334 0.3228273 0.1666666 0.5328139 0.09495574 0.270183 0 0.665754 0.9187705 0.3880134 0.8333334 0.4710256 1 0.5770038 0.6666667 0.6597242 0.5135443 0.4272493 0.4299497 0.5704172 0.3333334 0.6711241 0.2555445 0.5328139 0.09495574 0.8575598 0.5732181 0.8593544 0.2405883 0.7407638 0.2499536 0.8593544 0.2405883 1.000003 0 0.8569263 0 1.000001 0.6057779 1.000001 0.2949052 0.8575598 0.5732181 1.000002 0.9443577 1.000001 0.6057779 0.8603267 0.8979855 -1.13692e-5 0.2225111 0.5074831 0.08860528 0 0 0.5015423 1 0.5021955 0.8333334 -4.23544e-6 0.8720505 0.5016232 0.3333333 0.5074831 0.08860528 -1.13692e-5 0.2225111 0.501758 0.5925934 0.5016232 0.3333333 -3.58254e-6 0.5607559 0.5021955 0.8333334 0.501758 0.5925934 -4.23544e-6 0.8720505 1 1 1.000005 0.794766 0.5015423 1 -1.34872e-5 0.2228124 0.501611 0 0 0 0.501611 1 0.5022609 0.8333333 -5.41347e-6 0.8719401 0.5016875 0.3333333 0.5125699 0.1666666 -1.34872e-5 0.2228124 0.5022075 0.5 0.5016875 0.3333333 -4.32314e-6 0.5607839 0.5022609 0.8333333 0.5015279 0.6666667 -5.41347e-6 0.8719401 0.5015279 0.6666667 1.000005 0.4442476 0.5022075 0.5 1 1 1.000006 0.7949159 0.501611 1 1 0.05997627 0.501611 0 0.5125699 0.1666666 -1.3216e-5 0.1666666 0.3539646 0 0 0 0.3539646 1 0.3379845 0.8333334 9.40507e-5 0.7487055 0.3496596 0.3333333 0.3366434 0.1666666 -1.3216e-5 0.1666666 0.3385208 0.5 0.3496596 0.3333333 -3.26059e-6 0.4444436 0.3379845 0.8333334 0.6536142 0.5644288 9.40507e-5 0.7487055 0.7325942 0.2867949 0.3539646 0 0.3366434 0.1666666 0.9996172 0.9615218 0.7241258 0.8333333 0.3539646 1 0.7325942 0.2867949 0.9996177 0 0.3539646 0 0.6536142 0.5644288 0.7325942 0.2867949 0.3496596 0.3333333 0.7241258 0.8333333 1.000004 0.6111842 0.6536142 0.5644288 1.000002 0.2724571 0.9996177 0 0.7325942 0.2867949 1.000004 0.6111842 1.000002 0.2724571 0.6536142 0.5644288 0.2150074 1 1.19821e-5 0.7489539 0 1 1.19821e-5 0.7489539 0.1440538 0.5 1.05719e-5 0.3695628 0.2434896 0.1860262 0.2150074 0 8.25963e-5 0.1276621 1.05719e-5 0.3695628 0.2434896 0.1860262 8.25963e-5 0.1276621 0.1440538 0.5 0.2434896 0.1860262 1.05719e-5 0.3695628 0.3354183 0.4197177 0.2434896 0.1860262 0.1440538 0.5 0.2527955 0.7698554 0.3354183 0.4197177 0.1440538 0.5 0.2434896 0.1860262 0.3367638 0.0906375 0.2150074 0 0.3354183 0.4197177 0.3367638 0.0906375 0.2434896 0.1860262 0.3374382 0.740081 0.3354183 0.4197177 0.2527955 0.7698554 0.3939771 0.9037751 0.3374382 0.740081 0.3353473 1 0.3354183 0.4197177 0.3921799 0.2737076 0.3367638 0.0906375 0.3972704 0.5863906 0.3354183 0.4197177 0.3374382 0.740081 0.5225121 0.1666666 0.490723 0 0.3921799 0.2737076 0.5196373 0.5 0.5170361 0.3333333 0.3972704 0.5863906 0.6083061 0.897386 0.5285398 0.6666666 0.4890105 0.9494554 0.7491573 0.08398169 0.6037403 0 0.5225121 0.1666666 0.7469899 0.4160557 0.5170361 0.3333333 0.5196373 0.5 0.6083061 0.897386 0.7573722 0.8134855 0.5285398 0.6666666 0.8536645 0.913533 0.7573722 0.8134855 0.7474678 1 0.7469899 0.4160557 0.853539 0.2603583 0.7491573 0.08398169 0.8388397 0.5753845 0.7469899 0.4160557 0.7573722 0.8134855 0.9137737 0.9043838 1.00001 0.7271319 0.8998091 0.5854617 1.000014 1 1.00001 0.7271319 0.9137737 0.9043838 1.00001 0.7271319 1.000028 0.3985258 0.8998091 0.5854617 -8.45613e-7 0.3333333 0.3149881 0.1666666 -1.47813e-7 0.0389474 0.3149881 0.1666666 0.2517057 0 -1.47813e-7 0.0389474 0.3017424 0.5 0.3812423 0.3333333 -8.45613e-7 0.3333333 0.2617259 0.6666668 0.3017424 0.5 -2.84926e-7 0.6118292 0.2517057 1 0.4382761 0.8333333 1.54374e-5 0.8922789 0.7009444 1 0.4382761 0.8333333 0.2517057 1 0.3149881 0.1666666 0.7009444 0 0.2517057 0 0.7497686 0.6666667 0.3017424 0.5 0.2617259 0.6666668 0.7569798 0.5 0.3812423 0.3333333 0.3017424 0.5 1.000052 0.7783606 0.7497686 0.6666667 0.4382761 0.8333333 0.9997602 0.4391098 0.7865715 0.1666666 0.3812423 0.3333333 0.7569798 0.5 0.9997602 0.4391098 0.3812423 0.3333333 1.000052 0.7783606 0.9997602 0.4391098 0.7497686 0.6666667 -3.16707e-7 0.2455512 0.9999998 0.09075891 -2.73562e-7 0 1.82359e-7 0.583333 1 0.4166668 -3.16707e-7 0.2455512 1 0.75 1.82359e-7 0.583333 0 0.9166675 -2.63059e-7 0.5549291 0.1298459 0.4123259 -1.30978e-7 0.2055528 0.1842387 0.1666666 5.93958e-6 0 -1.30978e-7 0.2055528 0.1298459 0.4123259 0.1842387 0.1666666 -1.30978e-7 0.2055528 0.1208102 0.6666666 0.1298459 0.4123259 -2.63059e-7 0.5549291 0.1842387 0.1666666 0.2022626 0 5.93958e-6 0 0.2103587 0.8333334 0.1208102 0.6666666 6.42757e-6 0.9165754 0.2253574 0.3333334 0.1842387 0.1666666 0.1298459 0.4123259 0.1208102 0.6666666 0.2118212 0.5992687 0.1298459 0.4123259 0.2103587 0.8333334 0.2118212 0.5992687 0.1208102 0.6666666 0.2738863 0.9171871 0.2103587 0.8333334 0.2022626 1 0.2741527 0.1666666 0.3597183 0 0.2741 0 0.3689449 0.5353845 0.2771474 0.4439363 0.2726325 0.6666667 0.6876553 0.6666667 0.5042613 0.5 0.3689449 0.5353845 0.721645 0.3333334 0.4966974 0.1666666 0.4514495 0.3333334 0.7372176 0.1666666 0.5030457 0 0.4966974 0.1666666 0.7372176 0.1666666 0.7780647 0 0.5030457 0 0.749154 0.8333333 0.6876553 0.6666667 0.5075686 0.8333333 0.9999902 0.2507632 0.7372176 0.1666666 0.721645 0.3333334 0.9999901 0.5938605 0.7503529 0.5 0.6876553 0.6666667 0.749154 0.8333333 0.9999901 0.5938605 0.6876553 0.6666667 0.7780647 1 0.999995 0.8825295 0.749154 0.8333333 0.9999901 0.5938605 0.9999902 0.2507632 0.7503529 0.5 0.999995 0.8825295 0.9999901 0.5938605 0.749154 0.8333333 -7.46316e-6 0.5549938 0.1429805 0.3333333 1.26895e-4 0.2054756 0.3326017 0.8953648 0.1424975 0.7386102 1.91952e-4 0.8942636 -7.46316e-6 0.5549938 0.3335551 0.4264241 0.1429805 0.3333333 0.4676969 0.8705325 0.335104 0.6666667 0.3326017 0.8953648 0.5115414 0.6666667 0.4505359 0.4055749 0.335104 0.6666667 0.4901291 0.1666666 0.5292574 0 0.4514702 0 0.6538527 0.2099875 0.5292574 0 0.4901291 0.1666666 0.5361301 0.9498373 0.6759492 0.8101519 0.5115414 0.6666667 0.6633128 1 0.6759492 0.8101519 0.5361301 0.9498373 0.6791752 0.5 0.6538527 0.2099875 0.5300458 0.397625 0.6759492 0.8101519 0.6791752 0.5 0.5300458 0.397625 0.7845786 0.5732564 0.6791752 0.5 0.6759492 0.8101519 0.8368708 0.3333334 0.8675416 0.1666666 0.7994652 0.04365122 0.8053661 1 0.8855591 0.9054757 0.8030978 0.8333333 0.8855591 0.9054757 1.00001 0.6085026 0.8664171 0.590469 1 0.2225307 1.000017 0 0.8675416 0.1666666 1 0.2225307 0.8675416 0.1666666 0.8368708 0.3333334 -2.6002e-6 0.2221797 0.2003454 0.1017239 0 0 0.1983157 1 0.2003745 0.8333334 -1.01937e-6 0.8719605 0.1953092 0.3333333 0.2003454 0.1017239 -2.6002e-6 0.2221797 0.1998957 0.5462355 0.1953092 0.3333333 -9.78412e-7 0.5608599 0.2003745 0.8333334 0.1998957 0.5462355 -1.01937e-6 0.8719605 0.3638107 0.4371635 0.2003454 0.1017239 0.1953092 0.3333333 0.2003745 0.8333334 0.4005668 0.6666667 0.1998957 0.5462355 0.40009 0.1666666 0.3436366 0 0.2003454 0.1017239 0.4005668 0.6666667 0.3638107 0.4371635 0.1998957 0.5462355 0.432212 0.3648934 0.40009 0.1666666 0.3638107 0.4371635 0.4357174 0.9567622 0.4005668 0.6666667 0.3640823 0.8919184 0.432212 0.3648934 0.5958103 0.2494133 0.40009 0.1666666 0.5958103 0.2494133 0.5739714 0 0.4292306 0 0.5948334 0.5854789 0.432212 0.3648934 0.4005668 0.6666667 0.8256875 0.1666666 0.729474 0 0.5958103 0.2494133 0.8256875 0.1666666 0.9998041 0.05951744 0.729474 0 0.8152322 0.7257698 1.000002 0.4440544 0.8016727 0.5 6.38332e-4 0.5550462 0.3496977 0.4124179 6.78099e-6 0.07898747 0.3496977 0.4124179 0.5911108 0.3273862 6.78099e-6 0.07898747 0.5911108 0.3273862 0.5558205 0.0372619 6.78099e-6 0.07898747 0.5417713 1 0.5622572 0.7657549 3.07847e-5 0.8333334 0.7346946 0.9195982 0.5622572 0.7657549 0.5417713 1 0.5911108 0.3273862 0.7685006 0.243743 0.5558205 0.0372619 0.7685006 0.243743 1.00003 0.06120449 0.7175978 0 1.000048 1 1.000069 0.7318389 0.7346946 0.9195982 1.000028 0.3689703 1.00003 0.06120449 0.7685006 0.243743 0.6466451 0.01022416 4.26247e-5 0 -2.93675e-7 0.2943542 0.4200026 0.3333333 0.6466451 0.01022416 -2.93675e-7 0.2943542 4.53594e-5 0.5758373 0.4200026 0.3333333 -2.93675e-7 0.2943542 0.6709604 1 0.5168178 0.8333333 3.78131e-5 0.9811861 0.4200026 0.3333333 0.668524 0.1666666 0.6466451 0.01022416 0.9999647 0.3829535 0.668524 0.1666666 0.4200026 0.3333333 0.6112971 0.6084802 0.9999647 0.3829535 0.4200026 0.3333333 0.5168178 0.8333333 0.9999817 0.7212921 0.6112971 0.6084802 0.6709604 1 0.9999817 0.7212921 0.5168178 0.8333333 0.5179324 0.1666666 8.56516e-5 0 1.96445e-4 0.2945922 0.5545436 0.4116746 0.5179324 0.1666666 1.96445e-4 0.2945922 0.5545436 0.4116746 1.96445e-4 0.2945922 7.3315e-5 0.5815398 0.7330148 0.2615479 0.6017134 0 0.5179324 0.1666666 0.5545436 0.4116746 0.7330148 0.2615479 0.5179324 0.1666666 0.595184 0.6952552 0.7534227 0.6028894 0.5545436 0.4116746 0.5579203 0.8612579 0.7694347 0.9293562 0.595184 0.6952552 0.7330148 0.2615479 0.7681185 0 0.6017134 0 1.000091 0.5679512 0.7330148 0.2615479 0.7534227 0.6028894 1.000037 0.2027702 1 0 0.7681185 0 1.000034 0.894035 1.000091 0.5679512 0.7534227 0.6028894 0 0.2455528 1 0.0759077 0 0 2.3056e-7 0.5788853 1 0.4092412 0 0.2455528 0 0.9122174 0.9999998 0.7425738 2.3056e-7 0.5788853 0.1412355 1 -6.58144e-6 0.7786102 0 1 0.1412355 1 0.3694266 0.9160427 -6.58144e-6 0.7786102 0.2689162 0.1666666 0.3672373 0 0.1412355 0 0.34102 0.6666668 0.170005 0.5661426 0.1422424 0.6666666 0.34102 0.6666668 0.4673135 0.5791314 0.170005 0.5661426 0.4802537 0.3784537 0.2689162 0.1666666 0.170005 0.5661426 0.4802537 0.3784537 0.5010027 0.1666666 0.2689162 0.1666666 0.5277034 0.8954864 0.4673135 0.5791314 0.4717261 0.9441673 0.5401605 0.3333333 0.5010027 0.1666666 0.4802537 0.3784537 0.4673135 0.5791314 0.5376019 0.594922 0.4802537 0.3784537 0.5277034 0.8954864 0.5376019 0.594922 0.4673135 0.5791314 0.6288618 0.07826715 0.5362315 0 0.5010027 0.1666666 0.6256163 0.5914588 0.5401605 0.3333333 0.5376019 0.594922 0.6158747 0.8333333 0.6256163 0.5914588 0.5376019 0.594922 0.6256163 0.5914588 0.7113487 0.4165204 0.5401605 0.3333333 0.7113487 0.4165204 0.7270265 0.0799427 0.6288618 0.07826715 0.7263384 0.755791 0.6256163 0.5914588 0.6158747 0.8333333 0.7263624 1 0.7913739 0.8922091 0.7263384 0.755791 0.7800737 0.2884374 0.8858731 0.07554489 0.7882757 0 0.8827233 0.6531699 0.8962163 0.3333333 0.7825111 0.5588188 1.000002 1 1.000003 0.7227442 0.8936762 0.8333333 1.000001 0.3715199 1.000001 0.06095933 0.8858731 0.07554489 0.2887131 0.8333334 7.86017e-6 0.5560707 -3.18928e-7 0.9611509 0.3008509 1 0.2887131 0.8333334 -3.18928e-7 0.9611509 0.4073172 0.1666666 0.3008509 0 -4.15863e-7 0 7.86017e-6 0.5560707 0.3701621 0.3333333 -6.10515e-7 0.2726348 0.4638426 0.5 0.3701621 0.3333333 7.86017e-6 0.5560707 0.4073172 0.1666666 0.7058219 0 0.3008509 0 0.7017052 0.6648526 0.4638426 0.5 0.3150178 0.6666667 0.7017052 0.6648526 0.3150178 0.6666667 0.2887131 0.8333334 0.3701621 0.3333333 0.9999716 0.252706 0.4073172 0.1666666 0.5021125 0.08909612 -2.43683e-5 0 -6.29077e-6 0.2955561 0.5023995 1 0.5018622 0.8333334 -1.60377e-5 0.9430227 0.5024481 0.3333333 0.5021125 0.08909612 -6.29077e-6 0.2955561 0.5021065 0.5748811 0.5024481 0.3333333 -6.29077e-6 0.2955561 0.5018622 0.8333334 0.5021065 0.5748811 -9.44201e-6 0.6056401 1.00001 0.6055446 1.000006 0.2957058 0.5021065 0.5748811 1.000017 0.9430661 1.00001 0.6055446 0.5018622 0.8333334 0.2224368 0.6666667 1.7624e-4 0.5 -2.68206e-6 0.7952361 0.2125021 1 0.2911716 0.8333333 -2.68206e-6 0.7952361 5.78954e-5 0.3333333 0.3031041 0.1666666 -4.10752e-6 0.104065 0.2911716 0.8333333 0.2224368 0.6666667 -2.68206e-6 0.7952361 0.3386034 0.3333333 0.3031041 0.1666666 5.78954e-5 0.3333333 0.2224368 0.6666667 0.4647859 0.5 1.7624e-4 0.5 0.529512 1 0.2911716 0.8333333 0.2125021 1 0.7120547 0.3333333 0.3031041 0.1666666 0.3386034 0.3333333 0.529512 1 0.7245978 0.8333333 0.2911716 0.8333333 0.7120547 0.3333333 0.6870328 0.1373292 0.3031041 0.1666666 0.7245978 0.8333333 0.5416542 0.6666668 0.2911716 0.8333333 0.7810046 0.5 0.7120547 0.3333333 0.4647859 0.5 0.5416542 0.6666668 0.7810046 0.5 0.4647859 0.5 0.8022043 1 0.7245978 0.8333333 0.529512 1 0.9997512 0.6666667 0.7810046 0.5 0.5416542 0.6666668 0.7120547 0.3333333 0.9999541 0.1000517 0.6870328 0.1373292 1 0.4172099 0.9999541 0.1000517 0.7120547 0.3333333 1 0.4172099 0.7120547 0.3333333 0.7810046 0.5 0.9997512 0.6666667 1 0.4172099 0.7810046 0.5 -4.66097e-7 0.3882455 0.5001778 0.1666666 -2.27704e-6 0.03862935 0.4982625 1 0.498592 0.8333333 -2.96404e-6 1 0.5001778 0.1666666 0.4982625 0 -2.27704e-6 0.03862935 0.5053376 0.5 0.5143074 0.3333333 -4.66097e-7 0.3882455 0.5040267 0.6666667 0.5053376 0.5 -3.75287e-6 0.7282997 0.498592 0.8333333 1.000003 0.6106531 0.5040267 0.6666667 1 0.2294416 1 0 0.5001778 0.1666666 1 0.2294416 0.5001778 0.1666666 0.5143074 0.3333333 0.3207363 0.2432028 -8.01632e-6 0 -2.10642e-6 0.2944924 0.3303292 0.6145187 0.3207363 0.2432028 -2.10642e-6 0.2944924 0.3264679 0.8918166 0.3303292 0.6145187 -1.65293e-6 0.6059136 0.6073271 0.421705 0.3207363 0.2432028 0.3303292 0.6145187 0.6082792 0.9211571 0.3303292 0.6145187 0.3264679 0.8918166 0.6983014 0.6666666 0.6073271 0.421705 0.3303292 0.6145187 0.7706783 0.4011606 0.673623 0.1666666 0.6073271 0.421705 0.6983014 0.6666666 0.7706783 0.4011606 0.6073271 0.421705 0.6983014 0.6666666 1.000021 0.4423227 0.7706783 0.4011606 1 1 1.000028 0.7971431 0.7696658 0.9315179 1 0.05565321 0.7681607 0 0.673623 0.1666666 0 1 1 0.9461821 0 0.745551 0 0.745551 1 0.5907595 -2.60152e-7 0.4166656 -3.80301e-6 0.2221021 0.3242403 0 0 0 0.3045012 0.5941568 0.327157 0.2726825 -1.75738e-6 0.5607917 0.3296583 0.9266554 0.3045012 0.5941568 -1.58114e-6 0.871994 0.7023901 0.08328562 0.3242403 0 0.327157 0.2726825 0.6722061 0.5751534 1.000102 0.3885594 0.327157 0.2726825 0.9995304 0.7276332 1.000102 0.3885594 0.6722061 0.5751534 0.3219812 0.8333334 1.16382e-5 0.6666668 0 0.9609812 0.3367743 1 0.3219812 0.8333334 0 0.9609812 0.36829 0.1666666 0.3367743 0 1.97131e-5 0.1113096 4.13118e-5 0.3880672 0.36829 0.1666666 1.97131e-5 0.1113096 0.4903129 0.3333333 0.36829 0.1666666 4.13118e-5 0.3880672 0.3219812 0.8333334 0.4802148 0.6666666 1.16382e-5 0.6666668 0.6298758 0.2693707 0.3367743 0 0.36829 0.1666666 0.4903129 0.3333333 0.6298758 0.2693707 0.36829 0.1666666 0.6284404 0.729934 0.4802148 0.6666666 0.3219812 0.8333334 0.665521 1 0.6284404 0.729934 0.3367743 1 0.7052637 0.217791 0.665521 0 0.6298758 0.2693707 0.7065792 0.7921373 0.6541905 0.5 0.6284404 0.729934 0.8406969 0.546874 0.7052637 0.217791 0.6541905 0.5 0.9999721 0.9020109 1.000002 0.6111409 0.8406969 0.546874 1.000002 0.6111409 1.000005 0.3333333 0.8406969 0.546874 -1.77981e-5 0.2233679 0.5021161 0.07738727 0 0 0.5018556 1 0.5024792 0.8333333 -6.78466e-6 0.8716462 0.5018625 0.3333333 0.5021161 0.07738727 -1.77981e-5 0.2233679 0.5020943 0.5917999 0.5018625 0.3333333 -8.07344e-6 0.5607248 0.5024792 0.8333333 0.5020943 0.5917999 -6.78466e-6 0.8716462 1.000008 0.5608687 1.000019 0.2232063 0.5018625 0.3333333 1.000007 0.8715347 1.000008 0.5608687 0.5020943 0.5917999 0 0.2500007 0.9999998 0.08333307 -1.32526e-7 0 0.9999998 0.4166665 0 0.2500007 0 0.5833326 -1.67426e-7 0.9122185 0.9999998 0.7574269 0 0.5833326 0.1564968 1 2.58564e-5 0.8161638 0 1 0.3821536 0.2446323 0.1564968 0 8.00878e-5 0.1277611 0.1566438 0.3333333 0.3821536 0.2446323 8.00878e-5 0.1277611 0.1565142 0.6666666 0.3760947 0.5 2.9468e-4 0.4394602 0.4065167 0.7877301 0.1565142 0.6666666 2.58564e-5 0.8161638 0.3821536 0.2446323 0.3842359 0 0.1564968 0 0.3841943 0.6666667 0.3760947 0.5 0.1565142 0.6666666 0.4065167 0.7877301 0.3841943 0.6666667 0.1565142 0.6666666 0.454863 1 0.4065167 0.7877301 0.3842359 1 0.4541627 0.0792284 0.3842359 0 0.3821536 0.2446323 0.3760947 0.5 0.4542356 0.4259302 0.3821536 0.2446323 0.454863 1 0.4704566 0.7433743 0.4065167 0.7877301 0.4704566 0.7433743 0.4542356 0.4259302 0.4065167 0.7877301 0.5696009 0.2471851 0.4541627 0.0792284 0.4542356 0.4259302 0.5683859 1 0.7230775 0.9161959 0.5693775 0.7505851 0.7226333 0.6666667 0.7045794 0.3221422 0.5800012 0.5 0.8300196 0.5807927 0.7045794 0.3221422 0.7226333 0.6666667 0.8300196 0.5807927 0.8859818 0.3194361 0.8238373 0.2492392 0.9016634 0.5749655 0.8859818 0.3194361 0.8300196 0.5807927 0.9007397 0.9101908 1.000012 0.6070508 0.9016634 0.5749655 1 0.2224956 1.000018 0 0.8859818 0.3194361 0.2633987 1 1.08871e-4 0.778523 0 1 0.4005042 0.01793414 0.2633987 0 -2.89456e-7 0.1277347 1.10454e-5 0.4161463 0.4005042 0.01793414 -2.89456e-7 0.1277347 0.4122876 0.3261112 0.4005042 0.01793414 1.10454e-5 0.4161463 0.2427963 0.6666667 0.4221307 0.5 1.10454e-5 0.4161463 0.2633987 1 0.4227436 0.7701917 1.08871e-4 0.778523 0.4227436 0.7701917 0.2427963 0.6666667 1.08871e-4 0.778523 0.4196727 1 0.4227436 0.7701917 0.2633987 1 0.4227436 0.7701917 0.4221307 0.5 0.2427963 0.6666667 0.5429587 0.9108555 0.4227436 0.7701917 0.4196727 1 0.5446233 0.5872274 0.4221307 0.5 0.4227436 0.7701917 0.7531239 0.09044408 0.5421912 0 0.5340942 0.2787591 0.5429587 0.9108555 0.7540879 0.7564165 0.5446233 0.5872274 1 0.5603167 1.000001 0.294648 0.7491407 0.4149823 1 0.5603167 0.7491407 0.4149823 0.7540879 0.7564165 -3.49604e-6 0.5554352 0.204953 0.2734658 -1.49557e-6 0.2054102 0.204953 0.2734658 1.26361e-4 0 -1.49557e-6 0.2054102 0.2075365 0.7127421 0.2949886 0.5 -3.49604e-6 0.5554352 1.2522e-4 0.8942664 0.5043761 0.8333334 0.2075365 0.7127421 0.5270876 1 0.5043761 0.8333334 1.2522e-4 0.8942664 0.4921026 0.3333333 0.5038718 0.1666666 0.204953 0.2734658 0.2949886 0.5 0.4921026 0.3333333 0.204953 0.2734658 0.5043761 0.8333334 0.481783 0.6850455 0.2075365 0.7127421 0.481783 0.6850455 0.4921026 0.3333333 0.2949886 0.5 0.9999585 0.4105879 0.5038718 0.1666666 0.4921026 0.3333333 0.5043761 0.8333334 0.9999526 0.720219 0.481783 0.6850455 0.9999815 0.08230221 0.5270876 0 0.5038718 0.1666666 0.9999585 0.4105879 0.9999815 0.08230221 0.5038718 0.1666666 0.9999526 0.720219 0.9999585 0.4105879 0.481783 0.6850455 -2.3461e-5 0.2246916 0.5024586 0.07740068 0 0 0.5022233 1 0.5028083 0.8333333 -9.68031e-6 0.8704288 0.5021939 0.3333333 0.5024586 0.07740068 -2.3461e-5 0.2246916 0.5027343 0.5 0.5021939 0.3333333 -1.70206e-5 0.5613314 0.5028083 0.8333333 0.5022415 0.6666667 -9.68031e-6 0.8704288 0.5022415 0.6666667 1.000018 0.5613322 0.5027343 0.5 1.000018 0.5613322 1.000025 0.2245626 0.5021939 0.3333333 1.00001 0.8703457 1.000018 0.5613322 0.5022415 0.6666667 -6.41898e-6 0.2221616 0.501734 0.07726842 0 0 0.5014607 1 0.5020693 0.8333333 -2.24817e-6 0.8719542 0.5015144 0.3333333 0.501734 0.07726842 -6.41898e-6 0.2221616 0.5016971 0.5919936 0.5015144 0.3333333 -2.49357e-6 0.5608294 0.5020693 0.8333333 0.5016971 0.5919936 -2.24817e-6 0.8719542 1.000003 0.5609397 1.000007 0.2221781 0.5015144 0.3333333 1.000002 0.8718216 1.000003 0.5609397 0.5016971 0.5919936 0.9999999 0.9166653 2.08407e-7 0.7500001 -3.23504e-7 1 1 0.2499994 0 0.08778166 3.23504e-7 0.4166666 2.08407e-7 0.7500001 1 0.5907594 3.23504e-7 0.4166666 -0.001345634 0.2221719 0.5014453 0 0 0 0.5017413 0.9260296 1.57475e-4 0.5606672 -3.17716e-6 0.8722997 1.57475e-4 0.5606672 1.000003 0.4449341 0.5017496 0.4034828 1 1 1.000003 0.794491 0.5017413 0.9260296 1 0.0602253 0.5014453 0 -0.001345634 0.2221719 0.250707 0.6666668 0.255652 0.5 -2.21562e-7 0.5547792 0.3291109 1 0.3169131 0.8333334 1.60092e-5 0.9306618 0.255652 0.5 0.3087164 0.3333333 2.27852e-5 0.3333333 0.5549266 0.3333333 0.3227543 0.1666666 0.3087164 0.3333333 0.3169131 0.8333334 0.5505959 0.6666667 0.250707 0.6666668 0.5549266 0.3333333 0.5702101 0.1666666 0.3227543 0.1666666 0.5660767 0.8333333 0.5505959 0.6666667 0.3169131 0.8333334 0.5702101 0.1666666 0.7177457 0.1019425 0.5699586 0 0.6716333 0.560213 0.5496583 0.5 0.5505959 0.6666667 0.7149881 0.3333333 0.7177457 0.1019425 0.5702101 0.1666666 0.7219012 1 0.7369543 0.8333333 0.6329369 0.8970904 0.7332136 0.5549246 0.7149881 0.3333333 0.6716333 0.560213 0.8606911 0.9010944 0.7369543 0.8333333 0.7219012 1 0.8577342 0.5736521 0.8575685 0.2387585 0.7149881 0.3333333 0.8575685 0.2387585 1.000001 0.06081914 0.8573561 0 1.000002 1 1.000002 0.7222813 0.8606911 0.9010944 1.000001 0.3717166 1.000001 0.06081914 0.8575685 0.2387585 -3.21891e-4 0.5548685 0.501588 0.2596068 -7.10098e-7 0.2056335 0.501588 0.2596068 4.16989e-4 0 -7.10098e-7 0.2056335 4.16379e-4 0.8941596 1.000001 0.7784264 0.5016153 0.7371655 1 0.3938685 1.000001 0.1276925 0.501588 0.2596068 1 0.3938685 0.501588 0.2596068 -3.21891e-4 0.5548685 0 0.2455513 1 0.09075933 0 0 0 0.5 1 0.4166663 0 0.2455513 0.2250999 1 1.45898e-5 0.8017492 0 1 0.2414264 0.1666666 0.2250999 0 -2.69649e-7 0.127821 0.2358049 0.3333334 0.2414264 0.1666666 -2.69649e-7 0.127821 0.2305818 0.6666666 0.2359031 0.5 -4.00119e-7 0.4392882 0.2250999 1 0.2789527 0.8333334 1.45898e-5 0.8017492 0.8042623 0.8182221 0.5643634 0.8333334 0.5645222 1 0.5638507 0.6666666 0.8123298 0.6172819 0.5729002 0.4949449 0.9999895 0.08152478 0.815411 0 0.8059826 0.1666666 0.5729002 0.4949449 0.9999895 0.08152478 0.8059826 0.1666666 0.8123298 0.6172819 0.9999873 0.4196543 0.5729002 0.4949449 0.9999884 0.7515514 0.8123298 0.6172819 0.8042623 0.8182221 -3.70067e-4 0.5548733 0.5015643 0.2594832 -8.72933e-7 0.2056347 0.5015643 0.2594832 2.53386e-4 0 -8.72933e-7 0.2056347 2.52688e-4 0.8941766 1 0.7783915 0.5016104 0.7370403 1 0.3938223 1.000001 0.1276644 0.5015643 0.2594832 1 0.3938223 0.5015643 0.2594832 -3.70067e-4 0.5548733 3.00464e-5 0.1666666 0.1562342 0 -2.96173e-7 0 0.1562342 1 0.4548242 0.6930209 1.38992e-5 0.880617 0.3865213 0.3333333 3.00464e-5 0.1666666 1.9394e-5 0.3589307 0.2959595 0.1666666 0.1562342 0 3.00464e-5 0.1666666 0.3865213 0.3333333 0.2959595 0.1666666 3.00464e-5 0.1666666 0.4618946 1 0.4548242 0.6930209 0.1562342 1 0.2959595 0.1666666 0.4618946 0 0.1562342 0 0.4255235 0.5 0.3865213 0.3333333 0.171274 0.5 0.4618946 1 0.5188466 0.8333333 0.4548242 0.6930209 0.682873 0.1666666 0.4618946 0 0.2959595 0.1666666 0.7960594 0.3333333 0.682873 0.1666666 0.3865213 0.3333333 0.7365298 0.6666667 0.7525411 0.5 0.4548242 0.6930209 0.5188466 0.8333333 0.7365298 0.6666667 0.4548242 0.6930209 0.7955688 1 0.5188466 0.8333333 0.4618946 1 0.682873 0.1666666 0.7955688 0 0.4618946 0 0.825734 0.8333333 0.7365298 0.6666667 0.5188466 0.8333333 0.9999601 0.6666667 0.7525411 0.5 0.7365298 0.6666667 0.825734 0.8333333 0.9999601 0.6666667 0.7365298 0.6666667 1 0.3881232 0.999976 0.1119531 0.7960594 0.3333333 0.9999601 0.6666667 1 0.3881232 0.7525411 0.5 -8.89546e-7 0.5549578 0.1745831 0.3333333 -3.78183e-7 0.2056226 0.2148277 0.1666666 3.15646e-4 0 -3.78183e-7 0.2056226 0.1745831 0.3333333 0.2148277 0.1666666 -3.78183e-7 0.2056226 0.2423102 0.6666667 0.2514663 0.5 -8.89546e-7 0.5549578 0.2194678 0.8333333 0.2423102 0.6666667 3.1526e-4 0.8942217 0.2148277 0.1666666 0.4117446 0 3.15646e-4 0 0.4691223 0.1666666 0.4117446 0 0.2148277 0.1666666 0.5622352 0.5 0.4376494 0.3333333 0.2514663 0.5 0.4645649 0.8333333 0.5696733 0.6666668 0.2423102 0.6666667 0.6731547 0.3333333 0.7049784 0.1666666 0.4376494 0.3333333 0.5622352 0.5 0.6731547 0.3333333 0.4376494 0.3333333 0.8286993 0.5681145 0.6731547 0.3333333 0.5622352 0.5 0.8286993 0.5681145 0.9995233 0.438771 0.6731547 0.3333333 0.9999598 0.1457841 0.7742859 0 0.7049784 0.1666666 0.9995233 0.438771 0.9999598 0.1457841 0.7049784 0.1666666 0.9999592 0.7519379 0.8286993 0.5681145 0.6918858 0.8333333 -0.001164376 0.2220804 0.5014461 0 0 0 0.5017307 0.9261048 3.47394e-4 0.5607332 -2.74777e-6 0.872242 3.47394e-4 0.5607332 1.000003 0.4449352 0.50173 0.4035792 1 1 1.000003 0.7945188 0.5017307 0.9261048 1 0.06035876 0.5014461 0 -0.001164376 0.2220804 1.72745e-5 0.4160973 0.3528718 0.1666666 -1.43521e-7 0.03903537 0.2481129 1 1.73048e-5 0.7967329 -1.87417e-7 1 0.3528718 0.1666666 0.2481129 0 -1.43521e-7 0.03903537 0.3682923 0.6666666 1.72745e-5 0.4160973 1.73048e-5 0.7967329 0.3682923 0.6666666 0.523985 0.5 1.72745e-5 0.4160973 0.4659292 0.8333333 0.3682923 0.6666666 1.73048e-5 0.7967329 0.7637887 0.6169003 0.523985 0.5 0.3682923 0.6666666 0.523985 0.5 0.7276783 0.3195639 0.4527912 0.3333333 0.8355008 0.3333333 0.8049447 0.1666666 0.7276783 0.3195639 0.7637887 0.6169003 0.8355008 0.3333333 0.7276783 0.3195639 0.8049447 0.1666666 0.8610262 0 0.7693526 0 0.8049447 0.1666666 1.000021 0 0.8610262 0 1 0.5562303 1.000017 0.2979292 0.863035 0.5879752 -1.51904e-5 0.2242025 0.3543244 0 0 0 0.3543244 1 0.3377683 0.8333334 -5.85719e-6 0.871147 0.3506121 0.3333333 0.3367359 0.1666666 -1.51904e-5 0.2242025 0.3324622 0.5672622 0.3506121 0.3333333 -7.21335e-6 0.5609096 0.3377683 0.8333334 0.3324622 0.5672622 -5.85719e-6 0.871147 0.7301512 0.2739232 0.3543244 0 0.3367359 0.1666666 0.7301512 0.2739232 0.7386435 0 0.3543244 0 0.7155943 0.5855749 0.7301512 0.2739232 0.3506121 0.3333333 1.000005 1 1 0.773298 0.729492 0.8976823 0.729492 0.8976823 1 0.773298 0.7155943 0.5855749 -1.8471e-7 1 0.9999999 0.9166681 -1.60081e-7 0.7499991 1 0.05381751 -1.8471e-7 0 -1.52282e-7 0.2544471 0.9999998 0.4092415 -1.52282e-7 0.2544471 0 0.5 0.1801666 0.8333333 -4.17617e-7 0.6116567 -2.01006e-7 0.9611807 0.2082253 1 0.1801666 0.8333333 -2.01006e-7 0.9611807 7.39681e-5 0.2725706 0.2082253 0 -2.62039e-7 0 0.120792 0.5 0.2139027 0.3333333 7.39681e-5 0.2725706 0.2028658 0.6666668 0.120792 0.5 -4.17617e-7 0.6116567 0.3180067 0.2913852 0.2082253 0 7.39681e-5 0.2725706 0.2594879 0.5 0.2139027 0.3333333 0.120792 0.5 0.2028658 0.6666668 0.2594879 0.5 0.120792 0.5 0.3386956 0.09470194 0.2082253 0 0.3180067 0.2913852 0.3793058 0.5 0.3180067 0.2913852 0.2594879 0.5 0.35666 0.7344811 0.3793058 0.5 0.2594879 0.5 0.3883827 0.9245966 0.35666 0.7344811 0.3392417 1 0.3906311 0.2301302 0.3386956 0.09470194 0.3180067 0.2913852 0.3793058 0.5 0.3906311 0.2301302 0.3180067 0.2913852 0.3906311 0.2301302 0.4845319 0.08378165 0.3884229 0 0.4804626 0.7408307 0.3793058 0.5 0.35666 0.7344811 0.4804626 0.7408307 0.35666 0.7344811 0.3883827 0.9245966 0.4810636 0.4040879 0.4845319 0.08378165 0.3906311 0.2301302 0.7003119 0.3333333 0.5430644 0.09234565 0.5411757 0.4196605 0.7003119 0.3333333 0.7455049 0.1666666 0.5430644 0.09234565 0.7246925 0.4689182 0.7003119 0.3333333 0.5411757 0.4196605 0.7455049 0.1666666 0.7715637 0 0.7048113 0 0.7723206 0.7407739 0.7246925 0.4689182 0.7029662 0.6666667 0.7723206 0.7407739 0.7029662 0.6666667 0.7054758 0.8333334 0.7863315 0.4226033 0.7455049 0.1666666 0.7246925 0.4689182 0.7723206 0.7407739 0.7863315 0.4226033 0.7246925 0.4689182 0.8750672 0.09065866 0.7715637 0 0.7455049 0.1666666 1 0.5604347 1 0.294558 0.875135 0.4197053 1 0.5604347 0.875135 0.4197053 0.8761268 0.7569982 0.1956976 0.08486437 -5.6919e-6 0 -1.5034e-6 0.2947257 0.195927 1 0.1930555 0.8333333 -3.78675e-6 0.9442145 0.199629 0.3333333 0.1956976 0.08486437 -1.5034e-6 0.2947257 0.1980724 0.6215609 0.199629 0.3333333 -1.5034e-6 0.2947257 0.1930555 0.8333333 0.1980724 0.6215609 -1.29136e-6 0.6058281 0.4040327 0.4153158 0.199629 0.3333333 0.1980724 0.6215609 0.4040327 0.4153158 0.37962 0.09121924 0.199629 0.3333333 0.4007528 0.7504915 0.4040327 0.4153158 0.1980724 0.6215609 0.5669877 0.895093 0.4007528 0.7504915 0.3893705 1 0.5747959 0.4189852 0.5281704 0.1666666 0.4040327 0.4153158 0.5669877 0.895093 0.5793076 0.6666668 0.4007528 0.7504915 0.7325796 1 0.7534247 0.861661 0.5669877 0.895093 0.7320931 0.3333333 0.730601 0.09336018 0.5747959 0.4189852 0.5793076 0.6666668 0.7344549 0.601763 0.5747959 0.4189852 0.7534247 0.861661 0.7344549 0.601763 0.5793076 0.6666668 0.8405207 0.2394112 0.730601 0.09336018 0.7320931 0.3333333 0.7534247 0.861661 0.8399077 0.5935186 0.7344549 0.601763 0.8405207 0.2394112 0.8603729 0 0.8 0 0.8615642 0.9057062 0.8399077 0.5935186 0.7534247 0.861661 0.8405207 0.2394112 1.000055 0 0.8603729 0 1.000053 0.5998824 1.000025 0.3026849 0.8399077 0.5935186 1.000033 0.9340798 1.000053 0.5998824 0.8615642 0.9057062 0.3346439 0.1666666 5.54201e-6 0 -1.60511e-7 0.1666666 3.84869e-6 0.3862171 0.3346439 0.1666666 -1.60511e-7 0.1666666 4.25478e-6 0.6666667 0.3363941 0.4377056 3.84869e-6 0.3862171 0.3718496 0.7856727 4.25478e-6 0.6666667 3.65031e-6 0.946788 0.3346439 0.1666666 0.3399149 0 5.54201e-6 0 0.3363941 0.4377056 0.3346439 0.1666666 3.84869e-6 0.3862171 0.3390102 0.6666667 0.3363941 0.4377056 4.25478e-6 0.6666667 0.3718496 0.7856727 0.3390102 0.6666667 4.25478e-6 0.6666667 0.4555347 0.885432 0.3718496 0.7856727 0.3399149 1 0.3363941 0.4377056 0.4348608 0.2554801 0.3346439 0.1666666 0.599468 0.5798475 0.4348608 0.2554801 0.4420942 0.5965843 0.4348608 0.2554801 0.6101413 0.1103255 0.4357277 0 0.4555347 0.885432 0.599468 0.5798475 0.4420942 0.5965843 0.5990793 1 0.7348873 0.8333333 0.4555347 0.885432 1.000047 1 0.7348873 0.8333333 0.5990793 1 0.9997493 0.3943542 1.000046 0.05515575 0.8325234 0.2727333 -7.47579e-6 0.2234097 0.1902205 0 0 0 0.1932291 0.3995413 0.3010194 0.1666666 -7.47579e-6 0.2234097 0.1935985 0.933591 0.2960851 0.6666666 -2.85826e-6 0.8713024 0.3985677 0.4116192 0.3010194 0.1666666 0.1932291 0.3995413 0.2960851 0.6666666 0.3985677 0.4116192 0.1932291 0.3995413 0.7883701 0.3687055 0.7180828 0.1666666 0.6084491 0.4268822 1.000007 0.223182 0.7258484 0 0.7180828 0.1666666 0.730432 0.6666666 1.000004 0.5610492 0.7883701 0.3687055 1.000004 0.5610492 1.000007 0.223182 0.7883701 0.3687055 1.000003 0.8711868 1.000004 0.5610492 0.730432 0.6666666 3.03319e-5 0.3573657 0.6056024 0.5799826 1.63673e-4 0.0389412 0.9998347 0.8333333 0.6544836 0.6666668 4.55224e-5 0.7564311 0.5195181 0.5 0.9999837 0.2538313 0.6056024 0.5799826 1.000001 0.5550985 0.9999837 0.2538313 0.5195181 0.5 0.9998347 0.8333333 1.000001 0.5550985 0.6544836 0.6666668 0.3275528 0.04537528 -8.80699e-6 0 -2.24444e-6 0.2949064 0.335671 1 0.3220219 0.7666427 -5.85531e-6 0.9441415 0.3253197 0.4282962 0.3275528 0.04537528 -2.24444e-6 0.2949064 0.335671 1 0.6090194 0.9222249 0.3220219 0.7666427 0.6960175 0.6666668 0.6083751 0.4220398 0.3220219 0.7666427 0.7713332 0.4242246 0.675835 0.1666666 0.6083751 0.4220398 0.6960175 0.6666668 0.7713332 0.4242246 0.6083751 0.4220398 1.000018 0.3920273 0.675835 0.1666666 0.7713332 0.4242246 1.000026 1 1 0.7753921 0.7718251 0.9050866 0.7718251 0.9050866 1 0.7753921 0.6960175 0.6666668 -1.37988e-5 0.2229906 0.5016601 0 0 0 0.5016601 1 0.5022895 0.8333333 -5.22384e-6 0.871715 0.5017113 0.3333334 0.5115404 0.1666666 -1.37988e-5 0.2229906 0.5022316 0.5 0.5017113 0.3333334 -5.21794e-6 0.5608451 0.5022895 0.8333333 0.501618 0.6666668 -5.22384e-6 0.871715 0.501618 0.6666668 1.000006 0.444025 0.5022316 0.5 1 1 1.000006 0.7951322 0.5016601 1 1 0.0601505 0.5016601 0 0.5115404 0.1666666 -1.45545e-7 0.2455521 1 0.08333307 0 0 0 0.5833334 1 0.4166672 -1.45545e-7 0.2455521 1 0.7425737 0 0.5833334 0 0.9166668 0.3898723 0.7551812 2.22964e-5 0.5847885 -3.06822e-7 0.8938906 0.5053808 0.03476023 0.2778576 0 2.43483e-5 0.2496187 2.22964e-5 0.5847885 0.3940609 0.4563807 2.43483e-5 0.2496187 0.5374069 1 0.5647718 0.8333334 0.3898723 0.7551812 0.5543619 0.4456828 0.6167514 0.2415265 0.5053808 0.03476023 0.616585 0.6666667 0.5543619 0.4456828 0.3898723 0.7551812 0.6167514 0.2415265 0.6408734 0 0.5053808 0.03476023 0.616585 0.6666667 0.6909 0.4721411 0.5543619 0.4456828 0.648745 0.9460249 0.8174721 0.7542923 0.616585 0.6666667 1 0.2268487 0.9999716 0 0.8233749 0.1666666 1 0.2268487 0.8233749 0.1666666 0.6909 0.4721411 -7.88567e-5 1 0.5043051 0.8333333 -3.0829e-5 0.7007501 0.5046331 0.3333333 0.3413585 0.09849053 -6.47485e-5 0.3975442 0.5043051 0.8333333 0.3436557 0.5691652 -3.0829e-5 0.7007501 0.5978947 0.5719064 0.5046331 0.3333333 0.3436557 0.5691652 0.5043051 0.8333333 0.5978947 0.5719064 0.3436557 0.5691652 1.000052 0.9377387 0.5043051 0.8333333 0.589962 1 0.5978947 0.5719064 1.000069 0.2710139 0.5046331 0.3333333 1.000069 0.2710139 1.000083 0 0.6005207 0.09637904 1.000052 0.9377387 1.000031 0.6317138 0.5043051 0.8333333 0.5021452 0.1666666 -3.58461e-5 0 -9.25238e-6 0.2957847 0.5026634 1 0.5021226 0.8333334 -2.34358e-5 0.9422983 0.5027468 0.3333333 0.5021452 0.1666666 -9.25238e-6 0.2957847 0.5021694 0.5 0.5027468 0.3333333 -9.25238e-6 0.2957847 0.5021226 0.8333334 0.5026532 0.6666666 -1.41679e-5 0.60561 0.5021452 0.1666666 1.000038 0 0.5026634 0 1.000015 0.6055268 0.5021694 0.5 0.5026532 0.6666666 1.000015 0.6055268 1.00001 0.2958703 0.5021694 0.5 1.000025 0.9424919 1.000015 0.6055268 0.5021226 0.8333334 1 0.0907588 0 0 1.39346e-7 0.2500004 2.30162e-7 0.5 0.9999999 0.4166661 1.39346e-7 0.2500004 -1.07065e-5 0.1666666 0.08072805 0 0 0 0 0.3333333 0.06966131 0.3333333 -1.07065e-5 0.1666666 0 0.6666667 0.06859868 0.6666668 -2.91761e-5 0.5 -6.55993e-6 0.8333333 0.06859868 0.6666668 0 0.6666667 0.08072805 1 0.06821829 0.8333334 -6.55993e-6 0.8333333 -2.91761e-5 0.5 0.08276861 0.5 0.06966131 0.3333333 0.08072805 1 0.1 0.8333333 0.06821829 0.8333334 0.06859868 0.6666668 0.1 0.8333333 0.1 0.6666667 0.06859868 0.6666668 0.1 0.6666667 0.08276861 0.5 0.1 0.8333333 0.1322134 1 0.1324084 0.8333333 0.1322134 0 0.1 0.1666666 0.1323238 0.1666666 0.1 0.1666666 0.1296852 0.3333333 0.1323238 0.1666666 0.1 0.3333333 0.1326653 0.5 0.1296852 0.3333333 0.1 0.6666667 0.1326653 0.5 0.08276861 0.5 0.1298262 0.6666667 0.1 0.8333333 0.1324084 0.8333333 0.1323238 0.1666666 0.2036333 0.3333333 0.2262789 0.1666666 0.1323238 0.1666666 0.2262789 0.1666666 0.1322134 0 0.3487488 0.6666667 0.1324084 0.8333333 0.3647639 0.8333333 0.1326653 0.5 0.2036333 0.3333333 0.1296852 0.3333333 0.2773941 0 0.3916833 0.1666666 0.3879089 0 0.1322134 1 0.2773941 1 0.3647639 0.8333333 0.3487488 0.6666667 0.3322445 0.5 0.1326653 0.5 0.2036333 0.3333333 0.3899177 0.3333333 0.2262789 0.1666666 0.3322445 0.5 0.3899177 0.3333333 0.2036333 0.3333333 0.2773941 1 0.3879089 1 0.3647639 0.8333333 0.4321351 0.6666667 0.3647639 0.8333333 0.4216816 0.8333333 0.3899177 0.3333333 0.3916833 0.1666666 0.2262789 0.1666666 0.3322445 0.5 0.4065886 0.5 0.3899177 0.3333333 0.3487488 0.6666667 0.4321351 0.6666667 0.4065886 0.5 0.4504281 0 0.3916833 0.1666666 0.4566898 0.1666666 0.3879089 1 0.4504281 1 0.4216816 0.8333333 0.4216816 0.8333333 0.6952735 1 0.7747749 0.8333333 0.3899177 0.3333333 0.4566898 0.1666666 0.3916833 0.1666666 0.4321351 0.6666667 0.6428187 0.5 0.4065886 0.5 0.4566898 0.1666666 0.6952735 0 0.4504281 0 0.7012519 0.1666666 0.9998164 0 0.6952735 0 0.6428187 0.5 0.7518732 0.3333334 0.4548661 0.3333333 0 1 0.1110818 0.8333333 0 0.8333333 0.9998164 1 1.000017 0.8333333 0.7747749 0.8333333 0.7518732 0.3333334 1.000014 0.3333333 0.9996758 0.1666666 1.00027 0.5 1.000014 0.3333333 0.7518732 0.3333334 0.7747749 0.8333333 1.000017 0.8333333 1.000362 0.6666667 0 0.5 0.1147257 0.5 0 0.3333333 0 0.6666667 0.1147257 0.5 0 0.5 0 0 0.1116684 0.1666666 0.1105974 0 0 0.1666666 0.1148754 0.3333334 0.1116684 0.1666666 0 0.8333333 0.1116665 0.6666667 0 0.6666667 0.3380628 0.3333333 0.1147257 0.5 0.3282409 0.5 0.1116665 0.6666667 0.2980949 0.6666667 0.1147257 0.5 0.1110818 0.8333333 0.2980949 0.6666667 0.1116665 0.6666667 0.1105974 1 0.3255756 0.8333333 0.1110818 0.8333333 0.1148754 0.3333334 0.3380628 0.3333333 0.1116684 0.1666666 0.4278163 0.8333333 0.3342623 1 0.4315834 1 0.1116684 0.1666666 0.3014073 0.1666666 0.1105974 0 0.3380628 0.3333333 0.3014073 0.1666666 0.1116684 0.1666666 0.1105974 1 0.3342623 1 0.3255756 0.8333333 0.2980949 0.6666667 0.3471875 0.6666666 0.3282409 0.5 0.3255756 0.8333333 0.3471875 0.6666666 0.2980949 0.6666667 0.3471875 0.6666666 0.417749 0.5 0.3282409 0.5 0.3014073 0.1666666 0.4315834 0 0.3342623 0 0.4183843 0.6666668 0.3255756 0.8333333 0.4278163 0.8333333 0.4278163 0.8333333 0.4773337 1 0.4771472 0.8333333 0.4315834 0 0.4759748 0.1666666 0.4773337 0 0.4759748 0.1666666 0.4444444 0.3333333 0.4763523 0.3333333 0.4763523 0.3333333 0.417749 0.5 0.4759606 0.5 0.417749 0.5 0.4758087 0.6666667 0.4759606 0.5 0.4183843 0.6666668 0.4771472 0.8333333 0.4758087 0.6666667 0.4771472 0.8333333 0.6701015 1 0.6798159 0.8333333 0.4771472 0.8333333 0.619923 0.6666667 0.4758087 0.6666667 0.4773337 0 0.6706341 0.1666666 0.6701015 0 0.6706341 0.1666666 0.4763523 0.3333333 0.6486531 0.3333333 0.4763523 0.3333333 0.6132604 0.5 0.6486531 0.3333333 0.891972 0.3333333 1.000024 0.5 1.000016 0.3333333 0.619923 0.6666667 0.6132604 0.5 0.4759606 0.5 0.6486531 0.3333333 0.891972 0.3333333 0.8865965 0.1666666 0.6798159 0.8333333 0.8901218 0.6666667 0.619923 0.6666667 0.8990122 1 0.9060521 0.8333333 0.6798159 0.8333333 0.8990122 0 1 0.1666666 1 0 1 0.6666667 0.9060521 0.8333333 1 0.9151 1.000016 0.3333333 1 0.1666666 0.8865965 0.1666666 0.8901218 0.6666667 1 0.6666667 1.000024 0.5 0 1 0.1137611 0.8333333 0 0.8333333 0 0.1666666 0.1117703 0.1666666 0 0 0 0.5 0.115717 0.5 0 0.3333333 0 0.6666667 0.115717 0.5 0 0.5 0 0.8333333 0.1149464 0.6666668 0 0.6666667 0 0.3333333 0.1138018 0.3333333 0.1117703 0.1666666 0.3392368 0.3333333 0.115717 0.5 0.3500739 0.5 0.3500739 0.5 0.1149464 0.6666668 0.3382411 0.6666668 0 0.1666666 0.1120805 0.3333333 0.1127621 0.1666666 0.3433904 0.1666666 0.3481292 0 0.1766782 0 0.3481292 1 0.3644108 0.8333334 0.2972597 0.8333333 0.2972597 0.8333333 0.3644108 0.8333334 0.3382411 0.6666668 0.3382411 0.6666668 0.6641235 0.5 0.3500739 0.5 0.3382411 0.6666668 0.6481974 0.6666667 0.6641235 0.5 0.3481292 1 0.6593548 0.8333333 0.3644108 0.8333334 0.6641235 0.5 0.6938042 0.3333333 0.3392368 0.3333333 0.3481292 1 0.6652641 1 0.6593548 0.8333333 0.6481974 0.6666667 0.7024185 0.6666666 0.6641235 0.5 0.6593548 0.8333333 0.7024185 0.6666666 0.6481974 0.6666667 0.6593548 0.8333333 0.8103545 0.8333334 0.7024185 0.6666666 0.6652641 1 0.9999436 1 0.8103545 0.8333334 0.6641235 0.5 0.8193048 0.3333333 0.6938042 0.3333333 0.6641235 0.5 1.000088 0.5 0.8193048 0.3333333 0.7018331 0.1666666 0.999924 0.1666666 0.9999436 0 0.8193048 0.3333333 0.999924 0.1666666 0.7018331 0.1666666 0.8193048 0.3333333 1.000007 0.3333333 0.999924 0.1666666 0.8097345 0.6666668 1.000008 0.6666667 1.000088 0.5 0.8103545 0.8333334 1.000008 0.6666667 0.8097345 0.6666668 0.9999436 1 1 0.8333333 0.8103545 0.8333334 0 0.1666666 0.111416 0 0 0 0 0.6666667 0.1158086 0.6666668 0 0.5 0 0.8333334 0.1158086 0.6666668 0 0.6666667 0.111416 1 0.1131218 0.8333333 0 0.8333334 0.1120805 0.3333333 0 0.5 0.1194009 0.5 0.1158086 0.6666668 0.338174 0.8333333 0.3108844 0.6666667 0.1127621 0.1666666 0.29032 0 0.111416 0 0.29032 1 0.338174 0.8333333 0.1131218 0.8333333 0.1120805 0.3333333 0.3329761 0.3333334 0.1127621 0.1666666 0.3138462 0.5 0.3993922 0.6666667 0.423736 0.5 0.3329761 0.3333334 0.3049055 0.1666666 0.1127621 0.1666666 0.29032 1 0.368071 1 0.338174 0.8333333 0.3049055 0.1666666 0.368071 0 0.29032 0 0.3138462 0.5 0.423736 0.5 0.3329761 0.3333334 0.4431051 0.3333333 0.603251 0.1666666 0.3049055 0.1666666 0.338174 0.8333333 0.3993922 0.6666667 0.3108844 0.6666667 0.423736 0.5 0.4431051 0.3333333 0.3329761 0.3333334 0.368071 1 0.5263298 0.8333333 0.338174 0.8333333 0.5263298 0.8333333 0.5301448 0.6666667 0.3993922 0.6666667 0.5966029 0.3333333 0.423736 0.5 0.6023092 0.5 0.6625892 0.6666668 0.5263298 0.8333333 0.6758486 0.8333334 0.5301448 0.6666667 0.6625892 0.6666668 0.6023092 0.5 0.6072505 0 0.679369 0.1666666 0.6771942 0 0.6072505 1 0.6771942 1 0.6758486 0.8333334 0.603251 0.1666666 0.6788861 0.3333333 0.679369 0.1666666 0.6023092 0.5 0.6788861 0.3333333 0.5966029 0.3333333 0.6758486 0.8333334 0.7419323 1 0.7451034 0.8333333 0.6625892 0.6666668 0.678645 0.5 0.6023092 0.5 0.679369 0.1666666 0.7419323 0 0.6771942 0 0.679369 0.1666666 0.7422115 0.3333333 0.7433002 0.1666666 0.7422115 0.3333333 0.678645 0.5 0.744438 0.5 0.678645 0.5 0.7436203 0.6666667 0.744438 0.5 0.7436203 0.6666667 0.6758486 0.8333334 0.7451034 0.8333333 0.7451034 0.8333333 0.7777778 1 0.7777778 0.8333333 0.7433002 0.1666666 0.7777778 0 0.7419323 0 0.7433002 0.1666666 0.7777778 0.3333333 0.7777778 0.1666666 0.7777778 0.3333333 0.744438 0.5 0.7777778 0.5 0.744438 0.5 0.7777778 0.6666667 0.7777778 0.5 0.7777778 0.6666667 0.7451034 0.8333333 0.7777778 0.8333333 0.8133732 0.8333333 0.7777778 1 0.8135233 1 0.8135233 0 0.7777778 0.1666666 0.8145914 0.1666666 0.7777778 0.1666666 0.813724 0.3333333 0.8145914 0.1666666 0.7777778 0.3333333 0.8111303 0.5 0.813724 0.3333333 0.7777778 0.6666667 0.8111303 0.5 0.7777778 0.5 0.7777778 0.8333333 0.8119667 0.6666667 0.7777778 0.6666667 0.813724 0.3333333 0.8887059 0.5 0.8906986 0.3333333 0.8135233 1 0.9998947 1 0.8133732 0.8333333 0.813724 0.3333333 0.8906986 0.3333333 0.8145914 0.1666666 0.8119667 0.6666667 0.8887059 0.5 0.8111303 0.5 0.8906986 0.3333333 1.000012 0.5 1.000009 0.3333333 0.8133732 0.8333333 0.999901 0.6666667 0.8119667 0.6666667 0.8145914 0.1666666 0.9998288 0.1666666 0.9998947 0 0.8906986 0.3333333 1.000009 0.3333333 0.9998288 0.1666666 0 0.8333333 0.1129613 1 0.1727983 0.8333333 0 0.6666667 0.1182664 0.6666667 0 0.5 0 0.8333333 0.1182664 0.6666667 0 0.6666667 0 0.1666666 0.1129613 0 0 0 0 0.1666666 0.11179 0.3333333 0.1176431 0.1666666 0 0.3333333 0.1140661 0.5 0.11179 0.3333333 0.2940867 0.3333334 0.1140661 0.5 0.3366234 0.5 0.11179 0.3333333 0.2940867 0.3333334 0.1176431 0.1666666 0.3177264 1 0.3784185 0.8333333 0.317419 0.8333334 0.1182664 0.6666667 0.3366234 0.5 0.1140661 0.5 0.1727983 0.8333333 0.3252857 0.6666667 0.1182664 0.6666667 0.1176431 0.1666666 0.3052313 0.1666666 0.3177264 0 0.3177264 1 0.317419 0.8333334 0.1727983 0.8333333 0.1727983 0.8333333 0.317419 0.8333334 0.3252857 0.6666667 0.5210097 0.1666666 0.2940867 0.3333334 0.5608198 0.3333334 0.317419 0.8333334 0.3784185 0.8333333 0.3252857 0.6666667 0.3784185 0.8333333 0.5585348 0.6666666 0.3252857 0.6666667 0.3366234 0.5 0.5614017 0.5 0.2940867 0.3333334 0.5585348 0.6666666 0.5614017 0.5 0.3366234 0.5 0.3766751 1 0.5474427 0.8333334 0.3784185 0.8333333 0.8911507 0.8333333 0.7256716 1 0.8927469 1 0.3766751 1 0.5583795 1 0.5474427 0.8333334 0.5210097 0.1666666 0.587328 0.1666666 0.5583795 0 0.5608198 0.3333334 0.587328 0.1666666 0.5210097 0.1666666 0.5583795 1 0.6918141 0.8333333 0.5474427 0.8333334 0.5474427 0.8333334 0.6918141 0.8333333 0.5585348 0.6666666 0.587328 0.1666666 0.7256716 0 0.5583795 0 0.5585348 0.6666666 0.8976423 0.6666667 0.5614017 0.5 0.6918141 0.8333333 0.8976423 0.6666667 0.5585348 0.6666666 0.5614017 0.5 0.8779389 0.3333333 0.5608198 0.3333334 0.8779389 0.3333333 0.8919302 0.1666666 0.587328 0.1666666 0.5614017 0.5 0.9000226 0.5 0.8779389 0.3333333 0.8976423 0.6666667 0.9000226 0.5 0.5614017 0.5 0.8911507 0.8333333 1.000023 1 1.000016 0.8333333 0.8919302 0.1666666 0.8927469 0 0.7256716 0 0.6918141 0.8333333 0.8911507 0.8333333 0.8976423 0.6666667 0.8779389 0.3333333 0.9999783 0.3333333 0.8919302 0.1666666 1.000023 0 0.8919302 0.1666666 1.000015 0.1666666 0.316513 0.2881658 0.6516526 0 0.2757104 0 0.9000226 0.5 0.9999987 0.5 0.9999783 0.3333333 0.8976423 0.6666667 0.9999987 0.5 0.9000226 0.5 1.000016 0.8333333 1 0.6666667 0.8976423 0.6666667 8.66759e-6 0.6341496 0.2699247 0.5 2.04855e-5 0.3333334 8.66759e-6 0.6341496 0.3666398 0.6423265 0.2699247 0.5 0.2699247 0.5 0.316513 0.2881658 2.04855e-5 0.3333334 0.316513 0.2881658 0.6471397 0.5856234 0.6211211 0.2570573 0.8422397 0 1.00001 0.2727612 1 0 0.6445041 0.9256789 0.6471397 0.5856234 0.3666398 0.6423265 0.6933452 0.4285027 0.829263 0.2478345 0.6211211 0.2570573 0.6445041 0.9256789 0.8476713 0.9643644 0.6471397 0.5856234 0.829263 0.2478345 0.8422397 0 0.6516526 0 0.6471397 0.5856234 0.8476713 0.9643644 0.848558 0.5779636 0.8476713 0.9643644 1.000009 0.6294775 0.848558 0.5779636 3.18279e-5 0.4049552 0.3415769 0.6666667 0.4004076 0.5 0.848558 0.5779636 1.000009 0.6294775 1.00001 0.2727612 3.47751e-5 0.2481098 0.3360817 0.4201496 0.4458689 0.2833515 0.3204689 0.6873311 0.3360817 0.4201496 2.14109e-5 0.5818077 0.3297306 1 0.500392 0.7983652 0.3204689 0.6873311 0.3360817 0.4201496 0.4950093 0.5397834 0.4458689 0.2833515 0.4458689 0.2833515 0.4950093 0.5397834 0.5051924 0.08191788 0.5035908 1 0.8487993 1 0.500392 0.7983652 0.4950093 0.5397834 0.8275904 0.1175777 0.5051924 0.08191788 0.500392 0.7983652 0.8369987 0.7078005 0.4950093 0.5397834 0.8487993 1 0.8369987 0.7078005 0.500392 0.7983652 0.8487993 1 1.000013 0.9635378 0.8369987 0.7078005 1.000013 0.6052066 1 0.2273038 0.8191358 0.406392 0.8369987 0.7078005 1.000013 0.9635378 1.000013 0.6052066 3.31252e-5 1 0.3326714 0.888067 2.82805e-5 0.7596235 0.1983722 0.1666666 0.3288169 0 2.29726e-5 0.05017822 0.5313361 0.1151714 0.7958638 0.4330745 0.7982469 0.08776706 3.18279e-5 0.4049552 0.4357742 0.3333333 0.1983722 0.1666666 0.1983722 0.1666666 0.5313361 0.1151714 0.3288169 0 0.4357742 0.3333333 0.5313361 0.1151714 0.1983722 0.1666666 0.3326714 0.888067 0.6305972 0.6944531 0.3415769 0.6666667 0.3326714 0.888067 0.64546 1 0.6305972 0.6944531 0.3415769 0.6666667 0.6305972 0.6944531 0.4004076 0.5 0.64546 1 0.8010772 0.7530606 0.6305972 0.6944531 0.8846902 0.7409138 0.7983983 1 0.888702 1 0.6305972 0.6944531 0.7958638 0.4330745 0.4004076 0.5 0.8875934 0.3834992 0.8010772 0.7530606 0.8846902 0.7409138 0.8875934 0.3834992 0.888702 0.0274071 0.7982469 0.08776706 0.8875934 0.3834992 1 0.7596595 1 0.4241397 0.888702 1 1.000018 1 0.8846902 0.7409138 0.8875934 0.3834992 1.000018 0.08319109 0.888702 0.0274071 0.3889384 0.03160899 0.5023946 0.3333333 0.5062506 0.09875428 4.47888e-6 0.9170393 0.3026208 0.5823274 -3.25989e-7 0.554514 -3.25989e-7 0.554514 0.3026208 0.5823274 0.337183 0.3659737 4.47888e-6 0.9170393 0.2999123 1 0.327442 0.8333333 0.2999123 1 0.3974485 1 0.327442 0.8333333 0.327442 0.8333333 0.4943969 0.7708862 0.3026208 0.5823274 0.4943969 0.7708862 0.3974485 1 0.5095029 1 0.4943969 0.7708862 0.337183 0.3659737 0.3026208 0.5823274 0.5095029 1 0.548345 0.5838183 0.4943969 0.7708862 0.4943969 0.7708862 0.548345 0.5838183 0.337183 0.3659737 0.6762711 0.09029173 0.5023946 0.3333333 0.7629967 0.3333333 0.548345 0.5838183 0.6990575 0.6097087 0.5023946 0.3333333 0.7188642 0 0.8172916 0.2043445 0.8182988 0 1.000013 0.2284535 1.000001 0 0.6762711 0.09029173 0.7629967 0.3333333 1.000013 0.2284535 0.6762711 0.09029173 0.548345 0.5838183 1.000001 0.895836 0.6990575 0.6097087 0.999938 0.5 1.000013 0.2284535 0.7629967 0.3333333 0.6990575 0.6097087 1.000001 0.895836 0.999938 0.5 0 1 0.4964112 1 1.47521e-7 0.7473865 1.47521e-7 0.7473865 0.4339212 0.4431731 3.08196e-6 0.4612442 1.47521e-7 0.7473865 0.6601213 0.839704 0.4339212 0.4431731 0.634921 0.9975206 0.6601213 0.839704 1.47521e-7 0.7473865 0.4339212 0.4431731 0.6688488 0.3840183 0.4898526 0.04294401 0.4898526 0.04294401 0.6688488 0.3840183 0.6370193 0 0.4339212 0.4431731 0.6597129 0.6218159 0.6688488 0.3840183 0.6688488 0.3840183 0.7188642 0 0.6370193 0 0.819541 0.5967447 0.6601213 0.839704 0.8180527 0.9460149 0.819541 0.5967447 0.8172916 0.2043445 0.6688488 0.3840183 1 0.1666666 0.8145652 0.3333333 1 0.4177246 0.8172916 0.2043445 1 0.111642 0.8182988 0 0.819541 0.5967447 1 0.4614146 0.8172916 0.2043445 0.8172916 0.2043445 1 0.4614146 1 0.111642 0 0.1666666 0.2152705 0.1666666 0 0 0 0.3333333 0.2152705 0.1666666 0 0.1666666 0 0.6666668 0.2257556 0.5 0 0.5 0 0.8333333 0.4412977 0.8333334 0 0.6666668 0 1 0.2059638 1 0.4412977 0.8333334 0.2257556 0.5 0.3614621 0.3333333 0 0.3333333 0.2059638 1 0.766366 1 0.4412977 0.8333334 0.2152705 0.1666666 0.8059656 0.1666666 0.766366 0 0.3614621 0.3333333 0.8059656 0.1666666 0.2152705 0.1666666 0.2257556 0.5 0.8175075 0.5 0.3614621 0.3333333 0.4412977 0.8333334 0.7978935 0.6666667 0.3907411 0.6666667 0.766366 1 0.8037797 0.8333333 0.4412977 0.8333334 0.4412977 0.8333334 0.8037797 0.8333333 0.7978935 0.6666667 0.766366 1 0.9992824 1 0.8037797 0.8333333 0.8059656 0.1666666 0.9992824 0 0.766366 0 0.8059656 0.1666666 1 0.1666666 0.9992824 0 0.8175075 0.5 1.00004 0.7911265 1 0.4177246 0.6682022 0.7538562 0.3311896 1 0.6587612 1 -2.4235e-7 0.6119689 0.387816 0.5 1.03341e-5 0.2500672 0.4446912 0.9265817 0.5197345 0.5585268 0.26472 0.7812302 0.4170185 0.280425 0.5634893 0.2607297 0.4369665 0 0.4170185 0.280425 0.5197345 0.5585268 0.5634893 0.2607297 0.5634893 0.2607297 0.6903744 0.01273828 0.4369665 0 0.4446912 0.9265817 0.5841087 0.8998296 0.5197345 0.5585268 0.5197345 0.5585268 0.9987351 0.7708863 0.5634893 0.2607297 0.5841087 0.8998296 1 1 0.9987351 0.7708863 1.1969e-4 0.556018 0.4818838 0.6986775 0.3539884 0.4208064 -1.14143e-5 0.8953822 0.5197672 0.905229 0.4818838 0.6986775 0.3539884 0.4208064 0.519617 0.0445261 -1.11844e-5 -6.87801e-6 0.6721275 0.527978 0.519617 0.0445261 0.3539884 0.4208064 0.519617 0.0445261 0.6781224 0.1666666 0.6739153 0 0.6721275 0.527978 0.6781224 0.1666666 0.519617 0.0445261 0.6739153 0.8680531 0.75 1 0.75 0.7505075 0.75 0.3939377 0.75 0.08272027 0.6781224 0.1666666 0.75 0.7505075 0.75 0.3939377 0.6721275 0.527978 0.75 0.3939377 0.8262657 0.4167578 0.8270173 0.09708851 0.75 0.7505075 0.8297137 0.6666667 0.8262657 0.4167578 0.8270173 0.9167239 0.8297137 0.6666667 0.75 0.7505075 0.8297137 0.6666667 1.000028 0.7377228 0.8262657 0.4167578 0.8270173 0.9167239 1.000028 0.7377228 0.8297137 0.6666667 1 1 1.000028 0.7377228 0.8270173 0.9167239 0.8262657 0.4167578 1 0.4341338 1 0.09079349 -4.2204e-7 0.4388101 0.345693 0.5079372 -8.61891e-7 0.127627 -4.92698e-7 0.7786212 0.3353219 0.7425182 -4.2204e-7 0.4388101 0.3311896 1 0.3353219 0.7425182 -4.92698e-7 0.7786212 0.345693 0.5079372 0.6724661 0.09313333 0.3357694 0.08328866 0.345693 0.5079372 0.6682022 0.7538562 0.6657788 0.412792 0.07742172 0.3333333 0.1277266 0.5 0.1307374 0.3333333 0.6657788 0.412792 1.000036 0.2699545 0.6724661 0.09313333 0.6682022 0.7538562 1.000012 0.6314463 0.6657788 0.412792 0.6657788 0.412792 1.000012 0.6314463 1.000036 0.2699545 0.634525 0.25939 0.5334266 0 2.26841e-5 2.29063e-5 -1.10307e-5 0.2717911 0.7208386 0.5533317 0.634525 0.25939 0.7364557 0.9161348 0.7208386 0.5533317 -1.10307e-5 0.2717911 0.7208386 0.5533317 1.000002 0.6033056 0.9999689 0.2278078 0.9999689 0.2278078 1 0 0.7378107 0 0.7364557 0.9161348 1 0.9169434 1.000002 0.6033056 5.61035e-6 0.3945665 0.9999731 0.1051901 3.53585e-5 0.05543196 5.03135e-5 0.7048556 1.000014 0.4418403 5.61035e-6 0.3945665 0.580504 0.9927261 1.000011 1 0.9999825 0.7971378 -2.46622e-7 0.1666666 0.9993531 0 0 0 0 0.3333333 0.999171 0.3333333 -2.46622e-7 0.1666666 0 0.6666667 0.523716 0.6666667 0 0.5 0 0.8333333 0.523716 0.6666667 0 0.6666667 0.9993531 1 0.5058408 0.8333334 0 0.8333333 0 0.5 0.5058651 0.5 0.999171 0.3333333 0.523716 0.6666667 1.000026 0.5 0.5058651 0.5 0.5058408 0.8333334 1.000026 0.8333333 0.523716 0.6666667 -6.24393e-7 1 0.4689685 0.6197245 -7.24334e-7 0.7284459 -7.24334e-7 0.7284459 0.4689685 0.6197245 -1.36058e-6 0.390469 0.5163366 1 1.000001 1 0.4689685 0.6197245 0.4689685 0.6197245 1.000001 0.7296736 0.5394682 0.3732181 1.000001 0.3927334 1 0.03447687 0.5149875 0.06159853 2.88072e-4 0.2719027 0.9999998 0.2708202 -7.25336e-7 0 0.4681486 1 1 0.9645095 -3.5621e-6 0.6101289 -3.5621e-6 0.6101289 1 0.9645095 1.000001 0.6083304 0 0.2594979 0.3407953 0.3736991 0.3472447 0.08529448 0.3474118 0.7110462 0.3407953 0.3736991 0 0.2594979 -1.51396e-5 0.9156337 0.3474118 0.7110462 0 0.5899809 0.3472447 0.08529448 0.5 0.2492339 0.5 0 0.5 0.5611727 0.5 0.2492339 0.3407953 0.3736991 0.5 0.9167411 0.5 0.5611727 0.3474118 0.7110462 0.6533529 1 0.6589859 0.8333333 0.5 0.9167411 0.5 0.5611727 0.6540752 0.5852854 0.6533529 0.2074822 0.5 0.9167411 0.6589859 0.8333333 0.6540752 0.5852854 0.6533529 1 1.00003 0.9155847 0.6589859 0.8333333 0.6589859 0.8333333 1.00003 0.9155847 0.6540752 0.5852854 1 0.2587415 1 0 0.6533529 0.2074822 0.6540752 0.5852854 1 0.5914044 1 0.2587415 0 1 1.000001 1 4.19813e-7 0.7726381 -5.73785e-7 0.4454189 1.000002 0.4047723 2.34089e-7 0.1059755 4.19813e-7 0.7726381 1 0.7426413 -5.73785e-7 0.4454189 1 0.7426413 1.000002 0.4047723 -5.73785e-7 0.4454189 9.42708e-7 0.2732535 1.000001 0.4286751 1.000001 0.08334445 1 1 0.9999998 0.7500001 0 0.7499987 1 0.4166809 1 0.08015918 0 0.1060565 0 0.7499987 0.9999998 0.7500001 1 0.4166809 1 1 1 0.66464 0 0.8380848 0.9999997 0.3333333 1 0.08016407 0 0.1666666 0 0.4393597 1 0.66464 0.9999997 0.3333333 1 0.4167338 0.9999999 0.07882046 0 0.2499873 0 0.1708518 1 0.2501243 1 0 1 0.5 1 0.2501243 0 0.1708518 -4.67083e-7 0.5833157 0.9999999 0.8413968 1 0.5 0.9999994 0.2500219 1.000001 0 0 0 0 0.328609 1.000001 0.5833325 0.9999994 0.2500219 1 0.9135127 1.000001 0.5833325 0 0.7272766 0 0.07889592 1 0.2502442 1 0 0.9999999 0.5833889 1 0.2502442 0 0.3333333 -2.31031e-7 0.664533 1 0.9241009 0.9999999 0.5833889 0 1 0.07630109 1 -9.85663e-6 0.8333334 -3.89564e-5 0.1666666 0.07630109 0 0 0 -1.07302e-5 0.5333545 0.07742172 0.3333333 0 0.3333333 0.07742172 0.3333333 0.1126838 0.1666666 -3.89564e-5 0.1666666 -9.85663e-6 0.8333334 0.09163153 0.8333333 0.1088746 0.6666668 0.07630109 1 0.1327217 1 0.09163153 0.8333333 0.1126838 0.1666666 0.1327217 0 0.07630109 0 0.3529314 0.8333333 0.2981375 1 0.35602 1 0.1327217 1 0.146536 0.8333333 0.09163153 0.8333333 0.146536 0.8333333 0.2839231 0.6666668 0.1088746 0.6666668 0.1327217 1 0.2978243 0.8333333 0.146536 0.8333333 0.1307374 0.3333333 0.291288 0.1666666 0.1126838 0.1666666 0.146536 0.8333333 0.2978243 0.8333333 0.2839231 0.6666668 0.1327217 1 0.2981375 1 0.2978243 0.8333333 0.291288 0.1666666 0.2981375 0 0.1327217 0 0.1277266 0.5 0.2978084 0.3333333 0.1307374 0.3333333 0.2839231 0.6666668 0.3123638 0.5 0.1277266 0.5 0.2981375 0 0.3529725 0.1666666 0.35602 0 0.3529725 0.1666666 0.2978084 0.3333333 0.3544765 0.3333334 0.2978243 0.8333333 0.3562138 0.6666667 0.2839231 0.6666668 0.3123638 0.5 0.3544765 0.3333334 0.2978084 0.3333333 0.3529725 0.1666666 0.4314516 0.3333333 0.4620024 0.1666666 0.3123638 0.5 0.3722841 0.5 0.3544765 0.3333334 0.4314516 0.3333333 0.5497173 0.5 0.5529133 0.3333333 0.3529314 0.8333333 0.5177187 0.8333334 0.3562138 0.6666667 0.35602 1 0.5536414 1 0.5177187 0.8333334 0.4314516 0.3333333 0.5529133 0.3333333 0.4620024 0.1666666 0.3722841 0.5 0.5607063 0.6666667 0.5497173 0.5 7.04939e-6 0 0.1489844 0.1666666 0.2076666 0 0.5177187 0.8333334 0.5607063 0.6666667 0.3562138 0.6666667 0.5529133 0.3333333 0.5953349 0.1666666 0.4620024 0.1666666 0.5607063 0.6666667 0.7686379 0.5 0.5497173 0.5 0.5177187 0.8333334 0.765015 0.8333333 0.5607063 0.6666667 0.5536414 1 0.7856424 1 0.765015 0.8333333 0.7686379 0.5 0.7650826 0.3333333 0.5529133 0.3333333 0.5607063 0.6666667 0.7883579 0.6666667 0.7686379 0.5 0.765015 0.8333333 0.7883579 0.6666667 0.5607063 0.6666667 0.7686379 0.5 0.9999957 0.3853075 0.7650826 0.3333333 0.765015 0.8333333 1 0.8199216 0.7883579 0.6666667 0.7856424 1 1 1 1 0.8199216 0.7839896 0.1666666 1 0.03937196 0.7856424 0 0.9999957 0.3853075 1 0.03937196 0.7839896 0.1666666 0.7883579 0.6666667 1 0.8199216 0.9999957 0.3853075 0 0.3333333 0.1315093 0.3333334 5.06785e-6 0.1666666 0 0.6666667 0.1260234 0.6666666 0 0.5 -4.3794e-7 0.8333333 0.1260234 0.6666666 0 0.6666667 7.04939e-6 1 0.137954 0.8333333 -4.3794e-7 0.8333333 0 0.5 0.1297208 0.5 0.1315093 0.3333334 7.04939e-6 1 0.2076666 1 0.137954 0.8333333 0.1297208 0.5 0.3312793 0.6666666 0.3306336 0.5 0.1315093 0.3333334 0.1489844 0.1666666 5.06785e-6 0.1666666 0.1489844 0.1666666 0.3279866 0.1666666 0.2076666 0 0.1315093 0.3333334 0.3279866 0.1666666 0.1489844 0.1666666 0.1297208 0.5 0.3306336 0.5 0.1315093 0.3333334 0.3312793 0.6666666 0.5492869 0.5 0.3306336 0.5 0.137954 0.8333333 0.3312793 0.6666666 0.1260234 0.6666666 0.2076666 1 0.3446895 0.8333334 0.137954 0.8333333 0.1315093 0.3333334 0.3423551 0.3333334 0.3279866 0.1666666 0.3279866 0.1666666 0.387983 0 0.2076666 0 0.387983 0 0.5596429 0.1666666 0.5660651 0 0.387983 1 0.5570654 0.8333333 0.3446895 0.8333334 0.3423551 0.3333334 0.5355836 0.3333333 0.3279866 0.1666666 0.6788452 0.8333333 0.5660651 1 0.7413872 1 0.5492869 0.5 0.6745176 0.3333333 0.5355836 0.3333333 0.5660651 0 0.7439956 0.1666666 0.7413872 0 0.6776233 0.5 0.5557015 0.6666666 0.7407562 0.6666667 0.6745176 0.3333333 0.7439956 0.1666666 0.5596429 0.1666666 0.5557015 0.6666666 0.6788452 0.8333333 0.7407562 0.6666667 0.7966231 0 0.7439956 0.1666666 0.7976396 0.1666666 0.7413872 1 0.7568469 0.8333334 0.6788452 0.8333333 0.6745176 0.3333333 0.7440726 0.4293248 0.7439956 0.1666666 0.7407562 0.6666667 0.7440726 0.4293248 0.6776233 0.5 0.7976396 0.1666666 0.7440726 0.4293248 0.7976637 0.3333333 0.8100156 0.7511369 0.891999 1 0.8937347 0.8333334 0.7440726 0.4293248 0.7777778 0.5845617 0.7976637 0.3333333 0.7568469 0.8333334 0.7777778 0.5845617 0.7407562 0.6666667 0.7777778 0.5845617 0.8100156 0.7511369 0.8089337 0.5 0.7976396 0.1666666 0.891999 0 0.7966231 0 0.7976396 0.1666666 0.8940185 0.3333333 0.8940747 0.1666666 0.8089337 0.5 0.8940185 0.3333333 0.7976637 0.3333333 0.8895057 0.5 0.8100156 0.7511369 0.8945261 0.6666668 0.144135 0.7523406 0.2154962 1 0.226629 0.8333333 0.8100156 0.7511369 0.8937347 0.8333334 0.8945261 0.6666668 0.8940747 0.1666666 1.000003 0 0.891999 0 0.8940185 0.3333333 1.000003 0.2751631 0.8940747 0.1666666 0.8945261 0.6666668 1 0.6290391 0.8895057 0.5 0.8937347 0.8333334 1 0.6290391 0.8945261 0.6666668 0.8895057 0.5 1 0.6290391 1.000003 0.2751631 0 1 0.07655811 0.9255313 -9.12914e-6 0.7948569 -2.27302e-5 0.4345725 0.07594734 0.3901864 -6.46687e-6 0.1068534 -6.46687e-6 0.1068534 0.09360295 0.2070678 0.0763176 0 0.09090238 0.7029868 0.07594734 0.3901864 -2.27302e-5 0.4345725 0.07655811 0.9255313 0.1305018 1 0.09090238 0.7029868 0.1400477 0.3907295 0.09360295 0.2070678 0.07594734 0.3901864 0.09090238 0.7029868 0.1400477 0.3907295 0.07594734 0.3901864 0.1305018 1 0.144135 0.7523406 0.09090238 0.7029868 0.1400477 0.3907295 0.1377207 0.09422975 0.09360295 0.2070678 0.09090238 0.7029868 0.144135 0.7523406 0.1400477 0.3907295 0.3454778 0 0.5114728 0.1666666 0.546377 0 0.226629 0.8333333 0.2098819 0.6147037 0.144135 0.7523406 0.3306604 0.6666668 0.3351674 0.5 0.2098819 0.6147037 0.226629 0.8333333 0.3306604 0.6666668 0.2098819 0.6147037 0.3339813 0.1666666 0.3454778 0 0.2168235 -0.02622497 0.226629 0.8333333 0.3813799 0.808691 0.3306604 0.6666668 0.3306604 0.6666668 0.5062254 0.59675 0.3351674 0.5 0.3108048 0.3333333 0.5114728 0.1666666 0.3339813 0.1666666 0.5114728 0.1666666 0.6640247 0.442151 0.6534309 0.1349909 0.546377 1 0.5500314 0.8333333 0.3813799 0.808691 0.3108048 0.3333333 0.5062254 0.59675 0.5114728 0.1666666 0.5500314 0.8333333 0.6795771 1 0.7295934 0.7055723 0.5454797 0.6666666 0.7295934 0.7055723 0.7367299 0.5197804 0.7295934 0.7055723 0.7453187 1 0.7606845 0.8742229 0.6640247 0.442151 0.7447243 0.09559738 0.6534309 0.1349909 0.7980766 0.4399737 0.7295934 0.7055723 0.8072766 0.7733113 0.7367299 0.5197804 0.7578868 0.3333333 0.6640247 0.442151 0.8033738 0.04894363 0.7777778 0 0.7447243 0.09559738 0.7578868 0.3333333 0.8033738 0.04894363 0.7447243 0.09559738 0.7367299 0.5197804 0.7980766 0.4399737 0.7578868 0.3333333 0.124171 0.6666668 0.3248279 0.8333333 0.3255488 0.6666666 0.8087359 1 0.8072766 0.7733113 0.7606845 0.8742229 0.7578868 0.3333333 0.7980766 0.4399737 0.8033738 0.04894363 0.8072766 0.7733113 0.8876287 0.5 0.7980766 0.4399737 0.7980766 0.4399737 0.8911677 0.3333333 0.8887228 0.09834384 0.8892567 1 1.000001 0.8714385 0.894617 0.7127044 0.8911677 0.3333333 1.000002 0.22257 0.8887228 0.09834384 0.8876287 0.5 1.000001 0.5611134 0.8911677 0.3333333 1.000002 0.22257 1 0 0.8887228 0.09834384 -2.74088e-7 1 0.1198615 0.8333334 -2.55864e-7 0.7274869 -2.55864e-7 0.7274869 0.1317136 0.5 -2.46206e-5 0.3883929 0.1198615 0.8333334 0.124171 0.6666668 -2.55864e-7 0.7274869 -2.46206e-5 0.3883929 0.2998442 0.3333333 0.1285557 0.1666666 0.1317136 0.5 0.2998442 0.3333333 -2.46206e-5 0.3883929 0.124171 0.6666668 0.3255488 0.6666666 0.1317136 0.5 0.3443216 1 0.5193992 0.7458967 0.3248279 0.8333333 0.1285557 0.1666666 0.3316739 0.1666666 0.1414784 0 0.1317136 0.5 0.3355173 0.5 0.2998442 0.3333333 0.3255488 0.6666666 0.3355173 0.5 0.1317136 0.5 0.3316739 0.1666666 0.521206 0.3333333 0.5202372 0.08021295 0.521206 0.3333333 0.3355173 0.5 0.5347459 0.4636405 0.3355173 0.5 0.5193992 0.7458967 0.5347459 0.4636405 0.5193992 0.7458967 0.5761447 1 0.575387 0.7467156 0.5202372 0.08021295 0.5347459 0.4636405 0.5756159 0.09413707 0.5756159 0.09413707 0.6743775 0.3917267 0.698456 0.1666666 0.698456 0.1666666 0.6614864 0 0.5756159 0.09413707 0.6743775 0.3917267 0.575387 0.7467156 0.69128 0.6666668 0.698456 0.1666666 0.8620979 0.3333334 0.8655369 0.1666666 0.575387 0.7467156 0.6645567 0.9116703 0.69128 0.6666668 0.8313226 1 0.8266143 0.8333334 0.6645567 0.9116703 0.69128 0.6666668 0.8366416 0.5 0.6743775 0.3917267 0.8653635 0.6666666 1 0.393889 0.8366416 0.5 0.69128 0.6666668 0.8653635 0.6666666 0.8366416 0.5 0.8655369 0.1666666 1 0.1276757 0.8313226 0 0.8620979 0.3333334 1 0.1276757 0.8655369 0.1666666 0.8266143 0.8333334 1 0.7784132 0.8653635 0.6666666 0.8313226 1 1 1 1 0.7784132 4.21027e-6 0.3333333 0.2903211 0.1666666 3.97418e-6 0.1666666 4.21027e-6 0.3333333 0.2217786 0.5 0.2884822 0.3333333 0.2217786 0.5 3.15831e-6 0.6666666 0.282853 0.6666667 0.282853 0.6666667 4.23869e-6 0.8333333 0.2971966 0.8333334 0.2971966 0.8333334 0.3525287 1 0.3555181 0.8333334 2.91161e-5 1 0.2956281 1 0.2971966 0.8333334 0.2217786 0.5 0.3006302 0.5 0.2884822 0.3333333 0.282853 0.6666667 0.3006302 0.5 0.2217786 0.5 0.2956281 0 0.3558835 0.1666666 0.3525287 0 0.3558835 0.1666666 0.2884822 0.3333333 0.3530427 0.3333333 0.3530427 0.3333333 0.3006302 0.5 0.3541277 0.5 0.3006302 0.5 0.352826 0.6666667 0.3541277 0.5 0.2971966 0.8333334 0.352826 0.6666667 0.282853 0.6666667 0.3530427 0.3333333 0.4310444 0.5 0.4727952 0.3333333 0.3525287 1 0.4456213 1 0.3555181 0.8333334 0.3558835 0.1666666 0.4456213 0 0.3525287 0 0.4310444 0.5 0.352826 0.6666667 0.4923663 0.6666668 0.56389 1 0.6508681 0.7875936 0.5485394 0.8333333 0.4456213 1 0.5485394 0.8333333 0.3555181 0.8333334 0.3558835 0.1666666 0.5505053 0.1666666 0.4456213 0 0.4310444 0.5 0.5438463 0.5 0.4727952 0.3333333 0.4923663 0.6666668 0.5438463 0.5 0.4310444 0.5 0.4456213 1 0.56389 1 0.5485394 0.8333333 0.5505053 0.1666666 0.56389 0 0.4456213 0 0.4727952 0.3333333 0.6324501 0.3333333 0.5505053 0.1666666 0.4923663 0.6666668 0.6329106 0.6666667 0.5438463 0.5 0.5485394 0.8333333 0.6329106 0.6666667 0.4923663 0.6666668 0.56389 0 0.6480242 0.1666666 0.667082 0 0.7747496 0 0.7002959 0.1666666 0.7946879 0.1666666 0.5438463 0.5 0.6600106 0.5 0.6324501 0.3333333 0.6324501 0.3333333 0.6868019 0.3333333 0.6480242 0.1666666 0.6329106 0.6666667 0.6508681 0.7875936 0.6600106 0.5 0.6480242 0.1666666 0.7002959 0.1666666 0.667082 0 0.6868019 0.3333333 0.7002959 0.1666666 0.6480242 0.1666666 0.6508681 0.7875936 0.7018934 0.8333333 0.7000949 0.6666666 0.7000949 0.6666666 0.7692988 0.5 0.6600106 0.5 0.667082 1 0.7747496 1 0.7018934 0.8333333 0.7002959 0.1666666 0.7701365 0.3333333 0.7946879 0.1666666 0.7000949 0.6666666 0.7988941 0.8333333 0.8230642 0.6666667 0.7692988 0.5 0.7701365 0.3333333 0.6868019 0.3333333 0.8925443 0.3333334 0.7692988 0.5 1.000004 0.4446038 0.7701365 0.3333333 0.8925443 0.3333334 0.7946879 0.1666666 0.515747 0 0.7652102 0.1666666 0.8129237 0 0.8230642 0.6666667 1.000004 0.4446038 0.7692988 0.5 0.7946879 0.1666666 0.9999039 0.1226639 0.7747496 0 0.8925443 0.3333334 0.9999039 0.1226639 0.7946879 0.1666666 0.8230642 0.6666667 0.9999665 0.7942718 1.000004 0.4446038 7.07755e-6 0.6666667 0.09121257 0.52992 -3.26127e-7 0.3881345 -3.26127e-7 0.3881345 0.09121257 0.52992 2.09438e-6 0.1023139 0.09121257 0.52992 0.1985257 0.1666666 2.09438e-6 0.1023139 7.07755e-6 0.6666667 0.1498129 0.6466502 0.09121257 0.52992 0.1498129 0.6466502 0.3092499 0.5 0.09121257 0.52992 0.1237736 1 0.3061806 1 0.1498129 0.6466502 0.3061806 1 0.3505982 0.8333333 0.1498129 0.6466502 0.09121257 0.52992 0.3754295 0.3333334 0.1985257 0.1666666 0.3754295 0.3333334 0.4911268 0.1666666 0.1985257 0.1666666 0.3061806 1 0.515747 1 0.3505982 0.8333333 0.515747 1 0.6344825 0.8333333 0.3505982 0.8333333 0.3092499 0.5 0.551306 0.5 0.3754295 0.3333334 0.515747 1 0.8129237 1 0.6344825 0.8333333 0.5731506 0.3333334 0.7861962 0.5 0.8265875 0.3333333 0.5731506 0.3333334 0.7652102 0.1666666 0.4911268 0.1666666 0.2984251 0.5492557 0.3523431 0.8333333 0.3649143 0.5454212 0.5488387 0.6666668 0.7861962 0.5 0.551306 0.5 0.5488387 0.6666668 0.7757313 0.6612209 0.7861962 0.5 0.6344825 0.8333333 0.7757313 0.6612209 0.5488387 0.6666668 0.7652102 0.1666666 0.999985 0.2022442 0.8129237 0 0.7861962 0.5 0.9999914 0.596749 0.8265875 0.3333333 0.8129237 1 1 0.9610767 0.7757313 0.6612209 0.999985 0.2022442 1 0 0.8129237 0 0.9999914 0.596749 0.999985 0.2022442 0.8265875 0.3333333 0.7757313 0.6612209 1 0.9610767 0.9999914 0.596749 -1.61987e-5 1 0.07645386 0.8333333 -1.84503e-5 0.7323092 -7.92851e-6 0.368032 0.09110462 0.005827069 -1.01989e-5 0.06173145 0.09162563 1 0.1250211 0.7170968 0.07645386 0.8333333 0.0917012 0.3333333 0.1379041 0.1666666 0.09110462 0.005827069 0.07636457 0.5701386 0.1351001 0.4588773 0.0917012 0.3333333 0.07636457 0.5701386 0.1250211 0.7170968 0.1351001 0.4588773 0.0917012 0.3333333 0.1351001 0.4588773 0.1379041 0.1666666 0.1461814 0.911685 0.2205178 0.5879145 0.1250211 0.7170968 0.1379041 0.1666666 0.2949184 0 0.147239 0 0.1461814 0.911685 0.2960385 0.9125112 0.2205178 0.5879145 0.2960385 0.9125112 0.2984251 0.5492557 0.2205178 0.5879145 0.2960385 0.9125112 0.3464927 1 0.3523431 0.8333333 0.297919 0.2610314 0.3520768 0.3673934 0.3462336 0.09454101 0.3649143 0.5454212 0.3520768 0.3673934 0.2984251 0.5492557 0.5215665 0.06755048 0.5705216 0.3760852 0.5750823 0.09445518 0.3520768 0.3673934 0.4356723 0.05436515 0.3462336 0.09454101 0.4343265 1 0.4457265 0.7506976 0.3523431 0.8333333 0.4343265 1 0.5209283 1 0.4457265 0.7506976 0.4445365 0.4280298 0.5215991 0.3333333 0.4356723 0.05436515 0.4457265 0.7506976 0.5245656 0.5280128 0.4445365 0.4280298 0.5432505 0.8333333 0.5245656 0.5280128 0.4457265 0.7506976 0.5209283 1 0.5758493 1 0.5432505 0.8333333 0.5705216 0.3760852 0.5926587 0.7404099 0.6008759 0.4807561 0.5758493 1 0.5926587 0.7404099 0.5432505 0.8333333 0.5750823 0.09445518 0.6008759 0.4807561 0.7277808 0.1666666 0.7277808 0.1666666 0.6421401 0 0.5750823 0.09445518 0.7277808 0.1666666 0.7777778 0 0.7404875 0 0.6435152 0.9090112 0.7513743 0.6666667 0.5926587 0.7404099 0.7513743 0.6666667 0.7500889 0.3970843 0.6008759 0.4807561 0.1869199 0 0.2286002 0.3380464 0.241414 0 0.7500889 0.3970843 0.8072521 0.04360967 0.7277808 0.1666666 0.7405074 0.9144194 0.7777778 0.9172783 0.7513743 0.6666667 0.8103645 1 0.8121046 0.7472611 0.7777778 0.9172783 0.7500889 0.3970843 0.8021563 0.4434489 0.8072521 0.04360967 0.8121046 0.7472611 0.884516 0.4667243 0.8021563 0.4434489 0.884516 0.4667243 0.8941304 0.2952181 0.8021563 0.4434489 0.8971266 0.9166405 0.884516 0.4667243 0.8121046 0.7472611 0.8941304 0.2952181 1 0.03888922 0.8983921 0 0.884516 0.4667243 1 0.3883879 0.8941304 0.2952181 1 0.3883879 1 0.03888922 0.8941304 0.2952181 0.884516 0.4667243 1 0.7727814 1 0.3883879 2.93961e-4 0.960601 0.1840298 0.6666667 1.28419e-6 0.5580344 0.1209445 0.3686272 0.1888634 0.1666666 1.27886e-6 0.2215611 0.1221328 1 0.1875822 0.9038919 2.93961e-4 0.960601 0.1209445 0.3686272 0.1884111 0.4277825 0.1888634 0.1666666 0.1840298 0.6666667 0.1884111 0.4277825 0.1209445 0.3686272 0.1840298 0.6666667 0.2286002 0.3380464 0.1884111 0.4277825 0.1840298 0.6666667 0.2420887 0.9101095 0.2417297 0.6666668 0.241414 0 0.3244492 0.1715753 0.3363537 0 0.3365612 0.5841678 0.2420887 0.9101095 0.3365559 0.9042416 0.3365612 0.5841678 0.3244492 0.1715753 0.2548359 0.4261295 0.3365612 0.5841678 0.5656551 0.3333333 0.3244492 0.1715753 0.3365559 0.9042416 0.5519244 0.6666667 0.3365612 0.5841678 0.5808467 0.8333333 0.7867898 1 0.7848514 0.8217998 0.3365559 0.9042416 0.5808467 0.8333333 0.5519244 0.6666667 0.5751639 0.5 0.7826002 0.3841702 0.5656551 0.3333333 0.5519244 0.6666667 0.7848514 0.8217998 0.5751639 0.5 0.9234146 0.5958294 0.8687982 0.9228923 0.923231 0.9308212 0.7848514 0.8217998 0.7826002 0.3841702 0.5751639 0.5 0.7864831 0.07048165 0.855283 0.2648927 0.8684644 0 0.8686633 0.5735749 0.855283 0.2648927 0.7826002 0.3841702 0.8687982 0.9228923 0.8686633 0.5735749 0.7848514 0.8217998 0.855283 0.2648927 0.911863 0.2613249 0.8684644 0 0.8686633 0.5735749 0.911863 0.2613249 0.855283 0.2648927 0.911863 0.2613249 0.9227574 0 0.8684644 0 0.8686633 0.5735749 0.9234146 0.5958294 0.911863 0.2613249 -3.93595e-5 0.8333333 0.1125631 1 0.1137505 0.8333333 0.9234146 0.5958294 1.000016 0.5634798 0.911863 0.2613249 0.923231 0.9308212 1.000008 0.8663061 0.9234146 0.5958294 1.000016 0.2309008 1 0 0.9227574 0 -1.11763e-5 0.3333333 0.09086441 0.5 0.1114463 0.3333333 -1.11763e-5 0.3333333 0.1114463 0.3333333 0.1085843 0.1666666 -3.53952e-5 0.6666667 0.09086441 0.5 -1.23653e-5 0.5 -3.53952e-5 0.6666667 0.1137505 0.8333333 0.113261 0.6666667 0.1114463 0.3333333 0.2414315 0.1666666 0.1085843 0.1666666 0.783749 0.3333333 1 0.5711094 1.000003 0.3333333 0.1530038 0.5 0.2751718 0.3333334 0.1114463 0.3333333 0.1137505 0.8333333 0.2537069 0.8333334 0.113261 0.6666667 0.113261 0.6666667 0.309544 0.6666667 0.1530038 0.5 0.2751718 0.3333334 0.5314377 0.1666666 0.2414315 0.1666666 0.2751718 0.3333334 0.5660122 0.3333333 0.5314377 0.1666666 0.4832955 0.5 0.5660122 0.3333333 0.2751718 0.3333334 0.5314377 0.1666666 0.5884589 0 0.3424645 0 0.309544 0.6666667 0.5715748 0.6666667 0.4832955 0.5 0.5314377 0.1666666 0.7731444 0.1666666 0.5884589 0 0.5715748 0.6666667 0.768158 0.5 0.4832955 0.5 0.5884589 1 0.7767176 0.8333333 0.5506795 0.8333333 0.5506795 0.8333333 0.7767176 0.8333333 0.5715748 0.6666667 0.5715748 0.6666667 0.790032 0.6666667 0.768158 0.5 0.7731444 0.1666666 0.7957722 0 0.5884589 0 0.7731444 0.1666666 0.9999997 0.09100151 0.7957722 0 -3.55043e-5 0 0.07864105 0.1666666 0.112569 0 0.9999887 0.8333333 1 0.5711094 0.790032 0.6666667 0 0.8333333 0.109199 0.8333333 -1.32541e-5 0.6348689 -3.55043e-5 1 0.112569 1 0.109199 0.8333333 -1.56099e-5 0.1666666 0.07543963 0.3333333 0.07864105 0.1666666 0.07864105 0.1666666 0.1306182 0.3333333 0.1343551 0.1666666 0.1124224 0.5 0.07543963 0.3333333 -2.06475e-5 0.3333333 0.07864105 0.1666666 0.1343551 0.1666666 0.112569 0 0.1132633 0.6666668 0.2189534 0.8333333 0.2685856 0.6666667 0.1124224 0.5 0.1306182 0.3333333 0.07543963 0.3333333 0.112569 1 0.2189534 0.8333333 0.109199 0.8333333 0.1306182 0.3333333 0.2491065 0.3333333 0.1343551 0.1666666 0.1132633 0.6666668 0.2685856 0.6666667 0.1124224 0.5 0.3525604 0.3333333 0.2987152 0.5 0.3542358 0.5 0.112569 1 0.3314551 1 0.2189534 0.8333333 0.1343551 0.1666666 0.3314551 0 0.112569 0 0.1343551 0.1666666 0.330049 0.1666666 0.3314551 0 0.2491065 0.3333333 0.330049 0.1666666 0.1343551 0.1666666 0.2685856 0.6666667 0.2987152 0.5 0.1124224 0.5 0.3314551 1 0.3337166 0.8333334 0.2189534 0.8333333 0.2491065 0.3333333 0.3525604 0.3333333 0.330049 0.1666666 0.2987152 0.5 0.3536087 0.6666668 0.3542358 0.5 0.3337166 0.8333334 0.4541004 1 0.4718765 0.8333333 0.3337166 0.8333334 0.3536087 0.6666668 0.2685856 0.6666667 0.330049 0.1666666 0.4541004 0 0.3314551 0 0.330049 0.1666666 0.4833092 0.3333333 0.4994791 0.1666666 0.3525604 0.3333333 0.4527832 0.5 0.4833092 0.3333333 0.4527832 0.5 0.3536087 0.6666668 0.507902 0.6666667 0.3536087 0.6666668 0.4718765 0.8333333 0.507902 0.6666667 0.5954817 0 0.7654099 0.1666666 0.7603015 0 0.4527832 0.5 0.6079285 0.5 0.4833092 0.3333333 0.507902 0.6666667 0.6079285 0.5 0.4527832 0.5 0.6079285 0.5 0.7208979 0.3333333 0.4833092 0.3333333 0.4718765 0.8333333 0.648491 0.8333333 0.507902 0.6666667 0.5954817 1 0.7603015 1 0.648491 0.8333333 0.7911143 0.8645038 0.8701521 1 0.8918319 0.8333333 0.648491 0.8333333 0.7911143 0.8645038 0.507902 0.6666667 0.7603015 1 0.7911143 0.8645038 0.648491 0.8333333 0.7654099 0.1666666 0.8693476 0.4129141 0.8691251 0.08656883 0.7911143 0.8645038 0.8693476 0.4129141 0.7717108 0.5 0.07696193 0.3333333 -1.7133e-5 0.5 0.09047144 0.5 0.8918319 0.8333333 0.8690062 0.6666667 0.7911143 0.8645038 0.8701521 1 0.9239264 1 0.8918319 0.8333333 0.9232164 0.236244 0.9239264 0 0.8691251 0.08656883 0.923686 0.5696907 0.9232164 0.236244 0.8693476 0.4129141 0.9239264 1 1.000009 1 0.8918319 0.8333333 0.9232164 0.236244 1.000007 0.0347858 0.9239264 0 0.923686 0.5696907 1.00002 0.4018211 0.9232164 0.236244 1.00002 0.4018211 1.000007 0.0347858 0.9232164 0.236244 -1.54249e-5 1 0.1095474 0.8333334 0 0.8333333 -1.02964e-5 0.3333333 0.07696193 0.3333333 0.1086465 0.1666666 -1.7133e-5 0.5 0.09107059 0.6666668 0.09047144 0.5 0.1440535 0.5 0.09107059 0.6666668 0.1761102 0.6666667 0.1095474 0.8333334 0.09107059 0.6666668 -4.21328e-5 0.6666667 0.07696193 0.3333333 0.1350016 0.3333333 0.1086465 0.1666666 0.09047144 0.5 0.1350016 0.3333333 0.07696193 0.3333333 0.2318657 0.8333333 0.112941 1 0.2299373 1 0.112941 0 0.2393258 0.1666666 0.2299373 0 0.2299373 1 0.4383676 0.8333333 0.2318657 0.8333333 0.1350016 0.3333333 0.2393258 0.1666666 0.1086465 0.1666666 0.1095474 0.8333334 0.2318657 0.8333333 0.1761102 0.6666667 0.1350016 0.3333333 0.3495359 0.3333334 0.2393258 0.1666666 0.3495359 0.3333334 0.4315454 0.1666666 0.2393258 0.1666666 0.1761102 0.6666667 0.4337381 0.6666666 0.2349507 0.5 0.4383676 0.8333333 0.5235802 1 0.551582 0.8333333 0.4315454 0.1666666 0.4486335 0 0.2299373 0 0.4337381 0.6666666 0.4500138 0.5 0.2349507 0.5 0.4500138 0.5 0.5475558 0.3333333 0.3495359 0.3333334 0.4486335 0 0.5209789 0.1666666 0.5235802 0 0.4500138 0.5 0.5489036 0.6666667 0.5522812 0.5 0.5475558 0.3333333 0.5209789 0.1666666 0.4315454 0.1666666 0.5489036 0.6666667 0.4383676 0.8333333 0.551582 0.8333333 0.5235802 0 0.5718384 0.1666666 0.5729289 0 0.5235802 1 0.5729289 1 0.551582 0.8333333 0.6500864 0.3333333 0.5522812 0.5 0.6491477 0.5 0.5475558 0.3333333 0.5718384 0.1666666 0.5209789 0.1666666 0.5729289 1 0.6660752 0.8333333 0.551582 0.8333333 0.5475558 0.3333333 0.6500864 0.3333333 0.5718384 0.1666666 0.5522812 0.5 0.6513726 0.6666667 0.6491477 0.5 0.5489036 0.6666667 0.6660752 0.8333333 0.6513726 0.6666667 0.6711206 0 0.5718384 0.1666666 0.6767558 0.1666666 0.6500864 0.3333333 0.7054776 0.5 0.7146829 0.3333334 0.7054776 0.5 0.6513726 0.6666667 0.7366696 0.6666667 0.852259 0.0715847 0.7146829 0.3333334 0.8879563 0.3333333 0.6660752 0.8333333 0.8093397 0.8333333 0.7366696 0.6666667 1.81527e-5 0.3333333 0.2254664 0.5 0.3134429 0.3333333 0.9088096 0.1666666 0.9133906 0 0.852259 0.0715847 0.8879563 0.3333333 0.9088096 0.1666666 0.852259 0.0715847 0.8093397 0.8333333 0.9118035 0.9321359 0.8693929 0.5825177 0.8693929 0.5825177 0.9239773 0.5984461 0.8879563 0.3333333 0.9118035 0.9321359 0.9239773 0.5984461 0.8693929 0.5825177 0.9088096 0.1666666 1.000016 0.225468 0.9133906 0 0.9239773 0.5984461 1.000006 0.5350804 0.8879563 0.3333333 1.000015 0.8993995 1.000006 0.5350804 0.9239773 0.5984461 0 0.1666666 0.1534106 0.1666666 2.98777e-5 0 2.43415e-6 0.6666667 0.2101339 0.6666667 4.42657e-6 0.5 2.98777e-5 1 0.2714062 1 3.03053e-5 0.8333333 1.81527e-5 0.3333333 0.3134429 0.3333333 0.1534106 0.1666666 0.2254664 0.5 0.3329545 0.6666667 0.3347954 0.5 0.2101339 0.6666667 0.2254664 0.5 4.42657e-6 0.5 0.2714062 1 0.3326638 0.8333333 3.03053e-5 0.8333333 0.1534106 0.1666666 0.2993666 0.1666666 0.2714062 0 0.3526221 0 0.2993666 0.1666666 0.3561032 0.1666666 0.2714062 1 0.3526221 1 0.3326638 0.8333333 0.3526221 1 0.4416405 0.8333333 0.3326638 0.8333333 0.3134429 0.3333333 0.3561032 0.1666666 0.2993666 0.1666666 0.3134429 0.3333333 0.3688281 0.3333333 0.3561032 0.1666666 0.3329545 0.6666667 0.4416405 0.8333333 0.4879487 0.6666667 0.3561032 0.1666666 0.4986075 0 0.3526221 0 0.3329545 0.6666667 0.4879487 0.6666667 0.3347954 0.5 0.3688281 0.3333333 0.5169461 0.5 0.4938269 0.3333333 0.5742697 0.3333334 0.5169461 0.5 0.576184 0.5 0.3561032 0.1666666 0.5517165 0.1666666 0.4986075 0 0.4986075 1 0.5561411 0.8333333 0.4416405 0.8333333 0.4938269 0.3333333 0.5742697 0.3333334 0.5517165 0.1666666 0.5169461 0.5 0.5755134 0.6666667 0.576184 0.5 0.6930679 0.8333333 0.574466 1 0.6890471 1 0.5561411 0.8333333 0.5755134 0.6666667 0.4879487 0.6666667 0.574466 0 0.6851921 0.1666666 0.6890471 0 0.5742697 0.3333334 0.6851921 0.1666666 0.5517165 0.1666666 0.5742697 0.3333334 0.6804119 0.5 0.7006021 0.3333334 0.6804119 0.5 0.5755134 0.6666667 0.6871328 0.6666667 0.5755134 0.6666667 0.6930679 0.8333333 0.6871328 0.6666667 0.8652611 0.8333334 0.6890471 1 0.8720074 1 0.6851921 0.1666666 0.8720074 0 0.6890471 0 0.6851921 0.1666666 0.8618695 0.3333333 1.000061 0.1037675 0.7006021 0.3333334 0.8642256 0.5 0.8618695 0.3333333 0.6871328 0.6666667 0.8652611 0.8333334 0.9991397 0.8322901 0.6871328 0.6666667 0.9991397 0.8322901 0.8642256 0.5 0.9991397 0.8322901 0.8720074 1 1 1 0.8618695 0.3333333 1 0.4383056 1.000061 0.1037675 0.8642256 0.5 1 0.4383056 0.8618695 0.3333333 0 0.6666667 0.1142914 0.8333333 0.1129112 0.6666668 0.106402 1 0.1142914 0.8333333 0 0.9403479 -6.88218e-7 0.1666666 0.106402 0 0 0 0 0.6666667 0.1129112 0.6666668 4.56254e-5 0.5 0.2220645 0.8333333 0.106402 1 0.2226459 1 4.56254e-5 0.5 0.187839 0.3333333 2.7159e-5 0.3333333 0.2226459 0 0.1114024 0.1666666 0.2156356 0.1666666 0.1129112 0.6666668 0.2233256 0.5 4.56254e-5 0.5 0.1129112 0.6666668 0.2220645 0.8333333 0.2230498 0.6666667 0.2220645 0.8333333 0.3838903 1 0.3771539 0.8333334 0.187839 0.3333333 0.245938 0.3333333 0.2156356 0.1666666 0.2233256 0.5 0.245938 0.3333333 0.187839 0.3333333 0.245938 0.3333333 0.3553778 0.1666666 0.2156356 0.1666666 0.3664554 0.6666667 0.2220645 0.8333333 0.3771539 0.8333334 0.3553778 0.1666666 0.3838903 0 0.2226459 0 0.2230498 0.6666667 0.3664554 0.6666667 0.2233256 0.5 0.245938 0.3333333 0.3574141 0.5 0.3508124 0.3333333 0.3574141 0.5 0.5168791 0.3333333 0.3508124 0.3333333 0.5561977 0.8333334 0.3838903 1 0.5561537 1 0.3838903 0 0.5559458 0.1666666 0.5561537 0 0.3771539 0.8333334 0.5476093 0.6666666 0.3664554 0.6666667 0.5168791 0.3333333 0.5752512 0.5 0.5754046 0.3333333 0.5168791 0.3333333 0.5754046 0.3333333 0.5559458 0.1666666 0.5561977 0.8333334 0.6645742 1 0.6720901 0.8333333 0.5476093 0.6666666 0.5752512 0.5 0.5148141 0.5 0.5476093 0.6666666 0.6696708 0.6666667 0.5752512 0.5 0.5561537 0 0.6722996 0.1666666 0.6645742 0 0.5754046 0.3333333 0.6722996 0.1666666 0.5559458 0.1666666 0.6677032 0.3333333 0.5752512 0.5 0.6689299 0.5 0.6720901 0.8333333 0.7844874 1 0.7841055 0.8333333 0.5561977 0.8333334 0.6720901 0.8333333 0.6696708 0.6666667 0.7844874 0 0.6722996 0.1666666 0.7842556 0.1666666 0.6722996 0.1666666 0.7860605 0.3333333 0.7842556 0.1666666 0.7860605 0.3333333 0.6689299 0.5 0.7841917 0.579815 0.6696708 0.6666667 0.7841055 0.8333333 0.7841917 0.579815 6.35748e-6 0.2798296 0.1567571 0.6423497 0.2120183 0.3333333 0.7842556 0.1666666 0.8695231 0.1666666 0.7844874 0 0.7860605 0.3333333 0.8695231 0.1666666 0.7842556 0.1666666 0.8707633 0.7529358 0.891804 0.5 0.7841917 0.579815 0.7844874 1 0.8957724 1 0.8707633 0.7529358 0.891804 0.5 0.8956866 0.3333334 0.7860605 0.3333333 0.8957724 1 0.9234957 0.7623766 0.8707633 0.7529358 0.8707633 0.7529358 0.9234957 0.7623766 0.891804 0.5 0.923405 0.1666666 1.000018 0.06697231 0.8957724 0 0.8956866 0.3333334 1.00001 0.3904842 0.923405 0.1666666 0.9234957 0.7623766 1.000006 0.7024219 0.891804 0.5 1.000031 1 1.000006 0.7024219 0.9234957 0.7623766 4.152e-6 0.9455708 0.1964138 1 0.1799662 0.8333333 0.1964138 0 0.3425571 0.2404928 0.3123097 0 0.3425571 0.2404928 0.2120183 0.3333333 0.309794 0.4562274 0.2896183 0.6666667 0.3562874 0.8817941 0.3672179 0.5128322 0.2896183 0.6666667 0.309794 0.4562274 0.1567571 0.6423497 0.4459829 0.8721529 0.5382381 0.6373812 0.4449167 0.6666667 0.3425571 0.2404928 0.366559 0 0.3123097 0 0.309794 0.4562274 0.3672179 0.5128322 0.3425571 0.2404928 0.3562874 0.8817941 0.4459829 0.8721529 0.4449167 0.6666667 0.4474799 0.2362537 0.4513449 0 0.366559 0 0.3672179 0.5128322 0.5382381 0.6373812 0.4474799 0.2362537 0.4459829 0.8721529 0.5502051 1 0.5518458 0.8333333 0.5382381 0.6373812 0.5365466 0.2295475 0.4474799 0.2362537 0.5502051 1 0.6351695 0.734589 0.5518458 0.8333333 0.4474799 0.2362537 0.5365466 0.2295475 0.5683602 0.07612991 0.5705123 0.3914521 0.5683602 0.07612991 0.5365466 0.2295475 0.5705123 0.3914521 0.6351695 0.734589 0.649634 0.428475 0.5705123 0.3914521 0.6383973 0.03227156 0.5683602 0.07612991 0.7007517 0.09285205 0.649634 0.428475 0.7012074 0.4144734 0.6351695 0.734589 0.6999374 0.7939606 0.649634 0.428475 0.6351695 0.734589 0.6666667 0.9163765 0.6999374 0.7939606 0.6666667 0.9163765 0.7000012 1 0.6999374 0.7939606 0.7958338 0.2562774 0.9999961 0.5861511 0.9999918 0.2439384 0.6999374 0.7939606 0.7012074 0.4144734 0.649634 0.428475 0.7007517 0.09285205 0.7958338 0.2562774 0.7799035 0 0.7012074 0.4144734 0.7888941 0.5910578 0.7958338 0.2562774 0.6999374 0.7939606 0.812111 0.8837763 0.7888941 0.5910578 0.7958338 0.2562774 0.9999918 0.2439384 0.7799035 0 0.9999918 0.2439384 0.9999954 0 0.7799035 0 0.9999961 0.5861511 0.812111 0.8837763 0.9999967 0.9174682 0.3253203 0 0.420084 0.2816779 0.4453719 0 1.96654e-5 1 0.327048 0.8333333 1.29968e-5 0.7971768 1.28292e-5 0.4274644 0.2402139 0.5 0.4369687 0.4925433 0.2206048 0.6666667 0.2402139 0.5 1.28292e-5 0.4274644 -4.65622e-5 0.1666666 0.3324183 0.1666666 1.96654e-5 0 0.4369687 0.4925433 0.3324183 0.1666666 -4.65622e-5 0.1666666 0.4369687 0.4925433 0.420084 0.2816779 0.3324183 0.1666666 0.327048 0.8333333 0.4445225 0.6664424 0.2206048 0.6666667 0.4693873 0.2175387 0.5609516 0 0.4453719 0 0.327048 0.8333333 0.4393424 0.8414397 0.4445225 0.6664424 0.420084 0.2816779 0.4693873 0.2175387 0.4453719 0 0.4445225 0.6664424 0.5586522 0.904019 0.5805136 0.6666666 0.4369687 0.4925433 0.4445225 0.6664424 0.4693873 0.2175387 0.5622739 0.2239619 0.88557 0.5 0.8841858 0.3333333 0.5622739 0.2239619 0.8832148 0.1666666 0.5609516 0 0.8832148 0.1666666 0.884557 0 0.5609516 0 0.8841858 0.3333333 1.000014 0.604296 1 0.26335 0.8585981 0.8333334 0.8854624 0.6666667 0.5805136 0.6666666 0.884557 1 1.000019 0.9365001 0.9235094 0.8333333 0.9235094 0.8333333 1.000014 0.604296 0.8854624 0.6666667 0.8832148 0.1666666 1 0.26335 1.00003 0 0.07718098 0 0.1306024 0.2557318 0.1340114 0 -2.1971e-5 0.4338533 0.07682299 0.2639886 -1.11855e-5 0.1353904 -1.64458e-5 0.7673227 0.08852088 0.5982397 -2.1971e-5 0.4338533 -2.1971e-5 0.4338533 0.08852088 0.5982397 0.07682299 0.2639886 0.1441498 0.5920943 0.2272838 0.2493376 0.1306024 0.2557318 0.1306024 0.2557318 0.2272838 0.2493376 0.1340114 0 0.7735745 0.8333333 0.5593306 1 0.7798652 1 0.2304829 0.8029099 0.2382692 0.5 0.1441498 0.5920943 0.1318246 0.9018999 0.3319755 1 0.2304829 0.8029099 0.2304829 0.8029099 0.3349067 0.6675401 0.2382692 0.5 0.3319755 1 0.3349067 0.6675401 0.2304829 0.8029099 0.3349067 0.6675401 0.4552461 0.5 0.2382692 0.5 0.3319755 1 0.5497131 0.8333333 0.3349067 0.6675401 0.5436149 0.3333333 0.5527012 0.1666666 0.3750804 0.2803054 0.3349067 0.6675401 0.5487822 0.6666666 0.4552461 0.5 0.3349067 0.6675401 0.5497131 0.8333333 0.5487822 0.6666666 0.3319755 1 0.5593306 1 0.5497131 0.8333333 0.5487822 0.6666666 0.7334733 0.5 0.4552461 0.5 0.5436149 0.3333333 0.772176 0.3333333 0.5527012 0.1666666 0.5487822 0.6666666 0.7772958 0.6666667 0.7334733 0.5 0.5497131 0.8333333 0.7772958 0.6666667 0.5487822 0.6666666 0.5593306 0 0.7713001 0.1666666 0.7798652 0 0.1064773 0 0.2153248 0.1666666 0.2227882 0 0.772176 0.3333333 0.9999995 0.1666666 0.7713001 0.1666666 0.7334733 0.5 0.9999995 0.4596738 0.772176 0.3333333 0.7735745 0.8333333 0.9999997 0.8863466 0.7772958 0.6666667 0.9999995 0.1666666 1 0 0.7798652 0 0.772176 0.3333333 0.9999995 0.4596738 0.9999995 0.1666666 0.7772958 0.6666667 1 0.6666667 0.9999995 0.4596738 0.9999997 0.8863466 1 0.6666667 0.7772958 0.6666667 -3.22833e-7 1 0.1131685 0.7549462 -2.09238e-7 0.7274343 -2.09238e-7 0.7274343 0.1554481 0.5443021 3.79132e-5 0.38823 0.1554481 0.5443021 0.1865989 0.3333334 3.79132e-5 0.38823 0.3499464 0.5 0.2380699 0.7408002 0.3447059 0.6666667 0.1768317 0.8567319 0.1554481 0.5443021 0.1131685 0.7549462 0.2380699 0.7408002 0.241729 0.4122769 0.1554481 0.5443021 0.2227882 1 0.3347797 0.8333333 0.2380699 0.7408002 0.241729 0.4122769 0.3409289 0.1666666 0.2153248 0.1666666 0.3409289 0.1666666 0.3530609 0 0.2227882 0 0.241729 0.4122769 0.3499464 0.5 0.3363234 0.3333333 0.3530609 1 0.5570349 0.8333333 0.3347797 0.8333333 0.3530609 0 0.5545553 0.1666666 0.5668636 0 0.3409289 0.1666666 0.5557492 0.3333333 0.5545553 0.1666666 0.5557492 0.3333333 0.3499464 0.5 0.554156 0.5 0.3499464 0.5 0.5588504 0.6666667 0.554156 0.5 0.3447059 0.6666667 0.5570349 0.8333333 0.5588504 0.6666667 0.5557492 0.3333333 0.7372527 0.09366148 0.5545553 0.1666666 0.5668636 1 0.7390766 0.8333334 0.5570349 0.8333333 0.7401642 0.4113451 0.5588504 0.6666667 0.7763119 0.6666667 0.5588504 0.6666667 0.7390766 0.8333334 0.7763119 0.6666667 0.7984603 0 0.8926529 0.2427927 0.8889213 0 0.7372527 0.09366148 0.796788 0.2476487 0.7984603 0 0.7974305 0.5 0.796788 0.2476487 0.7401642 0.4113451 0.7763119 0.6666667 0.7974305 0.5 0.7401642 0.4113451 0.8889213 1 0.8924698 0.7599343 0.7973669 0.9206391 0.8926529 0.2427927 0.7974305 0.5 0.8921063 0.5 0.7974305 0.5 0.8924698 0.7599343 0.8921063 0.5 0.8924698 0.7599343 1 1 1.000001 0.7219915 0.8921063 0.5 1.000001 0.3720841 0.8926529 0.2427927 0.5465119 0.1666666 0.6362596 0.3698713 0.6322062 0.1666666 1.000001 0.7219915 1.000001 0.3720841 0.8921063 0.5 3.65848e-6 1 0.2265896 1 1.23206e-5 0.7880563 4.75994e-5 0.2057414 0.2265896 0 3.65848e-6 0 1.23206e-5 0.7880563 0.2829058 0.6666668 1.31919e-5 0.5 4.75994e-5 0.2057414 0.3088259 0.1666666 0.2265896 0 0.2829058 0.6666668 0.2990245 0.4918785 1.31919e-5 0.5 1.23206e-5 0.7880563 0.3218768 0.8333333 0.2829058 0.6666668 0.3218768 0.8333333 0.5590208 0.8333333 0.2829058 0.6666668 0.2990245 0.4918785 0.5555399 0.5814306 0.3979448 0.3333333 0.5590208 0.8333333 0.5555399 0.5814306 0.2829058 0.6666668 0.5465119 0.1666666 0.6322062 0.1666666 0.5257943 0 0.5590208 0.8333333 0.6593602 1 0.6661788 0.8333333 0.5555399 0.5814306 0.6362596 0.3698713 0.3979448 0.3333333 0.6675609 0.6666668 0.5590208 0.8333333 0.6661788 0.8333333 0.6675609 0.6666668 0.6362596 0.3698713 0.5555399 0.5814306 0.6322062 0.1666666 0.6835342 0.3483432 0.684818 0.1666666 0.6322062 0.1666666 0.684818 0.1666666 0.6593602 0 0.6675609 0.6666668 0.7793743 0.927081 0.7806131 0.616722 0.684818 0.1666666 0.778658 0 0.6593602 0 0.6835342 0.3483432 0.7775596 0.2607772 0.684818 0.1666666 0.6835342 0.3483432 0.7806131 0.616722 0.7775596 0.2607772 0.9061025 0 0.7775596 0.2607772 0.9999225 0.06096619 0.7806131 0.616722 0.8976563 0.44231 0.7775596 0.2607772 0.7806131 0.616722 0.905112 0.9062077 1.000036 0.722485 0.7775596 0.2607772 0.8976563 0.44231 0.9999225 0.06096619 0.1267936 0.1666666 0.3257835 0.3333334 0.3246524 0.1666666 0.8976563 0.44231 1.000001 0.3716829 0.9999225 0.06096619 1.000036 0.722485 1.000001 0.3716829 0.8976563 0.44231 -3.27702e-7 0.2056885 0.1286261 0 0 0 -3.24761e-7 0.8945827 0.1337381 0.6666666 -1.59457e-7 0.5545945 0.1286261 1 0.1299239 0.8333333 -3.24761e-7 0.8945827 -1.59457e-7 0.5545945 0.1244775 0.5 0.1214155 0.3333333 0.1267936 0.1666666 0.3246524 0.1666666 0.1286261 0 0.1244775 0.5 0.3257835 0.3333334 0.1214155 0.3333333 0.3315147 0 0.550718 0.1666666 0.5471984 0 0.1337381 0.6666666 0.3297496 0.5 0.1244775 0.5 0.1299239 0.8333333 0.3260903 0.8333333 0.1337381 0.6666666 0.3246524 0.1666666 0.3315147 0 0.1286261 0 0.1337381 0.6666666 0.3403137 0.6666666 0.3297496 0.5 0.3260903 0.8333333 0.3403137 0.6666666 0.1337381 0.6666666 0.3315147 1 0.5471984 1 0.3260903 0.8333333 0.3257835 0.3333334 0.5624321 0.5 0.6632048 0.3333333 0.3257835 0.3333334 0.550718 0.1666666 0.3246524 0.1666666 0.5471984 1 0.6621052 0.8333333 0.3260903 0.8333333 0.3257835 0.3333334 0.6632048 0.3333333 0.550718 0.1666666 0.5624321 0.5 0.3403137 0.6666666 0.5647831 0.6666668 0.3260903 0.8333333 0.5647831 0.6666668 0.3403137 0.6666666 0.7603064 0 0.550718 0.1666666 0.7717418 0.1666666 0.5471984 1 0.7603064 1 0.6621052 0.8333333 0.5624321 0.5 0.7815114 0.6666667 0.7993861 0.5 0.6632048 0.3333333 0.7717418 0.1666666 0.550718 0.1666666 0.5624321 0.5 0.7993861 0.5 0.6632048 0.3333333 0.9999981 0.7865759 0.7603064 1 0.9999936 1 0.6621052 0.8333333 0.7815114 0.6666667 0.5647831 0.6666668 -2.21574e-5 0.544757 0.07625764 0.9323906 0.1117987 0.6651304 0.7993861 0.5 0.9999814 0.3333333 0.6632048 0.3333333 0.6621052 0.8333333 0.9999981 0.7865759 0.7815114 0.6666667 0.9999814 0.3333333 0.9999952 0.04117214 0.7717418 0.1666666 0.7993861 0.5 0.9999981 0.7865759 0.9999814 0.3333333 -3.94219e-5 0.1666666 0.07640653 0 0 0 0.07640653 0 0.1310877 0.1666666 0.1311985 0 0.1301509 0.4118651 0.2466126 0.6666666 0.229829 0.4182144 0.1301509 0.4118651 0.1310877 0.1666666 0.07704204 0.2637843 0.07625764 0.9323906 0.1307232 0.9111484 0.1117987 0.6651304 0.2268751 1 0.2452986 0.8333333 0.1307232 0.9111484 0.1301509 0.4118651 0.229829 0.4182144 0.1310877 0.1666666 0.1307232 0.9111484 0.2466126 0.6666666 0.1117987 0.6651304 0.2466126 0.6666666 0.4443638 0.8333333 0.4668213 0.6666667 0.229829 0.4182144 0.349242 0.1666666 0.1310877 0.1666666 0.349242 0.1666666 0.4441612 0 0.2268751 0 0.229829 0.4182144 0.4445894 0.5 0.443423 0.3333333 0.4445894 0.5 0.670849 0.3333333 0.443423 0.3333333 0.349242 0.1666666 0.5366612 0.1666666 0.4441612 0 0.4441612 1 0.636027 0.8333334 0.4443638 0.8333333 0.4443638 0.8333333 0.636027 0.8333334 0.4668213 0.6666667 0.4441612 1 0.6759099 1 0.636027 0.8333334 0.443423 0.3333333 0.670849 0.3333333 0.5366612 0.1666666 0.4668213 0.6666667 0.6731613 0.5 0.4445894 0.5 0.1418095 0.7314935 0.3309259 1 0.3397158 0.8333333 0.636027 0.8333334 0.6638036 0.6666668 0.4668213 0.6666667 0.670849 0.3333333 0.7551491 0.1666666 0.5366612 0.1666666 0.6759099 1 0.8667434 0.8333333 0.636027 0.8333334 0.636027 0.8333334 0.8667434 0.8333333 0.6638036 0.6666668 0.6638036 0.6666668 0.9999354 0.5608735 0.6731613 0.5 0.6759099 1 0.8775219 1 0.8667434 0.8333333 0.670849 0.3333333 0.868193 0.4544578 0.7551491 0.1666666 0.9999354 0.5608735 0.868193 0.4544578 0.6731613 0.5 0.7551491 0.1666666 0.9999857 0.239481 0.8775219 0 0.8775219 1 1 0.8722618 0.8667434 0.8333333 0.868193 0.4544578 0.9999354 0.5608735 0.9999857 0.239481 0.8667434 0.8333333 1 0.8722618 0.9999354 0.5608735 0.9999857 0.239481 1 0 0.8775219 0 0.1312217 1 0.1418095 0.7314935 3.39015e-6 0.7248057 0.132199 0.5 0.2018925 0.3333333 6.158e-6 0.384815 0.1317117 0.1666666 0.3309259 0 0.1312217 0 0.5433265 0 0.3322137 0.1666666 0.5453252 0.1666666 0.132199 0.5 0.286248 0.4970527 0.2018925 0.3333333 0.3309259 1 0.5433265 1 0.3397158 0.8333333 0.7671761 0 0.5453252 0.1666666 0.7917476 0.1666666 0.286248 0.4970527 0.5453252 0.1666666 0.3322137 0.1666666 0.5433265 1 0.5508843 0.8333334 0.3397158 0.8333333 0.286248 0.4970527 0.5513333 0.3333333 0.5453252 0.1666666 0.5433265 1 0.7671761 1 0.5508843 0.8333334 0.5453252 0.1666666 0.7700135 0.3333333 0.7917476 0.1666666 0.5513333 0.3333333 0.7775997 0.5 0.7700135 0.3333333 0.07575374 0.3333333 0.1308677 0.5919865 0.1307816 0.2462606 0.5453401 0.6666666 0.7775997 0.5 0.5105306 0.5 0.7671761 1 0.7730675 0.7282662 0.5508843 0.8333334 0.5453401 0.6666666 0.7730675 0.7282662 0.7775997 0.5 0.7671761 1 0.9999514 1 0.7730675 0.7282662 0.7775997 0.5 0.9999895 0.3333333 0.7700135 0.3333333 0.9999895 0.3333333 0.9999514 0.03893077 0.7917476 0.1666666 -1.58386e-5 1 0.0763747 0.8333333 -1.79169e-5 0.7315365 -7.68036e-6 0.3684822 0.07619565 0.0961517 -9.99931e-6 0.06144583 0.1307816 0.2462606 0.1302304 0 0.07619565 0.0961517 0.1308677 0.5919865 0.0763747 0.8333333 0.1325579 0.9062659 0.1302304 0 0.2314636 0.2745305 0.242016 0 0.1308677 0.5919865 0.2314636 0.2745305 0.1307816 0.2462606 0.242016 0 0.410477 0.2556788 0.4484261 0.1266236 0.2935543 0.6666668 0.2425124 0.5 0.1308677 0.5919865 0.1325579 0.9062659 0.2935543 0.6666668 0.1308677 0.5919865 0.242016 1 0.4626466 1 0.2877873 0.8333334 0.41116 0.7411916 0.4646352 0.4208939 0.3889896 0.4565511 0.2935543 0.6666668 0.3889896 0.4565511 0.2425124 0.5 0.410477 0.2556788 0.4646352 0.4208939 0.4484261 0.1266236 0.4636564 0.7452467 0.547971 1 0.5625989 0.7623113 0.4646352 0.4208939 0.5558018 0.1013212 0.4484261 0.1266236 0.5615624 0.479658 0.4636564 0.7452467 0.5625989 0.7623113 0.5625989 0.7623113 0.7282604 0.5783199 0.5615624 0.479658 0.547971 1 0.7456468 1 0.5625989 0.7623113 0.5615624 0.479658 0.7282604 0.5783199 0.5558018 0.1013212 0.5558018 0.1013212 0.7741624 0.1666666 0.7456468 0 0.7282604 0.5783199 0.7741624 0.1666666 0.5558018 0.1013212 0.7741624 0.1666666 0.9999982 0.3855913 0.9999938 0.07701396 0.7456468 1 0.7759348 0.8333333 0.5625989 0.7623113 0.7456468 1 0.9999911 1 0.7759348 0.8333333 0.9999911 1 0.9999973 0.7507855 0.7759348 0.8333333 0.1470716 0.6680548 0.3482396 0.5 0.1246219 0.5 0.7739883 0.6666667 0.9999973 0.7507855 0.8516938 0.5 0.9999973 0.7507855 0.9999982 0.3855913 0.8516938 0.5 1.93773e-6 0.6084753 0.1246219 0.5 0.1390144 0.3333333 2.34186e-6 0.9460747 0.3175872 0.8434153 0.1470716 0.6680548 0.1251618 0.1666666 0.3276354 0.1666666 0.3210845 0 0.1390144 0.3333333 0.3276354 0.1666666 0.1251618 0.1666666 0.6214098 0.8333333 0.3210845 1 0.628122 1 0.1470716 0.6680548 0.3175872 0.8434153 0.3222613 0.6666666 0.1390144 0.3333333 0.3553555 0.3333333 0.3276354 0.1666666 0.628122 0 0.3276354 0.1666666 0.6229074 0.1666666 0.5345152 0.6666668 0.3175872 0.8434153 0.6214098 0.8333333 0.3553555 0.3333333 0.6229074 0.1666666 0.3276354 0.1666666 0.628122 0 0.6862922 0.2542165 0.6864071 0 0.3553555 0.3333333 0.6296131 0.4048889 0.6229074 0.1666666 0.5345152 0.6666668 0.6296131 0.4048889 0.3482396 0.5 0.5345152 0.6666668 0.6486011 0.6287295 0.6296131 0.4048889 0.6214098 0.8333333 0.6486011 0.6287295 0.5345152 0.6666668 0.8048996 0 0.6862922 0.2542165 0.8029465 0.2106493 0.6296131 0.4048889 0.6486011 0.6287295 0.6862922 0.2542165 0.6864013 0.9075824 0.8048996 1 0.8028821 0.8333333 0.6987419 0.5875433 0.8029465 0.2106493 0.6862922 0.2542165 0.7767775 0.6666667 0.6864013 0.9075824 0.8028821 0.8333333 0.7767775 0.6666667 0.8203554 0.391699 0.6987419 0.5875433 0.8048996 0 0.9999623 0.2473953 0.9999803 0 0.7767775 0.6666667 0.9051792 0.6666667 0.876943 0.5 0.8028821 0.8333333 0.9051792 0.6666667 0.7767775 0.6666667 0.1368206 0.0775634 0.2231198 0.3666047 0.2383868 0.1666666 0.876943 0.5 0.9999623 0.2473953 0.8203554 0.391699 0.8028821 0.8333333 0.9999665 0.9134865 0.9051792 0.6666667 0.876943 0.5 1.000001 0.5382747 0.9999623 0.2473953 0.9051792 0.6666667 1.000001 0.5382747 0.876943 0.5 0.9999665 0.9134865 1.000001 0.5382747 0.9051792 0.6666667 0 1 0.08938962 0.9110656 -7.21567e-6 0.7742945 -7.21567e-6 0.7742945 0.076155 0.5946881 -9.28708e-6 0.4615234 -7.21567e-6 0.7742945 0.08938962 0.9110656 0.076155 0.5946881 0.1301758 0.4109529 0.1368206 0.0775634 0.07689726 0.2637509 0.076155 0.5946881 0.1421168 0.7915483 0.1301758 0.4109529 0.1425056 1 0.1421168 0.7915483 0.08938962 0.9110656 0.1368206 0.0775634 0.2383868 0.1666666 0.2264091 0 0.1421168 0.7915483 0.2231198 0.3666047 0.1301758 0.4109529 0.3314856 0.5 0.1309173 0.6666668 0.3969416 0.6666667 0.4107021 1 0.4454427 0.8333333 0.2317332 0.9546916 0.2383868 0.1666666 0.4107021 0 0.2264091 0 0.2317332 0.9546916 0.4454427 0.8333333 0.2459596 0.6666668 0.2383868 0.1666666 0.4446249 0.1666666 0.4107021 0 0.4454427 0.8333333 0.5423483 0.6666667 0.2459596 0.6666668 0.4446249 0.1666666 0.5720288 0 0.4107021 0 0.4456835 0.3333333 0.645029 0.1666666 0.4446249 0.1666666 0.4456835 0.3333333 0.6650558 0.3333334 0.645029 0.1666666 0.5546669 0.5 0.6650558 0.3333334 0.4456835 0.3333333 0.645029 0.1666666 0.7625835 0 0.5720288 0 0.7625835 1 0.7726053 0.8333333 0.5963366 0.9162344 0.5546669 0.5 0.8201074 0.5 0.6650558 0.3333334 0.5423483 0.6666667 0.8201074 0.5 0.5546669 0.5 0.5423483 0.6666667 0.826751 0.6666668 0.8201074 0.5 0.7726053 0.8333333 0.826751 0.6666668 0.5423483 0.6666667 0.8201074 0.5 0.8833365 0.405252 0.6650558 0.3333334 0.7625835 1 0.9999936 0.785389 0.7726053 0.8333333 0.8833365 0.405252 0.9999913 0.088876 0.7625835 0 0.8201074 0.5 1 0.3882073 0.8833365 0.405252 0.826751 0.6666668 0.9999936 0.785389 0.8201074 0.5 0 0.6666667 0.1309173 0.6666668 -1.35832e-7 0.5 1.14989e-5 0.8333333 0.1309173 0.6666668 0 0.6666667 -1.35832e-7 0.5 0.1311487 0.5 4.15608e-6 0.3333333 0.1311487 0.5 0.2441559 0.3333333 4.15608e-6 0.3333333 0.187353 0.1666666 0.2500488 0 2.73067e-5 0 0.2500488 1 0.3301869 0.8333333 1.14989e-5 0.8333333 0.1311487 0.5 0.3314856 0.5 0.2441559 0.3333333 0.1309173 0.6666668 0.3301869 0.8333333 0.3969416 0.6666667 0.5360991 0 0.443511 0.1666666 0.5235816 0.1666666 0.2500488 1 0.4304144 1 0.3301869 0.8333333 0.187353 0.1666666 0.4304144 0 0.2500488 0 0.2441559 0.3333333 0.4494861 0.3333333 0.443511 0.1666666 0.3314856 0.5 0.4494861 0.3333333 0.2441559 0.3333333 0.4304144 1 0.5202924 0.8333333 0.3301869 0.8333333 0.3314856 0.5 0.5336465 0.5 0.4494861 0.3333333 0.4304144 1 0.5360991 1 0.5202924 0.8333333 0.4494861 0.3333333 0.5235816 0.1666666 0.443511 0.1666666 0.5361818 0.3333333 0.5872769 0.5 0.5918006 0.3333333 0.5336465 0.5 0.5361818 0.3333333 0.4494861 0.3333333 0.5235816 0.1666666 0.5760418 0.1666666 0.5360991 0 0.5361818 0.3333333 0.5760418 0.1666666 0.5235816 0.1666666 0.5202924 0.8333333 0.5753602 0.8333333 0.5368373 0.6666668 0.5760418 0.1666666 0.6364013 0 0.5360991 0 0.5361818 0.3333333 0.5918006 0.3333333 0.5760418 0.1666666 0.5872769 0.5 0.5368373 0.6666668 0.589662 0.6666668 0.6694245 0.7569699 0.7709802 1 0.7780507 0.8333333 0.5753602 0.8333333 0.589662 0.6666668 0.5368373 0.6666668 0.6364013 1 0.6694245 0.7569699 0.5753602 0.8333333 0.5872769 0.5 0.6648846 0.5 0.5918006 0.3333333 0.589662 0.6666668 0.6694245 0.7569699 0.6648846 0.5 0.6670767 0.2555 0.7448562 0.2646071 0.6364013 0 0.6648846 0.5 0.7448562 0.2646071 0.6670767 0.2555 0.6648846 0.5 0.7774414 0.6666668 0.7780596 0.5 0.7958244 0.2471835 0.8971718 0.5 0.8912442 0.3333333 0.7780507 0.8333333 0.7774414 0.6666668 0.6694245 0.7569699 0.7448562 0.2646071 0.7958244 0.2471835 0.7709802 0 0.7780596 0.5 0.7958244 0.2471835 0.7448562 0.2646071 0.7958244 0.2471835 0.890131 0 0.7709802 0 0.890131 1 0.896726 0.8333334 0.7780507 0.8333333 0.8912442 0.3333333 0.8949638 0.1666666 0.7958244 0.2471835 0.8971718 0.5 0.7774414 0.6666668 0.8909807 0.6666667 0.8909807 0.6666667 0.7780507 0.8333333 0.896726 0.8333334 0.2489027 0.5 1.11772e-5 0.757831 0.2748385 0.6666667 0.890131 1 1.000003 1 0.896726 0.8333334 0.8912442 0.3333333 1 0.3715205 0.8949638 0.1666666 0.8971718 0.5 1 0.3715205 0.8912442 0.3333333 0.896726 0.8333334 1.000003 0.7245892 0.8909807 0.6666667 1.000003 0.7245892 1 0.3715205 0.8971718 0.5 1.95145e-6 0.4406596 0.179666 0.3333333 0.1316159 0.1666666 0.6203551 0.4691376 0.6424645 0.09805315 0.5500141 0.06617832 1.11772e-5 0.757831 0.2187432 0.8333334 0.2748385 0.6666667 0.1255496 1 0.3259556 1 0.2187432 0.8333334 0.1316159 0.1666666 0.3259556 0 0.1255496 0 0.2489027 0.5 0.4224133 0.3333333 0.179666 0.3333333 0.2187432 0.8333334 0.4595342 0.8333333 0.2748385 0.6666667 0.2748385 0.6666667 0.5331268 0.5 0.2489027 0.5 0.3259556 1 0.5472961 1 0.4595342 0.8333333 0.4595342 0.8333333 0.6589038 0.8333334 0.5464232 0.6666668 0.5472961 1 0.634962 1 0.6589038 0.8333334 0.6203551 0.4691376 0.5464232 0.6666668 0.6672028 0.6666667 0.6673648 0.3333333 0.7865563 0.547774 0.8070114 0.3333334 0.634962 1 0.6865887 1 0.6589038 0.8333334 0.6865887 1 0.7737309 0.8720993 0.6589038 0.8333334 0.6673648 0.3333333 0.8070114 0.3333334 0.6895509 0.01763558 0.7794975 0.4187577 0.6894218 0.7200192 0.7790388 0.6666667 0.7737309 0.8720993 0.7865563 0.547774 0.6672028 0.6666667 0.8070114 0.3333334 0.8655925 0.08625876 0.6895509 0.01763558 0.7737309 0.8720993 0.9009577 0.8333333 0.7865563 0.547774 0.9009577 0.8333333 0.9999763 0.6159118 0.7865563 0.547774 0.881632 1 1.000001 0.8717522 0.9009577 0.8333333 0.9003068 0.5 0.9999763 0.6159118 0.9999564 0.2508387 0.9009577 0.8333333 1.000001 0.8717522 0.9999763 0.6159118 0.9999564 0.2508387 1 0 0.8655925 0.08625876 3.28557e-6 0.9451811 0.2012685 1 5.65454e-4 0.6674087 0.1256394 0.5 0.2728403 0.5630581 6.0428e-6 0.3846376 0.1259441 0.1666666 0.3449693 0.1666666 0.2012685 0 0.2728403 0.5630581 0.3449693 0.1666666 0.1259441 0.1666666 0.2014393 0.6666668 0.2728403 0.5630581 0.1256394 0.5 5.65454e-4 0.6674087 0.3630726 0.7098211 0.2014393 0.6666668 0.2012685 1 0.4013011 1 0.3630726 0.7098211 0.4768862 0.5 0.5513893 0.3333334 0.2728403 0.5630581 0.4013011 1 0.553222 0.7480958 0.3630726 0.7098211 0.3630726 0.7098211 0.553222 0.7480958 0.4768862 0.5 0.5513893 0.3333334 0.5840978 0.09526747 0.3449693 0.1666666 0.553222 0.7480958 0.6731137 0.4355438 0.4768862 0.5 0.6731137 0.4355438 0.6426573 0.219609 0.5513893 0.3333334 0.6106078 1 0.6852706 1 0.6432054 0.7809392 0.6852706 1 0.6894218 0.7200192 0.6432054 0.7809392 0.7794975 0.4187577 0.9062929 0.7611779 0.9998297 0.6056992 0.6894218 0.7200192 0.7805306 0.9187185 0.7790388 0.6666667 0.7805306 0.9187185 0.9999879 0.9448072 0.9062929 0.7611779 0.7794975 0.4187577 0.9998921 0.2946994 0.832503 0.1666666 0.9998297 0.6056992 0.9998921 0.2946994 0.7794975 0.4187577 0.4907814 0.4741651 0.7272536 0.6666667 0.7204368 0.5 0.832503 0.1666666 0.9998921 0.2946994 0.9999882 0 1.06832e-4 1 0.3347393 1 0.2959492 0.8333334 0.1726621 0.5880333 0.3129672 0.3333333 1.63963e-5 0.3939863 0.1526009 0.1666666 0.2994993 0.1666666 0.3347393 0 0.3309665 0.6666667 0.3320549 0.5 0.1726621 0.5880333 0.2959492 0.8333334 0.3309665 0.6666667 0.1726621 0.5880333 0.2994993 0.1666666 0.3604148 0.2243649 0.3347393 0 0.3129672 0.3333333 0.3604148 0.2243649 0.2994993 0.1666666 0.2959492 0.8333334 0.3551826 0.8333332 0.3309665 0.6666667 0.3309665 0.6666667 0.4619332 0.6666667 0.3320549 0.5 0.5129185 0.1666666 0.5704063 0 0.3347393 0 0.5704063 1 0.64733 0.8333333 0.3551826 0.8333332 0.3551826 0.8333332 0.64733 0.8333333 0.4619332 0.6666667 0.8900496 0.5 0.7272536 0.6666667 0.8920058 0.6666666 0.64733 0.8333333 0.7272536 0.6666667 0.4619332 0.6666667 0.4907814 0.4741651 0.7309407 0.3333333 0.5129185 0.1666666 0.7204368 0.5 0.7309407 0.3333333 0.4907814 0.4741651 0.7720184 0.1666666 0.7968732 0 0.5704063 0 0.7204368 0.5 0.8882634 0.3333334 0.7309407 0.3333333 0.64733 0.8333333 0.8509125 0.8893236 0.7272536 0.6666667 1.000012 0.2287026 0.8900496 0.5 1 0.5719822 0.8882634 0.3333334 0.8961465 0.1666666 0.7720184 0.1666666 0.8961465 0.1666666 0.9131401 0 0.7968732 0 0.8509125 0.8893236 0.9114985 0.9311388 0.8920058 0.6666666 0.8961465 0.1666666 1.000012 0.2287026 0.9131401 0 0.1752254 0.3060465 0.1890788 0 0.1117186 0 1.000018 0.8965256 1 0.5719822 0.8920058 0.6666666 1.89226e-4 0.7276337 0.1111292 0.5699635 1.38568e-5 0.3881996 0.1111292 0.5699635 0.1752254 0.3060465 1.38568e-5 0.3881996 1.89226e-4 0.7276337 0.1878388 0.9125308 0.1111292 0.5699635 0.1886832 0.5913567 0.2454096 0.3285368 0.1752254 0.3060465 0.1111292 0.5699635 0.1886832 0.5913567 0.1752254 0.3060465 0.2227331 0.1666666 0.2371695 0 0.1890788 0 0.2405433 0.5906121 0.1878388 0.9125308 0.2391347 0.8909556 0.2454096 0.3285368 0.3261678 0.5195251 0.3359754 0.3333333 0.2227331 0.1666666 0.2454096 0.3285368 0.3325921 0 0.2391347 0.8909556 0.3261678 0.5195251 0.2405433 0.5906121 0.7402882 0.744571 0.801519 1 0.798842 0.8333333 0.2454096 0.3285368 0.4476909 0.2726064 0.3325921 0 0.3313606 0.9271151 0.4536352 1 0.4516733 0.7446908 0.4429662 0.5 0.4476909 0.2726064 0.3359754 0.3333333 0.4536352 1 0.5416935 0.7422326 0.4516733 0.7446908 0.5240523 0.4247682 0.5558966 0.09976047 0.4476909 0.2726064 0.4516733 0.7446908 0.5416935 0.7422326 0.5240523 0.4247682 0.5556921 1 0.5740272 0.8333334 0.5416935 0.7422326 0.5556921 1 0.6456935 0.9365073 0.5740272 0.8333334 0.5712007 0.4313132 0.6462231 0.2802326 0.5558966 0.09976047 0.5740272 0.8333334 0.6493899 0.5863173 0.5416935 0.7422326 0.5558966 0.09976047 0.6462231 0.2802326 0.6448433 0 0.739175 1 0.7402882 0.744571 0.6456935 0.9365073 0.7380526 0.4133474 0.7385799 0.0759589 0.6462231 0.2802326 0.6456935 0.9365073 0.7402882 0.744571 0.6493899 0.5863173 0.7385799 0.0759589 0.7990794 0.366488 0.7994133 0.1666666 0.7385799 0.0759589 0.7994133 0.1666666 0.801519 0 0.7402882 0.744571 0.7990794 0.366488 0.7380526 0.4133474 3.26699e-6 0 0.246675 0.1666666 0.2554518 0 0.798842 0.8333333 0.8097038 0.5328009 0.7402882 0.744571 0.801519 1 0.8905783 0.7951253 0.798842 0.8333333 0.7994133 0.1666666 0.9995812 0.1875634 0.801519 0 0.8905783 0.7951253 0.9999985 0.5557845 0.8097038 0.5328009 0.801519 1 1 0.9609519 0.8905783 0.7951253 0.9995812 0.1875634 1 0 0.801519 0 0.8905783 0.7951253 1 0.9609519 0.9999985 0.5557845 2.14611e-6 0.9486953 0.2554518 1 0.001180827 0.6679419 2.2385e-6 0.3855627 0.246675 0.1666666 2.13274e-6 0.1666666 0.5675589 0 0.246675 0.1666666 0.5866463 0.1666666 0.1664434 0.5 0.3289812 0.3333333 2.2385e-6 0.3855627 0.001180827 0.6679419 0.2479485 0.6666667 0.1664434 0.5 0.001180827 0.6679419 0.5336589 0.8333334 0.2479485 0.6666667 0.5803055 0.3333333 0.3792276 0.5 0.7795068 0.5 0.5336589 0.8333334 0.5586854 0.6666666 0.2479485 0.6666667 0.7798599 0.8350298 0.5675589 1 0.7432864 1 0.5586854 0.6666666 0.7798599 0.8350298 0.7746557 0.6666668 0.5866463 0.1666666 0.751694 0.09869968 0.5675589 0 0.7795068 0.5 0.7764343 0.3333334 0.5803055 0.3333333 0.5586854 0.6666666 0.7746557 0.6666668 0.7795068 0.5 0.805004 0.05012446 0.9999861 0.4149467 0.9998624 0.1276223 0.7764343 0.3333334 0.751694 0.09869968 0.5866463 0.1666666 0.7432864 1 0.8016055 1 0.7798599 0.8350298 0.7798599 0.8350298 0.8845084 0.6666667 0.7746557 0.6666668 0.805004 0.05012446 0.9998624 0.1276223 0.8930627 0 0.1860269 0.4038306 0.2414357 0.1666666 0.1878749 0.07709616 0.8845084 0.6666667 0.9999861 0.4149467 0.7795068 0.5 0.7798599 0.8350298 1 1 0.9999879 0.8081582 -1.84405e-7 0.7786588 0.1037173 0.5968002 2.3998e-4 0.4390324 4.55885e-4 1 0.1726411 0.7043542 -1.84405e-7 0.7786588 4.55885e-4 1 0.1884714 1 0.1726411 0.7043542 0.1037173 0.5968002 0.1726411 0.7043542 0.1860269 0.4038306 0.2414357 0.1666666 0.2222222 0 0.1878749 0.07709616 0.2537842 0 0.2494878 0.3197907 0.3387465 0 0.2416732 0.5873213 0.2494878 0.3197907 0.1860269 0.4038306 0.3387465 1 0.3498123 0.8333334 0.2549011 0.922815 0.2494878 0.3197907 0.3287253 0.5229099 0.3447508 0.3333333 0.2549011 0.922815 0.3287253 0.5229099 0.2416732 0.5873213 0.3498123 0.8333334 0.5554758 1 0.6007305 0.8333334 0.3447508 0.3333333 0.5329782 0.1666666 0.2494878 0.3197907 0.3498123 0.8333334 0.559505 0.6666667 0.3287253 0.5229099 0.3447508 0.3333333 0.4978715 0.4208018 0.5329782 0.1666666 0.8535387 0.261763 0.9058631 0.5428529 0.9122152 0.3333333 0.6423124 0.5 0.7208421 0.3333334 0.4978715 0.4208018 0.7208421 0.3333334 0.7710483 0.1666666 0.5329782 0.1666666 0.6007305 0.8333334 0.8519515 0.6092526 0.559505 0.6666667 0.6007305 0.8333334 0.8497069 0.8333333 0.8519515 0.6092526 0.7208421 0.3333334 0.8535387 0.261763 0.7710483 0.1666666 0.8583528 1 0.917725 0.7313349 0.8497069 0.8333333 0.8535387 0.261763 0.9122152 0.3333333 0.9136981 0.1077389 0.8497069 0.8333333 0.9058631 0.5428529 0.8519515 0.6092526 0.1859295 0.8333333 0.2457081 1 0.2429283 0.7442354 0.8583528 1 0.9225083 1 0.917725 0.7313349 0.9122152 0.3333333 1.00001 0.1310172 0.9136981 0.1077389 0.917725 0.7313349 1.000011 0.4389709 0.9058631 0.5428529 0.9225083 1 1 1 1.000025 0.7674822 -1.71577e-7 0.6117778 0.1090195 0.4433403 -8.53447e-7 0.3333333 -8.53447e-7 0.3333333 0.1090195 0.4433403 0.1825613 0.3238738 4.92862e-6 0.9001196 0.173453 0.6094608 -1.71577e-7 0.6117778 0.1090195 0.4433403 0.173453 0.6094608 0.1825613 0.3238738 0.1825613 0.3238738 0.2488258 0.1666666 0.1682325 0.06236666 0.2488258 0.1666666 0.2457081 0 0.1682325 0.06236666 0.2429283 0.7442354 0.3654969 0.5 0.2425989 0.4188455 0.173453 0.6094608 0.2429283 0.7442354 0.2425989 0.4188455 0.2425989 0.4188455 0.3549359 0.3333333 0.2488258 0.1666666 0.3654969 0.5 0.3549359 0.3333333 0.2425989 0.4188455 0.5863816 0.3333333 0.3654969 0.5 0.5792469 0.5 0.3518463 0.8333334 0.4173134 0.6666667 0.2429283 0.7442354 0.2488258 0.1666666 0.4289906 0 0.2457081 0 0.2488258 0.1666666 0.533906 0.1666666 0.4289906 0 0.3549359 0.3333333 0.533906 0.1666666 0.2488258 0.1666666 0.4289906 1 0.6470802 0.6819438 0.3518463 0.8333334 0.3549359 0.3333333 0.5863816 0.3333333 0.533906 0.1666666 0.1282134 0.4202299 0.2326482 0.1666666 0.1089456 0.1666666 0.4173134 0.6666667 0.5792469 0.5 0.3654969 0.5 0.533906 0.1666666 0.5908249 0 0.4289906 0 0.5863816 0.3333333 0.7547281 0.4848552 0.7368128 0.07967031 0.7327113 1 0.7445773 0.7581465 0.6393716 0.9039562 0.6470802 0.6819438 0.7445773 0.7581465 0.7547281 0.4848552 0.7959193 0.2452647 0.7955798 0 0.7368128 0.07967031 0.7445773 0.7581465 0.791234 0.6611964 0.7547281 0.4848552 0.7445773 0.7581465 0.7962074 0.918716 0.791234 0.6611964 0.7962074 0.918716 0.8905673 0.7395206 0.791234 0.6611964 0.7962074 0.918716 0.8939359 1 0.8905673 0.7395206 0.7959193 0.2452647 0.8937029 0.3980588 0.8919205 0.09705549 0.8905673 0.7395206 0.8937029 0.3980588 0.791234 0.6611964 0.8939359 1 1.000001 0.7951589 0.8905673 0.7395206 0.8937029 0.3980588 1.000001 0.1056863 0.8919205 0.09705549 0.8905673 0.7395206 1.000001 0.7951589 1.000004 0.4436176 -7.16372e-6 0.2753868 0.1089456 0.1666666 -1.25355e-5 0 -2.4509e-5 0.6011709 0.07604002 0.4263046 -7.16372e-6 0.2753868 -7.16372e-6 0.2753868 0.07604002 0.4263046 0.1089456 0.1666666 0.07604002 0.4263046 0.1282134 0.4202299 0.1089456 0.1666666 0.105604 0.7502576 0.1282134 0.4202299 0.07604002 0.4263046 0.1089456 0.1666666 0.2069756 0 0.102683 0 0.105604 0.7502576 0.2040917 0.6666667 0.1282134 0.4202299 0.105604 0.7502576 0.2056299 0.9176958 0.2040917 0.6666667 0.5495457 0.8333333 0.7758677 1 0.7762054 0.8333333 0.1282134 0.4202299 0.2418894 0.5138328 0.226703 0.3333333 0.2056299 0.9176958 0.3116409 0.8919548 0.255889 0.7555122 0.226703 0.3333333 0.3661918 0.3333333 0.2326482 0.1666666 0.2418894 0.5138328 0.3661918 0.3333333 0.226703 0.3333333 0.3116409 0.8919548 0.2418894 0.5138328 0.255889 0.7555122 0.3661918 0.3333333 0.5410931 0.1666666 0.2326482 0.1666666 0.3116409 0.8919548 0.5495457 0.8333333 0.2418894 0.5138328 0.2418894 0.5138328 0.7723976 0.6666667 0.4998622 0.5 0.5495457 0.8333333 0.7723976 0.6666667 0.2418894 0.5138328 0.5410931 0.1666666 0.7686291 0.1666666 0.5422697 0 0.753156 0.3333333 0.7686291 0.1666666 0.5410931 0.1666666 0.7758677 1 0.8935049 0.7576639 0.7762054 0.8333333 0.7686291 0.1666666 0.7758677 0 0.5422697 0 0.4998622 0.5 0.7756612 0.5 0.753156 0.3333333 0.5495457 0.8333333 0.7762054 0.8333333 0.7723976 0.6666667 0.8213198 0.3333334 0.8908148 0.07752072 0.7686291 0.1666666 0.8916375 0.5 0.7723976 0.6666667 0.8935049 0.7576639 0.7756612 0.5 0.8916375 0.5 0.8213198 0.3333334 0.398083 0.06633645 0.3362343 0.3333333 0.4161167 0.4198654 0.8213198 0.3333334 0.9999808 0.4174562 0.8908148 0.07752072 0.8916375 0.5 0.9999808 0.4174562 0.8213198 0.3333334 0.8924915 1 1.000004 0.8333333 0.8935049 0.7576639 0.8935049 0.7576639 0.9999808 0.4174562 0.8916375 0.5 1.000004 0.8333333 0.9999808 0.4174562 0.8935049 0.7576639 1.24015e-5 0.7483218 0.173287 0.5 -7.00945e-5 0.3881306 -7.00945e-5 0.3881306 0.243992 0.1666666 1.9794e-6 0.1130715 1.24015e-5 0.7483218 0.2089688 0.6666666 0.173287 0.5 1.24015e-5 0.7483218 0.2884525 0.8333334 0.2089688 0.6666666 -7.00945e-5 0.3881306 0.3362343 0.3333333 0.243992 0.1666666 0.2089688 0.6666666 0.4100744 0.6666667 0.173287 0.5 0.4100744 0.6666667 0.4161167 0.4198654 0.173287 0.5 0.3990827 1 0.4274033 0.7905666 0.2884525 0.8333334 0.4161167 0.4198654 0.4274033 0.7905666 0.4640102 0.4901445 0.462237 0.1666666 0.4640879 0 0.398083 0.06633645 0.6860651 0.6666667 0.6316996 0.8333333 0.6950702 0.9288239 0.4161167 0.4198654 0.4640102 0.4901445 0.462237 0.1666666 0.4772768 0.8333333 0.4822611 0.6666667 0.4274033 0.7905666 0.4640102 0.4901445 0.6458064 0.2962094 0.462237 0.1666666 0.4640879 1 0.6316996 0.8333333 0.4772768 0.8333333 0.4640102 0.4901445 0.6308721 0.5757487 0.6458064 0.2962094 0.4640879 1 0.6460965 1 0.6316996 0.8333333 0.6860651 0.6666667 0.6980894 0.3723455 0.6308721 0.5757487 0.6458064 0.2962094 0.7009586 0 0.6364252 0.1067936 0.6860651 0.6666667 0.7705526 0.7963581 0.7748901 0.5825956 0.6458064 0.2962094 0.6980894 0.3723455 0.6999883 0.1666666 0.6999883 0.1666666 0.7851382 0 0.7009586 0 0.9999982 0 0.7842189 0.2470393 0.9999981 0.250486 0.7842189 0.2470393 0.9999977 0.5837571 0.9999981 0.250486 0.7748901 0.5825956 0.999998 0.919597 0.9999977 0.5837571 0.07647287 0.2372897 0.09725141 0.6167562 0.1304782 0.3333334 -1.2954e-5 1 0.07669949 0.9025335 -2.20608e-5 0.7330867 -2.20608e-5 0.7330867 0.07663369 0.5 -1.42332e-5 0.3980589 0.07669949 0.9025335 0.09725141 0.6167562 -2.20608e-5 0.7330867 0.13001 1 0.1312787 0.8333333 0.07669949 0.9025335 0.07647287 0.2372897 0.1304782 0.3333334 0.1306555 0.0885784 0.2061987 0.8593338 0.13001 1 0.2269151 1 0.1306555 0.0885784 0.2254162 0.3311292 0.2292739 0.1666666 0.2292739 0.1666666 0.2269151 0 0.1306555 0.0885784 0.4045422 0.8333334 0.4444444 1 0.4639846 0.8333333 0.1438732 0.5751773 0.2061987 0.8593338 0.2254162 0.3311292 0.2269151 1 0.4045422 0.8333334 0.2061987 0.8593338 0.2061987 0.8593338 0.4042571 0.5 0.2254162 0.3311292 0.2254162 0.3311292 0.4108996 0.3333333 0.2292739 0.1666666 0.4045422 0.8333334 0.4103508 0.6666667 0.2061987 0.8593338 0.4108996 0.3333333 0.4293434 0.1185206 0.2292739 0.1666666 0.4108996 0.3333333 0.4644394 0.5884839 0.4648442 0.3333333 0.4103508 0.6666667 0.4639846 0.8333333 0.4644394 0.5884839 0.4770644 0.07492929 0.5678914 0.3333333 0.5741595 0.1666666 0.4770644 0.07492929 0.5741595 0.1666666 0.5427091 0 0.4648442 0.3333333 0.5475505 0.5842073 0.5678914 0.3333333 0.4639846 0.8333333 0.5475505 0.5842073 0.4644394 0.5884839 0.9999785 0.5928896 0.7653368 0.8333333 0.9999263 0.8721846 0.5741595 0.1666666 0.6514272 0 0.5427091 0 0.7437123 0.6666667 0.6779135 0.5 0.5475505 0.5842073 0.5703718 0.8539003 0.7437123 0.6666667 0.5475505 0.5842073 0.6514272 1 0.7653368 0.8333333 0.5703718 0.8539003 0.5678914 0.3333333 0.8113099 0.4938281 0.5741595 0.1666666 0.7818195 0.1666666 0.8505339 0 0.6514272 0 1.45597e-6 0.2210798 0.2751402 0 3.4863e-6 0 0.7818195 0.1666666 0.9999868 0.1904802 0.8505339 0 0.9999868 0.1904802 1 0 0.8505339 0 3.4863e-6 1 0.2751402 1 1.27176e-5 0.7865222 0.3373108 0.8333334 0.425045 1 0.420197 0.7787548 0.2380945 0.4957101 0.305863 0.1666666 1.45597e-6 0.2210798 1.27176e-5 0.7865222 0.3001209 0.6666666 1.38362e-5 0.5 0.3001209 0.6666666 0.2380945 0.4957101 1.38362e-5 0.5 1.27176e-5 0.7865222 0.3373108 0.8333334 0.3001209 0.6666666 0.2380945 0.4957101 0.3980106 0.4852805 0.305863 0.1666666 0.3980106 0.4852805 0.4230658 0.2459664 0.305863 0.1666666 0.425045 0 0.305863 0.1666666 0.4230658 0.2459664 0.425045 0 0.4768818 0.2464811 0.4778417 0 0.5541693 0.2812325 0.4645491 0.5743855 0.5790144 0.5 0.7972751 1 0.8909071 0.7225404 0.7782673 0.8333333 0.4645491 0.5743855 0.553381 0.7307992 0.5790144 0.5 0.5541693 0.2812325 0.6224997 0 0.4778417 0 0.5541693 0.2812325 0.6692954 0.1666666 0.6224997 0 0.5541693 0.2812325 0.7775661 0.3333333 0.6692954 0.1666666 0.6580402 0.842229 0.741082 0.5977854 0.553381 0.7307992 0.6692954 0.1666666 0.7438931 0.06942784 0.6224997 0 0.7775661 0.3333333 0.7438931 0.06942784 0.6692954 0.1666666 0.6580402 0.842229 0.7782673 0.8333333 0.741082 0.5977854 0.744008 1 0.7972751 1 0.7782673 0.8333333 0.7775661 0.3333333 0.7968588 0.08866912 0.7438931 0.06942784 0.7968588 0.08866912 0.893224 0.4300794 0.8912078 0.09298819 0.1356365 0.6666666 0.3281555 0.8939328 0.3407827 0.687358 0.8909071 0.7225404 0.893224 0.4300794 0.7963486 0.5878998 0.8896924 1 1.000001 0.9617814 0.8909071 0.7225404 0.8909071 0.7225404 1.000002 0.6107706 0.893224 0.4300794 0.8909071 0.7225404 1.000001 0.9617814 1.000002 0.6107706 7.41947e-6 0.2512858 0.1274789 0 0 0 -3.73478e-7 0.8938832 0.1356365 0.6666666 7.38557e-6 0.5309141 0.1274789 1 0.1402761 0.8333333 -3.73478e-7 0.8938832 7.41947e-6 0.2512858 0.2179006 0.1666666 0.1274789 0 0.2269324 0.5589445 0.2179006 0.1666666 7.41947e-6 0.2512858 0.1356365 0.6666666 0.2269324 0.5589445 7.38557e-6 0.5309141 0.2179006 0.1666666 0.3386998 0 0.1274789 0 0.1356365 0.6666666 0.3407827 0.687358 0.2269324 0.5589445 0.3878308 0.1666666 0.5469599 0.3333333 0.5482224 0.1666666 0.2179006 0.1666666 0.3878308 0.1666666 0.3386998 0 0.3497897 0.3333333 0.3878308 0.1666666 0.2179006 0.1666666 0.3281555 0.8939328 0.4690287 0.8333333 0.3407827 0.687358 0.3281555 0.8939328 0.5396201 1 0.4690287 0.8333333 0.3497897 0.3333333 0.5537679 0.5 0.5469599 0.3333333 0.5469599 0.3333333 0.7666364 0.05993527 0.5482224 0.1666666 0.5396201 1 0.7457996 0.8333334 0.4690287 0.8333333 0.5396201 1 0.7704616 1 0.7457996 0.8333334 0.8692808 0.7547565 0.7704616 1 0.874112 1 0.5537679 0.5 0.7747917 0.4633856 0.5469599 0.3333333 0.7747917 0.4633856 0.862743 0.2523018 0.7666364 0.05993527 0.7747917 0.4633856 0.8692808 0.7547565 0.8687703 0.5 0.8687703 0.5 0.862743 0.2523018 0.7747917 0.4633856 0.874112 0.04681712 0.9233996 0.4295873 0.923254 0.1666666 0.923254 0.1666666 0.924341 0 0.874112 0.04681712 0.8687703 0.5 0.9238818 0.6666666 0.9233996 0.4295873 0.2712786 0.5 0.2115473 0.6666667 0.2760931 0.6666667 0.9234421 0.9041035 0.9238818 0.6666666 0.8692808 0.7547565 0.923254 0.1666666 1.000023 0 0.924341 0 0.9233996 0.4295873 1.000017 0.2692963 0.923254 0.1666666 0.9238818 0.6666666 1.000008 0.6330357 0.9233996 0.4295873 0.9234421 0.9041035 1.000008 0.6330357 0.9238818 0.6666666 0.9233996 0.4295873 1.000008 0.6330357 1.000017 0.2692963 4.34544e-6 1 0.2086361 0.8333333 -1.41552e-7 0.8333333 -1.94057e-7 0.5 0.2086197 0.5 4.2557e-6 0.3333333 4.34544e-6 1 0.2248104 1 0.2086361 0.8333333 0.2086197 0.5 0.2247413 0.3333333 4.2557e-6 0.3333333 0.2248104 1 0.2718757 0.8333333 0.2086361 0.8333333 0.2086197 0.5 0.2712786 0.5 0.2247413 0.3333333 0.2115473 0.6666667 0.2718757 0.8333333 0.2760931 0.6666667 0.4618068 0.8333333 0.5224178 1 0.5227215 0.8333333 0.2248104 1 0.2860536 1 0.2718757 0.8333333 0.2712786 0.5 0.2862569 0.3333333 0.2247413 0.3333333 0.2706115 0.1666666 0.4569472 0 0.2860536 0 0.2862569 0.3333333 0.4584548 0.3333333 0.2706115 0.1666666 0.2760931 0.6666667 0.4599832 0.6666668 0.2712786 0.5 0.2718757 0.8333333 0.4599832 0.6666668 0.2760931 0.6666667 0.4569472 1 0.4618068 0.8333333 0.2718757 0.8333333 0.2712786 0.5 0.4721351 0.5 0.4584548 0.3333333 0.5224178 0 0.460475 0.1666666 0.5261043 0.1666666 0.460475 0.1666666 0.5157119 0.3405218 0.5261043 0.1666666 0.5214862 0.6666667 0.4618068 0.8333333 0.5227215 0.8333333 0.4721351 0.5 0.5157119 0.3405218 0.4584548 0.3333333 0.5214862 0.6666667 0.6235687 0.8333333 0.6269317 0.6197659 0.5157119 0.3405218 0.6202544 0.3333333 0.5261043 0.1666666 0.5224178 1 0.6235687 0.8333333 0.5227215 0.8333333 0.5214862 0.6666667 0.6269317 0.6197659 0.5157119 0.3405218 0.7409036 0.8277651 0.6321304 1 0.7283369 1 0.5157119 0.3405218 0.6269317 0.6197659 0.6202544 0.3333333 0.6269317 0.6197659 0.7138488 0.242277 0.6202544 0.3333333 0.6325083 0.0837776 0.7138488 0.242277 0.7283369 0 0.8785663 0.1666666 0.7689248 0.3333333 0.883553 0.3333333 0.7409036 0.8277651 0.7494876 0.5 0.6269317 0.6197659 0.7138488 0.242277 0.7751526 0.1330165 0.7283369 0 0.7689248 0.3333333 0.7751526 0.1330165 0.7138488 0.242277 0.7494876 0.5 0.7689248 0.3333333 0.7138488 0.242277 0.7890978 1 0.8783242 0.8333333 0.7409036 0.8277651 0.8785663 0.1666666 0.8813275 0 0.7751526 0.1330165 0.7689248 0.3333333 0.8809321 0.5 0.883553 0.3333333 0.8809321 0.5 0.7696742 0.6666666 0.88133 0.6666667 0.2013272 0.1666666 0.4861155 0.3333333 0.4882868 0.1666666 0.8783242 0.8333333 0.88133 0.6666667 0.7696742 0.6666666 0.8813275 1 1.000005 0.9417163 0.8783242 0.8333333 0.883553 0.3333333 1.000001 0.2956575 0.8785663 0.1666666 0.8809321 0.5 1.000001 0.2956575 0.883553 0.3333333 0.8783242 0.8333333 1.000002 0.6064595 0.88133 0.6666667 0.8785663 0.1666666 1.000001 0.2956575 1.000007 0 -1.52693e-6 1 0.1924535 0.8333333 -1.79604e-6 0.7283796 -1.79604e-6 0.7283796 0.1994584 0.5 -2.28466e-7 0.388176 -2.28466e-7 0.388176 0.2024744 0.3333333 0.2013272 0.1666666 0.1924535 0.8333333 0.2038591 0.6666668 -1.79604e-6 0.7283796 0.2013272 0.1666666 0.4613889 0 0.186268 0 0.2013272 0.1666666 0.4882868 0.1666666 0.4613889 0 0.2024744 0.3333333 0.4837232 0.5 0.4861155 0.3333333 0.2038591 0.6666668 0.4837232 0.5 0.1994584 0.5 0.2038591 0.6666668 0.4883291 0.8333334 0.4815868 0.6666667 0.4882868 0.1666666 0.6165539 0 0.4613889 0 0.4882868 0.1666666 0.618843 0.4255502 0.6674715 0.1666666 0.618843 0.4255502 0.4815868 0.6666667 0.6672871 0.6666667 0.4815868 0.6666667 0.6182819 0.9085718 0.6672871 0.6666667 0.8370955 0.1666666 0.6922553 0.3333333 0.8436502 0.3333333 0.6674715 0.1666666 0.685467 0 0.6165539 0 0.618843 0.4255502 0.694327 0.5 0.6922553 0.3333333 0.6182819 0.9085718 0.691447 0.8956511 0.6672871 0.6666667 0.6674715 0.1666666 0.8370955 0.1666666 0.836046 0 0.6922553 0.3333333 0.8363382 0.5 0.8436502 0.3333333 0.694327 0.5 0.8421155 0.6666666 0.8363382 0.5 0.691447 0.8956511 0.8421155 0.6666666 0.6672871 0.6666667 0.1943684 0 0.3949573 0.1666666 0.4589341 0 0.836046 1 1.000001 0.8712952 0.8357291 0.8333333 0.8436502 0.3333333 1.000005 0.2243337 0.8370955 0.1666666 0.8363382 0.5 1.000003 0.5602205 0.8436502 0.3333333 0.8357291 0.8333333 1.000001 0.8712952 0.8421155 0.6666666 1.000005 0.2243337 1 0 0.836046 0 -2.83365e-6 1 0.1435402 0.8333333 0 0.8333333 -1.10105e-6 0.371798 0.1953327 0.1666666 -1.78582e-6 0.06163012 0 0.8333333 0.1435402 0.8333333 6.71161e-5 0.6666667 0.1953327 0.1666666 0.1943684 0 -1.78582e-6 0.06163012 0.1435402 0.8333333 0.3198227 0.6666667 6.71161e-5 0.6666667 0.1943684 1 0.3281021 0.8333333 0.1435402 0.8333333 0.1439403 0.5 0.3574345 0.5 0.2103121 0.3333333 0.1943684 1 0.4589341 1 0.3281021 0.8333333 0.3281021 0.8333333 0.5662327 0.6666667 0.3198227 0.6666667 0.2103121 0.3333333 0.3949573 0.1666666 0.1953327 0.1666666 0.7809886 0 0.5830759 0.1666666 0.7773746 0.2533359 0.3949573 0.1666666 0.5830759 0.1666666 0.4589341 0 0.4799693 0.3333333 0.5830759 0.1666666 0.3949573 0.1666666 0.3574345 0.5 0.7470851 0.5 0.4799693 0.3333333 0.4589341 1 0.7809886 1 0.5728863 0.8333333 0.7809886 1 0.8572378 0.7880451 0.77728 0.7320981 0.7470851 0.5 0.7773746 0.2533359 0.4799693 0.3333333 0.5662327 0.6666667 0.77728 0.7320981 0.7470851 0.5 0.5728863 0.8333333 0.77728 0.7320981 0.5662327 0.6666667 0.7809886 1 0.77728 0.7320981 0.5728863 0.8333333 0.7809886 0 0.8640204 0.1666666 0.8695716 0 0.7773746 0.2533359 0.8742727 0.5822103 0.8698133 0.3333333 0.7773746 0.2533359 0.8698133 0.3333333 0.8640204 0.1666666 0.8742727 0.5822103 0.77728 0.7320981 0.8572378 0.7880451 0.2840071 0.8333333 0.7015518 1 0.7131624 0.8333333 0.8640204 0.1666666 1.000012 0.1996371 0.8695716 0 0.8698133 0.3333333 1.000012 0.1996371 0.8640204 0.1666666 0.8572378 0.7880451 1.000026 0.8943004 0.8742727 0.5822103 1.000025 0.5668713 1.000012 0.1996371 0.8698133 0.3333333 0 1 0.2930743 1 -2.60756e-6 0.795216 -7.62513e-7 0.4449581 0.2428423 0.3333334 -4.37833e-6 0.1046671 -4.37833e-6 0.1046671 0.3523842 0.1666666 0.2930743 0 0.2459465 0.6666667 0.3001912 0.5 -7.62513e-7 0.4449581 0.2459465 0.6666667 0.6448814 0.6666668 0.3001912 0.5 0.7074418 0.5 0.9999954 0.2287519 0.6634775 0.3333334 0.6448814 0.6666668 0.7074418 0.5 0.3001912 0.5 0.6634775 0.3333334 0.9999954 0.2287519 0.3523842 0.1666666 0.7015518 1 1 0.8962101 0.7131624 0.8333333 0.9999954 0.2287519 1 0 0.7015518 0 0.7074418 0.5 1 0.8962101 1 0.5 0.5129674 0.6666667 1.000003 0.9441201 1 0.5623051 0 1 0.5003252 1 -4.94619e-6 0.7953507 -2.25142e-6 0.4447739 0.503664 0.3333333 -8.73872e-6 0.1046383 -8.73872e-6 0.1046383 0.5032055 0.1666666 0.5003252 0 0.5007768 0.6666667 0.5043259 0.5 -2.25142e-6 0.4447739 0.5003252 1 1.000002 0.8715741 0.50051 0.8333333 0.503664 0.3333333 1.000009 0.2234655 0.5032055 0.1666666 0.5043259 0.5 1.000005 0.5605725 0.503664 0.3333333 0.50051 0.8333333 1.000002 0.8715741 0.5007768 0.6666667 1.000009 0.2234655 1 0 0.5003252 0 -5.04623e-6 1 0.5042638 0.8333333 -8.69148e-7 0.7216039 -2.22344e-6 0.3719349 0.4991713 0.1666666 -3.18765e-6 0.06138503 0.4991713 0.1666666 0.5041998 0 -3.18765e-6 0.06138503 -8.69148e-7 0.7216039 0.5129674 0.6666667 0.4999021 0.5 0.5041998 1 1.000003 0.9441201 0.5042638 0.8333333 0.499195 0.3333333 1 0.2946076 0.4991713 0.1666666 0.4999021 0.5 1 0.2946076 0.499195 0.3333333 0.4991713 0.1666666 1 0.2946076 1.000005 0 1.000005 0.2231822 0.5128704 0.5 1 0.6038023 -1.41538e-7 1 1.000001 0.8333333 -1.81415e-7 0.7212348 -1.41538e-7 1 1.000001 1 1.000001 0.8333333 0 1 0.4992617 1 -3.06973e-6 0.7949706 -1.11293e-6 0.4448656 0.5040799 0.3333333 -4.5069e-6 0.1050575 -4.5069e-6 0.1050575 0.5040666 0.1666666 0.4992617 0 0.5000628 0.6666667 0.5128704 0.5 -1.11293e-6 0.4448656 0.4992617 1 1 0.8716936 0.4992977 0.8333334 0.5040799 0.3333333 1.000005 0.2231822 0.5040666 0.1666666 0.4992977 0.8333334 1 0.8716936 0.5000628 0.6666667 1.000005 0.2231822 1 0 0.4992617 0 0.1623988 0.4360949 0.2436713 0.1219651 0.1504148 0.02974289 -2.51208e-5 0.4336555 0.08613812 0.4033361 -1.06068e-5 0.1344028 -1.13413e-5 0.7708273 0.09929418 0.6381664 -2.51208e-5 0.4336555 0.08636116 1 0.1032074 0.8333334 -1.13413e-5 0.7708273 0.125 0.250388 0.1504148 0.02974289 0.08589243 0.07172262 0.08613812 0.4033361 0.09929418 0.6381664 0.125 0.250388 0.1623988 0.4360949 0.1504148 0.02974289 0.125 0.250388 0.1622228 0.735842 0.1623988 0.4360949 0.09929418 0.6381664 0.1475391 1 0.2475937 1 0.1622228 0.735842 0.2432516 0.5613402 0.4439872 0.8333334 0.4953747 0.6666668 0.2432516 0.5613402 0.2601237 0.3333333 0.1623988 0.4360949 0.1622228 0.735842 0.2755885 0.8333334 0.2432516 0.5613402 0.2601237 0.3333333 0.4114183 0.1666666 0.2436713 0.1219651 0.2475937 1 0.4715018 1 0.2755885 0.8333334 0.4114183 0.1666666 0.4715018 0 0.2436713 0.1219651 0.4715018 1 0.4439872 0.8333334 0.2755885 0.8333334 0.2432516 0.5613402 0.4953747 0.6666668 0.4469038 0.5 0.7114756 0 0.6210116 0.1666666 0.7108127 0.2602221 0.2601237 0.3333333 0.5279563 0.3333333 0.4114183 0.1666666 0.4469038 0.5 0.5279563 0.3333333 0.2601237 0.3333333 0.4114183 0.1666666 0.6210116 0.1666666 0.4715018 0 0.6210116 0.1666666 0.6361843 0 0.4715018 0 0.4953747 0.6666668 0.7112116 0.6666667 0.7062208 0.5 0.61435 0.9198358 0.7112116 0.6666667 0.4953747 0.6666668 0.7114756 0 0.7567767 0.2423525 0.75 0 0.7062208 0.5 0.7108127 0.2602221 0.5279563 0.3333333 0.61435 0.9198358 0.7120938 0.9238924 0.7112116 0.6666667 0.7108127 0.2602221 0.75 0.5829575 0.7567767 0.2423525 0.75 0.5829575 0.7120938 0.9238924 0.7641844 0.8842 0.7868114 0.5744969 0.8874197 0.893556 0.8768716 0.5846433 0.75 0.5829575 0.7868114 0.5744969 0.7567767 0.2423525 0.7641844 0.8842 0.7868114 0.5744969 0.75 0.5829575 0.7567767 0.2423525 0.8765871 0.3333333 0.787608 0.07512694 0.7880433 1 0.8874197 0.893556 0.7641844 0.8842 0.7868114 0.5744969 0.8768716 0.5846433 0.8765871 0.3333333 0.8765871 0.3333333 1 0.0603339 0.8736481 0.1666666 0.8768716 0.5846433 1.000001 0.4439432 0.8765871 0.3333333 0.8874197 0.893556 1.000001 0.7950596 0.8768716 0.5846433 0.1472253 0.2449195 0.2430533 0 0.1353346 0 0.8768716 0.5846433 1.000001 0.7950596 1.000001 0.4439432 1.00486e-5 0.7501562 0.1378318 0.5 -4.36726e-7 0.3884803 0.1397299 0.9685192 0.2346285 0.6110928 1.00486e-5 0.7501562 0.1472253 0.2449195 0.2346285 0.6110928 0.2423073 0.2432604 0.2430533 0 0.3116157 0.2545346 0.3102696 0 0.1397299 0.9685192 0.2439109 0.9124843 0.2346285 0.6110928 0.3208959 0.8954325 0.2857143 0.7500891 0.2439109 0.9124843 0.3116157 0.2545346 0.2346285 0.6110928 0.3241451 0.6280264 0.3102696 0 0.4238322 0.2495036 0.4612337 0 0.2346285 0.6110928 0.2857143 0.7500891 0.3241451 0.6280264 0.3208959 0.8954325 0.3241451 0.6280264 0.2857143 0.7500891 0.3208959 0.8954325 0.4612337 1 0.4205045 0.8333333 0.6690735 0.4514537 0.5720998 0.7794033 0.6714001 0.7404275 0.4021692 0.4654406 0.4238322 0.2495036 0.3116157 0.2545346 0.3208959 0.8954325 0.4205045 0.8333333 0.3241451 0.6280264 0.4021692 0.4654406 0.5475561 0.5 0.4238322 0.2495036 0.4612337 1 0.5720998 0.7794033 0.4205045 0.8333333 0.4021692 0.4654406 0.5720998 0.7794033 0.5475561 0.5 0.6815975 1 0.6714001 0.7404275 0.5720998 0.7794033 0.5692565 0.3283459 0.6690735 0.4514537 0.6792744 0.0301724 0.6792744 0.0301724 0.7337328 0.446332 0.7378672 0.1666666 0.6815975 1 0.7310143 0.8361908 0.6714001 0.7404275 0.7337328 0.446332 0.6714001 0.7404275 0.7397934 0.6666668 0.7378672 0.1666666 0.8577665 0.427417 0.8606833 0.1108105 0.7310143 0.8361908 0.7397934 0.6666668 0.6714001 0.7404275 0.7397934 0.6666668 0.8577665 0.427417 0.7337328 0.446332 0.7310143 0.8361908 0.8586131 0.8333333 0.7397934 0.6666668 0.7310143 0.8361908 0.8565668 1 0.8586131 0.8333333 0.4170007 0.3333333 5.72051e-7 0.5549945 0.4530664 0.5729437 0.8577665 0.427417 1.000001 0.3944549 0.8606833 0.1108105 0.8568919 0.6666667 1.000001 0.7047953 0.8577665 0.427417 0.8586131 0.8333333 1.000001 0.7047953 0.8568919 0.6666667 1.000003 1 1.000001 0.7047953 0.8586131 0.8333333 5.46896e-4 0.2058734 0.2288079 0 0 0 -3.51506e-7 0.8940695 0.2280408 0.6666667 5.72051e-7 0.5549945 0.2288079 1 0.2439733 0.8333333 -3.51506e-7 0.8940695 5.46896e-4 0.2058734 0.4170007 0.3333333 0.2447981 0.1666666 0.4671535 0 0.2447981 0.1666666 0.4731805 0.1666666 0.4530664 0.5729437 0.2439733 0.8333333 0.4675322 0.9050229 0.4170007 0.3333333 0.4731805 0.1666666 0.2447981 0.1666666 0.4671535 0 0.7785245 0.1666666 0.7769401 0 0.4675322 0.9050229 0.7769401 1 0.7814 0.8333333 0.4731805 0.1666666 0.8087539 0.5314569 0.7785245 0.1666666 0.7804581 0.6666667 0.4675322 0.9050229 0.7814 0.8333333 0.4530664 0.5729437 0.8087539 0.5314569 0.4170007 0.3333333 1.000002 0.7224549 0.5129541 1 1 1 0.8087539 0.5314569 0.9999827 0.3870807 0.7785245 0.1666666 0.7785245 0.1666666 1.000001 0.1283885 0.7769401 0 0.9999827 0.3870807 1.000001 0.1283885 0.7785245 0.1666666 0.7804581 0.6666667 0.9999827 0.3870807 0.8087539 0.5314569 0.7814 0.8333333 1.000001 0.7775933 0.7804581 0.6666667 0.7769401 1 1 1 1.000001 0.7775933 -2.36572e-6 0.6056249 0.5016302 0.5732749 -2.98216e-6 0.2948204 -7.17256e-6 0.9443748 0.5015224 0.8333333 -2.36572e-6 0.6056249 0.1 0.1666666 0.06966131 0.3333333 0.1 0.3333333 0.5020712 0.3333334 1.000003 0.3718672 0.5078725 0.07347142 0.5016302 0.5732749 1.000003 0.3718672 0.5020712 0.3333334 0.5015224 0.8333333 1.000002 0.7224549 0.5016302 0.5732749 0.2694017 0.8333333 0.5344251 1 0.532819 0.8333333 1.000002 0.7224549 1.000003 0.3718672 0.5016302 0.5732749 -5.87294e-6 0.6055976 0.5016554 0.5 -5.04931e-6 0.295378 -1.33666e-5 0.9433442 0.5017223 0.8333333 -5.87294e-6 0.6055976 0.5016809 0.1666666 0.5022498 0 -2.02504e-5 0 -5.87294e-6 0.6055976 0.502248 0.6666667 0.5016554 0.5 0.5022498 1 1.000014 0.9433178 0.5017223 0.8333333 0.5022853 0.3333333 1.000005 0.2956348 0.5016809 0.1666666 0.5016554 0.5 1.000005 0.2956348 0.5022853 0.3333333 0.5017223 0.8333333 1.000006 0.6053773 0.502248 0.6666667 0.5016809 0.1666666 1.000005 0.2956348 1.000021 0 8.85724e-6 0.8940869 0.5015822 0.7369839 -1.03081e-4 0.5548559 0.5015807 0.2594027 1 0.2054847 9.29985e-6 0 0.5015822 0.7369839 1.000001 0.5549026 -1.03081e-4 0.5548559 1.000001 0.5549026 1 0.2054847 0.5015807 0.2594027 -1.62122e-6 0.4443777 0.2705648 0.3333334 2.24558e-4 0.1666666 4.95635e-5 0.7492695 0.2224386 0.4963157 -1.62122e-6 0.4443777 0.2705648 0.3333334 0.4012889 0.1785215 2.24558e-4 0.1666666 0.2224386 0.4963157 0.4944303 0.4067655 0.2705648 0.3333334 0.2224386 0.4963157 0.532819 0.8333333 0.6739156 0.5927292 0.2705648 0.3333334 0.4944303 0.4067655 0.4012889 0.1785215 0.532819 0.8333333 0.7062831 1 0.7139834 0.792457 0.8283415 0.7450821 0.7062831 1 0.8276767 1 0.7017393 0.2380576 0.7062831 0 0.4012889 0.1785215 0.532819 0.8333333 0.7139834 0.792457 0.6739156 0.5927292 0.7139834 0.792457 0.8291679 0.4213171 0.6739156 0.5927292 0.7017393 0.2380576 0.8291679 0.4213171 0.8272697 0.07560402 0.8291679 0.4213171 1.000014 0.7746198 1 0.3897743 0.8291679 0.4213171 1.000018 0.1307673 0.8272697 0.07560402 0.8276767 1 1 1 1.000014 0.7746198 0 0.250001 0.9999999 0 0 0 1 0.2500001 0 0.578885 0.9999999 0.590759 0.9999999 0.590759 0 0.916666 0.9999999 0.9166662 0.1551066 1 0.3040705 0.8333334 0.1683872 0.8333334 0 0.445177 0.1626243 0.3333334 2.80983e-5 0.1666666 2.0665e-5 0.6666667 0.1689447 0.5 0 0.445177 2.80983e-5 0.1666666 0.3005135 0.1666666 0.1551066 0 0.1813099 0.6666668 0.3040705 0.8333334 0.304261 0.6666667 0.3005135 0.1666666 0.3341901 0 0.1551066 0 0.1813099 0.6666668 0.304261 0.6666667 0.1689447 0.5 0.304261 0.6666667 0.3812947 0.8333333 0.3864612 0.6666667 0.3005135 0.1666666 0.3816667 0.1666666 0.3341901 0 0.3812947 0.8333333 0.5206186 1 0.4908732 0.8333333 0.3864612 0.6666667 0.5160462 0.5 0.3329194 0.4977681 0.5206186 0 0.3816667 0.1666666 0.4921582 0.1666666 0.3579273 0.3333333 0.4921582 0.1666666 0.3816667 0.1666666 0.498566 0.3333333 1.55522e-5 0.5 0.5918036 0.5 0.5160462 0.5 0.5254823 0.3333334 0.3579273 0.3333333 0.3812947 0.8333333 0.4908732 0.8333333 0.3864612 0.6666667 0.5206186 1 0.6938084 0.8333333 0.4908732 0.8333333 0.518873 0.6666666 0.7970556 0.6666668 0.5160462 0.5 0.6938084 0.8333333 0.7970556 0.6666668 0.518873 0.6666666 0.6885224 0.1666666 0.8042824 0 0.5206186 0 0.5160462 0.5 0.8016108 0.5 0.5254823 0.3333334 0.5254823 0.3333334 0.8234529 0.3333333 0.6885224 0.1666666 0.8016108 0.5 0.8234529 0.3333333 0.5254823 0.3333334 0.6885224 0.1666666 1.000022 0.2233914 0.8042824 0 0.8042824 1 1.000001 0.8716486 0.8676379 0.8333333 0.8016108 0.5 1.000001 0.5605708 0.8234529 0.3333333 0.8676379 0.8333333 1.000001 0.8716486 0.7970556 0.6666668 1.000022 0.2233914 1 0 0.8042824 0 1.37042e-5 0.1666666 0.5270969 0.1666666 3.95133e-5 0 3.80807e-5 0.3333333 0.5270969 0.1666666 1.37042e-5 0.1666666 0.5270969 0.1666666 0.4990086 0 3.95133e-5 0 3.80807e-5 0.3333333 0.498566 0.3333333 0.5270969 0.1666666 1.55522e-5 0.5 0.563457 0.6666666 0.5918036 0.5 0.5918036 0.5 0.9999616 0.771862 0.9999518 0.3886057 1.53785e-5 0.8333333 0.563457 0.6666666 9.37346e-6 0.6666667 0.529326 0.7962132 0.99993 1 0.9999616 0.771862 0.5918036 0.5 0.9999518 0.3886057 0.498566 0.3333333 0.529326 0.7962132 0.9999616 0.771862 0.563457 0.6666666 0.9999518 0.3886057 0.99993 0.03905749 0.5270969 0.1666666 0.229393 1 0.3333333 0.7500026 0.2287443 0.7444605 -7.75191e-5 0.4279337 0.227198 0.3333333 -3.64258e-5 0.1336499 -2.04203e-5 0.776227 0.2287443 0.7444605 -7.75191e-5 0.4279337 0.229393 1 0.2287443 0.7444605 -2.04203e-5 0.776227 -7.75191e-5 0.4279337 0.2741516 0.5 0.227198 0.3333333 0.227198 0.3333333 0.3999419 0.1666666 0.2303865 0.07523202 0.3999419 0.1666666 0.3908526 0 0.2303865 0.07523202 0.2741516 0.5 0.4311484 0.7494148 0.5423861 0.5780066 0.2287443 0.7444605 0.3333333 0.7500026 0.2741516 0.5 0.6597082 0.8333334 0.3908526 1 0.6804066 1 1.000002 0.2224895 0.7108366 0.5 1 0.6044157 0.3895158 0.3333333 0.6740928 0.3333333 0.3999419 0.1666666 0.5423861 0.5780066 0.6740928 0.3333333 0.3895158 0.3333333 0.6597082 0.8333334 0.5423861 0.5780066 0.4311484 0.7494148 0.6804066 1 1 0.872047 0.6597082 0.8333334 0.6740928 0.3333333 1.000002 0.2224895 0.6858384 0.1114828 0.6597082 0.8333334 1 0.872047 0.5423861 0.5780066 1.000002 0.2224895 1 0 0.6858384 0.1114828 0.5249214 0.2974743 0.6255062 0.6140822 0.6242617 0.3333333 -1.22735e-5 1 0.5035422 0.8333333 -3.401e-6 0.7219881 -4.88571e-6 0.3713032 0.5003002 0.1666666 -7.70664e-6 0.06201523 0.5003002 0.1666666 0.5036356 0 -7.70664e-6 0.06201523 -3.401e-6 0.7219881 0.5042067 0.6666667 0.5005059 0.5 0.5036356 1 1.000009 0.9430667 0.5035422 0.8333333 0.5005865 0.3333333 1.000001 0.2951679 0.5003002 0.1666666 0.5005059 0.5 1.000001 0.2951679 0.5005865 0.3333333 0.5035422 0.8333333 1.000005 0.606158 0.5042067 0.6666667 0.5003002 0.1666666 1.000001 0.2951679 1.000013 0 -3.48328e-7 0.7782778 0.120023 0.6666667 8.58806e-6 0.4169944 0.2050871 0.5 0.1755792 0.250344 8.58806e-6 0.4169944 0.2251664 1 0.2262545 0.672456 0.1273887 0.919119 0.1755792 0.250344 0.2834637 0.2896602 0.2166019 0.01331651 0.2262545 0.672456 0.2305898 0.3736618 0.2050871 0.5 0.2834637 0.2896602 0.2872799 0 0.2166019 0.01331651 0.2305898 0.3736618 0.2880173 0.5962898 0.2834637 0.2896602 0.2736854 0.8736844 0.3753952 0.8735958 0.2880173 0.5962898 0.3824673 0.2240548 0.3826904 0 0.2872799 0 0.3753952 0.8735958 0.4918042 1 0.4739207 0.7099205 0.4739207 0.7099205 0.4898858 0.4529078 0.3829885 0.6299696 0.4898858 0.4529078 0.5249214 0.2974743 0.4896424 0.06147277 0.4739207 0.7099205 0.5227157 0.8012391 0.4898858 0.4529078 0.5249214 0.2974743 0.6231854 0.02758777 0.4896424 0.06147277 0.6223123 1 0.628618 0.8333333 0.5227157 0.8012391 0.6242617 0.3333333 0.6231854 0.02758777 0.5249214 0.2974743 0.7556861 0.1666666 0.8798683 0.3333333 0.8844907 0.1666666 0.5227157 0.8012391 0.628618 0.8333333 0.6255062 0.6140822 0.6223123 1 0.747076 0.9262273 0.628618 0.8333333 0.6242617 0.3333333 0.7503412 0.3333333 0.6231854 0.02758777 0.6255062 0.6140822 0.7503412 0.3333333 0.6242617 0.3333333 0.628618 0.8333333 0.7525308 0.5693991 0.6255062 0.6140822 0.6231854 0.02758777 0.7556861 0.1666666 0.744236 0 0.875675 1 0.8783771 0.8333333 0.747076 0.9262273 0.7556861 0.1666666 0.875675 0 0.744236 0 0.747076 0.9262273 0.8783771 0.8333333 0.7525308 0.5693991 0.8798683 0.3333333 0.7525308 0.5693991 0.8857854 0.5 0.8822862 0.6666668 1.000003 0.9429906 1 0.5590551 0.7525308 0.5693991 0.8822862 0.6666668 0.8857854 0.5 0.875675 1 1.000003 0.9429906 0.8783771 0.8333333 0.8798683 0.3333333 1.000004 0.295839 0.8844907 0.1666666 0.8857854 0.5 1.000004 0.295839 0.8798683 0.3333333 0.8844907 0.1666666 1.000004 0.295839 1.000004 0 0.1140871 0.7439578 0.1950024 1 0.1973705 0.7518795 -1.14669e-5 0.2045968 0.1147755 0.07580506 0 0 -9.14575e-6 0.8932152 0.1140871 0.7439578 -2.89897e-5 0.564006 0.1144889 1 0.1140871 0.7439578 -9.14575e-6 0.8932152 0.3130126 0.7544263 0.1950024 1 0.3284508 1 0.192021 0.2374705 0.1950024 0 0.1147755 0.07580506 0.1140871 0.7439578 0.1973705 0.7518795 0.1556576 0.4991039 0.1973705 0.7518795 0.3196387 0.4135115 0.1556576 0.4991039 0.3284508 0 0.192021 0.2374705 0.3603702 0.1666666 1 0.3887788 0.8121756 0.6666667 1 0.7729742 0.3284508 1 0.4994159 0.8333333 0.3130126 0.7544263 0.3196387 0.4135115 0.4684451 0.2989018 0.3603702 0.1666666 0.3130126 0.7544263 0.5248762 0.5531633 0.3196387 0.4135115 0.4994159 0.8333333 0.5248762 0.5531633 0.3130126 0.7544263 0.3284508 1 0.5196104 1 0.4994159 0.8333333 0.3603702 0.1666666 0.4684451 0.2989018 0.5196104 0 0.5248762 0.5531633 0.6252052 0.2947578 0.4684451 0.2989018 0.4684451 0.2989018 0.8060325 0 0.5196104 0 0.5248762 0.5531633 0.8103496 0.5 0.6252052 0.2947578 0.5248762 0.5531633 0.8121756 0.6666667 0.8103496 0.5 0.4684451 0.2989018 0.6252052 0.2947578 0.8060325 0 0.8103496 0.5 0.8209467 0.3333334 0.6252052 0.2947578 0.6252052 0.2947578 0.9999794 0.1120336 0.8060325 0 0.8060325 1 1.000001 1 0.8211603 0.8333333 0.8103496 0.5 1 0.3887788 0.8209467 0.3333334 0.2803158 0.8333333 0.3623595 1 0.3607642 0.8333333 -2.7941e-7 0.4391747 0.1722263 0.6331202 -2.28726e-7 0.1278365 -6.60874e-7 0.7783798 0.1671713 0.6666667 -2.7941e-7 0.4391747 0.1583377 0.8941335 0.2803158 0.8333333 0.1671713 0.6666667 0.1583377 0.8941335 0.284552 1 0.2803158 0.8333333 0.2803158 0.8333333 0.2823302 0.5560947 0.1671713 0.6666667 0.3549947 0.1225364 0.2824597 0.3333333 0.3629718 0.3333333 0.2824597 0.3333333 0.3559551 0.5574571 0.3629718 0.3333333 0.2803158 0.8333333 0.3559551 0.5574571 0.2823302 0.5560947 0.502846 0.6666667 0.3607642 0.8333333 0.5018782 0.9182072 0.3629718 0.3333333 0.4977715 0.1666666 0.3549947 0.1225364 0.3559551 0.5574571 0.4991237 0.4349623 0.3629718 0.3333333 0.4977715 0.1666666 0.5009849 0 0.3549947 0.1225364 0.3559551 0.5574571 0.502846 0.6666667 0.4991237 0.4349623 0.6773374 0 0.4977715 0.1666666 0.6777996 0.1666666 0.6777996 0.1666666 0.4991237 0.4349623 0.6797712 0.4207255 0.502846 0.6666667 0.6797712 0.4207255 0.4991237 0.4349623 0.502846 0.6666667 0.6749126 0.9054585 0.6784464 0.6666668 0.4047672 0 0.7883757 0.2581366 0.7922397 0 0.6749126 0.9054585 0.8046711 1 0.8053103 0.7439616 0.6797712 0.4207255 0.803814 0.3333333 0.6777996 0.1666666 0.8053103 0.7439616 0.8437812 0.5 0.6797712 0.4207255 0.88549 0.2669393 0.8847982 0 0.8113291 0.119655 0.8053103 0.7439616 0.8844972 0.6666666 0.8437812 0.5 0.8053103 0.7439616 0.8854448 0.9285301 0.8844972 0.6666666 0.8437812 0.5 1.000026 0.4368879 0.88549 0.2669393 0.8854448 0.9285301 1.00001 0.7974787 0.8844972 0.6666666 0.8844972 0.6666666 1.00001 0.7974787 1.000026 0.4368879 2.25208e-5 0.6666667 0.2286159 0.5 2.75029e-5 0.3506811 1.66961e-5 0.9695184 0.4047672 1 0.3581653 0.8333334 0.3599393 0.1666666 0.4047672 0 1.67067e-5 0.03891545 2.25208e-5 0.6666667 0.3972824 0.6666667 0.2286159 0.5 2.75029e-5 0.3506811 0.4728822 0.538893 0.3599393 0.1666666 0.3120182 0.1666666 0.7109078 0.3858808 0.7307031 0.1666666 0.4728822 0.538893 0.7432758 0.5906929 0.7883757 0.2581366 0.7432758 0.5906929 0.9999867 0.4652517 0.7883757 0.2581366 0.9999889 0.7209871 0.9999867 0.4652517 0.7432758 0.5906929 0.7905713 0.8993365 0.9999889 0.7209871 0.7432758 0.5906929 0.7883757 0.2581366 1 0.1280661 0.7922397 0 0.7905713 0.8993365 1 1 0.9999889 0.7209871 -7.80079e-7 0.2725077 0.3120182 0.1666666 1.75368e-4 0 -1.83788e-6 0.6114469 0.2943255 0.5 -7.80079e-7 0.2725077 -7.80079e-7 0.2725077 0.2803142 0.3333333 0.3120182 0.1666666 0.2485653 0.8333333 0.3837843 0.6666668 -1.83788e-6 0.6114469 1.75559e-4 0.9613415 0.4654024 1 0.2485653 0.8333333 0.3120182 0.1666666 0.4654024 0 1.75368e-4 0 0.4654024 1 0.7912418 0.6570631 0.2485653 0.8333333 0.2485653 0.8333333 0.7912418 0.6570631 0.3837843 0.6666668 0.3120182 0.1666666 0.7307031 0.1666666 0.4654024 0 0.6719056 0.6666667 0.2904614 0.8333334 0.7082709 0.7910137 0.3837843 0.6666668 0.7109078 0.3858808 0.2943255 0.5 0.7307031 0.1666666 1.000001 0.03871536 0.7811093 0 0.9999859 0.4472193 1.000001 0.03871536 0.7307031 0.1666666 0.7912418 0.6570631 1 0.7728571 0.9999859 0.4472193 3.03499e-6 0.1026825 0.5079385 0.3087859 0.381878 0 1.16206e-5 0.4163325 0.5079385 0.3087859 3.03499e-6 0.1026825 1.16206e-5 0.4163325 0.6307621 0.5 0.5079385 0.3087859 0.6307621 0.5 0.7082709 0.7910137 0.7966204 0.4975618 0.5079385 0.3087859 0.7090391 0.3333333 0.7009567 0.07171291 0.6307621 0.5 0.7966204 0.4975618 0.7090391 0.3333333 0.8276837 0.7405752 0.7020469 1 0.8261742 1 0.7009567 0.07171291 0.7966204 0.4975618 0.8261888 0.07717984 0.351538 0.3671692 0.671152 0.5 0.7073306 0.3750595 0.7966204 0.4975618 1.000023 0.2008733 0.8261888 0.07717984 0.8276837 0.7405752 1.000053 0.5666629 0.7966204 0.4975618 1.000053 0.5666629 1.000023 0.2008733 0.7966204 0.4975618 0 1 0.2148355 1 1.95331e-5 0.8333334 1.95331e-5 0.8333334 0.2065891 0.6302766 1.85462e-5 0.4191625 -1.63408e-6 0.1061942 0.351538 0.3671692 0.3405463 0.09105211 0.2065891 0.6302766 0.2782543 0.5 1.85462e-5 0.4191625 0.2782543 0.5 0.351538 0.3671692 1.85462e-5 0.4191625 0.2065891 0.6302766 0.6341081 0.6666667 0.2782543 0.5 0.6341081 0.6666667 0.7073306 0.3750595 0.671152 0.5 0.2065891 0.6302766 0.7046356 0.833072 0.6341081 0.6666667 0.6994056 1 0.7969898 0.6710895 0.7046356 0.833072 0.7046356 0.833072 0.7969898 0.6710895 0.6341081 0.6666667 0.7007045 0.09492367 0.8274889 0.4265035 0.8258976 0.08958166 2.37763e-7 0.1666666 1 0 -3.75279e-7 0 0.825938 1 1.000025 0.9662832 0.7969898 0.6710895 0.7969898 0.6710895 1.000056 0.599114 0.8274889 0.4265035 0.7969898 0.6710895 1.000025 0.9662832 1.000056 0.599114 -5.56871e-6 0.6057133 0.5016436 0.5 -4.59378e-6 0.2951865 -1.23368e-5 0.9436014 0.501698 0.8333333 -5.56871e-6 0.6057133 0.5016618 0.1666666 0.502232 0 -1.86467e-5 0 -5.56871e-6 0.6057133 0.5022218 0.6666667 0.5016436 0.5 0.502232 1 1.000013 0.9436041 0.501698 0.8333333 0.5022664 0.3333333 1.000005 0.2953845 0.5016618 0.1666666 0.5016436 0.5 1.000005 0.2953845 0.5022664 0.3333333 0.501698 0.8333333 1.000006 0.6055472 0.5022218 0.6666667 0.5016618 0.1666666 1.000005 0.2953845 1.00002 0 3.16028e-4 0.8940463 0.5013551 0.6666666 1.88587e-5 0.5547224 1.54121e-4 0.2056758 1 0.2056427 3.16345e-4 0 0.9973934 0.5536125 1 0.2056427 1.54121e-4 0.2056758 0.5013551 0.6666666 0.9973934 0.5536125 1.88587e-5 0.5547224 -2.0943e-7 0.6666668 1 0.9092408 0.9999998 0.5759093 0.9999998 0.5759093 1 0.2425729 6.13042e-7 0.412219 2.6172e-7 0 1 0.2499995 1 0 1 0.2499995 2.14438e-7 0.5 1 0.5833333 0 0 1 0.2425731 1 0 0.9999998 0.9092407 1 0.5833333 2.6172e-7 0.754449 0 0.2544478 1 0.5 1 0.2425731 0.3120284 0.7419241 0.2418511 1 0.3182227 1 0 0.5877814 0.9999999 0.8321828 1 0.5 0.2612767 0.3694562 0.254956 0.1666666 4.32656e-6 0.2190698 0.2388959 0.7340483 0.2612767 0.3694562 0.2400323 0.5 0.2612767 0.3694562 0.3229598 0.0485022 0.254956 0.1666666 0.4943468 0.5 0.3120284 0.7419241 0.5291015 0.6666668 0.4943468 0.5 0.520723 0.3333334 0.3302575 0.4256482 0.1982576 0.907982 0.3552872 0.5907076 0.198711 0.6666667 0.3120284 0.7419241 0.458398 0.8333333 0.5291015 0.6666668 0.3229598 0.0485022 0.6103777 0.1666666 0.5554444 0 0.458398 0.8333333 0.6696226 0.8333333 0.5291015 0.6666668 0.4943468 0.5 0.6944888 0.5 0.520723 0.3333334 0.5291015 0.6666668 0.6944888 0.5 0.4943468 0.5 0.6944888 0.5 0.8604122 0.4610346 0.520723 0.3333334 0.5554444 1 0.8644794 0.8586884 0.6696226 0.8333333 0.8604122 0.4610346 0.9999448 0.1061548 0.6103777 0.1666666 0.6696226 0.8333333 0.8644794 0.8586884 0.802526 0.6666666 0.8604122 0.4610346 1 0.3722433 0.9999448 0.1061548 0.8644794 0.8586884 1 0.7216977 0.802526 0.6666666 0.8644794 0.8586884 1 1 1 0.7216977 1 0.7216977 1 0.3722433 0.8604122 0.4610346 -2.92587e-7 0.2054539 0.1956292 0 0 0 -5.73217e-7 0.8940296 0.198711 0.6666667 -6.83214e-7 0.555049 0.1982576 0.907982 0.3849661 1 0.3808122 0.8333334 0.2018954 0.4020465 0.366244 0.3333333 0.2028871 0.1666666 0.3552872 0.5907076 0.366244 0.3333333 0.2018954 0.4020465 0.3794749 0.07245826 0.4685003 0.4031297 0.4624179 0.1758673 0.3808122 0.8333334 0.5300562 1 0.496645 0.7011061 0.3552872 0.5907076 0.496645 0.7011061 0.4685003 0.4031297 0.3808122 0.8333334 0.496645 0.7011061 0.3552872 0.5907076 0.7348052 0 0.8272463 0.2120417 0.8376998 0 0.4685003 0.4031297 0.7323901 0.2657474 0.4624179 0.1758673 0.5300562 1 0.7347632 0.9268237 0.496645 0.7011061 0.7320138 0.567814 0.7323901 0.2657474 0.4685003 0.4031297 0.7323901 0.2657474 0.8000001 0.5615114 0.8272463 0.2120417 0.7347632 0.9268237 0.8000001 0.5615114 0.7320138 0.567814 0.8612743 0.4006961 1 0.05283254 0.8272463 0.2120417 0.8000001 0.5615114 0.8609253 0.737952 0.8612743 0.4006961 0.8376998 0.9695389 1.00003 0.800542 0.8609253 0.737952 0.6125624 0.6666668 0.3222481 0.8333333 0.6761882 0.8333333 0.8609253 0.737952 1.00003 0.800542 1.000021 0.4392257 -2.03813e-6 0.6057213 0.3233249 0.5756422 -2.59898e-6 0.2947925 -6.53675e-6 0.944166 0.3222481 0.8333333 -2.03813e-6 0.6057213 0.3329674 0.3333333 0.6081705 0.1666666 0.3338056 0.06189894 0.6125624 0.6666668 0.6231832 0.3744729 0.3233249 0.5756422 0 0 1 0.2425749 1 0 0.3373264 1 0.687472 1 0.6761882 0.8333333 0.6231832 0.3744729 0.770973 0.57026 0.771544 0.2334727 0.6761882 0.8333333 0.770973 0.57026 0.6125624 0.6666668 0.771544 0.2334727 1.000038 0.06157445 0.687472 0 0.6761882 0.8333333 1.000016 0.7020922 0.770973 0.57026 1.000061 1 1.000016 0.7020922 0.6761882 0.8333333 -3.3901e-7 0.2544479 0.9999996 0.5833337 1 0.2425749 1.26069e-7 0.5833328 0.9999998 0.916666 0.9999996 0.5833337 1 0.3333333 0 0.5833333 1 0.5833332 0 0.08333331 1 0.2574269 1 0 0 0.4166668 1 0.583334 1 0.2574269 1 0.9166674 1 0.583334 0 0.7544484 1 0.3333333 1 0.08333313 -1.4316e-7 0.2499993 0 0.9211145 1 0.5833332 0 0.5833333 0.4984341 0 0.2025252 0.1666666 0.4942028 0.1666666 -7.35337e-7 0.2065525 0.1890742 0 0 0 0.1890742 1 0.2101205 0.8333333 -3.84669e-7 0.8957193 2.72411e-7 0.5 0.1996855 0.5 0.1933035 0.3333333 0.1890742 1 0.4984341 1 0.2101205 0.8333333 0.1933035 0.3333333 0.4942028 0.1666666 0.2025252 0.1666666 0.1933035 0.3333333 0.4929959 0.5 0.5839939 0.3333333 0.2381811 0.6666666 0.4976571 0.8333333 0.4989537 0.6666668 0.2381811 0.6666666 0.4929959 0.5 0.1996855 0.5 0.4984341 1 0.4976571 0.8333333 0.2101205 0.8333333 0.2381811 0.6666666 0.4989537 0.6666668 0.4929959 0.5 0.4989537 0.6666668 0.7469819 0.5 0.4929959 0.5 0.4984341 0 0.748178 0.1666666 0.7589341 0 0.4984341 1 0.7516797 0.8333333 0.4976571 0.8333333 0.748178 0.1666666 0.9999969 0.4014306 1.000002 0.09477591 0.748178 0.1666666 1.000002 0.09477591 0.7589341 0 0.7589341 1 0.9999988 0.7501806 0.7516797 0.8333333 0.7469819 0.5 0.9999969 0.4014306 0.5839939 0.3333333 0.9999969 0.4014306 0.7506235 0.6666667 0.9999988 0.7501806 0.3605348 0.8333333 0.1466128 1 0.3686797 1 -6.91487e-7 1 0.1372805 0.8333334 0 0.8333333 0 0.5 0.1393198 0.5 0 0.3333333 -5.70478e-7 0.6666667 0.1393198 0.5 0 0.5 0 0.3333333 0.156196 0.3333333 0.1374651 0.1666666 0.1372805 0.8333334 0.1570881 0.6666667 -5.70478e-7 0.6666667 0.1466128 0 0.3414257 0.1666666 0.3686797 0 0.3605348 0.8333333 0.5995535 1 0.6144329 0.8333333 0.156196 0.3333333 0.3414257 0.1666666 0.1374651 0.1666666 0.1372805 0.8333334 0.3605348 0.8333333 0.1570881 0.6666667 0.156196 0.3333333 0.4143285 0.3333333 0.3414257 0.1666666 0.3605348 0.8333333 0.3774678 0.6666668 0.1570881 0.6666667 0.3124442 0.5 0.4867315 0.5 0.4143285 0.3333333 0.3774678 0.6666668 0.4867315 0.5 0.3124442 0.5 0.4143285 0.3333333 0.5933766 0.1666666 0.3414257 0.1666666 0.3774678 0.6666668 0.6144329 0.8333333 0.6035813 0.6666667 0.5933766 0.1666666 0.5995535 0 0.3686797 0 0.3774678 0.6666668 0.6035813 0.6666667 0.4867315 0.5 0.4867315 0.5 0.678283 0.3333333 0.4143285 0.3333333 0.5995535 1 0.7126109 0.7610129 0.6144329 0.8333333 0.6035813 0.6666667 0.6328198 0.5 0.4867315 0.5 0.5995535 0 0.750888 0.1666666 0.7427817 0 0.6328198 0.5 0.7126109 0.7610129 0.7503714 0.5 0.678283 0.3333333 0.750888 0.1666666 0.5933766 0.1666666 0.6328198 0.5 0.7503714 0.5 0.678283 0.3333333 0.8796753 0.1666666 0.7701282 0.3333333 0.8794582 0.3333333 0.7427817 1 0.7694263 0.7727121 0.7126109 0.7610129 0.7126109 0.7610129 0.7694263 0.7727121 0.7503714 0.5 0.7427817 1 0.8745447 1 0.7694263 0.7727121 0.750888 0.1666666 0.8796753 0.1666666 0.8745447 0 0.7701282 0.3333333 0.87917 0.5 0.8794582 0.3333333 7.94718e-6 0.6666667 0.3290526 0.5 2.16133e-5 0.5 0.8754425 0.6666667 0.87917 0.5 0.7503714 0.5 0.8796753 0.1666666 1.000003 0.05779474 0.8745447 0 0.8794582 0.3333333 1.000002 0.3931201 0.8796753 0.1666666 0.8754425 0.6666667 1 0.7051852 0.87917 0.5 0.8764334 0.8333333 1 0.7051852 0.8754425 0.6666667 1.000005 1 1 0.7051852 0.8764334 0.8333333 6.5889e-5 0.1666666 0.2670833 0 0 0 0.2670833 1 0.2805346 0.8333334 -4.81177e-7 0.8950866 0.2805346 0.8333334 0.6547577 1 0.6646658 0.8333333 0.3290526 0.5 0.4638566 0.3333334 8.57789e-5 0.3333333 0.339219 0.1666666 0.6547577 0 0.2670833 0 0.5169786 0.5 0.9957715 0.6681203 1.000191 0.3956713 0.4638566 0.3333334 0.6620398 0.1666666 0.339219 0.1666666 0.2805346 0.8333334 0.6646658 0.8333333 0.3461486 0.6666667 0.4638566 0.3333334 0.6564998 0.3333334 0.6620398 0.1666666 0.6646658 0.8333333 0.6553518 0.6666667 0.3461486 0.6666667 0.6553518 0.6666667 0.6940186 0.5 0.6106655 0.5 0.6547577 1 0.831427 1 0.6646658 0.8333333 0.6620398 0.1666666 0.831427 0 0.6547577 0 0.6940186 0.5 0.8292617 0.3644818 0.6564998 0.3333334 0.6553518 0.6666667 0.8329777 0.6666666 0.6940186 0.5 0.8292617 0.3644818 0.8387855 0.1666666 0.6620398 0.1666666 0.6646658 0.8333333 0.8378024 0.8333333 0.8329777 0.6666666 0.8329777 0.6666666 0.9999854 0.5550684 0.8292617 0.3644818 0.831427 1 1.000002 0.9435393 0.8378024 0.8333333 0.8292617 0.3644818 1 0.2936792 0.8387855 0.1666666 0.9999854 0.5550684 1 0.2936792 0.8292617 0.3644818 0.8378024 0.8333333 0.9999854 0.5550684 0.8329777 0.6666666 0.8387855 0.1666666 1 0.2936792 1.000003 0 4.04551e-4 0.2058973 0.4951949 0 0 0 -1.10252e-6 0.8948544 0.5092372 0.6666666 0 0.5547549 0.4951949 1 0.9957715 0.6681203 -1.10252e-6 0.8948544 0 0.5547549 0.5169786 0.5 1.000191 0.3956713 4.04551e-4 0.2058973 0.9999998 0.09037202 0.4951949 0 1.000191 0.3956713 0.9999998 0.09037202 4.04551e-4 0.2058973 1.36061e-5 0.1666666 0.2071115 0.3333333 0.2222781 0.1666666 0 1 0.4996967 1 -5.76068e-6 0.7951431 -2.79457e-6 0.4450605 0.504782 0.3333333 -6.8981e-6 0.1037791 -6.8981e-6 0.1037791 0.5047232 0.1666666 0.4996967 0 0.4997951 0.6666668 0.505803 0.5 -2.79457e-6 0.4450605 0.4996967 1 1.000001 0.8722026 0.4997856 0.8333333 0.504782 0.3333333 1.000008 0.2237857 0.5047232 0.1666666 0.505803 0.5 1.000006 0.5599386 0.504782 0.3333333 0.4997856 0.8333333 1.000001 0.8722026 0.4997951 0.6666668 1.000008 0.2237857 1 0 0.4996967 0 0 0.6058338 1.000002 0.4238761 -4.78122e-7 0.2982272 0 0.9397695 1.000003 0.7573515 0 0.6058338 0 0.9397695 1.000002 1 1.000003 0.7573515 4.01618e-5 0.8333333 0.1296644 0.6666667 -8.24e-7 0.6666667 0.2255072 0.8333333 6.56145e-5 1 0.2564731 1 0.1296644 0.6666667 0.2256171 0.5 3.14734e-5 0.5 0.1296644 0.6666667 0.2255072 0.8333333 0.2522684 0.6666667 0.4983334 0 0.2907825 0.1666666 0.5113136 0.1666666 0.2256171 0.5 0.2723746 0.3333334 0.2071115 0.3333333 0.2564731 1 0.2957788 0.8333333 0.2255072 0.8333333 0.2256171 0.5 0.3360212 0.5 0.2723746 0.3333334 0.2564731 1 0.4983334 1 0.2957788 0.8333333 0.6046702 0.3333333 0.8324834 0.5 0.8499183 0.3333333 0.2957788 0.8333333 0.4964535 0.6666667 0.2522684 0.6666667 0.2957788 0.8333333 0.630591 0.8333334 0.4964535 0.6666667 0.4021163 0.3333333 0.6046702 0.3333333 0.5113136 0.1666666 0.4983334 1 0.7267777 1 0.630591 0.8333334 0.999894 0 0.7487372 0.1666666 0.9999631 0.229678 0.7267777 1 0.999894 0.9608344 0.8751187 0.8333333 0.8499183 0.3333333 1.000034 0.6106181 0.9999631 0.229678 0.8499183 0.3333333 0.9999631 0.229678 0.7487372 0.1666666 0.1639354 0.1666666 0.3405684 0.3333333 0.4285039 0.1666666 0.8751187 0.8333333 0.999894 0.9608344 1.000034 0.6106181 -1.79049e-6 1 0.1662212 0.8333333 -1.91438e-6 0.7288065 -1.91438e-6 0.7288065 0.1680114 0.5 0 0.3881511 0 0.3881511 0.1666036 0.3333333 0.1639354 0.1666666 0.1662212 0.8333333 0.2292793 0.6666666 -1.91438e-6 0.7288065 0.2418537 1 0.3468145 0.8333333 0.1662212 0.8333333 0.3405684 0.3333333 0.1680114 0.5 0.3507248 0.5 0.3468145 0.8333333 0.5008405 1 0.5010455 0.8333334 0.1662212 0.8333333 0.3468145 0.8333333 0.2292793 0.6666666 0.3468145 0.8333333 0.4431923 0.6666667 0.2292793 0.6666666 0.5010455 0.8333334 0.6447835 1 0.644633 0.8333333 0.4285039 0.1666666 0.5008405 0 0.2418537 0 0.3468145 0.8333333 0.5010455 0.8333334 0.4431923 0.6666667 0.3507248 0.5 0.5116004 0.5 0.500806 0.3333333 0.500806 0.3333333 0.5392413 0.1530312 0.4285039 0.1666666 0.4431923 0.6666667 0.5287514 0.6666667 0.5116004 0.5 0.5287514 0.6666667 0.644633 0.8333333 0.7149686 0.6666667 0.5116004 0.5 0.6455153 0.2464119 0.500806 0.3333333 0.644633 0.8333333 0.8221749 1 0.8213586 0.8333333 0.6455153 0.2464119 0.8221749 0 0.5392413 0.1530312 0.6455153 0.2464119 0.8230201 0.5 0.8216105 0.3333333 0.8216105 0.3333333 0.8212758 0.1666666 0.6455153 0.2464119 3.94996e-5 0.8333333 0.4980093 1 0.5347513 0.8333333 0.644633 0.8333333 0.8213586 0.8333333 0.7149686 0.6666667 0.8213586 0.8333333 0.9999704 0.7506865 0.7149686 0.6666667 0.8221749 1 0.9999704 0.7506865 0.8213586 0.8333333 0.8216105 0.3333333 1.000005 0.1666666 0.8212758 0.1666666 0.8230201 0.5 1.000003 0.4429661 0.8216105 0.3333333 1.000005 0.1666666 1 0 0.8221749 0 9.51404e-5 0.3333333 0.5157361 0.3333334 1.34531e-4 0.1666666 1.24036e-4 0.5 0.5157361 0.3333334 9.51404e-5 0.3333333 1.15084e-4 0 0.4934225 0.1666666 0.4980093 0 0.50112 0.5 6.22097e-5 0.6666667 0.5065345 0.6666667 1.24036e-4 0.5 0.50112 0.5 0.5157361 0.3333334 3.94996e-5 0.8333333 0.5065345 0.6666667 6.22097e-5 0.6666667 0.4980093 0 0.9999836 0.1666666 0.9997669 0 0.4980093 1 0.9997669 0.9380838 0.5347513 0.8333333 0.5065345 0.6666667 0.9985916 0.3963852 0.50112 0.5 0.2756407 0 0.6105228 0.2395133 0.6781842 0 0.5347513 0.8333333 0.9999154 0.6666667 0.5065345 0.6666667 0.5347513 0.8333333 0.9997669 0.9380838 0.9999154 0.6666667 0 1 0.2756407 1 -6.67665e-6 0.7960183 -9.89771e-6 0.1026298 0.2839844 0.1666666 0.2756407 0 0.2756407 1 0.6781842 1 0.3373985 0.8333333 0.2833862 0.5 0.6163685 0.7440552 0.5023934 0.3909054 0.1914699 0.6666667 0.4745559 0.8333333 0.5182967 0.6666666 0.3373985 0.8333333 0.6163685 0.7440552 0.005006849 0.5031387 0.6163685 0.7440552 0.7298069 0.5 0.5023934 0.3909054 0.6781842 1 0.7706966 0.7314987 0.6163685 0.7440552 0.6105228 0.2395133 0.7704053 0.2686055 0.6781842 0 0.6781842 1 1.000025 0.7995405 0.7706966 0.7314987 0.7298069 0.5 1.000066 0.4302191 0.7704053 0.2686055 0.7706966 0.7314987 1.000025 0.7995405 1.000066 0.4302191 0 1 0.4719633 1 -2.12608e-6 0.7946977 1.84223e-5 0.4690023 0.4248095 0.3333333 -2.62256e-6 0.1047192 -2.62256e-6 0.1047192 0.5243045 0.1666666 0.4719633 0 0.3341773 0.8333334 0.6810846 0.6666667 0.5046295 0.4221646 0.4719633 1 0.9999337 0.7707601 0.3341773 0.8333334 0.3341773 0.8333334 0.9999337 0.7707601 0.6810846 0.6666667 0.5046295 0.4221646 0.9998916 0.5 0.4248095 0.3333333 0.4719633 1 0.9999997 1 0.9999337 0.7707601 0.5243045 0.1666666 0.9999998 0.1047325 0.4719633 0 0.9998916 0.5 0.9999998 0.1047325 0.4248095 0.3333333 0.6810846 0.6666667 0.9999337 0.7707601 0.9998916 0.5 -3.57797e-7 0.2786131 1.000002 0.1666666 -6.84585e-7 0 -2.55731e-7 0.773116 1.000002 0.6666667 -1.49764e-7 0.5 1.000002 0.1666666 1.000002 0 -6.84585e-7 0 1.000002 0.6666667 1.000002 0.4121745 -1.49764e-7 0.5 -2.55731e-7 0.773116 1.000002 0.9167222 1.000002 0.6666667 -4.09073e-7 0.5833234 1.000002 0.3333333 -5.1035e-7 0.2213976 -3.12711e-7 0.9391699 1.000003 0.8333333 -4.09073e-7 0.5833234 -1.82286e-6 0.6666667 0.1999398 0.5 0 0.3880996 0 0.3880996 0.1953126 0.3333333 0.1800746 0.1666666 1.73932e-5 0.8333333 0.1914699 0.6666667 -1.82286e-6 0.6666667 1.73932e-5 0.8333333 0.2220553 0.8333334 0.1914699 0.6666667 0.1953126 0.3333333 0.518086 0.1666666 0.1800746 0.1666666 0.1914699 0.6666667 0.5182967 0.6666666 0.1999398 0.5 0.4958274 0.3333333 0.1999398 0.5 0.529236 0.5 0.1953126 0.3333333 0.4958274 0.3333333 0.518086 0.1666666 0.8678497 0.5606049 1 0.7694706 1.000002 0.3898099 0.5182967 0.6666666 0.529236 0.5 0.1999398 0.5 0.5101174 1 0.8006195 0.8333334 0.4745559 0.8333333 0.4745559 0.8333333 0.8006195 0.8333334 0.5182967 0.6666666 0.5101174 1 0.8145451 1 0.8006195 0.8333334 0.518086 0.1666666 0.8145451 0 0.5101174 0 0.4958274 0.3333333 0.8678497 0.5606049 0.518086 0.1666666 0.518086 0.1666666 0.837332 0.1666666 0.8145451 0 0.8006195 0.8333334 0.8365029 0.6666667 0.5182967 0.6666666 0.8365029 0.6666667 0.8678497 0.5606049 0.529236 0.5 0.8145451 1 1 1 0.8006195 0.8333334 0.837332 0.1666666 1 0.03903704 0.8145451 0 1.000002 0.3898099 1 0.03903704 0.837332 0.1666666 0.3005782 0.5 0.7415525 0.3333333 0.2737537 0.3333333 0 1 0.2139866 1 4.32753e-5 0.8126341 0 0.4451676 0.2737537 0.3333333 -2.61936e-6 0.1040644 -2.61936e-6 0.1040644 0.2706052 0.1666666 0.2139866 0 0.2252938 0.6666667 0.3005782 0.5 0 0.4451676 4.32753e-5 0.8126341 0.3245593 0.8333333 0.2252938 0.6666667 0.2706052 0.1666666 0.6435709 0 0.2139866 0 0.2252938 0.6666667 0.623728 0.6666668 0.3005782 0.5 0.3245593 0.8333333 0.623728 0.6666668 0.2252938 0.6666667 0.6435709 1 0.7270402 0.8333334 0.3245593 0.8333333 0.2737537 0.3333333 0.6953344 0.1666666 0.2706052 0.1666666 0.3245593 0.8333333 0.7270402 0.8333334 0.623728 0.6666668 0.2737537 0.3333333 0.7415525 0.3333333 0.6953344 0.1666666 0.7415525 0.3333333 1.000002 0.6101583 1 0.230685 0.623728 0.6666668 0.7298195 0.5 0.3005782 0.5 0.6435709 1 1 0.9608423 0.7270402 0.8333334 0.6953344 0.1666666 1 0 0.6435709 0 0.623728 0.6666668 1.000002 0.6101583 0.7298195 0.5 5.4591e-5 0.1666666 0.377225 0.3333333 0.4120213 0.1666666 0.7270402 0.8333334 1 0.9608423 1.000002 0.6101583 1.12193e-5 0.8333333 0.1903354 0.8333334 2.99613e-5 0.6666666 2.99613e-5 0.6666666 0.3650408 0.6666667 2.34836e-5 0.5 0.377225 0.3333333 2.34836e-5 0.5 0.3810626 0.5 0.1903354 0.8333334 0.3828772 1 0.4136921 0.8333333 0.4515743 0.3333333 0.3810626 0.5 0.4521133 0.5 0.4120213 0.1666666 0.3828772 0 0.1654357 0 0.1903354 0.8333334 0.4136921 0.8333333 0.3650408 0.6666667 0.377225 0.3333333 0.4515743 0.3333333 0.4120213 0.1666666 0.3810626 0.5 0.4448334 0.6666667 0.4521133 0.5 0.5485063 0.6666667 0.4136921 0.8333333 0.5546286 0.9907338 0.4136921 0.8333333 0.4448334 0.6666667 0.3650408 0.6666667 0.4515743 0.3333333 0.5321752 0.1666666 0.4120213 0.1666666 0.4448334 0.6666667 0.5485063 0.6666667 0.4521133 0.5 0.4515743 0.3333333 0.5744531 0.5 0.581768 0.3333333 0.5321752 0.1666666 0.5560891 0 0.4483411 0 0.8552122 0.8333333 0.9999804 0.5625545 0.7987952 0.6666668 0.5321752 0.1666666 0.5965908 0.1666666 0.5560891 0 0.581768 0.3333333 0.5965908 0.1666666 0.5321752 0.1666666 0.5546286 0.9907338 0.5953137 0.8333333 0.5485063 0.6666667 0.5953137 0.8333333 0.61329 0.6666667 0.5485063 0.6666667 0.5744531 0.5 0.7083253 0.5 0.581768 0.3333333 0.581768 0.3333333 0.8292033 0.3333334 0.7227967 0.1666666 0.5953137 0.8333333 0.7987952 0.6666668 0.61329 0.6666667 0.5953137 0.8333333 0.8552122 0.8333333 0.7987952 0.6666668 0.7227967 0.1666666 0.9999954 0.2248319 0.7736129 0 0.7736129 1 1.000001 0.9442321 0.8552122 0.8333333 0.9999804 0.5625545 0.9999954 0.2248319 0.8292033 0.3333334 0.7345433 0.5 1 0.2297695 0.7297357 0.3333334 1.6243e-4 0.6666667 0.288738 0.5 -2.41479e-7 0.3881137 -2.41479e-7 0.3881137 0.2659849 0.3333334 0.2423416 0.1666666 0.2423416 0.1666666 0.6448571 0 0.2190681 0 1.6243e-4 0.6666667 0.6102643 0.6666667 0.288738 0.5 0.2460963 0.8333334 0.6102643 0.6666667 1.6243e-4 0.6666667 0.6448571 1 0.7217819 0.8333333 0.2460963 0.8333334 0.2659849 0.3333334 0.6523064 0.1666666 0.2423416 0.1666666 0.2460963 0.8333334 0.7217819 0.8333333 0.6102643 0.6666667 0.288738 0.5 0.7345433 0.5 0.7297357 0.3333334 0.6102643 0.6666667 0.7345433 0.5 0.288738 0.5 0.6448571 1 1 0.9608767 0.7217819 0.8333333 0.6523064 0.1666666 1 0 0.6448571 0 0.6102643 0.6666667 1.000002 0.6106152 0.7345433 0.5 0.997569 0.3312492 0.7182666 0.5 1 0.602691 0.7217819 0.8333333 1 0.9608767 1.000002 0.6106152 0 1 0.3223561 1 -3.44051e-6 0.7953802 -1.3259e-6 0.4451065 0.2435273 0.3333333 -4.71714e-6 0.103449 -4.71714e-6 0.103449 0.2222534 0.1666666 0.3223561 0 0.243034 0.6666667 0.3028743 0.5 -1.3259e-6 0.4451065 0.243034 0.6666667 0.667007 0.6666666 0.3028743 0.5 0.667007 0.6666666 0.7182666 0.5 0.3028743 0.5 0.3223561 1 0.7545384 1 0.7123089 0.8333333 0.5215361 0.1666666 0.997569 0.3312492 0.7545384 0 0.7545384 1 1 0.9094335 0.7123089 0.8333333 0.7123089 0.8333333 1 0.9094335 0.667007 0.6666666 0.3254776 0.8333334 0.6775288 1 0.6804433 0.8333334 -3.99134e-5 0.2734967 0.2291156 0.1666666 -6.65515e-5 0 -3.90043e-5 0.9310128 0.3254776 0.8333334 -2.88076e-5 0.6328881 -3.90043e-5 0.9310128 0.3368324 1 0.3254776 0.8333334 0.3242933 0.5 0.3157775 0.3333333 -3.99134e-5 0.2734967 0.2291156 0.1666666 0.3935355 0.1666666 0.3368324 0 0.3157775 0.3333333 0.3935355 0.1666666 0.2291156 0.1666666 0.3157775 0.3333333 0.666453 0.3333333 0.3935355 0.1666666 0.3935355 0.1666666 0.6775288 0 0.3368324 0 0.3366448 0.6666666 0.6804433 0.8333334 0.676837 0.5764759 0.3242933 0.5 0.676837 0.5764759 0.666453 0.3333333 1.000001 0 5.60256e-5 0.1666666 1 0.2500396 0.6775288 1 1.000006 0.9428376 0.6804433 0.8333334 0.666453 0.3333333 1 0.2944464 0.6682586 0.1666666 0.676837 0.5764759 1 0.2944464 0.666453 0.3333333 0.6804433 0.8333334 1.000004 0.6067691 0.676837 0.5764759 0.6682586 0.1666666 1 0.2944464 1.000009 0 -1.66613e-5 0.6666666 1.000001 0.5681247 3.36011e-6 0.5 -5.70062e-6 0.8333334 1.000001 0.9055796 -1.66613e-5 0.6666666 0.3464018 0.5 0.6672638 0.6666666 0.7396903 0.5 1.000001 0.5681247 1 0.2500396 4.47195e-5 0.3333333 0 0.2064766 1.000002 0.0729497 0 0 1.43105e-7 0.8949469 1.000002 0.7426487 -1.89623e-7 0.5608328 3.27643e-5 0.5850966 0.3437774 0.6666666 0.3464018 0.5 0.2048768 1 0.4669757 0.8333333 0.1661917 0.8333333 0.1661917 0.8333333 0.4669757 0.8333333 0.3437774 0.6666666 0.3332337 0.1666666 0.6411301 0.1666666 0.5053364 0 0.2960137 0.3333333 0.6411301 0.1666666 0.3332337 0.1666666 0.3464018 0.5 0.7396903 0.5 0.2960137 0.3333333 0.7128762 0.5 1.000005 0.7772898 1 0.3927288 0.4669757 0.8333333 0.6672638 0.6666666 0.3437774 0.6666666 0.2960137 0.3333333 0.7596327 0.3333333 0.6411301 0.1666666 0.4669757 0.8333333 0.8111185 0.8333333 0.6672638 0.6666666 0.6411301 0.1666666 0.9999573 0.1666666 0.8107183 0 0.7596327 0.3333333 0.9999573 0.1666666 0.6411301 0.1666666 0.8111185 0.8333333 0.9999692 0.6666667 0.6672638 0.6666666 0.8107183 1 1 0.9611102 0.8111185 0.8333333 0.9999573 0.1666666 1 0 0.8107183 0 0.7396903 0.5 1 0.3882437 0.7596327 0.3333333 0.8111185 0.8333333 1 0.9611102 0.9999692 0.6666667 -4.87614e-7 0.2725719 0.4055529 0.1666666 -6.04946e-7 0 -4.87614e-7 0.2725719 0.2611289 0.3333333 0.4055529 0.1666666 6.69094e-5 0.6111592 0.4988123 0.6666667 0.5344191 0.5 0.6752098 1 0.7093862 0.8333334 0.2485226 0.9113098 0.4055529 0.1666666 0.6752098 0 0.2493582 0 0.2485226 0.9113098 0.7093862 0.8333334 0.4988123 0.6666667 0.4055529 0.1666666 0.9999704 0.1666666 0.6752098 0 0.6752098 1 1 0.8722873 0.7093862 0.8333334 0.5344191 0.5 1 0.4451649 0.7301063 0.3333334 0.7093862 0.8333334 1 0.8722873 0.9999496 0.6666667 0.9999704 0.1666666 1 0 0.6752098 0 -4.08176e-6 0.6058729 0.2896791 0.6021334 -3.84063e-6 0.294968 -8.72707e-5 0.9435312 0.2870488 0.8333333 -4.08176e-6 0.6058729 -8.72707e-5 0.9435312 0.6441714 1 0.2870488 0.8333333 0.2896791 0.6021334 0.6443683 0.3333333 0.2736531 0.2322483 0.2870488 0.8333333 0.6472194 0.6666667 0.2896791 0.6021334 0.6441714 1 0.6625707 0.8333333 0.2870488 0.8333333 0.2896791 0.6021334 0.7128762 0.5 0.6443683 0.3333333 0.6472194 0.6666667 0.7128762 0.5 0.2896791 0.6021334 0.6627933 0.1666666 1.000007 0.1284861 0.6441714 0 0.6443683 0.3333333 1.000007 0.1284861 0.6627933 0.1666666 0.6625707 0.8333333 1.000005 0.7772898 0.6472194 0.6666667 0.6441714 1 1 1 1.000005 0.7772898 0.225437 0.3333333 0.5692857 0.1666666 -2.47434e-4 0.2216711 6.24323e-5 0.5 0.225437 0.3333333 -2.47434e-4 0.2216711 0.2446845 0.8333334 0.3767839 0.5123032 -1.37602e-6 0.7851578 6.24323e-5 0.5 0.3767839 0.5123032 0.225437 0.3333333 0.2304902 1 0.5676995 0.9199379 0.2446845 0.8333334 0.5692857 0.1666666 0.5726794 0 0.2304902 0 0.5692857 0.1666666 0.8027871 0 0.5726794 0 0.3767839 0.5123032 0.5744661 0.3333334 0.225437 0.3333333 0.5676995 0.9199379 0.610611 0.5580585 0.3767839 0.5123032 0.3767839 0.5123032 0.610611 0.5580585 0.5744661 0.3333334 0.5676995 0.9199379 0.8027871 1 0.805875 0.8333333 0.610611 0.5580585 0.805875 0.8333333 0.8044446 0.6666667 0.5744661 0.3333334 0.8040236 0.1666666 0.5692857 0.1666666 0.8044446 0.6666667 1.000013 0.9394916 1 0.5889745 0.8040236 0.1666666 1.000021 0 0.8027871 0 0.813818 0.4182723 1.000032 0.2714205 0.8040236 0.1666666 0.813818 0.4182723 1 0.5889745 1.000032 0.2714205 1 0.7499998 -6.45596e-7 1 1 1 1 0.2425739 1.000001 0 4.80106e-7 0.07888466 0.9999995 0.5759075 1 0.2425739 -3.21423e-7 0.4122181 1 0.9092409 0.9999995 0.5759075 -1.36893e-7 0.7455527 1 0.09075969 0 0.4166662 1 0.4166665 0 0.7500005 1 0.4166665 0 0.4166662 0.3352282 0.9233703 0.3903439 0.6170323 0.3343808 0.5559109 3.93623e-4 0.3887091 0.1668587 0.3333333 6.0974e-4 0.03959399 4.13637e-6 0.77981 0.1423502 0.9330344 0.1527101 0.6666668 3.93623e-4 0.3887091 0.3343808 0.5559109 0.1668587 0.3333333 0.3294804 0.1666666 0.3337423 0 0.1259407 0 0.1423502 0.9330344 0.3352282 0.9233703 0.1527101 0.6666668 0.3352282 0.9233703 0.3343808 0.5559109 0.1527101 0.6666668 0.1668587 0.3333333 0.352225 0.3333333 0.3294804 0.1666666 0.3964657 1 0.3973802 0.8333333 0.3352282 0.9233703 0.3343808 0.5559109 0.3903439 0.6170323 0.352225 0.3333333 0.5058554 0.6303343 0.5891458 0.9248895 0.6322233 0.5323421 0.4121457 0.4226585 0.510433 -0.01808732 0.397055 0.08061689 0.3973802 0.8333333 0.4982824 0.8333333 0.3903439 0.6170323 0.5058554 0.6303343 0.5879284 0.4052218 0.5353702 0.2760705 0.6414356 0.1073244 0.5879284 0.4052218 0.6468908 0.3333333 0.5891458 0.9248895 0.6457064 1 0.6450771 0.8333333 0.6450771 0.8333333 0.7516295 1 0.7541367 0.7579641 0.6322233 0.5323421 0.6468908 0.3333333 0.5879284 0.4052218 0.6468908 0.3333333 0.7506598 0.08959782 0.6414356 0.1073244 0.6322233 0.5323421 0.7500746 0.4230507 0.6468908 0.3333333 0.7541367 0.7579641 0.8954992 0.5 0.7500746 0.4230507 0.6322233 0.5323421 0.7541367 0.7579641 0.7500746 0.4230507 0.7506598 0.08959782 0.8942049 0.2617275 0.8933936 0 0.7500746 0.4230507 0.8954992 0.5 0.8942049 0.2617275 0.2295531 0.6666667 0.5162226 0.4009957 0.2423455 0.5 0.8941717 0.9286894 0.9999644 0.7724099 0.7541367 0.7579641 0.8942049 0.2617275 1.000001 0.1111364 0.8933936 0 0.8954992 0.5 1 0.4615829 0.8942049 0.2617275 0.9999644 0.7724099 1 0.4615829 0.8954992 0.5 0.8942049 0.2617275 1 0.4615829 1.000001 0.1111364 -1.26594e-6 0.5608873 0.228423 0.3333333 -3.96575e-6 0.2224864 -1.59829e-6 0.8719264 0.2295531 0.6666667 -1.26594e-6 0.5608873 0.2295531 0.6666667 0.2423455 0.5 -1.26594e-6 0.5608873 0.228423 0.3333333 0.5162226 0.4009957 0.4480279 0.1666666 0.2295531 0.6666667 0.5153638 0.8333334 0.6225938 0.6666666 0.7503767 0.4131818 0.9999474 0.6666667 0.9999815 0.4472322 0.3717381 1 0.7480565 1 0.5153638 0.8333334 0.4480279 0.1666666 0.7480565 0 0.3717381 0 0.7480565 1 0.7796685 0.8333333 0.5153638 0.8333334 0.5162226 0.4009957 0.7503767 0.4131818 0.4480279 0.1666666 0.6225938 0.6666666 0.7503767 0.4131818 0.5162226 0.4009957 3.02538e-5 0.2418808 0.270183 0 1.34428e-4 0 0.7796685 0.8333333 0.9999474 0.6666667 0.6225938 0.6666666 0.7480565 1 1.000001 0.969879 0.7796685 0.8333333 0.801442 0.1666666 1.000001 0.03844076 0.7480565 0 0.9999815 0.4472322 1.000001 0.03844076 0.801442 0.1666666 0.7796685 0.8333333 1.000001 0.969879 0.9999474 0.6666667 -2.02074e-6 0.4445428 0.3152936 0.3928303 -9.03598e-6 0.1666666 -9.03598e-6 0.1666666 0.3357079 0.1666666 0.3532787 0 4.92851e-5 0.7520173 0.3152936 0.3928303 -2.02074e-6 0.4445428 0.3532787 1 0.9998029 0.7274748 0.3371214 0.8333333 0.3371214 0.8333333 0.9998029 0.7274748 0.5768536 0.6666666 0.6723009 0.5 1.000002 0.3887246 0.7042879 0.2201641 0.5768536 0.6666666 0.9998029 0.7274748 0.6723009 0.5 1.000002 0.3887246 0.9997911 0.03849703 0.7042879 0.2201641 7.69104e-4 0.6676521 0.2066332 0.5 3.02538e-5 0.2418808 7.69104e-4 0.6676521 0.2977664 0.6666666 0.2066332 0.5 1.3454e-4 0.9612321 0.270183 1 7.69104e-4 0.6676521 0.7395112 0 0.6711241 0.2555445 0.7407638 0.2499536 0.1701184 0.3333334 0.3228273 0.1666666 3.02538e-5 0.2418808 0.270183 1 0.3880134 0.8333334 7.69104e-4 0.6676521 0.1701184 0.3333334 0.4272493 0.4299497 0.3228273 0.1666666 0.270183 1 0.4710256 1 0.3880134 0.8333334 0.2977664 0.6666666 0.4272493 0.4299497 0.2066332 0.5 0.4272493 0.4299497 0.5704172 0.3333334 0.3228273 0.1666666 0.2977664 0.6666666 0.5770038 0.6666667 0.4272493 0.4299497 0.3880134 0.8333334 0.5770038 0.6666667 0.2977664 0.6666666 0.5704172 0.3333334 0.5328139 0.09495574 0.3228273 0.1666666 0.4272493 0.4299497 0.6597242 0.5135443 0.5704172 0.3333334 0.3880134 0.8333334 0.665754 0.9187705 0.5770038 0.6666667 0.5328139 0.09495574 0.6711241 0.2555445 0.6658807 0 0.6597242 0.5135443 0.6711241 0.2555445 0.5704172 0.3333334 0.665754 0.9187705 0.6597242 0.5135443 0.5770038 0.6666667 0.6711241 0.2555445 0.7342957 0.5645503 0.7407638 0.2499536 0.665754 0.9187705 0.7342957 0.5645503 0.6597242 0.5135443 0.7395112 0 0.8593544 0.2405883 0.8569263 0 0.7342957 0.5645503 0.8575598 0.5732181 0.7407638 0.2499536 0.8575598 0.5732181 0.7387234 0.920054 0.8603267 0.8979855 0.5074831 0.08860528 1.000004 0.4444691 1 0.06007617 0.8575598 0.5732181 1.000001 0.2949052 0.8593544 0.2405883 0.8603267 0.8979855 1.000001 0.6057779 0.8575598 0.5732181 0.8593544 0.2405883 1.000001 0.2949052 1.000003 0 -3.58254e-6 0.5607559 0.5016232 0.3333333 -1.13692e-5 0.2225111 -4.23544e-6 0.8720505 0.501758 0.5925934 -3.58254e-6 0.5607559 0.5015423 1 1.000005 0.794766 0.5021955 0.8333334 0.501758 0.5925934 1.000004 0.4444691 0.5016232 0.3333333 0.5021955 0.8333334 1.000005 0.794766 0.501758 0.5925934 0.5125699 0.1666666 1.000005 0.4442476 1 0.05997627 0.501758 0.5925934 1.000005 0.794766 1.000004 0.4444691 -4.32314e-6 0.5607839 0.5016875 0.3333333 -1.34872e-5 0.2228124 -5.41347e-6 0.8719401 0.5015279 0.6666667 -4.32314e-6 0.5607839 -1.34872e-5 0.2228124 0.5125699 0.1666666 0.501611 0 0.5015279 0.6666667 0.5022075 0.5 -4.32314e-6 0.5607839 0.501611 1 1.000006 0.7949159 0.5022609 0.8333333 0.5022075 0.5 1.000005 0.4442476 0.5016875 0.3333333 0.5022609 0.8333333 1.000006 0.7949159 0.5015279 0.6666667 0.2527955 0.7698554 0.3353473 1 0.3374382 0.740081 0.5015279 0.6666667 1.000006 0.7949159 1.000005 0.4442476 -3.26059e-6 0.4444436 0.3496596 0.3333333 -1.3216e-5 0.1666666 -1.3216e-5 0.1666666 0.3366434 0.1666666 0.3539646 0 9.40507e-5 0.7487055 0.3385208 0.5 -3.26059e-6 0.4444436 9.40507e-5 0.7487055 0.6536142 0.5644288 0.3385208 0.5 0.3539646 1 0.7241258 0.8333333 0.3379845 0.8333334 0.3496596 0.3333333 0.7325942 0.2867949 0.3366434 0.1666666 0.3385208 0.5 0.6536142 0.5644288 0.3496596 0.3333333 0.3379845 0.8333334 0.7241258 0.8333333 0.6536142 0.5644288 0.6536142 0.5644288 1.000002 0.2724571 0.7325942 0.2867949 0.7241258 0.8333333 0.9996172 0.9615218 1.000004 0.6111842 0.2150074 1 0.2527955 0.7698554 1.19821e-5 0.7489539 1.19821e-5 0.7489539 0.2527955 0.7698554 0.1440538 0.5 0.3972704 0.5863906 0.4890105 0.9494554 0.5285398 0.6666666 0.3367638 0.0906375 0.3921799 0.2737076 0.3897917 0 0.3354183 0.4197177 0.3972704 0.5863906 0.3921799 0.2737076 0.3939771 0.9037751 0.3972704 0.5863906 0.3374382 0.740081 0.3921799 0.2737076 0.490723 0 0.3897917 0 0.3972704 0.5863906 0.5170361 0.3333333 0.3921799 0.2737076 0.5170361 0.3333333 0.5225121 0.1666666 0.3921799 0.2737076 0.3972704 0.5863906 0.5285398 0.6666666 0.5196373 0.5 0.5225121 0.1666666 0.7469899 0.4160557 0.7491573 0.08398169 0.5225121 0.1666666 0.6037403 0 0.490723 0 0.7469899 0.4160557 0.5285398 0.6666666 0.7573722 0.8134855 0.8544974 0 0.913229 0.2360294 0.9142898 0 0.7474678 1 0.7573722 0.8134855 0.6083061 0.897386 0.7491573 0.08398169 0.853539 0.2603583 0.8544974 0 0.7469899 0.4160557 0.8388397 0.5753845 0.853539 0.2603583 0.8536645 0.913533 0.8388397 0.5753845 0.7573722 0.8134855 0.8388397 0.5753845 0.8998091 0.5854617 0.853539 0.2603583 0.8536645 0.913533 0.8998091 0.5854617 0.8388397 0.5753845 0.2022626 0 0.2741527 0.1666666 0.2741 0 0.8998091 0.5854617 0.913229 0.2360294 0.853539 0.2603583 0.8536645 0.913533 0.9137737 0.9043838 0.8998091 0.5854617 0.913229 0.2360294 1.000011 0.03678756 0.9142898 0 0.8998091 0.5854617 1.000028 0.3985258 0.913229 0.2360294 1.000028 0.3985258 1.000011 0.03678756 0.913229 0.2360294 -2.84926e-7 0.6118292 0.3017424 0.5 -8.45613e-7 0.3333333 -8.45613e-7 0.3333333 0.3812423 0.3333333 0.3149881 0.1666666 1.54374e-5 0.8922789 0.2617259 0.6666668 -2.84926e-7 0.6118292 1.54374e-5 0.8922789 0.4382761 0.8333333 0.2617259 0.6666668 0.4382761 0.8333333 0.7497686 0.6666667 0.2617259 0.6666668 0.3149881 0.1666666 0.7865715 0.1666666 0.7009444 0 0.3812423 0.3333333 0.7865715 0.1666666 0.3149881 0.1666666 0.7497686 0.6666667 0.7569798 0.5 0.3017424 0.5 0.7009444 1 1.000052 0.7783606 0.4382761 0.8333333 0.7865715 0.1666666 1 0.1278419 0.7009444 0 0.9997602 0.4391098 1 0.1278419 0.7865715 0.1666666 0.7497686 0.6666667 0.9997602 0.4391098 0.7569798 0.5 0.7009444 1 1 1 1.000052 0.7783606 0 0.9166675 0.9999998 1 1 0.75 -3.16707e-7 0.2455512 1 0.4166668 0.9999998 0.09075891 1 0.75 1 0.4166668 1.82359e-7 0.583333 6.42757e-6 0.9165754 0.1208102 0.6666666 -2.63059e-7 0.5549291 6.42757e-6 0.9165754 0.2022626 1 0.2103587 0.8333334 0.1298459 0.4123259 0.2118212 0.5992687 0.2253574 0.3333334 0.2726325 0.6666667 0.2103587 0.8333334 0.2738863 0.9171871 0.2253574 0.3333334 0.2741527 0.1666666 0.1842387 0.1666666 0.2118212 0.5992687 0.2771474 0.4439363 0.2253574 0.3333334 0.2118212 0.5992687 0.2726325 0.6666667 0.2771474 0.4439363 0.2726325 0.6666667 0.360198 0.9186491 0.3689449 0.5353845 0.2253574 0.3333334 0.2771474 0.4439363 0.2741527 0.1666666 0.3597183 0 0.4966974 0.1666666 0.5030457 0 0.2771474 0.4439363 0.4514495 0.3333334 0.2741527 0.1666666 0.3689449 0.5353845 0.4514495 0.3333334 0.2771474 0.4439363 0.5030457 1 0.5075686 0.8333333 0.360198 0.9186491 0.5030457 1 0.749154 0.8333333 0.5075686 0.8333333 0.4514495 0.3333334 0.4966974 0.1666666 0.2741527 0.1666666 0.3689449 0.5353845 0.5042613 0.5 0.4514495 0.3333334 0.360198 0.9186491 0.5075686 0.8333333 0.3689449 0.5353845 0.5075686 0.8333333 0.6876553 0.6666667 0.3689449 0.5353845 0.5042613 0.5 0.721645 0.3333334 0.4514495 0.3333334 0.721645 0.3333334 0.7372176 0.1666666 0.4966974 0.1666666 1.92263e-4 0 0.321218 0.1666666 0.33779 0 0.5042613 0.5 0.7503529 0.5 0.721645 0.3333334 0.6876553 0.6666667 0.7503529 0.5 0.5042613 0.5 0.7372176 0.1666666 0.9999902 0.2507632 0.7780647 0 0.7503529 0.5 0.9999902 0.2507632 0.721645 0.3333334 0.9999902 0.2507632 1 0 0.7780647 0 1.91952e-4 0.8942636 0.1424975 0.7386102 -7.46316e-6 0.5549938 0.321218 0.1666666 0.1429805 0.3333333 0.3335551 0.4264241 0.3335551 0.4264241 0.1424975 0.7386102 0.335104 0.6666667 0.4514702 0 0.321218 0.1666666 0.4901291 0.1666666 0.3326017 0.8953648 0.335104 0.6666667 0.1424975 0.7386102 0.321218 0.1666666 0.4505359 0.4055749 0.4901291 0.1666666 0.6759492 0.8101519 0.8053661 1 0.8030978 0.8333333 0.335104 0.6666667 0.4505359 0.4055749 0.3335551 0.4264241 0.4676969 0.8705325 0.5115414 0.6666667 0.335104 0.6666667 0.4505359 0.4055749 0.5300458 0.397625 0.4901291 0.1666666 0.5115414 0.6666667 0.5300458 0.397625 0.4505359 0.4055749 0.4676969 0.8705325 0.5361301 0.9498373 0.5115414 0.6666667 0.5300458 0.397625 0.6538527 0.2099875 0.4901291 0.1666666 0.6538527 0.2099875 0.6633128 0 0.5292574 0 0.5115414 0.6666667 0.6759492 0.8101519 0.5300458 0.397625 0.6538527 0.2099875 0.7994652 0.04365122 0.6633128 0 0.6538527 0.2099875 0.7845786 0.5732564 0.8368708 0.3333334 0.6538527 0.2099875 0.8368708 0.3333334 0.7994652 0.04365122 0.8664171 0.590469 1 0.2225307 0.8368708 0.3333334 0.8030978 0.8333333 0.7845786 0.5732564 0.6759492 0.8101519 0.7845786 0.5732564 0.8664171 0.590469 0.8368708 0.3333334 0.8030978 0.8333333 0.8664171 0.590469 0.7845786 0.5732564 0.8675416 0.1666666 0.8861507 0 0.7994652 0.04365122 0.8030978 0.8333333 0.8855591 0.9054757 0.8664171 0.590469 0.8675416 0.1666666 1.000017 0 0.8861507 0 0.4357174 0.9567622 0.5948334 0.5854789 0.4005668 0.6666667 0.8855591 0.9054757 1.000013 0.9638823 1.00001 0.6085026 -9.78412e-7 0.5608599 0.1953092 0.3333333 -2.6002e-6 0.2221797 -1.01937e-6 0.8719605 0.1998957 0.5462355 -9.78412e-7 0.5608599 0.1983157 1 0.3640823 0.8919184 0.2003745 0.8333334 0.1998957 0.5462355 0.3638107 0.4371635 0.1953092 0.3333333 0.3638107 0.4371635 0.40009 0.1666666 0.2003454 0.1017239 0.2003745 0.8333334 0.3640823 0.8919184 0.4005668 0.6666667 0.40009 0.1666666 0.4292306 0 0.3436366 0 0.4005668 0.6666667 0.432212 0.3648934 0.3638107 0.4371635 0.40009 0.1666666 0.5958103 0.2494133 0.4292306 0 0.432212 0.3648934 0.5948334 0.5854789 0.5958103 0.2494133 0.8010436 0.3333333 0.5948334 0.5854789 0.8016727 0.5 0.5958103 0.2494133 0.729474 0 0.5739714 0 0.8256875 0.1666666 1.000002 0.4440544 0.9998041 0.05951744 0.5948334 0.5854789 0.8152322 0.7257698 0.8016727 0.5 0.605297 0.8699229 0.8152322 0.7257698 0.5948334 0.5854789 0.729474 1 0.8152322 0.7257698 0.605297 0.8699229 0.8010436 0.3333333 0.8256875 0.1666666 0.5958103 0.2494133 0.729474 1 0.9998041 1 0.8152322 0.7257698 0.9998041 1 1.000003 0.7949115 0.8152322 0.7257698 0.8016727 0.5 1.000002 0.4440544 0.8010436 0.3333333 0.3496977 0.4124179 0.5622572 0.7657549 0.6131829 0.5 0.8152322 0.7257698 1.000003 0.7949115 1.000002 0.4440544 1.11341e-5 1 0.5417713 1 3.07847e-5 0.8333334 3.07847e-5 0.8333334 0.5622572 0.7657549 6.38332e-4 0.5550462 0.3496977 0.4124179 0.6131829 0.5 0.5911108 0.3273862 0.5911108 0.3273862 0.7273318 0.668152 0.7685006 0.243743 0.5622572 0.7657549 0.7273318 0.668152 0.6131829 0.5 0.5622572 0.7657549 0.7346946 0.9195982 0.7273318 0.668152 0.5558205 0.0372619 0.7685006 0.243743 0.7175978 0 0 0.7500001 1 1 0.9999999 0.7499998 0.7273318 0.668152 1.000028 0.3689703 0.7685006 0.243743 0.7346946 0.9195982 1.000069 0.7318389 0.7273318 0.668152 1.000069 0.7318389 1.000028 0.3689703 0.7273318 0.668152 3.78131e-5 0.9811861 0.5168178 0.8333333 4.53594e-5 0.5758373 0.5168178 0.8333333 0.6112971 0.6084802 4.53594e-5 0.5758373 4.53594e-5 0.5758373 0.6112971 0.6084802 0.4200026 0.3333333 0.668524 0.1666666 1.000001 0.1280484 0.6466451 0.01022416 0.9999647 0.3829535 1.000001 0.1280484 0.668524 0.1666666 0.9999817 0.7212921 0.9999647 0.3829535 0.6112971 0.6084802 0.6709604 1 1 1 0.9999817 0.7212921 0 0.08333337 1 0.4092414 1 0.08333325 0 0.4211136 0.9999999 0.7499998 1 0.4092414 -2.15188e-7 0 1 0.2500014 1 0 0 0.2500007 1 0.5833323 1 0.2500014 0 0.583333 0.9999999 0.9092401 1 0.5833323 7.3315e-5 0.5815398 0.5579203 0.8612579 0.595184 0.6952552 0.595184 0.6952552 0.5545436 0.4116746 7.3315e-5 0.5815398 0.1422424 0.6666666 0.3694266 0.9160427 0.34102 0.6666668 0.5179324 0.1666666 0.6017134 0 8.56516e-5 0 0.5545436 0.4116746 0.7534227 0.6028894 0.7330148 0.2615479 0.595184 0.6952552 0.7694347 0.9293562 0.7534227 0.6028894 0.7330148 0.2615479 1.000037 0.2027702 0.7681185 0 0.7694347 0.9293562 1.000034 0.894035 0.7534227 0.6028894 1.000091 0.5679512 1.000037 0.2027702 0.7330148 0.2615479 1 1 0.9999998 0.7425738 0 0.9122174 1 0.4092412 1 0.0759077 0 0.2455528 0.9999998 0.7425738 1 0.4092412 2.3056e-7 0.5788853 -6.58144e-6 0.7786102 0.1422424 0.6666666 1.07447e-5 0.4011862 3.17987e-6 0.1469826 0.2689162 0.1666666 0.1412355 0 1.07447e-5 0.4011862 0.2689162 0.1666666 3.17987e-6 0.1469826 0.1422424 0.6666666 0.170005 0.5661426 1.07447e-5 0.4011862 1.07447e-5 0.4011862 0.170005 0.5661426 0.2689162 0.1666666 0.3672373 0 0.5010027 0.1666666 0.4755848 0 0.4673135 0.5791314 0.4802537 0.3784537 0.170005 0.5661426 0.3694266 0.9160427 0.4673135 0.5791314 0.34102 0.6666668 0.6328007 1 0.7263384 0.755791 0.6158747 0.8333333 0.5010027 0.1666666 0.5362315 0 0.4755848 0 0.4802537 0.3784537 0.5376019 0.594922 0.5401605 0.3333333 0.5401605 0.3333333 0.6288618 0.07826715 0.5010027 0.1666666 0.5277034 0.8954864 0.6158747 0.8333333 0.5376019 0.594922 0.5277034 0.8954864 0.6328007 1 0.6158747 0.8333333 0.5401605 0.3333333 0.7113487 0.4165204 0.6288618 0.07826715 0.8827233 0.6531699 0.7913739 0.8922091 0.8936762 0.8333333 0.6256163 0.5914588 0.7263384 0.755791 0.7113487 0.4165204 0.7113487 0.4165204 0.7800737 0.2884374 0.7270265 0.0799427 0.7113487 0.4165204 0.7825111 0.5588188 0.7800737 0.2884374 0.7263384 0.755791 0.7825111 0.5588188 0.7113487 0.4165204 0.7270265 0.0799427 0.7800737 0.2884374 0.7882757 0 0.7263384 0.755791 0.7913739 0.8922091 0.7825111 0.5588188 0.7913739 0.8922091 0.8840478 1 0.8936762 0.8333333 0.8962163 0.3333333 0.8858731 0.07554489 0.7800737 0.2884374 0.7825111 0.5588188 0.8962163 0.3333333 0.7800737 0.2884374 0.3008509 1 0.7017052 0.6648526 0.2887131 0.8333334 0.8840478 1 1.000002 1 0.8936762 0.8333333 0.8962163 0.3333333 1.000001 0.3715199 0.8858731 0.07554489 0.8827233 0.6531699 1.000001 0.3715199 0.8962163 0.3333333 0.8936762 0.8333333 1.000003 0.7227442 0.8827233 0.6531699 1.000003 0.7227442 1.000001 0.3715199 0.8827233 0.6531699 -6.10515e-7 0.2726348 0.4073172 0.1666666 -4.15863e-7 0 -6.10515e-7 0.2726348 0.3701621 0.3333333 0.4073172 0.1666666 0.2887131 0.8333334 0.3150178 0.6666667 7.86017e-6 0.5560707 0.3150178 0.6666667 0.4638426 0.5 7.86017e-6 0.5560707 0.9999716 0.252706 0.4638426 0.5 0.9999858 0.5460561 0.4073172 0.1666666 0.9999716 0.252706 0.7058219 0 0.5143074 0.3333333 1.000003 0.6106531 1 0.2294416 0.7017052 0.6648526 0.9999858 0.5460561 0.4638426 0.5 0.7058219 1 1 0.9610812 0.7017052 0.6648526 0.9999716 0.252706 1 0 0.7058219 0 0.7017052 0.6648526 1 0.9610812 0.9999858 0.5460561 -9.44201e-6 0.6056401 0.5021065 0.5748811 -6.29077e-6 0.2955561 -1.60377e-5 0.9430227 0.5018622 0.8333334 -9.44201e-6 0.6056401 0.5023995 1 1.000017 0.9430661 0.5018622 0.8333334 0.5024481 0.3333333 1.000006 0.2957058 0.5021125 0.08909612 0.5021065 0.5748811 1.000006 0.2957058 0.5024481 0.3333333 0.5018622 0.8333334 1.00001 0.6055446 0.5021065 0.5748811 0.5021125 0.08909612 1.000006 0.2957058 1.000025 0 0 1 0.2125021 1 -2.68206e-6 0.7952361 -4.10752e-6 0.104065 0.3031041 0.1666666 0.2125021 0 1.7624e-4 0.5 0.3386034 0.3333333 5.78954e-5 0.3333333 1.7624e-4 0.5 0.4647859 0.5 0.3386034 0.3333333 0.3031041 0.1666666 0.529512 0 0.2125021 0 0.2224368 0.6666667 0.5416542 0.6666668 0.4647859 0.5 0.2911716 0.8333333 0.5416542 0.6666668 0.2224368 0.6666667 0.4647859 0.5 0.7120547 0.3333333 0.3386034 0.3333333 0.3031041 0.1666666 0.6870328 0.1373292 0.529512 0 0.7245978 0.8333333 0.9997512 0.6666667 0.5416542 0.6666668 0.8022043 1 1.000001 0.9614968 0.7245978 0.8333333 0.7245978 0.8333333 1.000001 0.9614968 0.9997512 0.6666667 -2.96404e-6 1 0.498592 0.8333333 -3.75287e-6 0.7282997 -3.75287e-6 0.7282997 0.5053376 0.5 -4.66097e-7 0.3882455 -4.66097e-7 0.3882455 0.5143074 0.3333333 0.5001778 0.1666666 0.498592 0.8333333 0.5040267 0.6666667 -3.75287e-6 0.7282997 0.4982625 1 1 0.9611424 0.498592 0.8333333 0.5001778 0.1666666 1 0 0.4982625 0 0.5040267 0.6666667 1.000003 0.6106531 0.5053376 0.5 0.6054441 0 0.3207363 0.2432028 0.673623 0.1666666 0.498592 0.8333333 1 0.9611424 1.000003 0.6106531 -1.65293e-6 0.6059136 0.3303292 0.6145187 -2.10642e-6 0.2944924 -5.34804e-6 0.9445242 0.3264679 0.8918166 -1.65293e-6 0.6059136 0.3207363 0.2432028 0.3395911 0 -8.01632e-6 0 0.7706783 0.4011606 1 0.05565321 0.673623 0.1666666 0.3207363 0.2432028 0.6073271 0.421705 0.673623 0.1666666 0.6082792 0.9211571 0.6983014 0.6666666 0.3303292 0.6145187 0.673623 0.1666666 0.7681607 0 0.6054441 0 0.6082792 0.9211571 0.7696658 0.9315179 0.6983014 0.6666666 0.7696658 0.9315179 1.000028 0.7971431 0.6983014 0.6666666 0 0.08333247 1 0.3333333 1 0.08333301 0.6983014 0.6666666 1.000028 0.7971431 1.000021 0.4423227 0.1862089 0.5 0.4903129 0.3333333 4.13118e-5 0.3880672 -2.60152e-7 0.4166656 1 0.5907595 1 0.3333333 0 0.745551 1 0.9461821 1 0.5907595 -1.75738e-6 0.5607917 0.327157 0.2726825 -3.80301e-6 0.2221021 -1.58114e-6 0.871994 0.3045012 0.5941568 -1.75738e-6 0.5607917 -3.80301e-6 0.2221021 0.327157 0.2726825 0.3242403 0 0.3045012 0.5941568 0.6722061 0.5751534 0.327157 0.2726825 0.3296583 0.9266554 0.6722061 0.5751534 0.3045012 0.5941568 0.7079498 1 0.9995304 0.7276332 0.3296583 0.9266554 1.000102 0.3885594 0.7023901 0.08328562 0.327157 0.2726825 0.3296583 0.9266554 0.9995304 0.7276332 0.6722061 0.5751534 0.7079498 1 1.000001 1 0.9995304 0.7276332 1.000102 0.3885594 1.000001 0.03866803 0.7023901 0.08328562 1.16382e-5 0.6666668 0.1862089 0.5 4.13118e-5 0.3880672 0.1862089 0.5 0.4802148 0.6666666 0.4672374 0.5 0.6298758 0.2693707 0.4672374 0.5 0.6541905 0.5 0.3367743 1 0.6284404 0.729934 0.3219812 0.8333334 0.6298758 0.2693707 0.665521 0 0.3367743 0 0.4672374 0.5 0.6284404 0.729934 0.6541905 0.5 0.845078 0 0.7052637 0.217791 0.8427045 0.2652996 0.665521 1 0.7065792 0.7921373 0.6284404 0.729934 0.6541905 0.5 0.7052637 0.217791 0.6298758 0.2693707 0.7065792 0.7921373 0.8406969 0.546874 0.6541905 0.5 0.665521 1 0.845078 1 0.7065792 0.7921373 0.3760947 0.5 0.4065167 0.7877301 0.4542356 0.4259302 0.8406969 0.546874 0.8427045 0.2652996 0.7052637 0.217791 0.845078 1 0.9999721 0.9020109 0.7065792 0.7921373 0.7065792 0.7921373 0.9999721 0.9020109 0.8406969 0.546874 0.8427045 0.2652996 1.000001 0.03847354 0.845078 0 0.8406969 0.546874 1.000005 0.3333333 0.8427045 0.2652996 1.000005 0.3333333 1.000001 0.03847354 0.8427045 0.2652996 -8.07344e-6 0.5607248 0.5018625 0.3333333 -1.77981e-5 0.2233679 -6.78466e-6 0.8716462 0.5020943 0.5917999 -8.07344e-6 0.5607248 0.5018556 1 1.000007 0.8715347 0.5024792 0.8333333 0.5018625 0.3333333 1.000019 0.2232063 0.5021161 0.07738727 0.5020943 0.5917999 1.000008 0.5608687 0.5018625 0.3333333 0.5024792 0.8333333 1.000007 0.8715347 0.5020943 0.5917999 1.000019 0.2232063 1 0 0.5021161 0.07738727 -1.67426e-7 0.9122185 0.9999997 1 0.9999998 0.7574269 0.9999998 0.4166665 0.9999998 0.08333307 0 0.2500007 0 0.5833326 0.9999998 0.7574269 0.9999998 0.4166665 2.9468e-4 0.4394602 0.1566438 0.3333333 8.00878e-5 0.1277611 2.58564e-5 0.8161638 0.1565142 0.6666666 2.9468e-4 0.4394602 0.1564968 1 0.4065167 0.7877301 2.58564e-5 0.8161638 2.9468e-4 0.4394602 0.3760947 0.5 0.1566438 0.3333333 0.1564968 1 0.3842359 1 0.4065167 0.7877301 0.3760947 0.5 0.3821536 0.2446323 0.1566438 0.3333333 0.3821536 0.2446323 0.4542356 0.4259302 0.4541627 0.0792284 0.4704566 0.7433743 0.5683859 1 0.5693775 0.7505851 0.4704566 0.7433743 0.5800012 0.5 0.4542356 0.4259302 0.4541627 0.0792284 0.5696009 0.2471851 0.5683859 0 0.5800012 0.5 0.5696009 0.2471851 0.4542356 0.4259302 0.5696009 0.2471851 0.7230937 0 0.5683859 0 0.7230937 0 0.8238373 0.2492392 0.8296924 0 0.7045794 0.3221422 0.7237251 0.1666666 0.5696009 0.2471851 0.5800012 0.5 0.7045794 0.3221422 0.5696009 0.2471851 0.5693775 0.7505851 0.7226333 0.6666667 0.5800012 0.5 0.5693775 0.7505851 0.7230775 0.9161959 0.7226333 0.6666667 0.7045794 0.3221422 0.8238373 0.2492392 0.7237251 0.1666666 0.7226333 0.6666667 0.8309562 0.9063184 0.8300196 0.5807927 0.7045794 0.3221422 0.8300196 0.5807927 0.8238373 0.2492392 0.8296924 0 0.8859818 0.3194361 0.900501 0 0.9016634 0.5749655 0.8309562 0.9063184 0.9007397 0.9101908 0.9016634 0.5749655 1 0.2224956 0.8859818 0.3194361 0.8859818 0.3194361 1.000018 0 0.900501 0 0.4005042 0.01793414 0.5340942 0.2787591 0.5421912 0 0.9007397 0.9101908 1.000015 0.9656419 1.000012 0.6070508 1.08871e-4 0.778523 0.2427963 0.6666667 1.10454e-5 0.4161463 0.4221307 0.5 0.4122876 0.3261112 1.10454e-5 0.4161463 0.5340942 0.2787591 0.4221307 0.5 0.5446233 0.5872274 0.5270876 1 0.9999526 0.720219 0.5043761 0.8333334 0.5429587 0.9108555 0.5446233 0.5872274 0.4227436 0.7701917 0.5446233 0.5872274 0.7491407 0.4149823 0.5340942 0.2787591 0.5429587 0.9108555 0.7538212 1 0.7540879 0.7564165 0.7491407 0.4149823 0.7531239 0.09044408 0.5340942 0.2787591 0.5446233 0.5872274 0.7540879 0.7564165 0.7491407 0.4149823 0.7538212 1 1.000001 0.9445782 0.7540879 0.7564165 0.7491407 0.4149823 1.000001 0.294648 0.7531239 0.09044408 0.7531239 0.09044408 1.000001 0.294648 1.000002 0 1.000001 0.9445782 1 0.5603167 0.7540879 0.7564165 1.2522e-4 0.8942664 0.2075365 0.7127421 -3.49604e-6 0.5554352 -3.49604e-6 0.5554352 0.2949886 0.5 0.204953 0.2734658 0.204953 0.2734658 0.5038718 0.1666666 1.26361e-4 0 0.5038718 0.1666666 0.5270876 0 1.26361e-4 0 0.2075365 0.7127421 0.481783 0.6850455 0.2949886 0.5 0.481783 0.6850455 0.9999585 0.4105879 0.4921026 0.3333333 0.5017496 0.4034828 1 0.0602253 -0.001345634 0.2221719 -1.70206e-5 0.5613314 0.5021939 0.3333333 -2.3461e-5 0.2246916 -9.68031e-6 0.8704288 0.5022415 0.6666667 -1.70206e-5 0.5613314 0.5022415 0.6666667 0.5027343 0.5 -1.70206e-5 0.5613314 0.5022233 1 1.00001 0.8703457 0.5028083 0.8333333 0.5021939 0.3333333 1.000025 0.2245626 0.5024586 0.07740068 0.5027343 0.5 1.000018 0.5613322 0.5021939 0.3333333 0.5028083 0.8333333 1.00001 0.8703457 0.5022415 0.6666667 1.000025 0.2245626 1 0 0.5024586 0.07740068 -2.49357e-6 0.5608294 0.5015144 0.3333333 -6.41898e-6 0.2221616 -2.24817e-6 0.8719542 0.5016971 0.5919936 -2.49357e-6 0.5608294 0.5014607 1 1.000002 0.8718216 0.5020693 0.8333333 0.5015144 0.3333333 1.000007 0.2221781 0.501734 0.07726842 0.5016971 0.5919936 1.000003 0.5609397 0.5015144 0.3333333 0.5020693 0.8333333 1.000002 0.8718216 0.5016971 0.5919936 1.000007 0.2221781 1 0 0.501734 0.07726842 1 0.2499994 0.9999994 0 0 0.08778166 3.23504e-7 0.4166666 1 0.5907594 1 0.2499994 2.08407e-7 0.7500001 0.9999999 0.9166653 1 0.5907594 1.57475e-4 0.5606672 0.5017496 0.4034828 -0.001345634 0.2221719 0.5017413 0.9260296 1.000003 0.794491 1.57475e-4 0.5606672 2.20192e-5 0 0.3227543 0.1666666 0.3291109 0 1.57475e-4 0.5606672 1.000003 0.794491 1.000003 0.4449341 1.60092e-5 0.9306618 0.250707 0.6666668 -2.21562e-7 0.5547792 -2.21562e-7 0.5547792 0.255652 0.5 2.27852e-5 0.3333333 1.60092e-5 0.9306618 0.3169131 0.8333334 0.250707 0.6666668 1.56252e-5 0.1666666 0.3087164 0.3333333 0.3227543 0.1666666 0.3087164 0.3333333 0.5496583 0.5 0.5549266 0.3333333 0.255652 0.5 0.5505959 0.6666667 0.5496583 0.5 0.3291109 1 0.5660767 0.8333333 0.3169131 0.8333334 0.3291109 0 0.5702101 0.1666666 0.5699586 0 0.5549266 0.3333333 0.6716333 0.560213 0.7149881 0.3333333 0.5549266 0.3333333 0.7149881 0.3333333 0.5702101 0.1666666 0.5505959 0.6666667 0.6329369 0.8970904 0.6716333 0.560213 0.6716333 0.560213 0.7369543 0.8333333 0.7332136 0.5549246 0.8577342 0.5736521 0.7369543 0.8333333 0.8606911 0.9010944 0.7149881 0.3333333 0.8575685 0.2387585 0.7177457 0.1019425 0.7332136 0.5549246 0.8577342 0.5736521 0.7149881 0.3333333 0.8575685 0.2387585 0.8573561 0 0.7177457 0.1019425 0.5016153 0.7371655 1 0.3938685 -3.21891e-4 0.5548685 0.8577342 0.5736521 1.000001 0.3717166 0.8575685 0.2387585 0.8606911 0.9010944 1.000002 0.7222813 0.8577342 0.5736521 1.000002 0.7222813 1.000001 0.3717166 0.8577342 0.5736521 4.16379e-4 0.8941596 0.5016153 0.7371655 -3.21891e-4 0.5548685 0.501588 0.2596068 1.000001 0.1276925 4.16989e-4 0 4.16379e-4 0.8941596 1 1 1.000001 0.7784264 1 0.7500016 0 1 1 1 0 0.5 1 0.7500016 1 0.4166663 0 0.2455513 1 0.4166663 1 0.09075933 0.2789527 0.8333334 0.5645222 1 0.5643634 0.8333334 -4.00119e-7 0.4392882 0.2358049 0.3333334 -2.69649e-7 0.127821 1.45898e-5 0.8017492 0.2305818 0.6666666 -4.00119e-7 0.4392882 -4.00119e-7 0.4392882 0.2359031 0.5 0.2358049 0.3333334 1.45898e-5 0.8017492 0.2789527 0.8333334 0.2305818 0.6666666 0.5645222 0 0.2414264 0.1666666 0.5650036 0.1666666 0.2414264 0.1666666 0.5632015 0.3333333 0.5650036 0.1666666 0.2359031 0.5 0.5632015 0.3333333 0.2358049 0.3333334 0.2359031 0.5 0.5638507 0.6666666 0.5729002 0.4949449 0.5638507 0.6666666 0.2789527 0.8333334 0.5643634 0.8333334 0.5650036 0.1666666 0.815411 0 0.5645222 0 0.5650036 0.1666666 0.5729002 0.4949449 0.8059826 0.1666666 0.5638507 0.6666666 0.8042623 0.8182221 0.8123298 0.6172819 0.5016104 0.7370403 1 0.3938223 -3.70067e-4 0.5548733 0.9999918 1 0.9999884 0.7515514 0.8042623 0.8182221 0.5729002 0.4949449 0.9999873 0.4196543 0.9999895 0.08152478 0.8123298 0.6172819 0.9999884 0.7515514 0.9999873 0.4196543 2.52688e-4 0.8941766 0.5016104 0.7370403 -3.70067e-4 0.5548733 0.5015643 0.2594832 1.000001 0.1276644 2.53386e-4 0 2.52688e-4 0.8941766 1 1 1 0.7783915 0.2501472 0.6666666 1.38992e-5 0.880617 0.4548242 0.6930209 2.22806e-5 0.6666667 0.171274 0.5 1.9394e-5 0.3589307 0.171274 0.5 0.3865213 0.3333333 1.9394e-5 0.3589307 2.22806e-5 0.6666667 0.2501472 0.6666666 0.171274 0.5 0.2514663 0.5 0.5696733 0.6666668 0.5622352 0.5 0.2501472 0.6666666 0.4255235 0.5 0.171274 0.5 0.2501472 0.6666666 0.4548242 0.6930209 0.4255235 0.5 0.3865213 0.3333333 0.682873 0.1666666 0.2959595 0.1666666 0.4255235 0.5 0.7525411 0.5 0.3865213 0.3333333 0.4548242 0.6930209 0.7525411 0.5 0.4255235 0.5 0.7525411 0.5 0.7960594 0.3333333 0.3865213 0.3333333 0.7955688 1 0.825734 0.8333333 0.5188466 0.8333333 0.682873 0.1666666 0.999976 0.1119531 0.7955688 0 0.7960594 0.3333333 0.999976 0.1119531 0.682873 0.1666666 0.7955688 1 1 0.9610118 0.825734 0.8333333 0.7525411 0.5 1 0.3881232 0.7960594 0.3333333 0.825734 0.8333333 1 0.9610118 0.9999601 0.6666667 3.1526e-4 0.8942217 0.2423102 0.6666667 -8.89546e-7 0.5549578 -8.89546e-7 0.5549578 0.2514663 0.5 0.1745831 0.3333333 3.1526e-4 0.8942217 0.4117446 1 0.2194678 0.8333333 0.1745831 0.3333333 0.4376494 0.3333333 0.2148277 0.1666666 0.2514663 0.5 0.4376494 0.3333333 0.1745831 0.3333333 0.4117446 1 0.4645649 0.8333333 0.2194678 0.8333333 0.4376494 0.3333333 0.4691223 0.1666666 0.2148277 0.1666666 0.2194678 0.8333333 0.4645649 0.8333333 0.2423102 0.6666667 0.6918858 0.8333333 0.4117446 1 0.7742859 1 0.4117446 0 0.7049784 0.1666666 0.7742859 0 0.50173 0.4035792 1 0.06035876 -0.001164376 0.2220804 0.4376494 0.3333333 0.7049784 0.1666666 0.4691223 0.1666666 0.4645649 0.8333333 0.6918858 0.8333333 0.5696733 0.6666668 0.5696733 0.6666668 0.8286993 0.5681145 0.5622352 0.5 0.6918858 0.8333333 0.8286993 0.5681145 0.5696733 0.6666668 0.6731547 0.3333333 0.9995233 0.438771 0.7049784 0.1666666 0.7742859 1 0.9999592 0.7519379 0.6918858 0.8333333 0.9999592 0.7519379 0.9995233 0.438771 0.8286993 0.5681145 0.7742859 1 1 1 0.9999592 0.7519379 3.47394e-4 0.5607332 0.50173 0.4035792 -0.001164376 0.2220804 0.5017307 0.9261048 1.000003 0.7945188 3.47394e-4 0.5607332 0.7276783 0.3195639 0.7693526 0 0.5731512 0 3.47394e-4 0.5607332 1.000003 0.7945188 1.000003 0.4449352 0.2481129 1 0.4659292 0.8333333 1.73048e-5 0.7967329 1.72745e-5 0.4160973 0.4527912 0.3333333 0.3528718 0.1666666 1.72745e-5 0.4160973 0.523985 0.5 0.4527912 0.3333333 0.2481129 1 0.5731512 1 0.4659292 0.8333333 0.3528718 0.1666666 0.5731512 0 0.2481129 0 0.3528718 0.1666666 0.7276783 0.3195639 0.5731512 0 0.4527912 0.3333333 0.7276783 0.3195639 0.3528718 0.1666666 0.4659292 0.8333333 0.7637887 0.6169003 0.3682923 0.6666666 0.5731512 1 0.7604086 0.9217386 0.4659292 0.8333333 0.4659292 0.8333333 0.7604086 0.9217386 0.7637887 0.6169003 0.7637887 0.6169003 0.8626196 0.908578 0.863035 0.5879752 0.523985 0.5 0.7637887 0.6169003 0.7276783 0.3195639 0.7637887 0.6169003 0.863035 0.5879752 0.8355008 0.3333333 0.863035 0.5879752 1.000014 0.941371 1 0.5562303 0.8355008 0.3333333 1.000017 0.2979292 0.8049447 0.1666666 0.863035 0.5879752 1.000017 0.2979292 0.8355008 0.3333333 0.8049447 0.1666666 1.000017 0.2979292 1.000021 0 0.7155943 0.5855749 0.3377683 0.8333334 0.729492 0.8976823 -7.21335e-6 0.5609096 0.3506121 0.3333333 -1.51904e-5 0.2242025 -5.85719e-6 0.871147 0.3324622 0.5672622 -7.21335e-6 0.5609096 -1.51904e-5 0.2242025 0.3367359 0.1666666 0.3543244 0 0.3543244 1 0.729492 0.8976823 0.3377683 0.8333334 0.3506121 0.3333333 0.7301512 0.2739232 0.3367359 0.1666666 0.3324622 0.5672622 0.7155943 0.5855749 0.3506121 0.3333333 0 0.5 0.9999997 0.6666667 0.9999998 0.4092415 0.7301512 0.2739232 1.000004 0.03838777 0.7386435 0 0.7155943 0.5855749 1.000003 0.3891062 0.7301512 0.2739232 1.000003 0.3891062 1.000004 0.03838777 0.7301512 0.2739232 0.7155943 0.5855749 1 0.773298 1.000003 0.3891062 0.9999998 0.4092415 1 0.05381751 -1.52282e-7 0.2544471 0.5393897 0.7535178 0.4832283 1 0.5413061 1 -1.60081e-7 0.7499991 0.9999999 0.9166681 0.9999997 0.6666667 -4.17617e-7 0.6116567 0.120792 0.5 7.39681e-5 0.2725706 0.1801666 0.8333333 0.2028658 0.6666668 -4.17617e-7 0.6116567 0.2139027 0.3333333 0.3180067 0.2913852 7.39681e-5 0.2725706 0.2082253 1 0.35666 0.7344811 0.1801666 0.8333333 0.1801666 0.8333333 0.35666 0.7344811 0.2028658 0.6666668 0.2082253 1 0.3392417 1 0.35666 0.7344811 0.2594879 0.5 0.3180067 0.2913852 0.2139027 0.3333333 0.2028658 0.6666668 0.35666 0.7344811 0.2594879 0.5 0.3906311 0.2301302 0.3884229 0 0.3386956 0.09470194 0.3883827 0.9245966 0.4832283 1 0.4804626 0.7408307 0.3793058 0.5 0.4810636 0.4040879 0.3906311 0.2301302 0.4804626 0.7408307 0.4810636 0.4040879 0.3793058 0.5 0.4845319 0.08378165 0.5411757 0.4196605 0.5430644 0.09234565 0.5411757 0.4196605 0.4804626 0.7408307 0.5393897 0.7535178 0.5393897 0.7535178 0.7048113 1 0.7054758 0.8333334 0.7054758 0.8333334 0.7715637 1 0.7723206 0.7407739 0.5393897 0.7535178 0.7029662 0.6666667 0.5411757 0.4196605 0.5393897 0.7535178 0.7054758 0.8333334 0.7029662 0.6666667 0.5430644 0.09234565 0.7455049 0.1666666 0.7048113 0 0.7029662 0.6666667 0.7246925 0.4689182 0.5411757 0.4196605 0.8761268 0.7569982 0.7715637 1 0.8756631 1 0.7003119 0.3333333 0.7246925 0.4689182 0.7455049 0.1666666 0.7863315 0.4226033 0.8750672 0.09065866 0.7455049 0.1666666 0.7863315 0.4226033 0.8761268 0.7569982 0.875135 0.4197053 0.1930555 0.8333333 0.3893705 1 0.4007528 0.7504915 0.8756631 1 1 0.9447534 0.8761268 0.7569982 0.875135 0.4197053 1 0.294558 0.8750672 0.09065866 0.8750672 0.09065866 1 0.294558 1.000001 0 1 0.9447534 1 0.5604347 0.8761268 0.7569982 -1.29136e-6 0.6058281 0.1980724 0.6215609 -1.5034e-6 0.2947257 -3.78675e-6 0.9442145 0.1930555 0.8333333 -1.29136e-6 0.6058281 0.5747959 0.4189852 0.4007528 0.7504915 0.5793076 0.6666668 0.199629 0.3333333 0.37962 0.09121924 0.1956976 0.08486437 0.1930555 0.8333333 0.4007528 0.7504915 0.1980724 0.6215609 0.4040327 0.4153158 0.5281704 0.1666666 0.37962 0.09121924 0.5281704 0.1666666 0.5727283 0 0.37962 0.09121924 0.7320931 0.3333333 0.8399077 0.5935186 0.8405207 0.2394112 0.5281704 0.1666666 0.730601 0.09336018 0.5727283 0 0.5747959 0.4189852 0.730601 0.09336018 0.5281704 0.1666666 0.5669877 0.895093 0.7534247 0.861661 0.5793076 0.6666668 0.5747959 0.4189852 0.7344549 0.601763 0.7320931 0.3333333 0.8405207 0.2394112 0.8 0 0.730601 0.09336018 0.3399149 0 0.4348608 0.2554801 0.4357277 0 0.8399077 0.5935186 1.000025 0.3026849 0.8405207 0.2394112 0.8615642 0.9057062 1.000053 0.5998824 0.8399077 0.5935186 0.8405207 0.2394112 1.000025 0.3026849 1.000055 0 3.65031e-6 0.946788 0.3399149 1 0.3718496 0.7856727 0.3363941 0.4377056 0.3718496 0.7856727 0.4420942 0.5965843 0.3363941 0.4377056 0.4420942 0.5965843 0.4348608 0.2554801 0.8325234 0.2727333 0.599468 0.5798475 0.9997493 0.3943542 0.3718496 0.7856727 0.4555347 0.885432 0.4420942 0.5965843 0.5991661 0.3333333 0.6101413 0.1103255 0.4348608 0.2554801 0.599468 0.5798475 0.5991661 0.3333333 0.4348608 0.2554801 0.4555347 0.885432 0.7348873 0.8333333 0.599468 0.5798475 0.5991661 0.3333333 0.8325234 0.2727333 0.6101413 0.1103255 0.399736 0 0.7180828 0.1666666 0.7258484 0 0.9998078 0.7053123 0.9997493 0.3943542 0.599468 0.5798475 0.7348873 0.8333333 0.9998078 0.7053123 0.599468 0.5798475 0.6101413 0.1103255 0.8325234 0.2727333 1.000046 0.05515575 1.000047 1 0.9998078 0.7053123 0.7348873 0.8333333 -3.91796e-6 0.5609596 0.1932291 0.3995413 -7.47579e-6 0.2234097 -2.85826e-6 0.8713024 0.2960851 0.6666666 -3.91796e-6 0.5609596 -7.47579e-6 0.2234097 0.3010194 0.1666666 0.1902205 0 0.2960851 0.6666666 0.1932291 0.3995413 -3.91796e-6 0.5609596 0.3010194 0.1666666 0.399736 0 0.1902205 0 0.1935985 0.933591 0.3979555 0.9138355 0.2960851 0.6666666 0.3979555 0.9138355 0.7258484 1 0.7146726 0.8333334 0.3010194 0.1666666 0.6084491 0.4268822 0.7180828 0.1666666 0.2960851 0.6666666 0.6084491 0.4268822 0.3985677 0.4116192 0.3979555 0.9138355 0.730432 0.6666666 0.2960851 0.6666666 0.3275528 0.04537528 0.6083751 0.4220398 0.675835 0.1666666 0.730432 0.6666666 0.7883701 0.3687055 0.6084491 0.4268822 0.7258484 1 1.000003 0.8711868 0.7146726 0.8333334 0.7883701 0.3687055 1.000007 0.223182 0.7180828 0.1666666 0.7146726 0.8333334 1.000003 0.8711868 0.730432 0.6666666 1.000007 0.223182 1 0 0.7258484 0 4.55224e-5 0.7564311 0.5195181 0.5 3.03319e-5 0.3573657 1.63636e-4 1 0.6481206 1 4.55224e-5 0.7564311 0.6056024 0.5799826 0.6481206 0 1.63673e-4 0.0389412 0.5195181 0.5 0.6056024 0.5799826 3.03319e-5 0.3573657 4.55224e-5 0.7564311 0.6544836 0.6666668 0.5195181 0.5 0.6481206 1 0.9998347 0.8333333 4.55224e-5 0.7564311 0.6056024 0.5799826 0.9999837 0.2538313 0.6481206 0 0.6544836 0.6666668 1.000001 0.5550985 0.5195181 0.5 0.6481206 1 1 1 0.9998347 0.8333333 -2.47928e-6 0.6057834 0.3253197 0.4282962 -2.24444e-6 0.2949064 -5.85531e-6 0.9441415 0.3220219 0.7666427 -2.47928e-6 0.6057834 -2.47928e-6 0.6057834 0.3220219 0.7666427 0.3253197 0.4282962 0.3275528 0.04537528 0.675835 0.1666666 0.6059829 0 0.7713332 0.4242246 1 0.7753921 1.000018 0.3920273 0.3220219 0.7666427 0.6083751 0.4220398 0.3253197 0.4282962 0.6090194 0.9222249 0.6960175 0.6666668 0.3220219 0.7666427 0.675835 0.1666666 0.7692837 0 0.6059829 0 0.6090194 0.9222249 0.7718251 0.9050866 0.6960175 0.6666668 0.675835 0.1666666 1.00002 0.03569275 0.7692837 0 1.000018 0.3920273 1.00002 0.03569275 0.675835 0.1666666 0.5115404 0.1666666 1.000006 0.444025 1 0.0601505 -5.21794e-6 0.5608451 0.5017113 0.3333334 -1.37988e-5 0.2229906 -5.22384e-6 0.871715 0.501618 0.6666668 -5.21794e-6 0.5608451 -1.37988e-5 0.2229906 0.5115404 0.1666666 0.5016601 0 0.501618 0.6666668 0.5022316 0.5 -5.21794e-6 0.5608451 0.5016601 1 1.000006 0.7951322 0.5022895 0.8333333 0.5022316 0.5 1.000006 0.444025 0.5017113 0.3333334 0.5022895 0.8333333 1.000006 0.7951322 0.501618 0.6666668 0 1 1 0.750001 0 0.7500003 0.501618 0.6666668 1.000006 0.7951322 1.000006 0.444025 1 1 1 0.7425737 0 0.9166668 -1.45545e-7 0.2455521 1 0.4166672 1 0.08333307 1 0.7425737 1 0.4166672 0 0.5833334 1 0.08333361 0 0.4122183 1 0.4240928 1 0.4240928 0 0.7500003 1 0.750001 0.6408734 0 0.8233749 0.1666666 0.9999716 0 2.43483e-5 0.2496187 0.2778576 0 0 0 0.2778576 1 0.3898723 0.7551812 -3.06822e-7 0.8938906 2.43483e-5 0.2496187 0.3940609 0.4563807 0.5053808 0.03476023 2.22964e-5 0.5847885 0.3898723 0.7551812 0.3940609 0.4563807 0.2778576 1 0.5374069 1 0.3898723 0.7551812 0.3940609 0.4563807 0.5543619 0.4456828 0.5053808 0.03476023 0.3898723 0.7551812 0.5543619 0.4456828 0.3940609 0.4563807 0.5647718 0.8333334 0.616585 0.6666667 0.3898723 0.7551812 0.5374069 1 0.648745 0.9460249 0.5647718 0.8333334 0.5543619 0.4456828 0.6909 0.4721411 0.6167514 0.2415265 0.5647718 0.8333334 0.648745 0.9460249 0.616585 0.6666667 0.999971 0.9614856 0.8174721 0.7542923 0.648745 0.9460249 0.6909 0.4721411 0.8174721 0.7542923 0.8352701 0.5 0.6909 0.4721411 0.8233749 0.1666666 0.6167514 0.2415265 0.8352701 0.5 1 0.2268487 0.6909 0.4721411 0.8174721 0.7542923 1.000002 0.6111696 0.8352701 0.5 0.9999995 0 2.27957e-7 0.2500003 0.9999995 0.2499998 0.8174721 0.7542923 0.999971 0.9614856 1.000002 0.6111696 -6.47485e-5 0.3975442 0.3413585 0.09849053 -4.9679e-5 0.06166827 -3.0829e-5 0.7007501 0.3436557 0.5691652 -6.47485e-5 0.3975442 -7.88567e-5 1 0.3387225 1 0.5043051 0.8333333 0.3436557 0.5691652 0.5046331 0.3333333 -6.47485e-5 0.3975442 0.3387225 1 0.589962 1 0.5043051 0.8333333 0.5046331 0.3333333 0.6005207 0.09637904 0.3413585 0.09849053 0.5046331 0.3333333 1.000069 0.2710139 0.6005207 0.09637904 0.5043051 0.8333333 1.000031 0.6317138 0.5978947 0.5719064 0.5978947 0.5719064 1.000031 0.6317138 1.000069 0.2710139 -1.41679e-5 0.60561 0.5021694 0.5 -9.25238e-6 0.2957847 -2.34358e-5 0.9422983 0.5021226 0.8333334 -1.41679e-5 0.60561 0.5021452 0.1666666 0.5026634 0 -3.58461e-5 0 -1.41679e-5 0.60561 0.5026532 0.6666666 0.5021694 0.5 0.5026634 1 1.000025 0.9424919 0.5021226 0.8333334 0.5027468 0.3333333 1.00001 0.2958703 0.5021452 0.1666666 0.5021694 0.5 1.00001 0.2958703 0.5027468 0.3333333 0.5021226 0.8333334 1.000015 0.6055268 0.5026532 0.6666666 0.5021452 0.1666666 1.00001 0.2958703 1.000038 0 0 0.5833334 0.9999995 0.2499998 2.27957e-7 0.2500003 1 0.5833331 1.65515e-7 0.9122183 0.9999997 0.9240919 0.9999999 0.75 0 1 1 1 2.30162e-7 0.5 0.9999999 0.75 0.9999999 0.4166661 1.39346e-7 0.2500004 0.9999999 0.4166661 1 0.0907588 0.06859868 0.6666668 0.06821829 0.8333334 0.1 0.8333333 0.1 0.8333333 0.08072805 1 0.1322134 1 0.1322134 0 0.08072805 0 0.1 0.1666666 0.1 0.1666666 0.1 0.3333333 0.1296852 0.3333333 0.1 0.3333333 0.08276861 0.5 0.1326653 0.5 0.1 0.6666667 0.1298262 0.6666667 0.1326653 0.5 0.1298262 0.6666667 0.1 0.6666667 0.1 0.8333333 0.1323238 0.1666666 0.1296852 0.3333333 0.2036333 0.3333333 0.3487488 0.6666667 0.1298262 0.6666667 0.1324084 0.8333333 0.2773941 0 0.2262789 0.1666666 0.3916833 0.1666666 0.4321351 0.6666667 0.3487488 0.6666667 0.3647639 0.8333333 0.4504281 0 0.3879089 0 0.3916833 0.1666666 0.4216816 0.8333333 0.4504281 1 0.6952735 1 0.4566898 0.1666666 0.7012519 0.1666666 0.6952735 0 0.7012519 0.1666666 0.9996758 0.1666666 0.9998164 0 0 1 0.1105974 1 0.1110818 0.8333333 0 0 0 0.1666666 0.1116684 0.1666666 0 0.1666666 0 0.3333333 0.1148754 0.3333334 0 0.8333333 0.1110818 0.8333333 0.1116665 0.6666667 0.3380628 0.3333333 0.1148754 0.3333334 0.1147257 0.5 0.4278163 0.8333333 0.3255756 0.8333333 0.3342623 1 0.3471875 0.6666666 0.4183843 0.6666668 0.417749 0.5 0.4183843 0.6666668 0.3471875 0.6666666 0.3255756 0.8333333 0.4278163 0.8333333 0.4315834 1 0.4773337 1 0.4315834 0 0.3014073 0.1666666 0.4759748 0.1666666 0.4759748 0.1666666 0.3014073 0.1666666 0.4444444 0.3333333 0.4763523 0.3333333 0.4444444 0.3333333 0.417749 0.5 0.417749 0.5 0.4183843 0.6666668 0.4758087 0.6666667 0.4183843 0.6666668 0.4278163 0.8333333 0.4771472 0.8333333 0.4771472 0.8333333 0.4773337 1 0.6701015 1 0.4773337 0 0.4759748 0.1666666 0.6706341 0.1666666 0.6706341 0.1666666 0.4759748 0.1666666 0.4763523 0.3333333 0.4763523 0.3333333 0.4759606 0.5 0.6132604 0.5 0.891972 0.3333333 0.8876879 0.5 1.000024 0.5 0.8990122 0 0.8865965 0.1666666 1 0.1666666 1 0.6666667 0.8901218 0.6666667 0.9060521 0.8333333 0 1 0.1766782 1 0.1137611 0.8333333 0 0.8333333 0.1137611 0.8333333 0.1149464 0.6666668 0.3392368 0.3333333 0.1138018 0.3333333 0.115717 0.5 0.3500739 0.5 0.115717 0.5 0.1149464 0.6666668 0 0.1666666 0 0.3333334 0.1120805 0.3333333 0.1120805 0.3333333 0 0.3333334 0 0.5 0.1158086 0.6666668 0.1131218 0.8333333 0.338174 0.8333333 0.3138462 0.5 0.3108844 0.6666667 0.3993922 0.6666667 0.4431051 0.3333333 0.5966029 0.3333333 0.603251 0.1666666 0.5966029 0.3333333 0.4431051 0.3333333 0.423736 0.5 0.6625892 0.6666668 0.5301448 0.6666667 0.5263298 0.8333333 0.6072505 0 0.603251 0.1666666 0.679369 0.1666666 0.603251 0.1666666 0.5966029 0.3333333 0.6788861 0.3333333 0.6023092 0.5 0.678645 0.5 0.6788861 0.3333333 0.6758486 0.8333334 0.6771942 1 0.7419323 1 0.679369 0.1666666 0.7433002 0.1666666 0.7419323 0 0.679369 0.1666666 0.6788861 0.3333333 0.7422115 0.3333333 0.7422115 0.3333333 0.6788861 0.3333333 0.678645 0.5 0.678645 0.5 0.6625892 0.6666668 0.7436203 0.6666667 0.7436203 0.6666667 0.6625892 0.6666668 0.6758486 0.8333334 0.7451034 0.8333333 0.7419323 1 0.7777778 1 0.7433002 0.1666666 0.7777778 0.1666666 0.7777778 0 0.7433002 0.1666666 0.7422115 0.3333333 0.7777778 0.3333333 0.7777778 0.3333333 0.7422115 0.3333333 0.744438 0.5 0.744438 0.5 0.7436203 0.6666667 0.7777778 0.6666667 0.7777778 0.6666667 0.7436203 0.6666667 0.7451034 0.8333333 0.8133732 0.8333333 0.7777778 0.8333333 0.7777778 1 0.8135233 0 0.7777778 0 0.7777778 0.1666666 0.7777778 0.1666666 0.7777778 0.3333333 0.813724 0.3333333 0.7777778 0.3333333 0.7777778 0.5 0.8111303 0.5 0.7777778 0.6666667 0.8119667 0.6666667 0.8111303 0.5 0.7777778 0.8333333 0.8133732 0.8333333 0.8119667 0.6666667 0.813724 0.3333333 0.8111303 0.5 0.8887059 0.5 0.8119667 0.6666667 0.999901 0.6666667 0.8887059 0.5 0.8906986 0.3333333 0.8887059 0.5 1.000012 0.5 0 0.8333333 0 1 0.1129613 1 0 0.1666666 0.1176431 0.1666666 0.1129613 0 0 0.1666666 0 0.3333333 0.11179 0.3333333 0 0.3333333 0 0.5 0.1140661 0.5 0.2940867 0.3333334 0.11179 0.3333333 0.1140661 0.5 0.3177264 1 0.3766751 1 0.3784185 0.8333333 0.5210097 0.1666666 0.3052313 0.1666666 0.2940867 0.3333334 0.8911507 0.8333333 0.6918141 0.8333333 0.7256716 1 0.8911507 0.8333333 0.8927469 1 1.000023 1 1.000023 0 0.8927469 0 0.8919302 0.1666666 0.316513 0.2881658 0.6211211 0.2570573 0.6516526 0 0.316513 0.2881658 0.2699247 0.5 0.6471397 0.5856234 0.8422397 0 0.829263 0.2478345 1.00001 0.2727612 3.18279e-5 0.4049552 2.82805e-5 0.7596235 0.3415769 0.6666667 0.5313361 0.1151714 0.4357742 0.3333333 0.7958638 0.4330745 0.8846902 0.7409138 0.8010772 0.7530606 0.7983983 1 0.8875934 0.3834992 0.7958638 0.4330745 0.8010772 0.7530606 0.8875934 0.3834992 0.8846902 0.7409138 1 0.7596595 0.3889384 0.03160899 0.337183 0.3659737 0.5023946 0.3333333 0.4943969 0.7708862 0.327442 0.8333333 0.3974485 1 0.5095029 1 0.6706985 1 0.548345 0.5838183 0.6762711 0.09029173 0.5062506 0.09875428 0.5023946 0.3333333 0.7188642 0 0.6688488 0.3840183 0.8172916 0.2043445 0.819541 0.5967447 0.6597129 0.6218159 0.6601213 0.839704 1 0.1666666 0.8059656 0.1666666 0.8145652 0.3333333 0.8175075 0.5 0.7978935 0.6666667 1.00004 0.7911265 0.6682022 0.7538562 0.3353219 0.7425182 0.3311896 1 0.345693 0.5079372 0.6657788 0.412792 0.6724661 0.09313333 0.345693 0.5079372 0.3353219 0.7425182 0.6682022 0.7538562 0.07742172 0.3333333 0.07635831 0.5 0.1277266 0.5 0.3529314 0.8333333 0.2978243 0.8333333 0.2981375 1 0.2981375 0 0.291288 0.1666666 0.3529725 0.1666666 0.3529725 0.1666666 0.291288 0.1666666 0.2978084 0.3333333 0.2978243 0.8333333 0.3529314 0.8333333 0.3562138 0.6666667 0.3529725 0.1666666 0.3544765 0.3333334 0.4314516 0.3333333 0.4314516 0.3333333 0.3722841 0.5 0.5497173 0.5 0.3722841 0.5 0.3562138 0.6666667 0.5607063 0.6666667 7.04939e-6 0 5.06785e-6 0.1666666 0.1489844 0.1666666 0.1297208 0.5 0.1260234 0.6666666 0.3312793 0.6666666 0.3312793 0.6666666 0.5557015 0.6666666 0.5492869 0.5 0.387983 0 0.3279866 0.1666666 0.5596429 0.1666666 0.6788452 0.8333333 0.5570654 0.8333333 0.5660651 1 0.5660651 0 0.5596429 0.1666666 0.7439956 0.1666666 0.6776233 0.5 0.5492869 0.5 0.5557015 0.6666666 0.5557015 0.6666666 0.5570654 0.8333333 0.6788452 0.8333333 0.7966231 0 0.7413872 0 0.7439956 0.1666666 0.7976396 0.1666666 0.7439956 0.1666666 0.7440726 0.4293248 0.8100156 0.7511369 0.7966231 1 0.891999 1 0.7976396 0.1666666 0.8940747 0.1666666 0.891999 0 0.7976396 0.1666666 0.7976637 0.3333333 0.8940185 0.3333333 0.8089337 0.5 0.8895057 0.5 0.8940185 0.3333333 0.8895057 0.5 0.8089337 0.5 0.8100156 0.7511369 0.144135 0.7523406 0.1305018 1 0.2154962 1 0.3454778 0 0.3339813 0.1666666 0.5114728 0.1666666 0.3306604 0.6666668 0.5454797 0.6666666 0.5062254 0.59675 0.5114728 0.1666666 0.5062254 0.59675 0.6640247 0.442151 0.5500314 0.8333333 0.546377 1 0.6795771 1 0.5454797 0.6666666 0.5500314 0.8333333 0.7295934 0.7055723 0.7295934 0.7055723 0.6795771 1 0.7453187 1 0.6640247 0.442151 0.7578868 0.3333333 0.7447243 0.09559738 0.7980766 0.4399737 0.7367299 0.5197804 0.7295934 0.7055723 0.124171 0.6666668 0.1198615 0.8333334 0.3248279 0.8333333 0.3443216 1 0.5210537 1 0.5193992 0.7458967 0.3316739 0.1666666 0.2998442 0.3333333 0.521206 0.3333333 0.521206 0.3333333 0.2998442 0.3333333 0.3355173 0.5 0.3355173 0.5 0.3255488 0.6666666 0.5193992 0.7458967 0.5193992 0.7458967 0.5210537 1 0.5761447 1 0.5202372 0.08021295 0.521206 0.3333333 0.5347459 0.4636405 0.5756159 0.09413707 0.5880876 0.4093262 0.6743775 0.3917267 0.6743775 0.3917267 0.5880876 0.4093262 0.575387 0.7467156 0.698456 0.1666666 0.6743775 0.3917267 0.8620979 0.3333334 0.8653635 0.6666666 1 0.7784132 1 0.393889 4.21027e-6 0.3333333 0.2884822 0.3333333 0.2903211 0.1666666 4.21027e-6 0.3333333 1.33421e-6 0.5 0.2217786 0.5 0.2217786 0.5 1.33421e-6 0.5 3.15831e-6 0.6666666 0.282853 0.6666667 3.15831e-6 0.6666666 4.23869e-6 0.8333333 0.2971966 0.8333334 0.2956281 1 0.3525287 1 0.2956281 0 0.2903211 0.1666666 0.3558835 0.1666666 0.3558835 0.1666666 0.2903211 0.1666666 0.2884822 0.3333333 0.3530427 0.3333333 0.2884822 0.3333333 0.3006302 0.5 0.3006302 0.5 0.282853 0.6666667 0.352826 0.6666667 0.2971966 0.8333334 0.3555181 0.8333334 0.352826 0.6666667 0.3530427 0.3333333 0.3541277 0.5 0.4310444 0.5 0.4310444 0.5 0.3541277 0.5 0.352826 0.6666667 0.56389 1 0.667082 1 0.6508681 0.7875936 0.56389 0 0.5505053 0.1666666 0.6480242 0.1666666 0.7747496 0 0.667082 0 0.7002959 0.1666666 0.7002959 0.1666666 0.6868019 0.3333333 0.7701365 0.3333333 0.7000949 0.6666666 0.7018934 0.8333333 0.7988941 0.8333333 0.8925443 0.3333334 0.7701365 0.3333333 0.7692988 0.5 0.515747 0 0.4911268 0.1666666 0.7652102 0.1666666 0.5731506 0.3333334 0.551306 0.5 0.7861962 0.5 0.2984251 0.5492557 0.2960385 0.9125112 0.3523431 0.8333333 0.5215665 0.06755048 0.5215991 0.3333333 0.5705216 0.3760852 0.5705216 0.3760852 0.5245656 0.5280128 0.5926587 0.7404099 0.5750823 0.09445518 0.5705216 0.3760852 0.6008759 0.4807561 0.7277808 0.1666666 0.8072521 0.04360967 0.7777778 0 0.1869199 0 0.1888634 0.1666666 0.2286002 0.3380464 0.1840298 0.6666667 0.2417297 0.6666668 0.2286002 0.3380464 0.1840298 0.6666667 0.1875822 0.9038919 0.2420887 0.9101095 0.241414 0 0.2286002 0.3380464 0.3244492 0.1715753 0.3365612 0.5841678 0.2417297 0.6666668 0.2420887 0.9101095 0.3365612 0.5841678 0.5751639 0.5 0.5656551 0.3333333 0.5808467 0.8333333 0.5681502 1 0.7867898 1 0.9234146 0.5958294 0.8686633 0.5735749 0.8687982 0.9228923 -3.93595e-5 0.8333333 -1.83371e-5 1 0.1125631 1 -1.11763e-5 0.3333333 -1.23653e-5 0.5 0.09086441 0.5 -3.53952e-5 0.6666667 0.113261 0.6666667 0.09086441 0.5 -3.53952e-5 0.6666667 -3.93595e-5 0.8333333 0.1137505 0.8333333 0.1114463 0.3333333 0.2751718 0.3333334 0.2414315 0.1666666 0.783749 0.3333333 0.768158 0.5 1 0.5711094 -3.55043e-5 0 -1.56099e-5 0.1666666 0.07864105 0.1666666 -1.56099e-5 0.1666666 -2.06475e-5 0.3333333 0.07543963 0.3333333 0.07864105 0.1666666 0.07543963 0.3333333 0.1306182 0.3333333 0.1132633 0.6666668 0.109199 0.8333333 0.2189534 0.8333333 0.3525604 0.3333333 0.2491065 0.3333333 0.2987152 0.5 0.2987152 0.5 0.2685856 0.6666667 0.3536087 0.6666668 0.3337166 0.8333334 0.3314551 1 0.4541004 1 0.330049 0.1666666 0.4994791 0.1666666 0.4541004 0 0.330049 0.1666666 0.3525604 0.3333333 0.4833092 0.3333333 0.3525604 0.3333333 0.3542358 0.5 0.4527832 0.5 0.4527832 0.5 0.3542358 0.5 0.3536087 0.6666668 0.3536087 0.6666668 0.3337166 0.8333334 0.4718765 0.8333333 0.5954817 0 0.4994791 0.1666666 0.7654099 0.1666666 0.7911143 0.8645038 0.7603015 1 0.8701521 1 0.7654099 0.1666666 0.7208979 0.3333333 0.8693476 0.4129141 0.7911143 0.8645038 0.8690062 0.6666667 0.8693476 0.4129141 0.07696193 0.3333333 -1.02964e-5 0.3333333 -1.7133e-5 0.5 -1.7133e-5 0.5 -4.21328e-5 0.6666667 0.09107059 0.6666668 0.1440535 0.5 0.09047144 0.5 0.09107059 0.6666668 0.2318657 0.8333333 0.1095474 0.8333334 0.112941 1 0.112941 0 0.1086465 0.1666666 0.2393258 0.1666666 0.2299373 1 0.4486335 1 0.4383676 0.8333333 0.4383676 0.8333333 0.4486335 1 0.5235802 1 0.4486335 0 0.4315454 0.1666666 0.5209789 0.1666666 0.4500138 0.5 0.4337381 0.6666666 0.5489036 0.6666667 0.5489036 0.6666667 0.4337381 0.6666666 0.4383676 0.8333333 0.5235802 0 0.5209789 0.1666666 0.5718384 0.1666666 0.6500864 0.3333333 0.5475558 0.3333333 0.5522812 0.5 0.5522812 0.5 0.5489036 0.6666667 0.6513726 0.6666667 0.5489036 0.6666667 0.551582 0.8333333 0.6660752 0.8333333 0.6711206 0 0.5729289 0 0.5718384 0.1666666 0.6500864 0.3333333 0.6491477 0.5 0.7054776 0.5 0.7054776 0.5 0.6491477 0.5 0.6513726 0.6666667 0.852259 0.0715847 0.6767558 0.1666666 0.7146829 0.3333334 1.81527e-5 0.3333333 4.42657e-6 0.5 0.2254664 0.5 0.2254664 0.5 0.2101339 0.6666667 0.3329545 0.6666667 0.3526221 0 0.2714062 0 0.2993666 0.1666666 0.3526221 1 0.4986075 1 0.4416405 0.8333333 0.3329545 0.6666667 0.3326638 0.8333333 0.4416405 0.8333333 0.3688281 0.3333333 0.3347954 0.5 0.5169461 0.5 0.5742697 0.3333334 0.4938269 0.3333333 0.5169461 0.5 0.5169461 0.5 0.4879487 0.6666667 0.5755134 0.6666667 0.6930679 0.8333333 0.5561411 0.8333333 0.574466 1 0.574466 0 0.5517165 0.1666666 0.6851921 0.1666666 0.5742697 0.3333334 0.7006021 0.3333334 0.6851921 0.1666666 0.5742697 0.3333334 0.576184 0.5 0.6804119 0.5 0.6804119 0.5 0.576184 0.5 0.5755134 0.6666667 0.5755134 0.6666667 0.5561411 0.8333333 0.6930679 0.8333333 0.8652611 0.8333334 0.6930679 0.8333333 0.6890471 1 0.6851921 0.1666666 1.000061 0.1037675 0.8720074 0 0.6851921 0.1666666 0.7006021 0.3333334 0.8618695 0.3333333 0.7006021 0.3333334 0.6804119 0.5 0.8642256 0.5 0.6871328 0.6666667 0.6930679 0.8333333 0.8652611 0.8333334 0.9991397 0.8322901 0.8652611 0.8333334 0.8720074 1 0 0.6666667 0 0.9403479 0.1142914 0.8333333 0.2220645 0.8333333 0.1142914 0.8333333 0.106402 1 0.2226459 0 0.106402 0 0.1114024 0.1666666 0.1129112 0.6666668 0.2230498 0.6666667 0.2233256 0.5 0.1129112 0.6666668 0.1142914 0.8333333 0.2220645 0.8333333 0.2220645 0.8333333 0.2226459 1 0.3838903 1 0.3664554 0.6666667 0.2230498 0.6666667 0.2220645 0.8333333 0.245938 0.3333333 0.2233256 0.5 0.3574141 0.5 0.3574141 0.5 0.5148141 0.5 0.5168791 0.3333333 0.5561977 0.8333334 0.3771539 0.8333334 0.3838903 1 0.3838903 0 0.3553778 0.1666666 0.5559458 0.1666666 0.3771539 0.8333334 0.5561977 0.8333334 0.5476093 0.6666666 0.5168791 0.3333333 0.5148141 0.5 0.5752512 0.5 0.5561977 0.8333334 0.5561537 1 0.6645742 1 0.5561537 0 0.5559458 0.1666666 0.6722996 0.1666666 0.5754046 0.3333333 0.6677032 0.3333333 0.6722996 0.1666666 0.6677032 0.3333333 0.5754046 0.3333333 0.5752512 0.5 0.6720901 0.8333333 0.6645742 1 0.7844874 1 0.7844874 0 0.6645742 0 0.6722996 0.1666666 0.6722996 0.1666666 0.6677032 0.3333333 0.7860605 0.3333333 0.7860605 0.3333333 0.6677032 0.3333333 0.6689299 0.5 0.6696708 0.6666667 0.6720901 0.8333333 0.7841055 0.8333333 6.35748e-6 0.2798296 9.50697e-6 0.5814232 0.1567571 0.6423497 0.1964138 0 0.1507987 0.1666666 0.3425571 0.2404928 0.3425571 0.2404928 0.1507987 0.1666666 0.2120183 0.3333333 0.2896183 0.6666667 0.3080544 0.9489622 0.3562874 0.8817941 0.4459829 0.8721529 0.5518458 0.8333333 0.5382381 0.6373812 0.5502051 1 0.6346376 1 0.6351695 0.734589 0.5705123 0.3914521 0.5382381 0.6373812 0.6351695 0.734589 0.5705123 0.3914521 0.649634 0.428475 0.6383973 0.03227156 0.7007517 0.09285205 0.6383973 0.03227156 0.649634 0.428475 0.7958338 0.2562774 0.7888941 0.5910578 0.9999961 0.5861511 0.9999961 0.5861511 0.7888941 0.5910578 0.812111 0.8837763 0.3253203 0 0.3324183 0.1666666 0.420084 0.2816779 0.4693873 0.2175387 0.5622739 0.2239619 0.5609516 0 0.4445225 0.6664424 0.4393424 0.8414397 0.5586522 0.904019 0.5622739 0.2239619 0.4445225 0.6664424 0.88557 0.5 0.8841858 0.3333333 0.88557 0.5 1.000014 0.604296 0.07718098 0 0.07682299 0.2639886 0.1306024 0.2557318 0.1441498 0.5920943 0.2382692 0.5 0.2272838 0.2493376 0.7735745 0.8333333 0.5497131 0.8333333 0.5593306 1 0.5593306 0 0.5527012 0.1666666 0.7713001 0.1666666 0.1064773 0 0.1098563 0.1666666 0.2153248 0.1666666 0.3499464 0.5 0.241729 0.4122769 0.2380699 0.7408002 0.3530609 1 0.5668636 1 0.5570349 0.8333333 0.3530609 0 0.3409289 0.1666666 0.5545553 0.1666666 0.3409289 0.1666666 0.3363234 0.3333333 0.5557492 0.3333333 0.5557492 0.3333333 0.3363234 0.3333333 0.3499464 0.5 0.3499464 0.5 0.3447059 0.6666667 0.5588504 0.6666667 0.3447059 0.6666667 0.3347797 0.8333333 0.5570349 0.8333333 0.5557492 0.3333333 0.7401642 0.4113451 0.7372527 0.09366148 0.7401642 0.4113451 0.554156 0.5 0.5588504 0.6666667 0.5588504 0.6666667 0.5570349 0.8333333 0.7390766 0.8333334 0.7984603 0 0.796788 0.2476487 0.8926529 0.2427927 0.8926529 0.2427927 0.796788 0.2476487 0.7974305 0.5 0.7974305 0.5 0.7763119 0.6666667 0.8924698 0.7599343 0.8924698 0.7599343 0.8889213 1 1 1 0.5465119 0.1666666 0.3979448 0.3333333 0.6362596 0.3698713 0.5590208 0.8333333 0.5257943 1 0.6593602 1 0.6675609 0.6666668 0.5555399 0.5814306 0.5590208 0.8333333 0.6322062 0.1666666 0.6362596 0.3698713 0.6835342 0.3483432 0.6675609 0.6666668 0.6661788 0.8333333 0.7793743 0.927081 0.9061025 0 0.778658 0 0.7775596 0.2607772 0.7806131 0.616722 0.7793743 0.927081 0.905112 0.9062077 0.1267936 0.1666666 0.1214155 0.3333333 0.3257835 0.3333334 0.1244775 0.5 0.3297496 0.5 0.3257835 0.3333334 0.3315147 0 0.3246524 0.1666666 0.550718 0.1666666 0.3257835 0.3333334 0.3297496 0.5 0.5624321 0.5 0.5624321 0.5 0.3297496 0.5 0.3403137 0.6666666 0.3260903 0.8333333 0.6621052 0.8333333 0.5647831 0.6666668 0.7603064 0 0.5471984 0 0.550718 0.1666666 0.5624321 0.5 0.5647831 0.6666668 0.7815114 0.6666667 0.9999981 0.7865759 0.6621052 0.8333333 0.7603064 1 -2.21574e-5 0.544757 -6.66666e-6 0.8904953 0.07625764 0.9323906 0.07640653 0 0.07704204 0.2637843 0.1310877 0.1666666 0.1301509 0.4118651 0.1117987 0.6651304 0.2466126 0.6666666 0.1307232 0.9111484 0.2452986 0.8333333 0.2466126 0.6666666 0.2466126 0.6666666 0.2452986 0.8333333 0.4443638 0.8333333 0.4445894 0.5 0.6731613 0.5 0.670849 0.3333333 0.4668213 0.6666667 0.6638036 0.6666668 0.6731613 0.5 0.1418095 0.7314935 0.1312217 1 0.3309259 1 0.1317117 0.1666666 0.3322137 0.1666666 0.3309259 0 0.5433265 0 0.3309259 0 0.3322137 0.1666666 0.7671761 0 0.5433265 0 0.5453252 0.1666666 0.5453252 0.1666666 0.5513333 0.3333333 0.7700135 0.3333333 0.5513333 0.3333333 0.5105306 0.5 0.7775997 0.5 0.07575374 0.3333333 0.0763539 0.5700689 0.1308677 0.5919865 0.1308677 0.5919865 0.0763539 0.5700689 0.0763747 0.8333333 0.1302304 0 0.1307816 0.2462606 0.2314636 0.2745305 0.1308677 0.5919865 0.2425124 0.5 0.2314636 0.2745305 0.242016 0 0.2314636 0.2745305 0.410477 0.2556788 0.41116 0.7411916 0.4636564 0.7452467 0.4646352 0.4208939 0.4636564 0.7452467 0.4626466 1 0.547971 1 0.5615624 0.479658 0.4646352 0.4208939 0.4636564 0.7452467 0.5625989 0.7623113 0.7739883 0.6666667 0.7282604 0.5783199 0.7741624 0.1666666 0.7282604 0.5783199 0.9999982 0.3855913 0.1470716 0.6680548 0.3222613 0.6666666 0.3482396 0.5 0.6214098 0.8333333 0.3175872 0.8434153 0.3210845 1 0.628122 0 0.3210845 0 0.3276354 0.1666666 0.5345152 0.6666668 0.3222613 0.6666666 0.3175872 0.8434153 0.628122 0 0.6229074 0.1666666 0.6862922 0.2542165 0.8048996 0 0.6864071 0 0.6862922 0.2542165 0.6987419 0.5875433 0.8203554 0.391699 0.8029465 0.2106493 0.7767775 0.6666667 0.6987419 0.5875433 0.6864013 0.9075824 0.8048996 0 0.8029465 0.2106493 0.9999623 0.2473953 0.1368206 0.0775634 0.1301758 0.4109529 0.2231198 0.3666047 0.1421168 0.7915483 0.2459596 0.6666668 0.2231198 0.3666047 0.3314856 0.5 0.1311487 0.5 0.1309173 0.6666668 0.1309173 0.6666668 1.14989e-5 0.8333333 0.3301869 0.8333333 0.5360991 0 0.4304144 0 0.443511 0.1666666 0.4494861 0.3333333 0.5361818 0.3333333 0.5235816 0.1666666 0.5361818 0.3333333 0.5336465 0.5 0.5872769 0.5 0.5872769 0.5 0.5336465 0.5 0.5368373 0.6666668 0.6694245 0.7569699 0.6364013 1 0.7709802 1 0.6648846 0.5 0.7780596 0.5 0.7448562 0.2646071 0.6648846 0.5 0.6694245 0.7569699 0.7774414 0.6666668 0.7958244 0.2471835 0.7780596 0.5 0.8971718 0.5 0.8971718 0.5 0.7780596 0.5 0.7774414 0.6666668 0.8909807 0.6666667 0.7774414 0.6666668 0.7780507 0.8333333 0.2489027 0.5 1.95145e-6 0.4406596 1.11772e-5 0.757831 0.6203551 0.4691376 0.6673648 0.3333333 0.6424645 0.09805315 0.6203551 0.4691376 0.5331268 0.5 0.5464232 0.6666668 0.6673648 0.3333333 0.6849085 0.5 0.7865563 0.547774 0.7794975 0.4187577 0.6731137 0.4355438 0.6894218 0.7200192 0.7794975 0.4187577 0.7790388 0.6666667 0.9062929 0.7611779 0.4907814 0.4741651 0.4619332 0.6666667 0.7272536 0.6666667 0.8900496 0.5 0.7204368 0.5 0.7272536 0.6666667 1.000012 0.2287026 0.8882634 0.3333334 0.8900496 0.5 0.1752254 0.3060465 0.2227331 0.1666666 0.1890788 0 0.1886832 0.5913567 0.2405433 0.5906121 0.2454096 0.3285368 0.2405433 0.5906121 0.1886832 0.5913567 0.1878388 0.9125308 0.2454096 0.3285368 0.2405433 0.5906121 0.3261678 0.5195251 0.2391347 0.8909556 0.3313606 0.9271151 0.3261678 0.5195251 0.7402882 0.744571 0.739175 1 0.801519 1 0.7385799 0.0759589 0.7380526 0.4133474 0.7990794 0.366488 0.7402882 0.744571 0.8097038 0.5328009 0.7990794 0.366488 3.26699e-6 0 2.13274e-6 0.1666666 0.246675 0.1666666 2.2385e-6 0.3855627 0.3289812 0.3333333 0.246675 0.1666666 0.5675589 0 0.2554518 0 0.246675 0.1666666 0.5803055 0.3333333 0.3289812 0.3333333 0.3792276 0.5 0.7798599 0.8350298 0.5336589 0.8333334 0.5675589 1 0.5586854 0.6666666 0.5336589 0.8333334 0.7798599 0.8350298 0.805004 0.05012446 0.7764343 0.3333334 0.9999861 0.4149467 0.1860269 0.4038306 0.2494878 0.3197907 0.2414357 0.1666666 0.2537842 0 0.2414357 0.1666666 0.2494878 0.3197907 0.2494878 0.3197907 0.2416732 0.5873213 0.3287253 0.5229099 0.2549011 0.922815 0.3498123 0.8333334 0.3287253 0.5229099 0.3498123 0.8333334 0.3387465 1 0.5554758 1 0.3498123 0.8333334 0.6007305 0.8333334 0.559505 0.6666667 0.8535387 0.261763 0.8519515 0.6092526 0.9058631 0.5428529 0.8497069 0.8333333 0.917725 0.7313349 0.9058631 0.5428529 0.1859295 0.8333333 0.1680004 1 0.2457081 1 0.1825613 0.3238738 0.2425989 0.4188455 0.2488258 0.1666666 0.2429283 0.7442354 0.4173134 0.6666667 0.3654969 0.5 0.5863816 0.3333333 0.3549359 0.3333333 0.3654969 0.5 0.1282134 0.4202299 0.226703 0.3333333 0.2326482 0.1666666 0.5495457 0.8333333 0.5422697 1 0.7758677 1 0.7758677 1 0.8924915 1 0.8935049 0.7576639 0.8916375 0.5 0.7756612 0.5 0.7723976 0.6666667 0.398083 0.06633645 0.243992 0.1666666 0.3362343 0.3333333 0.4161167 0.4198654 0.4100744 0.6666667 0.4274033 0.7905666 0.6860651 0.6666667 0.6308721 0.5757487 0.6316996 0.8333333 0.6458064 0.2962094 0.6999883 0.1666666 0.7009586 0 0.6860651 0.6666667 0.6950702 0.9288239 0.7705526 0.7963581 0.6999883 0.1666666 0.7842189 0.2470393 0.7851382 0 0.9999982 0 0.7851382 0 0.7842189 0.2470393 0.7842189 0.2470393 0.7748901 0.5825956 0.9999977 0.5837571 0.7748901 0.5825956 0.7705526 0.7963581 0.999998 0.919597 0.07647287 0.2372897 0.07663369 0.5 0.09725141 0.6167562 0.2061987 0.8593338 0.1312787 0.8333333 0.13001 1 0.1306555 0.0885784 0.1304782 0.3333334 0.2254162 0.3311292 0.4045422 0.8333334 0.4100658 1 0.4444444 1 0.4108996 0.3333333 0.4042571 0.5 0.4644394 0.5884839 0.4103508 0.6666667 0.4045422 0.8333334 0.4639846 0.8333333 0.4770644 0.07492929 0.4648442 0.3333333 0.5678914 0.3333333 0.4648442 0.3333333 0.4644394 0.5884839 0.5475505 0.5842073 0.4639846 0.8333333 0.5703718 0.8539003 0.5475505 0.5842073 0.9999785 0.5928896 0.7437123 0.6666667 0.7653368 0.8333333 1.45597e-6 0.2210798 0.305863 0.1666666 0.2751402 0 0.3373108 0.8333334 0.2751402 1 0.425045 1 0.425045 0 0.2751402 0 0.305863 0.1666666 0.425045 0 0.4230658 0.2459664 0.4768818 0.2464811 0.5541693 0.2812325 0.4768818 0.2464811 0.4645491 0.5743855 0.7972751 1 0.8896924 1 0.8909071 0.7225404 0.7968588 0.08866912 0.7775661 0.3333333 0.893224 0.4300794 0.1356365 0.6666666 0.1402761 0.8333333 0.3281555 0.8939328 0.3878308 0.1666666 0.3497897 0.3333333 0.5469599 0.3333333 0.3497897 0.3333333 0.3407827 0.687358 0.5537679 0.5 0.5469599 0.3333333 0.7747917 0.4633856 0.7666364 0.05993527 0.8692808 0.7547565 0.7457996 0.8333334 0.7704616 1 0.7747917 0.4633856 0.7699351 0.6666667 0.8692808 0.7547565 0.874112 0.04681712 0.862743 0.2523018 0.9233996 0.4295873 0.8687703 0.5 0.8692808 0.7547565 0.9238818 0.6666666 0.2712786 0.5 0.2086197 0.5 0.2115473 0.6666667 0.2115473 0.6666667 0.2086361 0.8333333 0.2718757 0.8333333 0.4618068 0.8333333 0.4569472 1 0.5224178 1 0.5224178 0 0.4569472 0 0.460475 0.1666666 0.460475 0.1666666 0.4584548 0.3333333 0.5157119 0.3405218 0.5214862 0.6666667 0.4599832 0.6666668 0.4618068 0.8333333 0.5214862 0.6666667 0.5227215 0.8333333 0.6235687 0.8333333 0.7409036 0.8277651 0.6235687 0.8333333 0.6321304 1 0.6269317 0.6197659 0.7494876 0.5 0.7138488 0.242277 0.8785663 0.1666666 0.7751526 0.1330165 0.7689248 0.3333333 0.7689248 0.3333333 0.7494876 0.5 0.8809321 0.5 0.8809321 0.5 0.7494876 0.5 0.7696742 0.6666666 0.2013272 0.1666666 0.2024744 0.3333333 0.4861155 0.3333333 0.2024744 0.3333333 0.1994584 0.5 0.4837232 0.5 0.2038591 0.6666668 0.4815868 0.6666667 0.4837232 0.5 0.2038591 0.6666668 0.1924535 0.8333333 0.4883291 0.8333334 0.4882868 0.1666666 0.6674715 0.1666666 0.6165539 0 0.4882868 0.1666666 0.4861155 0.3333333 0.618843 0.4255502 0.618843 0.4255502 0.4837232 0.5 0.4815868 0.6666667 0.4815868 0.6666667 0.4883291 0.8333334 0.6182819 0.9085718 0.8370955 0.1666666 0.6674715 0.1666666 0.6922553 0.3333333 0.6922553 0.3333333 0.694327 0.5 0.8363382 0.5 0.694327 0.5 0.6672871 0.6666667 0.8421155 0.6666666 0.691447 0.8956511 0.8357291 0.8333333 0.8421155 0.6666666 0.1943684 0 0.1953327 0.1666666 0.3949573 0.1666666 0.3281021 0.8333333 0.5728863 0.8333333 0.5662327 0.6666667 0.7809886 0 0.4589341 0 0.5830759 0.1666666 0.7809886 1 0.8695716 1 0.8572378 0.7880451 0.7809886 0 0.7773746 0.2533359 0.8640204 0.1666666 0.7773746 0.2533359 0.7470851 0.5 0.8742727 0.5822103 0.8742727 0.5822103 0.7470851 0.5 0.77728 0.7320981 0.2840071 0.8333333 0.2930743 1 0.7015518 1 0.7074418 0.5 1 0.5 0.9999954 0.2287519 0.7074418 0.5 0.6448814 0.6666668 1 0.8962101 0.5129674 0.6666667 0.5042638 0.8333333 1.000003 0.9441201 1.000005 0.2231822 0.5040799 0.3333333 0.5128704 0.5 0.1623988 0.4360949 0.2601237 0.3333333 0.2436713 0.1219651 0.2432516 0.5613402 0.2755885 0.8333334 0.4439872 0.8333334 0.7114756 0 0.6361843 0 0.6210116 0.1666666 0.7114756 0 0.7108127 0.2602221 0.7567767 0.2423525 0.7108127 0.2602221 0.7062208 0.5 0.75 0.5829575 0.75 0.5829575 0.7112116 0.6666667 0.7120938 0.9238924 0.7868114 0.5744969 0.7641844 0.8842 0.8874197 0.893556 0.8765871 0.3333333 1.000001 0.4439432 1 0.0603339 0.1472253 0.2449195 0.2423073 0.2432604 0.2430533 0 0.1472253 0.2449195 0.1378318 0.5 0.2346285 0.6110928 0.2430533 0 0.2423073 0.2432604 0.3116157 0.2545346 0.3116157 0.2545346 0.2423073 0.2432604 0.2346285 0.6110928 0.3102696 0 0.3116157 0.2545346 0.4238322 0.2495036 0.6690735 0.4514537 0.5475561 0.5 0.5720998 0.7794033 0.6792744 0.0301724 0.6690735 0.4514537 0.7337328 0.446332 0.7337328 0.446332 0.6690735 0.4514537 0.6714001 0.7404275 0.7378672 0.1666666 0.7337328 0.446332 0.8577665 0.427417 0.4170007 0.3333333 5.46896e-4 0.2058734 5.72051e-7 0.5549945 0.4671535 0 0.2288079 0 0.2447981 0.1666666 0.4530664 0.5729437 0.2280408 0.6666667 0.2439733 0.8333333 0.4671535 0 0.4731805 0.1666666 0.7785245 0.1666666 0.4731805 0.1666666 0.4170007 0.3333333 0.8087539 0.5314569 0.7804581 0.6666667 0.4530664 0.5729437 0.4675322 0.9050229 1.000002 0.7224549 0.5015224 0.8333333 0.5129541 1 0.1 0.1666666 0.06867593 0.1666666 0.06966131 0.3333333 0.2694017 0.8333333 0.2753711 1 0.5344251 1 0.2224386 0.4963157 0.2694017 0.8333333 0.532819 0.8333333 0.532819 0.8333333 0.5344251 1 0.7062831 1 0.8283415 0.7450821 0.7139834 0.792457 0.7062831 1 0.7139834 0.792457 0.8283415 0.7450821 0.8291679 0.4213171 0.8291679 0.4213171 0.8283415 0.7450821 1.000014 0.7746198 0 0.250001 1 0.2500001 0.9999999 0 1 0.2500001 0 0.250001 0 0.578885 0.9999999 0.590759 0 0.578885 0 0.916666 0.1551066 1 0.3341901 1 0.3040705 0.8333334 0.1813099 0.6666668 0.1683872 0.8333334 0.3040705 0.8333334 0.304261 0.6666667 0.3040705 0.8333334 0.3812947 0.8333333 0.3812947 0.8333333 0.3341901 1 0.5206186 1 0.5206186 0 0.3341901 0 0.3816667 0.1666666 0.3579273 0.3333333 0.5254823 0.3333334 0.4921582 0.1666666 0.498566 0.3333333 3.80807e-5 0.3333333 1.55522e-5 0.5 1.55522e-5 0.5 9.37346e-6 0.6666667 0.563457 0.6666666 0.5918036 0.5 0.563457 0.6666666 0.9999616 0.771862 0.229393 1 0.3908526 1 0.3333333 0.7500026 0.227198 0.3333333 0.3895158 0.3333333 0.3999419 0.1666666 0.2741516 0.5 0.3333333 0.7500026 0.4311484 0.7494148 0.6597082 0.8333334 0.4311484 0.7494148 0.3908526 1 1.000002 0.2224895 0.6740928 0.3333333 0.7108366 0.5 0.5249214 0.2974743 0.4898858 0.4529078 0.6255062 0.6140822 0.7556861 0.1666666 0.7503412 0.3333333 0.8798683 0.3333333 0.8798683 0.3333333 0.7503412 0.3333333 0.7525308 0.5693991 0.8822862 0.6666668 0.8783771 0.8333333 1.000003 0.9429906 0.1140871 0.7439578 0.1144889 1 0.1950024 1 0.3130126 0.7544263 0.1973705 0.7518795 0.1950024 1 0.3284508 0 0.1950024 0 0.192021 0.2374705 1 0.3887788 0.8103496 0.5 0.8121756 0.6666667 0.2803158 0.8333333 0.284552 1 0.3623595 1 0.3549947 0.1225364 0.2830941 0.09720438 0.2824597 0.3333333 0.2824597 0.3333333 0.2823302 0.5560947 0.3559551 0.5574571 0.2803158 0.8333333 0.3607642 0.8333333 0.3559551 0.5574571 0.502846 0.6666667 0.3559551 0.5574571 0.3607642 0.8333333 0.6773374 0 0.5009849 0 0.4977715 0.1666666 0.6777996 0.1666666 0.4977715 0.1666666 0.4991237 0.4349623 0.502846 0.6666667 0.6784464 0.6666668 0.6797712 0.4207255 0.502846 0.6666667 0.5018782 0.9182072 0.6749126 0.9054585 0.4047672 0 0.3599393 0.1666666 0.7883757 0.2581366 0.3120182 0.1666666 0.2803142 0.3333333 0.7109078 0.3858808 0.6719056 0.6666667 -4.87679e-6 0.6666666 0.2904614 0.8333334 0.6307621 0.5 0.6719056 0.6666667 0.7082709 0.7910137 0.8276837 0.7405752 0.7082709 0.7910137 0.7020469 1 0.7009567 0.07171291 0.7090391 0.3333333 0.7966204 0.4975618 0.351538 0.3671692 0.2782543 0.5 0.671152 0.5 0.6341081 0.6666667 0.7969898 0.6710895 0.7073306 0.3750595 0.6994056 1 0.825938 1 0.7969898 0.6710895 0.7007045 0.09492367 0.7073306 0.3750595 0.8274889 0.4265035 2.37763e-7 0.1666666 1 0.2425729 1 0 -2.0943e-7 0.6666668 -3.75279e-7 0.9211159 1 0.9092408 2.6172e-7 0 0 0.2499993 1 0.2499995 1 0.2499995 0 0.2499993 2.14438e-7 0.5 0 0 0 0.2544478 1 0.2425731 0 0.2544478 0 0.5877814 1 0.5 0.3120284 0.7419241 0.2388959 0.7340483 0.2418511 1 0.2388959 0.7340483 0.3120284 0.7419241 0.2612767 0.3694562 0.2612767 0.3694562 0.3302575 0.4256482 0.3229598 0.0485022 0.4943468 0.5 0.3302575 0.4256482 0.3120284 0.7419241 0.1982576 0.907982 0.3808122 0.8333334 0.3552872 0.5907076 0.3794749 0.07245826 0.366244 0.3333333 0.4685003 0.4031297 0.3808122 0.8333334 0.3849661 1 0.5300562 1 0.7348052 0 0.7323901 0.2657474 0.8272463 0.2120417 0.7323901 0.2657474 0.7320138 0.567814 0.8000001 0.5615114 0.7347632 0.9268237 0.8376998 0.9695389 0.8000001 0.5615114 0.8612743 0.4006961 1.000021 0.4392257 1 0.05283254 0.6125624 0.6666668 0.3233249 0.5756422 0.3222481 0.8333333 0 0 -3.3901e-7 0.2544479 1 0.2425749 -3.3901e-7 0.2544479 1.26069e-7 0.5833328 0.9999996 0.5833337 1.26069e-7 0.5833328 -1.95757e-7 0.9166682 0.9999998 0.916666 1 0.3333333 -1.4316e-7 0.2499993 0 0.5833333 0 0.9211145 1 0.9389877 1 0.5833332 0.4984341 0 0.1890742 0 0.2025252 0.1666666 0.1933035 0.3333333 0.5839939 0.3333333 0.4942028 0.1666666 0.1933035 0.3333333 0.1996855 0.5 0.4929959 0.5 0.2381811 0.6666666 0.2101205 0.8333333 0.4976571 0.8333333 0.4989537 0.6666668 0.7506235 0.6666667 0.7469819 0.5 0.4984341 0 0.4942028 0.1666666 0.748178 0.1666666 0.748178 0.1666666 0.5839939 0.3333333 0.9999969 0.4014306 0.7589341 1 1.000002 1 0.9999988 0.7501806 0.9999969 0.4014306 0.7469819 0.5 0.7506235 0.6666667 0.3605348 0.8333333 0.1372805 0.8333334 0.1466128 1 0.1466128 0 0.1374651 0.1666666 0.3414257 0.1666666 0.3605348 0.8333333 0.3686797 1 0.5995535 1 0.3774678 0.6666668 0.3605348 0.8333333 0.6144329 0.8333333 0.4867315 0.5 0.6328198 0.5 0.678283 0.3333333 0.5995535 1 0.7427817 1 0.7126109 0.7610129 0.5995535 0 0.5933766 0.1666666 0.750888 0.1666666 0.6328198 0.5 0.6035813 0.6666667 0.7126109 0.7610129 0.8796753 0.1666666 0.750888 0.1666666 0.7701282 0.3333333 0.7701282 0.3333333 0.7503714 0.5 0.87917 0.5 7.94718e-6 0.6666667 0.3461486 0.6666667 0.3290526 0.5 0.2805346 0.8333334 0.2670833 1 0.6547577 1 0.339219 0.1666666 0.6620398 0.1666666 0.6547577 0 0.5169786 0.5 0.5092372 0.6666666 0.9957715 0.6681203 1.36061e-5 0.1666666 8.41523e-6 0.3333333 0.2071115 0.3333333 0.2255072 0.8333333 4.01618e-5 0.8333333 6.56145e-5 1 0.1296644 0.6666667 0.2522684 0.6666667 0.2256171 0.5 0.1296644 0.6666667 4.01618e-5 0.8333333 0.2255072 0.8333333 0.4983334 0 0.2564731 0 0.2907825 0.1666666 0.6046702 0.3333333 0.581893 0.5 0.8324834 0.5 0.999894 0 0.7267777 0 0.7487372 0.1666666 0.8499183 0.3333333 0.8324834 0.5 1.000034 0.6106181 0.1639354 0.1666666 0.1666036 0.3333333 0.3405684 0.3333333 0.3405684 0.3333333 0.1666036 0.3333333 0.1680114 0.5 0.3468145 0.8333333 0.2418537 1 0.5008405 1 0.5010455 0.8333334 0.5008405 1 0.6447835 1 0.5287514 0.6666667 0.5010455 0.8333334 0.644633 0.8333333 0.644633 0.8333333 0.6447835 1 0.8221749 1 0.6455153 0.2464119 0.8212758 0.1666666 0.8221749 0 0.6455153 0.2464119 0.5116004 0.5 0.8230201 0.5 3.94996e-5 0.8333333 1.15084e-4 1 0.4980093 1 1.15084e-4 0 1.34531e-4 0.1666666 0.4934225 0.1666666 0.50112 0.5 1.24036e-4 0.5 6.22097e-5 0.6666667 3.94996e-5 0.8333333 0.5347513 0.8333333 0.5065345 0.6666667 0.4980093 0 0.4934225 0.1666666 0.9999836 0.1666666 0.5065345 0.6666667 0.9999154 0.6666667 0.9985916 0.3963852 0.2756407 0 0.2839844 0.1666666 0.6105228 0.2395133 0.2833862 0.5 0.005006849 0.5031387 0.6163685 0.7440552 0.1914699 0.6666667 0.2220553 0.8333334 0.4745559 0.8333333 0.4958274 0.3333333 0.1953126 0.3333333 0.1999398 0.5 0.8678497 0.5606049 0.8365029 0.6666667 1 0.7694706 0.3005782 0.5 0.7298195 0.5 0.7415525 0.3333333 0.7415525 0.3333333 0.7298195 0.5 1.000002 0.6101583 5.4591e-5 0.1666666 1.89723e-5 0.3333334 0.377225 0.3333333 0.377225 0.3333333 1.89723e-5 0.3333334 2.34836e-5 0.5 0.1903354 0.8333334 0.1654357 1 0.3828772 1 0.4515743 0.3333333 0.377225 0.3333333 0.3810626 0.5 0.3810626 0.5 0.3650408 0.6666667 0.4448334 0.6666667 0.5485063 0.6666667 0.4448334 0.6666667 0.4136921 0.8333333 0.4515743 0.3333333 0.4521133 0.5 0.5744531 0.5 0.8552122 0.8333333 1.000001 0.9442321 0.9999804 0.5625545 0.7345433 0.5 1.000002 0.6106152 1 0.2297695 0.997569 0.3312492 0.6737464 0.3333333 0.7182666 0.5 0.3254776 0.8333334 0.3368324 1 0.6775288 1 0.3935355 0.1666666 0.6682586 0.1666666 0.6775288 0 0.3366448 0.6666666 0.3254776 0.8333334 0.6804433 0.8333334 1.000001 0 2.97071e-5 0 5.60256e-5 0.1666666 0.3464018 0.5 0.3437774 0.6666666 0.6672638 0.6666666 0.7128762 0.5 0.6472194 0.6666667 1.000005 0.7772898 0.225437 0.3333333 0.5744661 0.3333334 0.5692857 0.1666666 0.5692857 0.1666666 0.8040236 0.1666666 0.8027871 0 0.610611 0.5580585 0.5676995 0.9199379 0.805875 0.8333333 0.8044446 0.6666667 0.805875 0.8333333 1.000013 0.9394916 1 0.7499998 0 0.7500005 -6.45596e-7 1 1 0.09075969 -6.45596e-7 0.07888507 0 0.4166662 0 0.7500005 1 0.7499998 1 0.4166665 0.3352282 0.9233703 0.3973802 0.8333333 0.3903439 0.6170323 0.5058554 0.6303343 0.4982824 0.8333333 0.5891458 0.9248895 0.6414356 0.1073244 0.5353702 0.2760705 0.5879284 0.4052218 0.6450771 0.8333333 0.6457064 1 0.7516295 1 0.7541367 0.7579641 0.9999644 0.7724099 0.8954992 0.5 0.2295531 0.6666667 0.6225938 0.6666666 0.5162226 0.4009957 0.2295531 0.6666667 0.2291867 0.8333333 0.5153638 0.8333334 0.7503767 0.4131818 0.6225938 0.6666666 0.9999474 0.6666667 3.02538e-5 0.2418808 0.3228273 0.1666666 0.270183 0 0.7395112 0 0.6658807 0 0.6711241 0.2555445 0.6711241 0.2555445 0.6597242 0.5135443 0.7342957 0.5645503 0.665754 0.9187705 0.7387234 0.920054 0.7342957 0.5645503 0.7395112 0 0.7407638 0.2499536 0.8593544 0.2405883 0.8575598 0.5732181 0.7342957 0.5645503 0.7387234 0.920054 0.5074831 0.08860528 0.5016232 0.3333333 1.000004 0.4444691 0.5125699 0.1666666 0.5016875 0.3333333 1.000005 0.4442476 0.2527955 0.7698554 0.2150074 1 0.3353473 1 0.3972704 0.5863906 0.3939771 0.9037751 0.4890105 0.9494554 0.5225121 0.1666666 0.5170361 0.3333333 0.7469899 0.4160557 0.7469899 0.4160557 0.5196373 0.5 0.5285398 0.6666666 0.8544974 0 0.853539 0.2603583 0.913229 0.2360294 0.2022626 0 0.1842387 0.1666666 0.2741527 0.1666666 0.2726325 0.6666667 0.2118212 0.5992687 0.2103587 0.8333334 0.2726325 0.6666667 0.2738863 0.9171871 0.360198 0.9186491 0.3597183 0 0.2741527 0.1666666 0.4966974 0.1666666 0.5030457 1 0.7780647 1 0.749154 0.8333333 1.92263e-4 0 1.26895e-4 0.2054756 0.321218 0.1666666 0.321218 0.1666666 1.26895e-4 0.2054756 0.1429805 0.3333333 0.3335551 0.4264241 -7.46316e-6 0.5549938 0.1424975 0.7386102 0.4514702 0 0.33779 0 0.321218 0.1666666 0.321218 0.1666666 0.3335551 0.4264241 0.4505359 0.4055749 0.6759492 0.8101519 0.6633128 1 0.8053661 1 0.6538527 0.2099875 0.6791752 0.5 0.7845786 0.5732564 0.8664171 0.590469 1.00001 0.6085026 1 0.2225307 0.4357174 0.9567622 0.605297 0.8699229 0.5948334 0.5854789 0.8010436 0.3333333 0.5958103 0.2494133 0.5948334 0.5854789 0.8256875 0.1666666 0.8010436 0.3333333 1.000002 0.4440544 0.3496977 0.4124179 6.38332e-4 0.5550462 0.5622572 0.7657549 0.5911108 0.3273862 0.6131829 0.5 0.7273318 0.668152 0 0.7500001 0 1 1 1 0 0.08333337 0 0.4211136 1 0.4092414 0 0.4211136 0 0.7500001 0.9999999 0.7499998 -2.15188e-7 0 0 0.2500007 1 0.2500014 0 0.2500007 0 0.583333 1 0.5833323 0 0.583333 -2.15188e-7 0.9211149 0.9999999 0.9092401 7.3315e-5 0.5815398 8.39138e-5 0.9400063 0.5579203 0.8612579 0.1422424 0.6666666 -6.58144e-6 0.7786102 0.3694266 0.9160427 0.3672373 0 0.2689162 0.1666666 0.5010027 0.1666666 0.3694266 0.9160427 0.4717261 0.9441673 0.4673135 0.5791314 0.6328007 1 0.7263624 1 0.7263384 0.755791 0.8827233 0.6531699 0.7825111 0.5588188 0.7913739 0.8922091 0.3008509 1 0.7058219 1 0.7017052 0.6648526 0.9999716 0.252706 0.3701621 0.3333333 0.4638426 0.5 0.5143074 0.3333333 0.5053376 0.5 1.000003 0.6106531 0.6054441 0 0.3395911 0 0.3207363 0.2432028 0.7706783 0.4011606 1.000021 0.4423227 1 0.05565321 0 0.08333247 -2.60152e-7 0.4166656 1 0.3333333 0.1862089 0.5 0.4672374 0.5 0.4903129 0.3333333 0.1862089 0.5 1.16382e-5 0.6666668 0.4802148 0.6666666 0.6298758 0.2693707 0.4903129 0.3333333 0.4672374 0.5 0.4672374 0.5 0.4802148 0.6666666 0.6284404 0.729934 0.845078 0 0.665521 0 0.7052637 0.217791 0.3760947 0.5 0.3841943 0.6666667 0.4065167 0.7877301 0.4704566 0.7433743 0.454863 1 0.5683859 1 0.4704566 0.7433743 0.5693775 0.7505851 0.5800012 0.5 0.5696009 0.2471851 0.7237251 0.1666666 0.7230937 0 0.7230937 0 0.7237251 0.1666666 0.8238373 0.2492392 0.7226333 0.6666667 0.7230775 0.9161959 0.8309562 0.9063184 0.8296924 0 0.8238373 0.2492392 0.8859818 0.3194361 0.9016634 0.5749655 0.8300196 0.5807927 0.8309562 0.9063184 0.9016634 0.5749655 1.000012 0.6070508 1 0.2224956 0.4005042 0.01793414 0.4122876 0.3261112 0.5340942 0.2787591 0.5340942 0.2787591 0.4122876 0.3261112 0.4221307 0.5 0.5270876 1 0.9999814 1 0.9999526 0.720219 0.5017496 0.4034828 1.000003 0.4449341 1 0.0602253 2.20192e-5 0 1.56252e-5 0.1666666 0.3227543 0.1666666 1.56252e-5 0.1666666 2.27852e-5 0.3333333 0.3087164 0.3333333 0.3087164 0.3333333 0.255652 0.5 0.5496583 0.5 0.255652 0.5 0.250707 0.6666668 0.5505959 0.6666667 0.3291109 1 0.6329369 0.8970904 0.5660767 0.8333333 0.3291109 0 0.3227543 0.1666666 0.5702101 0.1666666 0.5549266 0.3333333 0.5496583 0.5 0.6716333 0.560213 0.5505959 0.6666667 0.5660767 0.8333333 0.6329369 0.8970904 0.6716333 0.560213 0.6329369 0.8970904 0.7369543 0.8333333 0.8577342 0.5736521 0.7332136 0.5549246 0.7369543 0.8333333 0.5016153 0.7371655 1.000001 0.7784264 1 0.3938685 1 0.7500016 0 0.7500004 0 1 0 0.5 0 0.7500004 1 0.7500016 0.2789527 0.8333334 0.2250999 1 0.5645222 1 0.5645222 0 0.2250999 0 0.2414264 0.1666666 0.2414264 0.1666666 0.2358049 0.3333334 0.5632015 0.3333333 0.2359031 0.5 0.5729002 0.4949449 0.5632015 0.3333333 0.2359031 0.5 0.2305818 0.6666666 0.5638507 0.6666666 0.5638507 0.6666666 0.2305818 0.6666666 0.2789527 0.8333334 0.5650036 0.1666666 0.8059826 0.1666666 0.815411 0 0.5650036 0.1666666 0.5632015 0.3333333 0.5729002 0.4949449 0.5638507 0.6666666 0.5643634 0.8333334 0.8042623 0.8182221 0.5016104 0.7370403 1 0.7783915 1 0.3938223 0.2501472 0.6666666 2.22806e-5 0.6666667 1.38992e-5 0.880617 0.2514663 0.5 0.2423102 0.6666667 0.5696733 0.6666668 0.6918858 0.8333333 0.4645649 0.8333333 0.4117446 1 0.4117446 0 0.4691223 0.1666666 0.7049784 0.1666666 0.50173 0.4035792 1.000003 0.4449352 1 0.06035876 0.7276783 0.3195639 0.8049447 0.1666666 0.7693526 0 0.7637887 0.6169003 0.7604086 0.9217386 0.8626196 0.908578 0.863035 0.5879752 0.8626196 0.908578 1.000014 0.941371 0.7155943 0.5855749 0.3324622 0.5672622 0.3377683 0.8333334 0 0.5 -1.60081e-7 0.7499991 0.9999997 0.6666667 0.5393897 0.7535178 0.4804626 0.7408307 0.4832283 1 0.4845319 0.08378165 0.4810636 0.4040879 0.5411757 0.4196605 0.5411757 0.4196605 0.4810636 0.4040879 0.4804626 0.7408307 0.5393897 0.7535178 0.5413061 1 0.7048113 1 0.7054758 0.8333334 0.7048113 1 0.7715637 1 0.8761268 0.7569982 0.7723206 0.7407739 0.7715637 1 0.7863315 0.4226033 0.875135 0.4197053 0.8750672 0.09065866 0.7863315 0.4226033 0.7723206 0.7407739 0.8761268 0.7569982 0.1930555 0.8333333 0.195927 1 0.3893705 1 0.5747959 0.4189852 0.4040327 0.4153158 0.4007528 0.7504915 0.7320931 0.3333333 0.7344549 0.601763 0.8399077 0.5935186 0.3399149 0 0.3346439 0.1666666 0.4348608 0.2554801 0.3363941 0.4377056 0.3390102 0.6666667 0.3718496 0.7856727 0.8325234 0.2727333 0.5991661 0.3333333 0.599468 0.5798475 0.399736 0 0.3010194 0.1666666 0.7180828 0.1666666 0.3010194 0.1666666 0.3985677 0.4116192 0.6084491 0.4268822 0.2960851 0.6666666 0.730432 0.6666666 0.6084491 0.4268822 0.3979555 0.9138355 0.7146726 0.8333334 0.730432 0.6666666 0.3275528 0.04537528 0.3253197 0.4282962 0.6083751 0.4220398 0.7713332 0.4242246 0.6960175 0.6666668 1 0.7753921 0.5115404 0.1666666 0.5017113 0.3333334 1.000006 0.444025 0 1 1 1 1 0.750001 1 0.08333361 6.3336e-7 0.08333343 0 0.4122183 1 0.4240928 0 0.4122183 0 0.7500003 0.6408734 0 0.6167514 0.2415265 0.8233749 0.1666666 0.6909 0.4721411 0.616585 0.6666667 0.8174721 0.7542923 0.8352701 0.5 1.000002 0.6111696 1 0.2268487 0.9999995 0 3.49696e-7 0 2.27957e-7 0.2500003 0 0.5833334 1 0.5833331 0.9999995 0.2499998 1 0.5833331 0 0.5833334 1.65515e-7 0.9122183 0.9999999 0.75 1.75625e-7 0.7499997 0 1 2.30162e-7 0.5 1.75625e-7 0.7499997 0.9999999 0.75</float_array>
          <technique_common>
            <accessor source="#tree-mesh-map-0-array" count="19695" stride="2">
              <param name="S" type="float"/>
              <param name="T" type="float"/>
            </accessor>
          </technique_common>
        </source>
        <vertices id="tree-mesh-vertices">
          <input semantic="POSITION" source="#tree-mesh-positions"/>
        </vertices>
        <triangles count="6565">
          <input semantic="VERTEX" source="#tree-mesh-vertices" offset="0"/>
          <input semantic="NORMAL" source="#tree-mesh-normals" offset="1"/>
          <input semantic="TEXCOORD" source="#tree-mesh-map-0" offset="2" set="0"/>
          <p>6 0 0 5 1 1 0 2 2 3 3 3 7 4 4 2 5 5 9 6 6 6 0 7 1 7 8 7 4 9 9 6 10 1 7 11 8 8 12 10 9 13 3 3 14 11 10 15 8 8 16 5 1 17 12 11 18 6 0 19 9 6 20 10 9 21 13 12 22 7 4 23 16 13 24 25 14 25 21 15 26 24 16 27 19 17 28 20 18 29 22 19 30 26 20 31 16 13 32 27 21 33 23 22 34 19 17 35 24 16 36 31 23 37 27 21 38 29 24 39 33 25 40 25 14 41 36 26 42 35 27 43 28 28 44 31 23 45 36 26 46 28 28 47 37 29 48 36 26 49 31 23 50 36 26 51 39 30 52 35 27 53 40 31 54 32 32 55 33 25 56 41 33 57 39 30 58 36 26 59 42 34 60 37 29 61 32 32 62 40 31 63 42 34 64 32 32 65 43 35 66 41 33 67 37 29 68 42 34 69 43 35 70 37 29 71 44 36 72 40 31 73 38 37 74 41 33 75 45 38 76 39 30 77 54 39 78 57 40 79 50 41 80 58 42 81 54 39 82 52 43 83 60 44 84 62 45 85 54 39 86 63 46 87 60 44 88 59 47 89 64 48 90 65 49 91 55 50 92 68 51 93 61 52 94 62 45 95 71 53 96 64 48 97 61 52 98 68 51 99 71 53 100 61 52 101 78 54 102 75 55 103 76 56 104 83 57 105 78 54 106 77 58 107 84 59 108 81 60 109 82 61 110 78 54 111 84 59 112 82 61 113 85 62 114 79 63 115 80 64 116 81 60 117 85 62 118 80 64 119 86 65 120 83 57 121 79 63 122 85 62 123 86 65 124 79 63 125 84 59 126 87 66 127 81 60 128 88 67 129 84 59 130 78 54 131 89 68 132 88 67 133 83 57 134 90 69 135 85 62 136 87 66 137 88 67 138 91 70 139 84 59 140 86 65 141 92 71 142 89 68 143 97 72 144 101 73 145 96 74 146 101 73 147 103 75 148 95 76 149 102 77 150 104 78 151 97 72 152 105 79 153 102 77 154 99 80 155 107 81 156 103 75 157 101 73 158 104 78 159 107 81 160 101 73 161 108 82 162 107 81 163 104 78 164 106 83 165 110 84 166 105 79 167 103 75 168 111 85 169 106 83 170 111 85 171 110 84 172 106 83 173 112 86 174 111 85 175 103 75 176 114 87 177 108 82 178 109 88 179 113 89 180 115 90 181 110 84 182 116 91 183 112 86 184 107 81 185 108 82 186 116 91 187 107 81 188 117 92 189 115 90 190 113 89 191 118 93 192 116 91 193 108 82 194 116 91 195 119 94 196 112 86 197 119 94 198 121 95 199 117 92 200 122 96 201 114 87 202 120 97 203 121 95 204 122 96 205 120 97 206 116 91 207 123 98 208 119 94 209 124 99 210 116 91 211 118 93 212 122 96 213 125 100 214 114 87 215 125 100 216 127 101 217 124 99 218 129 102 219 128 103 220 121 95 221 136 104 222 135 105 223 130 106 224 138 107 225 136 104 226 131 108 227 137 109 228 140 110 229 133 111 230 141 112 231 137 109 232 135 105 233 142 113 234 141 112 235 136 104 236 140 110 237 143 114 238 139 115 239 144 116 240 140 110 241 137 109 242 146 117 243 143 114 244 140 110 245 144 116 246 146 117 247 140 110 248 147 118 249 142 113 250 138 107 251 151 119 252 147 118 253 143 114 254 152 120 255 150 121 256 145 122 257 153 123 258 149 124 259 150 121 260 154 125 261 148 126 262 147 118 263 153 123 264 156 127 265 149 124 266 157 128 267 152 120 268 148 126 269 154 125 270 157 128 271 148 126 272 157 128 273 159 129 274 152 120 275 177 130 276 182 131 277 176 132 278 182 131 279 187 133 280 181 134 281 183 135 282 186 136 283 177 130 284 187 133 285 185 137 286 181 134 287 185 137 288 189 138 289 184 139 290 196 140 291 200 141 292 193 142 293 201 143 294 196 140 295 195 144 296 202 145 297 201 143 298 197 146 299 198 147 300 202 145 301 197 146 302 205 148 303 204 149 304 196 140 305 203 150 306 206 151 307 198 147 308 206 151 309 208 152 310 202 145 311 210 153 312 204 149 313 205 148 314 212 154 315 208 152 316 206 151 317 211 155 318 213 156 319 203 150 320 214 157 321 210 153 322 209 158 323 212 154 324 215 159 325 208 152 326 218 160 327 217 161 328 215 159 329 220 162 330 216 163 331 213 156 332 221 164 333 218 160 334 216 163 335 222 165 336 225 166 337 220 162 338 225 166 339 227 167 340 221 164 341 229 168 342 219 169 343 224 170 344 230 171 345 228 172 346 219 169 347 232 173 348 234 174 349 231 175 350 234 174 351 236 176 352 231 175 353 231 175 354 237 177 355 233 178 356 236 176 357 237 177 358 231 175 359 236 176 360 238 179 361 237 177 362 237 177 363 240 180 364 235 181 365 240 180 366 241 182 367 239 183 368 242 184 369 238 179 370 239 183 371 243 185 372 242 184 373 241 182 374 240 180 375 243 185 376 241 182 377 243 185 378 246 186 379 242 184 380 245 187 381 247 188 382 244 189 383 253 190 384 250 191 385 248 192 386 251 193 387 253 190 388 248 192 389 249 194 390 251 193 391 248 192 392 250 191 393 252 195 394 249 194 395 255 196 396 254 197 397 251 193 398 253 190 399 256 198 400 252 195 401 254 197 402 256 198 403 253 190 404 259 199 405 257 200 406 256 198 407 258 201 408 259 199 409 256 198 410 260 202 411 262 203 412 257 200 413 260 202 414 257 200 415 259 199 416 261 204 417 259 199 418 258 201 419 264 205 420 266 206 421 263 207 422 268 208 423 270 209 424 264 205 425 267 210 426 269 211 427 265 212 428 268 208 429 273 213 430 270 209 431 274 214 432 275 215 433 271 216 434 275 215 435 273 213 436 272 217 437 277 218 438 274 214 439 273 213 440 279 219 441 281 220 442 278 221 443 280 222 444 279 219 445 277 218 446 284 223 447 285 224 448 283 225 449 287 226 450 282 227 451 283 225 452 285 224 453 287 226 454 283 225 455 288 228 456 286 229 457 282 227 458 285 224 459 289 230 460 287 226 461 293 231 462 291 232 463 285 224 464 295 233 465 296 234 466 291 232 467 294 235 468 297 236 469 293 231 470 299 237 471 296 234 472 295 233 473 303 238 474 300 239 475 301 240 476 303 238 477 304 241 478 300 239 479 304 241 480 305 242 481 302 243 482 308 244 483 303 238 484 306 245 485 308 244 486 311 246 487 307 247 488 314 248 489 311 246 490 309 249 491 312 250 492 314 248 493 309 249 494 314 248 495 313 251 496 311 246 497 315 252 498 323 253 499 320 254 500 322 255 501 317 256 502 318 257 503 321 258 504 324 259 505 315 252 506 325 260 507 321 258 508 317 256 509 326 261 510 322 255 511 319 262 512 323 253 513 326 261 514 319 262 515 321 258 516 327 263 517 324 259 518 326 261 519 329 264 520 322 255 521 330 265 522 329 264 523 326 261 524 331 266 525 328 267 526 325 260 527 329 264 528 331 266 529 325 260 530 333 268 531 336 269 532 332 270 533 336 269 534 330 265 535 332 270 536 335 271 537 331 266 538 329 264 539 341 272 540 339 273 541 337 274 542 343 275 543 341 272 544 337 274 545 338 276 546 343 275 547 337 274 548 341 272 549 340 277 550 339 273 551 342 278 552 343 275 553 338 276 554 340 277 555 342 278 556 338 276 557 345 279 558 340 277 559 341 272 560 345 279 561 342 278 562 340 277 563 346 280 564 347 281 565 345 279 566 348 282 567 346 280 568 344 283 569 347 281 570 348 282 571 344 283 572 348 282 573 349 284 574 346 280 575 352 285 576 353 286 577 351 287 578 353 286 579 350 288 580 351 287 581 350 288 582 354 289 583 352 285 584 356 290 585 353 286 586 354 289 587 358 291 588 356 290 589 354 289 590 355 292 591 358 291 592 354 289 593 357 293 594 359 294 595 358 291 596 360 295 597 357 293 598 356 290 599 358 291 600 361 296 601 356 290 602 362 297 603 361 296 604 359 294 605 360 295 606 362 297 607 359 294 608 361 296 609 363 298 610 360 295 611 363 298 612 366 299 613 362 297 614 365 300 615 367 301 616 363 298 617 371 302 618 370 303 619 368 304 620 372 305 621 371 302 622 368 304 623 373 306 624 372 305 625 369 307 626 377 308 627 376 309 628 374 310 629 378 311 630 377 308 631 374 310 632 377 308 633 379 312 634 376 309 635 383 313 636 380 314 637 381 315 638 384 316 639 381 315 640 382 317 641 383 313 642 384 316 643 382 317 644 386 318 645 383 313 646 385 319 647 384 316 648 388 320 649 385 319 650 386 318 651 384 316 652 383 313 653 392 321 654 394 322 655 390 323 656 389 324 657 392 321 658 391 325 659 393 326 660 392 321 661 389 324 662 401 327 663 400 328 664 395 329 665 398 330 666 402 331 667 397 332 668 404 333 669 401 327 670 396 334 671 402 331 672 404 333 673 396 334 674 403 335 675 405 336 676 398 330 677 406 337 678 403 335 679 400 328 680 401 327 681 408 338 682 406 337 683 407 339 684 402 331 685 405 336 686 409 340 687 407 339 688 403 335 689 408 338 690 409 340 691 403 335 692 411 341 693 413 342 694 410 343 695 415 344 696 414 345 697 410 343 698 413 342 699 415 344 700 410 343 701 414 345 702 413 342 703 411 341 704 417 346 705 415 344 706 413 342 707 416 347 708 418 348 709 414 345 710 418 348 711 417 346 712 413 342 713 422 349 714 421 350 715 419 351 716 421 350 717 423 352 718 420 353 719 423 352 720 422 349 721 420 353 722 425 354 723 427 355 724 430 356 725 429 357 726 425 354 727 426 358 728 427 355 729 429 357 730 430 356 731 427 355 732 431 359 733 429 357 734 428 360 735 432 361 736 427 355 737 433 362 738 428 360 739 429 357 740 434 363 741 431 359 742 432 361 743 433 362 744 434 363 745 432 361 746 431 359 747 435 364 748 433 362 749 435 364 750 438 365 751 434 363 752 437 366 753 439 367 754 435 364 755 443 368 756 445 369 757 442 370 758 444 371 759 443 368 760 440 372 761 447 373 762 449 374 763 446 375 764 450 376 765 447 373 766 448 377 767 449 374 768 451 378 769 446 375 770 451 378 771 450 376 772 448 377 773 451 378 774 448 377 775 446 375 776 455 379 777 454 380 778 452 381 779 456 382 780 452 381 781 453 383 782 454 380 783 456 382 784 453 383 785 458 384 786 461 385 787 460 386 788 462 387 789 458 384 790 459 388 791 463 389 792 459 388 793 460 386 794 467 390 795 466 391 796 464 392 797 468 393 798 467 390 799 464 392 800 468 393 801 464 392 802 465 394 803 466 391 804 469 395 805 465 394 806 467 390 807 469 395 808 466 391 809 473 396 810 472 397 811 470 398 812 474 399 813 470 398 814 471 400 815 474 399 816 473 396 817 470 398 818 475 401 819 474 399 820 471 400 821 472 397 822 475 401 823 471 400 824 473 396 825 475 401 826 472 397 827 479 402 828 478 403 829 476 404 830 481 405 831 476 404 832 477 406 833 478 403 834 479 402 835 477 406 836 482 407 837 485 408 838 484 409 839 486 410 840 482 407 841 483 411 842 484 409 843 487 412 844 483 411 845 488 413 846 491 414 847 490 415 848 489 416 849 492 417 850 488 413 851 493 418 852 489 416 853 490 415 854 500 419 855 495 420 856 496 421 857 498 422 858 501 423 859 497 424 860 499 425 861 504 426 862 498 422 863 502 427 864 499 425 865 495 420 866 503 428 867 500 419 868 497 424 869 501 423 870 503 428 871 497 424 872 506 429 873 502 427 874 500 419 875 501 423 876 507 430 877 503 428 878 508 431 879 501 423 880 504 426 881 509 432 882 507 430 883 501 423 884 510 433 885 505 434 886 502 427 887 513 435 888 510 433 889 506 429 890 514 436 891 513 435 892 507 430 893 518 437 894 514 436 895 509 432 896 518 437 897 520 438 898 514 436 899 521 439 900 515 440 901 516 441 902 520 438 903 522 442 904 517 443 905 515 440 906 523 444 907 519 445 908 521 439 909 524 446 910 515 440 911 528 447 912 524 446 913 521 439 914 524 446 915 530 448 916 523 444 917 529 449 918 525 450 919 526 451 920 528 447 921 531 452 922 524 446 923 532 453 924 528 447 925 525 450 926 533 454 927 531 452 928 528 447 929 532 453 930 533 454 931 528 447 932 531 452 933 537 455 934 530 448 935 535 456 936 533 454 937 532 453 938 534 457 939 535 456 940 529 449 941 541 458 942 544 459 943 540 460 944 545 461 945 546 462 946 541 458 947 547 463 948 545 461 949 543 464 950 551 465 951 553 466 952 544 459 953 554 467 954 552 468 955 547 463 956 555 469 957 554 467 958 548 470 959 556 471 960 553 466 961 551 465 962 554 467 963 557 472 964 552 468 965 556 471 966 558 473 967 553 466 968 559 474 969 557 472 970 554 467 971 560 475 972 559 474 973 555 469 974 558 473 975 561 476 976 550 477 977 562 478 978 561 476 979 558 473 980 565 479 981 562 478 982 556 471 983 565 479 984 568 480 985 562 478 986 569 481 987 566 482 988 567 483 989 570 484 990 569 481 991 563 485 992 573 486 993 568 480 994 566 482 995 570 484 996 575 487 997 569 481 998 574 488 999 572 489 1000 573 486 1001 569 481 1002 575 487 1003 573 486 1004 582 490 1005 581 491 1006 576 492 1007 579 493 1008 583 494 1009 578 495 1010 583 494 1011 582 490 1012 577 496 1013 582 490 1014 584 497 1015 581 491 1016 589 498 1017 586 499 1018 587 500 1019 588 501 1020 590 502 1021 585 503 1022 591 504 1023 589 498 1024 587 500 1025 590 502 1026 592 505 1027 591 504 1028 593 506 1029 595 507 1030 592 505 1031 594 508 1032 596 509 1033 593 506 1034 598 510 1035 595 507 1036 593 506 1037 596 509 1038 598 510 1039 593 506 1040 598 510 1041 599 511 1042 595 507 1043 600 512 1044 598 510 1045 596 509 1046 602 513 1047 597 514 1048 595 507 1049 606 515 1050 598 510 1051 600 512 1052 602 513 1053 605 516 1054 601 517 1055 607 518 1056 605 516 1057 602 513 1058 609 519 1059 603 520 1060 604 521 1061 605 516 1062 608 522 1063 606 515 1064 612 523 1065 608 522 1066 605 516 1067 614 524 1068 615 525 1069 613 526 1070 617 527 1071 619 528 1072 616 529 1073 619 528 1074 615 525 1075 616 529 1076 618 530 1077 620 531 1078 617 527 1079 621 532 1080 618 530 1081 615 525 1082 619 528 1083 621 532 1084 615 525 1085 621 532 1086 623 533 1087 618 530 1088 623 533 1089 622 534 1090 620 531 1091 624 535 1092 623 533 1093 621 532 1094 626 536 1095 628 537 1096 625 538 1097 631 539 1098 630 540 1099 625 538 1100 628 537 1101 631 539 1102 625 538 1103 632 541 1104 629 542 1105 627 543 1106 631 539 1107 635 544 1108 630 540 1109 633 545 1110 636 546 1111 628 537 1112 638 547 1113 635 544 1114 631 539 1115 636 546 1116 638 547 1117 631 539 1118 639 548 1119 638 547 1120 636 546 1121 635 544 1122 642 549 1123 634 550 1124 644 551 1125 641 552 1126 642 549 1127 645 553 1128 643 554 1129 641 552 1130 644 551 1131 645 553 1132 641 552 1133 646 555 1134 644 551 1135 643 554 1136 647 556 1137 650 557 1138 646 555 1139 652 558 1140 649 559 1141 646 555 1142 653 560 1143 650 557 1144 647 556 1145 651 561 1146 654 562 1147 648 563 1148 652 558 1149 655 564 1150 649 559 1151 650 557 1152 658 565 1153 652 558 1154 657 566 1155 656 567 1156 654 562 1157 657 566 1158 654 562 1159 651 561 1160 659 568 1161 669 569 1162 664 570 1163 665 571 1164 659 568 1165 660 572 1166 665 571 1167 670 573 1168 659 568 1169 679 574 1170 673 575 1171 674 576 1172 677 577 1173 681 578 1174 676 579 1175 679 574 1176 682 580 1177 673 575 1178 684 581 1179 681 578 1180 677 577 1181 683 582 1182 686 583 1183 679 574 1184 686 583 1185 689 584 1186 682 580 1187 687 585 1188 690 586 1189 683 582 1190 691 587 1191 687 585 1192 684 581 1193 690 586 1194 692 588 1195 686 583 1196 688 589 1197 695 590 1198 691 587 1199 694 591 1200 690 586 1201 691 587 1202 696 592 1203 692 588 1204 690 586 1205 697 593 1206 701 594 1207 695 590 1208 700 595 1209 696 592 1210 694 591 1211 704 596 1212 701 594 1213 697 593 1214 704 596 1215 705 597 1216 701 594 1217 705 597 1218 700 595 1219 701 594 1220 703 598 1221 704 596 1222 702 599 1223 712 600 1224 708 601 1225 706 602 1226 709 603 1227 712 600 1228 706 602 1229 711 604 1230 709 603 1231 706 602 1232 711 604 1233 714 605 1234 709 603 1235 715 606 1236 713 607 1237 712 600 1238 713 607 1239 716 608 1240 710 609 1241 717 610 1242 715 606 1243 712 600 1244 718 611 1245 714 605 1246 711 604 1247 718 611 1248 719 612 1249 714 605 1250 720 613 1251 713 607 1252 715 606 1253 717 610 1254 720 613 1255 715 606 1256 720 613 1257 721 614 1258 713 607 1259 722 615 1260 720 613 1261 717 610 1262 723 616 1263 718 611 1264 716 608 1265 721 614 1266 723 616 1267 716 608 1268 726 617 1269 725 618 1270 723 616 1271 724 619 1272 728 620 1273 722 615 1274 726 617 1275 729 621 1276 725 618 1277 730 622 1278 727 623 1279 728 620 1280 734 624 1281 735 625 1282 733 626 1283 737 627 1284 736 628 1285 732 629 1286 738 630 1287 737 627 1288 733 626 1289 735 625 1290 738 630 1291 733 626 1292 736 628 1293 735 625 1294 734 624 1295 736 628 1296 740 631 1297 735 625 1298 737 627 1299 741 632 1300 740 631 1301 739 633 1302 741 632 1303 737 627 1304 743 634 1305 742 635 1306 740 631 1307 745 636 1308 744 637 1309 739 633 1310 745 636 1311 739 633 1312 742 635 1313 743 634 1314 745 636 1315 742 635 1316 746 638 1317 745 636 1318 743 634 1319 745 636 1320 747 639 1321 744 637 1322 748 640 1323 745 636 1324 746 638 1325 751 641 1326 749 642 1327 747 639 1328 752 643 1329 751 641 1330 748 640 1331 750 644 1332 752 643 1333 748 640 1334 749 642 1335 753 645 1336 750 644 1337 753 645 1338 752 643 1339 750 644 1340 755 646 1341 754 647 1342 751 641 1343 756 648 1344 755 646 1345 752 643 1346 754 647 1347 757 649 1348 753 645 1349 759 650 1350 755 646 1351 756 648 1352 757 649 1353 760 651 1354 756 648 1355 761 652 1356 760 651 1357 758 653 1358 764 654 1359 763 655 1360 760 651 1361 762 656 1362 765 657 1363 761 652 1364 765 657 1365 764 654 1366 761 652 1367 766 658 1368 762 656 1369 763 655 1370 764 654 1371 769 659 1372 766 658 1373 770 660 1374 769 659 1375 764 654 1376 770 660 1377 764 654 1378 767 661 1379 769 659 1380 771 662 1381 768 663 1382 768 663 1383 773 664 1384 770 660 1385 771 662 1386 773 664 1387 768 663 1388 774 665 1389 776 666 1390 773 664 1391 773 664 1392 776 666 1393 772 667 1394 778 668 1395 780 669 1396 777 670 1397 779 671 1398 781 672 1399 778 668 1400 783 673 1401 780 669 1402 778 668 1403 782 674 1404 781 672 1405 779 671 1406 784 675 1407 782 674 1408 777 670 1409 783 673 1410 784 675 1411 780 669 1412 785 676 1413 787 677 1414 783 673 1415 788 678 1416 789 679 1417 787 677 1418 791 680 1419 787 677 1420 789 679 1421 788 678 1422 792 681 1423 789 679 1424 793 682 1425 790 683 1426 791 680 1427 793 682 1428 794 684 1429 790 683 1430 794 684 1431 798 685 1432 790 683 1433 796 686 1434 793 682 1435 791 680 1436 795 687 1437 797 688 1438 792 681 1439 799 689 1440 793 682 1441 796 686 1442 798 685 1443 800 690 1444 795 687 1445 793 682 1446 801 691 1447 794 684 1448 799 689 1449 801 691 1450 793 682 1451 801 691 1452 802 692 1453 800 690 1454 799 689 1455 803 693 1456 801 691 1457 804 694 1458 799 689 1459 800 690 1460 808 695 1461 806 696 1462 805 697 1463 809 698 1464 808 695 1465 805 697 1466 810 699 1467 809 698 1468 807 700 1469 812 701 1470 816 702 1471 811 703 1472 816 702 1473 817 704 1474 811 703 1475 822 705 1476 818 706 1477 819 707 1478 820 708 1479 822 705 1480 819 707 1481 817 704 1482 825 709 1483 821 710 1484 823 711 1485 817 704 1486 816 702 1487 825 709 1488 826 712 1489 820 708 1490 827 713 1491 825 709 1492 817 704 1493 823 711 1494 827 713 1495 817 704 1496 828 714 1497 824 715 1498 822 705 1499 826 712 1500 828 714 1501 822 705 1502 829 716 1503 827 713 1504 823 711 1505 827 713 1506 830 717 1507 825 709 1508 830 717 1509 826 712 1510 825 709 1511 832 718 1512 830 717 1513 827 713 1514 830 717 1515 833 719 1516 826 712 1517 831 720 1518 834 721 1519 829 716 1520 835 722 1521 831 720 1522 828 714 1523 837 723 1524 834 721 1525 831 720 1526 835 722 1527 837 723 1528 831 720 1529 836 724 1530 838 725 1531 833 719 1532 839 726 1533 836 724 1534 832 718 1535 839 726 1536 840 727 1537 836 724 1538 837 723 1539 841 728 1540 834 721 1541 840 727 1542 838 725 1543 836 724 1544 841 728 1545 840 727 1546 839 726 1547 842 729 1548 841 728 1549 837 723 1550 838 725 1551 843 730 1552 835 722 1553 844 731 1554 850 732 1555 848 733 1556 849 734 1557 846 735 1558 847 736 1559 854 737 1560 849 734 1561 847 736 1562 850 732 1563 854 737 1564 847 736 1565 849 734 1566 857 738 1567 856 739 1568 862 740 1569 857 738 1570 849 734 1571 863 741 1572 858 742 1573 859 743 1574 873 744 1575 872 745 1576 867 746 1577 868 747 1578 873 744 1579 867 746 1580 873 744 1581 876 748 1582 872 745 1583 875 749 1584 868 747 1585 869 750 1586 875 749 1587 878 751 1588 868 747 1589 879 752 1590 874 753 1591 871 754 1592 880 755 1593 875 749 1594 874 753 1595 879 752 1596 880 755 1597 874 753 1598 878 751 1599 881 756 1600 877 757 1601 880 755 1602 882 758 1603 875 749 1604 886 759 1605 881 756 1606 882 758 1607 883 760 1608 887 761 1609 882 758 1610 884 762 1611 887 761 1612 883 760 1613 884 762 1614 890 763 1615 887 761 1616 888 764 1617 890 763 1618 884 762 1619 890 763 1620 889 765 1621 887 761 1622 892 766 1623 896 767 1624 891 768 1625 897 769 1626 894 770 1627 895 771 1628 898 772 1629 897 769 1630 891 768 1631 896 767 1632 898 772 1633 891 768 1634 903 773 1635 902 774 1636 900 775 1637 897 769 1638 904 776 1639 901 777 1640 907 778 1641 902 774 1642 903 773 1643 904 776 1644 907 778 1645 903 773 1646 907 778 1647 909 779 1648 902 774 1649 910 780 1650 905 781 1651 906 782 1652 908 783 1653 911 784 1654 904 776 1655 913 785 1656 911 784 1657 908 783 1658 914 786 1659 909 779 1660 907 778 1661 915 787 1662 910 780 1663 909 779 1664 918 788 1665 915 787 1666 914 786 1667 927 789 1668 926 790 1669 921 791 1670 923 792 1671 928 793 1672 922 794 1673 929 795 1674 928 793 1675 923 792 1676 926 790 1677 931 796 1678 925 797 1679 927 789 1680 932 798 1681 926 790 1682 933 799 1683 932 798 1684 927 789 1685 928 793 1686 933 799 1687 927 789 1688 930 800 1689 934 801 1690 929 795 1691 935 802 1692 934 801 1693 930 800 1694 931 796 1695 935 802 1696 930 800 1697 932 798 1698 935 802 1699 931 796 1700 933 799 1701 936 803 1702 932 798 1703 934 801 1704 939 804 1705 937 805 1706 941 806 1707 938 807 1708 936 803 1709 939 804 1710 941 806 1711 936 803 1712 940 808 1713 939 804 1714 934 801 1715 944 809 1716 948 810 1717 943 811 1718 947 812 1719 949 813 1720 946 814 1721 948 810 1722 950 815 1723 942 816 1724 953 817 1725 949 813 1726 947 812 1727 951 818 1728 954 819 1729 948 810 1730 955 820 1731 951 818 1732 952 821 1733 953 817 1734 956 822 1735 949 813 1736 955 820 1737 959 823 1738 951 818 1739 963 824 1740 958 825 1741 959 823 1742 961 826 1743 964 827 1744 955 820 1745 963 824 1746 965 828 1747 958 825 1748 966 829 1749 961 826 1750 962 830 1751 967 831 1752 966 829 1753 960 832 1754 965 828 1755 967 831 1756 960 832 1757 975 833 1758 979 834 1759 974 835 1760 982 836 1761 979 834 1762 980 837 1763 992 838 1764 989 839 1765 985 840 1766 986 841 1767 992 838 1768 985 840 1769 993 842 1770 992 838 1771 986 841 1772 993 842 1773 995 843 1774 992 838 1775 996 844 1776 993 842 1777 987 845 1778 1000 846 1779 994 847 1780 995 843 1781 1004 848 1782 1000 846 1783 999 849 1784 1002 850 1785 1005 851 1786 996 844 1787 1006 852 1788 1000 846 1789 1004 848 1790 1002 850 1791 1007 853 1792 1005 851 1793 1006 852 1794 1009 854 1795 1000 846 1796 1010 855 1797 1007 853 1798 1002 850 1799 1011 856 1800 1014 857 1801 1010 855 1802 1014 857 1803 1018 858 1804 1013 859 1805 1023 860 1806 1018 858 1807 1014 857 1808 1020 861 1809 1027 862 1810 1024 863 1811 1026 864 1812 1022 865 1813 1023 860 1814 1024 863 1815 1027 862 1816 1023 860 1817 1025 866 1818 1028 867 1819 1020 861 1820 1029 868 1821 1025 866 1822 1022 865 1823 1030 869 1824 1028 867 1825 1025 866 1826 1029 868 1827 1030 869 1828 1025 866 1829 1032 870 1830 1031 871 1831 1028 867 1832 1026 864 1833 1033 872 1834 1029 868 1835 1033 872 1836 1032 870 1837 1030 869 1838 1034 873 1839 1033 872 1840 1026 864 1841 1038 874 1842 1035 875 1843 1036 876 1844 1039 877 1845 1037 878 1846 1035 875 1847 1038 874 1848 1040 879 1849 1035 875 1850 1041 880 1851 1038 874 1852 1036 876 1853 1039 877 1854 1042 881 1855 1037 878 1856 1039 877 1857 1043 882 1858 1042 881 1859 1040 879 1860 1044 883 1861 1039 877 1862 1046 884 1863 1041 880 1864 1042 881 1865 1044 883 1866 1043 882 1867 1039 877 1868 1048 885 1869 1046 884 1870 1043 882 1871 1047 886 1872 1049 887 1873 1048 885 1874 1050 888 1875 1047 886 1876 1045 889 1877 1048 885 1878 1050 888 1879 1045 889 1880 1049 887 1881 1052 890 1882 1048 885 1883 1050 888 1884 1053 891 1885 1051 892 1886 1056 893 1887 1055 894 1888 1052 890 1889 1054 895 1890 1058 896 1891 1052 890 1892 1057 897 1893 1060 898 1894 1058 896 1895 1057 897 1896 1062 899 1897 1060 898 1898 1066 900 1899 1061 901 1900 1062 899 1901 1063 902 1902 1064 903 1903 1062 899 1904 1065 904 1905 1063 902 1906 1061 901 1907 1074 905 1908 1072 906 1909 1073 907 1910 1075 908 1911 1071 909 1912 1072 906 1913 1077 910 1914 1074 905 1915 1073 907 1916 1081 911 1917 1077 910 1918 1070 912 1919 1078 913 1920 1081 911 1921 1070 912 1922 1074 905 1923 1075 908 1924 1076 914 1925 1085 915 1926 1075 908 1927 1074 905 1928 1075 908 1929 1082 916 1930 1080 917 1931 1083 918 1932 1081 911 1933 1079 919 1934 1085 915 1935 1084 920 1936 1082 916 1937 1088 921 1938 1086 922 1939 1083 918 1940 1089 923 1941 1088 921 1942 1083 918 1943 1090 924 1944 1087 925 1945 1084 920 1946 1086 922 1947 1091 926 1948 1085 915 1949 1092 927 1950 1091 926 1951 1086 922 1952 1089 923 1953 1093 928 1954 1088 921 1955 1093 928 1956 1092 927 1957 1088 921 1958 1087 925 1959 1096 929 1960 1089 923 1961 1095 930 1962 1091 926 1963 1092 927 1964 1090 924 1965 1094 931 1966 1087 925 1967 1096 929 1968 1095 930 1969 1093 928 1970 1100 932 1971 1099 933 1972 1097 934 1973 1101 935 1974 1100 932 1975 1097 934 1976 1100 932 1977 1102 936 1978 1099 933 1979 1102 936 1980 1104 937 1981 1101 935 1982 1103 938 1983 1102 936 1984 1100 932 1985 1105 939 1986 1104 937 1987 1102 936 1988 1103 938 1989 1105 939 1990 1102 936 1991 1103 938 1992 1108 940 1993 1105 939 1994 1106 941 1995 1109 942 1996 1103 938 1997 1111 943 1998 1109 942 1999 1106 941 2000 1107 944 2001 1111 943 2002 1106 941 2003 1112 945 2004 1111 943 2005 1107 944 2006 1113 946 2007 1109 942 2008 1111 943 2009 1112 945 2010 1114 947 2011 1111 943 2012 1113 946 2013 1117 948 2014 1109 942 2015 1118 949 2016 1114 947 2017 1112 945 2018 1118 949 2019 1119 950 2020 1114 947 2021 1119 950 2022 1122 951 2023 1113 946 2024 1123 952 2025 1120 953 2026 1116 954 2027 1124 955 2028 1121 956 2029 1122 951 2030 1120 953 2031 1126 957 2032 1118 949 2033 1121 956 2034 1125 958 2035 1123 952 2036 1129 959 2037 1131 960 2038 1128 961 2039 1137 962 2040 1133 963 2041 1128 961 2042 1131 960 2043 1137 962 2044 1128 961 2045 1133 963 2046 1132 964 2047 1130 965 2048 1134 966 2049 1131 960 2050 1129 959 2051 1134 966 2052 1136 967 2053 1131 960 2054 1135 968 2055 1139 969 2056 1137 962 2057 1138 970 2058 1136 967 2059 1134 966 2060 1138 970 2061 1134 966 2062 1132 964 2063 1137 962 2064 1139 969 2065 1132 964 2066 1140 971 2067 1135 968 2068 1136 967 2069 1142 972 2070 1141 973 2071 1135 968 2072 1143 974 2073 1140 971 2074 1138 970 2075 1141 973 2076 1145 975 2077 1139 969 2078 1155 976 2079 1146 977 2080 1147 978 2081 1149 979 2082 1152 980 2083 1148 981 2084 1155 976 2085 1154 982 2086 1146 977 2087 1155 976 2088 1156 983 2089 1154 982 2090 1152 980 2091 1157 984 2092 1155 976 2093 1156 983 2094 1153 985 2095 1154 982 2096 1156 983 2097 1162 986 2098 1153 985 2099 1164 987 2100 1161 988 2101 1162 986 2102 1160 989 2103 1165 990 2104 1159 991 2105 1163 992 2106 1165 990 2107 1160 989 2108 1168 993 2109 1170 994 2110 1167 995 2111 1170 994 2112 1173 996 2113 1167 995 2114 1171 997 2115 1175 998 2116 1169 999 2117 1174 1000 2118 1173 996 2119 1170 994 2120 1176 1001 2121 1175 998 2122 1171 997 2123 1173 996 2124 1176 1001 2125 1171 997 2126 1176 1001 2127 1177 1002 2128 1175 998 2129 1178 1003 2130 1176 1001 2131 1173 996 2132 1174 1000 2133 1178 1003 2134 1173 996 2135 1172 1004 2136 1179 1005 2137 1170 994 2138 1180 1006 2139 1182 1007 2140 1176 1001 2141 1183 1008 2142 1186 1009 2143 1181 1010 2144 1187 1011 2145 1184 1012 2146 1182 1007 2147 1188 1013 2148 1187 1011 2149 1185 1014 2150 1183 1008 2151 1189 1015 2152 1186 1009 2153 1192 1016 2154 1191 1017 2155 1189 1015 2156 1193 1018 2157 1192 1016 2158 1190 1019 2159 1197 1020 2160 1199 1021 2161 1196 1022 2162 1201 1023 2163 1198 1024 2164 1196 1022 2165 1199 1021 2166 1201 1023 2167 1196 1022 2168 1200 1025 2169 1202 1026 2170 1197 1020 2171 1203 1027 2172 1200 1025 2173 1195 1028 2174 1198 1024 2175 1207 1029 2176 1203 1027 2177 1208 1030 2178 1207 1029 2179 1198 1024 2180 1217 1031 2181 1220 1032 2182 1216 1033 2183 1221 1034 2184 1217 1031 2185 1212 1035 2186 1219 1036 2187 1222 1037 2188 1218 1038 2189 1226 1039 2190 1224 1040 2191 1225 1041 2192 1226 1039 2193 1228 1042 2194 1224 1040 2195 1227 1043 2196 1226 1039 2197 1225 1041 2198 1231 1044 2199 1226 1039 2200 1227 1043 2201 1230 1045 2202 1232 1046 2203 1229 1047 2204 1236 1048 2205 1232 1046 2206 1230 1045 2207 1237 1049 2208 1235 1050 2209 1232 1046 2210 1238 1051 2211 1236 1048 2212 1233 1052 2213 1234 1053 2214 1239 1054 2215 1233 1052 2216 1237 1049 2217 1241 1055 2218 1235 1050 2219 1240 1056 2220 1239 1054 2221 1234 1053 2222 1238 1051 2223 1242 1057 2224 1236 1048 2225 1242 1057 2226 1244 1058 2227 1237 1049 2228 1248 1059 2229 1244 1058 2230 1242 1057 2231 1249 1060 2232 1253 1061 2233 1247 1062 2234 1248 1059 2235 1250 1063 2236 1244 1058 2237 1251 1064 2238 1245 1065 2239 1246 1066 2240 1251 1064 2241 1252 1067 2242 1248 1059 2243 1258 1068 2244 1257 1069 2245 1255 1070 2246 1259 1071 2247 1258 1068 2248 1255 1070 2249 1256 1072 2250 1259 1071 2251 1255 1070 2252 1257 1069 2253 1260 1073 2254 1256 1072 2255 1261 1074 2256 1259 1071 2257 1256 1072 2258 1262 1075 2259 1260 1073 2260 1257 1069 2261 1263 1076 2262 1260 1073 2263 1262 1075 2264 1261 1074 2265 1265 1077 2266 1259 1071 2267 1263 1076 2268 1267 1078 2269 1260 1073 2270 1266 1079 2271 1263 1076 2272 1262 1075 2273 1267 1078 2274 1265 1077 2275 1261 1074 2276 1263 1076 2277 1268 1080 2278 1267 1078 2279 1271 1081 2280 1268 1080 2281 1263 1076 2282 1266 1079 2283 1271 1081 2284 1263 1076 2285 1268 1080 2286 1272 1082 2287 1267 1078 2288 1273 1083 2289 1271 1081 2290 1266 1079 2291 1278 1084 2292 1271 1081 2293 1273 1083 2294 1275 1085 2295 1279 1086 2296 1274 1087 2297 1280 1088 2298 1275 1085 2299 1276 1089 2300 1281 1090 2301 1277 1091 2302 1278 1084 2303 1279 1086 2304 1282 1092 2305 1278 1084 2306 1281 1090 2307 1280 1088 2308 1277 1091 2309 1282 1092 2310 1281 1090 2311 1278 1084 2312 1285 1093 2313 1286 1094 2314 1284 1095 2315 1288 1096 2316 1287 1097 2317 1283 1098 2318 1289 1099 2319 1288 1096 2320 1284 1095 2321 1286 1094 2322 1289 1099 2323 1284 1095 2324 1287 1097 2325 1286 1094 2326 1285 1093 2327 1290 1100 2328 1287 1097 2329 1288 1096 2330 1291 1101 2331 1288 1096 2332 1289 1099 2333 1293 1102 2334 1297 1103 2335 1290 1100 2336 1297 1103 2337 1296 1104 2338 1290 1100 2339 1295 1105 2340 1298 1106 2341 1294 1107 2342 1298 1106 2343 1300 1108 2344 1294 1107 2345 1299 1109 2346 1301 1110 2347 1297 1103 2348 1301 1110 2349 1298 1106 2350 1296 1104 2351 1301 1110 2352 1296 1104 2353 1297 1103 2354 1299 1109 2355 1303 1111 2356 1301 1110 2357 1302 1112 2358 1300 1108 2359 1298 1106 2360 1305 1113 2361 1304 1114 2362 1302 1112 2363 1311 1115 2364 1310 1116 2365 1306 1117 2366 1310 1116 2367 1312 1118 2368 1308 1119 2369 1309 1120 2370 1313 1121 2371 1307 1122 2372 1312 1118 2373 1314 1123 2374 1308 1119 2375 1315 1124 2376 1310 1116 2377 1311 1115 2378 1318 1125 2379 1319 1126 2380 1317 1127 2381 1320 1128 2382 1316 1129 2383 1317 1127 2384 1319 1126 2385 1320 1128 2386 1317 1127 2387 1322 1130 2388 1318 1125 2389 1316 1129 2390 1320 1128 2391 1327 1131 2392 1316 1129 2393 1322 1130 2394 1321 1132 2395 1318 1125 2396 1320 1128 2397 1323 1133 2398 1327 1131 2399 1325 1134 2400 1319 1126 2401 1321 1132 2402 1325 1134 2403 1328 1135 2404 1319 1126 2405 1331 1136 2406 1325 1134 2407 1326 1137 2408 1325 1134 2409 1333 1138 2410 1328 1135 2411 1334 1139 2412 1332 1140 2413 1329 1141 2414 1333 1138 2415 1335 1142 2416 1330 1143 2417 1334 1139 2418 1336 1144 2419 1332 1140 2420 1337 1145 2421 1335 1142 2422 1336 1144 2423 1334 1139 2424 1337 1145 2425 1336 1144 2426 1340 1146 2427 1343 1147 2428 1342 1148 2429 1338 1149 2430 1345 1150 2431 1341 1151 2432 1346 1152 2433 1339 1153 2434 1342 1148 2435 1351 1154 2436 1348 1155 2437 1349 1156 2438 1351 1154 2439 1353 1157 2440 1348 1155 2441 1352 1158 2442 1351 1154 2443 1349 1156 2444 1356 1159 2445 1353 1157 2446 1351 1154 2447 1354 1160 2448 1351 1154 2449 1352 1158 2450 1353 1157 2451 1355 1161 2452 1352 1158 2453 1360 1162 2454 1355 1161 2455 1356 1159 2456 1360 1162 2457 1359 1163 2458 1355 1161 2459 1359 1163 2460 1361 1164 2461 1358 1165 2462 1363 1166 2463 1357 1167 2464 1358 1165 2465 1361 1164 2466 1363 1166 2467 1358 1165 2468 1363 1166 2469 1365 1168 2470 1357 1167 2471 1366 1169 2472 1361 1164 2473 1359 1163 2474 1367 1170 2475 1363 1166 2476 1361 1164 2477 1366 1169 2478 1367 1170 2479 1361 1164 2480 1370 1171 2481 1364 1172 2482 1362 1173 2483 1368 1174 2484 1370 1171 2485 1365 1168 2486 1370 1171 2487 1366 1169 2488 1364 1172 2489 1373 1175 2490 1366 1169 2491 1370 1171 2492 1375 1176 2493 1371 1177 2494 1368 1174 2495 1375 1176 2496 1368 1174 2497 1369 1178 2498 1378 1179 2499 1374 1180 2500 1373 1175 2501 1376 1181 2502 1378 1179 2503 1371 1177 2504 1377 1182 2505 1376 1181 2506 1375 1176 2507 1378 1179 2508 1377 1182 2509 1372 1183 2510 1386 1184 2511 1379 1185 2512 1380 1186 2513 1381 1187 2514 1386 1184 2515 1380 1186 2516 1385 1188 2517 1387 1189 2518 1382 1190 2519 1388 1191 2520 1386 1184 2521 1381 1187 2522 1389 1192 2523 1384 1193 2524 1379 1185 2525 1394 1194 2526 1393 1195 2527 1386 1184 2528 1388 1191 2529 1394 1194 2530 1386 1184 2531 1391 1196 2532 1396 1197 2533 1390 1198 2534 1397 1199 2535 1391 1196 2536 1392 1200 2537 1401 1201 2538 1396 1197 2539 1391 1196 2540 1397 1199 2541 1401 1201 2542 1391 1196 2543 1398 1202 2544 1403 1203 2545 1397 1199 2546 1404 1204 2547 1403 1203 2548 1398 1202 2549 1408 1205 2550 1404 1204 2551 1402 1206 2552 1405 1207 2553 1408 1205 2554 1402 1206 2555 1407 1208 2556 1409 1209 2557 1406 1210 2558 1410 1211 2559 1407 1208 2560 1403 1203 2561 1409 1209 2562 1408 1205 2563 1405 1207 2564 1411 1212 2565 1412 1213 2566 1404 1204 2567 1417 1214 2568 1415 1215 2569 1412 1213 2570 1418 1216 2571 1417 1214 2572 1416 1217 2573 1418 1216 2574 1423 1218 2575 1417 1214 2576 1425 1219 2577 1420 1220 2578 1421 1221 2579 1423 1218 2580 1425 1219 2581 1422 1222 2582 1424 1223 2583 1423 1218 2584 1418 1216 2585 1427 1224 2586 1429 1225 2587 1426 1226 2588 1430 1227 2589 1428 1228 2590 1426 1226 2591 1429 1225 2592 1430 1227 2593 1426 1226 2594 1432 1229 2595 1431 1230 2596 1427 1224 2597 1430 1227 2598 1434 1231 2599 1428 1228 2600 1436 1232 2601 1435 1233 2602 1429 1225 2603 1431 1230 2604 1436 1232 2605 1429 1225 2606 1435 1233 2607 1438 1234 2608 1434 1231 2609 1437 1235 2610 1436 1232 2611 1431 1230 2612 1439 1236 2613 1437 1235 2614 1432 1229 2615 1436 1232 2616 1440 1237 2617 1435 1233 2618 1441 1238 2619 1439 1236 2620 1433 1239 2621 1438 1234 2622 1441 1238 2623 1433 1239 2624 1437 1235 2625 1440 1237 2626 1436 1232 2627 1442 1240 2628 1440 1237 2629 1437 1235 2630 1439 1236 2631 1442 1240 2632 1437 1235 2633 1440 1237 2634 1443 1241 2635 1438 1234 2636 1443 1241 2637 1446 1242 2638 1441 1238 2639 1448 1243 2640 1445 1244 2641 1442 1240 2642 1446 1242 2643 1448 1243 2644 1442 1240 2645 1445 1244 2646 1447 1245 2647 1444 1246 2648 1449 1247 2649 1446 1242 2650 1443 1241 2651 1451 1248 2652 1448 1243 2653 1446 1242 2654 1452 1249 2655 1449 1247 2656 1447 1245 2657 1452 1249 2658 1454 1250 2659 1449 1247 2660 1453 1251 2661 1450 1252 2662 1451 1248 2663 1450 1252 2664 1455 1253 2665 1452 1249 2666 1453 1251 2667 1455 1253 2668 1450 1252 2669 1456 1254 2670 1453 1251 2671 1451 1248 2672 1462 1255 2673 1458 1256 2674 1459 1257 2675 1460 1258 2676 1462 1255 2677 1459 1257 2678 1461 1259 2679 1463 1260 2680 1460 1258 2681 1462 1255 2682 1464 1261 2683 1458 1256 2684 1465 1262 2685 1462 1255 2686 1460 1258 2687 1466 1263 2688 1463 1260 2689 1461 1259 2690 1464 1261 2691 1469 1264 2692 1461 1259 2693 1467 1265 2694 1468 1266 2695 1464 1261 2696 1469 1264 2697 1465 1262 2698 1466 1263 2699 1469 1264 2700 1470 1267 2701 1465 1262 2702 1471 1268 2703 1467 1265 2704 1465 1262 2705 1473 1269 2706 1472 1270 2707 1468 1266 2708 1473 1269 2709 1468 1266 2710 1467 1265 2711 1477 1271 2712 1471 1268 2713 1470 1267 2714 1473 1269 2715 1475 1272 2716 1472 1270 2717 1474 1273 2718 1473 1269 2719 1471 1268 2720 1475 1272 2721 1477 1271 2722 1472 1270 2723 1474 1273 2724 1476 1274 2725 1473 1269 2726 1478 1275 2727 1477 1271 2728 1475 1272 2729 1477 1271 2730 1476 1274 2731 1474 1273 2732 1479 1276 2733 1478 1275 2734 1476 1274 2735 1480 1277 2736 1476 1274 2737 1477 1271 2738 1482 1278 2739 1479 1276 2740 1476 1274 2741 1480 1277 2742 1482 1278 2743 1476 1274 2744 1482 1278 2745 1483 1279 2746 1479 1276 2747 1486 1280 2748 1481 1281 2749 1479 1276 2750 1483 1279 2751 1485 1282 2752 1486 1280 2753 1488 1283 2754 1490 1284 2755 1487 1285 2756 1491 1286 2757 1488 1283 2758 1489 1287 2759 1487 1285 2760 1492 1288 2761 1489 1287 2762 1492 1288 2763 1491 1286 2764 1489 1287 2765 1490 1284 2766 1493 1289 2767 1487 1285 2768 1494 1290 2769 1490 1284 2770 1488 1283 2771 1494 1290 2772 1495 1291 2773 1490 1284 2774 1496 1292 2775 1494 1290 2776 1491 1286 2777 1493 1289 2778 1499 1293 2779 1492 1288 2780 1496 1292 2781 1498 1294 2782 1494 1290 2783 1500 1295 2784 1493 1289 2785 1498 1294 2786 1499 1293 2787 1501 1296 2788 1497 1297 2789 1502 1298 2790 1499 1293 2791 1493 1289 2792 1503 1299 2793 1500 1295 2794 1498 1294 2795 1496 1292 2796 1503 1299 2797 1498 1294 2798 1501 1296 2799 1503 1299 2800 1496 1292 2801 1508 1300 2802 1502 1298 2803 1500 1295 2804 1507 1301 2805 1508 1300 2806 1500 1295 2807 1509 1302 2808 1504 1303 2809 1502 1298 2810 1510 1304 2811 1508 1300 2812 1507 1301 2813 1511 1305 2814 1510 1304 2815 1505 1306 2816 1509 1302 2817 1512 1307 2818 1506 1308 2819 1513 1309 2820 1509 1302 2821 1508 1300 2822 1510 1304 2823 1515 1310 2824 1513 1309 2825 1516 1311 2826 1512 1307 2827 1514 1312 2828 1515 1310 2829 1516 1311 2830 1514 1312 2831 1517 1313 2832 1511 1305 2833 1512 1307 2834 1519 1314 2835 1521 1315 2836 1518 1316 2837 1523 1317 2838 1520 1318 2839 1518 1316 2840 1521 1315 2841 1523 1317 2842 1518 1316 2843 1523 1317 2844 1524 1319 2845 1520 1318 2846 1524 1319 2847 1526 1320 2848 1522 1321 2849 1529 1322 2850 1525 1323 2851 1521 1315 2852 1525 1323 2853 1532 1324 2854 1527 1325 2855 1530 1326 2856 1533 1327 2857 1529 1322 2858 1534 1328 2859 1530 1326 2860 1531 1329 2861 1533 1327 2862 1535 1330 2863 1532 1324 2864 1536 1331 2865 1534 1328 2866 1531 1329 2867 1532 1324 2868 1536 1331 2869 1531 1329 2870 1538 1332 2871 1535 1330 2872 1533 1327 2873 1534 1328 2874 1537 1333 2875 1533 1327 2876 1536 1331 2877 1537 1333 2878 1534 1328 2879 1538 1332 2880 1539 1334 2881 1535 1330 2882 1540 1335 2883 1538 1332 2884 1537 1333 2885 1539 1334 2886 1540 1335 2887 1537 1333 2888 1543 1336 2889 1540 1335 2890 1539 1334 2891 1543 1336 2892 1542 1337 2893 1540 1335 2894 1544 1338 2895 1543 1336 2896 1541 1339 2897 1545 1340 2898 1544 1338 2899 1542 1337 2900 1543 1336 2901 1546 1341 2902 1542 1337 2903 1547 1342 2904 1546 1341 2905 1543 1336 2906 1551 1343 2907 1553 1344 2908 1552 1345 2909 1554 1346 2910 1549 1347 2911 1550 1348 2912 1552 1345 2913 1554 1346 2914 1550 1348 2915 1555 1349 2916 1554 1346 2917 1552 1345 2918 1560 1350 2919 1561 1351 2920 1559 1352 2921 1562 1353 2922 1566 1354 2923 1560 1350 2924 1567 1355 2925 1564 1356 2926 1561 1351 2927 1565 1357 2928 1567 1355 2929 1561 1351 2930 1568 1358 2931 1566 1354 2932 1562 1353 2933 1564 1356 2934 1569 1359 2935 1563 1360 2936 1570 1361 2937 1567 1355 2938 1565 1357 2939 1571 1362 2940 1569 1359 2941 1564 1356 2942 1570 1361 2943 1572 1363 2944 1567 1355 2945 1574 1364 2946 1569 1359 2947 1571 1362 2948 1574 1364 2949 1577 1365 2950 1573 1366 2951 1578 1367 2952 1572 1363 2953 1575 1368 2954 1572 1363 2955 1580 1369 2956 1574 1364 2957 1581 1370 2958 1578 1367 2959 1576 1371 2960 1581 1370 2961 1580 1369 2962 1578 1367 2963 1583 1372 2964 1585 1373 2965 1582 1374 2966 1588 1375 2967 1586 1376 2968 1584 1377 2969 1587 1378 2970 1582 1374 2971 1585 1373 2972 1585 1373 2973 1583 1372 2974 1586 1376 2975 1587 1378 2976 1589 1379 2977 1588 1375 2978 1588 1375 2979 1591 1380 2980 1585 1373 2981 1589 1379 2982 1591 1380 2983 1588 1375 2984 1590 1381 2985 1592 1382 2986 1589 1379 2987 1592 1382 2988 1591 1380 2989 1589 1379 2990 1600 1383 2991 1595 1384 2992 1596 1385 2993 1598 1386 2994 1593 1387 2995 1594 1388 2996 1598 1386 2997 1599 1389 2998 1593 1387 2999 1601 1390 3000 1600 1383 3001 1596 1385 3002 1601 1390 3003 1603 1391 3004 1600 1383 3005 1604 1392 3006 1598 1386 3007 1600 1383 3008 1605 1393 3009 1599 1389 3010 1598 1386 3011 1606 1394 3012 1602 1395 3013 1599 1389 3014 1605 1393 3015 1606 1394 3016 1599 1389 3017 1607 1396 3018 1603 1391 3019 1601 1390 3020 1606 1394 3021 1608 1397 3022 1602 1395 3023 1607 1396 3024 1604 1392 3025 1603 1391 3026 1607 1396 3027 1609 1398 3028 1604 1392 3029 1609 1398 3030 1606 1394 3031 1605 1393 3032 1612 1399 3033 1606 1394 3034 1609 1398 3035 1612 1399 3036 1616 1400 3037 1613 1401 3038 1615 1402 3039 1610 1403 3040 1611 1404 3041 1615 1402 3042 1614 1405 3043 1610 1403 3044 1616 1400 3045 1615 1402 3046 1613 1401 3047 1618 1406 3048 1620 1407 3049 1617 1408 3050 1620 1407 3051 1621 1409 3052 1617 1408 3053 1624 1410 3054 1622 1411 3055 1619 1412 3056 1621 1409 3057 1623 1413 3058 1617 1408 3059 1623 1413 3060 1624 1410 3061 1617 1408 3062 1624 1410 3063 1627 1414 3064 1620 1407 3065 1623 1413 3066 1628 1415 3067 1624 1410 3068 1625 1416 3069 1632 1417 3070 1628 1415 3071 1633 1418 3072 1632 1417 3073 1625 1416 3074 1637 1419 3075 1631 1420 3076 1632 1417 3077 1638 1421 3078 1637 1419 3079 1633 1418 3080 1637 1419 3081 1636 1422 3082 1631 1420 3083 1634 1423 3084 1639 1424 3085 1638 1421 3086 1635 1425 3087 1639 1424 3088 1634 1423 3089 1636 1422 3090 1640 1426 3091 1635 1425 3092 1637 1419 3093 1640 1426 3094 1636 1422 3095 1638 1421 3096 1641 1427 3097 1637 1419 3098 1642 1428 3099 1641 1427 3100 1639 1424 3101 1643 1429 3102 1639 1424 3103 1640 1426 3104 1644 1430 3105 1643 1429 3106 1640 1426 3107 1643 1429 3108 1646 1431 3109 1642 1428 3110 1647 1432 3111 1643 1429 3112 1644 1430 3113 1645 1433 3114 1649 1434 3115 1647 1432 3116 1648 1435 3117 1650 1436 3118 1646 1431 3119 1649 1434 3120 1648 1435 3121 1647 1432 3122 1657 1437 3123 1653 1438 3124 1651 1439 3125 1655 1440 3126 1657 1437 3127 1651 1439 3128 1654 1441 3129 1655 1440 3130 1651 1439 3131 1657 1437 3132 1656 1442 3133 1653 1438 3134 1659 1443 3135 1657 1437 3136 1655 1440 3137 1661 1444 3138 1659 1443 3139 1654 1441 3140 1660 1445 3141 1663 1446 3142 1658 1447 3143 1661 1444 3144 1666 1448 3145 1659 1443 3146 1664 1449 3147 1663 1446 3148 1660 1445 3149 1664 1449 3150 1660 1445 3151 1659 1443 3152 1667 1450 3153 1665 1451 3154 1663 1446 3155 1661 1444 3156 1668 1452 3157 1666 1448 3158 1668 1452 3159 1670 1453 3160 1666 1448 3161 1669 1454 3162 1668 1452 3163 1661 1444 3164 1672 1455 3165 1669 1454 3166 1665 1451 3167 1667 1450 3168 1672 1455 3169 1665 1451 3170 1671 1456 3171 1675 1457 3172 1667 1450 3173 1677 1458 3174 1673 1459 3175 1672 1455 3176 1675 1457 3177 1677 1458 3178 1672 1455 3179 1678 1460 3180 1674 1461 3181 1673 1459 3182 1676 1462 3183 1680 1463 3184 1671 1456 3185 1681 1464 3186 1683 1465 3187 1678 1460 3188 1683 1465 3189 1682 1466 3190 1678 1460 3191 1688 1467 3192 1686 1468 3193 1684 1469 3194 1689 1470 3195 1688 1467 3196 1684 1469 3197 1688 1467 3198 1691 1471 3199 1686 1468 3200 1692 1472 3201 1691 1471 3202 1688 1467 3203 1689 1470 3204 1692 1472 3205 1688 1467 3206 1687 1473 3207 1693 1474 3208 1685 1475 3209 1691 1471 3210 1694 1476 3211 1690 1477 3212 1695 1478 3213 1693 1474 3214 1687 1473 3215 1696 1479 3216 1694 1476 3217 1691 1471 3218 1697 1480 3219 1696 1479 3220 1692 1472 3221 1695 1478 3222 1698 1481 3223 1692 1472 3224 1697 1480 3225 1701 1482 3226 1696 1479 3227 1700 1483 3228 1699 1484 3229 1696 1479 3230 1705 1485 3231 1697 1480 3232 1698 1481 3233 1702 1486 3234 1705 1485 3235 1698 1481 3236 1700 1483 3237 1703 1487 3238 1699 1484 3239 1704 1488 3240 1700 1483 3241 1701 1482 3242 1704 1488 3243 1703 1487 3244 1700 1483 3245 1705 1485 3246 1707 1489 3247 1704 1488 3248 1709 1490 3249 1702 1486 3250 1703 1487 3251 1706 1491 3252 1710 1492 3253 1709 1490 3254 1709 1490 3255 1712 1493 3256 1708 1494 3257 1710 1492 3258 1712 1493 3259 1709 1490 3260 1717 1495 3261 1719 1496 3262 1716 1497 3263 1719 1496 3264 1721 1498 3265 1716 1497 3266 1720 1499 3267 1719 1496 3268 1717 1495 3269 1722 1500 3270 1720 1499 3271 1718 1501 3272 1719 1496 3273 1723 1502 3274 1721 1498 3275 1725 1503 3276 1722 1500 3277 1721 1498 3278 1726 1504 3279 1724 1505 3280 1722 1500 3281 1725 1503 3282 1726 1504 3283 1722 1500 3284 1729 1506 3285 1724 1505 3286 1726 1504 3287 1725 1503 3288 1730 1507 3289 1726 1504 3290 1733 1508 3291 1732 1509 3292 1727 1510 3293 1728 1511 3294 1733 1508 3295 1727 1510 3296 1731 1512 3297 1734 1513 3298 1729 1506 3299 1735 1514 3300 1731 1512 3301 1730 1507 3302 1736 1515 3303 1733 1508 3304 1728 1511 3305 1737 1516 3306 1736 1515 3307 1734 1513 3308 1735 1514 3309 1738 1517 3310 1731 1512 3311 1740 1518 3312 1739 1519 3313 1736 1515 3314 1737 1516 3315 1740 1518 3316 1736 1515 3317 1741 1520 3318 1739 1519 3319 1740 1518 3320 1746 1521 3321 1743 1522 3322 1744 1523 3323 1746 1521 3324 1748 1524 3325 1743 1522 3326 1749 1525 3327 1747 1526 3328 1741 1520 3329 1750 1527 3330 1745 1528 3331 1742 1529 3332 1748 1524 3333 1750 1527 3334 1742 1529 3335 1751 1530 3336 1749 1525 3337 1745 1528 3338 1747 1526 3339 1748 1524 3340 1746 1521 3341 1751 1530 3342 1753 1531 3343 1749 1525 3344 1752 1532 3345 1750 1527 3346 1748 1524 3347 1755 1533 3348 1748 1524 3349 1747 1526 3350 1752 1532 3351 1754 1534 3352 1750 1527 3353 1755 1533 3354 1752 1532 3355 1748 1524 3356 1755 1533 3357 1754 1534 3358 1752 1532 3359 1758 1535 3360 1760 1536 3361 1757 1537 3362 1761 1538 3363 1764 1539 3364 1759 1540 3365 1763 1541 3366 1765 1542 3367 1760 1536 3368 1768 1543 3369 1765 1542 3370 1763 1541 3371 1764 1539 3372 1768 1543 3373 1763 1541 3374 1769 1544 3375 1767 1545 3376 1765 1542 3377 1769 1544 3378 1765 1542 3379 1768 1543 3380 1770 1546 3381 1768 1543 3382 1766 1547 3383 1769 1544 3384 1771 1548 3385 1767 1545 3386 1770 1546 3387 1769 1544 3388 1768 1543 3389 1772 1549 3390 1770 1546 3391 1771 1548 3392 1774 1550 3393 1769 1544 3394 1770 1546 3395 1775 1551 3396 1774 1550 3397 1770 1546 3398 1773 1552 3399 1777 1553 3400 1772 1549 3401 1779 1554 3402 1773 1552 3403 1774 1550 3404 1779 1554 3405 1777 1553 3406 1773 1552 3407 1778 1555 3408 1780 1556 3409 1775 1551 3410 1782 1557 3411 1777 1553 3412 1779 1554 3413 1780 1556 3414 1782 1557 3415 1779 1554 3416 1782 1557 3417 1784 1558 3418 1777 1553 3419 1785 1559 3420 1782 1557 3421 1780 1556 3422 1786 1560 3423 1783 1561 3424 1784 1558 3425 1786 1560 3426 1788 1562 3427 1783 1561 3428 1787 1563 3429 1786 1560 3430 1784 1558 3431 1794 1564 3432 1793 1565 3433 1789 1566 3434 1796 1567 3435 1790 1568 3436 1791 1569 3437 1797 1570 3438 1795 1571 3439 1796 1567 3440 1798 1572 3441 1794 1564 3442 1792 1573 3443 1800 1574 3444 1797 1570 3445 1796 1567 3446 1799 1575 3447 1802 1576 3448 1798 1572 3449 1801 1577 3450 1803 1578 3451 1800 1574 3452 1804 1579 3453 1802 1576 3454 1799 1575 3455 1803 1578 3456 1806 1580 3457 1800 1574 3458 1807 1581 3459 1803 1578 3460 1801 1577 3461 1804 1579 3462 1808 1582 3463 1802 1576 3464 1810 1583 3465 1806 1580 3466 1803 1578 3467 1807 1581 3468 1810 1583 3469 1803 1578 3470 1810 1583 3471 1809 1584 3472 1806 1580 3473 1811 1585 3474 1812 1586 3475 1808 1582 3476 1807 1581 3477 1814 1587 3478 1810 1583 3479 1815 1588 3480 1814 1587 3481 1812 1586 3482 1813 1589 3483 1817 1590 3484 1811 1585 3485 1820 1591 3486 1819 1592 3487 1816 1593 3488 1819 1592 3489 1821 1594 3490 1815 1588 3491 1828 1595 3492 1822 1596 3493 1823 1597 3494 1824 1598 3495 1828 1595 3496 1823 1597 3497 1826 1599 3498 1829 1600 3499 1825 1601 3500 1830 1602 3501 1826 1599 3502 1827 1603 3503 1828 1595 3504 1831 1604 3505 1822 1596 3506 1832 1605 3507 1828 1595 3508 1824 1598 3509 1833 1606 3510 1829 1600 3511 1826 1599 3512 1830 1602 3513 1833 1606 3514 1826 1599 3515 1834 1607 3516 1831 1604 3517 1828 1595 3518 1832 1605 3519 1834 1607 3520 1828 1595 3521 1834 1607 3522 1838 1608 3523 1831 1604 3524 1839 1609 3525 1834 1607 3526 1832 1605 3527 1840 1610 3528 1837 1611 3529 1838 1608 3530 1835 1612 3531 1841 1613 3532 1839 1609 3533 1843 1614 3534 1840 1610 3535 1834 1607 3536 1841 1613 3537 1843 1614 3538 1834 1607 3539 1842 1615 3540 1844 1616 3541 1835 1612 3542 1845 1617 3543 1842 1615 3544 1837 1611 3545 1849 1618 3546 1844 1616 3547 1842 1615 3548 1849 1618 3549 1848 1619 3550 1844 1616 3551 1853 1620 3552 1852 1621 3553 1846 1622 3554 1853 1620 3555 1846 1622 3556 1847 1623 3557 1851 1624 3558 1853 1620 3559 1847 1623 3560 1856 1625 3561 1853 1620 3562 1851 1624 3563 1852 1621 3564 1858 1626 3565 1854 1627 3566 1860 1628 3567 1857 1629 3568 1858 1626 3569 1861 1630 3570 1858 1626 3571 1855 1631 3572 1862 1632 3573 1860 1628 3574 1858 1626 3575 1863 1633 3576 1862 1632 3577 1861 1630 3578 1864 1634 3579 1870 1635 3580 1863 1633 3581 1869 1636 3582 1866 1637 3583 1867 1638 3584 1869 1636 3585 1868 1639 3586 1866 1637 3587 1870 1635 3588 1869 1636 3589 1862 1632 3590 1872 1640 3591 1874 1641 3592 1871 1642 3593 1877 1643 3594 1876 1644 3595 1871 1642 3596 1874 1641 3597 1877 1643 3598 1871 1642 3599 1875 1645 3600 1878 1646 3601 1872 1640 3602 1879 1647 3603 1875 1645 3604 1873 1648 3605 1880 1649 3606 1876 1644 3607 1877 1643 3608 1880 1649 3609 1885 1650 3610 1876 1644 3611 1886 1651 3612 1885 1650 3613 1880 1649 3614 1883 1652 3615 1888 1653 3616 1882 1654 3617 1891 1655 3618 1887 1656 3619 1888 1653 3620 1889 1657 3621 1892 1658 3622 1888 1653 3623 1887 1656 3624 1893 1659 3625 1890 1660 3626 1893 1659 3627 1898 1661 3628 1890 1660 3629 1899 1662 3630 1893 1659 3631 1894 1663 3632 1897 1664 3633 1900 1665 3634 1896 1666 3635 1900 1665 3636 1899 1662 3637 1895 1667 3638 1901 1668 3639 1900 1665 3640 1897 1664 3641 1904 1669 3642 1907 1670 3643 1903 1671 3644 1909 1672 3645 1908 1673 3646 1902 1674 3647 1910 1675 3648 1906 1676 3649 1903 1671 3650 1907 1670 3651 1910 1675 3652 1903 1671 3653 1911 1677 3654 1907 1670 3655 1904 1669 3656 1911 1677 3657 1912 1678 3658 1907 1670 3659 1913 1679 3660 1911 1677 3661 1908 1673 3662 1916 1680 3663 1915 1681 3664 1910 1675 3665 1912 1678 3666 1916 1680 3667 1910 1675 3668 1914 1682 3669 1918 1683 3670 1913 1679 3671 1917 1684 3672 1912 1678 3673 1911 1677 3674 1917 1684 3675 1920 1685 3676 1912 1678 3677 1922 1686 3678 1919 1687 3679 1916 1680 3680 1924 1688 3681 1931 1689 3682 1928 1690 3683 1930 1691 3684 1926 1692 3685 1927 1693 3686 1929 1694 3687 1931 1689 3688 1924 1688 3689 1931 1689 3690 1930 1691 3691 1927 1693 3692 1937 1695 3693 1933 1696 3694 1934 1697 3695 1935 1698 3696 1940 1699 3697 1934 1697 3698 1936 1700 3699 1938 1701 3700 1932 1702 3701 1939 1703 3702 1936 1700 3703 1933 1696 3704 1940 1699 3705 1937 1695 3706 1934 1697 3707 1941 1704 3708 1938 1701 3709 1936 1700 3710 1939 1703 3711 1941 1704 3712 1936 1700 3713 1940 1699 3714 1942 1705 3715 1937 1695 3716 1938 1701 3717 1943 1706 3718 1935 1698 3719 1944 1707 3720 1941 1704 3721 1939 1703 3722 1945 1708 3723 1942 1705 3724 1940 1699 3725 1946 1709 3726 1943 1706 3727 1938 1701 3728 1945 1708 3729 1948 1710 3730 1942 1705 3731 1954 1711 3732 1950 1712 3733 1951 1713 3734 1952 1714 3735 1957 1715 3736 1951 1713 3737 1953 1716 3738 1955 1717 3739 1949 1718 3740 1956 1719 3741 1953 1716 3742 1950 1712 3743 1957 1715 3744 1954 1711 3745 1951 1713 3746 1958 1720 3747 1952 1714 3748 1955 1717 3749 1954 1711 3750 1959 1721 3751 1956 1719 3752 1959 1721 3753 1958 1720 3754 1953 1716 3755 1960 1722 3756 1959 1721 3757 1954 1711 3758 1963 1723 3759 1965 1724 3760 1962 1725 3761 1967 1726 3762 1966 1727 3763 1961 1728 3764 1968 1729 3765 1964 1730 3766 1962 1725 3767 1965 1724 3768 1968 1729 3769 1962 1725 3770 1966 1727 3771 1969 1731 3772 1963 1723 3773 1964 1730 3774 1972 1732 3775 1967 1726 3776 1971 1733 3777 1970 1734 3778 1965 1724 3779 1971 1733 3780 1965 1724 3781 1969 1731 3782 1974 1735 3783 1976 1736 3784 1973 1737 3785 1976 1736 3786 1978 1738 3787 1973 1737 3788 1979 1739 3789 1976 1736 3790 1974 1735 3791 1975 1740 3792 1979 1739 3793 1974 1735 3794 1977 1741 3795 1979 1739 3796 1975 1740 3797 1985 1742 3798 1981 1743 3799 1982 1744 3800 1983 1745 3801 1988 1746 3802 1982 1744 3803 1984 1747 3804 1986 1748 3805 1980 1749 3806 1987 1750 3807 1984 1747 3808 1981 1743 3809 1988 1746 3810 1985 1742 3811 1982 1744 3812 1989 1751 3813 1983 1745 3814 1986 1748 3815 1985 1742 3816 1991 1752 3817 1987 1750 3818 1990 1753 3819 1991 1752 3820 1985 1742 3821 1995 1754 3822 1994 1755 3823 1992 1756 3824 1996 1757 3825 1995 1754 3826 1992 1756 3827 2000 1758 3828 1996 1757 3829 1993 1759 3830 1997 1760 3831 2000 1758 3832 1994 1755 3833 1998 1761 3834 1997 1760 3835 1995 1754 3836 1996 1757 3837 1999 1762 3838 1995 1754 3839 1998 1761 3840 2002 1763 3841 1997 1760 3842 2001 1764 3843 1999 1762 3844 2000 1758 3845 1997 1760 3846 2002 1763 3847 2000 1758 3848 2005 1765 3849 2001 1764 3850 2002 1763 3851 2003 1766 3852 2006 1767 3853 2002 1763 3854 2008 1768 3855 2004 1769 3856 2005 1765 3857 2009 1770 3858 2014 1771 3859 2011 1772 3860 2012 1773 3861 2013 1774 3862 2007 1775 3863 2014 1771 3864 2010 1776 3865 2011 1772 3866 2015 1777 3867 2012 1773 3868 2008 1768 3869 2010 1776 3870 2015 1777 3871 2008 1768 3872 2018 1778 3873 2013 1774 3874 2012 1773 3875 2016 1779 3876 2021 1780 3877 2015 1777 3878 2020 1781 3879 2022 1782 3880 2019 1783 3881 2023 1784 3882 2024 1785 3883 2020 1781 3884 2024 1785 3885 2025 1786 3886 2022 1782 3887 2025 1786 3888 2027 1787 3889 2022 1782 3890 2028 1788 3891 2030 1789 3892 2027 1787 3893 2028 1788 3894 2027 1787 3895 2025 1786 3896 2032 1790 3897 2034 1791 3898 2031 1792 3899 2036 1793 3900 2033 1794 3901 2031 1792 3902 2034 1791 3903 2036 1793 3904 2031 1792 3905 2035 1795 3906 2034 1791 3907 2032 1790 3908 2039 1796 3909 2035 1795 3910 2033 1794 3911 2037 1797 3912 2042 1798 3913 2039 1796 3914 2044 1799 3915 2040 1800 3916 2041 1801 3917 2047 1802 3918 2044 1799 3919 2041 1801 3920 2048 1803 3921 2050 1804 3922 2046 1805 3923 2049 1806 3924 2044 1799 3925 2047 1802 3926 2050 1804 3927 2045 1807 3928 2046 1805 3929 2051 1808 3930 2049 1806 3931 2045 1807 3932 2050 1804 3933 2051 1808 3934 2045 1807 3935 2048 1803 3936 2052 1809 3937 2050 1804 3938 2054 1810 3939 2057 1811 3940 2051 1808 3941 2054 1810 3942 2059 1812 3943 2057 1811 3944 2061 1813 3945 2060 1814 3946 2056 1815 3947 2058 1816 3948 2061 1813 3949 2056 1815 3950 2062 1817 3951 2058 1816 3952 2059 1812 3953 2063 1818 3954 2062 1817 3955 2059 1812 3956 2064 1819 3957 2063 1818 3958 2060 1814 3959 2070 1820 3960 2068 1821 3961 2066 1822 3962 2071 1823 3963 2069 1824 3964 2065 1825 3965 2069 1824 3966 2073 1826 3967 2067 1827 3968 2068 1821 3969 2074 1828 3970 2071 1823 3971 2079 1829 3972 2078 1830 3973 2073 1826 3974 2076 1831 3975 2083 1832 3976 2080 1833 3977 2083 1832 3978 2081 1834 3979 2079 1829 3980 2089 1835 3981 2084 1836 3982 2085 1837 3983 2089 1835 3984 2088 1838 3985 2084 1836 3986 2090 1839 3987 2089 1835 3988 2085 1837 3989 2087 1840 3990 2090 1839 3991 2085 1837 3992 2088 1838 3993 2087 1840 3994 2086 1841 3995 2091 1842 3996 2093 1843 3997 2089 1835 3998 2097 1844 3999 2094 1845 4000 2095 1846 4001 2100 1847 4002 2099 1848 4003 2094 1845 4004 2101 1849 4005 2097 1844 4006 2095 1846 4007 2098 1850 4008 2101 1849 4009 2095 1846 4010 2099 1848 4011 2102 1851 4012 2096 1852 4013 2097 1844 4014 2105 1853 4015 2100 1847 4016 2104 1854 4017 2098 1850 4018 2102 1851 4019 2104 1854 4020 2103 1855 4021 2098 1850 4022 2105 1853 4023 2104 1854 4024 2099 1848 4025 2108 1856 4026 2110 1857 4027 2107 1858 4028 2110 1857 4029 2106 1859 4030 2107 1858 4031 2106 1859 4032 2113 1860 4033 2109 1861 4034 2112 1862 4035 2110 1857 4036 2108 1856 4037 2111 1863 4038 2113 1860 4039 2106 1859 4040 2113 1860 4041 2112 1862 4042 2109 1861 4043 2114 1864 4044 2117 1865 4045 2116 1866 4046 2117 1865 4047 2120 1867 4048 2116 1866 4049 2119 1868 4050 2118 1869 4051 2115 1870 4052 2120 1867 4053 2119 1868 4054 2116 1866 4055 2121 1871 4056 2117 1865 4057 2114 1864 4058 2125 1872 4059 2122 1873 4060 2119 1868 4061 2122 1873 4062 2124 1874 4063 2121 1871 4064 2125 1872 4065 2124 1874 4066 2122 1873 4067 2124 1874 4068 2128 1875 4069 2126 1876 4070 2129 1877 4071 2124 1874 4072 2125 1872 4073 2128 1875 4074 2133 1878 4075 2130 1879 4076 2132 1880 4077 2131 1881 4078 2129 1877 4079 2141 1882 4080 2144 1883 4081 2140 1884 4082 2144 1883 4083 2147 1885 4084 2140 1884 4085 2146 1886 4086 2145 1887 4087 2142 1888 4088 2147 1885 4089 2143 1889 4090 2140 1884 4091 2145 1887 4092 2148 1890 4093 2141 1882 4094 2149 1891 4095 2146 1886 4096 2143 1889 4097 2147 1885 4098 2149 1891 4099 2143 1889 4100 2151 1892 4101 2148 1890 4102 2145 1887 4103 2146 1886 4104 2151 1892 4105 2145 1887 4106 2152 1893 4107 2151 1892 4108 2146 1886 4109 2154 1894 4110 2148 1890 4111 2151 1892 4112 2150 1895 4113 2157 1896 4114 2153 1897 4115 2154 1894 4116 2155 1898 4117 2148 1890 4118 2156 1899 4119 2151 1892 4120 2152 1893 4121 2158 1900 4122 2154 1894 4123 2151 1892 4124 2163 1901 4125 2158 1900 4126 2156 1899 4127 2162 1902 4128 2163 1901 4129 2156 1899 4130 2164 1903 4131 2159 1904 4132 2160 1905 4133 2161 1906 4134 2164 1903 4135 2160 1905 4136 2165 1907 4137 2163 1901 4138 2162 1902 4139 2167 1908 4140 2165 1907 4141 2159 1904 4142 2166 1909 4143 2168 1910 4144 2158 1900 4145 2167 1908 4146 2171 1911 4147 2165 1907 4148 2169 1912 4149 2170 1913 4150 2164 1903 4151 2171 1911 4152 2166 1909 4153 2165 1907 4154 2166 1909 4155 2172 1914 4156 2168 1910 4157 2172 1914 4158 2170 1913 4159 2169 1912 4160 2173 1915 4161 2172 1914 4162 2166 1909 4163 2181 1916 4164 2179 1917 4165 2174 1918 4166 2181 1916 4167 2184 1919 4168 2179 1917 4169 2180 1920 4170 2185 1921 4171 2181 1916 4172 2186 1922 4173 2180 1920 4174 2182 1923 4175 2191 1924 4176 2190 1925 4177 2188 1926 4178 2192 1927 4179 2191 1924 4180 2188 1926 4181 2193 1928 4182 2194 1929 4183 2189 1930 4184 2194 1929 4185 2197 1931 4186 2192 1927 4187 2195 1932 4188 2200 1933 4189 2198 1934 4190 2199 1935 4191 2197 1931 4192 2194 1929 4193 2196 1936 4194 2201 1937 4195 2195 1932 4196 2202 1938 4197 2201 1937 4198 2196 1936 4199 2204 1939 4200 2202 1938 4201 2199 1935 4202 2199 1935 4203 2207 1940 4204 2204 1939 4205 2206 1941 4206 2207 1940 4207 2199 1935 4208 2210 1942 4209 2212 1943 4210 2209 1944 4211 2214 1945 4212 2213 1946 4213 2208 1947 4214 2215 1948 4215 2211 1949 4216 2209 1944 4217 2212 1943 4218 2215 1948 4219 2209 1944 4220 2213 1946 4221 2216 1950 4222 2210 1942 4223 2211 1949 4224 2219 1951 4225 2214 1945 4226 2218 1952 4227 2212 1943 4228 2216 1950 4229 2218 1952 4230 2217 1953 4231 2212 1943 4232 2219 1951 4233 2218 1952 4234 2213 1946 4235 2223 1954 4236 2222 1955 4237 2220 1956 4238 2226 1957 4239 2223 1954 4240 2220 1956 4241 2221 1958 4242 2226 1957 4243 2220 1956 4244 2223 1954 4245 2224 1959 4246 2222 1955 4247 2227 1960 4248 2226 1957 4249 2221 1958 4250 2224 1959 4251 2225 1961 4252 2221 1958 4253 2225 1961 4254 2228 1962 4255 2227 1960 4256 2229 1963 4257 2225 1961 4258 2224 1959 4259 2229 1963 4260 2224 1959 4261 2223 1954 4262 2226 1957 4263 2231 1964 4264 2229 1963 4265 2228 1962 4266 2230 1965 4267 2227 1960 4268 2229 1963 4269 2232 1966 4270 2228 1962 4271 2231 1964 4272 2232 1966 4273 2229 1963 4274 2233 1967 4275 2231 1964 4276 2230 1965 4277 2234 1968 4278 2230 1965 4279 2232 1966 4280 2234 1968 4281 2233 1967 4282 2230 1965 4283 2235 1969 4284 2234 1968 4285 2232 1966 4286 2233 1967 4287 2236 1970 4288 2235 1969 4289 2237 1971 4290 2233 1967 4291 2234 1968 4292 2238 1972 4293 2234 1968 4294 2235 1969 4295 2237 1971 4296 2236 1970 4297 2233 1967 4298 2236 1970 4299 2240 1973 4300 2238 1972 4301 2241 1974 4302 2240 1973 4303 2236 1970 4304 2240 1973 4305 2243 1975 4306 2237 1971 4307 2245 1976 4308 2246 1977 4309 2241 1974 4310 2247 1978 4311 2245 1976 4312 2243 1975 4313 2248 1979 4314 2247 1978 4315 2244 1980 4316 2251 1981 4317 2249 1982 4318 2246 1977 4319 2250 1983 4320 2254 1984 4321 2247 1978 4322 2251 1981 4323 2257 1985 4324 2249 1982 4325 2256 1986 4326 2255 1987 4327 2253 1988 4328 2256 1986 4329 2253 1988 4330 2254 1984 4331 2260 1989 4332 2262 1990 4333 2259 1991 4334 2262 1990 4335 2261 1992 4336 2259 1991 4337 2263 1993 4338 2262 1990 4339 2260 1989 4340 2265 1994 4341 2261 1992 4342 2262 1990 4343 2267 1995 4344 2265 1994 4345 2262 1990 4346 2267 1995 4347 2269 1996 4348 2265 1994 4349 2270 1997 4350 2267 1995 4351 2266 1998 4352 2269 1996 4353 2272 1999 4354 2268 2000 4355 2273 2001 4356 2274 2002 4357 2267 1995 4358 2275 2003 4359 2271 2004 4360 2272 1999 4361 2271 2004 4362 2277 2005 4363 2273 2001 4364 2275 2003 4365 2280 2006 4366 2271 2004 4367 2280 2006 4368 2277 2005 4369 2271 2004 4370 2279 2007 4371 2281 2008 4372 2278 2009 4373 2282 2010 4374 2281 2008 4375 2279 2007 4376 2281 2008 4377 2283 2011 4378 2280 2006 4379 2280 2006 4380 2283 2011 4381 2277 2005 4382 2287 2012 4383 2286 2013 4384 2284 2014 4385 2290 2015 4386 2287 2012 4387 2284 2014 4388 2288 2016 4389 2290 2015 4390 2284 2014 4391 2289 2017 4392 2288 2016 4393 2285 2018 4394 2287 2012 4395 2289 2017 4396 2286 2013 4397 2291 2019 4398 2290 2015 4399 2288 2016 4400 2290 2015 4401 2293 2020 4402 2287 2012 4403 2291 2019 4404 2293 2020 4405 2290 2015 4406 2294 2021 4407 2291 2019 4408 2288 2016 4409 2294 2021 4410 2288 2016 4411 2289 2017 4412 2300 2022 4413 2298 2023 4414 2295 2024 4415 2301 2025 4416 2299 2026 4417 2296 2027 4418 2304 2028 4419 2307 2029 4420 2303 2030 4421 2309 2031 4422 2305 2032 4423 2306 2033 4424 2309 2031 4425 2306 2033 4426 2303 2030 4427 2308 2034 4428 2307 2029 4429 2304 2028 4430 2310 2035 4431 2308 2034 4432 2305 2032 4433 2311 2036 4434 2309 2031 4435 2307 2029 4436 2312 2037 4437 2307 2029 4438 2308 2034 4439 2310 2035 4440 2312 2037 4441 2308 2034 4442 2314 2038 4443 2311 2036 4444 2312 2037 4445 2313 2039 4446 2315 2040 4447 2310 2035 4448 2314 2038 4449 2316 2041 4450 2311 2036 4451 2315 2040 4452 2314 2038 4453 2312 2037 4454 2318 2042 4455 2320 2043 4456 2317 2044 4457 2322 2045 4458 2319 2046 4459 2317 2044 4460 2322 2045 4461 2324 2047 4462 2319 2046 4463 2321 2048 4464 2325 2049 4465 2318 2042 4466 2324 2047 4467 2325 2049 4468 2321 2048 4469 2327 2050 4470 2320 2043 4471 2325 2049 4472 2328 2051 4473 2325 2049 4474 2324 2047 4475 2322 2045 4476 2328 2051 4477 2324 2047 4478 2326 2052 4479 2322 2045 4480 2323 2053 4481 2326 2052 4482 2328 2051 4483 2322 2045 4484 2331 2054 4485 2330 2055 4486 2327 2050 4487 2337 2056 4488 2334 2057 4489 2332 2058 4490 2336 2059 4491 2338 2060 4492 2333 2061 4493 2339 2062 4494 2336 2059 4495 2334 2057 4496 2336 2059 4497 2342 2063 4498 2338 2060 4499 2340 2064 4500 2343 2065 4501 2344 2066 4502 2341 2067 4503 2343 2065 4504 2340 2064 4505 2344 2066 4506 2342 2063 4507 2339 2062 4508 2344 2066 4509 2346 2068 4510 2342 2063 4511 2346 2068 4512 2341 2067 4513 2342 2063 4514 2345 2069 4515 2347 2070 4516 2343 2065 4517 2343 2065 4518 2347 2070 4519 2344 2066 4520 2351 2071 4521 2350 2072 4522 2348 2073 4523 2352 2074 4524 2351 2071 4525 2348 2073 4526 2350 2072 4527 2354 2075 4528 2349 2076 4529 2352 2074 4530 2356 2077 4531 2351 2071 4532 2355 2078 4533 2354 2075 4534 2350 2072 4535 2357 2079 4536 2356 2077 4537 2352 2074 4538 2357 2079 4539 2352 2074 4540 2353 2080 4541 2354 2075 4542 2358 2081 4543 2353 2080 4544 2361 2082 4545 2360 2083 4546 2356 2077 4547 2359 2084 4548 2364 2085 4549 2361 2082 4550 2362 2086 4551 2364 2085 4552 2359 2084 4553 2364 2085 4554 2363 2087 4555 2361 2082 4556 2366 2088 4557 2370 2089 4558 2365 2090 4559 2368 2091 4560 2369 2092 4561 2367 2093 4562 2375 2094 4563 2369 2092 4564 2368 2091 4565 2373 2095 4566 2368 2091 4567 2370 2089 4568 2372 2096 4569 2374 2097 4570 2371 2098 4571 2368 2091 4572 2376 2099 4573 2375 2094 4574 2373 2095 4575 2376 2099 4576 2368 2091 4577 2377 2100 4578 2379 2101 4579 2373 2095 4580 2380 2102 4581 2378 2103 4582 2379 2101 4583 2380 2102 4584 2382 2104 4585 2378 2103 4586 2381 2105 4587 2380 2102 4588 2379 2101 4589 2386 2106 4590 2383 2107 4591 2384 2108 4592 2389 2109 4593 2388 2110 4594 2383 2107 4595 2390 2111 4596 2386 2106 4597 2384 2108 4598 2387 2112 4599 2390 2111 4600 2384 2108 4601 2388 2110 4602 2391 2113 4603 2385 2114 4604 2386 2106 4605 2394 2115 4606 2389 2109 4607 2393 2116 4608 2387 2112 4609 2391 2113 4610 2393 2116 4611 2392 2117 4612 2387 2112 4613 2394 2115 4614 2393 2116 4615 2388 2110 4616 2397 2118 4617 2398 2119 4618 2396 2120 4619 2400 2121 4620 2399 2122 4621 2395 2123 4622 2401 2124 4623 2400 2121 4624 2395 2123 4625 2400 2121 4626 2398 2119 4627 2399 2122 4628 2404 2125 4629 2407 2126 4630 2403 2127 4631 2405 2128 4632 2408 2129 4633 2404 2125 4634 2413 2130 4635 2412 2131 4636 2409 2132 4637 2415 2133 4638 2411 2134 4639 2412 2131 4640 2419 2135 4641 2418 2136 4642 2416 2137 4643 2426 2138 4644 2425 2139 4645 2422 2140 4646 2423 2141 4647 2426 2138 4648 2422 2140 4649 2424 2142 4650 2427 2143 4651 2423 2141 4652 2428 2144 4653 2424 2142 4654 2425 2139 4655 2426 2138 4656 2428 2144 4657 2425 2139 4658 2429 2145 4659 2426 2138 4660 2423 2141 4661 2430 2146 4662 2427 2143 4663 2424 2142 4664 2428 2144 4665 2430 2146 4666 2424 2142 4667 2429 2145 4668 2431 2147 4669 2426 2138 4670 2432 2148 4671 2433 2149 4672 2427 2143 4673 2431 2147 4674 2437 2150 4675 2432 2148 4676 2434 2151 4677 2431 2147 4678 2433 2149 4679 2438 2152 4680 2437 2150 4681 2431 2147 4682 2434 2151 4683 2439 2153 4684 2431 2147 4685 2438 2152 4686 2440 2154 4687 2437 2150 4688 2442 2155 4689 2439 2153 4690 2434 2151 4691 2443 2156 4692 2441 2157 4693 2436 2158 4694 2440 2154 4695 2443 2156 4696 2436 2158 4697 2439 2153 4698 2444 2159 4699 2438 2152 4700 2447 2160 4701 2444 2159 4702 2439 2153 4703 2443 2156 4704 2442 2155 4705 2441 2157 4706 2446 2161 4707 2442 2155 4708 2443 2156 4709 2450 2162 4710 2452 2163 4711 2449 2164 4712 2454 2165 4713 2451 2166 4714 2449 2164 4715 2452 2163 4716 2454 2165 4717 2449 2164 4718 2453 2167 4719 2452 2163 4720 2450 2162 4721 2451 2166 4722 2453 2167 4723 2448 2168 4724 2454 2165 4725 2455 2169 4726 2451 2166 4727 2457 2170 4728 2452 2163 4729 2453 2167 4730 2456 2171 4731 2455 2169 4732 2454 2165 4733 2459 2172 4734 2456 2171 4735 2457 2170 4736 2460 2173 4737 2463 2174 4738 2459 2172 4739 2462 2175 4740 2464 2176 4741 2461 2177 4742 2464 2176 4743 2463 2174 4744 2460 2173 4745 2467 2178 4746 2468 2179 4747 2466 2180 4748 2465 2181 4749 2469 2182 4750 2467 2178 4751 2469 2182 4752 2471 2183 4753 2468 2179 4754 2470 2184 4755 2472 2185 4756 2465 2181 4757 2470 2184 4758 2465 2181 4759 2466 2180 4760 2478 2186 4761 2473 2187 4762 2474 2188 4763 2478 2186 4764 2477 2189 4765 2473 2187 4766 2479 2190 4767 2478 2186 4768 2474 2188 4769 2476 2191 4770 2479 2190 4771 2474 2188 4772 2477 2189 4773 2476 2191 4774 2475 2192 4775 2478 2186 4776 2482 2193 4777 2477 2189 4778 2484 2194 4779 2479 2190 4780 2476 2191 4781 2480 2195 4782 2483 2196 4783 2478 2186 4784 2484 2194 4785 2480 2195 4786 2479 2190 4787 2485 2197 4788 2483 2196 4789 2480 2195 4790 2484 2194 4791 2485 2197 4792 2480 2195 4793 2481 2198 4794 2486 2199 4795 2484 2194 4796 2487 2200 4797 2482 2193 4798 2483 2196 4799 2486 2199 4800 2488 2201 4801 2485 2197 4802 2488 2201 4803 2487 2200 4804 2485 2197 4805 2489 2202 4806 2488 2201 4807 2486 2199 4808 2499 2203 4809 2498 2204 4810 2496 2205 4811 2497 2206 4812 2500 2207 4813 2496 2205 4814 2501 2208 4815 2497 2206 4816 2498 2204 4817 2505 2209 4818 2502 2210 4819 2503 2211 4820 2510 2212 4821 2513 2213 4822 2509 2214 4823 2514 2215 4824 2512 2216 4825 2509 2214 4826 2513 2213 4827 2514 2215 4828 2509 2214 4829 2511 2217 4830 2515 2218 4831 2510 2212 4832 2516 2219 4833 2511 2217 4834 2508 2220 4835 2517 2221 4836 2515 2218 4837 2511 2217 4838 2516 2219 4839 2517 2221 4840 2511 2217 4841 2524 2222 4842 2520 2223 4843 2521 2224 4844 2523 2225 4845 2525 2226 4846 2522 2227 4847 2526 2228 4848 2525 2226 4849 2523 2225 4850 2527 2229 4851 2526 2228 4852 2518 2230 4853 2520 2223 4854 2528 2231 4855 2519 2232 4856 2531 2233 4857 2525 2226 4858 2526 2228 4859 2533 2234 4860 2537 2235 4861 2532 2236 4862 2539 2237 4863 2535 2238 4864 2536 2239 4865 2540 2240 4866 2539 2237 4867 2532 2236 4868 2537 2235 4869 2540 2240 4870 2532 2236 4871 2538 2241 4872 2541 2242 4873 2533 2234 4874 2542 2243 4875 2538 2241 4876 2535 2238 4877 2545 2244 4878 2541 2242 4879 2538 2241 4880 2542 2243 4881 2545 2244 4882 2538 2241 4883 2545 2244 4884 2547 2245 4885 2541 2242 4886 2548 2246 4887 2545 2244 4888 2542 2243 4889 2550 2247 4890 2543 2248 4891 2544 2249 4892 2554 2250 4893 2550 2247 4894 2547 2245 4895 2553 2251 4896 2559 2252 4897 2552 2253 4898 2560 2254 4899 2557 2255 4900 2554 2250 4901 2558 2256 4902 2560 2254 4903 2554 2250 4904 2557 2255 4905 2562 2257 4906 2556 2258 4907 2563 2259 4908 2558 2256 4909 2561 2260 4910 2562 2257 4911 2567 2261 4912 2561 2260 4913 2567 2261 4914 2563 2259 4915 2561 2260 4916 2568 2262 4917 2567 2261 4918 2562 2257 4919 2566 2263 4920 2569 2264 4921 2565 2265 4922 2569 2264 4923 2568 2262 4924 2564 2266 4925 2570 2267 4926 2569 2264 4927 2566 2263 4928 2577 2268 4929 2575 2269 4930 2571 2270 4931 2578 2271 4932 2573 2272 4933 2574 2273 4934 2577 2268 4935 2579 2274 4936 2575 2269 4937 2580 2275 4938 2576 2276 4939 2572 2277 4940 2573 2272 4941 2580 2275 4942 2572 2277 4943 2581 2278 4944 2580 2275 4945 2573 2272 4946 2584 2279 4947 2581 2278 4948 2578 2271 4949 2579 2274 4950 2584 2279 4951 2578 2271 4952 2584 2279 4953 2586 2280 4954 2581 2278 4955 2587 2281 4956 2584 2279 4957 2579 2274 4958 2588 2282 4959 2586 2280 4960 2584 2279 4961 2590 2283 4962 2583 2284 4963 2586 2280 4964 2585 2285 4965 2591 2286 4966 2587 2281 4967 2589 2287 4968 2593 2288 4969 2585 2285 4970 2592 2289 4971 2589 2287 4972 2583 2284 4973 2591 2286 4974 2590 2283 4975 2588 2282 4976 2592 2289 4977 2596 2290 4978 2589 2287 4979 2596 2290 4980 2594 2291 4981 2593 2288 4982 2599 2292 4983 2601 2293 4984 2598 2294 4985 2602 2295 4986 2603 2296 4987 2599 2292 4988 2605 2297 4989 2602 2295 4990 2597 2298 4991 2600 2299 4992 2604 2300 4993 2605 2297 4994 2611 2301 4995 2607 2302 4996 2608 2303 4997 2609 2304 4998 2614 2305 4999 2608 2303 5000 2610 2306 5001 2612 2307 5002 2606 2308 5003 2613 2309 5004 2610 2306 5005 2607 2302 5006 2614 2305 5007 2611 2301 5008 2608 2303 5009 2615 2310 5010 2609 2304 5011 2612 2307 5012 2611 2301 5013 2616 2311 5014 2613 2309 5015 2616 2311 5016 2615 2310 5017 2610 2306 5018 2617 2312 5019 2616 2311 5020 2611 2301 5021 2621 2313 5022 2618 2314 5023 2619 2315 5024 2622 2316 5025 2621 2313 5026 2619 2315 5027 2623 2317 5028 2622 2316 5029 2620 2318 5030 2630 2319 5031 2627 2320 5032 2628 2321 5033 2631 2322 5034 2624 2323 5035 2625 2324 5036 2627 2320 5037 2632 2325 5038 2626 2326 5039 2631 2322 5040 2633 2327 5041 2624 2323 5042 2634 2328 5043 2632 2325 5044 2627 2320 5045 2637 2329 5046 2631 2322 5047 2632 2325 5048 2638 2330 5049 2633 2327 5050 2631 2322 5051 2637 2329 5052 2638 2330 5053 2631 2322 5054 2635 2331 5055 2639 2332 5056 2634 2328 5057 2640 2333 5058 2635 2331 5059 2636 2334 5060 2641 2335 5061 2638 2330 5062 2637 2329 5063 2639 2332 5064 2641 2335 5065 2637 2329 5066 2641 2335 5067 2643 2336 5068 2638 2330 5069 2644 2337 5070 2639 2332 5071 2635 2331 5072 2642 2338 5073 2646 2339 5074 2640 2333 5075 2645 2340 5076 2641 2335 5077 2639 2332 5078 2644 2337 5079 2645 2340 5080 2639 2332 5081 2645 2340 5082 2647 2341 5083 2641 2335 5084 2643 2336 5085 2648 2342 5086 2642 2338 5087 2649 2343 5088 2645 2340 5089 2644 2337 5090 2646 2339 5091 2649 2343 5092 2644 2337 5093 2650 2344 5094 2648 2342 5095 2643 2336 5096 2647 2341 5097 2650 2344 5098 2643 2336 5099 2651 2345 5100 2650 2344 5101 2647 2341 5102 2649 2343 5103 2652 2346 5104 2645 2340 5105 2648 2342 5106 2653 2347 5107 2646 2339 5108 2653 2347 5109 2649 2343 5110 2646 2339 5111 2656 2348 5112 2652 2346 5113 2649 2343 5114 2653 2347 5115 2656 2348 5116 2649 2343 5117 2658 2349 5118 2660 2350 5119 2657 2351 5120 2663 2352 5121 2662 2353 5122 2657 2351 5123 2660 2350 5124 2663 2352 5125 2657 2351 5126 2661 2354 5127 2664 2355 5128 2658 2349 5129 2665 2356 5130 2661 2354 5131 2659 2357 5132 2666 2358 5133 2663 2352 5134 2660 2350 5135 2665 2356 5136 2668 2359 5137 2661 2354 5138 2670 2360 5139 2668 2359 5140 2665 2356 5141 2672 2361 5142 2666 2358 5143 2667 2362 5144 2668 2359 5145 2672 2361 5146 2667 2362 5147 2670 2360 5148 2674 2363 5149 2668 2359 5150 2676 2364 5151 2671 2365 5152 2666 2358 5153 2673 2366 5154 2675 2367 5155 2670 2360 5156 2672 2361 5157 2677 2368 5158 2676 2364 5159 2678 2369 5160 2674 2363 5161 2675 2367 5162 2678 2369 5163 2683 2370 5164 2674 2363 5165 2685 2371 5166 2683 2370 5167 2678 2369 5168 2686 2372 5169 2680 2373 5170 2681 2374 5171 2685 2371 5172 2687 2375 5173 2683 2370 5174 2687 2375 5175 2686 2372 5176 2682 2376 5177 2694 2377 5178 2696 2378 5179 2689 2379 5180 2694 2377 5181 2701 2380 5182 2696 2378 5183 2702 2381 5184 2694 2377 5185 2697 2382 5186 2702 2381 5187 2701 2380 5188 2694 2377 5189 2708 2383 5190 2711 2384 5191 2707 2385 5192 2705 2386 5193 2709 2387 5194 2704 2388 5195 2710 2389 5196 2705 2386 5197 2706 2390 5198 2711 2384 5199 2706 2390 5200 2707 2385 5201 2712 2391 5202 2709 2387 5203 2705 2386 5204 2710 2389 5205 2712 2391 5206 2705 2386 5207 2712 2391 5208 2714 2392 5209 2709 2387 5210 2713 2393 5211 2715 2394 5212 2711 2384 5213 2716 2395 5214 2714 2392 5215 2712 2391 5216 2716 2395 5217 2717 2396 5218 2714 2392 5219 2718 2397 5220 2716 2395 5221 2715 2394 5222 2719 2398 5223 2713 2393 5224 2717 2396 5225 2718 2397 5226 2720 2399 5227 2716 2395 5228 2719 2398 5229 2721 2400 5230 2713 2393 5231 2720 2399 5232 2719 2398 5233 2717 2396 5234 2729 2401 5235 2723 2402 5236 2724 2403 5237 2725 2404 5238 2728 2405 5239 2724 2403 5240 2726 2406 5241 2727 2407 5242 2722 2408 5243 2728 2405 5244 2729 2401 5245 2724 2403 5246 2729 2401 5247 2726 2406 5248 2723 2402 5249 2730 2409 5250 2731 2410 5251 2729 2401 5252 2732 2411 5253 2727 2407 5254 2726 2406 5255 2734 2412 5256 2740 2413 5257 2737 2414 5258 2741 2415 5259 2738 2416 5260 2735 2417 5261 2741 2415 5262 2735 2417 5263 2736 2418 5264 2747 2419 5265 2746 2420 5266 2742 2421 5267 2743 2422 5268 2747 2419 5269 2742 2421 5270 2745 2423 5271 2747 2419 5272 2743 2422 5273 2748 2424 5274 2745 2423 5275 2744 2425 5276 2746 2420 5277 2748 2424 5278 2744 2425 5279 2750 2426 5280 2753 2427 5281 2749 2428 5282 2755 2429 5283 2752 2430 5284 2749 2428 5285 2753 2427 5286 2755 2429 5287 2749 2428 5288 2754 2431 5289 2756 2432 5290 2750 2426 5291 2757 2433 5292 2754 2431 5293 2751 2434 5294 2755 2429 5295 2758 2435 5296 2752 2430 5297 2755 2429 5298 2761 2436 5299 2758 2435 5300 2759 2437 5301 2755 2429 5302 2753 2427 5303 2764 2438 5304 2761 2436 5305 2755 2429 5306 2759 2437 5307 2764 2438 5308 2755 2429 5309 2763 2439 5310 2767 2440 5311 2762 2441 5312 2767 2440 5313 2768 2442 5314 2759 2437 5315 2769 2443 5316 2763 2439 5317 2760 2444 5318 2771 2445 5319 2768 2442 5320 2767 2440 5321 2770 2446 5322 2772 2447 5323 2765 2448 5324 2765 2448 5325 2772 2447 5326 2769 2443 5327 2778 2449 5328 2774 2450 5329 2775 2451 5330 2777 2452 5331 2779 2453 5332 2773 2454 5333 2780 2455 5334 2777 2452 5335 2774 2450 5336 2776 2456 5337 2781 2457 5338 2775 2451 5339 2782 2458 5340 2781 2457 5341 2776 2456 5342 2784 2459 5343 2782 2458 5344 2779 2453 5345 2785 2460 5346 2789 2461 5347 2783 2462 5348 2788 2463 5349 2790 2464 5350 2784 2459 5351 2788 2463 5352 2784 2459 5353 2786 2465 5354 2797 2466 5355 2796 2467 5356 2791 2468 5357 2792 2469 5358 2797 2466 5359 2791 2468 5360 2797 2466 5361 2798 2470 5362 2796 2467 5363 2798 2470 5364 2799 2471 5365 2795 2472 5366 2800 2473 5367 2797 2466 5368 2792 2469 5369 2799 2471 5370 2802 2474 5371 2794 2475 5372 2805 2476 5373 2804 2477 5374 2803 2478 5375 2800 2473 5376 2805 2476 5377 2803 2478 5378 2805 2476 5379 2811 2479 5380 2804 2477 5381 2809 2480 5382 2805 2476 5383 2800 2473 5384 2812 2481 5385 2809 2480 5386 2806 2482 5387 2810 2483 5388 2813 2484 5389 2807 2485 5390 2816 2486 5391 2815 2487 5392 2811 2479 5393 2814 2488 5394 2816 2486 5395 2811 2479 5396 2817 2489 5397 2813 2484 5398 2810 2483 5399 2818 2490 5400 2816 2486 5401 2814 2488 5402 2812 2481 5403 2818 2490 5404 2814 2488 5405 2817 2489 5406 2819 2491 5407 2813 2484 5408 2820 2492 5409 2815 2487 5410 2816 2486 5411 2818 2490 5412 2820 2492 5413 2816 2486 5414 2819 2491 5415 2821 2493 5416 2812 2481 5417 2822 2494 5418 2819 2491 5419 2817 2489 5420 2820 2492 5421 2823 2495 5422 2815 2487 5423 2824 2496 5424 2821 2493 5425 2819 2491 5426 2822 2494 5427 2824 2496 5428 2819 2491 5429 2821 2493 5430 2825 2497 5431 2818 2490 5432 2825 2497 5433 2826 2498 5434 2820 2492 5435 2828 2499 5436 2830 2500 5437 2827 2501 5438 2832 2502 5439 2829 2503 5440 2827 2501 5441 2833 2504 5442 2832 2502 5443 2827 2501 5444 2830 2500 5445 2833 2504 5446 2827 2501 5447 2831 2505 5448 2834 2506 5449 2828 2499 5450 2835 2507 5451 2832 2502 5452 2833 2504 5453 2837 2508 5454 2835 2507 5455 2830 2500 5456 2839 2509 5457 2837 2508 5458 2834 2506 5459 2831 2505 5460 2839 2509 5461 2834 2506 5462 2838 2510 5463 2842 2511 5464 2836 2512 5465 2841 2513 5466 2843 2514 5467 2837 2508 5468 2841 2513 5469 2837 2508 5470 2839 2509 5471 2849 2515 5472 2845 2516 5473 2846 2517 5474 2847 2518 5475 2852 2519 5476 2846 2517 5477 2848 2520 5478 2850 2521 5479 2844 2522 5480 2851 2523 5481 2848 2520 5482 2845 2516 5483 2852 2519 5484 2849 2515 5485 2846 2517 5486 2853 2524 5487 2847 2518 5488 2850 2521 5489 2848 2520 5490 2853 2524 5491 2850 2521 5492 2854 2525 5493 2853 2524 5494 2848 2520 5495 2851 2523 5496 2854 2525 5497 2848 2520 5498 2852 2519 5499 2855 2526 5500 2849 2515 5501 2847 2518 5502 2857 2527 5503 2852 2519 5504 2856 2528 5505 2854 2525 5506 2851 2523 5507 2857 2527 5508 2855 2526 5509 2852 2519 5510 2853 2524 5511 2858 2529 5512 2847 2518 5513 2854 2525 5514 2859 2530 5515 2853 2524 5516 2860 2531 5517 2858 2529 5518 2859 2530 5519 2855 2526 5520 2861 2532 5521 2856 2528 5522 2860 2531 5523 2861 2532 5524 2855 2526 5525 2866 2533 5526 2863 2534 5527 2864 2535 5528 2865 2536 5529 2868 2537 5530 2862 2538 5531 2869 2539 5532 2865 2536 5533 2863 2534 5534 2870 2540 5535 2866 2533 5536 2864 2535 5537 2867 2541 5538 2870 2540 5539 2864 2535 5540 2866 2533 5541 2872 2542 5542 2869 2539 5543 2872 2542 5544 2874 2543 5545 2871 2544 5546 2870 2540 5547 2875 2545 5548 2866 2533 5549 2874 2543 5550 2879 2546 5551 2873 2547 5552 2878 2548 5553 2877 2549 5554 2875 2545 5555 2879 2546 5556 2878 2548 5557 2876 2550 5558 2880 2551 5559 2887 2552 5560 2885 2553 5561 2886 2554 5562 2882 2555 5563 2883 2556 5564 2888 2557 5565 2881 2558 5566 2882 2555 5567 2887 2552 5568 2886 2554 5569 2884 2559 5570 2891 2560 5571 2893 2561 5572 2890 2562 5573 2892 2563 5574 2894 2564 5575 2889 2565 5576 2893 2561 5577 2892 2563 5578 2890 2562 5579 2894 2564 5580 2893 2561 5581 2891 2560 5582 2898 2566 5583 2897 2567 5584 2895 2568 5585 2899 2569 5586 2898 2566 5587 2895 2568 5588 2896 2570 5589 2899 2569 5590 2895 2568 5591 2897 2567 5592 2900 2571 5593 2896 2570 5594 2901 2572 5595 2900 2571 5596 2897 2567 5597 2898 2566 5598 2902 2573 5599 2897 2567 5600 2903 2574 5601 2899 2569 5602 2896 2570 5603 2900 2571 5604 2903 2574 5605 2896 2570 5606 2905 2575 5607 2904 2576 5608 2899 2569 5609 2903 2574 5610 2905 2575 5611 2899 2569 5612 2907 2577 5613 2909 2578 5614 2900 2571 5615 2905 2575 5616 2910 2579 5617 2904 2576 5618 2911 2580 5619 2910 2579 5620 2905 2575 5621 2906 2581 5622 2911 2580 5623 2905 2575 5624 2913 2582 5625 2907 2577 5626 2908 2583 5627 2914 2584 5628 2912 2585 5629 2909 2578 5630 2913 2582 5631 2914 2584 5632 2907 2577 5633 2920 2586 5634 2918 2587 5635 2916 2588 5636 2919 2589 5637 2920 2586 5638 2916 2588 5639 2918 2587 5640 2921 2590 5641 2917 2591 5642 2922 2592 5643 2921 2590 5644 2918 2587 5645 2920 2586 5646 2923 2593 5647 2918 2587 5648 2926 2594 5649 2919 2589 5650 2921 2590 5651 2922 2592 5652 2926 2594 5653 2921 2590 5654 2927 2595 5655 2922 2592 5656 2923 2593 5657 2925 2596 5658 2927 2595 5659 2923 2593 5660 2926 2594 5661 2928 2597 5662 2919 2589 5663 2927 2595 5664 2930 2598 5665 2922 2592 5666 2930 2598 5667 2928 2597 5668 2926 2594 5669 2934 2599 5670 2931 2600 5671 2932 2601 5672 2935 2602 5673 2934 2599 5674 2932 2601 5675 2936 2603 5676 2935 2602 5677 2933 2604 5678 2934 2599 5679 2937 2605 5680 2931 2600 5681 2940 2606 5682 2937 2605 5683 2934 2599 5684 2938 2607 5685 2940 2606 5686 2934 2599 5687 2941 2608 5688 2939 2609 5689 2936 2603 5690 2937 2605 5691 2945 2610 5692 2941 2608 5693 2944 2611 5694 2943 2612 5695 2938 2607 5696 2944 2611 5697 2938 2607 5698 2942 2613 5699 2946 2614 5700 2949 2615 5701 2948 2616 5702 2949 2615 5703 2951 2617 5704 2948 2616 5705 2952 2618 5706 2947 2619 5707 2948 2616 5708 2953 2620 5709 2949 2615 5710 2946 2614 5711 2955 2621 5712 2952 2618 5713 2951 2617 5714 2961 2622 5715 2958 2623 5716 2954 2624 5717 2961 2622 5718 2954 2624 5719 2956 2625 5720 2959 2626 5721 2961 2622 5722 2956 2625 5723 2962 2627 5724 2960 2628 5725 2957 2629 5726 2963 2630 5727 2962 2627 5728 2958 2623 5729 2959 2626 5730 2964 2631 5731 2961 2622 5732 2965 2632 5733 2968 2633 5734 2967 2634 5735 2966 2635 5736 2969 2636 5737 2965 2632 5738 2967 2634 5739 2970 2637 5740 2966 2635 5741 2982 2638 5742 2979 2639 5743 2977 2640 5744 2981 2641 5745 2978 2642 5746 2979 2639 5747 2983 2643 5748 2982 2638 5749 2977 2640 5750 2980 2644 5751 2983 2643 5752 2977 2640 5753 2981 2641 5754 2984 2645 5755 2978 2642 5756 2984 2645 5757 2986 2646 5758 2980 2644 5759 2983 2643 5760 2987 2647 5761 2985 2648 5762 2986 2646 5763 2987 2647 5764 2983 2643 5765 2990 2649 5766 2987 2647 5767 2986 2646 5768 2990 2649 5769 2986 2646 5770 2988 2650 5771 2987 2647 5772 2992 2651 5773 2989 2652 5774 2988 2650 5775 2991 2653 5776 2990 2649 5777 2993 2654 5778 2992 2651 5779 2987 2647 5780 2994 2655 5781 2993 2654 5782 2990 2649 5783 2991 2653 5784 2994 2655 5785 2990 2649 5786 2992 2651 5787 2991 2653 5788 2988 2650 5789 2993 2654 5790 2995 2656 5791 2992 2651 5792 2994 2655 5793 2995 2656 5794 2993 2654 5795 2999 2657 5796 2996 2658 5797 2991 2653 5798 2994 2655 5799 2997 2659 5800 2995 2656 5801 3000 2660 5802 2999 2657 5803 2995 2656 5804 3002 2661 5805 3001 2662 5806 2998 2663 5807 3000 2660 5808 3003 2664 5809 2999 2657 5810 3004 2665 5811 3003 2664 5812 3001 2662 5813 3002 2661 5814 3005 2666 5815 3001 2662 5816 3008 2667 5817 3007 2668 5818 3004 2665 5819 3011 2669 5820 3013 2670 5821 3010 2671 5822 3013 2670 5823 3017 2672 5824 3010 2671 5825 3014 2673 5826 3013 2670 5827 3011 2669 5828 3016 2674 5829 3014 2673 5830 3012 2675 5831 3017 2672 5832 3015 2676 5833 3010 2671 5834 3018 2677 5835 3017 2672 5836 3013 2670 5837 3019 2678 5838 3018 2677 5839 3013 2670 5840 3014 2673 5841 3019 2678 5842 3013 2670 5843 3018 2677 5844 3022 2679 5845 3017 2672 5846 3020 2680 5847 3014 2673 5848 3016 2674 5849 3025 2681 5850 3021 2682 5851 3022 2679 5852 3026 2683 5853 3023 2684 5854 3019 2678 5855 3024 2685 5856 3026 2683 5857 3019 2678 5858 3028 2686 5859 3026 2683 5860 3024 2685 5861 3030 2687 5862 3033 2688 5863 3032 2689 5864 3033 2688 5865 3036 2690 5866 3032 2689 5867 3034 2691 5868 3035 2692 5869 3030 2687 5870 3037 2693 5871 3034 2691 5872 3032 2689 5873 3036 2690 5874 3037 2693 5875 3032 2689 5876 3037 2693 5877 3038 2694 5878 3034 2691 5879 3039 2695 5880 3033 2688 5881 3035 2692 5882 3039 2695 5883 3035 2692 5884 3034 2691 5885 3038 2694 5886 3039 2695 5887 3034 2691 5888 3040 2696 5889 3042 2697 5890 3033 2688 5891 3039 2695 5892 3040 2696 5893 3033 2688 5894 3042 2697 5895 3041 2698 5896 3038 2694 5897 3046 2699 5898 3047 2700 5899 3044 2701 5900 3051 2702 5901 3048 2703 5902 3045 2704 5903 3046 2699 5904 3052 2705 5905 3047 2700 5906 3050 2706 5907 3053 2707 5908 3049 2708 5909 3056 2709 5910 3051 2702 5911 3053 2707 5912 3055 2710 5913 3057 2711 5914 3052 2705 5915 3054 2712 5916 3058 2713 5917 3053 2707 5918 3062 2714 5919 3064 2715 5920 3060 2716 5921 3064 2715 5922 3067 2717 5923 3063 2718 5924 3066 2719 5925 3065 2720 5926 3062 2714 5927 3067 2717 5928 3066 2719 5929 3063 2718 5930 3069 2721 5931 3071 2722 5932 3068 2723 5933 3071 2722 5934 3074 2724 5935 3068 2723 5936 3072 2725 5937 3071 2722 5938 3069 2721 5939 3073 2726 5940 3072 2725 5941 3070 2727 5942 3074 2724 5943 3073 2726 5944 3068 2723 5945 3075 2728 5946 3077 2729 5947 3071 2722 5948 3079 2730 5949 3081 2731 5950 3078 2732 5951 3081 2731 5952 3086 2733 5953 3078 2732 5954 3082 2734 5955 3084 2735 5956 3079 2730 5957 3085 2736 5958 3082 2734 5959 3080 2737 5960 3086 2733 5961 3083 2738 5962 3078 2732 5963 3083 2738 5964 3088 2739 5965 3085 2736 5966 3087 2740 5967 3089 2741 5968 3081 2731 5969 3087 2740 5970 3081 2731 5971 3084 2735 5972 3090 2742 5973 3093 2743 5974 3092 2744 5975 3093 2743 5976 3097 2745 5977 3092 2744 5978 3094 2746 5979 3095 2747 5980 3090 2742 5981 3096 2748 5982 3094 2746 5983 3091 2749 5984 3097 2745 5985 3099 2750 5986 3092 2744 5987 3098 2751 5988 3093 2743 5989 3095 2747 5990 3101 2752 5991 3100 2753 5992 3093 2743 5993 3098 2751 5994 3101 2752 5995 3093 2743 5996 3099 2750 5997 3098 2751 5998 3094 2746 5999 3100 2753 6000 3103 2754 6001 3099 2750 6002 3102 2755 6003 3101 2752 6004 3098 2751 6005 3103 2754 6006 3102 2755 6007 3099 2750 6008 3107 2756 6009 3106 2757 6010 3104 2758 6011 3106 2757 6012 3108 2759 6013 3105 2760 6014 3109 2761 6015 3107 2756 6016 3104 2758 6017 3105 2760 6018 3109 2761 6019 3104 2758 6020 3108 2759 6021 3109 2761 6022 3105 2760 6023 3111 2762 6024 3109 2761 6025 3108 2759 6026 3110 2763 6027 3111 2762 6028 3108 2759 6029 3109 2761 6030 3112 2764 6031 3107 2756 6032 3111 2762 6033 3112 2764 6034 3109 2761 6035 3113 2765 6036 3111 2762 6037 3110 2763 6038 3114 2766 6039 3113 2765 6040 3112 2764 6041 3111 2762 6042 3115 2767 6043 3112 2764 6044 3116 2768 6045 3111 2762 6046 3113 2765 6047 3118 2769 6048 3121 2770 6049 3115 2767 6050 3119 2771 6051 3117 2772 6052 3116 2768 6053 3122 2773 6054 3120 2774 6055 3121 2770 6056 3123 2775 6057 3122 2773 6058 3118 2769 6059 3124 2776 6060 3117 2772 6061 3119 2771 6062 3122 2773 6063 3125 2777 6064 3120 2774 6065 3126 2778 6066 3125 2777 6067 3123 2775 6068 3124 2776 6069 3127 2779 6070 3123 2775 6071 3128 2780 6072 3124 2776 6073 3125 2777 6074 3130 2781 6075 3134 2782 6076 3129 2783 6077 3132 2784 6078 3134 2782 6079 3130 2781 6080 3134 2782 6081 3133 2785 6082 3129 2783 6083 3136 2786 6084 3138 2787 6085 3135 2788 6086 3138 2787 6087 3140 2789 6088 3135 2788 6089 3139 2790 6090 3141 2791 6091 3136 2786 6092 3142 2792 6093 3139 2790 6094 3137 2793 6095 3140 2789 6096 3143 2794 6097 3135 2788 6098 3144 2795 6099 3143 2794 6100 3140 2789 6101 3138 2787 6102 3144 2795 6103 3140 2789 6104 3145 2796 6105 3139 2790 6106 3142 2792 6107 3147 2797 6108 3141 2791 6109 3139 2790 6110 3148 2798 6111 3145 2796 6112 3143 2794 6113 3149 2799 6114 3146 2800 6115 3141 2791 6116 3147 2797 6117 3149 2799 6118 3141 2791 6119 3148 2798 6120 3149 2799 6121 3145 2796 6122 3152 2801 6123 3154 2802 6124 3151 2803 6125 3153 2804 6126 3155 2805 6127 3152 2801 6128 3156 2806 6129 3153 2804 6130 3151 2803 6131 3159 2807 6132 3160 2808 6133 3158 2809 6134 3162 2810 6135 3157 2811 6136 3158 2809 6137 3160 2808 6138 3162 2810 6139 3158 2809 6140 3161 2812 6141 3160 2808 6142 3159 2807 6143 3162 2810 6144 3163 2813 6145 3157 2811 6146 3164 2814 6147 3161 2812 6148 3157 2811 6149 3165 2815 6150 3162 2810 6151 3160 2808 6152 3161 2812 6153 3166 2816 6154 3160 2808 6155 3164 2814 6156 3166 2816 6157 3161 2812 6158 3167 2817 6159 3164 2814 6160 3163 2813 6161 3168 2818 6162 3171 2819 6163 3167 2817 6164 3172 2820 6165 3170 2821 6166 3169 2822 6167 3178 2823 6168 3176 2824 6169 3172 2820 6170 3179 2825 6171 3175 2826 6172 3173 2827 6173 3180 2828 6174 3174 2829 6175 3175 2826 6176 3180 2828 6177 3181 2830 6178 3174 2829 6179 3183 2831 6180 3178 2823 6181 3177 2832 6182 3184 2833 6183 3180 2828 6184 3179 2825 6185 3185 2834 6186 3182 2835 6187 3178 2823 6188 3183 2831 6189 3185 2834 6190 3178 2823 6191 3181 2830 6192 3186 2836 6193 3183 2831 6194 3185 2834 6195 3184 2833 6196 3182 2835 6197 3186 2836 6198 3185 2834 6199 3183 2831 6200 3189 2837 6201 3190 2838 6202 3188 2839 6203 3192 2840 6204 3191 2841 6205 3187 2842 6206 3189 2837 6207 3194 2843 6208 3190 2838 6209 3196 2844 6210 3195 2845 6211 3192 2840 6212 3199 2846 6213 3198 2847 6214 3195 2845 6215 3197 2848 6216 3200 2849 6217 3196 2844 6218 3202 2850 6219 3200 2849 6220 3197 2848 6221 3200 2849 6222 3204 2851 6223 3199 2846 6224 3203 2852 6225 3204 2851 6226 3200 2849 6227 3205 2853 6228 3202 2850 6229 3201 2854 6230 3204 2851 6231 3205 2853 6232 3201 2854 6233 3208 2855 6234 3205 2853 6235 3204 2851 6236 3207 2856 6237 3210 2857 6238 3206 2858 6239 3206 2858 6240 3212 2859 6241 3209 2860 6242 3212 2859 6243 3214 2861 6244 3211 2862 6245 3213 2863 6246 3215 2864 6247 3210 2857 6248 3213 2863 6249 3210 2857 6250 3207 2856 6251 3217 2865 6252 3219 2866 6253 3216 2867 6254 3219 2866 6255 3222 2868 6256 3216 2867 6257 3220 2869 6258 3219 2866 6259 3217 2865 6260 3221 2870 6261 3220 2869 6262 3218 2871 6263 3222 2868 6264 3221 2870 6265 3216 2867 6266 3223 2872 6267 3219 2866 6268 3220 2869 6269 3222 2868 6270 3224 2873 6271 3221 2870 6272 3225 2874 6273 3226 2875 6274 3219 2866 6275 3224 2873 6276 3223 2872 6277 3221 2870 6278 3227 2876 6279 3225 2874 6280 3223 2872 6281 3228 2877 6282 3224 2873 6283 3226 2875 6284 3227 2876 6285 3229 2878 6286 3225 2874 6287 3229 2878 6288 3230 2879 6289 3228 2877 6290 3231 2880 6291 3227 2876 6292 3224 2873 6293 3236 2881 6294 3232 2882 6295 3229 2878 6296 3236 2881 6297 3237 2883 6298 3232 2882 6299 3235 2884 6300 3238 2885 6301 3234 2886 6302 3241 2887 6303 3243 2888 6304 3240 2889 6305 3243 2888 6306 3244 2890 6307 3240 2889 6308 3244 2890 6309 3245 2891 6310 3240 2889 6311 3245 2891 6312 3247 2892 6313 3242 2893 6314 3248 2894 6315 3247 2892 6316 3245 2891 6317 3244 2890 6318 3249 2895 6319 3245 2891 6320 3249 2895 6321 3251 2896 6322 3248 2894 6323 3251 2896 6324 3253 2897 6325 3248 2894 6326 3252 2898 6327 3251 2896 6328 3249 2895 6329 3259 2899 6330 3254 2900 6331 3255 2901 6332 3258 2902 6333 3259 2899 6334 3255 2901 6335 3256 2903 6336 3258 2902 6337 3255 2901 6338 3259 2899 6339 3257 2904 6340 3254 2900 6341 3258 2902 6342 3260 2905 6343 3259 2899 6344 3262 2906 6345 3260 2905 6346 3258 2902 6347 3261 2907 6348 3262 2906 6349 3258 2902 6350 3257 2904 6351 3263 2908 6352 3261 2907 6353 3259 2899 6354 3263 2908 6355 3257 2904 6356 3280 2909 6357 3277 2910 6358 3278 2911 6359 3281 2912 6360 3280 2909 6361 3278 2911 6362 3281 2912 6363 3278 2911 6364 3279 2913 6365 3284 2914 6366 3283 2915 6367 3280 2909 6368 3281 2912 6369 3284 2914 6370 3280 2909 6371 3282 2916 6372 3285 2917 6373 3281 2912 6374 3283 2915 6375 3286 2918 6376 3282 2916 6377 3284 2914 6378 3286 2918 6379 3283 2915 6380 3288 2919 6381 3284 2914 6382 3285 2917 6383 3287 2920 6384 3289 2921 6385 3286 2918 6386 3289 2921 6387 3288 2919 6388 3285 2917 6389 3291 2922 6390 3293 2923 6391 3290 2924 6392 3292 2925 6393 3294 2926 6394 3291 2922 6395 3290 2924 6396 3295 2927 6397 3292 2925 6398 3299 2928 6399 3298 2929 6400 3296 2930 6401 3299 2928 6402 3303 2931 6403 3298 2929 6404 3301 2932 6405 3303 2931 6406 3299 2928 6407 3304 2933 6408 3302 2934 6409 3300 2935 6410 3304 2933 6411 3305 2936 6412 3302 2934 6413 3306 2937 6414 3301 2932 6415 3302 2934 6416 3306 2937 6417 3308 2938 6418 3301 2932 6419 3309 2939 6420 3305 2936 6421 3307 2940 6422 3310 2941 6423 3308 2938 6424 3306 2937 6425 3305 2936 6426 3311 2942 6427 3306 2937 6428 3309 2939 6429 3311 2942 6430 3305 2936 6431 3314 2943 6432 3309 2939 6433 3308 2938 6434 3312 2944 6435 3310 2941 6436 3311 2942 6437 3313 2945 6438 3312 2944 6439 3311 2942 6440 3312 2944 6441 3315 2946 6442 3310 2941 6443 3315 2946 6444 3316 2947 6445 3314 2943 6446 3317 2948 6447 3312 2944 6448 3313 2945 6449 3316 2947 6450 3319 2949 6451 3317 2948 6452 3320 2950 6453 3321 2951 6454 3319 2949 6455 3324 2952 6456 3322 2953 6457 3318 2954 6458 3325 2955 6459 3327 2956 6460 3323 2957 6461 3326 2958 6462 3325 2955 6463 3321 2951 6464 3332 2959 6465 3330 2960 6466 3328 2961 6467 3333 2962 6468 3332 2959 6469 3328 2961 6470 3331 2963 6471 3333 2962 6472 3328 2961 6473 3330 2960 6474 3334 2964 6475 3329 2965 6476 3336 2966 6477 3334 2964 6478 3330 2960 6479 3331 2963 6480 3337 2967 6481 3333 2962 6482 3338 2968 6483 3336 2966 6484 3335 2969 6485 3338 2968 6486 3335 2969 6487 3332 2959 6488 3334 2964 6489 3339 2970 6490 3331 2963 6491 3347 2971 6492 3342 2972 6493 3343 2973 6494 3347 2971 6495 3346 2974 6496 3342 2972 6497 3348 2975 6498 3347 2971 6499 3343 2973 6500 3345 2976 6501 3348 2975 6502 3343 2973 6503 3346 2974 6504 3345 2976 6505 3344 2977 6506 3350 2978 6507 3349 2979 6508 3345 2976 6509 3351 2980 6510 3350 2978 6511 3346 2974 6512 3357 2981 6513 3354 2982 6514 3355 2983 6515 3356 2984 6516 3359 2985 6517 3355 2983 6518 3353 2986 6519 3358 2987 6520 3352 2988 6521 3359 2985 6522 3357 2981 6523 3355 2983 6524 3360 2989 6525 3358 2987 6526 3353 2986 6527 3357 2981 6528 3361 2990 6529 3354 2982 6530 3362 2991 6531 3359 2985 6532 3356 2984 6533 3364 2992 6534 3358 2987 6535 3360 2989 6536 3362 2991 6537 3365 2993 6538 3359 2985 6539 3364 2992 6540 3367 2994 6541 3358 2987 6542 3365 2993 6543 3363 2995 6544 3359 2985 6545 3366 2996 6546 3364 2992 6547 3361 2990 6548 3363 2995 6549 3366 2996 6550 3361 2990 6551 3367 2994 6552 3365 2993 6553 3362 2991 6554 3368 2997 6555 3366 2996 6556 3363 2995 6557 3364 2992 6558 3370 2998 6559 3367 2994 6560 3369 2999 6561 3370 2998 6562 3364 2992 6563 3369 2999 6564 3364 2992 6565 3366 2996 6566 3368 2997 6567 3369 2999 6568 3366 2996 6569 3372 3000 6570 3374 3001 6571 3371 3002 6572 3377 3003 6573 3376 3004 6574 3371 3002 6575 3374 3001 6576 3377 3003 6577 3371 3002 6578 3375 3005 6579 3378 3006 6580 3372 3000 6581 3379 3007 6582 3375 3005 6583 3373 3008 6584 3376 3004 6585 3381 3009 6586 3379 3007 6587 3380 3010 6588 3382 3011 6589 3374 3001 6590 3380 3010 6591 3374 3001 6592 3378 3006 6593 3386 3012 6594 3383 3013 6595 3384 3014 6596 3387 3015 6597 3386 3012 6598 3384 3014 6599 3388 3016 6600 3387 3015 6601 3385 3017 6602 3391 3018 6603 3386 3012 6604 3387 3015 6605 3389 3019 6606 3387 3015 6607 3388 3016 6608 3392 3020 6609 3391 3018 6610 3387 3015 6611 3394 3021 6612 3390 3022 6613 3391 3018 6614 3392 3020 6615 3394 3021 6616 3391 3018 6617 3392 3020 6618 3396 3023 6619 3394 3021 6620 3395 3024 6621 3397 3025 6622 3393 3026 6623 3395 3024 6624 3393 3026 6625 3390 3022 6626 3398 3027 6627 3401 3028 6628 3400 3029 6629 3400 3029 6630 3403 3030 6631 3399 3031 6632 3405 3032 6633 3409 3033 6634 3404 3034 6635 3408 3035 6636 3407 3036 6637 3406 3037 6638 3409 3033 6639 3408 3035 6640 3404 3034 6641 3411 3038 6642 3409 3033 6643 3407 3036 6644 3410 3039 6645 3412 3040 6646 3407 3036 6647 3414 3041 6648 3412 3040 6649 3410 3039 6650 3419 3042 6651 3417 3043 6652 3415 3044 6653 3420 3045 6654 3419 3042 6655 3415 3044 6656 3421 3046 6657 3420 3045 6658 3415 3044 6659 3416 3047 6660 3421 3046 6661 3415 3044 6662 3422 3048 6663 3421 3046 6664 3416 3047 6665 3419 3042 6666 3424 3049 6667 3417 3043 6668 3425 3050 6669 3420 3045 6670 3421 3046 6671 3422 3048 6672 3425 3050 6673 3421 3046 6674 3428 3051 6675 3424 3049 6676 3419 3042 6677 3426 3052 6678 3428 3051 6679 3420 3045 6680 3429 3053 6681 3426 3052 6682 3425 3050 6683 3430 3054 6684 3427 3055 6685 3428 3051 6686 3431 3056 6687 3429 3053 6688 3427 3055 6689 3434 3057 6690 3436 3058 6691 3431 3056 6692 3436 3058 6693 3435 3059 6694 3431 3056 6695 3438 3060 6696 3440 3061 6697 3437 3062 6698 3440 3061 6699 3443 3063 6700 3437 3062 6701 3441 3064 6702 3440 3061 6703 3438 3060 6704 3442 3065 6705 3441 3064 6706 3439 3066 6707 3443 3063 6708 3442 3065 6709 3437 3062 6710 3445 3067 6711 3444 3068 6712 3441 3064 6713 3446 3069 6714 3445 3067 6715 3442 3065 6716 3448 3070 6717 3450 3071 6718 3447 3072 6719 3451 3073 6720 3448 3070 6721 3449 3074 6722 3447 3072 6723 3452 3075 6724 3449 3074 6725 3456 3076 6726 3455 3077 6727 3453 3078 6728 3459 3079 6729 3456 3076 6730 3453 3078 6731 3457 3080 6732 3459 3079 6733 3453 3078 6734 3458 3081 6735 3460 3082 6736 3454 3083 6737 3461 3084 6738 3458 3081 6739 3455 3077 6740 3459 3079 6741 3462 3085 6742 3456 3076 6743 3463 3086 6744 3460 3082 6745 3458 3081 6746 3461 3084 6747 3463 3086 6748 3458 3081 6749 3464 3087 6750 3461 3084 6751 3462 3085 6752 3464 3087 6753 3462 3085 6754 3459 3079 6755 3460 3082 6756 3465 3088 6757 3459 3079 6758 3464 3087 6759 3466 3089 6760 3461 3084 6761 3466 3089 6762 3465 3088 6763 3461 3084 6764 3468 3090 6765 3464 3087 6766 3465 3088 6767 3467 3091 6768 3471 3092 6769 3470 3093 6770 3474 3094 6771 3473 3095 6772 3469 3096 6773 3477 3097 6774 3473 3095 6775 3474 3094 6776 3477 3097 6777 3479 3098 6778 3476 3099 6779 3480 3100 6780 3479 3098 6781 3477 3097 6782 3478 3101 6783 3482 3102 6784 3480 3100 6785 3481 3103 6786 3483 3104 6787 3479 3098 6788 3487 3105 6789 3486 3106 6790 3484 3107 6791 3490 3108 6792 3487 3105 6793 3484 3107 6794 3485 3109 6795 3490 3108 6796 3484 3107 6797 3491 3110 6798 3490 3108 6799 3485 3109 6800 3488 3111 6801 3489 3112 6802 3485 3109 6803 3487 3105 6804 3492 3113 6805 3486 3106 6806 3492 3113 6807 3488 3111 6808 3486 3106 6809 3490 3108 6810 3492 3113 6811 3487 3105 6812 3492 3113 6813 3489 3112 6814 3488 3111 6815 3493 3114 6816 3492 3113 6817 3490 3108 6818 3495 3115 6819 3489 3112 6820 3492 3113 6821 3497 3116 6822 3493 3114 6823 3494 3117 6824 3493 3114 6825 3498 3118 6826 3495 3115 6827 3500 3119 6828 3499 3120 6829 3496 3121 6830 3500 3119 6831 3496 3121 6832 3498 3118 6833 3504 3122 6834 3506 3123 6835 3503 3124 6836 3506 3123 6837 3502 3125 6838 3503 3124 6839 3505 3126 6840 3507 3127 6841 3504 3122 6842 3502 3125 6843 3509 3128 6844 3505 3126 6845 3510 3129 6846 3509 3128 6847 3502 3125 6848 3511 3130 6849 3508 3131 6850 3506 3123 6851 3507 3127 6852 3511 3130 6853 3506 3123 6854 3509 3128 6855 3512 3132 6856 3505 3126 6857 3512 3132 6858 3511 3130 6859 3507 3127 6860 3513 3133 6861 3508 3131 6862 3511 3130 6863 3509 3128 6864 3514 3134 6865 3512 3132 6866 3515 3135 6867 3510 3129 6868 3508 3131 6869 3513 3133 6870 3515 3135 6871 3508 3131 6872 3514 3134 6873 3513 3133 6874 3512 3132 6875 3517 3136 6876 3519 3137 6877 3516 3138 6878 3519 3137 6879 3523 3139 6880 3516 3138 6881 3520 3140 6882 3519 3137 6883 3517 3136 6884 3522 3141 6885 3520 3140 6886 3518 3142 6887 3523 3139 6888 3521 3143 6889 3516 3138 6890 3521 3143 6891 3525 3144 6892 3522 3141 6893 3525 3144 6894 3524 3145 6895 3520 3140 6896 3526 3146 6897 3525 3144 6898 3521 3143 6899 3528 3147 6900 3530 3148 6901 3527 3149 6902 3530 3148 6903 3533 3150 6904 3527 3149 6905 3531 3151 6906 3530 3148 6907 3528 3147 6908 3532 3152 6909 3531 3151 6910 3529 3153 6911 3533 3150 6912 3532 3152 6913 3527 3149 6914 3535 3154 6915 3534 3155 6916 3531 3151 6917 3536 3156 6918 3535 3154 6919 3532 3152 6920 3540 3157 6921 3539 3158 6922 3537 3159 6923 3541 3160 6924 3537 3159 6925 3538 3161 6926 3539 3158 6927 3542 3162 6928 3538 3161 6929 3544 3163 6930 3547 3164 6931 3543 3165 6932 3547 3164 6933 3545 3166 6934 3543 3165 6935 3545 3166 6936 3549 3167 6937 3546 3168 6938 3548 3169 6939 3550 3170 6940 3547 3164 6941 3548 3169 6942 3547 3164 6943 3544 3163 6944 3555 3171 6945 3556 3172 6946 3554 3173 6947 3558 3174 6948 3557 3175 6949 3551 3176 6950 3556 3172 6951 3560 3177 6952 3553 3178 6953 3561 3179 6954 3559 3180 6955 3560 3177 6956 3557 3175 6957 3563 3181 6958 3555 3171 6959 3561 3179 6960 3564 3182 6961 3559 3180 6962 3565 3183 6963 3563 3181 6964 3557 3175 6965 3564 3182 6966 3566 3184 6967 3569 3185 6968 3568 3186 6969 3562 3187 6970 3563 3181 6971 3567 3188 6972 3566 3184 6973 3564 3182 6974 3566 3184 6975 3571 3189 6976 3569 3185 6977 3570 3190 6978 3567 3188 6979 3568 3186 6980 3574 3191 6981 3571 3189 6982 3566 3184 6983 3573 3192 6984 3572 3193 6985 3567 3188 6986 3572 3193 6987 3575 3194 6988 3574 3191 6989 3575 3194 6990 3577 3195 6991 3574 3191 6992 3576 3196 6993 3575 3194 6994 3572 3193 6995 3580 3197 6996 3582 3198 6997 3579 3199 6998 3582 3198 6999 3578 3200 7000 3579 3199 7001 3578 3200 7002 3585 3201 7003 3581 3202 7004 3584 3203 7005 3583 3204 7006 3582 3198 7007 3584 3203 7008 3582 3198 7009 3580 3197 7010 3587 3205 7011 3590 3206 7012 3586 3207 7013 3588 3208 7014 3591 3209 7015 3587 3205 7016 3596 3210 7017 3595 3211 7018 3593 3212 7019 3599 3213 7020 3596 3210 7021 3593 3212 7022 3597 3214 7023 3599 3213 7024 3593 3212 7025 3598 3215 7026 3600 3216 7027 3594 3217 7028 3596 3210 7029 3601 3218 7030 3595 3211 7031 3607 3219 7032 3606 3220 7033 3602 3221 7034 3605 3222 7035 3610 3223 7036 3609 3224 7037 3611 3225 7038 3607 3219 7039 3608 3226 7040 3609 3224 7041 3611 3225 7042 3608 3226 7043 3610 3223 7044 3612 3227 7045 3609 3224 7046 3613 3228 7047 3610 3223 7048 3607 3219 7049 3616 3229 7050 3618 3230 7051 3615 3231 7052 3618 3230 7053 3614 3232 7054 3615 3231 7055 3614 3232 7056 3621 3233 7057 3617 3234 7058 3620 3235 7059 3619 3236 7060 3618 3230 7061 3620 3235 7062 3618 3230 7063 3616 3229 7064 3623 3237 7065 3627 3238 7066 3622 3239 7067 3627 3238 7068 3633 3240 7069 3622 3239 7070 3628 3241 7071 3623 3237 7072 3624 3242 7073 3630 3243 7074 3627 3238 7075 3623 3237 7076 3628 3241 7077 3630 3243 7078 3623 3237 7079 3631 3244 7080 3633 3240 7081 3627 3238 7082 3630 3243 7083 3631 3244 7084 3627 3238 7085 3632 3245 7086 3628 3241 7087 3626 3246 7088 3631 3244 7089 3634 3247 7090 3633 3240 7091 3635 3248 7092 3631 3244 7093 3630 3243 7094 3637 3249 7095 3635 3248 7096 3628 3241 7097 3638 3250 7098 3636 3251 7099 3633 3240 7100 3634 3247 7101 3638 3250 7102 3633 3240 7103 3639 3252 7104 3634 3247 7105 3631 3244 7106 3635 3248 7107 3639 3252 7108 3631 3244 7109 3640 3253 7110 3638 3250 7111 3634 3247 7112 3641 3254 7113 3636 3251 7114 3638 3250 7115 3640 3253 7116 3641 3254 7117 3638 3250 7118 3642 3255 7119 3643 3256 7120 3637 3249 7121 3641 3254 7122 3642 3255 7123 3636 3251 7124 3646 3257 7125 3647 3258 7126 3645 3259 7127 3649 3260 7128 3644 3261 7129 3645 3259 7130 3647 3258 7131 3649 3260 7132 3645 3259 7133 3648 3262 7134 3650 3263 7135 3646 3257 7136 3651 3264 7137 3648 3262 7138 3644 3261 7139 3649 3260 7140 3652 3265 7141 3644 3261 7142 3654 3266 7143 3652 3265 7144 3649 3260 7145 3656 3267 7146 3653 3268 7147 3650 3263 7148 3655 3269 7149 3657 3270 7150 3648 3262 7151 3661 3271 7152 3659 3272 7153 3653 3268 7154 3656 3267 7155 3661 3271 7156 3653 3268 7157 3662 3273 7158 3661 3271 7159 3656 3267 7160 3662 3273 7161 3663 3274 7162 3661 3271 7163 3665 3275 7164 3658 3276 7165 3659 3272 7166 3663 3274 7167 3665 3275 7168 3659 3272 7169 3664 3277 7170 3662 3273 7171 3660 3278 7172 3667 3279 7173 3670 3280 7174 3666 3281 7175 3670 3280 7176 3668 3282 7177 3666 3281 7178 3668 3282 7179 3672 3283 7180 3669 3284 7181 3671 3285 7182 3673 3286 7183 3670 3280 7184 3671 3285 7185 3670 3280 7186 3667 3279 7187 3675 3287 7188 3677 3288 7189 3674 3289 7190 3678 3290 7191 3676 3291 7192 3674 3289 7193 3677 3288 7194 3678 3290 7195 3674 3289 7196 3679 3292 7197 3675 3287 7198 3676 3291 7199 3679 3292 7200 3681 3293 7201 3675 3287 7202 3682 3294 7203 3679 3292 7204 3676 3291 7205 3687 3295 7206 3681 3293 7207 3679 3292 7208 3681 3293 7209 3684 3296 7210 3680 3297 7211 3688 3298 7212 3686 3299 7213 3684 3296 7214 3687 3295 7215 3688 3298 7216 3684 3296 7217 3686 3299 7218 3689 3300 7219 3685 3301 7220 3686 3299 7221 3693 3302 7222 3689 3300 7223 3692 3303 7224 3691 3304 7225 3690 3305 7226 3695 3306 7227 3697 3307 7228 3694 3308 7229 3697 3307 7230 3701 3309 7231 3694 3308 7232 3698 3310 7233 3699 3311 7234 3695 3306 7235 3700 3312 7236 3698 3310 7237 3696 3313 7238 3701 3309 7239 3700 3312 7240 3694 3308 7241 3702 3314 7242 3697 3307 7243 3699 3311 7244 3702 3314 7245 3704 3315 7246 3697 3307 7247 3703 3316 7248 3702 3314 7249 3698 3310 7250 3705 3317 7251 3707 3318 7252 3704 3315 7253 3704 3315 7254 3707 3318 7255 3703 3316 7256 3708 3319 7257 3712 3320 7258 3711 3321 7259 3712 3320 7260 3708 3319 7261 3709 3322 7262 3713 3323 7263 3709 3322 7264 3710 3324 7265 3719 3325 7266 3717 3326 7267 3715 3327 7268 3720 3328 7269 3719 3325 7270 3715 3327 7271 3716 3329 7272 3720 3328 7273 3715 3327 7274 3718 3330 7275 3721 3331 7276 3716 3329 7277 3722 3332 7278 3718 3330 7279 3717 3326 7280 3723 3333 7281 3720 3328 7282 3716 3329 7283 3724 3334 7284 3721 3331 7285 3718 3330 7286 3722 3332 7287 3724 3334 7288 3718 3330 7289 3725 3335 7290 3720 3328 7291 3723 3333 7292 3727 3336 7293 3723 3333 7294 3724 3334 7295 3726 3337 7296 3727 3336 7297 3724 3334 7298 3728 3338 7299 3726 3337 7300 3725 3335 7301 3729 3339 7302 3725 3335 7303 3723 3333 7304 3727 3336 7305 3729 3339 7306 3723 3333 7307 3729 3339 7308 3730 3340 7309 3728 3338 7310 3732 3341 7311 3727 3336 7312 3726 3337 7313 3732 3341 7314 3726 3337 7315 3728 3338 7316 3731 3342 7317 3730 3340 7318 3729 3339 7319 3737 3343 7320 3733 3344 7321 3734 3345 7322 3737 3343 7323 3740 3346 7324 3733 3344 7325 3742 3347 7326 3737 3343 7327 3734 3345 7328 3740 3346 7329 3741 3348 7330 3736 3349 7331 3743 3350 7332 3742 3347 7333 3738 3351 7334 3743 3350 7335 3738 3351 7336 3739 3352 7337 3744 3353 7338 3740 3346 7339 3742 3347 7340 3743 3350 7341 3744 3353 7342 3742 3347 7343 3745 3354 7344 3741 3348 7345 3740 3346 7346 3749 3355 7347 3748 3356 7348 3746 3357 7349 3749 3355 7350 3746 3357 7351 3747 3358 7352 3756 3359 7353 3751 3360 7354 3752 3361 7355 3756 3359 7356 3755 3362 7357 3751 3360 7358 3757 3363 7359 3756 3359 7360 3752 3361 7361 3754 3364 7362 3757 3363 7363 3752 3361 7364 3755 3362 7365 3754 3364 7366 3753 3365 7367 3759 3366 7368 3757 3363 7369 3754 3364 7370 3759 3366 7371 3758 3367 7372 3757 3363 7373 3760 3368 7374 3759 3366 7375 3754 3364 7376 3762 3369 7377 3760 3368 7378 3758 3367 7379 3763 3370 7380 3761 3371 7381 3759 3366 7382 3762 3369 7383 3764 3372 7384 3760 3368 7385 3766 3373 7386 3765 3374 7387 3762 3369 7388 3767 3375 7389 3766 3373 7390 3763 3370 7391 3764 3372 7392 3768 3376 7393 3763 3370 7394 3765 3374 7395 3768 3376 7396 3764 3372 7397 3769 3377 7398 3766 3373 7399 3767 3375 7400 3765 3374 7401 3770 3378 7402 3768 3376 7403 3769 3377 7404 3771 3379 7405 3765 3374 7406 3771 3379 7407 3770 3378 7408 3765 3374 7409 3769 3377 7410 3774 3380 7411 3771 3379 7412 3773 3381 7413 3772 3382 7414 3770 3378 7415 3774 3380 7416 3773 3381 7417 3771 3379 7418 3779 3383 7419 3775 3384 7420 3776 3385 7421 3777 3386 7422 3779 3383 7423 3776 3385 7424 3778 3387 7425 3782 3388 7426 3777 3386 7427 3780 3389 7428 3778 3387 7429 3775 3384 7430 3779 3383 7431 3781 3390 7432 3775 3384 7433 3782 3388 7434 3779 3383 7435 3777 3386 7436 3783 3391 7437 3782 3388 7438 3778 3387 7439 3780 3389 7440 3783 3391 7441 3778 3387 7442 3786 3392 7443 3780 3389 7444 3781 3390 7445 3782 3388 7446 3784 3393 7447 3779 3383 7448 3787 3394 7449 3784 3393 7450 3785 3395 7451 3784 3393 7452 3788 3396 7453 3786 3392 7454 3786 3392 7455 3787 3394 7456 3785 3395 7457 3788 3396 7458 3790 3397 7459 3786 3392 7460 3791 3398 7461 3790 3397 7462 3788 3396 7463 3794 3399 7464 3791 3398 7465 3793 3400 7466 3796 3401 7467 3801 3402 7468 3795 3403 7469 3798 3404 7470 3800 3405 7471 3796 3401 7472 3801 3402 7473 3799 3406 7474 3795 3403 7475 3803 3407 7476 3800 3405 7477 3798 3404 7478 3799 3406 7479 3803 3407 7480 3798 3404 7481 3809 3408 7482 3805 3409 7483 3806 3410 7484 3810 3411 7485 3804 3412 7486 3805 3409 7487 3807 3413 7488 3811 3414 7489 3809 3408 7490 3811 3414 7491 3810 3411 7492 3809 3408 7493 3812 3415 7494 3811 3414 7495 3807 3413 7496 3814 3416 7497 3816 3417 7498 3813 3418 7499 3820 3419 7500 3819 3420 7501 3815 3421 7502 3817 3422 7503 3822 3423 7504 3816 3417 7505 3821 3424 7506 3822 3423 7507 3817 3422 7508 3820 3419 7509 3821 3424 7510 3819 3420 7511 3826 3425 7512 3823 3426 7513 3824 3427 7514 3826 3425 7515 3828 3428 7516 3823 3426 7517 3827 3429 7518 3826 3425 7519 3824 3427 7520 3826 3425 7521 3829 3430 7522 3828 3428 7523 3832 3431 7524 3831 3432 7525 3828 3428 7526 3834 3433 7527 3830 3434 7528 3831 3432 7529 3832 3431 7530 3834 3433 7531 3831 3432 7532 3836 3435 7533 3830 3434 7534 3834 3433 7535 3835 3436 7536 3837 3437 7537 3833 3438 7538 3833 3438 7539 3837 3437 7540 3832 3431 7541 3839 3439 7542 3841 3440 7543 3838 3441 7544 3841 3440 7545 3846 3442 7546 3838 3441 7547 3842 3443 7548 3844 3444 7549 3839 3439 7550 3845 3445 7551 3842 3443 7552 3840 3446 7553 3846 3442 7554 3843 3447 7555 3838 3441 7556 3843 3447 7557 3848 3448 7558 3845 3445 7559 3847 3449 7560 3849 3450 7561 3841 3440 7562 3847 3449 7563 3841 3440 7564 3844 3444 7565 3851 3451 7566 3853 3452 7567 3850 3453 7568 3852 3454 7569 3854 3455 7570 3851 3451 7571 3855 3456 7572 3852 3454 7573 3850 3453 7574 3867 3457 7575 3864 3458 7576 3862 3459 7577 3868 3460 7578 3865 3461 7579 3863 3462 7580 3864 3458 7581 3866 3463 7582 3863 3462 7583 3868 3460 7584 3871 3464 7585 3867 3457 7586 3869 3465 7587 3870 3466 7588 3868 3460 7589 3872 3467 7590 3869 3465 7591 3867 3457 7592 3870 3466 7593 3873 3468 7594 3868 3460 7595 3872 3467 7596 3876 3469 7597 3869 3465 7598 3873 3468 7599 3878 3470 7600 3872 3467 7601 3879 3471 7602 3874 3472 7603 3875 3473 7604 3879 3471 7605 3875 3473 7606 3876 3469 7607 3881 3474 7608 3885 3475 7609 3883 3476 7610 3887 3477 7611 3886 3478 7612 3882 3479 7613 3885 3475 7614 3884 3480 7615 3883 3476 7616 3889 3481 7617 3887 3477 7618 3884 3480 7619 3885 3475 7620 3889 3481 7621 3884 3480 7622 3890 3482 7623 3885 3475 7624 3888 3483 7625 3889 3481 7626 3891 3484 7627 3887 3477 7628 3891 3484 7629 3890 3482 7630 3888 3483 7631 3890 3482 7632 3892 3485 7633 3885 3475 7634 3896 3486 7635 3893 3487 7636 3894 3488 7637 3899 3489 7638 3898 3490 7639 3893 3487 7640 3900 3491 7641 3896 3486 7642 3894 3488 7643 3897 3492 7644 3900 3491 7645 3894 3488 7646 3898 3490 7647 3901 3493 7648 3895 3494 7649 3896 3486 7650 3904 3495 7651 3899 3489 7652 3903 3496 7653 3897 3492 7654 3901 3493 7655 3903 3496 7656 3902 3497 7657 3897 3492 7658 3904 3495 7659 3903 3496 7660 3898 3490 7661 3915 3498 7662 3911 3499 7663 3912 3500 7664 3913 3501 7665 3916 3502 7666 3912 3500 7667 1 7 7668 6 0 7669 0 2 7670 2 5 7671 7 4 7672 1 7 7673 4 3503 7674 8 8 7675 3 3 7676 5 1 7677 8 8 7678 4 3503 7679 6 0 7680 11 10 7681 5 1 7682 3 3 7683 10 9 7684 7 4 7685 6 0 7686 15 3504 7687 11 10 7688 8 8 7689 15 3504 7690 14 3505 7691 8 8 7692 14 3505 7693 10 9 7694 15 3504 7695 16 13 7696 21 15 7697 16 13 7698 12 11 7699 17 3506 7700 12 11 7701 18 3507 7702 17 3506 7703 13 12 7704 19 17 7705 18 3507 7706 14 3505 7707 19 17 7708 10 9 7709 20 18 7710 15 3504 7711 21 15 7712 17 3506 7713 23 22 7714 22 19 7715 17 3506 7716 22 19 7717 16 13 7718 24 16 7719 21 15 7720 25 14 7721 19 17 7722 23 22 7723 18 3507 7724 26 20 7725 30 3508 7726 29 24 7727 16 13 7728 26 20 7729 25 14 7730 24 16 7731 27 21 7732 19 17 7733 23 22 7734 28 28 7735 22 19 7736 27 21 7737 28 28 7738 23 22 7739 26 20 7740 29 24 7741 25 14 7742 32 32 7743 25 14 7744 33 25 7745 28 28 7746 30 3508 7747 22 19 7748 27 21 7749 31 23 7750 28 28 7751 24 16 7752 32 32 7753 31 23 7754 34 3509 7755 30 3508 7756 35 27 7757 29 24 7758 34 3509 7759 33 25 7760 33 25 7761 38 37 7762 40 31 7763 28 28 7764 35 27 7765 30 3508 7766 32 32 7767 37 29 7768 31 23 7769 35 27 7770 38 37 7771 34 3509 7772 39 30 7773 44 36 7774 38 37 7775 37 29 7776 41 33 7777 36 26 7778 48 3510 7779 59 47 7780 53 3511 7781 44 36 7782 47 3512 7783 40 31 7784 41 33 7785 46 3513 7786 45 38 7787 43 35 7788 46 3513 7789 41 33 7790 40 31 7791 47 3512 7792 42 34 7793 51 3514 7794 54 39 7795 50 41 7796 52 43 7797 54 39 7798 51 3514 7799 48 3510 7800 56 3515 7801 55 50 7802 49 3516 7803 57 40 7804 56 3515 7805 53 3511 7806 58 42 7807 52 43 7808 61 52 7809 54 39 7810 62 45 7811 58 42 7812 60 44 7813 54 39 7814 59 47 7815 60 44 7816 58 42 7817 55 50 7818 63 46 7819 59 47 7820 57 40 7821 61 52 7822 56 3515 7823 70 3517 7824 65 49 7825 67 3518 7826 56 3515 7827 64 48 7828 55 50 7829 61 52 7830 64 48 7831 56 3515 7832 55 50 7833 65 49 7834 63 46 7835 60 44 7836 66 3519 7837 62 45 7838 63 46 7839 66 3519 7840 60 44 7841 66 3519 7842 68 51 7843 62 45 7844 64 48 7845 67 3518 7846 65 49 7847 69 3520 7848 63 46 7849 70 3517 7850 70 3517 7851 72 3521 7852 77 58 7853 67 3518 7854 73 3522 7855 72 3521 7856 73 3522 7857 71 53 7858 74 3523 7859 74 3523 7860 68 51 7861 75 55 7862 68 51 7863 76 56 7864 75 55 7865 69 3520 7866 77 58 7867 76 56 7868 77 58 7869 79 63 7870 83 57 7871 77 58 7872 78 54 7873 76 56 7874 72 3521 7875 80 64 7876 79 63 7877 80 64 7878 74 3523 7879 81 60 7880 74 3523 7881 82 61 7882 81 60 7883 87 66 7884 91 70 7885 90 69 7886 78 54 7887 82 61 7888 75 55 7889 81 60 7890 87 66 7891 85 62 7892 83 57 7893 88 67 7894 78 54 7895 86 65 7896 89 68 7897 83 57 7898 86 65 7899 93 3524 7900 92 71 7901 94 3525 7902 89 68 7903 92 71 7904 90 69 7905 93 3524 7906 85 62 7907 88 67 7908 94 3525 7909 91 70 7910 95 76 7911 106 83 7912 100 3526 7913 96 74 7914 101 73 7915 95 76 7916 98 3527 7917 102 77 7918 97 72 7919 99 80 7920 102 77 7921 98 3527 7922 100 3526 7923 105 79 7924 99 80 7925 97 72 7926 104 78 7927 101 73 7928 108 82 7929 102 77 7930 109 88 7931 109 88 7932 105 79 7933 110 84 7934 131 108 7935 139 115 7936 138 107 7937 107 81 7938 112 86 7939 103 75 7940 112 86 7941 113 89 7942 111 85 7943 111 85 7944 113 89 7945 110 84 7946 110 84 7947 114 87 7948 109 88 7949 110 84 7950 115 90 7951 114 87 7952 112 86 7953 117 92 7954 113 89 7955 114 87 7956 118 93 7957 108 82 7958 112 86 7959 119 94 7960 117 92 7961 115 90 7962 120 97 7963 114 87 7964 117 92 7965 120 97 7966 115 90 7967 117 92 7968 121 95 7969 120 97 7970 119 94 7971 123 98 7972 121 95 7973 114 87 7974 124 99 7975 118 93 7976 114 87 7977 125 100 7978 124 99 7979 116 91 7980 126 3528 7981 123 98 7982 124 99 7983 126 3528 7984 116 91 7985 124 99 7986 127 101 7987 126 3528 7988 122 96 7989 128 103 7990 125 100 7991 121 95 7992 128 103 7993 122 96 7994 123 98 7995 129 102 7996 121 95 7997 131 108 7998 136 104 7999 130 106 8000 134 3529 8001 137 109 8002 133 111 8003 135 105 8004 137 109 8005 134 3529 8006 136 104 8007 141 112 8008 135 105 8009 139 115 8010 133 111 8011 140 110 8012 137 109 8013 145 122 8014 144 116 8015 138 107 8016 142 113 8017 136 104 8018 142 113 8019 145 122 8020 141 112 8021 139 115 8022 143 114 8023 138 107 8024 146 117 8025 150 121 8026 149 124 8027 143 114 8028 147 118 8029 138 107 8030 142 113 8031 148 126 8032 145 122 8033 147 118 8034 148 126 8035 142 113 8036 146 117 8037 149 124 8038 143 114 8039 151 119 8040 154 125 8041 147 118 8042 145 122 8043 150 121 8044 144 116 8045 149 124 8046 151 119 8047 143 114 8048 148 126 8049 152 120 8050 145 122 8051 152 120 8052 153 123 8053 150 121 8054 155 3530 8055 149 124 8056 156 127 8057 158 3531 8058 152 120 8059 159 129 8060 153 123 8061 158 3531 8062 156 127 8063 157 128 8064 161 3532 8065 160 3533 8066 157 128 8067 160 3533 8068 159 129 8069 154 125 8070 162 3534 8071 161 3532 8072 156 127 8073 162 3534 8074 155 3530 8075 159 129 8076 164 3535 8077 169 3536 8078 158 3531 8079 163 3537 8080 156 127 8081 161 3532 8082 164 3535 8083 160 3533 8084 161 3532 8085 166 3538 8086 165 3539 8087 166 3538 8088 163 3537 8089 167 3540 8090 163 3537 8091 168 3541 8092 167 3540 8093 168 3541 8094 159 129 8095 169 3536 8096 169 3536 8097 170 3542 8098 175 3543 8099 165 3539 8100 170 3542 8101 164 3535 8102 165 3539 8103 172 3544 8104 171 3545 8105 172 3544 8106 167 3540 8107 173 3546 8108 167 3540 8109 174 3547 8110 173 3546 8111 174 3547 8112 169 3536 8113 175 3543 8114 181 134 8115 170 3542 8116 176 132 8117 176 132 8118 171 3545 8119 177 130 8120 171 3545 8121 178 3548 8122 177 130 8123 172 3544 8124 179 3549 8125 178 3548 8126 174 3547 8127 179 3549 8128 173 3546 8129 175 3543 8130 180 3550 8131 174 3547 8132 178 3548 8133 184 139 8134 183 135 8135 176 132 8136 182 131 8137 181 134 8138 178 3548 8139 183 135 8140 177 130 8141 180 3550 8142 184 139 8143 179 3549 8144 183 135 8145 189 138 8146 188 3551 8147 181 134 8148 185 137 8149 180 3550 8150 177 130 8151 186 136 8152 182 131 8153 183 135 8154 188 3551 8155 186 136 8156 195 144 8157 197 146 8158 201 143 8159 194 3552 8160 196 140 8161 193 142 8162 195 144 8163 196 140 8164 194 3552 8165 191 3553 8166 197 146 8167 190 3554 8168 191 3553 8169 199 3555 8170 198 147 8171 192 3556 8172 200 141 8173 199 3555 8174 203 150 8175 200 141 8176 204 149 8177 199 3555 8178 203 150 8179 198 147 8180 202 145 8181 209 158 8182 207 3557 8183 196 140 8184 204 149 8185 200 141 8186 201 143 8187 205 148 8188 196 140 8189 198 147 8190 206 151 8191 202 145 8192 202 145 8193 207 3557 8194 201 143 8195 201 143 8196 207 3557 8197 205 148 8198 212 154 8199 203 150 8200 213 156 8201 207 3557 8202 209 158 8203 205 148 8204 209 158 8205 210 153 8206 205 148 8207 204 149 8208 211 155 8209 203 150 8210 210 153 8211 211 155 8212 204 149 8213 208 152 8214 214 157 8215 209 158 8216 224 170 8217 218 160 8218 223 3558 8219 208 152 8220 215 159 8221 214 157 8222 212 154 8223 216 163 8224 215 159 8225 213 156 8226 216 163 8227 212 154 8228 215 159 8229 217 161 8230 214 157 8231 214 157 8232 217 161 8233 210 153 8234 216 163 8235 218 160 8236 215 159 8237 210 153 8238 219 169 8239 211 155 8240 217 161 8241 219 169 8242 210 153 8243 211 155 8244 220 162 8245 213 156 8246 220 162 8247 221 164 8248 216 163 8249 211 155 8250 222 165 8251 220 162 8252 219 169 8253 222 165 8254 211 155 8255 224 170 8256 226 3559 8257 229 168 8258 221 164 8259 223 3558 8260 218 160 8261 217 161 8262 224 170 8263 219 169 8264 220 162 8265 225 166 8266 221 164 8267 226 3559 8268 221 164 8269 227 167 8270 234 174 8271 238 179 8272 236 176 8273 222 165 8274 228 172 8275 225 166 8276 219 169 8277 228 172 8278 222 165 8279 229 168 8280 230 171 8281 219 169 8282 233 178 8283 235 181 8284 232 173 8285 233 178 8286 237 177 8287 235 181 8288 235 181 8289 234 174 8290 232 173 8291 234 174 8292 240 180 8293 239 183 8294 244 189 8295 246 186 8296 245 187 8297 238 179 8298 240 180 8299 237 177 8300 241 182 8301 242 184 8302 239 183 8303 238 179 8304 244 189 8305 240 180 8306 242 184 8307 244 189 8308 238 179 8309 240 180 8310 244 189 8311 243 185 8312 244 189 8313 247 188 8314 243 185 8315 264 205 8316 269 211 8317 268 208 8318 243 185 8319 247 188 8320 246 186 8321 249 194 8322 252 195 8323 251 193 8324 253 190 8325 252 195 8326 250 191 8327 251 193 8328 254 197 8329 253 190 8330 252 195 8331 256 198 8332 251 193 8333 251 193 8334 256 198 8335 255 196 8336 255 196 8337 257 200 8338 254 197 8339 256 198 8340 257 200 8341 255 196 8342 254 197 8343 258 201 8344 256 198 8345 257 200 8346 258 201 8347 254 197 8348 257 200 8349 262 203 8350 258 201 8351 261 204 8352 260 202 8353 259 199 8354 258 201 8355 262 203 8356 261 204 8357 263 207 8358 267 210 8359 265 212 8360 266 206 8361 267 210 8362 263 207 8363 271 216 8364 273 213 8365 274 214 8366 264 205 8367 270 209 8368 266 206 8369 266 206 8370 271 216 8371 267 210 8372 270 209 8373 271 216 8374 266 206 8375 267 210 8376 272 217 8377 269 211 8378 267 210 8379 271 216 8380 272 217 8381 269 211 8382 272 217 8383 268 208 8384 271 216 8385 275 215 8386 272 217 8387 278 221 8388 274 214 8389 276 3560 8390 272 217 8391 273 213 8392 268 208 8393 277 218 8394 275 215 8395 278 221 8396 277 218 8397 276 3560 8398 274 214 8399 277 218 8400 281 220 8401 280 222 8402 276 3560 8403 279 219 8404 278 221 8405 277 218 8406 279 219 8407 276 3560 8408 289 230 8409 291 232 8410 292 3561 8411 282 227 8412 286 229 8413 284 223 8414 284 223 8415 286 229 8416 285 224 8417 282 227 8418 287 226 8419 288 228 8420 287 226 8421 289 230 8422 288 228 8423 288 228 8424 290 3562 8425 286 229 8426 290 3562 8427 289 230 8428 292 3561 8429 290 3562 8430 285 224 8431 286 229 8432 292 3561 8433 293 231 8434 290 3562 8435 290 3562 8436 293 231 8437 285 224 8438 294 235 8439 291 232 8440 296 234 8441 293 231 8442 295 233 8443 291 232 8444 306 245 8445 310 3563 8446 309 249 8447 298 3564 8448 297 236 8449 294 235 8450 296 234 8451 298 3564 8452 294 235 8453 293 231 8454 297 236 8455 295 233 8456 299 237 8457 298 3564 8458 296 234 8459 295 233 8460 297 236 8461 299 237 8462 300 239 8463 304 241 8464 302 243 8465 302 243 8466 303 238 8467 301 240 8468 302 243 8469 306 245 8470 303 238 8471 305 242 8472 306 245 8473 302 243 8474 303 238 8475 307 247 8476 304 241 8477 304 241 8478 307 247 8479 305 242 8480 303 238 8481 308 244 8482 307 247 8483 307 247 8484 306 245 8485 305 242 8486 311 246 8487 306 245 8488 309 249 8489 311 246 8490 310 3563 8491 307 247 8492 334 3565 8493 331 266 8494 335 271 8495 310 3563 8496 312 250 8497 309 249 8498 311 246 8499 313 251 8500 310 3563 8501 310 3563 8502 313 251 8503 312 250 8504 316 3566 8505 321 258 8506 315 252 8507 317 256 8508 321 258 8509 316 3566 8510 319 262 8511 322 255 8512 318 257 8513 320 254 8514 323 253 8515 319 262 8516 315 252 8517 324 259 8518 323 253 8519 322 255 8520 325 260 8521 317 256 8522 324 259 8523 327 263 8524 323 253 8525 321 258 8526 328 267 8527 327 263 8528 325 260 8529 328 267 8530 321 258 8531 322 255 8532 329 264 8533 325 260 8534 323 253 8535 330 265 8536 326 261 8537 327 263 8538 332 270 8539 323 253 8540 323 253 8541 332 270 8542 330 265 8543 327 263 8544 333 268 8545 332 270 8546 328 267 8547 333 268 8548 327 263 8549 328 267 8550 334 3565 8551 333 268 8552 329 264 8553 336 269 8554 335 271 8555 376 309 8556 371 302 8557 374 310 8558 339 273 8559 340 277 8560 338 276 8561 343 275 8562 345 279 8563 341 272 8564 342 278 8565 344 283 8566 343 275 8567 342 278 8568 345 279 8569 344 283 8570 344 283 8571 346 280 8572 343 275 8573 343 275 8574 346 280 8575 345 279 8576 345 279 8577 347 281 8578 344 283 8579 346 280 8580 349 284 8581 347 281 8582 352 285 8583 354 289 8584 353 286 8585 350 288 8586 355 292 8587 354 289 8588 353 286 8589 355 292 8590 350 288 8591 356 290 8592 355 292 8593 353 286 8594 355 292 8595 357 293 8596 358 291 8597 356 290 8598 357 293 8599 355 292 8600 358 291 8601 359 294 8602 361 296 8603 360 295 8604 359 294 8605 357 293 8606 361 296 8607 360 295 8608 356 290 8609 360 295 8610 363 298 8611 362 297 8612 361 296 8613 364 3567 8614 363 298 8615 362 297 8616 364 3567 8617 361 296 8618 364 3567 8619 365 300 8620 363 298 8621 362 297 8622 365 300 8623 364 3567 8624 366 299 8625 365 300 8626 362 297 8627 363 298 8628 367 301 8629 366 299 8630 369 307 8631 372 305 8632 368 304 8633 370 303 8634 373 306 8635 369 307 8636 371 302 8637 373 306 8638 370 303 8639 372 305 8640 374 310 8641 371 302 8642 372 305 8643 376 309 8644 375 3568 8645 500 419 8646 507 430 8647 506 429 8648 375 3568 8649 378 311 8650 374 310 8651 376 309 8652 379 312 8653 375 3568 8654 375 3568 8655 379 312 8656 378 311 8657 383 313 8658 382 317 8659 380 314 8660 381 315 8661 385 319 8662 383 313 8663 384 316 8664 385 319 8665 381 315 8666 385 319 8667 388 320 8668 386 318 8669 386 318 8670 387 3569 8671 384 316 8672 384 316 8673 387 3569 8674 388 320 8675 390 323 8676 394 322 8677 389 324 8678 391 325 8679 392 321 8680 390 323 8681 389 324 8682 394 322 8683 393 326 8684 396 334 8685 401 327 8686 395 329 8687 397 332 8688 402 331 8689 396 334 8690 399 3570 8691 403 335 8692 398 330 8693 400 328 8694 403 335 8695 399 3570 8696 401 327 8697 406 337 8698 400 328 8699 398 330 8700 405 336 8701 402 331 8702 403 335 8703 407 339 8704 405 336 8705 406 337 8706 408 338 8707 403 335 8708 410 343 8709 414 345 8710 412 3571 8711 412 3571 8712 414 345 8713 411 341 8714 415 344 8715 416 347 8716 414 345 8717 414 345 8718 418 348 8719 413 342 8720 417 346 8721 416 347 8722 415 344 8723 420 353 8724 422 349 8725 419 351 8726 422 349 8727 424 3572 8728 421 350 8729 421 350 8730 424 3572 8731 423 352 8732 425 354 8733 428 360 8734 427 355 8735 429 357 8736 428 360 8737 425 354 8738 430 356 8739 429 357 8740 426 358 8741 427 355 8742 432 361 8743 431 359 8744 433 362 8745 432 361 8746 428 360 8747 431 359 8748 433 362 8749 429 357 8750 434 363 8751 436 3573 8752 431 359 8753 433 362 8754 435 364 8755 434 363 8756 431 359 8757 436 3573 8758 435 364 8759 434 363 8760 437 366 8761 436 3573 8762 436 3573 8763 437 366 8764 435 364 8765 438 365 8766 437 366 8767 434 363 8768 435 364 8769 439 367 8770 438 365 8771 440 372 8772 443 368 8773 442 370 8774 441 3574 8775 444 371 8776 440 372 8777 442 370 8778 445 369 8779 441 3574 8780 445 369 8781 444 371 8782 441 3574 8783 447 373 8784 450 376 8785 449 374 8786 455 379 8787 457 3575 8788 454 380 8789 456 382 8790 455 379 8791 452 381 8792 454 380 8793 457 3575 8794 456 382 8795 461 385 8796 463 389 8797 460 386 8798 462 387 8799 461 385 8800 458 384 8801 459 388 8802 463 389 8803 462 387 8804 469 395 8805 468 393 8806 465 394 8807 476 404 8808 480 3576 8809 479 402 8810 481 405 8811 480 3576 8812 476 404 8813 477 406 8814 479 402 8815 481 405 8816 486 410 8817 485 408 8818 482 407 8819 483 411 8820 487 412 8821 486 410 8822 485 408 8823 487 412 8824 484 409 8825 488 413 8826 492 417 8827 491 414 8828 493 418 8829 492 417 8830 489 416 8831 490 415 8832 491 414 8833 493 418 8834 494 3577 8835 499 425 8836 498 422 8837 495 420 8838 499 425 8839 494 3577 8840 497 424 8841 500 419 8842 496 421 8843 500 419 8844 502 427 8845 495 420 8846 498 422 8847 504 426 8848 501 423 8849 499 425 8850 505 434 8851 504 426 8852 502 427 8853 505 434 8854 499 425 8855 519 445 8856 512 3578 8857 515 440 8858 505 434 8859 508 431 8860 504 426 8861 508 431 8862 509 432 8863 501 423 8864 505 434 8865 511 3579 8866 508 431 8867 506 429 8868 510 433 8869 502 427 8870 508 431 8871 511 3579 8872 509 432 8873 505 434 8874 512 3578 8875 511 3579 8876 510 433 8877 512 3578 8878 505 434 8879 507 430 8880 513 435 8881 506 429 8882 509 432 8883 514 436 8884 507 430 8885 512 3578 8886 516 441 8887 515 440 8888 516 441 8889 513 435 8890 517 443 8891 511 3579 8892 518 437 8893 509 432 8894 514 436 8895 517 443 8896 513 435 8897 516 441 8898 522 442 8899 521 439 8900 514 436 8901 520 438 8902 517 443 8903 522 442 8904 526 451 8905 525 450 8906 519 445 8907 523 444 8908 518 437 8909 515 440 8910 524 446 8911 523 444 8912 522 442 8913 525 450 8914 521 439 8915 520 438 8916 527 3580 8917 526 451 8918 538 3581 8919 549 3582 8920 548 470 8921 523 444 8922 527 3580 8923 518 437 8924 525 450 8925 528 447 8926 521 439 8927 527 3580 8928 529 449 8929 526 451 8930 523 444 8931 530 448 8932 527 3580 8933 524 446 8934 531 452 8935 530 448 8936 529 449 8937 532 453 8938 525 450 8939 527 3580 8940 534 457 8941 529 449 8942 530 448 8943 534 457 8944 527 3580 8945 529 449 8946 535 456 8947 532 453 8948 530 448 8949 537 455 8950 534 457 8951 531 452 8952 536 3583 8953 537 455 8954 533 454 8955 536 3583 8956 531 452 8957 535 456 8958 536 3583 8959 533 454 8960 534 457 8961 537 455 8962 535 456 8963 540 460 8964 544 459 8965 539 3584 8966 542 3585 8967 545 461 8968 541 458 8969 543 464 8970 545 461 8971 542 3585 8972 538 3581 8973 547 463 8974 543 464 8975 541 458 8976 546 462 8977 544 459 8978 538 3581 8979 548 470 8980 547 463 8981 546 462 8982 552 468 8983 551 465 8984 544 459 8985 549 3582 8986 539 3584 8987 549 3582 8988 550 477 8989 548 470 8990 544 459 8991 550 477 8992 549 3582 8993 546 462 8994 551 465 8995 544 459 8996 552 468 8997 556 471 8998 551 465 8999 547 463 9000 552 468 9001 545 461 9002 548 470 9003 554 467 9004 547 463 9005 544 459 9006 553 466 9007 550 477 9008 550 477 9009 555 469 9010 548 470 9011 555 469 9012 561 476 9013 560 475 9014 555 469 9015 559 474 9016 554 467 9017 553 466 9018 558 473 9019 550 477 9020 567 483 9021 560 475 9022 563 485 9023 556 471 9024 562 478 9025 558 473 9026 560 475 9027 564 3586 9028 563 485 9029 565 479 9030 557 472 9031 566 482 9032 562 478 9033 564 3586 9034 561 476 9035 557 472 9036 567 483 9037 566 482 9038 570 484 9039 564 3586 9040 571 3587 9041 563 485 9042 569 481 9043 567 483 9044 562 478 9045 568 480 9046 564 3586 9047 566 482 9048 568 480 9049 565 479 9050 571 3587 9051 568 480 9052 572 489 9053 575 487 9054 576 492 9055 581 491 9056 568 480 9057 573 486 9058 572 489 9059 569 481 9060 573 486 9061 566 482 9062 573 486 9063 575 487 9064 574 488 9065 571 3587 9066 576 492 9067 570 484 9068 571 3587 9069 578 495 9070 577 496 9071 574 488 9072 578 495 9073 572 489 9074 579 493 9075 575 487 9076 580 3588 9077 594 508 9078 595 507 9079 597 514 9080 575 487 9081 581 491 9082 580 3588 9083 577 496 9084 582 490 9085 576 492 9086 578 495 9087 583 494 9088 577 496 9089 580 3588 9090 584 497 9091 579 493 9092 581 491 9093 584 497 9094 580 3588 9095 579 493 9096 584 497 9097 583 494 9098 585 503 9099 591 504 9100 587 500 9101 586 499 9102 588 501 9103 585 503 9104 585 503 9105 590 502 9106 591 504 9107 589 498 9108 588 501 9109 586 499 9110 591 504 9111 592 505 9112 589 498 9113 593 506 9114 590 502 9115 588 501 9116 589 498 9117 593 506 9118 588 501 9119 592 505 9120 594 508 9121 589 498 9122 593 506 9123 592 505 9124 590 502 9125 589 498 9126 594 508 9127 593 506 9128 602 513 9129 604 521 9130 603 520 9131 597 514 9132 596 509 9133 594 508 9134 601 517 9135 600 512 9136 596 509 9137 597 514 9138 601 517 9139 596 509 9140 599 511 9141 602 513 9142 595 507 9143 597 514 9144 602 513 9145 601 517 9146 601 517 9147 606 515 9148 600 512 9149 598 510 9150 604 521 9151 599 511 9152 604 521 9153 608 522 9154 609 519 9155 603 520 9156 607 518 9157 602 513 9158 598 510 9159 606 515 9160 604 521 9161 607 518 9162 609 519 9163 613 526 9164 605 516 9165 613 526 9166 612 523 9167 613 526 9168 610 3589 9169 614 524 9170 608 522 9171 610 3589 9172 609 519 9173 617 527 9174 613 526 9175 615 525 9176 612 523 9177 611 3590 9178 608 522 9179 616 529 9180 614 524 9181 610 3589 9182 611 3590 9183 616 529 9184 610 3589 9185 612 523 9186 617 527 9187 611 3590 9188 632 541 9189 635 544 9190 634 550 9191 616 529 9192 615 525 9193 614 524 9194 611 3590 9195 617 527 9196 616 529 9197 615 525 9198 618 530 9199 617 527 9200 617 527 9201 620 531 9202 619 528 9203 619 528 9204 624 535 9205 621 532 9206 620 531 9207 622 534 9208 619 528 9209 618 530 9210 623 533 9211 620 531 9212 622 534 9213 624 535 9214 619 528 9215 625 538 9216 630 540 9217 627 543 9218 627 543 9219 629 542 9220 626 536 9221 630 540 9222 632 541 9223 627 543 9224 626 536 9225 633 545 9226 628 537 9227 629 542 9228 633 545 9229 626 536 9230 632 541 9231 634 550 9232 629 542 9233 638 547 9234 642 549 9235 635 544 9236 628 537 9237 636 546 9238 631 539 9239 629 542 9240 637 3591 9241 633 545 9242 634 550 9243 637 3591 9244 629 542 9245 636 546 9246 640 3592 9247 639 548 9248 640 3592 9249 637 3591 9250 641 552 9251 637 3591 9252 642 549 9253 641 552 9254 642 549 9255 643 554 9256 644 551 9257 639 548 9258 641 552 9259 643 554 9260 643 554 9261 648 563 9262 647 556 9263 647 556 9264 646 555 9265 643 554 9266 648 563 9267 644 551 9268 649 559 9269 647 556 9270 654 562 9271 653 560 9272 644 551 9273 646 555 9274 649 559 9275 650 557 9276 652 558 9277 646 555 9278 649 559 9279 651 561 9280 648 563 9281 655 564 9282 657 566 9283 651 561 9284 649 559 9285 655 564 9286 651 561 9287 653 560 9288 656 567 9289 650 557 9290 654 562 9291 656 567 9292 653 560 9293 652 558 9294 658 565 9295 655 564 9296 650 557 9297 656 567 9298 658 565 9299 661 3593 9300 665 571 9301 660 572 9302 661 3593 9303 667 3594 9304 666 3595 9305 667 3594 9306 663 3596 9307 668 3597 9308 668 3597 9309 664 570 9310 669 569 9311 669 569 9312 672 3598 9313 677 577 9314 659 568 9315 670 573 9316 669 569 9317 667 3594 9318 671 3599 9319 666 3595 9320 668 3597 9321 671 3599 9322 667 3594 9323 670 573 9324 673 575 9325 672 3598 9326 673 575 9327 666 3595 9328 674 576 9329 674 576 9330 671 3599 9331 675 3600 9332 671 3599 9333 676 579 9334 675 3600 9335 669 569 9336 676 579 9337 668 3597 9338 674 576 9339 680 3601 9340 679 574 9341 672 3598 9342 678 3602 9343 677 577 9344 673 575 9345 678 3602 9346 672 3598 9347 680 3601 9348 676 579 9349 681 578 9350 685 3603 9351 691 587 9352 684 581 9353 678 3602 9354 684 581 9355 677 577 9356 673 575 9357 682 580 9358 678 3602 9359 680 3601 9360 683 582 9361 679 574 9362 681 578 9363 683 582 9364 680 3601 9365 678 3602 9366 685 3603 9367 684 581 9368 682 580 9369 685 3603 9370 678 3602 9371 679 574 9372 686 583 9373 682 580 9374 681 578 9375 687 585 9376 683 582 9377 684 581 9378 687 585 9379 681 578 9380 685 3603 9381 689 584 9382 688 589 9383 697 593 9384 693 3604 9385 698 3605 9386 683 582 9387 690 586 9388 686 583 9389 686 583 9390 692 588 9391 689 584 9392 687 585 9393 691 587 9394 690 586 9395 689 584 9396 693 3604 9397 688 589 9398 692 588 9399 693 3604 9400 689 584 9401 691 587 9402 695 590 9403 694 591 9404 694 591 9405 696 592 9406 690 586 9407 688 589 9408 697 593 9409 695 590 9410 693 3604 9411 699 3606 9412 698 3605 9413 694 591 9414 701 594 9415 700 595 9416 696 592 9417 699 3606 9418 692 588 9419 702 599 9420 696 592 9421 703 598 9422 699 3606 9423 702 599 9424 698 3605 9425 719 612 9426 725 618 9427 724 619 9428 700 595 9429 703 598 9430 696 592 9431 698 3605 9432 704 596 9433 697 593 9434 702 599 9435 704 596 9436 698 3605 9437 700 595 9438 705 597 9439 703 598 9440 708 601 9441 710 609 9442 707 3607 9443 707 3607 9444 710 609 9445 706 602 9446 710 609 9447 711 604 9448 706 602 9449 708 601 9450 712 600 9451 710 609 9452 712 600 9453 713 607 9454 710 609 9455 709 603 9456 714 605 9457 712 600 9458 714 605 9459 717 610 9460 712 600 9461 710 609 9462 716 608 9463 711 604 9464 716 608 9465 718 611 9466 711 604 9467 714 605 9468 719 612 9469 717 610 9470 719 612 9471 722 615 9472 717 610 9473 713 607 9474 721 614 9475 716 608 9476 719 612 9477 724 619 9478 722 615 9479 723 616 9480 727 623 9481 726 617 9482 723 616 9483 725 618 9484 718 611 9485 746 638 9486 749 642 9487 750 644 9488 720 613 9489 727 623 9490 721 614 9491 720 613 9492 728 620 9493 727 623 9494 722 615 9495 728 620 9496 720 613 9497 725 618 9498 729 621 9499 724 619 9500 727 623 9501 730 622 9502 726 617 9503 724 619 9504 731 3608 9505 728 620 9506 729 621 9507 731 3608 9508 724 619 9509 730 622 9510 729 621 9511 726 617 9512 728 620 9513 731 3608 9514 730 622 9515 732 629 9516 736 628 9517 734 624 9518 733 626 9519 737 627 9520 732 629 9521 737 627 9522 740 631 9523 736 628 9524 738 630 9525 739 633 9526 737 627 9527 735 625 9528 742 635 9529 738 630 9530 735 625 9531 740 631 9532 742 635 9533 738 630 9534 742 635 9535 739 633 9536 741 632 9537 743 634 9538 740 631 9539 739 633 9540 744 637 9541 741 632 9542 741 632 9543 744 637 9544 743 634 9545 744 637 9546 746 638 9547 743 634 9548 744 637 9549 747 639 9550 749 642 9551 745 636 9552 748 640 9553 747 639 9554 750 644 9555 748 640 9556 746 638 9557 754 647 9558 759 650 9559 758 653 9560 748 640 9561 751 641 9562 747 639 9563 751 641 9564 753 645 9565 749 642 9566 751 641 9567 754 647 9568 753 645 9569 752 643 9570 755 646 9571 751 641 9572 753 645 9573 756 648 9574 752 643 9575 757 649 9576 756 648 9577 753 645 9578 754 647 9579 758 653 9580 757 649 9581 759 650 9582 760 651 9583 763 655 9584 758 653 9585 760 651 9586 757 649 9587 758 653 9588 763 655 9589 762 656 9590 762 656 9591 761 652 9592 758 653 9593 762 656 9594 767 661 9595 765 657 9596 761 652 9597 764 654 9598 760 651 9599 764 654 9600 766 658 9601 763 655 9602 784 675 9603 787 677 9604 786 3609 9605 766 658 9606 768 663 9607 762 656 9608 765 657 9609 767 661 9610 764 654 9611 768 663 9612 770 660 9613 767 661 9614 766 658 9615 769 659 9616 768 663 9617 770 660 9618 772 667 9619 769 659 9620 772 667 9621 771 662 9622 769 659 9623 773 664 9624 772 667 9625 770 660 9626 771 662 9627 774 665 9628 773 664 9629 772 667 9630 775 3610 9631 771 662 9632 775 3610 9633 774 665 9634 771 662 9635 772 667 9636 776 666 9637 775 3610 9638 777 670 9639 782 674 9640 779 671 9641 781 672 9642 783 673 9643 778 668 9644 780 669 9645 784 675 9646 777 670 9647 781 672 9648 785 676 9649 783 673 9650 782 674 9651 785 676 9652 781 672 9653 782 674 9654 787 677 9655 785 676 9656 782 674 9657 786 3609 9658 788 678 9659 786 3609 9660 791 680 9661 790 683 9662 792 681 9663 786 3609 9664 790 683 9665 792 681 9666 791 680 9667 789 679 9668 792 681 9669 796 686 9670 791 680 9671 790 683 9672 795 687 9673 792 681 9674 798 685 9675 801 691 9676 800 690 9677 790 683 9678 798 685 9679 795 687 9680 797 688 9681 799 689 9682 796 686 9683 795 687 9684 800 690 9685 797 688 9686 807 700 9687 802 692 9688 806 696 9689 800 690 9690 799 689 9691 797 688 9692 801 691 9693 803 693 9694 802 692 9695 804 694 9696 803 693 9697 799 689 9698 802 692 9699 804 694 9700 800 690 9701 803 693 9702 805 697 9703 802 692 9704 804 694 9705 805 697 9706 803 693 9707 805 697 9708 806 696 9709 802 692 9710 804 694 9711 807 700 9712 805 697 9713 815 3611 9714 817 704 9715 821 710 9716 807 700 9717 809 698 9718 805 697 9719 806 696 9720 810 699 9721 807 700 9722 808 695 9723 810 699 9724 806 696 9725 812 701 9726 819 707 9727 818 706 9728 812 701 9729 818 706 9730 816 702 9731 814 3612 9732 819 707 9733 813 3613 9734 814 3612 9735 821 710 9736 820 708 9737 818 706 9738 823 711 9739 816 702 9740 837 723 9741 843 730 9742 842 729 9743 822 705 9744 824 715 9745 818 706 9746 821 710 9747 825 709 9748 820 708 9749 820 708 9750 826 712 9751 822 705 9752 824 715 9753 829 716 9754 823 711 9755 824 715 9756 831 720 9757 829 716 9758 828 714 9759 831 720 9760 824 715 9761 829 716 9762 832 718 9763 827 713 9764 826 712 9765 833 719 9766 828 714 9767 829 716 9768 834 721 9769 832 718 9770 833 719 9771 835 722 9772 828 714 9773 832 718 9774 836 724 9775 830 717 9776 830 717 9777 836 724 9778 833 719 9779 833 719 9780 838 725 9781 835 722 9782 834 721 9783 839 726 9784 832 718 9785 834 721 9786 841 728 9787 839 726 9788 844 731 9789 852 3614 9790 851 3615 9791 840 727 9792 843 730 9793 838 725 9794 848 733 9795 850 732 9796 847 736 9797 844 731 9798 851 3615 9799 850 732 9800 845 3616 9801 853 3617 9802 852 3614 9803 852 3614 9804 856 739 9805 855 3618 9806 849 734 9807 853 3617 9808 846 735 9809 852 3614 9810 855 3618 9811 851 3615 9812 854 737 9813 859 743 9814 858 742 9815 849 734 9816 856 739 9817 853 3617 9818 851 3615 9819 859 743 9820 850 732 9821 856 739 9822 857 738 9823 855 3618 9824 854 737 9825 858 742 9826 849 734 9827 864 3619 9828 862 740 9829 865 3620 9830 851 3615 9831 860 3621 9832 859 743 9833 855 3618 9834 860 3621 9835 851 3615 9836 855 3618 9837 861 3622 9838 860 3621 9839 857 738 9840 861 3622 9841 855 3618 9842 858 742 9843 862 740 9844 849 734 9845 860 3621 9846 863 741 9847 859 743 9848 857 738 9849 864 3619 9850 861 3622 9851 862 740 9852 866 3623 9853 865 3620 9854 863 741 9855 867 746 9856 872 745 9857 863 741 9858 866 3623 9859 858 742 9860 861 3622 9861 867 746 9862 860 3621 9863 861 3622 9864 869 750 9865 868 747 9866 864 3619 9867 870 3624 9868 869 750 9869 870 3624 9870 866 3623 9871 871 754 9872 866 3623 9873 872 745 9874 871 754 9875 873 744 9876 878 751 9877 877 757 9878 870 3624 9879 874 753 9880 869 750 9881 871 754 9882 874 753 9883 870 3624 9884 874 753 9885 875 749 9886 869 750 9887 872 745 9888 876 748 9889 871 754 9890 873 744 9891 877 757 9892 876 748 9893 879 752 9894 881 756 9895 884 762 9896 876 748 9897 879 752 9898 871 754 9899 877 757 9900 879 752 9901 876 748 9902 878 751 9903 882 758 9904 881 756 9905 879 752 9906 882 758 9907 880 755 9908 899 3625 9909 893 3626 9910 900 775 9911 884 762 9912 883 760 9913 879 752 9914 881 756 9915 885 3627 9916 884 762 9917 886 759 9918 885 3627 9919 881 756 9920 887 761 9921 886 759 9922 882 758 9923 885 3627 9924 888 764 9925 884 762 9926 886 759 9927 888 764 9928 885 3627 9929 887 761 9930 889 765 9931 886 759 9932 889 765 9933 888 764 9934 886 759 9935 891 768 9936 897 769 9937 895 771 9938 892 766 9939 899 3625 9940 896 767 9941 893 3626 9942 901 777 9943 900 775 9944 903 773 9945 901 777 9946 904 776 9947 897 769 9948 901 777 9949 894 770 9950 899 3625 9951 902 774 9952 896 767 9953 900 775 9954 902 774 9955 899 3625 9956 908 783 9957 898 772 9958 905 781 9959 898 772 9960 906 782 9961 905 781 9962 905 781 9963 913 785 9964 908 783 9965 902 774 9966 906 782 9967 896 767 9968 897 769 9969 908 783 9970 904 776 9971 902 774 9972 909 779 9973 906 782 9974 909 779 9975 910 780 9976 906 782 9977 904 776 9978 911 784 9979 907 778 9980 913 785 9981 916 3628 9982 920 3629 9983 910 780 9984 912 3630 9985 905 781 9986 911 784 9987 914 786 9988 907 778 9989 914 786 9990 915 787 9991 909 779 9992 912 3630 9993 917 3631 9994 916 3628 9995 914 786 9996 919 3632 9997 918 788 9998 915 787 9999 917 3631 10000 910 780 10001 919 3632 10002 913 785 10003 920 3629 10004 916 3628 10005 922 794 10006 921 791 10007 916 3628 10008 921 791 10009 920 3629 10010 923 792 10011 918 788 10012 924 3633 10013 915 787 10014 922 794 10015 917 3631 10016 921 791 10017 926 790 10018 920 3629 10019 915 787 10020 923 792 10021 922 794 10022 918 788 10023 925 797 10024 924 3633 10025 919 3632 10026 926 790 10027 925 797 10028 927 789 10029 922 794 10030 928 793 10031 923 792 10032 930 800 10033 929 795 10034 930 800 10035 925 797 10036 931 796 10037 933 799 10038 929 795 10039 934 801 10040 926 790 10041 932 798 10042 931 796 10043 944 809 10044 952 821 10045 951 818 10046 937 805 10047 936 803 10048 933 799 10049 934 801 10050 937 805 10051 933 799 10052 932 798 10053 936 803 10054 935 802 10055 935 802 10056 938 807 10057 934 801 10058 936 803 10059 938 807 10060 935 802 10061 937 805 10062 939 804 10063 936 803 10064 938 807 10065 940 808 10066 934 801 10067 941 806 10068 940 808 10069 938 807 10070 943 811 10071 948 810 10072 942 816 10073 946 814 10074 949 813 10075 945 3634 10076 942 816 10077 950 815 10078 947 812 10079 944 809 10080 951 818 10081 948 810 10082 952 821 10083 956 822 10084 955 820 10085 949 813 10086 952 821 10087 945 3634 10088 950 815 10089 953 817 10090 947 812 10091 948 810 10092 954 819 10093 950 815 10094 957 3635 10095 954 819 10096 958 825 10097 950 815 10098 957 3635 10099 953 817 10100 957 3635 10101 962 830 10102 953 817 10103 951 818 10104 958 825 10105 954 819 10106 951 818 10107 959 823 10108 958 825 10109 956 822 10110 962 830 10111 961 826 10112 958 825 10113 960 832 10114 957 3635 10115 956 822 10116 961 826 10117 955 820 10118 959 823 10119 964 827 10120 963 824 10121 968 3636 10122 964 827 10123 969 3637 10124 958 825 10125 965 828 10126 960 832 10127 960 832 10128 966 829 10129 962 830 10130 963 824 10131 968 3636 10132 965 828 10133 964 827 10134 970 3638 10135 969 3637 10136 976 3639 10137 967 831 10138 971 3640 10139 966 829 10140 970 3638 10141 961 826 10142 967 831 10143 972 3641 10144 971 3640 10145 968 3636 10146 972 3641 10147 965 828 10148 968 3636 10149 974 835 10150 973 3642 10151 974 835 10152 970 3638 10153 975 833 10154 970 3638 10155 976 3639 10156 975 833 10157 981 3643 10158 971 3640 10159 977 3644 10160 972 3641 10161 977 3644 10162 971 3640 10163 972 3641 10164 978 3645 10165 983 3646 10166 973 3642 10167 979 834 10168 978 3645 10169 975 833 10170 981 3643 10171 980 837 10172 975 833 10173 980 837 10174 979 834 10175 980 837 10176 977 3644 10177 983 3646 10178 978 3645 10179 982 836 10180 983 3646 10181 979 834 10182 982 836 10183 978 3645 10184 988 3647 10185 991 3648 10186 990 3649 10187 989 839 10188 991 3648 10189 984 3650 10190 985 840 10191 989 839 10192 984 3650 10193 988 3647 10194 990 3649 10195 987 845 10196 998 3651 10197 989 839 10198 994 847 10199 987 845 10200 993 842 10201 986 841 10202 994 847 10203 992 838 10204 995 843 10205 990 3649 10206 996 844 10207 987 845 10208 990 3649 10209 998 3651 10210 997 3652 10211 998 3651 10212 1001 3653 10213 1003 3654 10214 993 842 10215 999 849 10216 995 843 10217 996 844 10218 999 849 10219 993 842 10220 999 849 10221 1000 846 10222 995 843 10223 1002 850 10224 998 3651 10225 1003 3654 10226 1000 846 10227 1001 3653 10228 994 847 10229 997 3652 10230 1002 850 10231 996 844 10232 999 849 10233 1005 851 10234 1004 848 10235 1005 851 10236 1006 852 10237 1004 848 10238 1011 856 10239 1001 3653 10240 1008 3655 10241 1001 3653 10242 1009 854 10243 1008 3655 10244 1003 3654 10245 1010 855 10246 1002 850 10247 1006 852 10248 1013 859 10249 1012 3656 10250 1006 852 10251 1012 3656 10252 1009 854 10253 1011 856 10254 1015 3657 10255 1019 3658 10256 1010 855 10257 1013 859 10258 1007 853 10259 1010 855 10260 1014 857 10261 1013 859 10262 1008 3655 10263 1016 3659 10264 1015 3657 10265 1012 3656 10266 1016 3659 10267 1009 854 10268 1017 3660 10269 1013 859 10270 1018 858 10271 1019 3658 10272 1020 861 10273 1024 863 10274 1011 856 10275 1019 3658 10276 1014 857 10277 1020 861 10278 1016 3659 10279 1021 3661 10280 1016 3659 10281 1022 865 10282 1021 3661 10283 1022 865 10284 1018 858 10285 1023 860 10286 1014 857 10287 1024 863 10288 1023 860 10289 1036 876 10290 1042 881 10291 1041 880 10292 1021 3661 10293 1025 866 10294 1020 861 10295 1022 865 10296 1025 866 10297 1021 3661 10298 1027 862 10299 1026 864 10300 1023 860 10301 1020 861 10302 1028 867 10303 1027 862 10304 1026 864 10305 1029 868 10306 1022 865 10307 1028 867 10308 1031 871 10309 1027 862 10310 1027 862 10311 1031 871 10312 1026 864 10313 1030 869 10314 1032 870 10315 1028 867 10316 1029 868 10317 1033 872 10318 1030 869 10319 1031 871 10320 1034 873 10321 1026 864 10322 1032 870 10323 1034 873 10324 1031 871 10325 1035 875 10326 1040 879 10327 1039 877 10328 1040 879 10329 1045 889 10330 1044 883 10331 1045 889 10332 1041 880 10333 1046 884 10334 1043 882 10335 1047 886 10336 1048 885 10337 1043 882 10338 1046 884 10339 1042 881 10340 1051 892 10341 1052 890 10342 1049 887 10343 1045 889 10344 1047 886 10345 1044 883 10346 1046 884 10347 1048 885 10348 1045 889 10349 1047 886 10350 1051 892 10351 1049 887 10352 1050 888 10353 1051 892 10354 1047 886 10355 1048 885 10356 1052 890 10357 1050 888 10358 1051 892 10359 1053 891 10360 1054 895 10361 1052 890 10362 1055 894 10363 1050 888 10364 1053 891 10365 1058 896 10366 1054 895 10367 1050 888 10368 1055 894 10369 1053 891 10370 1056 893 10371 1053 891 10372 1055 894 10373 1056 893 10374 1058 896 10375 1059 3662 10376 1056 893 10377 1057 897 10378 1053 891 10379 1062 899 10380 1059 3662 10381 1063 902 10382 1058 896 10383 1061 901 10384 1059 3662 10385 1058 896 10386 1060 898 10387 1061 901 10388 1060 898 10389 1062 899 10390 1061 901 10391 1064 903 10392 1069 3663 10393 1067 3664 10394 1061 901 10395 1063 902 10396 1059 3662 10397 1062 899 10398 1064 903 10399 1066 900 10400 1063 902 10401 1065 904 10402 1064 903 10403 1061 901 10404 1066 900 10405 1065 904 10406 1064 903 10407 1067 3664 10408 1066 900 10409 1067 3664 10410 1068 3665 10411 1066 900 10412 1069 3663 10413 1066 900 10414 1068 3665 10415 1081 911 10416 1080 917 10417 1079 919 10418 1070 912 10419 1077 910 10420 1073 907 10421 1072 906 10422 1076 914 10423 1075 908 10424 1074 905 10425 1076 914 10426 1072 906 10427 1071 909 10428 1078 913 10429 1070 912 10430 1075 908 10431 1078 913 10432 1071 909 10433 1075 908 10434 1080 917 10435 1078 913 10436 1077 910 10437 1085 915 10438 1074 905 10439 1082 916 10440 1083 918 10441 1079 919 10442 1077 910 10443 1081 911 10444 1085 915 10445 1080 917 10446 1082 916 10447 1079 919 10448 1085 915 10449 1083 918 10450 1086 922 10451 1075 908 10452 1085 915 10453 1082 916 10454 1084 920 10455 1091 926 10456 1090 924 10457 1084 920 10458 1087 925 10459 1083 918 10460 1087 925 10461 1089 923 10462 1083 918 10463 1090 924 10464 1095 930 10465 1094 931 10466 1088 921 10467 1092 927 10468 1086 922 10469 1089 923 10470 1096 929 10471 1093 928 10472 1093 928 10473 1095 930 10474 1092 927 10475 1087 925 10476 1094 931 10477 1096 929 10478 1100 932 10479 1104 937 10480 1103 938 10481 1098 3666 10482 1101 935 10483 1097 934 10484 1099 933 10485 1102 936 10486 1098 3666 10487 1098 3666 10488 1102 936 10489 1101 935 10490 1105 939 10491 1106 941 10492 1104 937 10493 1104 937 10494 1106 941 10495 1103 938 10496 1123 952 10497 1117 948 10498 1121 956 10499 1108 940 10500 1107 944 10501 1105 939 10502 1103 938 10503 1109 942 10504 1108 940 10505 1108 940 10506 1110 3667 10507 1107 944 10508 1109 942 10509 1110 3667 10510 1108 940 10511 1110 3667 10512 1112 945 10513 1107 944 10514 1109 942 10515 1116 954 10516 1110 3667 10517 1114 947 10518 1113 946 10519 1111 943 10520 1110 3667 10521 1115 3668 10522 1112 945 10523 1110 3667 10524 1116 954 10525 1115 3668 10526 1109 942 10527 1117 948 10528 1116 954 10529 1115 3668 10530 1118 949 10531 1112 945 10532 1114 947 10533 1119 950 10534 1113 946 10535 1115 3668 10536 1120 953 10537 1118 949 10538 1116 954 10539 1120 953 10540 1115 3668 10541 1117 948 10542 1122 951 10543 1121 956 10544 1137 962 10545 1136 967 10546 1135 968 10547 1119 950 10548 1124 955 10549 1122 951 10550 1118 949 10551 1126 957 10552 1119 950 10553 1123 952 10554 1125 958 10555 1120 953 10556 1124 955 10557 1125 958 10558 1121 956 10559 1119 950 10560 1126 957 10561 1124 955 10562 1120 953 10563 1127 3669 10564 1126 957 10565 1125 958 10566 1127 3669 10567 1120 953 10568 1128 961 10569 1133 963 10570 1130 965 10571 1130 965 10572 1132 964 10573 1129 959 10574 1132 964 10575 1134 966 10576 1129 959 10577 1144 3670 10578 1139 969 10579 1145 975 10580 1137 962 10581 1132 964 10582 1133 963 10583 1139 969 10584 1138 970 10585 1132 964 10586 1135 968 10587 1141 973 10588 1139 969 10589 1138 970 10590 1140 971 10591 1136 967 10592 1140 971 10593 1142 972 10594 1135 968 10595 1138 970 10596 1144 3670 10597 1143 974 10598 1142 972 10599 1151 3671 10600 1141 973 10601 1142 972 10602 1147 978 10603 1146 977 10604 1140 971 10605 1148 981 10606 1147 978 10607 1148 981 10608 1144 3670 10609 1149 979 10610 1144 3670 10611 1150 3672 10612 1149 979 10613 1145 975 10614 1151 3671 10615 1150 3672 10616 1148 981 10617 1155 976 10618 1147 978 10619 1146 977 10620 1154 982 10621 1151 3671 10622 1152 980 10623 1150 3672 10624 1153 985 10625 1150 3672 10626 1154 982 10627 1153 985 10628 1156 983 10629 1160 989 10630 1159 991 10631 1155 976 10632 1157 984 10633 1156 983 10634 1158 3673 10635 1157 984 10636 1152 980 10637 1153 985 10638 1158 3673 10639 1152 980 10640 1159 991 10641 1162 986 10642 1156 983 10643 1160 989 10644 1158 3673 10645 1161 988 10646 1158 3673 10647 1162 986 10648 1161 988 10649 1162 986 10650 1165 990 10651 1164 987 10652 1161 988 10653 1163 992 10654 1160 989 10655 1178 1003 10656 1181 1010 10657 1180 1006 10658 1164 987 10659 1163 992 10660 1161 988 10661 1166 3674 10662 1171 997 10663 1169 999 10664 1167 995 10665 1171 997 10666 1166 3674 10667 1169 999 10668 1172 1004 10669 1168 993 10670 1167 995 10671 1173 996 10672 1171 997 10673 1172 1004 10674 1170 994 10675 1168 993 10676 1169 999 10677 1175 998 10678 1172 1004 10679 1175 998 10680 1177 1002 10681 1172 1004 10682 1170 994 10683 1179 1005 10684 1174 1000 10685 1177 1002 10686 1179 1005 10687 1172 1004 10688 1178 1003 10689 1180 1006 10690 1176 1001 10691 1177 1002 10692 1182 1007 10693 1184 1012 10694 1179 1005 10695 1181 1010 10696 1174 1000 10697 1183 1008 10698 1177 1002 10699 1184 1012 10700 1183 1008 10701 1181 1010 10702 1179 1005 10703 1180 1006 10704 1186 1009 10705 1185 1014 10706 1180 1006 10707 1185 1014 10708 1182 1007 10709 1183 1008 10710 1187 1011 10711 1189 1015 10712 1185 1014 10713 1187 1011 10714 1182 1007 10715 1186 1009 10716 1188 1013 10717 1185 1014 10718 1186 1009 10719 1189 1015 10720 1188 1013 10721 1190 1019 10722 1188 1013 10723 1193 1018 10724 1189 1015 10725 1191 1017 10726 1188 1013 10727 1189 1015 10728 1190 1019 10729 1192 1016 10730 1188 1013 10731 1191 1017 10732 1193 1018 10733 1201 1023 10734 1205 3675 10735 1204 3676 10736 1191 1017 10737 1194 3677 10738 1193 1018 10739 1192 1016 10740 1194 3677 10741 1191 1017 10742 1196 1022 10743 1198 1024 10744 1195 1028 10745 1195 1028 10746 1200 1025 10747 1197 1020 10748 1198 1024 10749 1203 1027 10750 1195 1028 10751 1197 1020 10752 1202 1026 10753 1199 1021 10754 1201 1023 10755 1204 3676 10756 1198 1024 10757 1202 1026 10758 1205 3675 10759 1199 1021 10760 1208 1030 10761 1211 3678 10762 1210 3679 10763 1200 1025 10764 1206 3680 10765 1202 1026 10766 1203 1027 10767 1207 1029 10768 1200 1025 10769 1204 3676 10770 1208 1030 10771 1198 1024 10772 1200 1025 10773 1209 3681 10774 1206 3680 10775 1207 1029 10776 1209 3681 10777 1200 1025 10778 1208 1030 10779 1210 3679 10780 1207 1029 10781 1205 3675 10782 1213 3682 10783 1212 1035 10784 1205 3675 10785 1211 3678 10786 1204 3676 10787 1210 3679 10788 1215 3683 10789 1207 1029 10790 1205 3675 10791 1212 1035 10792 1211 3678 10793 1213 3682 10794 1209 3681 10795 1214 3684 10796 1207 1029 10797 1214 3684 10798 1209 3681 10799 1216 1033 10800 1211 3678 10801 1217 1031 10802 1210 3679 10803 1216 1033 10804 1215 3683 10805 1213 3682 10806 1219 1036 10807 1218 1038 10808 1212 1035 10809 1217 1031 10810 1211 3678 10811 1213 3682 10812 1218 1038 10813 1212 1035 10814 1222 1037 10815 1216 1033 10816 1220 1032 10817 1215 3683 10818 1219 1036 10819 1214 3684 10820 1225 1041 10821 1228 1042 10822 1227 1043 10823 1218 1038 10824 1221 1034 10825 1212 1035 10826 1215 3683 10827 1222 1037 10828 1219 1036 10829 1221 1034 10830 1220 1032 10831 1217 1031 10832 1218 1038 10833 1222 1037 10834 1221 1034 10835 1224 1040 10836 1228 1042 10837 1223 3685 10838 1228 1042 10839 1230 1045 10840 1229 1047 10841 1231 1044 10842 1234 1053 10843 1233 1052 10844 1231 1044 10845 1230 1045 10846 1226 1039 10847 1228 1042 10848 1229 1047 10849 1227 1043 10850 1232 1046 10851 1235 1050 10852 1229 1047 10853 1231 1044 10854 1233 1052 10855 1230 1045 10856 1229 1047 10857 1234 1053 10858 1227 1043 10859 1234 1053 10860 1241 1055 10861 1240 1056 10862 1233 1052 10863 1236 1048 10864 1230 1045 10865 1236 1048 10866 1237 1049 10867 1232 1046 10868 1233 1052 10869 1239 1054 10870 1238 1051 10871 1239 1054 10872 1245 1065 10873 1238 1051 10874 1236 1048 10875 1242 1057 10876 1237 1049 10877 1237 1049 10878 1243 3686 10879 1241 1055 10880 1241 1055 10881 1243 3686 10882 1240 1056 10883 1237 1049 10884 1244 1058 10885 1243 3686 10886 1238 1051 10887 1245 1065 10888 1242 1057 10889 1240 1056 10890 1246 1066 10891 1239 1054 10892 1262 1075 10893 1264 3687 10894 1266 1079 10895 1243 3686 10896 1247 1062 10897 1240 1056 10898 1245 1065 10899 1248 1059 10900 1242 1057 10901 1244 1058 10902 1249 1060 10903 1243 3686 10904 1243 3686 10905 1249 1060 10906 1247 1062 10907 1247 1062 10908 1253 1061 10909 1246 1066 10910 1244 1058 10911 1250 1063 10912 1249 1060 10913 1245 1065 10914 1251 1064 10915 1248 1059 10916 1253 1061 10917 1251 1064 10918 1246 1066 10919 1248 1059 10920 1252 1067 10921 1250 1063 10922 1250 1063 10923 1254 3688 10924 1249 1060 10925 1251 1064 10926 1253 1061 10927 1252 1067 10928 1249 1060 10929 1254 3688 10930 1253 1061 10931 1252 1067 10932 1254 3688 10933 1250 1063 10934 1258 1068 10935 1262 1075 10936 1257 1069 10937 1260 1073 10938 1261 1074 10939 1256 1072 10940 1259 1071 10941 1264 3687 10942 1258 1068 10943 1269 3689 10944 1265 1077 10945 1270 3690 10946 1260 1073 10947 1267 1078 10948 1261 1074 10949 1264 3687 10950 1269 3689 10951 1266 1079 10952 1274 1087 10953 1270 3690 10954 1275 1085 10955 1267 1078 10956 1270 3690 10957 1265 1077 10958 1269 3689 10959 1273 1083 10960 1266 1079 10961 1267 1078 10962 1272 1082 10963 1270 3690 10964 1269 3689 10965 1274 1087 10966 1273 1083 10967 1270 3690 10968 1276 1089 10969 1275 1085 10970 1272 1082 10971 1277 1091 10972 1276 1089 10973 1289 1099 10974 1292 3691 10975 1291 1101 10976 1271 1081 10977 1277 1091 10978 1268 1080 10979 1274 1087 10980 1278 1084 10981 1273 1083 10982 1271 1081 10983 1278 1084 10984 1277 1091 10985 1274 1087 10986 1279 1086 10987 1278 1084 10988 1277 1091 10989 1280 1088 10990 1276 1089 10991 1280 1088 10992 1279 1086 10993 1275 1085 10994 1283 1098 10995 1287 1097 10996 1285 1093 10997 1284 1095 10998 1288 1096 10999 1283 1098 11000 1291 1101 11001 1290 1100 11002 1288 1096 11003 1292 3691 11004 1287 1097 11005 1290 1100 11006 1290 1100 11007 1294 1107 11008 1293 1102 11009 1292 3691 11010 1294 1107 11011 1291 1101 11012 1293 1102 11013 1300 1108 11014 1299 1109 11015 1296 1104 11016 1295 1105 11017 1292 3691 11018 1290 1100 11019 1296 1104 11020 1292 3691 11021 1293 1102 11022 1299 1109 11023 1297 1103 11024 1301 1110 11025 1302 1112 11026 1298 1106 11027 1296 1104 11028 1298 1106 11029 1295 1105 11030 1300 1108 11031 1302 1112 11032 1299 1109 11033 1303 1111 11034 1304 1114 11035 1306 1117 11036 1302 1112 11037 1304 1114 11038 1299 1109 11039 1305 1113 11040 1303 1111 11041 1306 1117 11042 1306 1117 11043 1308 1119 11044 1305 1113 11045 1304 1114 11046 1307 1122 11047 1306 1117 11048 1305 1113 11049 1308 1119 11050 1304 1114 11051 1304 1114 11052 1309 1120 11053 1307 1122 11054 1308 1119 11055 1309 1120 11056 1304 1114 11057 1309 1120 11058 1314 1123 11059 1313 1121 11060 1307 1122 11061 1311 1115 11062 1306 1117 11063 1307 1122 11064 1313 1121 11065 1311 1115 11066 1313 1121 11067 1315 1124 11068 1311 1115 11069 1322 1130 11070 1325 1134 11071 1321 1132 11072 1310 1116 11073 1315 1124 11074 1312 1118 11075 1315 1124 11076 1314 1123 11077 1312 1118 11078 1318 1125 11079 1321 1132 11080 1319 1126 11081 1316 1129 11082 1327 1131 11083 1322 1130 11084 1320 1128 11085 1324 3692 11086 1323 1133 11087 1319 1126 11088 1324 3692 11089 1320 1128 11090 1332 1140 11091 1323 1133 11092 1329 1141 11093 1322 1130 11094 1327 1131 11095 1326 1137 11096 1319 1126 11097 1328 1135 11098 1324 3692 11099 1329 1141 11100 1324 3692 11101 1330 1143 11102 1331 1136 11103 1327 1131 11104 1332 1140 11105 1328 1135 11106 1330 1143 11107 1324 3692 11108 1329 1141 11109 1335 1142 11110 1334 1139 11111 1328 1135 11112 1333 1138 11113 1330 1143 11114 1331 1136 11115 1333 1138 11116 1325 1134 11117 1331 1136 11118 1336 1144 11119 1333 1138 11120 1332 1140 11121 1336 1144 11122 1331 1136 11123 1338 1149 11124 1335 1142 11125 1339 1153 11126 1333 1138 11127 1336 1144 11128 1335 1142 11129 1334 1139 11130 1338 1149 11131 1341 1151 11132 1337 1145 11133 1339 1153 11134 1335 1142 11135 1340 1146 11136 1334 1139 11137 1341 1151 11138 1340 1146 11139 1342 1148 11140 1337 1145 11141 1338 1149 11142 1346 1152 11143 1345 1150 11144 1340 1146 11145 1344 3693 11146 1343 1147 11147 1341 1151 11148 1344 3693 11149 1340 1146 11150 1356 1159 11151 1358 1165 11152 1357 1167 11153 1343 1147 11154 1346 1152 11155 1342 1148 11156 1341 1151 11157 1345 1150 11158 1344 3693 11159 1343 1147 11160 1347 3694 11161 1346 1152 11162 1344 3693 11163 1347 3694 11164 1343 1147 11165 1345 1150 11166 1347 3694 11167 1344 3693 11168 1348 1155 11169 1353 1157 11170 1350 3695 11171 1350 3695 11172 1352 1158 11173 1349 1156 11174 1350 3695 11175 1353 1157 11176 1352 1158 11177 1354 1160 11178 1356 1159 11179 1351 1154 11180 1352 1158 11181 1355 1161 11182 1354 1160 11183 1356 1159 11184 1355 1161 11185 1353 1157 11186 1356 1159 11187 1357 1167 11188 1360 1162 11189 1355 1161 11190 1358 1165 11191 1354 1160 11192 1390 1198 11193 1385 1188 11194 1391 1196 11195 1362 1173 11196 1364 1172 11197 1360 1162 11198 1357 1167 11199 1362 1173 11200 1360 1162 11201 1360 1162 11202 1364 1172 11203 1359 1163 11204 1357 1167 11205 1365 1168 11206 1362 1173 11207 1364 1172 11208 1366 1169 11209 1359 1163 11210 1365 1168 11211 1370 1171 11212 1362 1173 11213 1363 1166 11214 1368 1174 11215 1365 1168 11216 1363 1166 11217 1369 1178 11218 1368 1174 11219 1367 1170 11220 1369 1178 11221 1363 1166 11222 1368 1174 11223 1371 1177 11224 1370 1171 11225 1371 1177 11226 1373 1175 11227 1370 1171 11228 1367 1170 11229 1372 1183 11230 1369 1178 11231 1366 1169 11232 1372 1183 11233 1367 1170 11234 1366 1169 11235 1374 1180 11236 1372 1183 11237 1373 1175 11238 1374 1180 11239 1366 1169 11240 1372 1183 11241 1375 1176 11242 1369 1178 11243 1371 1177 11244 1378 1179 11245 1373 1175 11246 1375 1176 11247 1376 1181 11248 1371 1177 11249 1372 1183 11250 1377 1182 11251 1375 1176 11252 1374 1180 11253 1378 1179 11254 1372 1183 11255 1383 3696 11256 1385 1188 11257 1382 1190 11258 1384 1193 11259 1385 1188 11260 1383 3696 11261 1382 1190 11262 1387 1189 11263 1381 1187 11264 1387 1189 11265 1388 1191 11266 1381 1187 11267 1386 1184 11268 1389 1192 11269 1379 1185 11270 1389 1192 11271 1392 1200 11272 1384 1193 11273 1387 1189 11274 1390 1198 11275 1388 1191 11276 1385 1188 11277 1392 1200 11278 1391 1196 11279 1398 1202 11280 1394 1194 11281 1399 3697 11282 1389 1192 11283 1393 1195 11284 1392 1200 11285 1386 1184 11286 1393 1195 11287 1389 1192 11288 1388 1191 11289 1395 3698 11290 1394 1194 11291 1390 1198 11292 1395 3698 11293 1388 1191 11294 1393 1195 11295 1397 1199 11296 1392 1200 11297 1390 1198 11298 1396 1197 11299 1395 3698 11300 1393 1195 11301 1398 1202 11302 1397 1199 11303 1395 3698 11304 1399 3697 11305 1394 1194 11306 1400 3699 11307 1406 1210 11308 1405 1207 11309 1396 1197 11310 1400 3699 11311 1395 3698 11312 1399 3697 11313 1402 1206 11314 1398 1202 11315 1400 3699 11316 1402 1206 11317 1399 3697 11318 1397 1199 11319 1403 1203 11320 1401 1201 11321 1402 1206 11322 1404 1204 11323 1398 1202 11324 1400 3699 11325 1405 1207 11326 1402 1206 11327 1406 1210 11328 1401 1201 11329 1407 1208 11330 1410 1211 11331 1412 1213 11332 1415 1215 11333 1403 1203 11334 1407 1208 11335 1401 1201 11336 1404 1204 11337 1410 1211 11338 1403 1203 11339 1406 1210 11340 1409 1209 11341 1405 1207 11342 1407 1208 11343 1410 1211 11344 1409 1209 11345 1408 1205 11346 1411 1212 11347 1404 1204 11348 1409 1209 11349 1411 1212 11350 1408 1205 11351 1409 1209 11352 1414 3700 11353 1413 3701 11354 1416 1217 11355 1420 1220 11356 1419 3702 11357 1415 1215 11358 1414 3700 11359 1410 1211 11360 1411 1212 11361 1416 1217 11362 1412 1213 11363 1413 3701 11364 1416 1217 11365 1411 1212 11366 1416 1217 11367 1417 1214 11368 1412 1213 11369 1417 1214 11370 1422 1222 11371 1415 1215 11372 1419 3702 11373 1418 1216 11374 1416 1217 11375 1420 1220 11376 1414 3700 11377 1421 1221 11378 1421 1221 11379 1415 1215 11380 1422 1222 11381 1432 1229 11382 1428 1228 11383 1433 1239 11384 1417 1214 11385 1423 1218 11386 1422 1222 11387 1419 3702 11388 1424 1223 11389 1418 1216 11390 1420 1220 11391 1424 1223 11392 1419 3702 11393 1422 1222 11394 1425 1219 11395 1421 1221 11396 1425 1219 11397 1424 1223 11398 1420 1220 11399 1427 1224 11400 1431 1230 11401 1429 1225 11402 1442 1240 11403 1444 1246 11404 1440 1237 11405 1428 1228 11406 1434 1231 11407 1433 1239 11408 1430 1227 11409 1435 1233 11410 1434 1231 11411 1429 1225 11412 1435 1233 11413 1430 1227 11414 1432 1229 11415 1437 1235 11416 1431 1230 11417 1434 1231 11418 1438 1234 11419 1433 1239 11420 1433 1239 11421 1439 1236 11422 1432 1229 11423 1435 1233 11424 1440 1237 11425 1438 1234 11426 1438 1234 11427 1443 1241 11428 1441 1238 11429 1440 1237 11430 1444 1246 11431 1443 1241 11432 1442 1240 11433 1441 1238 11434 1446 1242 11435 1445 1244 11436 1451 1248 11437 1450 1252 11438 1444 1246 11439 1447 1245 11440 1443 1241 11441 1447 1245 11442 1449 1247 11443 1443 1241 11444 1445 1244 11445 1450 1252 11446 1447 1245 11447 1480 1277 11448 1478 1275 11449 1481 1281 11450 1449 1247 11451 1451 1248 11452 1446 1242 11453 1450 1252 11454 1452 1249 11455 1447 1245 11456 1449 1247 11457 1454 1250 11458 1451 1248 11459 1454 1250 11460 1456 1254 11461 1451 1248 11462 1452 1249 11463 1457 3703 11464 1454 1250 11465 1453 1251 11466 1456 1254 11467 1455 1253 11468 1454 1250 11469 1457 3703 11470 1456 1254 11471 1455 1253 11472 1457 3703 11473 1452 1249 11474 1458 1256 11475 1464 1261 11476 1461 1259 11477 1463 1260 11478 1465 1262 11479 1460 1258 11480 1462 1255 11481 1467 1265 11482 1464 1261 11483 1465 1262 11484 1467 1265 11485 1462 1255 11486 1466 1263 11487 1465 1262 11488 1463 1260 11489 1461 1259 11490 1469 1264 11491 1466 1263 11492 1464 1261 11493 1468 1266 11494 1469 1264 11495 1470 1267 11496 1471 1268 11497 1465 1262 11498 1468 1266 11499 1472 1270 11500 1469 1264 11501 1469 1264 11502 1472 1270 11503 1470 1267 11504 1471 1268 11505 1473 1269 11506 1467 1265 11507 1472 1270 11508 1477 1271 11509 1470 1267 11510 1477 1271 11511 1474 1273 11512 1471 1268 11513 1473 1269 11514 1476 1274 11515 1475 1272 11516 1476 1274 11517 1478 1275 11518 1475 1272 11519 1480 1277 11520 1486 1280 11521 1485 1282 11522 1478 1275 11523 1479 1276 11524 1481 1281 11525 1479 1276 11526 1483 1279 11527 1486 1280 11528 1480 1277 11529 1484 3704 11530 1482 1278 11531 1485 1282 11532 1484 3704 11533 1480 1277 11534 1503 1299 11535 1506 1308 11536 1505 1306 11537 1482 1278 11538 1484 3704 11539 1483 1279 11540 1487 1285 11541 1493 1289 11542 1492 1288 11543 1491 1286 11544 1494 1290 11545 1488 1283 11546 1490 1284 11547 1495 1291 11548 1493 1289 11549 1497 1297 11550 1496 1292 11551 1491 1286 11552 1492 1288 11553 1497 1297 11554 1491 1286 11555 1495 1291 11556 1498 1294 11557 1493 1289 11558 1494 1290 11559 1498 1294 11560 1495 1291 11561 1492 1288 11562 1499 1293 11563 1497 1297 11564 1497 1297 11565 1501 1296 11566 1496 1292 11567 1500 1295 11568 1502 1298 11569 1493 1289 11570 1502 1298 11571 1504 1303 11572 1499 1293 11573 1499 1293 11574 1504 1303 11575 1501 1296 11576 1511 1305 11577 1506 1308 11578 1512 1307 11579 1504 1303 11580 1506 1308 11581 1501 1296 11582 1503 1299 11583 1507 1301 11584 1500 1295 11585 1505 1306 11586 1507 1301 11587 1503 1299 11588 1508 1300 11589 1509 1302 11590 1502 1298 11591 1505 1306 11592 1510 1304 11593 1507 1301 11594 1504 1303 11595 1509 1302 11596 1506 1308 11597 1515 1310 11598 1511 1305 11599 1517 1313 11600 1510 1304 11601 1513 1309 11602 1508 1300 11603 1513 1309 11604 1514 1312 11605 1509 1302 11606 1509 1302 11607 1514 1312 11608 1512 1307 11609 1513 1309 11610 1515 1310 11611 1514 1312 11612 1521 1315 11613 1524 1319 11614 1523 1317 11615 1516 1311 11616 1517 1313 11617 1512 1307 11618 1520 1318 11619 1522 1321 11620 1519 1314 11621 1522 1321 11622 1521 1315 11623 1519 1314 11624 1520 1318 11625 1524 1319 11626 1522 1321 11627 1526 1320 11628 1529 1322 11629 1521 1315 11630 1522 1321 11631 1526 1320 11632 1521 1315 11633 1525 1323 11634 1527 1325 11635 1524 1319 11636 1528 3705 11637 1524 1319 11638 1527 1325 11639 1529 1322 11640 1531 1329 11641 1530 1326 11642 1525 1323 11643 1529 1322 11644 1532 1324 11645 1527 1325 11646 1531 1329 11647 1528 3705 11648 1547 1342 11649 1548 3706 11650 1551 1343 11651 1529 1322 11652 1533 1327 11653 1532 1324 11654 1532 1324 11655 1535 1330 11656 1536 1331 11657 1534 1328 11658 1533 1327 11659 1530 1326 11660 1535 1330 11661 1539 1334 11662 1536 1331 11663 1537 1333 11664 1538 1332 11665 1533 1327 11666 1536 1331 11667 1539 1334 11668 1537 1333 11669 1538 1332 11670 1541 1339 11671 1539 1334 11672 1538 1332 11673 1544 1338 11674 1541 1339 11675 1540 1335 11676 1542 1337 11677 1538 1332 11678 1541 1339 11679 1543 1336 11680 1539 1334 11681 1538 1332 11682 1542 1337 11683 1544 1338 11684 1545 1340 11685 1547 1342 11686 1544 1338 11687 1546 1341 11688 1545 1340 11689 1542 1337 11690 1544 1338 11691 1547 1342 11692 1543 1336 11693 1545 1340 11694 1550 1348 11695 1549 1347 11696 1545 1340 11697 1549 1347 11698 1548 3706 11699 1547 1342 11700 1550 1348 11701 1546 1341 11702 1557 3707 11703 1563 1360 11704 1562 1353 11705 1551 1343 11706 1552 1345 11707 1547 1342 11708 1548 3706 11709 1553 1344 11710 1551 1343 11711 1549 1347 11712 1554 1346 11713 1548 3706 11714 1553 1344 11715 1555 1349 11716 1552 1345 11717 1548 3706 11718 1556 3708 11719 1553 1344 11720 1554 1346 11721 1556 3708 11722 1548 3706 11723 1553 1344 11724 1556 3708 11725 1555 1349 11726 1557 3707 11727 1562 1353 11728 1560 1350 11729 1559 1352 11730 1563 1360 11731 1558 3709 11732 1568 1358 11733 1563 1360 11734 1569 1359 11735 1561 1351 11736 1564 1356 11737 1559 1352 11738 1560 1350 11739 1565 1357 11740 1561 1351 11741 1560 1350 11742 1566 1354 11743 1565 1357 11744 1571 1362 11745 1567 1355 11746 1572 1363 11747 1566 1354 11748 1570 1361 11749 1565 1357 11750 1576 1371 11751 1568 1358 11752 1573 1366 11753 1570 1361 11754 1576 1371 11755 1575 1368 11756 1569 1359 11757 1573 1366 11758 1568 1358 11759 1572 1363 11760 1574 1364 11761 1571 1362 11762 1570 1361 11763 1575 1368 11764 1572 1363 11765 1577 1365 11766 1580 1369 11767 1579 3710 11768 1574 1364 11769 1573 1366 11770 1569 1359 11771 1573 1366 11772 1577 1365 11773 1576 1371 11774 1576 1371 11775 1578 1367 11776 1575 1368 11777 1577 1365 11778 1579 3710 11779 1576 1371 11780 1585 1373 11781 1590 1381 11782 1587 1378 11783 1578 1367 11784 1580 1369 11785 1572 1363 11786 1576 1371 11787 1579 3710 11788 1581 1370 11789 1584 1377 11790 1586 1376 11791 1583 1372 11792 1582 1374 11793 1588 1375 11794 1584 1377 11795 1582 1374 11796 1587 1378 11797 1588 1375 11798 1586 1376 11799 1588 1375 11800 1585 1373 11801 1590 1381 11802 1589 1379 11803 1587 1378 11804 1592 1382 11805 1594 1388 11806 1593 1387 11807 1591 1380 11808 1594 1388 11809 1585 1373 11810 1593 1387 11811 1597 3711 11812 1592 1382 11813 1594 1388 11814 1596 1385 11815 1595 1384 11816 1592 1382 11817 1596 1385 11818 1591 1380 11819 1597 3711 11820 1599 1389 11821 1602 1395 11822 1595 1384 11823 1598 1386 11824 1594 1388 11825 1597 3711 11826 1601 1390 11827 1596 1385 11828 1595 1384 11829 1600 1383 11830 1598 1386 11831 1609 1398 11832 1611 1404 11833 1610 1403 11834 1603 1391 11835 1604 1392 11836 1600 1383 11837 1604 1392 11838 1605 1393 11839 1598 1386 11840 1602 1395 11841 1607 1396 11842 1601 1390 11843 1602 1395 11844 1608 1397 11845 1607 1396 11846 1604 1392 11847 1609 1398 11848 1605 1393 11849 1606 1394 11850 1613 1401 11851 1608 1397 11852 1609 1398 11853 1610 1403 11854 1612 1399 11855 1608 1397 11856 1611 1404 11857 1607 1396 11858 1623 1413 11859 1625 1416 11860 1628 1415 11861 1606 1394 11862 1612 1399 11863 1613 1401 11864 1610 1403 11865 1614 1405 11866 1612 1399 11867 1613 1401 11868 1615 1402 11869 1611 1404 11870 1612 1399 11871 1614 1405 11872 1616 1400 11873 1619 1412 11874 1622 1411 11875 1618 1406 11876 1618 1406 11877 1622 1411 11878 1620 1407 11879 1617 1408 11880 1624 1410 11881 1619 1412 11882 1622 1411 11883 1624 1410 11884 1620 1407 11885 1620 1407 11886 1626 3712 11887 1621 1409 11888 1626 3712 11889 1625 1416 11890 1621 1409 11891 1628 1415 11892 1630 3713 11893 1627 1414 11894 1624 1410 11895 1628 1415 11896 1627 1414 11897 1627 1414 11898 1629 3714 11899 1626 3712 11900 1630 3713 11901 1629 3714 11902 1627 1414 11903 1635 1425 11904 1630 3713 11905 1636 1422 11906 1632 1417 11907 1631 1420 11908 1628 1415 11909 1626 3712 11910 1633 1418 11911 1625 1416 11912 1626 3712 11913 1634 1423 11914 1633 1418 11915 1629 3714 11916 1634 1423 11917 1626 3712 11918 1633 1418 11919 1637 1419 11920 1632 1417 11921 1629 3714 11922 1635 1425 11923 1634 1423 11924 1658 1447 11925 1661 1444 11926 1654 1441 11927 1631 1420 11928 1636 1422 11929 1630 3713 11930 1634 1423 11931 1638 1421 11932 1633 1418 11933 1635 1425 11934 1640 1426 11935 1639 1424 11936 1639 1424 11937 1641 1427 11938 1638 1421 11939 1637 1419 11940 1641 1427 11941 1640 1426 11942 1643 1429 11943 1642 1428 11944 1639 1424 11945 1641 1427 11946 1644 1430 11947 1640 1426 11948 1641 1427 11949 1642 1428 11950 1644 1430 11951 1642 1428 11952 1645 1433 11953 1644 1430 11954 1642 1428 11955 1646 1431 11956 1645 1433 11957 1643 1429 11958 1647 1432 11959 1646 1431 11960 1645 1433 11961 1647 1432 11962 1644 1430 11963 1646 1431 11964 1650 1436 11965 1645 1433 11966 1647 1432 11967 1648 1435 11968 1646 1431 11969 1645 1433 11970 1650 1436 11971 1649 1434 11972 1652 3715 11973 1654 1441 11974 1651 1439 11975 1653 1438 11976 1656 1442 11977 1652 3715 11978 1652 3715 11979 1656 1442 11980 1654 1441 11981 1656 1442 11982 1658 1447 11983 1654 1441 11984 1657 1437 11985 1658 1447 11986 1656 1442 11987 1654 1441 11988 1659 1443 11989 1655 1440 11990 1657 1437 11991 1660 1445 11992 1658 1447 11993 1657 1437 11994 1659 1443 11995 1660 1445 11996 1670 1453 11997 1674 1461 11998 1676 1462 11999 1658 1447 12000 1663 1446 12001 1662 3716 12002 1659 1443 12003 1666 1448 12004 1664 1449 12005 1662 3716 12006 1665 1451 12007 1661 1444 12008 1663 1446 12009 1665 1451 12010 1662 3716 12011 1666 1448 12012 1663 1446 12013 1664 1449 12014 1665 1451 12015 1669 1454 12016 1661 1444 12017 1666 1448 12018 1670 1453 12019 1663 1446 12020 1663 1446 12021 1671 1456 12022 1667 1450 12023 1670 1453 12024 1671 1456 12025 1663 1446 12026 1669 1454 12027 1673 1459 12028 1668 1452 12029 1672 1455 12030 1673 1459 12031 1669 1454 12032 1674 1461 12033 1680 1463 12034 1676 1462 12035 1673 1459 12036 1674 1461 12037 1668 1452 12038 1667 1450 12039 1675 1457 12040 1672 1455 12041 1670 1453 12042 1676 1462 12043 1671 1456 12044 1677 1458 12045 1678 1460 12046 1673 1459 12047 1679 3717 12048 1671 1456 12049 1680 1463 12050 1675 1457 12051 1679 3717 12052 1677 1458 12053 1692 1472 12054 1693 1474 12055 1695 1478 12056 1677 1458 12057 1681 1464 12058 1678 1460 12059 1679 3717 12060 1681 1464 12061 1677 1458 12062 1678 1460 12063 1682 1466 12064 1680 1463 12065 1680 1463 12066 1681 1464 12067 1679 3717 12068 1682 1466 12069 1681 1464 12070 1680 1463 12071 1686 1468 12072 1687 1473 12073 1685 1475 12074 1685 1475 12075 1689 1470 12076 1684 1469 12077 1686 1468 12078 1690 1477 12079 1687 1473 12080 1686 1468 12081 1691 1471 12082 1690 1477 12083 1685 1475 12084 1693 1474 12085 1689 1470 12086 1690 1477 12087 1694 1476 12088 1687 1473 12089 1694 1476 12090 1695 1478 12091 1687 1473 12092 1692 1472 12093 1696 1479 12094 1691 1471 12095 1695 1478 12096 1696 1479 12097 1699 1484 12098 1698 1481 12099 1697 1480 12100 1692 1472 12101 1706 1491 12102 1704 1488 12103 1707 1489 12104 1695 1478 12105 1699 1484 12106 1698 1481 12107 1701 1482 12108 1700 1483 12109 1696 1479 12110 1699 1484 12111 1702 1486 12112 1698 1481 12113 1697 1480 12114 1704 1488 12115 1701 1482 12116 1699 1484 12117 1703 1487 12118 1702 1486 12119 1697 1480 12120 1705 1485 12121 1704 1488 12122 1706 1491 12123 1709 1490 12124 1703 1487 12125 1702 1486 12126 1707 1489 12127 1705 1485 12128 1706 1491 12129 1711 3718 12130 1710 1492 12131 1702 1486 12132 1709 1490 12133 1708 1494 12134 1708 1494 12135 1711 3718 12136 1707 1489 12137 1713 3719 12138 1712 1493 12139 1714 3720 12140 1712 1493 12141 1715 3721 12142 1714 3720 12143 1710 1492 12144 1713 3719 12145 1715 3721 12146 1719 1496 12147 1722 1500 12148 1724 1505 12149 1716 1497 12150 1721 1498 12151 1718 1501 12152 1718 1501 12153 1720 1499 12154 1717 1495 12155 1721 1498 12156 1722 1500 12157 1718 1501 12158 1723 1502 12159 1725 1503 12160 1721 1498 12161 1719 1496 12162 1724 1505 12163 1723 1502 12164 1730 1507 12165 1723 1502 12166 1727 1510 12167 1723 1502 12168 1729 1506 12169 1728 1511 12170 1728 1511 12171 1727 1510 12172 1723 1502 12173 1732 1509 12174 1736 1515 12175 1739 1519 12176 1726 1504 12177 1730 1507 12178 1729 1506 12179 1727 1510 12180 1732 1509 12181 1730 1507 12182 1730 1507 12183 1731 1512 12184 1729 1506 12185 1729 1506 12186 1734 1513 12187 1728 1511 12188 1732 1509 12189 1735 1514 12190 1730 1507 12191 1734 1513 12192 1736 1515 12193 1728 1511 12194 1734 1513 12195 1738 1517 12196 1737 1516 12197 1735 1514 12198 1739 1519 12199 1738 1517 12200 1740 1518 12201 1743 1522 12202 1742 1529 12203 1740 1518 12204 1742 1529 12205 1741 1520 12206 1737 1516 12207 1744 1523 12208 1743 1522 12209 1739 1519 12210 1744 1523 12211 1738 1517 12212 1755 1533 12213 1749 1525 12214 1753 1531 12215 1742 1529 12216 1745 1528 12217 1741 1520 12218 1747 1526 12219 1746 1521 12220 1744 1523 12221 1741 1520 12222 1747 1526 12223 1744 1523 12224 1745 1528 12225 1749 1525 12226 1741 1520 12227 1743 1522 12228 1748 1524 12229 1742 1529 12230 1750 1527 12231 1751 1530 12232 1745 1528 12233 1757 1537 12234 1761 1538 12235 1756 3722 12236 1750 1527 12237 1754 1534 12238 1751 1530 12239 1754 1534 12240 1753 1531 12241 1751 1530 12242 1756 3722 12243 1761 1538 12244 1759 1540 12245 1764 1539 12246 1766 1547 12247 1768 1543 12248 1760 1536 12249 1762 3723 12250 1757 1537 12251 1759 1540 12252 1763 1541 12253 1758 1535 12254 1763 1541 12255 1760 1536 12256 1758 1535 12257 1759 1540 12258 1764 1539 12259 1763 1541 12260 1760 1536 12261 1765 1542 12262 1762 3723 12263 1765 1542 12264 1767 1545 12265 1762 3723 12266 1766 1547 12267 1762 3723 12268 1767 1545 12269 1766 1547 12270 1771 1548 12271 1770 1546 12272 1772 1549 12273 1769 1544 12274 1773 1552 12275 1781 3724 12276 1785 1559 12277 1780 1556 12278 1769 1544 12279 1774 1550 12280 1773 1552 12281 1772 1549 12282 1775 1551 12283 1770 1546 12284 1772 1549 12285 1776 3725 12286 1775 1551 12287 1772 1549 12288 1777 1553 12289 1776 3725 12290 1775 1551 12291 1779 1554 12292 1774 1550 12293 1776 3725 12294 1778 1555 12295 1775 1551 12296 1777 1553 12297 1778 1555 12298 1776 3725 12299 1775 1551 12300 1780 1556 12301 1779 1554 12302 1778 1555 12303 1781 3724 12304 1780 1556 12305 1777 1553 12306 1781 3724 12307 1778 1555 12308 1781 3724 12309 1784 1558 12310 1783 1561 12311 1793 1565 12312 1798 1572 12313 1800 1574 12314 1785 1559 12315 1784 1558 12316 1782 1557 12317 1783 1561 12318 1788 1562 12319 1785 1559 12320 1785 1559 12321 1787 1563 12322 1784 1558 12323 1785 1559 12324 1788 1562 12325 1787 1563 12326 1790 1568 12327 1792 1573 12328 1789 1566 12329 1789 1566 12330 1793 1565 12331 1791 1569 12332 1792 1573 12333 1794 1564 12334 1789 1566 12335 1790 1568 12336 1795 1571 12337 1792 1573 12338 1796 1567 12339 1795 1571 12340 1790 1568 12341 1793 1565 12342 1796 1567 12343 1791 1569 12344 1795 1571 12345 1798 1572 12346 1792 1573 12347 1793 1565 12348 1800 1574 12349 1796 1567 12350 1799 1575 12351 1805 3726 12352 1804 1579 12353 1795 1571 12354 1799 1575 12355 1798 1572 12356 1797 1570 12357 1799 1575 12358 1795 1571 12359 1798 1572 12360 1801 1577 12361 1800 1574 12362 1798 1572 12363 1802 1576 12364 1801 1577 12365 1797 1570 12366 1806 1580 12367 1805 3726 12368 1805 3726 12369 1808 1582 12370 1804 1579 12371 1802 1576 12372 1807 1581 12373 1801 1577 12374 1802 1576 12375 1808 1582 12376 1807 1581 12377 1814 1587 12378 1808 1582 12379 1812 1586 12380 1806 1580 12381 1809 1584 12382 1805 3726 12383 1809 1584 12384 1811 1585 12385 1808 1582 12386 1809 1584 12387 1814 1587 12388 1813 1589 12389 1813 1589 12390 1811 1585 12391 1809 1584 12392 1812 1586 12393 1817 1590 12394 1816 1593 12395 1816 1593 12396 1815 1588 12397 1812 1586 12398 1813 1589 12399 1818 3727 12400 1817 1590 12401 1835 1612 12402 1833 1606 12403 1836 3728 12404 1815 1588 12405 1818 3727 12406 1814 1587 12407 1816 1593 12408 1819 1592 12409 1815 1588 12410 1817 1590 12411 1820 1591 12412 1816 1593 12413 1818 3727 12414 1821 1594 12415 1817 1590 12416 1815 1588 12417 1821 1594 12418 1818 3727 12419 1817 1590 12420 1821 1594 12421 1820 1591 12422 1822 1596 12423 1830 1602 12424 1827 1603 12425 1825 1601 12426 1829 1600 12427 1824 1598 12428 1822 1596 12429 1831 1604 12430 1830 1602 12431 1829 1600 12432 1832 1605 12433 1824 1598 12434 1831 1604 12435 1837 1611 12436 1830 1602 12437 1829 1600 12438 1835 1612 12439 1832 1605 12440 1833 1606 12441 1837 1611 12442 1836 3728 12443 1845 1617 12444 1846 1622 12445 1850 3729 12446 1831 1604 12447 1838 1608 12448 1837 1611 12449 1835 1612 12450 1839 1609 12451 1832 1605 12452 1834 1607 12453 1840 1610 12454 1838 1608 12455 1839 1609 12456 1841 1613 12457 1834 1607 12458 1836 3728 12459 1842 1615 12460 1835 1612 12461 1837 1611 12462 1842 1615 12463 1836 3728 12464 1840 1610 12465 1845 1617 12466 1837 1611 12467 1835 1612 12468 1844 1616 12469 1841 1613 12470 1846 1622 12471 1843 1614 12472 1847 1623 12473 1843 1614 12474 1848 1619 12475 1847 1623 12476 1849 1618 12477 1845 1617 12478 1850 3729 12479 1844 1616 12480 1848 1619 12481 1841 1613 12482 1849 1618 12483 1852 1621 12484 1854 1627 12485 1848 1619 12486 1851 1624 12487 1847 1623 12488 1846 1622 12489 1852 1621 12490 1850 3729 12491 1849 1618 12492 1854 1627 12493 1848 1619 12494 1858 1626 12495 1853 1620 12496 1855 1631 12497 1848 1619 12498 1854 1627 12499 1851 1624 12500 1854 1627 12501 1856 1625 12502 1851 1624 12503 1853 1620 12504 1856 1625 12505 1855 1631 12506 1864 1634 12507 1859 3730 12508 1865 3731 12509 1858 1626 12510 1857 1629 12511 1854 1627 12512 1856 1625 12513 1861 1630 12514 1855 1631 12515 1859 3730 12516 1861 1630 12517 1856 1625 12518 1857 1629 12519 1859 3730 12520 1856 1625 12521 1861 1630 12522 1862 1632 12523 1858 1626 12524 1864 1634 12525 1863 1633 12526 1861 1630 12527 1859 3730 12528 1866 1637 12529 1865 3731 12530 1866 1637 12531 1860 1628 12532 1867 1638 12533 1874 1641 12534 1882 1654 12535 1881 3732 12536 1862 1632 12537 1867 1638 12538 1860 1628 12539 1863 1633 12540 1870 1635 12541 1862 1632 12542 1865 3731 12543 1868 1639 12544 1864 1634 12545 1866 1637 12546 1868 1639 12547 1865 3731 12548 1862 1632 12549 1869 1636 12550 1867 1638 12551 1864 1634 12552 1868 1639 12553 1870 1635 12554 1871 1642 12555 1876 1644 12556 1873 1648 12557 1873 1648 12558 1875 1645 12559 1872 1640 12560 1872 1640 12561 1878 1646 12562 1874 1641 12563 1876 1644 12564 1879 1647 12565 1873 1648 12566 1874 1641 12567 1880 1649 12568 1877 1643 12569 1874 1641 12570 1881 3732 12571 1880 1649 12572 1878 1646 12573 1883 1652 12574 1882 1654 12575 1879 1647 12576 1883 1652 12577 1875 1645 12578 1879 1647 12579 1885 1650 12580 1884 3733 12581 1881 3732 12582 1886 1651 12583 1880 1649 12584 1881 3732 12585 1888 1653 12586 1887 1656 12587 1888 1653 12588 1884 3733 12589 1889 1657 12590 1884 3733 12591 1886 1651 12592 1889 1657 12593 1894 1663 12594 1891 1655 12595 1895 1667 12596 1887 1656 12597 1890 1660 12598 1886 1651 12599 1888 1653 12600 1892 1658 12601 1891 1655 12602 1886 1651 12603 1890 1660 12604 1889 1657 12605 1887 1656 12606 1894 1663 12607 1893 1659 12608 1891 1655 12609 1896 1666 12610 1895 1667 12611 1892 1658 12612 1897 1664 12613 1896 1666 12614 1890 1660 12615 1897 1664 12616 1889 1657 12617 1909 1672 12618 1915 1681 12619 1914 1682 12620 1893 1659 12621 1901 1668 12622 1898 1661 12623 1895 1667 12624 1899 1662 12625 1894 1663 12626 1896 1666 12627 1900 1665 12628 1895 1667 12629 1898 1661 12630 1901 1668 12631 1897 1664 12632 1899 1662 12633 1901 1668 12634 1893 1659 12635 1902 1674 12636 1908 1673 12637 1905 3734 12638 1903 1671 12639 1906 1676 12640 1902 1674 12641 1905 3734 12642 1908 1673 12643 1904 1669 12644 1906 1676 12645 1909 1672 12646 1902 1674 12647 1908 1673 12648 1911 1677 12649 1904 1669 12650 1909 1672 12651 1913 1679 12652 1908 1673 12653 1907 1670 12654 1912 1678 12655 1910 1675 12656 1909 1672 12657 1914 1682 12658 1913 1679 12659 1913 1679 12660 1917 1684 12661 1911 1677 12662 1910 1675 12663 1915 1681 12664 1906 1676 12665 1921 3735 12666 1919 1687 12667 1922 1686 12668 1915 1681 12669 1919 1687 12670 1914 1682 12671 1916 1680 12672 1919 1687 12673 1915 1681 12674 1912 1678 12675 1920 1685 12676 1916 1680 12677 1914 1682 12678 1921 3735 12679 1918 1683 12680 1921 3735 12681 1928 1690 12682 1923 3736 12683 1920 1685 12684 1922 1686 12685 1916 1680 12686 1917 1684 12687 1923 3736 12688 1920 1685 12689 1918 1683 12690 1923 3736 12691 1917 1684 12692 1921 3735 12693 1923 3736 12694 1918 1683 12695 1921 3735 12696 1925 3737 12697 1924 1688 12698 1922 1686 12699 1927 1693 12700 1926 1692 12701 1922 1686 12702 1926 1692 12703 1925 3737 12704 1927 1693 12705 1923 3736 12706 1928 1690 12707 1940 1699 12708 1943 1706 12709 1945 1708 12710 1925 3737 12711 1929 1694 12712 1924 1688 12713 1926 1692 12714 1929 1694 12715 1925 3737 12716 1928 1690 12717 1931 1689 12718 1927 1693 12719 1930 1691 12720 1929 1694 12721 1926 1692 12722 1932 1702 12723 1935 1698 12724 1934 1697 12725 1933 1696 12726 1936 1700 12727 1932 1702 12728 1932 1702 12729 1938 1701 12730 1935 1698 12731 1937 1695 12732 1939 1703 12733 1933 1696 12734 1937 1695 12735 1942 1705 12736 1939 1703 12737 1944 1707 12738 1946 1709 12739 1941 1704 12740 1942 1705 12741 1944 1707 12742 1939 1703 12743 1941 1704 12744 1946 1709 12745 1938 1701 12746 1943 1706 12747 1948 1710 12748 1945 1708 12749 1946 1709 12750 1948 1710 12751 1943 1706 12752 1944 1707 12753 1948 1710 12754 1947 3738 12755 1969 1731 12756 1972 1732 12757 1971 1733 12758 1949 1718 12759 1952 1714 12760 1951 1713 12761 1950 1712 12762 1953 1716 12763 1949 1718 12764 1949 1718 12765 1955 1717 12766 1952 1714 12767 1954 1711 12768 1956 1719 12769 1950 1712 12770 1952 1714 12771 1960 1722 12772 1957 1715 12773 1953 1716 12774 1958 1720 12775 1955 1717 12776 1956 1719 12777 1959 1721 12778 1953 1716 12779 1957 1715 12780 1960 1722 12781 1954 1711 12782 1958 1720 12783 1960 1722 12784 1952 1714 12785 1961 1728 12786 1966 1727 12787 1963 1723 12788 1962 1725 12789 1964 1730 12790 1961 1728 12791 1964 1730 12792 1967 1726 12793 1961 1728 12794 1963 1723 12795 1969 1731 12796 1965 1724 12797 1967 1726 12798 1972 1732 12799 1966 1727 12800 1968 1729 12801 1970 1734 12802 1964 1730 12803 1965 1724 12804 1970 1734 12805 1968 1729 12806 1964 1730 12807 1970 1734 12808 1972 1732 12809 1989 1751 12810 1987 1750 12811 1991 1752 12812 1973 1737 12813 1977 1741 12814 1975 1740 12815 1973 1737 12816 1978 1738 12817 1977 1741 12818 1980 1749 12819 1983 1745 12820 1982 1744 12821 1981 1743 12822 1984 1747 12823 1980 1749 12824 1980 1749 12825 1986 1748 12826 1983 1745 12827 1985 1742 12828 1987 1750 12829 1981 1743 12830 1983 1745 12831 1990 1753 12832 1988 1746 12833 1984 1747 12834 1989 1751 12835 1986 1748 12836 1988 1746 12837 1990 1753 12838 1985 1742 12839 1989 1751 12840 1990 1753 12841 1983 1745 12842 2001 1764 12843 2003 1766 12844 1998 1761 12845 1993 1759 12846 1996 1757 12847 1992 1756 12848 1994 1755 12849 2000 1758 12850 1993 1759 12851 1995 1754 12852 1997 1760 12853 1994 1755 12854 1999 1762 12855 1998 1761 12856 1995 1754 12857 1996 1757 12858 2000 1758 12859 1999 1762 12860 2001 1764 12861 1998 1761 12862 1999 1762 12863 2002 1763 12864 2001 1764 12865 2000 1758 12866 1998 1761 12867 2003 1766 12868 2002 1763 12869 2005 1765 12870 2011 1772 12871 2010 1776 12872 2005 1765 12873 2004 1769 12874 2001 1764 12875 2002 1763 12876 2006 1767 12877 2005 1765 12878 2004 1769 12879 2007 1775 12880 2003 1766 12881 2003 1766 12882 2009 1770 12883 2006 1767 12884 2007 1775 12885 2009 1770 12886 2003 1766 12887 2009 1770 12888 2011 1772 12889 2006 1767 12890 2005 1765 12891 2010 1776 12892 2008 1768 12893 2017 3739 12894 2013 1774 12895 2018 1778 12896 2004 1769 12897 2012 1773 12898 2007 1775 12899 2008 1768 12900 2012 1773 12901 2004 1769 12902 2007 1775 12903 2013 1774 12904 2009 1770 12905 2013 1774 12906 2014 1771 12907 2009 1770 12908 2010 1776 12909 2016 1779 12910 2015 1777 12911 2014 1771 12912 2016 1779 12913 2010 1776 12914 2017 3739 12915 2020 1781 12916 2019 1783 12917 2015 1777 12918 2018 1778 12919 2012 1773 12920 2014 1771 12921 2017 3739 12922 2016 1779 12923 2018 1778 12924 2021 1780 12925 2020 1781 12926 2021 1780 12927 2017 3739 12928 2019 1783 12929 2023 1784 12930 2027 1787 12931 2026 3740 12932 2021 1780 12933 2023 1784 12934 2020 1781 12935 2019 1783 12936 2023 1784 12937 2021 1780 12938 2020 1781 12939 2024 1785 12940 2022 1782 12941 2022 1782 12942 2027 1787 12943 2019 1783 12944 2023 1784 12945 2026 3740 12946 2024 1785 12947 2024 1785 12948 2028 1788 12949 2025 1786 12950 2026 3740 12951 2029 3741 12952 2024 1785 12953 2027 1787 12954 2030 1789 12955 2026 3740 12956 2034 1791 12957 2037 1797 12958 2036 1793 12959 2026 3740 12960 2030 1789 12961 2029 3741 12962 2033 1794 12963 2035 1795 12964 2032 1790 12965 2036 1793 12966 2039 1796 12967 2033 1794 12968 2034 1791 12969 2039 1796 12970 2038 3742 12971 2037 1797 12972 2040 1800 12973 2043 3743 12974 2036 1793 12975 2037 1797 12976 2039 1796 12977 2043 3743 12978 2042 1798 12979 2037 1797 12980 2040 1800 12981 2039 1796 12982 2041 1801 12983 2043 3743 12984 2046 1805 12985 2045 1807 12986 2039 1796 12987 2042 1798 12988 2041 1801 12989 2043 3743 12990 2041 1801 12991 2042 1798 12992 2043 3743 12993 2045 1807 12994 2047 1802 12995 2052 1809 12996 2049 1806 12997 2053 3744 12998 2044 1799 12999 2046 1805 13000 2040 1800 13001 2043 3743 13002 2047 1802 13003 2041 1801 13004 2044 1799 13005 2048 1803 13006 2046 1805 13007 2045 1807 13008 2049 1806 13009 2047 1802 13010 2044 1799 13011 2049 1806 13012 2048 1803 13013 2051 1808 13014 2053 3744 13015 2049 1806 13016 2050 1804 13017 2052 1809 13018 2051 1808 13019 2051 1808 13020 2055 3745 13021 2054 1810 13022 2051 1808 13023 2057 1811 13024 2053 3744 13025 2055 3745 13026 2053 3744 13027 2056 1815 13028 2054 1810 13029 2060 1814 13030 2059 1812 13031 2057 1811 13032 2056 1815 13033 2053 3744 13034 2056 1815 13035 2060 1814 13036 2055 3745 13037 2057 1811 13038 2058 1816 13039 2056 1815 13040 2057 1811 13041 2059 1812 13042 2058 1816 13043 2072 3746 13044 2067 1827 13045 2073 1826 13046 2060 1814 13047 2063 1818 13048 2059 1812 13049 2061 1813 13050 2064 1819 13051 2060 1814 13052 2058 1816 13053 2064 1819 13054 2061 1813 13055 2062 1817 13056 2064 1819 13057 2058 1816 13058 2066 1822 13059 2068 1821 13060 2065 1825 13061 2065 1825 13062 2069 1824 13063 2067 1827 13064 2068 1821 13065 2071 1823 13066 2065 1825 13067 2066 1822 13068 2072 3746 13069 2070 1820 13070 2074 1828 13071 2070 1820 13072 2075 3747 13073 2073 1826 13074 2071 1823 13075 2074 1828 13076 2072 3746 13077 2075 3747 13078 2070 1820 13079 2074 1828 13080 2077 3748 13081 2076 1831 13082 2074 1828 13083 2076 1831 13084 2080 1833 13085 2075 3747 13086 2078 1830 13087 2077 3748 13088 2079 1829 13089 2074 1828 13090 2080 1833 13091 2073 1826 13092 2078 1830 13093 2072 3746 13094 2092 3749 13095 2089 1835 13096 2093 1843 13097 2078 1830 13098 2081 1834 13099 2077 3748 13100 2077 3748 13101 2082 3750 13102 2076 1831 13103 2081 1834 13104 2082 3750 13105 2077 3748 13106 2079 1829 13107 2081 1834 13108 2078 1830 13109 2080 1833 13110 2083 1832 13111 2079 1829 13112 2076 1831 13113 2082 3750 13114 2083 1832 13115 2086 1841 13116 2087 1840 13117 2085 1837 13118 2084 1836 13119 2088 1838 13120 2086 1841 13121 12 11 13122 7 4 13123 13 12 13124 2090 1839 13125 2091 1842 13126 2089 1835 13127 2087 1840 13128 2091 1842 13129 2090 1839 13130 2088 1838 13131 2092 3749 13132 2087 1840 13133 2120 1867 13134 2121 1871 13135 2123 3751 13136 2092 3749 13137 2091 1842 13138 2087 1840 13139 2096 1852 13140 2098 1850 13141 2095 1846 13142 2094 1845 13143 2099 1848 13144 2096 1852 13145 2097 1844 13146 2100 1847 13147 2094 1845 13148 2096 1852 13149 2102 1851 13150 2098 1850 13151 2100 1847 13152 2105 1853 13153 2099 1848 13154 2101 1849 13155 2103 1855 13156 2097 1844 13157 2098 1850 13158 2103 1855 13159 2101 1849 13160 2099 1848 13161 2104 1854 13162 2102 1851 13163 2097 1844 13164 2103 1855 13165 2105 1853 13166 2106 1859 13167 2109 1861 13168 2108 1856 13169 2110 1857 13170 2111 1863 13171 2106 1859 13172 2109 1861 13173 2112 1862 13174 2108 1856 13175 2112 1862 13176 2111 1863 13177 2110 1857 13178 2115 1870 13179 2118 1869 13180 2114 1864 13181 2116 1866 13182 2119 1868 13183 2115 1870 13184 2118 1869 13185 2121 1871 13186 2114 1864 13187 2119 1868 13188 2122 1873 13189 2118 1869 13190 2119 1868 13191 2123 3751 13192 2125 1872 13193 2118 1869 13194 2122 1873 13195 2121 1871 13196 2123 3751 13197 2126 1876 13198 2127 3752 13199 2130 1879 13200 2126 1876 13201 2128 1875 13202 2124 1874 13203 2126 1876 13204 2121 1871 13205 2123 3751 13206 2127 3752 13207 2125 1872 13208 2127 3752 13209 2129 1877 13210 2125 1872 13211 2124 1874 13212 2129 1877 13213 2128 1875 13214 2129 1877 13215 2133 1878 13216 2132 1880 13217 2129 1877 13218 2131 1881 13219 2128 1875 13220 2128 1875 13221 2131 1881 13222 2133 1878 13223 2135 3753 13224 2137 3754 13225 2134 3755 13226 2138 3756 13227 2136 3757 13228 2139 3758 13229 2139 3758 13230 2134 3755 13231 2137 3754 13232 2144 1883 13233 2153 1897 13234 2147 1885 13235 2142 1888 13236 2145 1887 13237 2141 1882 13238 2143 1889 13239 2146 1886 13240 2142 1888 13241 2141 1882 13242 2148 1890 13243 2144 1883 13244 2149 1891 13245 2153 1897 13246 2152 1893 13247 2148 1890 13248 2150 1895 13249 2144 1883 13250 2149 1891 13251 2152 1893 13252 2146 1886 13253 2152 1893 13254 2157 1896 13255 2156 1899 13256 2148 1890 13257 2155 1898 13258 2150 1895 13259 2157 1896 13260 2159 1904 13261 2162 1902 13262 2156 1899 13263 2158 1900 13264 2151 1892 13265 2159 1904 13266 2155 1898 13267 2160 1905 13268 2154 1894 13269 2160 1905 13270 2155 1898 13271 2182 1923 13272 2177 3759 13273 2183 3760 13274 2158 1900 13275 2161 1906 13276 2154 1894 13277 2157 1896 13278 2162 1902 13279 2156 1899 13280 2159 1904 13281 2165 1907 13282 2162 1902 13283 2163 1901 13284 2166 1909 13285 2158 1900 13286 2165 1907 13287 2166 1909 13288 2163 1901 13289 2164 1903 13290 2167 1908 13291 2159 1904 13292 2158 1900 13293 2168 1910 13294 2161 1906 13295 2161 1906 13296 2169 1912 13297 2164 1903 13298 2168 1910 13299 2169 1912 13300 2161 1906 13301 2164 1903 13302 2170 1913 13303 2167 1908 13304 2167 1908 13305 2173 1915 13306 2171 1911 13307 2168 1910 13308 2172 1914 13309 2169 1912 13310 2171 1911 13311 2173 1915 13312 2166 1909 13313 2170 1913 13314 2173 1915 13315 2167 1908 13316 2175 3761 13317 2180 1920 13318 2174 1918 13319 2176 3762 13320 2180 1920 13321 2175 3761 13322 2180 1920 13323 2181 1916 13324 2174 1918 13325 2176 3762 13326 2182 1923 13327 2180 1920 13328 2177 3759 13329 2184 1919 13330 2183 3760 13331 2183 3760 13332 2187 3763 13333 2186 1922 13334 2179 1917 13335 2184 1919 13336 2178 3764 13337 2181 1916 13338 2185 1921 13339 2187 3763 13340 2183 3760 13341 2186 1922 13342 2182 1923 13343 2181 1916 13344 2187 3763 13345 2184 1919 13346 2186 1922 13347 2185 1921 13348 2180 1920 13349 2191 1924 13350 2198 1934 13351 2193 1928 13352 2189 1930 13353 2192 1927 13354 2188 1926 13355 2190 1925 13356 2193 1928 13357 2189 1930 13358 2191 1924 13359 2193 1928 13360 2190 1925 13361 2189 1930 13362 2194 1929 13363 2192 1927 13364 2192 1927 13365 2196 1936 13366 2191 1924 13367 2196 1936 13368 2195 1932 13369 2191 1924 13370 2194 1929 13371 2200 1933 13372 2199 1935 13373 2193 1928 13374 2198 1934 13375 2194 1929 13376 2203 3765 13377 2195 1932 13378 2201 1937 13379 2205 3766 13380 2204 1939 13381 2207 1940 13382 2197 1931 13383 2202 1938 13384 2196 1936 13385 2199 1935 13386 2202 1938 13387 2197 1931 13388 2203 3765 13389 2199 1935 13390 2200 1933 13391 2201 1937 13392 2206 1941 13393 2203 3765 13394 2202 1938 13395 2205 3766 13396 2201 1937 13397 2203 3765 13398 2206 1941 13399 2199 1935 13400 2205 3766 13401 2206 1941 13402 2201 1937 13403 2239 3767 13404 2243 1975 13405 2242 3768 13406 2208 1947 13407 2213 1946 13408 2210 1942 13409 2209 1944 13410 2211 1949 13411 2208 1947 13412 2211 1949 13413 2214 1945 13414 2208 1947 13415 2210 1942 13416 2216 1950 13417 2212 1943 13418 2214 1945 13419 2219 1951 13420 2213 1946 13421 2215 1948 13422 2217 1953 13423 2211 1949 13424 2212 1943 13425 2217 1953 13426 2215 1948 13427 2213 1946 13428 2218 1952 13429 2216 1950 13430 2211 1949 13431 2217 1953 13432 2219 1951 13433 2222 1955 13434 2224 1959 13435 2221 1958 13436 2225 1961 13437 2227 1960 13438 2221 1958 13439 2226 1957 13440 2229 1963 13441 2223 1954 13442 2227 1960 13443 2230 1965 13444 2226 1957 13445 2229 1963 13446 2228 1962 13447 2225 1961 13448 2230 1965 13449 2231 1964 13450 2226 1957 13451 2228 1962 13452 2232 1966 13453 2230 1965 13454 2231 1964 13455 2235 1969 13456 2232 1966 13457 2233 1967 13458 2235 1969 13459 2231 1964 13460 2235 1969 13461 2236 1970 13462 2238 1972 13463 2238 1972 13464 2237 1971 13465 2234 1968 13466 2237 1971 13467 2239 3767 13468 2236 1970 13469 2238 1972 13470 2240 1973 13471 2237 1971 13472 2239 3767 13473 2241 1974 13474 2236 1970 13475 2241 1974 13476 2244 1980 13477 2240 1973 13478 2242 3768 13479 2241 1974 13480 2239 3767 13481 2246 1977 13482 2252 3769 13483 2251 1981 13484 2240 1973 13485 2244 1980 13486 2243 1975 13487 2241 1974 13488 2248 1979 13489 2244 1980 13490 2242 3768 13491 2245 1976 13492 2241 1974 13493 2243 1975 13494 2245 1976 13495 2242 3768 13496 2244 1980 13497 2247 1978 13498 2243 1975 13499 2241 1974 13500 2246 1977 13501 2248 1979 13502 2249 1982 13503 2250 1983 13504 2248 1979 13505 2246 1977 13506 2249 1982 13507 2248 1979 13508 2248 1979 13509 2250 1983 13510 2247 1978 13511 2252 3769 13512 2247 1978 13513 2253 1988 13514 2254 1984 13515 2257 1985 13516 2256 1986 13517 2247 1978 13518 2254 1984 13519 2253 1988 13520 2249 1982 13521 2257 1985 13522 2250 1983 13523 2252 3769 13524 2255 1987 13525 2251 1981 13526 2253 1988 13527 2255 1987 13528 2252 3769 13529 2251 1981 13530 2255 1987 13531 2257 1985 13532 2263 1993 13533 2264 3770 13534 2266 1998 13535 2259 1991 13536 2261 1992 13537 2258 3771 13538 2258 3771 13539 2263 1993 13540 2260 1989 13541 2261 1992 13542 2263 1993 13543 2258 3771 13544 2270 1997 13545 2264 3770 13546 2268 2000 13547 2265 1994 13548 2264 3770 13549 2261 1992 13550 2263 1993 13551 2266 1998 13552 2262 1990 13553 2266 1998 13554 2267 1995 13555 2262 1990 13556 2268 2000 13557 2265 1994 13558 2269 1996 13559 2282 2010 13560 2277 2005 13561 2283 2011 13562 2268 2000 13563 2271 2004 13564 2270 1997 13565 2267 1995 13566 2274 2002 13567 2269 1996 13568 2270 1997 13569 2273 2001 13570 2267 1995 13571 2271 2004 13572 2273 2001 13573 2270 1997 13574 2268 2000 13575 2272 1999 13576 2271 2004 13577 2269 1996 13578 2274 2002 13579 2272 1999 13580 2273 2001 13581 2278 2009 13582 2274 2002 13583 2274 2002 13584 2275 2003 13585 2272 1999 13586 2273 2001 13587 2276 3772 13588 2278 2009 13589 2273 2001 13590 2277 2005 13591 2276 3772 13592 2274 2002 13593 2278 2009 13594 2275 2003 13595 2276 3772 13596 2279 2007 13597 2278 2009 13598 2278 2009 13599 2281 2008 13600 2275 2003 13601 2275 2003 13602 2281 2008 13603 2280 2006 13604 2276 3772 13605 2282 2010 13606 2279 2007 13607 2292 3773 13608 2295 2024 13609 2298 2023 13610 2285 2018 13611 2288 2016 13612 2284 2014 13613 2286 2013 13614 2289 2017 13615 2285 2018 13616 2287 2012 13617 2292 3773 13618 2289 2017 13619 2287 2012 13620 2293 2020 13621 2292 3773 13622 2292 3773 13623 2294 2021 13624 2289 2017 13625 2295 2024 13626 2291 2019 13627 2296 2027 13628 2291 2019 13629 2297 3774 13630 2296 2027 13631 2292 3773 13632 2297 3774 13633 2294 2021 13634 2302 3775 13635 2298 2023 13636 2300 2022 13637 2296 2027 13638 2299 2026 13639 2295 2024 13640 2297 3774 13641 2301 2025 13642 2296 2027 13643 2299 2026 13644 2300 2022 13645 2295 2024 13646 2297 3774 13647 2302 3775 13648 2301 2025 13649 2303 2030 13650 2299 2026 13651 2304 2028 13652 2304 2028 13653 2301 2025 13654 2305 2032 13655 2302 3775 13656 2305 2032 13657 2301 2025 13658 2302 3775 13659 2303 2030 13660 2306 2033 13661 2323 2053 13662 2327 2050 13663 2326 2052 13664 2303 2030 13665 2307 2029 13666 2309 2031 13667 2305 2032 13668 2308 2034 13669 2304 2028 13670 2309 2031 13671 2310 2035 13672 2305 2032 13673 2312 2037 13674 2311 2036 13675 2307 2029 13676 2309 2031 13677 2313 2039 13678 2310 2035 13679 2309 2031 13680 2311 2036 13681 2313 2039 13682 2310 2035 13683 2315 2040 13684 2312 2037 13685 2311 2036 13686 2316 2041 13687 2313 2039 13688 2313 2039 13689 2316 2041 13690 2315 2040 13691 2319 2046 13692 2321 2048 13693 2318 2042 13694 2317 2044 13695 2323 2053 13696 2322 2045 13697 2320 2043 13698 2323 2053 13699 2317 2044 13700 2319 2046 13701 2324 2047 13702 2321 2048 13703 2318 2042 13704 2325 2049 13705 2320 2043 13706 2335 3776 13707 2342 2063 13708 2341 2067 13709 2325 2049 13710 2328 2051 13711 2327 2050 13712 2328 2051 13713 2331 2054 13714 2327 2050 13715 2329 3777 13716 2331 2054 13717 2328 2051 13718 2326 2052 13719 2329 3777 13720 2328 2051 13721 2327 2050 13722 2330 2055 13723 2326 2052 13724 2326 2052 13725 2330 2055 13726 2329 3777 13727 2333 2061 13728 2335 3776 13729 2332 2058 13730 2334 2057 13731 2336 2059 13732 2333 2061 13733 2333 2061 13734 2338 2060 13735 2335 3776 13736 2337 2056 13737 2339 2062 13738 2334 2057 13739 2332 2058 13740 2340 2064 13741 2337 2056 13742 2335 3776 13743 2340 2064 13744 2332 2058 13745 2340 2064 13746 2344 2066 13747 2337 2056 13748 2337 2056 13749 2344 2066 13750 2339 2062 13751 2335 3776 13752 2341 2067 13753 2340 2064 13754 2355 2078 13755 2351 2071 13756 2356 2077 13757 2339 2062 13758 2342 2063 13759 2336 2059 13760 2341 2067 13761 2345 2069 13762 2343 2065 13763 2346 2068 13764 2345 2069 13765 2341 2067 13766 2344 2066 13767 2347 2070 13768 2346 2068 13769 2348 2073 13770 2353 2080 13771 2352 2074 13772 2349 2076 13773 2353 2080 13774 2348 2073 13775 2349 2076 13776 2354 2075 13777 2353 2080 13778 2354 2075 13779 2356 2077 13780 2360 2083 13781 2353 2080 13782 2358 2081 13783 2357 2079 13784 2354 2075 13785 2360 2083 13786 2358 2081 13787 2361 2082 13788 2357 2079 13789 2359 2084 13790 2357 2079 13791 2360 2083 13792 2359 2084 13793 2370 2089 13794 2374 2097 13795 2373 2095 13796 2360 2083 13797 2362 2086 13798 2359 2084 13799 2361 2082 13800 2363 2087 13801 2360 2083 13802 2363 2087 13803 2362 2086 13804 2360 2083 13805 2365 2090 13806 2368 2091 13807 2367 2093 13808 2367 2093 13809 2369 2092 13810 2366 2088 13811 2365 2090 13812 2370 2089 13813 2368 2091 13814 2369 2092 13815 2371 2098 13816 2366 2088 13817 2371 2098 13818 2370 2089 13819 2366 2088 13820 2369 2092 13821 2372 2096 13822 2371 2098 13823 2372 2096 13824 2373 2095 13825 2374 2097 13826 2369 2092 13827 2375 2094 13828 2372 2096 13829 2376 2099 13830 2377 2100 13831 2375 2094 13832 2375 2094 13833 2377 2100 13834 2372 2096 13835 2376 2099 13836 2379 2101 13837 2378 2103 13838 2403 2127 13839 2406 3778 13840 2402 3779 13841 2378 2103 13842 2382 2104 13843 2377 2100 13844 2377 2100 13845 2381 2105 13846 2379 2101 13847 2377 2100 13848 2382 2104 13849 2381 2105 13850 2385 2114 13851 2387 2112 13852 2384 2108 13853 2383 2107 13854 2388 2110 13855 2385 2114 13856 2386 2106 13857 2389 2109 13858 2383 2107 13859 2385 2114 13860 2391 2113 13861 2387 2112 13862 2389 2109 13863 2394 2115 13864 2388 2110 13865 2390 2111 13866 2392 2117 13867 2386 2106 13868 2387 2112 13869 2392 2117 13870 2390 2111 13871 2388 2110 13872 2393 2116 13873 2391 2113 13874 2386 2106 13875 2392 2117 13876 2394 2115 13877 2395 2123 13878 2399 2122 13879 2397 2118 13880 2396 2120 13881 2401 2124 13882 2395 2123 13883 2398 2119 13884 2401 2124 13885 2396 2120 13886 2399 2122 13887 2398 2119 13888 2397 2118 13889 2405 2128 13890 2406 3778 13891 2408 2129 13892 2408 2129 13893 2407 2126 13894 2404 2125 13895 2409 2132 13896 2414 3780 13897 2413 2130 13898 2414 3780 13899 2411 2134 13900 2415 2133 13901 2416 2137 13902 2420 3781 13903 2419 2135 13904 2413 2130 13905 2415 2133 13906 2412 2131 13907 2417 3782 13908 2421 3783 13909 2420 3781 13910 2432 2148 13911 2426 2138 13912 2431 2147 13913 2418 2136 13914 2419 2135 13915 2421 3783 13916 2427 2143 13917 2429 2145 13918 2423 2141 13919 2428 2144 13920 2427 2143 13921 2430 2146 13922 2427 2143 13923 2431 2147 13924 2429 2145 13925 2435 3784 13926 2432 2148 13927 2436 2158 13928 2435 3784 13929 2434 2151 13930 2433 2149 13931 2451 2166 13932 2457 2170 13933 2453 2167 13934 2432 2148 13935 2437 2150 13936 2436 2158 13937 2431 2147 13938 2439 2153 13939 2438 2152 13940 2437 2150 13941 2440 2154 13942 2436 2158 13943 2435 3784 13944 2441 2157 13945 2434 2151 13946 2436 2158 13947 2441 2157 13948 2435 3784 13949 2441 2157 13950 2442 2155 13951 2434 2151 13952 2438 2152 13953 2444 2159 13954 2440 2154 13955 2442 2155 13956 2447 2160 13957 2439 2153 13958 2440 2154 13959 2444 2159 13960 2443 2156 13961 2442 2155 13962 2445 3785 13963 2447 2160 13964 2444 2159 13965 2446 2161 13966 2443 2156 13967 2444 2159 13968 2447 2160 13969 2446 2161 13970 2446 2161 13971 2445 3785 13972 2442 2155 13973 2449 2164 13974 2451 2166 13975 2448 2168 13976 2448 2168 13977 2453 2167 13978 2450 2162 13979 2451 2166 13980 2455 2169 13981 2458 3786 13982 2452 2163 13983 2456 2171 13984 2454 2165 13985 2457 2170 13986 2456 2171 13987 2452 2163 13988 2455 2169 13989 2459 2172 13990 2461 2177 13991 2458 3786 13992 2461 2177 13993 2460 2173 13994 2457 2170 13995 2460 2173 13996 2459 2172 13997 2458 3786 13998 2460 2173 13999 2457 2170 14000 2464 2176 14001 2466 2180 14002 2465 2181 14003 2459 2172 14004 2462 2175 14005 2461 2177 14006 2461 2177 14007 2464 2176 14008 2460 2173 14009 2463 2174 14010 2462 2175 14011 2459 2172 14012 2462 2175 14013 2467 2178 14014 2466 2180 14015 2464 2176 14016 2467 2178 14017 2463 2174 14018 2468 2179 14019 2470 2184 14020 2466 2180 14021 2467 2178 14022 2469 2182 14023 2468 2179 14024 2465 2181 14025 2472 2185 14026 2469 2182 14027 2481 2198 14028 2477 2189 14029 2482 2193 14030 2469 2182 14031 2472 2185 14032 2471 2183 14033 2475 2192 14034 2476 2191 14035 2474 2188 14036 2473 2187 14037 2477 2189 14038 2475 2192 14039 2479 2190 14040 2480 2195 14041 2478 2186 14042 2481 2198 14043 2484 2194 14044 2476 2191 14045 2490 3787 14046 2494 3788 14047 2493 3789 14048 2478 2186 14049 2483 2196 14050 2482 2193 14051 2484 2194 14052 2486 2199 14053 2485 2197 14054 2482 2193 14055 2486 2199 14056 2481 2198 14057 2485 2197 14058 2487 2200 14059 2483 2196 14060 2482 2193 14061 2489 2202 14062 2486 2199 14063 2487 2200 14064 2489 2202 14065 2482 2193 14066 2491 3790 14067 2495 3791 14068 2494 3788 14069 2492 3792 14070 2493 3789 14071 2495 3791 14072 2506 3793 14073 2504 3794 14074 2507 3795 14075 2496 2205 14076 2500 2207 14077 2499 2203 14078 2497 2206 14079 2501 2208 14080 2500 2207 14081 2499 2203 14082 2501 2208 14083 2498 2204 14084 2506 3793 14085 2505 2209 14086 2503 2211 14087 2502 2210 14088 2507 3795 14089 2504 3794 14090 2518 2230 14091 2514 2215 14092 2519 2232 14093 2509 2214 14094 2512 2216 14095 2508 2220 14096 2512 2216 14097 2516 2219 14098 2508 2220 14099 2510 2212 14100 2515 2218 14101 2513 2213 14102 2512 2216 14103 2518 2230 14104 2516 2219 14105 2513 2213 14106 2519 2232 14107 2514 2215 14108 2513 2213 14109 2521 2224 14110 2520 2223 14111 2517 2221 14112 2523 2225 14113 2522 2227 14114 2517 2221 14115 2521 2224 14116 2515 2218 14117 2518 2230 14118 2523 2225 14119 2516 2219 14120 2517 2221 14121 2522 2227 14122 2521 2224 14123 2522 2227 14124 2524 2222 14125 2521 2224 14126 2518 2230 14127 2528 2231 14128 2527 2229 14129 2518 2230 14130 2526 2228 14131 2523 2225 14132 2528 2231 14133 2529 3796 14134 2530 3797 14135 2528 2231 14136 2530 3797 14137 2527 2229 14138 2527 2229 14139 2531 2233 14140 2526 2228 14141 2524 2222 14142 2529 3796 14143 2520 2223 14144 2529 3796 14145 2525 2226 14146 2531 2233 14147 2546 3798 14148 2540 2240 14149 2543 2248 14150 2532 2236 14151 2539 2237 14152 2536 2239 14153 2534 3799 14154 2538 2241 14155 2533 2234 14156 2535 2238 14157 2538 2241 14158 2534 3799 14159 2533 2234 14160 2541 2242 14161 2537 2235 14162 2539 2237 14163 2542 2243 14164 2535 2238 14165 2540 2240 14166 2544 2249 14167 2543 2248 14168 2546 3798 14169 2551 3800 14170 2553 2251 14171 2541 2242 14172 2544 2249 14173 2537 2235 14174 2539 2237 14175 2546 3798 14176 2542 2243 14177 2541 2242 14178 2547 2245 14179 2544 2249 14180 2546 3798 14181 2548 2246 14182 2542 2243 14183 2545 2244 14184 2549 3801 14185 2547 2245 14186 2548 2246 14187 2549 3801 14188 2545 2244 14189 2547 2245 14190 2550 2247 14191 2544 2249 14192 2548 2246 14193 2553 2251 14194 2552 2253 14195 2550 2247 14196 2551 3800 14197 2543 2248 14198 2548 2246 14199 2552 2253 14200 2549 3801 14201 2549 3801 14202 2554 2250 14203 2547 2245 14204 2551 3800 14205 2559 2252 14206 2553 2251 14207 2552 2253 14208 2555 3802 14209 2549 3801 14210 2551 3800 14211 2557 2255 14212 2556 2258 14213 2555 3802 14214 2559 2252 14215 2558 2256 14216 2554 2250 14217 2557 2255 14218 2550 2247 14219 2555 3802 14220 2558 2256 14221 2554 2250 14222 2564 2266 14223 2560 2254 14224 2565 2265 14225 2556 2258 14226 2561 2260 14227 2559 2252 14228 2559 2252 14229 2561 2260 14230 2558 2256 14231 2556 2258 14232 2562 2257 14233 2561 2260 14234 2557 2255 14235 2564 2266 14236 2562 2257 14237 2560 2254 14238 2566 2263 14239 2565 2265 14240 2575 2269 14241 2578 2271 14242 2574 2273 14243 2563 2259 14244 2566 2263 14245 2558 2256 14246 2564 2266 14247 2568 2262 14248 2562 2257 14249 2565 2265 14250 2569 2264 14251 2564 2266 14252 2563 2259 14253 2570 2267 14254 2566 2263 14255 2567 2261 14256 2570 2267 14257 2563 2259 14258 2568 2262 14259 2570 2267 14260 2567 2261 14261 2572 2277 14262 2576 2276 14263 2571 2270 14264 2576 2276 14265 2577 2268 14266 2571 2270 14267 2577 2268 14268 2582 3803 14269 2585 2285 14270 2578 2271 14271 2581 2278 14272 2573 2272 14273 2580 2275 14274 2582 3803 14275 2576 2276 14276 2603 2296 14277 2605 2297 14278 2601 2293 14279 2581 2278 14280 2583 2284 14281 2580 2275 14282 2577 2268 14283 2585 2285 14284 2579 2274 14285 2581 2278 14286 2586 2280 14287 2583 2284 14288 2585 2285 14289 2587 2281 14290 2579 2274 14291 2587 2281 14292 2588 2282 14293 2584 2279 14294 2582 3803 14295 2589 2287 14296 2585 2285 14297 2583 2284 14298 2589 2287 14299 2582 3803 14300 2588 2282 14301 2590 2283 14302 2586 2280 14303 2587 2281 14304 2591 2286 14305 2588 2282 14306 2590 2283 14307 2592 2289 14308 2583 2284 14309 2585 2285 14310 2593 2288 14311 2591 2286 14312 2591 2286 14313 2594 2291 14314 2590 2283 14315 2589 2287 14316 2596 2290 14317 2593 2288 14318 2590 2283 14319 2595 3804 14320 2592 2289 14321 2594 2291 14322 2595 3804 14323 2590 2283 14324 2593 2288 14325 2594 2291 14326 2591 2286 14327 2592 2289 14328 2595 3804 14329 2596 2290 14330 2598 2294 14331 2600 2299 14332 2597 2298 14333 2597 2298 14334 2602 2295 14335 2599 2292 14336 2600 2299 14337 2605 2297 14338 2597 2298 14339 2599 2292 14340 2603 2296 14341 2601 2293 14342 2598 2294 14343 2604 2300 14344 2600 2299 14345 2601 2293 14346 2604 2300 14347 2598 2294 14348 2625 2324 14349 2632 2325 14350 2631 2322 14351 2606 2308 14352 2609 2304 14353 2608 2303 14354 2607 2302 14355 2610 2306 14356 2606 2308 14357 2606 2308 14358 2612 2307 14359 2609 2304 14360 2611 2301 14361 2613 2309 14362 2607 2302 14363 2609 2304 14364 2617 2312 14365 2614 2305 14366 2610 2306 14367 2615 2310 14368 2612 2307 14369 2613 2309 14370 2616 2311 14371 2610 2306 14372 2614 2305 14373 2617 2312 14374 2611 2301 14375 2615 2310 14376 2617 2312 14377 2609 2304 14378 2620 2318 14379 2622 2316 14380 2619 2315 14381 2618 2314 14382 2623 2317 14383 2620 2318 14384 2618 2314 14385 2621 2313 14386 2623 2317 14387 2629 3805 14388 2630 2319 14389 2628 2321 14390 2636 2334 14391 2624 2323 14392 2633 2327 14393 2630 2319 14394 2634 2328 14395 2627 2320 14396 2630 2319 14397 2636 2334 14398 2635 2331 14399 2642 2338 14400 2638 2330 14401 2643 2336 14402 2634 2328 14403 2637 2329 14404 2632 2325 14405 2633 2327 14406 2640 2333 14407 2636 2334 14408 2634 2328 14409 2639 2332 14410 2637 2329 14411 2633 2327 14412 2642 2338 14413 2640 2333 14414 2647 2341 14415 2652 2346 14416 2651 2345 14417 2640 2333 14418 2644 2337 14419 2635 2331 14420 2640 2333 14421 2646 2339 14422 2644 2337 14423 2641 2335 14424 2647 2341 14425 2643 2336 14426 2642 2338 14427 2648 2342 14428 2646 2339 14429 2654 3806 14430 2650 2344 14431 2655 3807 14432 2648 2342 14433 2654 3806 14434 2653 2347 14435 2651 2345 14436 2656 2348 14437 2655 3807 14438 2651 2345 14439 2655 3807 14440 2650 2344 14441 2660 2350 14442 2667 2362 14443 2666 2358 14444 2653 2347 14445 2654 3806 14446 2656 2348 14447 2657 2351 14448 2662 2353 14449 2659 2357 14450 2659 2357 14451 2661 2354 14452 2658 2349 14453 2658 2349 14454 2664 2355 14455 2660 2350 14456 2662 2353 14457 2665 2356 14458 2659 2357 14459 2663 2352 14460 2669 3808 14461 2662 2353 14462 2667 2362 14463 2661 2354 14464 2668 2359 14465 2669 3808 14466 2671 2365 14467 2673 2366 14468 2662 2353 14469 2669 3808 14470 2665 2356 14471 2669 3808 14472 2670 2360 14473 2665 2356 14474 2673 2366 14475 2676 2364 14476 2679 3809 14477 2666 2358 14478 2671 2365 14479 2663 2352 14480 2669 3808 14481 2673 2366 14482 2670 2360 14483 2668 2359 14484 2674 2363 14485 2672 2361 14486 2672 2361 14487 2676 2364 14488 2666 2358 14489 2670 2360 14490 2675 2367 14491 2674 2363 14492 2675 2367 14493 2679 3809 14494 2678 2369 14495 2674 2363 14496 2677 2368 14497 2672 2361 14498 2679 3809 14499 2680 2373 14500 2684 3810 14501 2677 2368 14502 2680 2373 14503 2676 2364 14504 2677 2368 14505 2683 2370 14506 2682 2376 14507 2682 2376 14508 2681 2374 14509 2677 2368 14510 2693 3811 14511 2695 3812 14512 2699 3813 14513 2679 3809 14514 2684 3810 14515 2678 2369 14516 2684 3810 14517 2685 2371 14518 2678 2369 14519 2680 2373 14520 2685 2371 14521 2684 3810 14522 2682 2376 14523 2686 2372 14524 2681 2374 14525 2683 2370 14526 2687 2375 14527 2682 2376 14528 2686 2372 14529 2685 2371 14530 2680 2373 14531 2690 3814 14532 2694 2377 14533 2689 2379 14534 2691 3815 14535 2694 2377 14536 2690 3814 14537 2688 3816 14538 2696 2378 14539 2695 3812 14540 2697 2382 14541 2692 3817 14542 2698 3818 14543 2691 3815 14544 2697 2382 14545 2694 2377 14546 2693 3811 14547 2698 3818 14548 2692 3817 14549 2695 3812 14550 2701 2380 14551 2700 3819 14552 2695 3812 14553 2700 3819 14554 2699 3813 14555 2698 3818 14556 2702 2381 14557 2697 2382 14558 2708 2383 14559 2714 2392 14560 2713 2393 14561 2699 3813 14562 2703 3820 14563 2698 3818 14564 2699 3813 14565 2700 3819 14566 2703 3820 14567 2704 2388 14568 2708 2383 14569 2707 2385 14570 2704 2388 14571 2709 2387 14572 2708 2383 14573 2708 2383 14574 2713 2393 14575 2711 2384 14576 2710 2389 14577 2715 2394 14578 2712 2391 14579 2757 2433 14580 2761 2436 14581 2760 2444 14582 2711 2384 14583 2715 2394 14584 2706 2390 14585 2715 2394 14586 2716 2395 14587 2712 2391 14588 2713 2393 14589 2718 2397 14590 2715 2394 14591 2714 2392 14592 2717 2396 14593 2713 2393 14594 2713 2393 14595 2721 2400 14596 2718 2397 14597 2716 2395 14598 2720 2399 14599 2717 2396 14600 2718 2397 14601 2721 2400 14602 2720 2399 14603 2722 2408 14604 2725 2404 14605 2724 2403 14606 2723 2402 14607 2726 2406 14608 2722 2408 14609 2722 2408 14610 2727 2407 14611 2725 2404 14612 2728 2405 14613 2730 2409 14614 2729 2401 14615 2725 2404 14616 2733 3821 14617 2728 2405 14618 2728 2405 14619 2733 3821 14620 2730 2409 14621 2729 2401 14622 2731 2410 14623 2726 2406 14624 2725 2404 14625 2732 2411 14626 2733 3821 14627 2727 2407 14628 2732 2411 14629 2725 2404 14630 2731 2410 14631 2732 2411 14632 2726 2406 14633 2730 2409 14634 2733 3821 14635 2731 2410 14636 2735 2417 14637 2738 2416 14638 2734 2412 14639 2737 2414 14640 2739 3822 14641 2736 2418 14642 2738 2416 14643 2740 2413 14644 2734 2412 14645 2739 3822 14646 2741 2415 14647 2736 2418 14648 2737 2414 14649 2740 2413 14650 2739 3822 14651 2744 2425 14652 2745 2423 14653 2743 2422 14654 2742 2421 14655 2746 2420 14656 2744 2425 14657 2751 2434 14658 2754 2431 14659 2750 2426 14660 2750 2426 14661 2756 2432 14662 2753 2427 14663 2752 2430 14664 2757 2433 14665 2751 2434 14666 2752 2430 14667 2758 2435 14668 2757 2433 14669 2756 2432 14670 2759 2437 14671 2753 2427 14672 2757 2433 14673 2760 2444 14674 2754 2431 14675 2762 2441 14676 2754 2431 14677 2763 2439 14678 2756 2432 14679 2762 2441 14680 2759 2437 14681 2767 2440 14682 2772 2447 14683 2771 2445 14684 2760 2444 14685 2763 2439 14686 2754 2431 14687 2764 2438 14688 2765 2448 14689 2761 2436 14690 2761 2436 14691 2765 2448 14692 2760 2444 14693 2764 2438 14694 2766 3823 14695 2765 2448 14696 2759 2437 14697 2766 3823 14698 2764 2438 14699 2762 2441 14700 2767 2440 14701 2759 2437 14702 2759 2437 14703 2768 2442 14704 2766 3823 14705 2765 2448 14706 2769 2443 14707 2760 2444 14708 2769 2443 14709 2767 2440 14710 2763 2439 14711 2766 3823 14712 2770 2446 14713 2765 2448 14714 2768 2442 14715 2770 2446 14716 2766 3823 14717 2771 2445 14718 2770 2446 14719 2768 2442 14720 2780 2455 14721 2786 2465 14722 2777 2452 14723 2773 2454 14724 2776 2456 14725 2775 2451 14726 2774 2450 14727 2777 2452 14728 2773 2454 14729 2773 2454 14730 2779 2453 14731 2776 2456 14732 2778 2449 14733 2780 2455 14734 2774 2450 14735 2775 2451 14736 2781 2457 14737 2778 2449 14738 2779 2453 14739 2782 2458 14740 2776 2456 14741 2778 2449 14742 2783 2462 14743 2780 2455 14744 2781 2457 14745 2783 2462 14746 2778 2449 14747 2782 2458 14748 2785 2460 14749 2781 2457 14750 2777 2452 14751 2784 2459 14752 2779 2453 14753 2781 2457 14754 2785 2460 14755 2783 2462 14756 2777 2452 14757 2786 2465 14758 2784 2459 14759 2786 2465 14760 2789 2461 14761 2788 2463 14762 2783 2462 14763 2787 3824 14764 2780 2455 14765 2782 2458 14766 2790 2464 14767 2785 2460 14768 2784 2459 14769 2790 2464 14770 2782 2458 14771 2783 2462 14772 2789 2461 14773 2787 3824 14774 2792 2469 14775 2801 3825 14776 2800 2473 14777 2785 2460 14778 2790 2464 14779 2789 2461 14780 2796 2467 14781 2798 2470 14782 2795 2472 14783 2795 2472 14784 2799 2471 14785 2794 2475 14786 2801 3825 14787 2794 2475 14788 2802 2474 14789 2798 2470 14790 2803 2478 14791 2804 2477 14792 2806 2482 14793 2802 2474 14794 2807 2485 14795 2800 2473 14796 2803 2478 14797 2797 2466 14798 2798 2470 14799 2804 2477 14800 2799 2471 14801 2801 3825 14802 2806 2482 14803 2800 2473 14804 2802 2474 14805 2808 3826 14806 2807 2485 14807 2810 2483 14808 2804 2477 14809 2811 2479 14810 2804 2477 14811 2808 3826 14812 2799 2471 14813 2806 2482 14814 2809 2480 14815 2800 2473 14816 2808 3826 14817 2810 2483 14818 2807 2485 14819 2806 2482 14820 2813 2484 14821 2812 2481 14822 2809 2480 14823 2811 2479 14824 2805 2476 14825 2823 2495 14826 2824 2496 14827 2822 2494 14828 2809 2480 14829 2814 2488 14830 2811 2479 14831 2812 2481 14832 2814 2488 14833 2809 2480 14834 2811 2479 14835 2815 2487 14836 2810 2483 14837 2815 2487 14838 2817 2489 14839 2810 2483 14840 2813 2484 14841 2819 2491 14842 2812 2481 14843 2812 2481 14844 2821 2493 14845 2818 2490 14846 2815 2487 14847 2822 2494 14848 2817 2489 14849 2815 2487 14850 2823 2495 14851 2822 2494 14852 2818 2490 14853 2825 2497 14854 2820 2492 14855 2820 2492 14856 2826 2498 14857 2823 2495 14858 2824 2496 14859 2825 2497 14860 2821 2493 14861 2840 3827 14862 2841 2513 14863 2839 2509 14864 2829 2503 14865 2831 2505 14866 2828 2499 14867 2828 2499 14868 2834 2506 14869 2830 2500 14870 2830 2500 14871 2835 2507 14872 2833 2504 14873 2829 2503 14874 2836 2512 14875 2831 2505 14876 2832 2502 14877 2836 2512 14878 2829 2503 14879 2835 2507 14880 2838 2510 14881 2832 2502 14882 2834 2506 14883 2837 2508 14884 2830 2500 14885 2832 2502 14886 2838 2510 14887 2836 2512 14888 2831 2505 14889 2840 3827 14890 2839 2509 14891 2836 2512 14892 2840 3827 14893 2831 2505 14894 2835 2507 14895 2843 2514 14896 2838 2510 14897 2837 2508 14898 2843 2514 14899 2835 2507 14900 2836 2512 14901 2842 2511 14902 2840 3827 14903 2859 2530 14904 2856 2528 14905 2861 2532 14906 2838 2510 14907 2843 2514 14908 2842 2511 14909 2844 2522 14910 2847 2518 14911 2846 2517 14912 2845 2516 14913 2848 2520 14914 2844 2522 14915 2844 2522 14916 2850 2521 14917 2847 2518 14918 2849 2515 14919 2851 2523 14920 2845 2516 14921 2849 2515 14922 2855 2526 14923 2851 2523 14924 2855 2526 14925 2856 2528 14926 2851 2523 14927 2847 2518 14928 2858 2529 14929 2857 2527 14930 2853 2524 14931 2859 2530 14932 2858 2529 14933 2858 2529 14934 2860 2531 14935 2857 2527 14936 2857 2527 14937 2860 2531 14938 2855 2526 14939 2867 2541 14940 2873 2547 14941 2876 2550 14942 2863 2534 14943 2865 2536 14944 2862 2538 14945 2862 2538 14946 2867 2541 14947 2864 2535 14948 2862 2538 14949 2868 2537 14950 2867 2541 14951 2866 2533 14952 2869 2539 14953 2863 2534 14954 2865 2536 14955 2871 2544 14956 2868 2537 14957 2869 2539 14958 2871 2544 14959 2865 2536 14960 2869 2539 14961 2872 2542 14962 2871 2544 14963 2871 2544 14964 2873 2547 14965 2868 2537 14966 2870 2540 14967 2876 2550 14968 2875 2545 14969 2866 2533 14970 2875 2545 14971 2872 2542 14972 2887 2552 14973 2881 2558 14974 2888 2557 14975 2873 2547 14976 2879 2546 14977 2876 2550 14978 2872 2542 14979 2877 2549 14980 2874 2543 14981 2875 2545 14982 2877 2549 14983 2872 2542 14984 2876 2550 14985 2878 2548 14986 2875 2545 14987 2874 2543 14988 2877 2549 14989 2879 2546 14990 2884 2559 14991 2886 2554 14992 2883 2556 14993 2885 2553 14994 2887 2552 14995 2884 2559 14996 2901 2572 14997 2908 2583 14998 2907 2577 14999 2886 2554 15000 2888 2557 15001 2882 2555 15002 2890 2562 15003 2892 2563 15004 2889 2565 15005 2889 2565 15006 2894 2564 15007 2891 2560 15008 2897 2567 15009 2902 2573 15010 2901 2572 15011 2899 2569 15012 2904 2576 15013 2898 2566 15014 2898 2566 15015 2904 2576 15016 2902 2573 15017 2903 2574 15018 2906 2581 15019 2905 2575 15020 2900 2571 15021 2906 2581 15022 2903 2574 15023 2901 2572 15024 2907 2577 15025 2900 2571 15026 2942 2613 15027 2945 2610 15028 2944 2611 15029 2904 2576 15030 2908 2583 15031 2902 2573 15032 2900 2571 15033 2909 2578 15034 2906 2581 15035 2904 2576 15036 2910 2579 15037 2908 2583 15038 2906 2581 15039 2912 2585 15040 2911 2580 15041 2909 2578 15042 2912 2585 15043 2906 2581 15044 2910 2579 15045 2913 2582 15046 2908 2583 15047 2911 2580 15048 2915 3828 15049 2910 2579 15050 2912 2585 15051 2915 3828 15052 2911 2580 15053 2907 2577 15054 2914 2584 15055 2909 2578 15056 2910 2579 15057 2915 3828 15058 2913 2582 15059 2917 2591 15060 2919 2589 15061 2916 2588 15062 2917 2591 15063 2921 2590 15064 2919 2589 15065 2918 2587 15066 2923 2593 15067 2922 2592 15068 2924 3829 15069 2925 2596 15070 2920 2586 15071 2919 2589 15072 2924 3829 15073 2920 2586 15074 2920 2586 15075 2925 2596 15076 2923 2593 15077 2919 2589 15078 2928 2597 15079 2924 3829 15080 2924 3829 15081 2929 3830 15082 2925 2596 15083 2922 2592 15084 2930 2598 15085 2926 2594 15086 2925 2596 15087 2929 3830 15088 2927 2595 15089 2928 2597 15090 2929 3830 15091 2924 3829 15092 2933 2604 15093 2935 2602 15094 2932 2601 15095 2931 2600 15096 2936 2603 15097 2933 2604 15098 2931 2600 15099 2937 2605 15100 2936 2603 15101 2935 2602 15102 2938 2607 15103 2934 2599 15104 2936 2603 15105 2939 2609 15106 2935 2602 15107 2937 2605 15108 2941 2608 15109 2936 2603 15110 2935 2602 15111 2942 2613 15112 2938 2607 15113 2939 2609 15114 2942 2613 15115 2935 2602 15116 2940 2606 15117 2943 2612 15118 2937 2605 15119 2938 2607 15120 2943 2612 15121 2940 2606 15122 2941 2608 15123 2945 2610 15124 2939 2609 15125 2937 2605 15126 2943 2612 15127 2945 2610 15128 2950 3831 15129 2953 2620 15130 2946 2614 15131 2947 2619 15132 2950 3831 15133 2946 2614 15134 2951 2617 15135 2952 2618 15136 2948 2616 15137 2947 2619 15138 2952 2618 15139 2950 3831 15140 2949 2615 15141 2955 2621 15142 2951 2617 15143 2953 2620 15144 2955 2621 15145 2949 2615 15146 2953 2620 15147 2957 2629 15148 2955 2621 15149 2952 2618 15150 2954 2624 15151 2950 3831 15152 2955 2621 15153 2956 2625 15154 2952 2618 15155 2952 2618 15156 2956 2625 15157 2954 2624 15158 2955 2621 15159 2957 2629 15160 2960 2628 15161 2956 2625 15162 2960 2628 15163 2959 2626 15164 2954 2624 15165 2958 2623 15166 2953 2620 15167 2959 2626 15168 2962 2627 15169 2964 2631 15170 2958 2623 15171 2962 2627 15172 2957 2629 15173 2961 2622 15174 2963 2630 15175 2958 2623 15176 2961 2622 15177 2964 2631 15178 2963 2630 15179 2976 3832 15180 2971 3833 15181 2974 3834 15182 2969 2636 15183 2968 2633 15184 2965 2632 15185 2970 2637 15186 2969 2636 15187 2966 2635 15188 2968 2633 15189 2970 2637 15190 2967 2634 15191 2974 3834 15192 2972 3835 15193 2975 3836 15194 2973 3837 15195 2975 3836 15196 2972 3835 15197 2985 2648 15198 2988 2650 15199 2984 2645 15200 2978 2642 15201 2980 2644 15202 2977 2640 15203 2979 2639 15204 2982 2638 15205 2981 2641 15206 2978 2642 15207 2984 2645 15208 2980 2644 15209 2983 2643 15210 2985 2648 15211 2982 2638 15212 2982 2638 15213 2985 2648 15214 2981 2641 15215 2985 2648 15216 2984 2645 15217 2981 2641 15218 2980 2644 15219 2986 2646 15220 2983 2643 15221 2987 2647 15222 2989 2652 15223 2985 2648 15224 2984 2645 15225 2988 2650 15226 2986 2646 15227 2991 2653 15228 2995 2656 15229 2999 2657 15230 2990 2649 15231 2993 2654 15232 2987 2647 15233 2989 2652 15234 2992 2651 15235 2988 2650 15236 2991 2653 15237 2996 2658 15238 2994 2655 15239 2997 2659 15240 2996 2658 15241 2998 2663 15242 2995 2656 15243 2997 2659 15244 3000 2660 15245 3000 2660 15246 3001 2662 15247 3003 2664 15248 2999 2657 15249 2998 2663 15250 2996 2658 15251 2998 2663 15252 3001 2662 15253 2997 2659 15254 2999 2657 15255 3002 2661 15256 2998 2663 15257 3003 2664 15258 3006 3838 15259 3002 2661 15260 2999 2657 15261 3003 2664 15262 3002 2661 15263 3001 2662 15264 3005 2666 15265 3004 2665 15266 3002 2661 15267 3006 3838 15268 3005 2666 15269 3015 2676 15270 3020 2680 15271 3016 2674 15272 3004 2665 15273 3007 2668 15274 3003 2664 15275 3005 2666 15276 3008 2667 15277 3004 2665 15278 3006 3838 15279 3009 3839 15280 3005 2666 15281 3007 2668 15282 3009 3839 15283 3006 3838 15284 3005 2666 15285 3009 3839 15286 3008 2667 15287 3012 2675 15288 3014 2673 15289 3011 2669 15290 3010 2671 15291 3015 2676 15292 3012 2675 15293 3015 2676 15294 3016 2674 15295 3012 2675 15296 3014 2673 15297 3020 2680 15298 3019 2678 15299 3015 2676 15300 3022 2679 15301 3021 2682 15302 3024 2685 15303 3027 3840 15304 3028 2686 15305 3018 2677 15306 3023 2684 15307 3022 2679 15308 3019 2678 15309 3023 2684 15310 3018 2677 15311 3023 2684 15312 3025 2681 15313 3022 2679 15314 3020 2680 15315 3024 2685 15316 3019 2678 15317 3021 2682 15318 3024 2685 15319 3020 2680 15320 3044 2701 15321 3049 2708 15322 3043 3841 15323 3025 2681 15324 3027 3840 15325 3021 2682 15326 3023 2684 15327 3029 3842 15328 3025 2681 15329 3026 2683 15330 3029 3842 15331 3023 2684 15332 3028 2686 15333 3029 3842 15334 3026 2683 15335 3025 2681 15336 3029 3842 15337 3027 3840 15338 3031 3843 15339 3034 2691 15340 3030 2687 15341 3030 2687 15342 3035 2692 15343 3033 2688 15344 3032 2689 15345 3034 2691 15346 3031 3843 15347 3033 2688 15348 3042 2697 15349 3036 2690 15350 3036 2690 15351 3042 2697 15352 3037 2693 15353 3038 2694 15354 3041 2698 15355 3039 2695 15356 3037 2693 15357 3042 2697 15358 3038 2694 15359 3041 2698 15360 3040 2696 15361 3039 2695 15362 3045 2704 15363 3046 2699 15364 3044 2701 15365 3045 2704 15366 3048 2703 15367 3046 2699 15368 3043 3841 15369 3049 2708 15370 3045 2704 15371 3059 3844 15372 3058 2713 15373 3060 2716 15374 3047 2700 15375 3050 2706 15376 3044 2701 15377 3049 2708 15378 3051 2702 15379 3045 2704 15380 3047 2700 15381 3052 2705 15382 3050 2706 15383 3049 2708 15384 3053 2707 15385 3051 2702 15386 3048 2703 15387 3052 2705 15388 3046 2699 15389 3052 2705 15390 3054 2712 15391 3050 2706 15392 3048 2703 15393 3055 2710 15394 3052 2705 15395 3051 2702 15396 3055 2710 15397 3048 2703 15398 3054 2712 15399 3053 2707 15400 3050 2706 15401 3052 2705 15402 3057 2711 15403 3054 2712 15404 3051 2702 15405 3056 2709 15406 3055 2710 15407 3053 2707 15408 3058 2713 15409 3056 2709 15410 3057 2711 15411 3058 2713 15412 3054 2712 15413 3056 2709 15414 3057 2711 15415 3055 2710 15416 3058 2713 15417 3061 3845 15418 3060 2716 15419 3056 2709 15420 3061 3845 15421 3057 2711 15422 3059 3844 15423 3064 2715 15424 3063 2718 15425 3061 3845 15426 3062 2714 15427 3060 2716 15428 3062 2714 15429 3059 3844 15430 3063 2718 15431 3071 2722 15432 3076 3846 15433 3075 2728 15434 3062 2714 15435 3065 2720 15436 3064 2715 15437 3063 2718 15438 3066 2719 15439 3062 2714 15440 3064 2715 15441 3065 2720 15442 3067 2717 15443 3070 2727 15444 3072 2725 15445 3069 2721 15446 3068 2723 15447 3073 2726 15448 3070 2727 15449 3071 2722 15450 3077 2729 15451 3074 2724 15452 3073 2726 15453 3076 3846 15454 3072 2725 15455 3074 2724 15456 3077 2729 15457 3073 2726 15458 3084 2735 15459 3088 2739 15460 3087 2740 15461 3073 2726 15462 3077 2729 15463 3076 3846 15464 3080 2737 15465 3082 2734 15466 3079 2730 15467 3078 2732 15468 3083 2738 15469 3080 2737 15470 3079 2730 15471 3084 2735 15472 3081 2731 15473 3083 2738 15474 3085 2736 15475 3080 2737 15476 3081 2731 15477 3089 2741 15478 3086 2733 15479 3085 2736 15480 3088 2739 15481 3082 2734 15482 3086 2733 15483 3089 2741 15484 3083 2738 15485 3110 2763 15486 3112 2764 15487 3113 2765 15488 3083 2738 15489 3089 2741 15490 3088 2739 15491 3091 2749 15492 3094 2746 15493 3090 2742 15494 3090 2742 15495 3095 2747 15496 3093 2743 15497 3092 2744 15498 3096 2748 15499 3091 2749 15500 3092 2744 15501 3099 2750 15502 3096 2748 15503 3093 2743 15504 3100 2753 15505 3097 2745 15506 3094 2746 15507 3098 2751 15508 3095 2747 15509 3096 2748 15510 3099 2750 15511 3094 2746 15512 3097 2745 15513 3100 2753 15514 3099 2750 15515 3099 2750 15516 3102 2755 15517 3098 2751 15518 3100 2753 15519 3101 2752 15520 3103 2754 15521 3107 2756 15522 3110 2763 15523 3106 2757 15524 3106 2757 15525 3110 2763 15526 3108 2759 15527 3116 2768 15528 3121 2770 15529 3120 2774 15530 3112 2764 15531 3115 2767 15532 3114 2766 15533 3111 2762 15534 3116 2768 15535 3115 2767 15536 3114 2766 15537 3116 2768 15538 3113 2765 15539 3115 2767 15540 3121 2770 15541 3114 2766 15542 3116 2768 15543 3117 2772 15544 3115 2767 15545 3117 2772 15546 3118 2769 15547 3115 2767 15548 3116 2768 15549 3120 2774 15550 3119 2771 15551 3118 2769 15552 3124 2776 15553 3123 2775 15554 3118 2769 15555 3122 2773 15556 3121 2770 15557 3124 2776 15558 3120 2774 15559 3125 2777 15560 3126 2778 15561 3131 3847 15562 3130 2781 15563 3123 2775 15564 3125 2777 15565 3122 2773 15566 3123 2775 15567 3127 2779 15568 3126 2778 15569 3124 2776 15570 3128 2780 15571 3127 2779 15572 3126 2778 15573 3128 2780 15574 3125 2777 15575 3128 2780 15576 3129 2783 15577 3127 2779 15578 3126 2778 15579 3129 2783 15580 3128 2780 15581 3163 2813 15582 3168 2818 15583 3167 2817 15584 3129 2783 15585 3131 3847 15586 3127 2779 15587 3126 2778 15588 3130 2781 15589 3129 2783 15590 3131 3847 15591 3132 2784 15592 3130 2781 15593 3129 2783 15594 3133 2785 15595 3131 3847 15596 3133 2785 15597 3132 2784 15598 3131 3847 15599 3137 2793 15600 3139 2790 15601 3136 2786 15602 3136 2786 15603 3141 2791 15604 3138 2787 15605 3135 2788 15606 3142 2792 15607 3137 2793 15608 3135 2788 15609 3143 2794 15610 3142 2792 15611 3143 2794 15612 3145 2796 15613 3142 2792 15614 3138 2787 15615 3146 2800 15616 3144 2795 15617 3141 2791 15618 3146 2800 15619 3138 2787 15620 3145 2796 15621 3147 2797 15622 3139 2790 15623 3144 2795 15624 3148 2798 15625 3143 2794 15626 3146 2800 15627 3150 3848 15628 3144 2795 15629 3149 2799 15630 3150 3848 15631 3146 2800 15632 3145 2796 15633 3149 2799 15634 3147 2797 15635 3144 2795 15636 3150 3848 15637 3148 2798 15638 3151 2803 15639 3154 2802 15640 3156 2806 15641 3152 2801 15642 3155 2805 15643 3154 2802 15644 3156 2806 15645 3155 2805 15646 3153 2804 15647 3157 2811 15648 3161 2812 15649 3159 2807 15650 3157 2811 15651 3163 2813 15652 3164 2814 15653 3160 2808 15654 3166 2816 15655 3165 2815 15656 3169 2822 15657 3164 2814 15658 3167 2817 15659 3165 2815 15660 3168 2818 15661 3162 2810 15662 3166 2816 15663 3170 2821 15664 3165 2815 15665 3166 2816 15666 3169 2822 15667 3170 2821 15668 3169 2822 15669 3171 2819 15670 3172 2820 15671 3165 2815 15672 3170 2821 15673 3168 2818 15674 3171 2819 15675 3175 2826 15676 3174 2829 15677 3170 2821 15678 3173 2827 15679 3168 2818 15680 3172 2820 15681 3173 2827 15682 3170 2821 15683 3174 2829 15684 3177 2832 15685 3171 2819 15686 3174 2829 15687 3183 2831 15688 3177 2832 15689 3173 2827 15690 3175 2826 15691 3168 2818 15692 3172 2820 15693 3176 2824 15694 3173 2827 15695 3171 2819 15696 3177 2832 15697 3172 2820 15698 3177 2832 15699 3178 2823 15700 3172 2820 15701 3176 2824 15702 3179 2825 15703 3173 2827 15704 3179 2825 15705 3180 2828 15706 3175 2826 15707 3187 2842 15708 3193 3849 15709 3192 2840 15710 3176 2824 15711 3182 2835 15712 3179 2825 15713 3178 2823 15714 3182 2835 15715 3176 2824 15716 3180 2828 15717 3184 2833 15718 3181 2830 15719 3182 2835 15720 3184 2833 15721 3179 2825 15722 3184 2833 15723 3186 2836 15724 3181 2830 15725 3187 2842 15726 3191 2841 15727 3189 2837 15728 3193 3849 15729 3190 2838 15730 3194 2843 15731 3194 2843 15732 3191 2841 15733 3195 2845 15734 3196 2844 15735 3193 3849 15736 3197 2848 15737 3192 2840 15738 3195 2845 15739 3191 2841 15740 3193 3849 15741 3198 2847 15742 3197 2848 15743 3204 2851 15744 3206 2858 15745 3209 2860 15746 3195 2845 15747 3198 2847 15748 3194 2843 15749 3196 2844 15750 3199 2846 15751 3195 2845 15752 3198 2847 15753 3201 2854 15754 3197 2848 15755 3199 2846 15756 3201 2854 15757 3198 2847 15758 3196 2844 15759 3200 2849 15760 3199 2846 15761 3201 2854 15762 3202 2850 15763 3197 2848 15764 3202 2850 15765 3203 2852 15766 3200 2849 15767 3199 2846 15768 3204 2851 15769 3201 2854 15770 3202 2850 15771 3206 2858 15772 3203 2852 15773 3202 2850 15774 3208 2855 15775 3207 2856 15776 3202 2850 15777 3207 2856 15778 3206 2858 15779 3211 2862 15780 3213 2863 15781 3207 2856 15782 3209 2860 15783 3208 2855 15784 3204 2851 15785 3208 2855 15786 3211 2862 15787 3207 2856 15788 3209 2860 15789 3211 2862 15790 3208 2855 15791 3210 2857 15792 3212 2859 15793 3206 2858 15794 3209 2860 15795 3212 2859 15796 3211 2862 15797 3210 2857 15798 3215 2864 15799 3212 2859 15800 3228 2877 15801 3231 2880 15802 3224 2873 15803 3212 2859 15804 3215 2864 15805 3214 2861 15806 3218 2871 15807 3220 2869 15808 3217 2865 15809 3216 2867 15810 3221 2870 15811 3218 2871 15812 3219 2866 15813 3226 2875 15814 3222 2868 15815 3221 2870 15816 3223 2872 15817 3220 2869 15818 3223 2872 15819 3225 2874 15820 3219 2866 15821 3222 2868 15822 3226 2875 15823 3224 2873 15824 3225 2874 15825 3228 2877 15826 3226 2875 15827 3224 2873 15828 3227 2876 15829 3223 2872 15830 3225 2874 15831 3229 2878 15832 3228 2877 15833 3227 2876 15834 3231 2880 15835 3229 2878 15836 3233 3850 15837 3231 2880 15838 3234 2886 15839 3229 2878 15840 3232 2882 15841 3230 2879 15842 3236 2881 15843 3238 2885 15844 3237 2883 15845 3231 2880 15846 3235 2884 15847 3234 2886 15848 3230 2879 15849 3235 2884 15850 3231 2880 15851 3232 2882 15852 3235 2884 15853 3230 2879 15854 3233 3850 15855 3236 2881 15856 3229 2878 15857 3232 2882 15858 3237 2883 15859 3235 2884 15860 3237 2883 15861 3239 3851 15862 3235 2884 15863 3234 2886 15864 3238 2885 15865 3233 3850 15866 3243 2888 15867 3247 2892 15868 3246 3852 15869 3235 2884 15870 3239 3851 15871 3238 2885 15872 3240 2889 15873 3245 2891 15874 3242 2893 15875 3242 2893 15876 3247 2892 15877 3241 2887 15878 3243 2888 15879 3246 3852 15880 3244 2890 15881 3244 2890 15882 3250 3853 15883 3249 2895 15884 3247 2892 15885 3250 3853 15886 3246 3852 15887 3247 2892 15888 3248 2894 15889 3250 3853 15890 3245 2891 15891 3249 2895 15892 3248 2894 15893 3267 3854 15894 3268 3855 15895 3270 3856 15896 3250 3853 15897 3252 2898 15898 3249 2895 15899 3248 2894 15900 3253 2897 15901 3250 3853 15902 3253 2897 15903 3252 2898 15904 3250 3853 15905 3254 2900 15906 3257 2904 15907 3256 2903 15908 3257 2904 15909 3261 2907 15910 3256 2903 15911 3256 2903 15912 3261 2907 15913 3258 2902 15914 3260 2905 15915 3264 3857 15916 3259 2899 15917 3262 2906 15918 3264 3857 15919 3260 2905 15920 3263 2908 15921 3262 2906 15922 3261 2907 15923 3259 2899 15924 3264 3857 15925 3263 2908 15926 3265 3858 15927 3269 3859 15928 3268 3855 15929 3266 3860 15930 3270 3856 15931 3269 3859 15932 3271 3861 15933 3275 3862 15934 3274 3863 15935 3272 3864 15936 3276 3865 15937 3275 3862 15938 3273 3866 15939 3274 3863 15940 3276 3865 15941 3279 2913 15942 3283 2915 15943 3282 2916 15944 3282 2916 15945 3281 2912 15946 3279 2913 15947 3300 2935 15948 3303 2931 15949 3304 2933 15950 3280 2909 15951 3283 2915 15952 3277 2910 15953 3281 2912 15954 3285 2917 15955 3284 2914 15956 3282 2916 15957 3286 2918 15958 3285 2917 15959 3284 2914 15960 3287 2920 15961 3286 2918 15962 3286 2918 15963 3289 2921 15964 3285 2917 15965 3288 2919 15966 3287 2920 15967 3284 2914 15968 3293 2923 15969 3295 2927 15970 3290 2924 15971 3294 2926 15972 3293 2923 15973 3291 2922 15974 3295 2927 15975 3294 2926 15976 3292 2925 15977 3298 2929 15978 3300 2935 15979 3297 3867 15980 3296 2930 15981 3301 2932 15982 3299 2928 15983 3297 3867 15984 3301 2932 15985 3296 2930 15986 3300 2935 15987 3302 2934 15988 3297 3867 15989 3297 3867 15990 3302 2934 15991 3301 2932 15992 3303 2931 15993 3308 2938 15994 3307 2940 15995 3305 2936 15996 3306 2937 15997 3302 2934 15998 3303 2931 15999 3305 2936 16000 3304 2933 16001 3314 2943 16002 3317 2948 16003 3313 2945 16004 3308 2938 16005 3309 2939 16006 3307 2940 16007 3306 2937 16008 3311 2942 16009 3310 2941 16010 3310 2941 16011 3314 2943 16012 3308 2938 16013 3309 2939 16014 3313 2945 16015 3311 2942 16016 3309 2939 16017 3314 2943 16018 3313 2945 16019 3310 2941 16020 3315 2946 16021 3314 2943 16022 3324 2952 16023 3319 2949 16024 3323 2957 16025 3312 2944 16026 3317 2948 16027 3315 2946 16028 3315 2946 16029 3320 2950 16030 3316 2947 16031 3315 2946 16032 3318 2954 16033 3320 2950 16034 3317 2948 16035 3318 2954 16036 3315 2946 16037 3316 2947 16038 3320 2950 16039 3319 2949 16040 3317 2948 16041 3319 2949 16042 3318 2954 16043 3319 2949 16044 3321 2951 16045 3323 2957 16046 3322 2953 16047 3321 2951 16048 3320 2950 16049 3318 2954 16050 3322 2953 16051 3320 2950 16052 3333 2962 16053 3338 2968 16054 3332 2959 16055 3321 2951 16056 3325 2955 16057 3323 2957 16058 3322 2953 16059 3326 2958 16060 3321 2951 16061 3324 2952 16062 3326 2958 16063 3322 2953 16064 3323 2957 16065 3327 2956 16066 3324 2952 16067 3327 2956 16068 3326 2958 16069 3324 2952 16070 3329 2965 16071 3331 2963 16072 3328 2961 16073 3329 2965 16074 3334 2964 16075 3331 2963 16076 3332 2959 16077 3335 2969 16078 3330 2960 16079 3335 2969 16080 3336 2966 16081 3330 2960 16082 3339 2970 16083 3336 2966 16084 3340 3868 16085 3331 2963 16086 3339 2970 16087 3337 2967 16088 3378 3006 16089 3381 3009 16090 3380 3010 16091 3338 2968 16092 3340 3868 16093 3336 2966 16094 3337 2967 16095 3341 3869 16096 3338 2968 16097 3339 2970 16098 3341 3869 16099 3337 2967 16100 3338 2968 16101 3341 3869 16102 3340 3868 16103 3344 2977 16104 3345 2976 16105 3343 2973 16106 3342 2972 16107 3346 2974 16108 3344 2977 16109 3347 2971 16110 3351 2980 16111 3346 2974 16112 3348 2975 16113 3349 2979 16114 3347 2971 16115 3345 2976 16116 3349 2979 16117 3348 2975 16118 3346 2974 16119 3350 2978 16120 3345 2976 16121 3347 2971 16122 3349 2979 16123 3351 2980 16124 3352 2988 16125 3356 2984 16126 3355 2983 16127 3352 2988 16128 3358 2987 16129 3356 2984 16130 3354 2982 16131 3360 2989 16132 3353 2986 16133 3354 2982 16134 3361 2990 16135 3360 2989 16136 3358 2987 16137 3362 2991 16138 3356 2984 16139 3357 2981 16140 3363 2995 16141 3361 2990 16142 3359 2985 16143 3363 2995 16144 3357 2981 16145 3361 2990 16146 3364 2992 16147 3360 2989 16148 3358 2987 16149 3367 2994 16150 3362 2991 16151 3365 2993 16152 3368 2997 16153 3363 2995 16154 3367 2994 16155 3370 2998 16156 3365 2993 16157 3365 2993 16158 3370 2998 16159 3368 2997 16160 3371 3002 16161 3376 3004 16162 3373 3008 16163 3373 3008 16164 3375 3005 16165 3372 3000 16166 3372 3000 16167 3378 3006 16168 3374 3001 16169 3376 3004 16170 3379 3007 16171 3373 3008 16172 3377 3003 16173 3382 3011 16174 3376 3004 16175 3374 3001 16176 3382 3011 16177 3377 3003 16178 3379 3007 16179 3381 3009 16180 3375 3005 16181 3389 3019 16182 3386 3012 16183 3390 3022 16184 3376 3004 16185 3382 3011 16186 3381 3009 16187 3385 3017 16188 3387 3015 16189 3384 3014 16190 3383 3013 16191 3388 3016 16192 3385 3017 16193 3386 3012 16194 3388 3016 16195 3383 3013 16196 3394 3021 16197 3395 3024 16198 3390 3022 16199 3386 3012 16200 3391 3018 16201 3390 3022 16202 3389 3019 16203 3392 3020 16204 3387 3015 16205 3390 3022 16206 3393 3026 16207 3389 3019 16208 3389 3019 16209 3393 3026 16210 3392 3020 16211 3393 3026 16212 3397 3025 16213 3392 3020 16214 3398 3027 16215 3402 3870 16216 3401 3028 16217 3392 3020 16218 3397 3025 16219 3396 3023 16220 3418 3871 16221 3422 3048 16222 3416 3047 16223 3399 3031 16224 3403 3030 16225 3402 3870 16226 3400 3029 16227 3401 3028 16228 3403 3030 16229 3406 3037 16230 3407 3036 16231 3405 3032 16232 3404 3034 16233 3408 3035 16234 3406 3037 16235 3405 3032 16236 3407 3036 16237 3409 3033 16238 3408 3035 16239 3410 3039 16240 3407 3036 16241 3409 3033 16242 3410 3039 16243 3408 3035 16244 3411 3038 16245 3414 3041 16246 3409 3033 16247 3412 3040 16248 3411 3038 16249 3407 3036 16250 3409 3033 16251 3414 3041 16252 3410 3039 16253 3411 3038 16254 3413 3872 16255 3414 3041 16256 3412 3040 16257 3413 3872 16258 3411 3038 16259 3417 3043 16260 3418 3871 16261 3416 3047 16262 3418 3871 16263 3424 3049 16264 3423 3873 16265 3425 3050 16266 3423 3873 16267 3427 3055 16268 3420 3045 16269 3428 3051 16270 3419 3042 16271 3425 3050 16272 3426 3052 16273 3420 3045 16274 3423 3873 16275 3428 3051 16276 3427 3055 16277 3432 3874 16278 3429 3053 16279 3433 3875 16280 3426 3052 16281 3430 3054 16282 3428 3051 16283 3427 3055 16284 3429 3053 16285 3425 3050 16286 3430 3054 16287 3431 3056 16288 3427 3055 16289 3426 3052 16290 3432 3874 16291 3430 3054 16292 3460 3082 16293 3461 3084 16294 3465 3088 16295 3431 3056 16296 3433 3875 16297 3429 3053 16298 3432 3874 16299 3434 3057 16300 3430 3054 16301 3430 3054 16302 3434 3057 16303 3431 3056 16304 3433 3875 16305 3434 3057 16306 3432 3874 16307 3431 3056 16308 3435 3059 16309 3433 3875 16310 3435 3059 16311 3434 3057 16312 3433 3875 16313 3439 3066 16314 3441 3064 16315 3438 3060 16316 3437 3062 16317 3442 3065 16318 3439 3066 16319 3440 3061 16320 3446 3069 16321 3443 3063 16322 3441 3064 16323 3444 3068 16324 3440 3061 16325 3442 3065 16326 3445 3067 16327 3441 3064 16328 3443 3063 16329 3446 3069 16330 3442 3065 16331 3444 3068 16332 3446 3069 16333 3440 3061 16334 3447 3072 16335 3450 3071 16336 3452 3075 16337 3451 3073 16338 3450 3071 16339 3448 3070 16340 3449 3074 16341 3452 3075 16342 3451 3073 16343 3454 3083 16344 3457 3080 16345 3453 3078 16346 3455 3077 16347 3458 3081 16348 3454 3083 16349 3456 3076 16350 3461 3084 16351 3455 3077 16352 3454 3083 16353 3460 3082 16354 3457 3080 16355 3456 3076 16356 3462 3085 16357 3461 3084 16358 3460 3082 16359 3459 3079 16360 3457 3080 16361 3459 3079 16362 3465 3088 16363 3464 3087 16364 3466 3089 16365 3467 3091 16366 3470 3093 16367 3466 3089 16368 3469 3096 16369 3465 3088 16370 3464 3087 16371 3468 3090 16372 3467 3091 16373 3469 3096 16374 3468 3090 16375 3465 3088 16376 3468 3090 16377 3471 3092 16378 3467 3091 16379 3471 3092 16380 3476 3099 16381 3475 3876 16382 3473 3095 16383 3472 3877 16384 3468 3090 16385 3469 3096 16386 3473 3095 16387 3468 3090 16388 3470 3093 16389 3474 3094 16390 3469 3096 16391 3470 3093 16392 3471 3092 16393 3474 3094 16394 3473 3095 16395 3476 3099 16396 3472 3877 16397 3474 3094 16398 3475 3876 16399 3477 3097 16400 3473 3095 16401 3477 3097 16402 3476 3099 16403 3475 3876 16404 3479 3098 16405 3478 3101 16406 3480 3100 16407 3475 3876 16408 3478 3101 16409 3480 3100 16410 3481 3103 16411 3479 3098 16412 3479 3098 16413 3483 3104 16414 3478 3101 16415 3490 3108 16416 3494 3117 16417 3493 3114 16418 3478 3101 16419 3483 3104 16420 3482 3102 16421 3486 3106 16422 3488 3111 16423 3485 3109 16424 3489 3112 16425 3491 3110 16426 3485 3109 16427 3494 3117 16428 3489 3112 16429 3495 3115 16430 3510 3129 16431 3514 3134 16432 3509 3128 16433 3493 3114 16434 3495 3115 16435 3492 3113 16436 3495 3115 16437 3496 3121 16438 3494 3117 16439 3493 3114 16440 3497 3116 16441 3498 3118 16442 3496 3121 16443 3497 3116 16444 3494 3117 16445 3495 3115 16446 3498 3118 16447 3496 3121 16448 3497 3116 16449 3501 3878 16450 3498 3118 16451 3496 3121 16452 3499 3120 16453 3497 3116 16454 3497 3116 16455 3499 3120 16456 3501 3878 16457 3501 3878 16458 3500 3119 16459 3498 3118 16460 3502 3125 16461 3505 3126 16462 3504 3122 16463 3504 3122 16464 3507 3127 16465 3506 3123 16466 3506 3123 16467 3508 3131 16468 3502 3125 16469 3508 3131 16470 3510 3129 16471 3502 3125 16472 3505 3126 16473 3512 3132 16474 3507 3127 16475 3512 3132 16476 3513 3133 16477 3511 3130 16478 3546 3168 16479 3548 3169 16480 3544 3163 16481 3518 3142 16482 3520 3140 16483 3517 3136 16484 3516 3138 16485 3521 3143 16486 3518 3142 16487 3521 3143 16488 3522 3141 16489 3518 3142 16490 3519 3137 16491 3526 3146 16492 3523 3139 16493 3520 3140 16494 3524 3145 16495 3519 3137 16496 3522 3141 16497 3525 3144 16498 3520 3140 16499 3523 3139 16500 3526 3146 16501 3521 3143 16502 3524 3145 16503 3526 3146 16504 3519 3137 16505 3529 3153 16506 3531 3151 16507 3528 3147 16508 3527 3149 16509 3532 3152 16510 3529 3153 16511 3530 3148 16512 3536 3156 16513 3533 3150 16514 3531 3151 16515 3534 3155 16516 3530 3148 16517 3532 3152 16518 3535 3154 16519 3531 3151 16520 3533 3150 16521 3536 3156 16522 3532 3152 16523 3534 3155 16524 3536 3156 16525 3530 3148 16526 3541 3160 16527 3540 3157 16528 3537 3159 16529 3538 3161 16530 3542 3162 16531 3541 3160 16532 3539 3158 16533 3540 3157 16534 3542 3162 16535 3545 3166 16536 3546 3168 16537 3544 3163 16538 3547 3164 16539 3550 3170 16540 3545 3166 16541 3551 3176 16542 3559 3180 16543 3558 3174 16544 3545 3166 16545 3550 3170 16546 3549 3167 16547 3551 3176 16548 3555 3171 16549 3554 3173 16550 3554 3173 16551 3556 3172 16552 3553 3178 16553 3551 3176 16554 3557 3175 16555 3555 3171 16556 3552 3879 16557 3560 3177 16558 3559 3180 16559 3560 3177 16560 3562 3187 16561 3561 3179 16562 3556 3172 16563 3563 3181 16564 3562 3187 16565 3558 3174 16566 3565 3183 16567 3557 3175 16568 3558 3174 16569 3564 3182 16570 3569 3185 16571 3561 3179 16572 3568 3186 16573 3567 3188 16574 3561 3179 16575 3567 3188 16576 3564 3182 16577 3563 3181 16578 3569 3185 16579 3568 3186 16580 3568 3186 16581 3571 3189 16582 3570 3190 16583 3573 3192 16584 3571 3189 16585 3574 3191 16586 3567 3188 16587 3572 3193 16588 3566 3184 16589 3570 3190 16590 3573 3192 16591 3567 3188 16592 3572 3193 16593 3574 3191 16594 3566 3184 16595 3581 3202 16596 3584 3203 16597 3580 3197 16598 3573 3192 16599 3576 3196 16600 3572 3193 16601 3574 3191 16602 3577 3195 16603 3573 3192 16604 3577 3195 16605 3576 3196 16606 3573 3192 16607 3578 3200 16608 3581 3202 16609 3580 3197 16610 3582 3198 16611 3583 3204 16612 3578 3200 16613 3578 3200 16614 3583 3204 16615 3585 3201 16616 3592 3880 16617 3586 3207 16618 3590 3206 16619 3588 3208 16620 3592 3880 16621 3591 3209 16622 3587 3205 16623 3591 3209 16624 3590 3206 16625 3601 3218 16626 3602 3221 16627 3606 3220 16628 3594 3217 16629 3597 3214 16630 3593 3212 16631 3595 3211 16632 3598 3215 16633 3594 3217 16634 3594 3217 16635 3600 3216 16636 3597 3214 16637 3595 3211 16638 3601 3218 16639 3598 3215 16640 3602 3221 16641 3599 3213 16642 3603 3881 16643 3599 3213 16644 3604 3882 16645 3603 3881 16646 3600 3216 16647 3604 3882 16648 3597 3214 16649 3600 3216 16650 3605 3222 16651 3609 3224 16652 3605 3222 16653 3601 3218 16654 3606 3220 16655 3603 3881 16656 3607 3219 16657 3602 3221 16658 3603 3881 16659 3609 3224 16660 3608 3226 16661 3605 3222 16662 3607 3219 16663 3610 3223 16664 3617 3234 16665 3620 3235 16666 3616 3229 16667 3611 3225 16668 3613 3228 16669 3607 3219 16670 3609 3224 16671 3612 3227 16672 3611 3225 16673 3610 3223 16674 3613 3228 16675 3612 3227 16676 3614 3232 16677 3617 3234 16678 3616 3229 16679 3618 3230 16680 3619 3236 16681 3614 3232 16682 3614 3232 16683 3619 3236 16684 3621 3233 16685 3629 3883 16686 3622 3239 16687 3633 3240 16688 3625 3884 16689 3626 3246 16690 3624 3242 16691 3626 3246 16692 3628 3241 16693 3624 3242 16694 3625 3884 16695 3629 3883 16696 3626 3246 16697 3650 3263 16698 3657 3270 16699 3656 3267 16700 3629 3883 16701 3632 3245 16702 3626 3246 16703 3629 3883 16704 3633 3240 16705 3632 3245 16706 3628 3241 16707 3635 3248 16708 3630 3243 16709 3632 3245 16710 3636 3251 16711 3628 3241 16712 3633 3240 16713 3636 3251 16714 3632 3245 16715 3636 3251 16716 3637 3249 16717 3628 3241 16718 3639 3252 16719 3640 3253 16720 3634 3247 16721 3635 3248 16722 3643 3256 16723 3639 3252 16724 3637 3249 16725 3643 3256 16726 3635 3248 16727 3639 3252 16728 3643 3256 16729 3640 3253 16730 3636 3251 16731 3642 3255 16732 3637 3249 16733 3640 3253 16734 3643 3256 16735 3641 3254 16736 3644 3261 16737 3648 3262 16738 3646 3257 16739 3646 3257 16740 3650 3263 16741 3647 3258 16742 3644 3261 16743 3652 3265 16744 3651 3264 16745 3647 3258 16746 3653 3268 16747 3649 3260 16748 3650 3263 16749 3653 3268 16750 3647 3258 16751 3652 3265 16752 3655 3269 16753 3651 3264 16754 3653 3268 16755 3654 3266 16756 3649 3260 16757 3651 3264 16758 3655 3269 16759 3648 3262 16760 3660 3278 16761 3652 3265 16762 3658 3276 16763 3652 3265 16764 3659 3272 16765 3658 3276 16766 3669 3284 16767 3671 3285 16768 3667 3279 16769 3653 3268 16770 3659 3272 16771 3654 3266 16772 3655 3269 16773 3660 3278 16774 3657 3270 16775 3657 3270 16776 3662 3273 16777 3656 3267 16778 3660 3278 16779 3662 3273 16780 3657 3270 16781 3661 3271 16782 3663 3274 16783 3659 3272 16784 3658 3276 16785 3664 3277 16786 3660 3278 16787 3664 3277 16788 3663 3274 16789 3662 3273 16790 3658 3276 16791 3665 3275 16792 3664 3277 16793 3668 3282 16794 3669 3284 16795 3667 3279 16796 3670 3280 16797 3673 3286 16798 3668 3282 16799 3684 3296 16800 3685 3301 16801 3683 3885 16802 3668 3282 16803 3673 3286 16804 3672 3283 16805 3678 3290 16806 3682 3294 16807 3676 3291 16808 3675 3287 16809 3680 3297 16810 3677 3288 16811 3675 3287 16812 3681 3293 16813 3680 3297 16814 3678 3290 16815 3683 3885 16816 3682 3294 16817 3677 3288 16818 3683 3885 16819 3678 3290 16820 3677 3288 16821 3684 3296 16822 3683 3885 16823 3680 3297 16824 3684 3296 16825 3677 3288 16826 3682 3294 16827 3687 3295 16828 3679 3292 16829 3683 3885 16830 3685 3301 16831 3682 3294 16832 3682 3294 16833 3685 3301 16834 3687 3295 16835 3687 3295 16836 3689 3300 16837 3690 3305 16838 3681 3293 16839 3687 3295 16840 3684 3296 16841 3687 3295 16842 3690 3305 16843 3688 3298 16844 3690 3305 16845 3693 3302 16846 3692 3303 16847 3688 3298 16848 3691 3304 16849 3686 3299 16850 3690 3305 16851 3691 3304 16852 3688 3298 16853 3686 3299 16854 3691 3304 16855 3693 3302 16856 3703 3316 16857 3701 3309 16858 3704 3315 16859 3696 3313 16860 3698 3310 16861 3695 3306 16862 3694 3308 16863 3700 3312 16864 3696 3313 16865 3695 3306 16866 3699 3311 16867 3697 3307 16868 3697 3307 16869 3704 3315 16870 3701 3309 16871 3698 3310 16872 3702 3314 16873 3699 3311 16874 3700 3312 16875 3703 3316 16876 3698 3310 16877 3710 3324 16878 3714 3886 16879 3713 3323 16880 3702 3314 16881 3705 3317 16882 3704 3315 16883 3703 3316 16884 3706 3887 16885 3702 3314 16886 3706 3887 16887 3705 3317 16888 3702 3314 16889 3703 3316 16890 3707 3318 16891 3706 3887 16892 3713 3323 16893 3712 3320 16894 3709 3322 16895 3735 3888 16896 3730 3340 16897 3733 3344 16898 3711 3321 16899 3712 3320 16900 3714 3886 16901 3717 3326 16902 3718 3330 16903 3716 3329 16904 3719 3325 16905 3722 3332 16906 3717 3326 16907 3721 3331 16908 3723 3333 16909 3716 3329 16910 3720 3328 16911 3726 3337 16912 3719 3325 16913 3719 3325 16914 3726 3337 16915 3722 3332 16916 3720 3328 16917 3725 3335 16918 3726 3337 16919 3724 3334 16920 3723 3333 16921 3721 3331 16922 3722 3332 16923 3726 3337 16924 3724 3334 16925 3729 3339 16926 3728 3338 16927 3725 3335 16928 3728 3338 16929 3730 3340 16930 3732 3341 16931 3727 3336 16932 3731 3342 16933 3729 3339 16934 3732 3341 16935 3731 3342 16936 3727 3336 16937 3730 3340 16938 3734 3345 16939 3733 3344 16940 3734 3345 16941 3732 3341 16942 3735 3888 16943 3735 3888 16944 3736 3349 16945 3739 3352 16946 3739 3352 16947 3741 3348 16948 3743 3350 16949 3735 3888 16950 3738 3351 16951 3734 3345 16952 3735 3888 16953 3739 3352 16954 3738 3351 16955 3733 3344 16956 3740 3346 16957 3736 3349 16958 3738 3351 16959 3742 3347 16960 3734 3345 16961 3747 3358 16962 3741 3348 16963 3745 3354 16964 3737 3343 16965 3742 3347 16966 3740 3346 16967 3744 3353 16968 3745 3354 16969 3740 3346 16970 3744 3353 16971 3747 3358 16972 3746 3357 16973 3755 3362 16974 3758 3367 16975 3760 3368 16976 3745 3354 16977 3750 3889 16978 3747 3358 16979 3746 3357 16980 3748 3356 16981 3745 3354 16982 3745 3354 16983 3748 3356 16984 3750 3889 16985 3750 3889 16986 3749 3355 16987 3747 3358 16988 3753 3365 16989 3754 3364 16990 3752 3361 16991 3751 3360 16992 3755 3362 16993 3753 3365 16994 3763 3370 16995 3760 3368 16996 3764 3372 16997 3757 3363 16998 3758 3367 16999 3756 3359 17000 3755 3362 17001 3760 3368 17002 3754 3364 17003 3759 3366 17004 3761 3371 17005 3758 3367 17006 3761 3371 17007 3762 3369 17008 3758 3367 17009 3767 3375 17010 3770 3378 17011 3769 3377 17012 3761 3371 17013 3766 3373 17014 3762 3369 17015 3763 3370 17016 3766 3373 17017 3761 3371 17018 3762 3369 17019 3765 3374 17020 3764 3372 17021 3763 3370 17022 3768 3376 17023 3767 3375 17024 3769 3377 17025 3765 3374 17026 3766 3373 17027 3781 3390 17028 3784 3393 17029 3786 3392 17030 3770 3378 17031 3772 3382 17032 3769 3377 17033 3771 3379 17034 3773 3381 17035 3770 3378 17036 3769 3377 17037 3772 3382 17038 3774 3380 17039 3775 3384 17040 3781 3390 17041 3780 3389 17042 3782 3388 17043 3780 3389 17044 3785 3395 17045 3782 3388 17046 3785 3395 17047 3784 3393 17048 3793 3400 17049 3787 3394 17050 3794 3399 17051 3780 3389 17052 3786 3392 17053 3785 3395 17054 3789 3890 17055 3788 3396 17056 3784 3393 17057 3787 3394 17058 3789 3890 17059 3784 3393 17060 3786 3392 17061 3790 3397 17062 3787 3394 17063 3789 3890 17064 3793 3400 17065 3788 3396 17066 3802 3891 17067 3805 3409 17068 3804 3412 17069 3792 3892 17070 3794 3399 17071 3787 3394 17072 3790 3397 17073 3792 3892 17074 3787 3394 17075 3788 3396 17076 3793 3400 17077 3791 3398 17078 3791 3398 17079 3792 3892 17080 3790 3397 17081 3797 3893 17082 3798 3404 17083 3796 3401 17084 3795 3403 17085 3799 3406 17086 3797 3893 17087 3796 3401 17088 3800 3405 17089 3801 3402 17090 3799 3406 17091 3798 3404 17092 3797 3893 17093 3800 3405 17094 3802 3891 17095 3801 3402 17096 3801 3402 17097 3802 3891 17098 3799 3406 17099 3802 3891 17100 3804 3412 17101 3808 3894 17102 3800 3405 17103 3806 3410 17104 3805 3409 17105 3799 3406 17106 3806 3410 17107 3803 3407 17108 3802 3891 17109 3807 3413 17110 3799 3406 17111 3826 3425 17112 3831 3432 17113 3830 3434 17114 3807 3413 17115 3809 3408 17116 3806 3410 17117 3804 3412 17118 3812 3415 17119 3808 3894 17120 3809 3408 17121 3810 3411 17122 3805 3409 17123 3808 3894 17124 3812 3415 17125 3807 3413 17126 3810 3411 17127 3812 3415 17128 3804 3412 17129 3815 3421 17130 3817 3422 17131 3814 3416 17132 3813 3418 17133 3818 3895 17134 3815 3421 17135 3816 3417 17136 3818 3895 17137 3813 3418 17138 3817 3422 17139 3816 3417 17140 3814 3416 17141 3815 3421 17142 3819 3420 17143 3817 3422 17144 3818 3895 17145 3820 3419 17146 3815 3421 17147 3816 3417 17148 3822 3423 17149 3818 3895 17150 3819 3420 17151 3821 3424 17152 3817 3422 17153 3818 3895 17154 3822 3423 17155 3820 3419 17156 3825 3896 17157 3827 3429 17158 3824 3427 17159 3823 3426 17160 3828 3428 17161 3825 3896 17162 3825 3896 17163 3828 3428 17164 3827 3429 17165 3826 3425 17166 3830 3434 17167 3829 3430 17168 3834 3433 17169 3837 3437 17170 3836 3435 17171 3828 3428 17172 3831 3432 17173 3827 3429 17174 3829 3430 17175 3832 3431 17176 3828 3428 17177 3830 3434 17178 3833 3438 17179 3829 3430 17180 3829 3430 17181 3833 3438 17182 3832 3431 17183 3830 3434 17184 3835 3436 17185 3833 3438 17186 3836 3435 17187 3835 3436 17188 3830 3434 17189 3844 3444 17190 3848 3448 17191 3847 3449 17192 3840 3446 17193 3842 3443 17194 3839 3439 17195 3838 3441 17196 3843 3447 17197 3840 3446 17198 3839 3439 17199 3844 3444 17200 3841 3440 17201 3843 3447 17202 3845 3445 17203 3840 3446 17204 3841 3440 17205 3849 3450 17206 3846 3442 17207 3845 3445 17208 3848 3448 17209 3842 3443 17210 3846 3442 17211 3849 3450 17212 3843 3447 17213 3856 3897 17214 3861 3898 17215 3858 3899 17216 3843 3447 17217 3849 3450 17218 3848 3448 17219 3853 3452 17220 3855 3456 17221 3850 3453 17222 3851 3451 17223 3854 3455 17224 3853 3452 17225 3855 3456 17226 3854 3455 17227 3852 3454 17228 3859 3900 17229 3857 3901 17230 3860 3902 17231 3860 3902 17232 3858 3899 17233 3861 3898 17234 3873 3468 17235 3875 3473 17236 3874 3472 17237 3863 3462 17238 3865 3461 17239 3862 3459 17240 3865 3461 17241 3867 3457 17242 3862 3459 17243 3863 3462 17244 3866 3463 17245 3868 3460 17246 3864 3458 17247 3867 3457 17248 3866 3463 17249 3865 3461 17250 3868 3460 17251 3867 3457 17252 3866 3463 17253 3869 3465 17254 3868 3460 17255 3867 3457 17256 3869 3465 17257 3866 3463 17258 3871 3464 17259 3872 3467 17260 3867 3457 17261 3868 3460 17262 3873 3468 17263 3871 3464 17264 3869 3465 17265 3876 3469 17266 3870 3466 17267 3871 3464 17268 3873 3468 17269 3872 3467 17270 3874 3472 17271 3878 3470 17272 3873 3468 17273 3876 3469 17274 3878 3470 17275 3877 3903 17276 3876 3469 17277 3875 3473 17278 3870 3466 17279 3877 3903 17280 3879 3471 17281 3876 3469 17282 3878 3470 17283 3880 3904 17284 3877 3903 17285 3908 3905 17286 3906 3906 17287 3909 3907 17288 3878 3470 17289 3874 3472 17290 3880 3904 17291 3882 3479 17292 3886 3478 17293 3881 3474 17294 3883 3476 17295 3884 3480 17296 3882 3479 17297 3881 3474 17298 3886 3478 17299 3885 3475 17300 3884 3480 17301 3887 3477 17302 3882 3479 17303 3886 3478 17304 3888 3483 17305 3885 3475 17306 3887 3477 17307 3888 3483 17308 3886 3478 17309 3887 3477 17310 3891 3484 17311 3888 3483 17312 3885 3475 17313 3892 3485 17314 3889 3481 17315 3889 3481 17316 3892 3485 17317 3891 3484 17318 3895 3494 17319 3897 3492 17320 3894 3488 17321 3893 3487 17322 3898 3490 17323 3895 3494 17324 3896 3486 17325 3899 3489 17326 3893 3487 17327 3895 3494 17328 3901 3493 17329 3897 3492 17330 3899 3489 17331 3904 3495 17332 3898 3490 17333 3900 3491 17334 3902 3497 17335 3896 3486 17336 3897 3492 17337 3902 3497 17338 3900 3491 17339 3898 3490 17340 3903 3496 17341 3901 3493 17342 3896 3486 17343 3902 3497 17344 3904 3495 17345 3907 3908 17346 3909 3907 17347 3906 3906 17348 3910 3909 17349 3905 3910 17350 3908 3905 17351 3917 3911 17352 3911 3499 17353 3915 3498 17354 3913 3501 17355 3917 3911 17356 3916 3502 17357 3912 3500 17358 3916 3502 17359 3915 3498 17360 8 8 17361 11 10 17362 15 3504 17363 15 3504 17364 6 0 17365 16 13 17366 16 13 17367 6 0 17368 12 11 17369 12 11 17370 13 12 17371 18 3507 17372 13 12 17373 10 9 17374 19 17 17375 14 3505 17376 20 18 17377 19 17 17378 20 18 17379 14 3505 17380 15 3504 17381 17 3506 17382 18 3507 17383 23 22 17384 24 16 17385 20 18 17386 21 15 17387 26 20 17388 22 19 17389 30 3508 17390 32 32 17391 24 16 17392 25 14 17393 34 3509 17394 29 24 17395 30 3508 17396 33 25 17397 34 3509 17398 38 37 17399 35 27 17400 39 30 17401 38 37 17402 39 30 17403 45 38 17404 44 36 17405 48 3510 17406 55 50 17407 59 47 17408 48 3510 17409 49 3516 17410 56 3515 17411 49 3516 17412 50 41 17413 57 40 17414 53 3511 17415 59 47 17416 58 42 17417 61 52 17418 57 40 17419 54 39 17420 70 3517 17421 63 46 17422 65 49 17423 66 3519 17424 69 3520 17425 68 51 17426 69 3520 17427 66 3519 17428 63 46 17429 70 3517 17430 67 3518 17431 72 3521 17432 67 3518 17433 64 48 17434 73 3522 17435 73 3522 17436 64 48 17437 71 53 17438 74 3523 17439 71 53 17440 68 51 17441 68 51 17442 69 3520 17443 76 56 17444 69 3520 17445 70 3517 17446 77 58 17447 77 58 17448 72 3521 17449 79 63 17450 72 3521 17451 73 3522 17452 80 64 17453 80 64 17454 73 3522 17455 74 3523 17456 74 3523 17457 75 55 17458 82 61 17459 87 66 17460 84 59 17461 91 70 17462 86 65 17463 85 62 17464 93 3524 17465 94 3525 17466 88 67 17467 89 68 17468 95 76 17469 103 75 17470 106 83 17471 100 3526 17472 106 83 17473 105 79 17474 108 82 17475 104 78 17476 102 77 17477 109 88 17478 102 77 17479 105 79 17480 131 108 17481 132 3912 17482 139 115 17483 139 115 17484 132 3912 17485 133 111 17486 137 109 17487 141 112 17488 145 122 17489 146 117 17490 144 116 17491 150 121 17492 151 119 17493 155 3530 17494 154 125 17495 155 3530 17496 151 119 17497 149 124 17498 158 3531 17499 153 123 17500 152 120 17501 157 128 17502 154 125 17503 161 3532 17504 154 125 17505 155 3530 17506 162 3534 17507 156 127 17508 163 3537 17509 162 3534 17510 159 129 17511 160 3533 17512 164 3535 17513 161 3532 17514 165 3539 17515 164 3535 17516 161 3532 17517 162 3534 17518 166 3538 17519 166 3538 17520 162 3534 17521 163 3537 17522 163 3537 17523 158 3531 17524 168 3541 17525 168 3541 17526 158 3531 17527 159 129 17528 169 3536 17529 164 3535 17530 170 3542 17531 165 3539 17532 171 3545 17533 170 3542 17534 165 3539 17535 166 3538 17536 172 3544 17537 172 3544 17538 166 3538 17539 167 3540 17540 167 3540 17541 168 3541 17542 174 3547 17543 174 3547 17544 168 3541 17545 169 3536 17546 181 134 17547 175 3543 17548 170 3542 17549 176 132 17550 170 3542 17551 171 3545 17552 171 3545 17553 172 3544 17554 178 3548 17555 172 3544 17556 173 3546 17557 179 3549 17558 174 3547 17559 180 3550 17560 179 3549 17561 175 3543 17562 181 134 17563 180 3550 17564 178 3548 17565 179 3549 17566 184 139 17567 180 3550 17568 185 137 17569 184 139 17570 183 135 17571 184 139 17572 189 138 17573 195 144 17574 190 3554 17575 197 146 17576 191 3553 17577 198 147 17578 197 146 17579 191 3553 17580 192 3556 17581 199 3555 17582 192 3556 17583 193 142 17584 200 141 17585 203 150 17586 199 3555 17587 200 141 17588 202 145 17589 208 152 17590 209 158 17591 212 154 17592 206 151 17593 203 150 17594 224 170 17595 217 161 17596 218 160 17597 224 170 17598 223 3558 17599 226 3559 17600 226 3559 17601 223 3558 17602 221 164 17603 234 174 17604 239 183 17605 238 179 17606 234 174 17607 235 181 17608 240 180 17609 244 189 17610 242 184 17611 246 186 17612 264 205 17613 265 212 17614 269 211 17615 271 216 17616 270 209 17617 273 213 17618 278 221 17619 275 215 17620 274 214 17621 277 218 17622 273 213 17623 275 215 17624 277 218 17625 278 221 17626 281 220 17627 289 230 17628 285 224 17629 291 232 17630 290 3562 17631 288 228 17632 289 230 17633 292 3561 17634 294 235 17635 293 231 17636 294 235 17637 292 3561 17638 291 232 17639 306 245 17640 307 247 17641 310 3563 17642 311 246 17643 308 244 17644 306 245 17645 334 3565 17646 328 267 17647 331 266 17648 329 264 17649 330 265 17650 336 269 17651 376 309 17652 373 306 17653 371 302 17654 372 305 17655 375 3568 17656 374 310 17657 372 305 17658 373 306 17659 376 309 17660 500 419 17661 503 428 17662 507 430 17663 519 445 17664 511 3579 17665 512 3578 17666 512 3578 17667 510 433 17668 516 441 17669 516 441 17670 510 433 17671 513 435 17672 511 3579 17673 519 445 17674 518 437 17675 516 441 17676 517 443 17677 522 442 17678 522 442 17679 520 438 17680 526 451 17681 520 438 17682 518 437 17683 527 3580 17684 538 3581 17685 539 3584 17686 549 3582 17687 546 462 17688 545 461 17689 552 468 17690 552 468 17691 557 472 17692 556 471 17693 555 469 17694 550 477 17695 561 476 17696 567 483 17697 559 474 17698 560 475 17699 560 475 17700 561 476 17701 564 3586 17702 565 479 17703 556 471 17704 557 472 17705 557 472 17706 559 474 17707 567 483 17708 570 484 17709 563 485 17710 564 3586 17711 571 3587 17712 564 3586 17713 568 480 17714 575 487 17715 570 484 17716 576 492 17717 571 3587 17718 577 496 17719 576 492 17720 571 3587 17721 572 489 17722 578 495 17723 574 488 17724 579 493 17725 578 495 17726 579 493 17727 574 488 17728 575 487 17729 594 508 17730 592 505 17731 595 507 17732 602 513 17733 599 511 17734 604 521 17735 601 517 17736 605 516 17737 606 515 17738 604 521 17739 606 515 17740 608 522 17741 607 518 17742 603 520 17743 609 519 17744 605 516 17745 607 518 17746 613 526 17747 613 526 17748 609 519 17749 610 3589 17750 608 522 17751 611 3590 17752 610 3589 17753 617 527 17754 612 523 17755 613 526 17756 632 541 17757 630 540 17758 635 544 17759 638 547 17760 639 548 17761 642 549 17762 636 546 17763 633 545 17764 640 3592 17765 640 3592 17766 633 545 17767 637 3591 17768 637 3591 17769 634 550 17770 642 549 17771 642 549 17772 639 548 17773 643 554 17774 639 548 17775 640 3592 17776 641 552 17777 643 554 17778 645 553 17779 648 563 17780 648 563 17781 645 553 17782 644 551 17783 647 556 17784 648 563 17785 654 562 17786 655 564 17787 658 565 17788 657 566 17789 661 3593 17790 666 3595 17791 665 571 17792 661 3593 17793 662 3913 17794 667 3594 17795 667 3594 17796 662 3913 17797 663 3596 17798 668 3597 17799 663 3596 17800 664 570 17801 669 569 17802 670 573 17803 672 3598 17804 670 573 17805 665 571 17806 673 575 17807 673 575 17808 665 571 17809 666 3595 17810 674 576 17811 666 3595 17812 671 3599 17813 671 3599 17814 668 3597 17815 676 579 17816 669 569 17817 677 577 17818 676 579 17819 674 576 17820 675 3600 17821 680 3601 17822 680 3601 17823 675 3600 17824 676 579 17825 685 3603 17826 688 589 17827 691 587 17828 685 3603 17829 682 580 17830 689 584 17831 697 593 17832 688 589 17833 693 3604 17834 693 3604 17835 692 588 17836 699 3606 17837 694 591 17838 695 590 17839 701 594 17840 702 599 17841 699 3606 17842 696 592 17843 719 612 17844 718 611 17845 725 618 17846 723 616 17847 721 614 17848 727 623 17849 746 638 17850 744 637 17851 749 642 17852 754 647 17853 755 646 17854 759 650 17855 759 650 17856 756 648 17857 760 651 17858 758 653 17859 759 650 17860 763 655 17861 762 656 17862 768 663 17863 767 661 17864 784 675 17865 783 673 17866 787 677 17867 782 674 17868 788 678 17869 787 677 17870 782 674 17871 784 675 17872 786 3609 17873 786 3609 17874 787 677 17875 791 680 17876 792 681 17877 788 678 17878 786 3609 17879 792 681 17880 797 688 17881 796 686 17882 798 685 17883 794 684 17884 801 691 17885 807 700 17886 804 694 17887 802 692 17888 815 3611 17889 811 703 17890 817 704 17891 812 701 17892 813 3613 17893 819 707 17894 814 3612 17895 820 708 17896 819 707 17897 814 3612 17898 815 3611 17899 821 710 17900 818 706 17901 824 715 17902 823 711 17903 837 723 17904 835 722 17905 843 730 17906 844 731 17907 845 3616 17908 852 3614 17909 845 3616 17910 846 735 17911 853 3617 17912 852 3614 17913 853 3617 17914 856 739 17915 854 737 17916 850 732 17917 859 743 17918 864 3619 17919 857 738 17920 862 740 17921 862 740 17922 858 742 17923 866 3623 17924 863 741 17925 860 3621 17926 867 746 17927 861 3622 17928 868 747 17929 867 746 17930 861 3622 17931 864 3619 17932 869 750 17933 864 3619 17934 865 3620 17935 870 3624 17936 870 3624 17937 865 3620 17938 866 3623 17939 866 3623 17940 863 741 17941 872 745 17942 873 744 17943 868 747 17944 878 751 17945 879 752 17946 877 757 17947 881 756 17948 878 751 17949 875 749 17950 882 758 17951 879 752 17952 883 760 17953 882 758 17954 899 3625 17955 892 766 17956 893 3626 17957 893 3626 17958 894 770 17959 901 777 17960 903 773 17961 900 775 17962 901 777 17963 908 783 17964 897 769 17965 898 772 17966 898 772 17967 896 767 17968 906 782 17969 905 781 17970 912 3630 17971 913 785 17972 913 785 17973 912 3630 17974 916 3628 17975 912 3630 17976 910 780 17977 917 3631 17978 914 786 17979 911 784 17980 919 3632 17981 919 3632 17982 911 784 17983 913 785 17984 916 3628 17985 917 3631 17986 922 794 17987 923 792 17988 915 787 17989 918 788 17990 918 788 17991 919 3632 17992 925 797 17993 919 3632 17994 920 3629 17995 926 790 17996 927 789 17997 921 791 17998 922 794 17999 923 792 18000 924 3633 18001 930 800 18002 930 800 18003 924 3633 18004 925 797 18005 933 799 18006 928 793 18007 929 795 18008 944 809 18009 945 3634 18010 952 821 18011 952 821 18012 949 813 18013 956 822 18014 957 3635 18015 950 815 18016 954 819 18017 957 3635 18018 960 832 18019 962 830 18020 956 822 18021 953 817 18022 962 830 18023 959 823 18024 955 820 18025 964 827 18026 968 3636 18027 963 824 18028 964 827 18029 964 827 18030 961 826 18031 970 3638 18032 976 3639 18033 966 829 18034 967 831 18035 967 831 18036 965 828 18037 972 3641 18038 968 3636 18039 973 3642 18040 972 3641 18041 968 3636 18042 969 3637 18043 974 835 18044 974 835 18045 969 3637 18046 970 3638 18047 970 3638 18048 966 829 18049 976 3639 18050 981 3643 18051 976 3639 18052 971 3640 18053 972 3641 18054 983 3646 18055 977 3644 18056 972 3641 18057 973 3642 18058 978 3645 18059 973 3642 18060 974 835 18061 979 834 18062 975 833 18063 976 3639 18064 981 3643 18065 980 837 18066 981 3643 18067 977 3644 18068 988 3647 18069 984 3650 18070 991 3648 18071 998 3651 18072 991 3648 18073 989 839 18074 994 847 18075 989 839 18076 992 838 18077 990 3649 18078 997 3652 18079 996 844 18080 990 3649 18081 991 3648 18082 998 3651 18083 998 3651 18084 994 847 18085 1001 3653 18086 1002 850 18087 997 3652 18088 998 3651 18089 999 849 18090 996 844 18091 1005 851 18092 1005 851 18093 1007 853 18094 1006 852 18095 1011 856 18096 1003 3654 18097 1001 3653 18098 1001 3653 18099 1000 846 18100 1009 854 18101 1003 3654 18102 1011 856 18103 1010 855 18104 1006 852 18105 1007 853 18106 1013 859 18107 1011 856 18108 1008 3655 18109 1015 3657 18110 1008 3655 18111 1009 854 18112 1016 3659 18113 1012 3656 18114 1017 3660 18115 1016 3659 18116 1017 3660 18117 1012 3656 18118 1013 859 18119 1019 3658 18120 1015 3657 18121 1020 861 18122 1020 861 18123 1015 3657 18124 1016 3659 18125 1016 3659 18126 1017 3660 18127 1022 865 18128 1022 865 18129 1017 3660 18130 1018 858 18131 1014 857 18132 1019 3658 18133 1024 863 18134 1036 876 18135 1037 878 18136 1042 881 18137 1040 879 18138 1038 874 18139 1045 889 18140 1045 889 18141 1038 874 18142 1041 880 18143 1043 882 18144 1044 883 18145 1047 886 18146 1051 892 18147 1054 895 18148 1052 890 18149 1053 891 18150 1057 897 18151 1058 896 18152 1056 893 18153 1052 890 18154 1058 896 18155 1056 893 18156 1059 3662 18157 1057 897 18158 1062 899 18159 1057 897 18160 1059 3662 18161 1064 903 18162 1065 904 18163 1069 3663 18164 1069 3663 18165 1065 904 18166 1066 900 18167 1081 911 18168 1078 913 18169 1080 917 18170 1082 916 18171 1084 920 18172 1083 918 18173 1085 915 18174 1081 911 18175 1083 918 18176 1084 920 18177 1085 915 18178 1091 926 18179 1090 924 18180 1091 926 18181 1095 930 18182 1100 932 18183 1101 935 18184 1104 937 18185 1105 939 18186 1107 944 18187 1106 941 18188 1123 952 18189 1116 954 18190 1117 948 18191 1117 948 18192 1113 946 18193 1122 951 18194 1137 962 18195 1131 960 18196 1136 967 18197 1144 3670 18198 1138 970 18199 1139 969 18200 1142 972 18201 1146 977 18202 1151 3671 18203 1142 972 18204 1140 971 18205 1147 978 18206 1140 971 18207 1143 974 18208 1148 981 18209 1148 981 18210 1143 974 18211 1144 3670 18212 1144 3670 18213 1145 975 18214 1150 3672 18215 1145 975 18216 1141 973 18217 1151 3671 18218 1148 981 18219 1152 980 18220 1155 976 18221 1152 980 18222 1149 979 18223 1150 3672 18224 1150 3672 18225 1151 3671 18226 1154 982 18227 1156 983 18228 1157 984 18229 1160 989 18230 1160 989 18231 1157 984 18232 1158 3673 18233 1158 3673 18234 1153 985 18235 1162 986 18236 1162 986 18237 1159 991 18238 1165 990 18239 1178 1003 18240 1174 1000 18241 1181 1010 18242 1177 1002 18243 1176 1001 18244 1182 1007 18245 1183 1008 18246 1179 1005 18247 1177 1002 18248 1180 1006 18249 1181 1010 18250 1186 1009 18251 1183 1008 18252 1184 1012 18253 1187 1011 18254 1190 1019 18255 1187 1011 18256 1188 1013 18257 1189 1015 18258 1187 1011 18259 1190 1019 18260 1201 1023 18261 1199 1021 18262 1205 3675 18263 1202 1026 18264 1206 3680 18265 1205 3675 18266 1208 1030 18267 1204 3676 18268 1211 3678 18269 1205 3675 18270 1206 3680 18271 1213 3682 18272 1213 3682 18273 1206 3680 18274 1209 3681 18275 1207 1029 18276 1215 3683 18277 1214 3684 18278 1216 1033 18279 1210 3679 18280 1211 3678 18281 1213 3682 18282 1214 3684 18283 1219 1036 18284 1222 1037 18285 1215 3683 18286 1216 1033 18287 1225 1041 18288 1223 3685 18289 1228 1042 18290 1228 1042 18291 1226 1039 18292 1230 1045 18293 1231 1044 18294 1227 1043 18295 1234 1053 18296 1229 1047 18297 1235 1050 18298 1234 1053 18299 1234 1053 18300 1235 1050 18301 1241 1055 18302 1239 1054 18303 1246 1066 18304 1245 1065 18305 1240 1056 18306 1247 1062 18307 1246 1066 18308 1262 1075 18309 1258 1068 18310 1264 3687 18311 1259 1071 18312 1265 1077 18313 1264 3687 18314 1269 3689 18315 1264 3687 18316 1265 1077 18317 1274 1087 18318 1269 3689 18319 1270 3690 18320 1270 3690 18321 1272 1082 18322 1276 1089 18323 1272 1082 18324 1268 1080 18325 1277 1091 18326 1289 1099 18327 1286 1094 18328 1292 3691 18329 1292 3691 18330 1286 1094 18331 1287 1097 18332 1290 1100 18333 1291 1101 18334 1294 1107 18335 1292 3691 18336 1295 1105 18337 1294 1107 18338 1293 1102 18339 1294 1107 18340 1300 1108 18341 1301 1110 18342 1303 1111 18343 1302 1112 18344 1303 1111 18345 1299 1109 18346 1304 1114 18347 1305 1113 18348 1302 1112 18349 1303 1111 18350 1306 1117 18351 1310 1116 18352 1308 1119 18353 1309 1120 18354 1308 1119 18355 1314 1123 18356 1322 1130 18357 1326 1137 18358 1325 1134 18359 1332 1140 18360 1327 1131 18361 1323 1133 18362 1329 1141 18363 1323 1133 18364 1324 3692 18365 1331 1136 18366 1326 1137 18367 1327 1131 18368 1329 1141 18369 1330 1143 18370 1335 1142 18371 1338 1149 18372 1334 1139 18373 1335 1142 18374 1337 1145 18375 1342 1148 18376 1339 1153 18377 1340 1146 18378 1337 1145 18379 1334 1139 18380 1338 1149 18381 1339 1153 18382 1346 1152 18383 1356 1159 18384 1354 1160 18385 1358 1165 18386 1355 1161 18387 1359 1163 18388 1358 1165 18389 1390 1198 18390 1387 1189 18391 1385 1188 18392 1385 1188 18393 1384 1193 18394 1392 1200 18395 1398 1202 18396 1393 1195 18397 1394 1194 18398 1395 3698 18399 1400 3699 18400 1399 3697 18401 1400 3699 18402 1396 1197 18403 1406 1210 18404 1406 1210 18405 1396 1197 18406 1401 1201 18407 1410 1211 18408 1404 1204 18409 1412 1213 18410 1409 1209 18411 1413 3701 18412 1411 1212 18413 1409 1209 18414 1410 1211 18415 1414 3700 18416 1416 1217 18417 1413 3701 18418 1420 1220 18419 1420 1220 18420 1413 3701 18421 1414 3700 18422 1421 1221 18423 1414 3700 18424 1415 1215 18425 1432 1229 18426 1427 1224 18427 1428 1228 18428 1442 1240 18429 1445 1244 18430 1444 1246 18431 1442 1240 18432 1439 1236 18433 1441 1238 18434 1445 1244 18435 1448 1243 18436 1451 1248 18437 1480 1277 18438 1477 1271 18439 1478 1275 18440 1480 1277 18441 1481 1281 18442 1486 1280 18443 1503 1299 18444 1501 1296 18445 1506 1308 18446 1511 1305 18447 1505 1306 18448 1506 1308 18449 1515 1310 18450 1510 1304 18451 1511 1305 18452 1521 1315 18453 1525 1323 18454 1524 1319 18455 1526 1320 18456 1528 3705 18457 1529 1322 18458 1528 3705 18459 1526 1320 18460 1524 1319 18461 1529 1322 18462 1528 3705 18463 1531 1329 18464 1527 1325 18465 1532 1324 18466 1531 1329 18467 1547 1342 18468 1545 1340 18469 1548 3706 18470 1545 1340 18471 1546 1341 18472 1550 1348 18473 1547 1342 18474 1552 1345 18475 1550 1348 18476 1557 3707 18477 1558 3709 18478 1563 1360 18479 1559 1352 18480 1564 1356 18481 1563 1360 18482 1568 1358 18483 1562 1353 18484 1563 1360 18485 1571 1362 18486 1564 1356 18487 1567 1355 18488 1576 1371 18489 1566 1354 18490 1568 1358 18491 1570 1361 18492 1566 1354 18493 1576 1371 18494 1577 1365 18495 1574 1364 18496 1580 1369 18497 1585 1373 18498 1594 1388 18499 1590 1381 18500 1592 1382 18501 1590 1381 18502 1594 1388 18503 1594 1388 18504 1591 1380 18505 1596 1385 18506 1592 1382 18507 1597 3711 18508 1596 1385 18509 1597 3711 18510 1593 1387 18511 1599 1389 18512 1597 3711 18513 1602 1395 18514 1601 1390 18515 1609 1398 18516 1607 1396 18517 1611 1404 18518 1608 1397 18519 1613 1401 18520 1611 1404 18521 1623 1413 18522 1621 1409 18523 1625 1416 18524 1620 1407 18525 1627 1414 18526 1626 3712 18527 1628 1415 18528 1631 1420 18529 1630 3713 18530 1635 1425 18531 1629 3714 18532 1630 3713 18533 1658 1447 18534 1662 3716 18535 1661 1444 18536 1670 1453 18537 1668 1452 18538 1674 1461 18539 1674 1461 18540 1678 1460 18541 1680 1463 18542 1679 3717 18543 1675 1457 18544 1671 1456 18545 1692 1472 18546 1689 1470 18547 1693 1474 18548 1695 1478 18549 1694 1476 18550 1696 1479 18551 1706 1491 18552 1703 1487 18553 1704 1488 18554 1702 1486 18555 1708 1494 18556 1707 1489 18557 1706 1491 18558 1707 1489 18559 1711 3718 18560 1708 1494 18561 1712 1493 18562 1711 3718 18563 1713 3719 18564 1711 3718 18565 1712 1493 18566 1712 1493 18567 1710 1492 18568 1715 3721 18569 1710 1492 18570 1711 3718 18571 1713 3719 18572 1719 1496 18573 1720 1499 18574 1722 1500 18575 1730 1507 18576 1725 1503 18577 1723 1502 18578 1723 1502 18579 1724 1505 18580 1729 1506 18581 1732 1509 18582 1733 1508 18583 1736 1515 18584 1734 1513 18585 1731 1512 18586 1738 1517 18587 1735 1514 18588 1732 1509 18589 1739 1519 18590 1740 1518 18591 1737 1516 18592 1743 1522 18593 1737 1516 18594 1738 1517 18595 1744 1523 18596 1739 1519 18597 1741 1520 18598 1744 1523 18599 1755 1533 18600 1747 1526 18601 1749 1525 18602 1757 1537 18603 1762 3723 18604 1761 1538 18605 1764 1539 18606 1761 1538 18607 1766 1547 18608 1766 1547 18609 1761 1538 18610 1762 3723 18611 1766 1547 18612 1767 1545 18613 1771 1548 18614 1772 1549 18615 1771 1548 18616 1769 1544 18617 1781 3724 18618 1783 1561 18619 1785 1559 18620 1781 3724 18621 1777 1553 18622 1784 1558 18623 1793 1565 18624 1794 1564 18625 1798 1572 18626 1799 1575 18627 1797 1570 18628 1805 3726 18629 1797 1570 18630 1800 1574 18631 1806 1580 18632 1805 3726 18633 1809 1584 18634 1808 1582 18635 1814 1587 18636 1807 1581 18637 1808 1582 18638 1809 1584 18639 1810 1583 18640 1814 1587 18641 1812 1586 18642 1811 1585 18643 1817 1590 18644 1813 1589 18645 1814 1587 18646 1818 3727 18647 1835 1612 18648 1829 1600 18649 1833 1606 18650 1833 1606 18651 1830 1602 18652 1837 1611 18653 1845 1617 18654 1840 1610 18655 1846 1622 18656 1846 1622 18657 1840 1610 18658 1843 1614 18659 1843 1614 18660 1841 1613 18661 1848 1619 18662 1849 1618 18663 1842 1615 18664 1845 1617 18665 1849 1618 18666 1850 3729 18667 1852 1621 18668 1858 1626 18669 1852 1621 18670 1853 1620 18671 1854 1627 18672 1857 1629 18673 1856 1625 18674 1864 1634 18675 1861 1630 18676 1859 3730 18677 1859 3730 18678 1857 1629 18679 1866 1637 18680 1866 1637 18681 1857 1629 18682 1860 1628 18683 1874 1641 18684 1878 1646 18685 1882 1654 18686 1878 1646 18687 1875 1645 18688 1883 1652 18689 1879 1647 18690 1884 3733 18691 1883 1652 18692 1879 1647 18693 1876 1644 18694 1885 1650 18695 1881 3732 18696 1887 1656 18697 1886 1651 18698 1881 3732 18699 1882 1654 18700 1888 1653 18701 1888 1653 18702 1883 1652 18703 1884 3733 18704 1884 3733 18705 1885 1650 18706 1886 1651 18707 1894 1663 18708 1887 1656 18709 1891 1655 18710 1891 1655 18711 1892 1658 18712 1896 1666 18713 1892 1658 18714 1889 1657 18715 1897 1664 18716 1890 1660 18717 1898 1661 18718 1897 1664 18719 1909 1672 18720 1906 1676 18721 1915 1681 18722 1913 1679 18723 1918 1683 18724 1917 1684 18725 1921 3735 18726 1914 1682 18727 1919 1687 18728 1921 3735 18729 1924 1688 18730 1928 1690 18731 1921 3735 18732 1922 1686 18733 1925 3737 18734 1922 1686 18735 1920 1685 18736 1927 1693 18737 1927 1693 18738 1920 1685 18739 1923 3736 18740 1940 1699 18741 1935 1698 18742 1943 1706 18743 1944 1707 18744 1947 3738 18745 1946 1709 18746 1944 1707 18747 1942 1705 18748 1948 1710 18749 1969 1731 18750 1966 1727 18751 1972 1732 18752 1989 1751 18753 1984 1747 18754 1987 1750 18755 2001 1764 18756 2004 1769 18757 2003 1766 18758 2005 1765 18759 2006 1767 18760 2011 1772 18761 2017 3739 18762 2014 1771 18763 2013 1774 18764 2017 3739 18765 2018 1778 18766 2020 1781 18767 2018 1778 18768 2015 1777 18769 2021 1780 18770 2021 1780 18771 2016 1779 18772 2017 3739 18773 2023 1784 18774 2019 1783 18775 2027 1787 18776 2024 1785 18777 2029 3741 18778 2028 1788 18779 2034 1791 18780 2038 3742 18781 2037 1797 18782 2034 1791 18783 2035 1795 18784 2039 1796 18785 2037 1797 18786 2038 3742 18787 2040 1800 18788 2040 1800 18789 2038 3742 18790 2039 1796 18791 2043 3743 18792 2040 1800 18793 2046 1805 18794 2052 1809 18795 2048 1803 18796 2049 1806 18797 2051 1808 18798 2052 1809 18799 2055 3745 18800 2055 3745 18801 2052 1809 18802 2053 3744 18803 2054 1810 18804 2055 3745 18805 2060 1814 18806 2072 3746 18807 2066 1822 18808 2067 1827 18809 2074 1828 18810 2068 1821 18811 2070 1820 18812 2073 1826 18813 2069 1824 18814 2071 1823 18815 2074 1828 18816 2075 3747 18817 2077 3748 18818 2075 3747 18819 2072 3746 18820 2078 1830 18821 2079 1829 18822 2073 1826 18823 2074 1828 18824 2092 3749 18825 2088 1838 18826 2089 1835 18827 12 11 18828 9 6 18829 7 4 18830 2120 1867 18831 2117 1865 18832 2121 1871 18833 2119 1868 18834 2120 1867 18835 2123 3751 18836 2123 3751 18837 2121 1871 18838 2126 1876 18839 2130 1879 18840 2127 3752 18841 2126 1876 18842 2127 3752 18843 2130 1879 18844 2129 1877 18845 2129 1877 18846 2130 1879 18847 2133 1878 18848 2135 3753 18849 2138 3756 18850 2137 3754 18851 2138 3756 18852 2135 3753 18853 2136 3757 18854 2139 3758 18855 2136 3757 18856 2134 3755 18857 2144 1883 18858 2150 1895 18859 2153 1897 18860 2149 1891 18861 2147 1885 18862 2153 1897 18863 2152 1893 18864 2153 1897 18865 2157 1896 18866 2157 1896 18867 2150 1895 18868 2159 1904 18869 2159 1904 18870 2150 1895 18871 2155 1898 18872 2154 1894 18873 2161 1906 18874 2160 1905 18875 2182 1923 18876 2176 3762 18877 2177 3759 18878 2177 3759 18879 2178 3764 18880 2184 1919 18881 2183 3760 18882 2184 1919 18883 2187 3763 18884 2191 1924 18885 2195 1932 18886 2198 1934 18887 2192 1927 18888 2197 1931 18889 2196 1936 18890 2194 1929 18891 2198 1934 18892 2200 1933 18893 2203 3765 18894 2200 1933 18895 2195 1932 18896 2205 3766 18897 2202 1938 18898 2204 1939 18899 2239 3767 18900 2237 1971 18901 2243 1975 18902 2246 1977 18903 2245 1976 18904 2252 3769 18905 2252 3769 18906 2245 1976 18907 2247 1978 18908 2254 1984 18909 2250 1983 18910 2257 1985 18911 2263 1993 18912 2261 1992 18913 2264 3770 18914 2270 1997 18915 2266 1998 18916 2264 3770 18917 2268 2000 18918 2264 3770 18919 2265 1994 18920 2282 2010 18921 2276 3772 18922 2277 2005 18923 2292 3773 18924 2293 2020 18925 2295 2024 18926 2295 2024 18927 2293 2020 18928 2291 2019 18929 2291 2019 18930 2294 2021 18931 2297 3774 18932 2292 3773 18933 2298 2023 18934 2297 3774 18935 2302 3775 18936 2297 3774 18937 2298 2023 18938 2303 2030 18939 2300 2022 18940 2299 2026 18941 2304 2028 18942 2299 2026 18943 2301 2025 18944 2302 3775 18945 2306 2033 18946 2305 2032 18947 2302 3775 18948 2300 2022 18949 2303 2030 18950 2323 2053 18951 2320 2043 18952 2327 2050 18953 2335 3776 18954 2338 2060 18955 2342 2063 18956 2355 2078 18957 2350 2072 18958 2351 2071 18959 2354 2075 18960 2355 2078 18961 2356 2077 18962 2361 2082 18963 2356 2077 18964 2357 2079 18965 2357 2079 18966 2358 2081 18967 2360 2083 18968 2370 2089 18969 2371 2098 18970 2374 2097 18971 2372 2096 18972 2377 2100 18973 2373 2095 18974 2376 2099 18975 2378 2103 18976 2377 2100 18977 2376 2099 18978 2373 2095 18979 2379 2101 18980 2403 2127 18981 2407 2126 18982 2406 3778 18983 2405 2128 18984 2402 3779 18985 2406 3778 18986 2409 2132 18987 2410 3914 18988 2414 3780 18989 2414 3780 18990 2410 3914 18991 2411 2134 18992 2416 2137 18993 2417 3782 18994 2420 3781 18995 2417 3782 18996 2418 2136 18997 2421 3783 18998 2432 2148 18999 2428 2144 19000 2426 2138 19001 2428 2144 19002 2432 2148 19003 2427 2143 19004 2427 2143 19005 2433 2149 19006 2431 2147 19007 2435 3784 19008 2433 2149 19009 2432 2148 19010 2451 2166 19011 2458 3786 19012 2457 2170 19013 2455 2169 19014 2456 2171 19015 2459 2172 19016 2458 3786 19017 2455 2169 19018 2461 2177 19019 2464 2176 19020 2462 2175 19021 2466 2180 19022 2462 2175 19023 2463 2174 19024 2467 2178 19025 2464 2176 19026 2465 2181 19027 2467 2178 19028 2468 2179 19029 2471 2183 19030 2470 2184 19031 2481 2198 19032 2476 2191 19033 2477 2189 19034 2490 3787 19035 2491 3790 19036 2494 3788 19037 2491 3790 19038 2492 3792 19039 2495 3791 19040 2492 3792 19041 2490 3787 19042 2493 3789 19043 2506 3793 19044 2503 2211 19045 2504 3794 19046 2502 2210 19047 2505 2209 19048 2507 3795 19049 2518 2230 19050 2512 2216 19051 2514 2215 19052 2513 2213 19053 2520 2223 19054 2519 2232 19055 2513 2213 19056 2515 2218 19057 2521 2224 19058 2517 2221 19059 2516 2219 19060 2523 2225 19061 2522 2227 19062 2525 2226 19063 2524 2222 19064 2518 2230 19065 2519 2232 19066 2528 2231 19067 2528 2231 19068 2520 2223 19069 2529 3796 19070 2527 2229 19071 2530 3797 19072 2531 2233 19073 2529 3796 19074 2524 2222 19075 2525 2226 19076 2546 3798 19077 2539 2237 19078 2540 2240 19079 2540 2240 19080 2537 2235 19081 2544 2249 19082 2546 3798 19083 2543 2248 19084 2551 3800 19085 2548 2246 19086 2546 3798 19087 2553 2251 19088 2549 3801 19089 2555 3802 19090 2554 2250 19091 2551 3800 19092 2556 2258 19093 2559 2252 19094 2551 3800 19095 2550 2247 19096 2557 2255 19097 2555 3802 19098 2552 2253 19099 2559 2252 19100 2564 2266 19101 2557 2255 19102 2560 2254 19103 2560 2254 19104 2558 2256 19105 2566 2263 19106 2575 2269 19107 2579 2274 19108 2578 2271 19109 2577 2268 19110 2576 2276 19111 2582 3803 19112 2580 2275 19113 2583 2284 19114 2582 3803 19115 2603 2296 19116 2602 2295 19117 2605 2297 19118 2625 2324 19119 2626 2326 19120 2632 2325 19121 2636 2334 19122 2629 3805 19123 2624 2323 19124 2630 2319 19125 2635 2331 19126 2634 2328 19127 2630 2319 19128 2629 3805 19129 2636 2334 19130 2642 2338 19131 2633 2327 19132 2638 2330 19133 2647 2341 19134 2645 2340 19135 2652 2346 19136 2654 3806 19137 2648 2342 19138 2650 2344 19139 2651 2345 19140 2652 2346 19141 2656 2348 19142 2660 2350 19143 2664 2355 19144 2667 2362 19145 2667 2362 19146 2664 2355 19147 2661 2354 19148 2669 3808 19149 2663 2352 19150 2671 2365 19151 2673 2366 19152 2671 2365 19153 2676 2364 19154 2675 2367 19155 2673 2366 19156 2679 3809 19157 2679 3809 19158 2676 2364 19159 2680 2373 19160 2677 2368 19161 2681 2374 19162 2680 2373 19163 2677 2368 19164 2674 2363 19165 2683 2370 19166 2693 3811 19167 2688 3816 19168 2695 3812 19169 2688 3816 19170 2689 2379 19171 2696 2378 19172 2697 2382 19173 2691 3815 19174 2692 3817 19175 2693 3811 19176 2699 3813 19177 2698 3818 19178 2695 3812 19179 2696 2378 19180 2701 2380 19181 2698 3818 19182 2703 3820 19183 2702 2381 19184 2708 2383 19185 2709 2387 19186 2714 2392 19187 2710 2389 19188 2706 2390 19189 2715 2394 19190 2757 2433 19191 2758 2435 19192 2761 2436 19193 2762 2441 19194 2756 2432 19195 2754 2431 19196 2767 2440 19197 2769 2443 19198 2772 2447 19199 2780 2455 19200 2787 3824 19201 2786 2465 19202 2786 2465 19203 2787 3824 19204 2789 2461 19205 2792 2469 19206 2793 3915 19207 2801 3825 19208 2801 3825 19209 2793 3915 19210 2794 2475 19211 2798 2470 19212 2797 2466 19213 2803 2478 19214 2806 2482 19215 2801 3825 19216 2802 2474 19217 2802 2474 19218 2799 2471 19219 2808 3826 19220 2810 2483 19221 2808 3826 19222 2804 2477 19223 2806 2482 19224 2807 2485 19225 2813 2484 19226 2823 2495 19227 2826 2498 19228 2824 2496 19229 2840 3827 19230 2842 2511 19231 2841 2513 19232 2859 2530 19233 2854 2525 19234 2856 2528 19235 2867 2541 19236 2868 2537 19237 2873 2547 19238 2871 2544 19239 2874 2543 19240 2873 2547 19241 2870 2540 19242 2867 2541 19243 2876 2550 19244 2887 2552 19245 2880 2551 19246 2881 2558 19247 2901 2572 19248 2902 2573 19249 2908 2583 19250 2942 2613 19251 2939 2609 19252 2945 2610 19253 2950 3831 19254 2954 2624 19255 2953 2620 19256 2953 2620 19257 2958 2623 19258 2957 2629 19259 2956 2625 19260 2955 2621 19261 2960 2628 19262 2959 2626 19263 2960 2628 19264 2962 2627 19265 2976 3832 19266 2973 3837 19267 2971 3833 19268 2974 3834 19269 2971 3833 19270 2972 3835 19271 2973 3837 19272 2976 3832 19273 2975 3836 19274 2985 2648 19275 2989 2652 19276 2988 2650 19277 2991 2653 19278 2992 2651 19279 2995 2656 19280 2997 2659 19281 2994 2655 19282 2996 2658 19283 3000 2660 19284 2997 2659 19285 3001 2662 19286 3003 2664 19287 3007 2668 19288 3006 3838 19289 3015 2676 19290 3021 2682 19291 3020 2680 19292 3015 2676 19293 3017 2672 19294 3022 2679 19295 3024 2685 19296 3021 2682 19297 3027 3840 19298 3044 2701 19299 3050 2706 19300 3049 2708 19301 3059 3844 19302 3056 2709 19303 3058 2713 19304 3058 2713 19305 3057 2711 19306 3061 3845 19307 3056 2709 19308 3059 3844 19309 3061 3845 19310 3059 3844 19311 3060 2716 19312 3064 2715 19313 3062 2714 19314 3061 3845 19315 3059 3844 19316 3071 2722 19317 3072 2725 19318 3076 3846 19319 3084 2735 19320 3082 2734 19321 3088 2739 19322 3110 2763 19323 3107 2756 19324 3112 2764 19325 3116 2768 19326 3114 2766 19327 3121 2770 19328 3118 2769 19329 3117 2772 19330 3124 2776 19331 3124 2776 19332 3119 2771 19333 3120 2774 19334 3126 2778 19335 3127 2779 19336 3131 3847 19337 3163 2813 19338 3162 2810 19339 3168 2818 19340 3169 2822 19341 3166 2816 19342 3164 2814 19343 3169 2822 19344 3167 2817 19345 3171 2819 19346 3171 2819 19347 3168 2818 19348 3175 2826 19349 3174 2829 19350 3181 2830 19351 3183 2831 19352 3187 2842 19353 3188 2839 19354 3193 3849 19355 3193 3849 19356 3188 2839 19357 3190 2838 19358 3194 2843 19359 3189 2837 19360 3191 2841 19361 3196 2844 19362 3192 2840 19363 3193 3849 19364 3193 3849 19365 3194 2843 19366 3198 2847 19367 3204 2851 19368 3203 2852 19369 3206 2858 19370 3202 2850 19371 3205 2853 19372 3208 2855 19373 3211 2862 19374 3214 2861 19375 3213 2863 19376 3228 2877 19377 3230 2879 19378 3231 2880 19379 3233 3850 19380 3229 2878 19381 3231 2880 19382 3236 2881 19383 3233 3850 19384 3238 2885 19385 3243 2888 19386 3241 2887 19387 3247 2892 19388 3244 2890 19389 3246 3852 19390 3250 3853 19391 3267 3854 19392 3265 3858 19393 3268 3855 19394 3265 3858 19395 3266 3860 19396 3269 3859 19397 3266 3860 19398 3267 3854 19399 3270 3856 19400 3271 3861 19401 3272 3864 19402 3275 3862 19403 3272 3864 19404 3273 3866 19405 3276 3865 19406 3273 3866 19407 3271 3861 19408 3274 3863 19409 3279 2913 19410 3277 2910 19411 3283 2915 19412 3300 2935 19413 3298 2929 19414 3303 2931 19415 3303 2931 19416 3301 2932 19417 3308 2938 19418 3303 2931 19419 3307 2940 19420 3305 2936 19421 3314 2943 19422 3316 2947 19423 3317 2948 19424 3324 2952 19425 3318 2954 19426 3319 2949 19427 3333 2962 19428 3337 2967 19429 3338 2968 19430 3339 2970 19431 3334 2964 19432 3336 2966 19433 3378 3006 19434 3375 3005 19435 3381 3009 19436 3389 3019 19437 3388 3016 19438 3386 3012 19439 3394 3021 19440 3396 3023 19441 3395 3024 19442 3398 3027 19443 3399 3031 19444 3402 3870 19445 3418 3871 19446 3423 3873 19447 3422 3048 19448 3418 3871 19449 3417 3043 19450 3424 3049 19451 3425 3050 19452 3422 3048 19453 3423 3873 19454 3423 3873 19455 3424 3049 19456 3428 3051 19457 3432 3874 19458 3426 3052 19459 3429 3053 19460 3460 3082 19461 3463 3086 19462 3461 3084 19463 3466 3089 19464 3464 3087 19465 3467 3091 19466 3466 3089 19467 3470 3093 19468 3469 3096 19469 3468 3090 19470 3472 3877 19471 3471 3092 19472 3471 3092 19473 3472 3877 19474 3476 3099 19475 3474 3094 19476 3471 3092 19477 3475 3876 19478 3475 3876 19479 3476 3099 19480 3479 3098 19481 3480 3100 19482 3477 3097 19483 3475 3876 19484 3480 3100 19485 3482 3102 19486 3481 3103 19487 3490 3108 19488 3491 3110 19489 3494 3117 19490 3494 3117 19491 3491 3110 19492 3489 3112 19493 3510 3129 19494 3515 3135 19495 3514 3134 19496 3546 3168 19497 3549 3167 19498 3548 3169 19499 3551 3176 19500 3552 3879 19501 3559 3180 19502 3552 3879 19503 3553 3178 19504 3560 3177 19505 3560 3177 19506 3556 3172 19507 3562 3187 19508 3556 3172 19509 3555 3171 19510 3563 3181 19511 3558 3174 19512 3569 3185 19513 3565 3183 19514 3558 3174 19515 3559 3180 19516 3564 3182 19517 3561 3179 19518 3562 3187 19519 3568 3186 19520 3563 3181 19521 3565 3183 19522 3569 3185 19523 3568 3186 19524 3569 3185 19525 3571 3189 19526 3573 3192 19527 3570 3190 19528 3571 3189 19529 3581 3202 19530 3585 3201 19531 3584 3203 19532 3592 3880 19533 3589 3916 19534 3586 3207 19535 3588 3208 19536 3589 3916 19537 3592 3880 19538 3601 3218 19539 3596 3210 19540 3602 3221 19541 3602 3221 19542 3596 3210 19543 3599 3213 19544 3599 3213 19545 3597 3214 19546 3604 3882 19547 3600 3216 19548 3609 3224 19549 3604 3882 19550 3600 3216 19551 3598 3215 19552 3605 3222 19553 3605 3222 19554 3598 3215 19555 3601 3218 19556 3603 3881 19557 3608 3226 19558 3607 3219 19559 3603 3881 19560 3604 3882 19561 3609 3224 19562 3605 3222 19563 3606 3220 19564 3607 3219 19565 3617 3234 19566 3621 3233 19567 3620 3235 19568 3629 3883 19569 3625 3884 19570 3622 3239 19571 3650 3263 19572 3648 3262 19573 3657 3270 19574 3660 3278 19575 3655 3269 19576 3652 3265 19577 3652 3265 19578 3654 3266 19579 3659 3272 19580 3669 3284 19581 3672 3283 19582 3671 3285 19583 3684 3296 19584 3686 3299 19585 3685 3301 19586 3687 3295 19587 3685 3301 19588 3689 3300 19589 3690 3305 19590 3689 3300 19591 3693 3302 19592 3703 3316 19593 3700 3312 19594 3701 3309 19595 3710 3324 19596 3711 3321 19597 3714 3886 19598 3735 3888 19599 3732 3341 19600 3730 3340 19601 3730 3340 19602 3731 3342 19603 3734 3345 19604 3734 3345 19605 3731 3342 19606 3732 3341 19607 3735 3888 19608 3733 3344 19609 3736 3349 19610 3739 3352 19611 3736 3349 19612 3741 3348 19613 3747 3358 19614 3743 3350 19615 3741 3348 19616 3744 3353 19617 3746 3357 19618 3745 3354 19619 3744 3353 19620 3743 3350 19621 3747 3358 19622 3755 3362 19623 3756 3359 19624 3758 3367 19625 3763 3370 19626 3759 3366 19627 3760 3368 19628 3767 3375 19629 3768 3376 19630 3770 3378 19631 3781 3390 19632 3779 3383 19633 3784 3393 19634 3782 3388 19635 3783 3391 19636 3780 3389 19637 3793 3400 19638 3789 3890 19639 3787 3394 19640 3802 3891 19641 3800 3405 19642 3805 3409 19643 3800 3405 19644 3803 3407 19645 3806 3410 19646 3799 3406 19647 3807 3413 19648 3806 3410 19649 3802 3891 19650 3808 3894 19651 3807 3413 19652 3826 3425 19653 3827 3429 19654 3831 3432 19655 3834 3433 19656 3832 3431 19657 3837 3437 19658 3844 3444 19659 3842 3443 19660 3848 3448 19661 3856 3897 19662 3859 3900 19663 3861 3898 19664 3859 3900 19665 3856 3897 19666 3857 3901 19667 3860 3902 19668 3857 3901 19669 3858 3899 19670 3873 3468 19671 3870 3466 19672 3875 3473 19673 3876 3469 19674 3872 3467 19675 3878 3470 19676 3877 3903 19677 3880 3904 19678 3879 3471 19679 3908 3905 19680 3905 3910 19681 3906 3906 19682 3907 3908 19683 3910 3909 19684 3909 3907 19685 3910 3909 19686 3907 3908 19687 3905 3910 19688 3917 3911 19689 3914 3917 19690 3911 3499 19691 3913 3501 19692 3914 3917 19693 3917 3911 19694</p>
        </triangles>
      </mesh>
    </geometry>
  </library_geometries>
  <library_visual_scenes>
    <visual_scene id="Scene" name="Scene">
      <node id="tree" name="tree" type="NODE">
        <matrix sid="transform">1 0 0 0 0 1 0 0 0 0 1 0 0 0 0 1</matrix>
        <instance_geometry url="#tree-mesh" name="tree"/>
      </node>
    </visual_scene>
  </library_visual_scenes>
  <scene>
    <instance_visual_scene url="#Scene"/>
  </scene>
</COLLADA>